portal_shelter_id,municipality_code,municipality,shelter_name,address,portal_latitude,portal_longitude,portal_capacity_persons,portal_capacity_raw,capacity_source,capacity_acquired_at_jst,capacity_match_key,capacity_parse_status,source_url
00000264,431001,熊本市,TKUプラザ,熊本県熊本市北区徳王1丁目8-1,32.83955795,130.70778,,0,kumamoto_portal_map,2026-07-31T09:37:38+09:00,6cfe41cbe121b174c3225856,missing_zero,https://portal.bousai.pref.kumamoto.jp/data/shelter/shelter.json
00000080,431001,熊本市,くまもと森都心プラザ,熊本県熊本市西区春日1丁目14-1,32.790332,130.691065,,0,kumamoto_portal_map,2026-07-31T09:37:38+09:00,014a4f62daa79dc83e1beedc,missing_zero,https://portal.bousai.pref.kumamoto.jp/data/shelter/shelter.json
00000135,431001,熊本市,アクアドームくまもと,熊本県熊本市南区荒尾2丁目1-1,32.763295,130.667863,,0,kumamoto_portal_map,2026-07-31T09:37:38+09:00,0073822945408f564f226cd9,missing_zero,https://portal.bousai.pref.kumamoto.jp/data/shelter/shelter.json
00000124,431001,熊本市,アスパル富合(富合公民館),熊本県熊本市南区富合町清藤400,32.71606,130.677994,,0,kumamoto_portal_map,2026-07-31T09:37:38+09:00,b5a698d64c41fc0db2701a92,missing_zero,https://portal.bousai.pref.kumamoto.jp/data/shelter/shelter.json
00000017,431001,熊本市,サンライフ熊本,熊本県熊本市中央区黒髪3丁目3-12,32.819851,130.720212,,0,kumamoto_portal_map,2026-07-31T09:37:38+09:00,054a2aa77ca6f3f884e5eea2,missing_zero,https://portal.bousai.pref.kumamoto.jp/data/shelter/shelter.json
00000005,431001,熊本市,一新小学校,熊本県熊本市中央区新町3丁目10-45,32.802454,130.6947555,,0,kumamoto_portal_map,2026-07-31T09:37:38+09:00,ca4cd8c29ee748af7607906e,missing_zero,https://portal.bousai.pref.kumamoto.jp/data/shelter/shelter.json
00000074,431001,熊本市,三和中学校,熊本県熊本市西区上高橋1丁目4-1,32.785596,130.665001,,0,kumamoto_portal_map,2026-07-31T09:37:38+09:00,453536992ca6ef4ea8bcc4af,missing_zero,https://portal.bousai.pref.kumamoto.jp/data/shelter/shelter.json
00000139,431001,熊本市,下益城城南中学校,熊本県熊本市南区城南町宮地1020番地1,32.709992,130.729304,,0,kumamoto_portal_map,2026-07-31T09:37:38+09:00,9982f1c0084a8b597e484664,missing_zero,https://portal.bousai.pref.kumamoto.jp/data/shelter/shelter.json
00000031,431001,熊本市,中央公民館,熊本県熊本市中央区草葉町5-1,32.804634,130.715374,,0,kumamoto_portal_map,2026-07-31T09:37:38+09:00,b4c03586d4c3e0b338d1110b,missing_zero,https://portal.bousai.pref.kumamoto.jp/data/shelter/shelter.json
00000238,431001,熊本市,中島中央公園,熊本市西区中島町字直氏383-3外,32.76687079,130.6274132,,0,kumamoto_portal_map,2026-07-31T09:37:38+09:00,217305a50eeaf437c2b4065c,missing_zero,https://portal.bousai.pref.kumamoto.jp/data/shelter/shelter.json
00000091,431001,熊本市,中島小学校,熊本県熊本市西区中島町538,32.766652,130.629004,,0,kumamoto_portal_map,2026-07-31T09:37:38+09:00,45d866120224d4d995d14dc9,missing_zero,https://portal.bousai.pref.kumamoto.jp/data/shelter/shelter.json
00000125,431001,熊本市,中緑小学校,熊本県熊本市南区美登里町800,32.73085,130.660197,,0,kumamoto_portal_map,2026-07-31T09:37:38+09:00,06da00d075a9d74fe9bbef96,missing_zero,https://portal.bousai.pref.kumamoto.jp/data/shelter/shelter.json
00002251,431001,熊本市,九州動物学院【ペット避難場所】,熊本県熊本市中央区本荘6丁目16-34,32.7922059,130.7046784,,0,kumamoto_portal_map,2026-07-31T09:37:38+09:00,87b0422c3ca14a64a996a856,missing_zero,https://portal.bousai.pref.kumamoto.jp/data/shelter/shelter.json
00000201,431001,熊本市,九州学院高校,熊本県熊本市中央区大江5丁目2-1,32.797762,130.721107,,0,kumamoto_portal_map,2026-07-31T09:37:38+09:00,79740eecd1fa85ed677f5ed6,missing_zero,https://portal.bousai.pref.kumamoto.jp/data/shelter/shelter.json
00000199,431001,熊本市,二の丸広場,熊本県熊本市中央区二の丸2,32.807899,130.701922,,0,kumamoto_portal_map,2026-07-31T09:37:38+09:00,22c6f6eb34cf9d1dcbe9b880,missing_zero,https://portal.bousai.pref.kumamoto.jp/data/shelter/shelter.json
00000059,431001,熊本市,二岡中学校,熊本県熊本市東区戸島3丁目15-2,32.823597,130.792482,,0,kumamoto_portal_map,2026-07-31T09:37:38+09:00,b4e07485d47dee155d60750c,missing_zero,https://portal.bousai.pref.kumamoto.jp/data/shelter/shelter.json
00000024,431001,熊本市,五福交流室・公民館,熊本県熊本市中央区細工町2丁目25,32.795862,130.695731,,0,kumamoto_portal_map,2026-07-31T09:37:38+09:00,ff5b8b9f87914cf3b71a9533,missing_zero,https://portal.bousai.pref.kumamoto.jp/data/shelter/shelter.json
00000023,431001,熊本市,五福小学校,熊本県熊本市中央区細工町2丁目25,32.79587694,130.6960173,,0,kumamoto_portal_map,2026-07-31T09:37:38+09:00,86b835b7b1a71e2fceed3232,missing_zero,https://portal.bousai.pref.kumamoto.jp/data/shelter/shelter.json
00000144,431001,熊本市,五霊中学校,熊本県熊本市北区植木町一木163番地,32.904974,130.690136,,0,kumamoto_portal_map,2026-07-31T09:37:38+09:00,a27df99b9ad45c4786a81aef,missing_zero,https://portal.bousai.pref.kumamoto.jp/data/shelter/shelter.json
00000072,431001,熊本市,井芹中学校,熊本県熊本市西区上熊本3丁目27-1,32.821176,130.698525,,0,kumamoto_portal_map,2026-07-31T09:37:38+09:00,7aab2fd6844fe2c91c23c4f7,missing_zero,https://portal.bousai.pref.kumamoto.jp/data/shelter/shelter.json
00000022,431001,熊本市,京陵中学校,熊本県熊本市中央区京町本丁1-14,32.817232,130.704358,,0,kumamoto_portal_map,2026-07-31T09:37:38+09:00,6ceba53f68a59e599d350aa7,missing_zero,https://portal.bousai.pref.kumamoto.jp/data/shelter/shelter.json
00000265,431001,熊本市,今熊公園,熊本市北区立福寺町91-2,32.86501263,130.6849466,,0,kumamoto_portal_map,2026-07-31T09:37:38+09:00,f2c296595c0b195c500f941c,missing_zero,https://portal.bousai.pref.kumamoto.jp/data/shelter/shelter.json
00000288,431001,熊本市,代継橋下流左右岸,熊本県熊本市中央区本荘3・5丁目,32.7957056,130.7069434,,0,kumamoto_portal_map,2026-07-31T09:37:38+09:00,b1590245dba1fc163a9e71b1,missing_zero,https://portal.bousai.pref.kumamoto.jp/data/shelter/shelter.json
00000228,431001,熊本市,保田窪公園,熊本市東区保田窪本町24,32.81166229,130.7464348,,0,kumamoto_portal_map,2026-07-31T09:37:38+09:00,25dbcb47f6e338c1f6a36de9,missing_zero,https://portal.bousai.pref.kumamoto.jp/data/shelter/shelter.json
00000047,431001,熊本市,健軍小学校,熊本県熊本市東区健軍2丁目25-56,32.784152,130.752272,,0,kumamoto_portal_map,2026-07-31T09:37:38+09:00,f3a09d86ae417305bbbd3dba,missing_zero,https://portal.bousai.pref.kumamoto.jp/data/shelter/shelter.json
00000070,431001,熊本市,健軍文化ホール,熊本県熊本市東区若葉3丁目5-11,32.77516,130.76208,,0,kumamoto_portal_map,2026-07-31T09:37:38+09:00,5e920614519d005e17e1e079,missing_zero,https://portal.bousai.pref.kumamoto.jp/data/shelter/shelter.json
00000049,431001,熊本市,健軍東小学校,熊本県熊本市東区東町4丁目15-2,32.783014,130.764854,,0,kumamoto_portal_map,2026-07-31T09:37:38+09:00,d89dfc0b272a8bc329f60700,missing_zero,https://portal.bousai.pref.kumamoto.jp/data/shelter/shelter.json
00000261,431001,熊本市,八景水谷公園,熊本市北区八景水谷1丁目7外,32.84593142,130.7222872,,0,kumamoto_portal_map,2026-07-31T09:37:38+09:00,a64933565437cf9947fbf7bb,missing_zero,https://portal.bousai.pref.kumamoto.jp/data/shelter/shelter.json
00000216,431001,熊本市,八王寺中央公園,熊本県熊本市中央区八王寺町50,32.78101258,130.7171884,,0,kumamoto_portal_map,2026-07-31T09:37:38+09:00,0cad602ac6d7d216ac028acf,missing_zero,https://portal.bousai.pref.kumamoto.jp/data/shelter/shelter.json
00000003,431001,熊本市,出水中学校,熊本県熊本市中央区出水5丁目3-1,32.783652,130.726663,,0,kumamoto_portal_map,2026-07-31T09:37:38+09:00,da673f820a552188d2b93f22,missing_zero,https://portal.bousai.pref.kumamoto.jp/data/shelter/shelter.json
00000004,431001,熊本市,出水南中学校,熊本県熊本市中央区出水7丁目86-1,32.775034,130.72784,,0,kumamoto_portal_map,2026-07-31T09:37:38+09:00,39f668b94e1c0f128246f9e3,missing_zero,https://portal.bousai.pref.kumamoto.jp/data/shelter/shelter.json
00000002,431001,熊本市,出水南小学校,熊本県熊本市中央区出水4丁目1-1,32.78318,130.730496,,0,kumamoto_portal_map,2026-07-31T09:37:38+09:00,196e60fa047d656853943bc3,missing_zero,https://portal.bousai.pref.kumamoto.jp/data/shelter/shelter.json
00000001,431001,熊本市,出水小学校,熊本県熊本市中央区出水1丁目1-75,32.78901200000001,130.731218,,0,kumamoto_portal_map,2026-07-31T09:37:38+09:00,39f2747c1bd530170773e933,missing_zero,https://portal.bousai.pref.kumamoto.jp/data/shelter/shelter.json
00000253,431001,熊本市,刈草中央公園,熊本市南区刈草2丁目1,32.7616714,130.6820828,,0,kumamoto_portal_map,2026-07-31T09:37:38+09:00,8414eb3c90be3ed006eb5ab7,missing_zero,https://portal.bousai.pref.kumamoto.jp/data/shelter/shelter.json
00000132,431001,熊本市,力合中学校,熊本県熊本市南区島町5丁目8-1,32.761535,130.677843,,0,kumamoto_portal_map,2026-07-31T09:37:38+09:00,afd6924a85718fb8cb0433fd,missing_zero,https://portal.bousai.pref.kumamoto.jp/data/shelter/shelter.json
00000131,431001,熊本市,力合小学校,熊本県熊本市南区刈草2丁目10-1,32.757976,130.681309,,0,kumamoto_portal_map,2026-07-31T09:37:38+09:00,7957a039e96f7ef4af53e630,missing_zero,https://portal.bousai.pref.kumamoto.jp/data/shelter/shelter.json
00000133,431001,熊本市,力合西小学校,熊本県熊本市南区荒尾1丁目11-1,32.763786,130.671626,,0,kumamoto_portal_map,2026-07-31T09:37:38+09:00,f0cf0093920c2dffda771296,missing_zero,https://portal.bousai.pref.kumamoto.jp/data/shelter/shelter.json
00000174,431001,熊本市,勤労青少年ホーム,熊本県熊本市北区鶴羽田2丁目13-10,32.86192,130.72459,,0,kumamoto_portal_map,2026-07-31T09:37:38+09:00,e0409e84bf3a5b9c172c1e90,missing_zero,https://portal.bousai.pref.kumamoto.jp/data/shelter/shelter.json
00000146,431001,熊本市,北部まちづくりセンター・公民館,熊本県熊本市北区鹿子木町66,32.87002566,130.702974,,0,kumamoto_portal_map,2026-07-31T09:37:38+09:00,2ff1ec8c80b8e951144ba1c2,missing_zero,https://portal.bousai.pref.kumamoto.jp/data/shelter/shelter.json
00000148,431001,熊本市,北部中学校,熊本県熊本市北区鹿子木町1,32.868005,130.703052,,0,kumamoto_portal_map,2026-07-31T09:37:38+09:00,043efc75f243cf28206d337b,missing_zero,https://portal.bousai.pref.kumamoto.jp/data/shelter/shelter.json
00000266,431001,熊本市,北部公園,熊本市北区下硯川町416-2,32.86538693,130.7039916,,0,kumamoto_portal_map,2026-07-31T09:37:38+09:00,830a96537c88b60250841b19,missing_zero,https://portal.bousai.pref.kumamoto.jp/data/shelter/shelter.json
00000173,431001,熊本市,北部東小学校,熊本県熊本市北区鶴羽田2丁目7-1,32.860339,130.723523,,0,kumamoto_portal_map,2026-07-31T09:37:38+09:00,ae16858b2ae93f484e829d62,missing_zero,https://portal.bousai.pref.kumamoto.jp/data/shelter/shelter.json
00000113,431001,熊本市,南部まちづくりセンター・公民館,熊本県熊本市南区南高江6丁目7-35,32.74843074,130.6863356,,0,kumamoto_portal_map,2026-07-31T09:37:38+09:00,c8f305f17eee2316508160a0,missing_zero,https://portal.bousai.pref.kumamoto.jp/data/shelter/shelter.json
00000134,431001,熊本市,南部総合スポーツセンター,熊本県熊本市南区白藤5丁目2-1,32.755259,130.673502,,0,kumamoto_portal_map,2026-07-31T09:37:38+09:00,a3aa99bb2b2cdabf332509ab,missing_zero,https://portal.bousai.pref.kumamoto.jp/data/shelter/shelter.json
00000094,431001,熊本市,古町小学校,熊本県熊本市西区二本木4丁目9-65,32.782207,130.689749,,0,kumamoto_portal_map,2026-07-31T09:37:38+09:00,7a4672fc16698ded3fbd8c6c,missing_zero,https://portal.bousai.pref.kumamoto.jp/data/shelter/shelter.json
00000235,431001,熊本市,古荘公園,熊本市西区島崎5丁目15,32.81376164,130.6802763,,0,kumamoto_portal_map,2026-07-31T09:37:38+09:00,0453ef4348467a9c2dcc5f9d,missing_zero,https://portal.bousai.pref.kumamoto.jp/data/shelter/shelter.json
00000269,431001,熊本市,吉松スポーツ公園,熊本市北区植木町亀甲464,32.93460086,130.7036294,,0,kumamoto_portal_map,2026-07-31T09:37:38+09:00,b1c86e2c3a7ca80c89347642,missing_zero,https://portal.bousai.pref.kumamoto.jp/data/shelter/shelter.json
00000180,431001,熊本市,吉松小学校,熊本県熊本市北区植木町豊田474番地,32.941055,130.709717,,0,kumamoto_portal_map,2026-07-31T09:37:38+09:00,c07af2de260eb57a1a1de89b,missing_zero,https://portal.bousai.pref.kumamoto.jp/data/shelter/shelter.json
00000019,431001,熊本市,向山小学校,熊本県熊本市中央区本山4丁目5-11,32.789346,130.700053,,0,kumamoto_portal_map,2026-07-31T09:37:38+09:00,952fa379d894ccf81381b645,missing_zero,https://portal.bousai.pref.kumamoto.jp/data/shelter/shelter.json
00000206,431001,熊本市,坪井中央公園,熊本県熊本市中央区坪井6丁目13,32.8201577,130.7171079,,0,kumamoto_portal_map,2026-07-31T09:37:38+09:00,3d26c3a79a3c08c3c5b341aa,missing_zero,https://portal.bousai.pref.kumamoto.jp/data/shelter/shelter.json
00000260,431001,熊本市,坪井川緑地,熊本市北区清水町外,32.82389902,130.7196681,,0,kumamoto_portal_map,2026-07-31T09:37:38+09:00,2e7b506c60a983175a6ade1a,missing_zero,https://portal.bousai.pref.kumamoto.jp/data/shelter/shelter.json
00000157,431001,熊本市,城北小学校,熊本県熊本市北区清水新地1丁目4-1,32.849419,130.730572,,0,kumamoto_portal_map,2026-07-31T09:37:38+09:00,8e7f6569c4bf642f1d867f07,missing_zero,https://portal.bousai.pref.kumamoto.jp/data/shelter/shelter.json
00000112,431001,熊本市,城南中学校,熊本県熊本市南区八幡8丁目1-1,32.743308,130.687218,,0,kumamoto_portal_map,2026-07-31T09:37:38+09:00,628ca459b1c72182955cff20,missing_zero,https://portal.bousai.pref.kumamoto.jp/data/shelter/shelter.json
00000254,431001,熊本市,城南地域物産館,熊本市南区城南町坂野65番地,32.72326,130.738239,,0,kumamoto_portal_map,2026-07-31T09:37:38+09:00,82752e18eb0afc35999fbb3d,missing_zero,https://portal.bousai.pref.kumamoto.jp/data/shelter/shelter.json
00000114,431001,熊本市,城南小学校,熊本県熊本市南区南高江4丁目2-70,32.750946,130.69127,,0,kumamoto_portal_map,2026-07-31T09:37:38+09:00,e429c3610a865ba1694d831a,missing_zero,https://portal.bousai.pref.kumamoto.jp/data/shelter/shelter.json
00000137,431001,熊本市,城南総合スポーツセンター(城南B&G海洋センター含む),熊本県熊本市南区城南町舞原144番地1,32.707984,130.749752,,0,kumamoto_portal_map,2026-07-31T09:37:38+09:00,e90ba9d5a4dd2da53e2234b0,missing_zero,https://portal.bousai.pref.kumamoto.jp/data/shelter/shelter.json
00000136,431001,熊本市,城南老人福祉センター,熊本県熊本市南区城南町宮地1050番地,32.709103500000005,130.7288158,,0,kumamoto_portal_map,2026-07-31T09:37:38+09:00,c899148c347cade837bbf2bb,missing_zero,https://portal.bousai.pref.kumamoto.jp/data/shelter/shelter.json
00000234,431001,熊本市,城山公園運動施設,熊本市西区城山半田4丁目16-1,32.775727,130.650408,,0,kumamoto_portal_map,2026-07-31T09:37:38+09:00,2da4022fb86b6394d3bbb18e,missing_zero,https://portal.bousai.pref.kumamoto.jp/data/shelter/shelter.json
00000085,431001,熊本市,城山小学校,熊本県熊本市西区城山大塘1丁目23-1,32.778041,130.657251,,0,kumamoto_portal_map,2026-07-31T09:37:38+09:00,700586ee1fcc5af0ebff728a,missing_zero,https://portal.bousai.pref.kumamoto.jp/data/shelter/shelter.json
00000025,431001,熊本市,城東小学校,熊本県熊本市中央区千葉城町5-1,32.808316,130.709358,,0,kumamoto_portal_map,2026-07-31T09:37:38+09:00,d261bc727abab1aa36e503ac,missing_zero,https://portal.bousai.pref.kumamoto.jp/data/shelter/shelter.json
00000275,431001,熊本市,城東小学校【広域】,熊本市中央区千葉城町5-1,32.808316,130.709358,,0,kumamoto_portal_map,2026-07-31T09:37:38+09:00,0068e81b94b8c4596be127d6,missing_zero,https://portal.bousai.pref.kumamoto.jp/data/shelter/shelter.json
00000077,431001,熊本市,城西中学校,熊本県熊本市西区小島8丁目17-1,32.782151,130.633086,,0,kumamoto_portal_map,2026-07-31T09:37:38+09:00,e8e86f92fb82920db0448ddf,missing_zero,https://portal.bousai.pref.kumamoto.jp/data/shelter/shelter.json
00000086,431001,熊本市,城西小学校,熊本県熊本市西区島崎3丁目12-60,32.805455,130.682443,,0,kumamoto_portal_map,2026-07-31T09:37:38+09:00,db0b4ed44d63e09f0b173af1,missing_zero,https://portal.bousai.pref.kumamoto.jp/data/shelter/shelter.json
00000273,431001,熊本市,塚原グラウンド,熊本市南区城南町塚原字宮ノ下,32.69477413,130.7351297,,0,kumamoto_portal_map,2026-07-31T09:37:38+09:00,16b162ae293c2f8eeaa188cb,missing_zero,https://portal.bousai.pref.kumamoto.jp/data/shelter/shelter.json
00000021,431001,熊本市,壼川小学校,熊本県熊本市中央区壼川1丁目4-5,32.812963,130.710163,,0,kumamoto_portal_map,2026-07-31T09:37:38+09:00,adafa478c6f6eef01ce836c9,missing_zero,https://portal.bousai.pref.kumamoto.jp/data/shelter/shelter.json
00002249,431001,熊本市,大和地域コミュニティセンター,熊本県熊本市北区植木町大和70?22,32.8806123,130.6723237,,0,kumamoto_portal_map,2026-07-31T09:37:38+09:00,5c3e61344024f4810fd90cae,missing_zero,https://portal.bousai.pref.kumamoto.jp/data/shelter/shelter.json
00000007,431001,熊本市,大江交流室・公民館,熊本県熊本市中央区大江6丁目1-85,32.79901341,130.7251299,,0,kumamoto_portal_map,2026-07-31T09:37:38+09:00,bcb7083f1e4f461f48519b73,missing_zero,https://portal.bousai.pref.kumamoto.jp/data/shelter/shelter.json
00000008,431001,熊本市,大江小学校,熊本県熊本市中央区大江3丁目5-31,32.8019,130.725495,,0,kumamoto_portal_map,2026-07-31T09:37:38+09:00,7378423ca9dd0cf01c01404d,missing_zero,https://portal.bousai.pref.kumamoto.jp/data/shelter/shelter.json
00000109,431001,熊本市,天明まちづくりセンター・公民館,熊本県熊本市南区奥古閑町2035,32.732478,130.63587,,0,kumamoto_portal_map,2026-07-31T09:37:38+09:00,1c762f43ca935501cf8ceb5c,missing_zero,https://portal.bousai.pref.kumamoto.jp/data/shelter/shelter.json
00000107,431001,熊本市,天明中学校,熊本県熊本市南区奥古閑町2146-1,32.73446,130.636448,,0,kumamoto_portal_map,2026-07-31T09:37:38+09:00,f37a438f04141482262da929,missing_zero,https://portal.bousai.pref.kumamoto.jp/data/shelter/shelter.json
00000108,431001,熊本市,天明体育館,熊本県熊本市南区奥古閑町1877,32.732416,130.63586,,0,kumamoto_portal_map,2026-07-31T09:37:38+09:00,eb97f140a7931269ad6657fc,missing_zero,https://portal.bousai.pref.kumamoto.jp/data/shelter/shelter.json
00000106,431001,熊本市,奥古閑小学校,熊本県熊本市南区奥古閑町4072,32.730155,130.624116,,0,kumamoto_portal_map,2026-07-31T09:37:38+09:00,4f7aae7fadd124c69a4d6c9f,missing_zero,https://portal.bousai.pref.kumamoto.jp/data/shelter/shelter.json
00000205,431001,熊本市,子飼橋上流右岸,熊本県熊本市中央区黒髪2丁目,32.81032221,130.7268386,,0,kumamoto_portal_map,2026-07-31T09:37:38+09:00,88efd19cb4959fa8a7adab59,missing_zero,https://portal.bousai.pref.kumamoto.jp/data/shelter/shelter.json
00000203,431001,熊本市,子飼橋上流左岸,熊本県熊本市中央区大江1丁目,32.81157681,130.7231178,,0,kumamoto_portal_map,2026-07-31T09:37:38+09:00,68e74aa46093a747d9225a3e,missing_zero,https://portal.bousai.pref.kumamoto.jp/data/shelter/shelter.json
00000122,431001,熊本市,富合中学校,熊本県熊本市南区富合町平原56番地,32.706908,130.684335,,0,kumamoto_portal_map,2026-07-31T09:37:38+09:00,260d78c22abef957dce3daef,missing_zero,https://portal.bousai.pref.kumamoto.jp/data/shelter/shelter.json
00000121,431001,熊本市,富合小学校,熊本県熊本市南区富合町清藤472番地,32.714102,130.680974,,0,kumamoto_portal_map,2026-07-31T09:37:38+09:00,5d2603269fa9229f6713c59a,missing_zero,https://portal.bousai.pref.kumamoto.jp/data/shelter/shelter.json
00000233,431001,熊本市,小島公園,熊本市西区小島6丁目10-40,32.77649591,130.6353823,,0,kumamoto_portal_map,2026-07-31T09:37:38+09:00,400e63feb1e73bdda9703fcf,missing_zero,https://portal.bousai.pref.kumamoto.jp/data/shelter/shelter.json
00000076,431001,熊本市,小島小学校,熊本県熊本市西区小島7丁目9-1,32.778957,130.634698,,0,kumamoto_portal_map,2026-07-31T09:37:38+09:00,97da1adde85bcaacbdfbda4e,missing_zero,https://portal.bousai.pref.kumamoto.jp/data/shelter/shelter.json
00000045,431001,熊本市,尾ノ上小学校,熊本県熊本市東区尾ノ上2丁目8-1,32.793512,130.754022,,0,kumamoto_portal_map,2026-07-31T09:37:38+09:00,8edfb5ebbb941355fb3e2def,missing_zero,https://portal.bousai.pref.kumamoto.jp/data/shelter/shelter.json
00000229,431001,熊本市,山ノ内中央公園,熊本市東区山ノ内3丁目1,32.79697551,130.7688905,,0,kumamoto_portal_map,2026-07-31T09:37:38+09:00,a67fa892864d6f9c8bf67e19,missing_zero,https://portal.bousai.pref.kumamoto.jp/data/shelter/shelter.json
00000068,431001,熊本市,山ノ内小学校,熊本県熊本市東区山ノ内4丁目1-1,32.798096,130.771048,,0,kumamoto_portal_map,2026-07-31T09:37:38+09:00,5737e7b5d63833d3b35d4f46,missing_zero,https://portal.bousai.pref.kumamoto.jp/data/shelter/shelter.json
00000178,431001,熊本市,山本小学校,熊本県熊本市北区植木町内1424番地,32.937471,130.681497,,0,kumamoto_portal_map,2026-07-31T09:37:38+09:00,ab430ad995055544d536f228,missing_zero,https://portal.bousai.pref.kumamoto.jp/data/shelter/shelter.json
00000152,431001,熊本市,山東小学校,熊本県熊本市北区植木町有泉841番地,32.912724,130.707968,,0,kumamoto_portal_map,2026-07-31T09:37:38+09:00,80101e5307dae6d9affd3d2d,missing_zero,https://portal.bousai.pref.kumamoto.jp/data/shelter/shelter.json
00000147,431001,熊本市,川上小学校,熊本県熊本市北区西梶尾町480,32.870467,130.704548,,0,kumamoto_portal_map,2026-07-31T09:37:38+09:00,004a8ac79aa9c0505e81619c,missing_zero,https://portal.bousai.pref.kumamoto.jp/data/shelter/shelter.json
00000110,431001,熊本市,川口小学校,熊本県熊本市南区川口町3045,32.717712,130.627366,,0,kumamoto_portal_map,2026-07-31T09:37:38+09:00,81719982d450a8a2f2f2bfd7,missing_zero,https://portal.bousai.pref.kumamoto.jp/data/shelter/shelter.json
00000111,431001,熊本市,川尻小学校,熊本県熊本市南区川尻4丁目1-1,32.739402,130.681017,,0,kumamoto_portal_map,2026-07-31T09:37:38+09:00,59738479882853ba802d5942,missing_zero,https://portal.bousai.pref.kumamoto.jp/data/shelter/shelter.json
00000087,431001,熊本市,市立千原台高校,熊本県熊本市西区島崎2丁目37-1,32.807094,130.686971,,0,kumamoto_portal_map,2026-07-31T09:37:38+09:00,801173bd7bb24d2153f1e974,missing_zero,https://portal.bousai.pref.kumamoto.jp/data/shelter/shelter.json
00000016,431001,熊本市,市立必由館高校,熊本県熊本市中央区坪井4丁目15-1,32.81586,130.71401,,0,kumamoto_portal_map,2026-07-31T09:37:38+09:00,230400d25682927b30209429,missing_zero,https://portal.bousai.pref.kumamoto.jp/data/shelter/shelter.json
00000204,431001,熊本市,帯山7丁目どんぐり公園,熊本県熊本市中央区帯山7丁目18,32.808514,130.757744,,0,kumamoto_portal_map,2026-07-31T09:37:38+09:00,ae98204a7133ad5bb52c46e7,missing_zero,https://portal.bousai.pref.kumamoto.jp/data/shelter/shelter.json
00000012,431001,熊本市,帯山中学校,熊本県熊本市中央区帯山1丁目35-32,32.801178,130.74505,,0,kumamoto_portal_map,2026-07-31T09:37:38+09:00,26ca62d3275979c13614b46b,missing_zero,https://portal.bousai.pref.kumamoto.jp/data/shelter/shelter.json
00000010,431001,熊本市,帯山小学校,熊本県熊本市中央区帯山4丁目11-11,32.801956,130.749744,,0,kumamoto_portal_map,2026-07-31T09:37:38+09:00,c81bcc8e28b05af42460b5bf,missing_zero,https://portal.bousai.pref.kumamoto.jp/data/shelter/shelter.json
00000011,431001,熊本市,帯山西小学校,熊本県熊本市中央区帯山1丁目29-8,32.802317,130.741467,,0,kumamoto_portal_map,2026-07-31T09:37:38+09:00,b9b647ec3f030bf3092a372e,missing_zero,https://portal.bousai.pref.kumamoto.jp/data/shelter/shelter.json
00000247,431001,熊本市,平成中央公園,熊本市南区馬渡1丁目8,32.77665707,130.7053793,,0,kumamoto_portal_map,2026-07-31T09:37:38+09:00,0273555a4a5445e0ae138059,missing_zero,https://portal.bousai.pref.kumamoto.jp/data/shelter/shelter.json
00000129,431001,熊本市,幸田まちづくりセンター・公民館,熊本県熊本市南区幸田2丁目4-1,32.766779,130.71235,,0,kumamoto_portal_map,2026-07-31T09:37:38+09:00,668d9897ce8526be846da8a8,missing_zero,https://portal.bousai.pref.kumamoto.jp/data/shelter/shelter.json
00000177,431001,熊本市,弓削小学校,熊本県熊本市北区弓削3丁目20-1,32.853341,130.781213,,0,kumamoto_portal_map,2026-07-31T09:37:38+09:00,3170968175356ed7373f017a,missing_zero,https://portal.bousai.pref.kumamoto.jp/data/shelter/shelter.json
00000250,431001,熊本市,御幸中央公園,熊本市南区流通団地1丁目,32.76546341,130.7084973,,0,kumamoto_portal_map,2026-07-31T09:37:38+09:00,c30c5da42922766743c05420,missing_zero,https://portal.bousai.pref.kumamoto.jp/data/shelter/shelter.json
00000130,431001,熊本市,御幸小学校,熊本県熊本市南区御幸笛田7丁目16-1,32.753941,130.715926,,0,kumamoto_portal_map,2026-07-31T09:37:38+09:00,2a43a705356fb486eea394b2,missing_zero,https://portal.bousai.pref.kumamoto.jp/data/shelter/shelter.json
00000018,431001,熊本市,慶徳小学校,熊本県熊本市中央区山崎町72,32.797123,130.701664,,0,kumamoto_portal_map,2026-07-31T09:37:38+09:00,c7a909fcc7069e81987160f5,missing_zero,https://portal.bousai.pref.kumamoto.jp/data/shelter/shelter.json
00000128,431001,熊本市,日吉中学校,熊本県熊本市南区近見5丁目5-1,32.76427,130.699374,,0,kumamoto_portal_map,2026-07-31T09:37:38+09:00,442a2f4c5ee806e51e445056,missing_zero,https://portal.bousai.pref.kumamoto.jp/data/shelter/shelter.json
00000126,431001,熊本市,日吉小学校,熊本県熊本市南区近見1丁目9-30,32.766656,130.689463,,0,kumamoto_portal_map,2026-07-31T09:37:38+09:00,e1c18ccd6a05d96d34403b84,missing_zero,https://portal.bousai.pref.kumamoto.jp/data/shelter/shelter.json
00000127,431001,熊本市,日吉東小学校,熊本県熊本市南区近見5丁目1-1,32.765355,130.698886,,0,kumamoto_portal_map,2026-07-31T09:37:38+09:00,d3336b5790bb279569e2e252,missing_zero,https://portal.bousai.pref.kumamoto.jp/data/shelter/shelter.json
00000095,431001,熊本市,旧松尾北小学校,熊本県熊本市西区松尾町平山255,32.812315,130.625142,,0,kumamoto_portal_map,2026-07-31T09:37:38+09:00,f5d7ae81a788991d95be556f,missing_zero,https://portal.bousai.pref.kumamoto.jp/data/shelter/shelter.json
00000097,431001,熊本市,旧松尾東小学校,熊本県熊本市西区松尾町上松尾2880,32.796678,130.63478,,0,kumamoto_portal_map,2026-07-31T09:37:38+09:00,df8aaf2c404703ffa0dc4e00,missing_zero,https://portal.bousai.pref.kumamoto.jp/data/shelter/shelter.json
00000096,431001,熊本市,旧松尾西小学校,熊本県熊本市西区松尾町上松尾4456-1,32.797761,130.614643,,0,kumamoto_portal_map,2026-07-31T09:37:38+09:00,e9a184ea54b85bef4770305d,missing_zero,https://portal.bousai.pref.kumamoto.jp/data/shelter/shelter.json
00000083,431001,熊本市,旧河内小学校白浜分校,熊本県熊本市西区河内町白浜1018-6,32.841979,130.586701,,0,kumamoto_portal_map,2026-07-31T09:37:38+09:00,96fbf0d2e43e00f301b63bac,missing_zero,https://portal.bousai.pref.kumamoto.jp/data/shelter/shelter.json
00000079,431001,熊本市,春日小学校,熊本県熊本市西区春日5丁目3-5,32.78979,130.68611,,0,kumamoto_portal_map,2026-07-31T09:37:38+09:00,d76bda57352f12930403c815,missing_zero,https://portal.bousai.pref.kumamoto.jp/data/shelter/shelter.json
00000035,431001,熊本市,春竹小学校,熊本県熊本市中央区琴平1丁目9-43,32.788124,130.707608,,0,kumamoto_portal_map,2026-07-31T09:37:38+09:00,d15539ec26aa26b2fbe4ae5c,missing_zero,https://portal.bousai.pref.kumamoto.jp/data/shelter/shelter.json
00000062,431001,熊本市,月出小学校,熊本県熊本市東区月出6丁目2-40,32.804873,130.770826,,0,kumamoto_portal_map,2026-07-31T09:37:38+09:00,ba08e1ff26d175b1eb350a97,missing_zero,https://portal.bousai.pref.kumamoto.jp/data/shelter/shelter.json
00000249,431001,熊本市,木部中央公園,熊本市南区御幸木部1丁目3,32.74923098,130.7149681,,0,kumamoto_portal_map,2026-07-31T09:37:38+09:00,247c7649e412b667ef5c09a8,missing_zero,https://portal.bousai.pref.kumamoto.jp/data/shelter/shelter.json
00000037,431001,熊本市,本荘小学校,熊本県熊本市中央区本荘6丁目5-47,32.792651,130.708414,,0,kumamoto_portal_map,2026-07-31T09:37:38+09:00,8133a73ceef7b763861856eb,missing_zero,https://portal.bousai.pref.kumamoto.jp/data/shelter/shelter.json
00000141,431001,熊本市,杉上小学校,熊本県熊本市南区城南町永505番地1,32.724473,130.72784,,0,kumamoto_portal_map,2026-07-31T09:37:38+09:00,6f1cbfce91a797b1161812e3,missing_zero,https://portal.bousai.pref.kumamoto.jp/data/shelter/shelter.json
00002295,431001,熊本市,東海大学熊本キャンパス・付属熊本星翔高等学校,熊本県熊本市東区渡鹿9丁目1-1,32.8117569,130.7430407,,0,kumamoto_portal_map,2026-07-31T09:37:38+09:00,836d5312ce7296cac7520372,missing_zero,https://portal.bousai.pref.kumamoto.jp/data/shelter/shelter.json
00000227,431001,熊本市,東海大学附属熊本星翔高校,熊本市東区渡鹿9丁目1-1,32.813177,130.745272,,0,kumamoto_portal_map,2026-07-31T09:37:38+09:00,72a98da751400956d95e590f,missing_zero,https://portal.bousai.pref.kumamoto.jp/data/shelter/shelter.json
00000050,431001,熊本市,東町中学校,熊本県熊本市東区東町4丁目15-1,32.781431,130.764799,,0,kumamoto_portal_map,2026-07-31T09:37:38+09:00,ddf8f51d947019bb8309404e,missing_zero,https://portal.bousai.pref.kumamoto.jp/data/shelter/shelter.json
00000067,431001,熊本市,東町小学校,熊本県熊本市東区東町3丁目3-1,32.787014,130.767771,,0,kumamoto_portal_map,2026-07-31T09:37:38+09:00,88d4892575ff7db46ed4585d,missing_zero,https://portal.bousai.pref.kumamoto.jp/data/shelter/shelter.json
00000193,431001,熊本市,東稜高校,熊本県熊本市東区小峯4丁目5-10,32.800374,130.778853,,0,kumamoto_portal_map,2026-07-31T09:37:38+09:00,9f5b9e4fac472945cdc17136,missing_zero,https://portal.bousai.pref.kumamoto.jp/data/shelter/shelter.json
00000055,431001,熊本市,東部中学校,熊本県熊本市東区上南部2丁目21-1,32.833839,130.771194,,0,kumamoto_portal_map,2026-07-31T09:37:38+09:00,061f38f348a69aba207ad33a,missing_zero,https://portal.bousai.pref.kumamoto.jp/data/shelter/shelter.json
00000044,431001,熊本市,東部公民館,熊本県熊本市東区錦ヶ丘1-1,32.78853145000001,130.7534773,,0,kumamoto_portal_map,2026-07-31T09:37:38+09:00,35bbbd73249de16bafb8c417,missing_zero,https://portal.bousai.pref.kumamoto.jp/data/shelter/shelter.json
00000040,431001,熊本市,東野中学校,熊本県熊本市東区東野3丁目6-50,32.774709,130.767827,,0,kumamoto_portal_map,2026-07-31T09:37:38+09:00,764202aa636117c4a51b67e9,missing_zero,https://portal.bousai.pref.kumamoto.jp/data/shelter/shelter.json
00000241,431001,熊本市,柿原公園,熊本市西区花園7丁目19,32.82567831,130.6856924,,0,kumamoto_portal_map,2026-07-31T09:37:38+09:00,67df44e1b9fcc8ee45197fca,missing_zero,https://portal.bousai.pref.kumamoto.jp/data/shelter/shelter.json
00000151,431001,熊本市,桜井小学校,熊本県熊本市北区植木町滴水2255番地,32.88867,130.684386,,0,kumamoto_portal_map,2026-07-31T09:37:38+09:00,8545e9775df47dcead1d8f05,missing_zero,https://portal.bousai.pref.kumamoto.jp/data/shelter/shelter.json
00000014,431001,熊本市,桜山中学校,熊本県熊本市中央区黒髪5丁目13-1,32.816371,130.732106,,0,kumamoto_portal_map,2026-07-31T09:37:38+09:00,009ae43451a6084b18578546,missing_zero,https://portal.bousai.pref.kumamoto.jp/data/shelter/shelter.json
00000053,431001,熊本市,桜木中学校,熊本県熊本市東区桜木4丁目13-23,32.782375,130.783076,,0,kumamoto_portal_map,2026-07-31T09:37:38+09:00,2ab2103ad1219debcba8e8af,missing_zero,https://portal.bousai.pref.kumamoto.jp/data/shelter/shelter.json
00000051,431001,熊本市,桜木小学校,熊本県熊本市東区花立2丁目23-1,32.78163,130.777103,,0,kumamoto_portal_map,2026-07-31T09:37:38+09:00,cecd72f22dbacb1ca6540d74,missing_zero,https://portal.bousai.pref.kumamoto.jp/data/shelter/shelter.json
00000052,431001,熊本市,桜木東小学校,熊本県熊本市東区桜木6丁目10-1,32.788236,130.781853,,0,kumamoto_portal_map,2026-07-31T09:37:38+09:00,1123bc038cd861ef8967e0c6,missing_zero,https://portal.bousai.pref.kumamoto.jp/data/shelter/shelter.json
00000179,431001,熊本市,植木北中学校,熊本県熊本市北区植木町舟島455番地1,32.944972,130.717772,,0,kumamoto_portal_map,2026-07-31T09:37:38+09:00,8c342b47eae33afcb8142ec0,missing_zero,https://portal.bousai.pref.kumamoto.jp/data/shelter/shelter.json
00000259,431001,熊本市,植木地域農産物の駅,熊本市北区植木町岩野160番地1,32.908116,130.693258,,0,kumamoto_portal_map,2026-07-31T09:37:38+09:00,32eb4241d425f7344a74595a,missing_zero,https://portal.bousai.pref.kumamoto.jp/data/shelter/shelter.json
00000145,431001,熊本市,植木小学校,熊本県熊本市北区植木町広住1番地,32.896447,130.693497,,0,kumamoto_portal_map,2026-07-31T09:37:38+09:00,c8303e52d6e46b59efc9c20a,missing_zero,https://portal.bousai.pref.kumamoto.jp/data/shelter/shelter.json
00000153,431001,熊本市,植木文化センター,熊本県熊本市北区植木町岩野238番地1,32.90381718,130.6954994,,0,kumamoto_portal_map,2026-07-31T09:37:38+09:00,02b7aa3cfae1e131b643c148,missing_zero,https://portal.bousai.pref.kumamoto.jp/data/shelter/shelter.json
00000268,431001,熊本市,植木総合スポーツセンター公園,熊本市北区植木町山本788-1,32.91968123,130.6863348,,0,kumamoto_portal_map,2026-07-31T09:37:38+09:00,d58bea3142033f2e483b189c,missing_zero,https://portal.bousai.pref.kumamoto.jp/data/shelter/shelter.json
00000257,431001,熊本市,楠中央公園,熊本市北区楠3丁目5,32.84788344,130.7567192,,0,kumamoto_portal_map,2026-07-31T09:37:38+09:00,6fe1565a7015e6637474d8b7,missing_zero,https://portal.bousai.pref.kumamoto.jp/data/shelter/shelter.json
00000171,431001,熊本市,楠中学校,熊本県熊本市北区楠3丁目2-1,32.848258,130.755605,,0,kumamoto_portal_map,2026-07-31T09:37:38+09:00,b34a46b31b7529e0ce3085f1,missing_zero,https://portal.bousai.pref.kumamoto.jp/data/shelter/shelter.json
00000149,431001,熊本市,楠小学校,熊本県熊本市北区楠5丁目15-1,32.851202,130.758521,,0,kumamoto_portal_map,2026-07-31T09:37:38+09:00,a1cae10ab9b6f09a8b171772,missing_zero,https://portal.bousai.pref.kumamoto.jp/data/shelter/shelter.json
00000170,431001,熊本市,楡木小学校,熊本県熊本市北区楡木3丁目9-1,32.85465441,130.7519747,,0,kumamoto_portal_map,2026-07-31T09:37:38+09:00,6787ca9af8aede54e6325183,missing_zero,https://portal.bousai.pref.kumamoto.jp/data/shelter/shelter.json
00000267,431001,熊本市,武蔵ケ丘中央公園,熊本市北区武蔵ケ丘4丁目11,32.85627576,130.7699434,,0,kumamoto_portal_map,2026-07-31T09:37:38+09:00,0160be1f877dc3e0aa32479c,missing_zero,https://portal.bousai.pref.kumamoto.jp/data/shelter/shelter.json
00000176,431001,熊本市,武蔵中学校,熊本県熊本市北区武蔵ケ丘4丁目19-1,32.856424,130.772492,,0,kumamoto_portal_map,2026-07-31T09:37:38+09:00,98a7a45682d035076faf6d29,missing_zero,https://portal.bousai.pref.kumamoto.jp/data/shelter/shelter.json
00000262,431001,熊本市,武蔵塚公園,熊本市北区龍田弓削1丁目3,32.846094,130.768237,,0,kumamoto_portal_map,2026-07-31T09:37:38+09:00,3a519fd291b675cf94bb4f8a,missing_zero,https://portal.bousai.pref.kumamoto.jp/data/shelter/shelter.json
00000163,431001,熊本市,武蔵塚武道場,熊本県熊本市北区龍田弓削1丁目1-10,32.844153,130.764427,,0,kumamoto_portal_map,2026-07-31T09:37:38+09:00,7c1ab8535c2dca5c18273486,missing_zero,https://portal.bousai.pref.kumamoto.jp/data/shelter/shelter.json
00000175,431001,熊本市,武蔵小学校,熊本県熊本市北区武蔵ケ丘3丁目15-1,32.854257,130.767826,,0,kumamoto_portal_map,2026-07-31T09:37:38+09:00,27d19d8c9fd82c5056317339,missing_zero,https://portal.bousai.pref.kumamoto.jp/data/shelter/shelter.json
00000220,431001,熊本市,水前寺江津湖公園(広木地区),熊本市東区広木町,32.7743,130.75353,,0,kumamoto_portal_map,2026-07-31T09:37:38+09:00,1ee8abdd95ef17d534ac118f,missing_zero,https://portal.bousai.pref.kumamoto.jp/data/shelter/shelter.json
00000223,431001,熊本市,水前寺江津湖公園(庄口地区),熊本市東区健軍4丁目19,32.778503,130.752578,,0,kumamoto_portal_map,2026-07-31T09:37:38+09:00,1d9e75e05515162f9853c103,missing_zero,https://portal.bousai.pref.kumamoto.jp/data/shelter/shelter.json
00000212,431001,熊本市,水前寺江津湖公園(水前寺地区),熊本県熊本市中央区水前寺公園12,32.789035,130.73429,,0,kumamoto_portal_map,2026-07-31T09:37:38+09:00,614f467a90021b9f6c492174,missing_zero,https://portal.bousai.pref.kumamoto.jp/data/shelter/shelter.json
00000029,431001,熊本市,水前寺競技場,熊本県熊本市中央区水前寺5-23-3,32.794515,130.740764,,0,kumamoto_portal_map,2026-07-31T09:37:38+09:00,a96fd58459fe4cbf1d59ed56,missing_zero,https://portal.bousai.pref.kumamoto.jp/data/shelter/shelter.json
00002252,431001,熊本市,水前寺競技場【ペット避難場所】,熊本市中央区水前寺5-23-3,32.7944344,130.7406853,,0,kumamoto_portal_map,2026-07-31T09:37:38+09:00,2bdb53315e054b311ee6bd69,missing_zero,https://portal.bousai.pref.kumamoto.jp/data/shelter/shelter.json
00000211,431001,熊本市,水前寺運動公園,熊本県熊本市中央区水前寺5丁目23,32.79446021,130.7405171,,0,kumamoto_portal_map,2026-07-31T09:37:38+09:00,51ebcca7f552b3d0f56d3067,missing_zero,https://portal.bousai.pref.kumamoto.jp/data/shelter/shelter.json
00000284,431001,熊本市,水前寺運動公園【広域】,熊本市中央区水前寺5丁目23,32.79446021,130.7405171,,0,kumamoto_portal_map,2026-07-31T09:37:38+09:00,d0b907534824ba0e94cdca78,missing_zero,https://portal.bousai.pref.kumamoto.jp/data/shelter/shelter.json
00000020,431001,熊本市,江南中学校,熊本県熊本市中央区本山町75,32.787596,130.699165,,0,kumamoto_portal_map,2026-07-31T09:37:38+09:00,a05e8af04b560c3ceb1d6394,missing_zero,https://portal.bousai.pref.kumamoto.jp/data/shelter/shelter.json
00000036,431001,熊本市,江原中学校,熊本県熊本市中央区琴平2丁目9-59,32.784291,130.705359,,0,kumamoto_portal_map,2026-07-31T09:37:38+09:00,aec35cdbc39afb1bee575ebf,missing_zero,https://portal.bousai.pref.kumamoto.jp/data/shelter/shelter.json
00000232,431001,熊本市,池上中央公園,熊本市西区池上町484-1外,32.78891286,130.6763674,,0,kumamoto_portal_map,2026-07-31T09:37:38+09:00,c9979a26bb7f0ad3a3a60b44,missing_zero,https://portal.bousai.pref.kumamoto.jp/data/shelter/shelter.json
00000073,431001,熊本市,池上小学校,熊本県熊本市西区池上町850,32.790651,130.671306,,0,kumamoto_portal_map,2026-07-31T09:37:38+09:00,e1312c3c9d8059ea0a5c736a,missing_zero,https://portal.bousai.pref.kumamoto.jp/data/shelter/shelter.json
00000231,431001,熊本市,池亀公園,熊本市西区池亀町12,32.82391869,130.6950831,,0,kumamoto_portal_map,2026-07-31T09:37:38+09:00,4e6678c10b22bd3adb2b6a32,missing_zero,https://portal.bousai.pref.kumamoto.jp/data/shelter/shelter.json
00000230,431001,熊本市,池田1丁目西児童遊園,熊本市西区池田1丁目19,32.821509,130.701997,,0,kumamoto_portal_map,2026-07-31T09:37:38+09:00,6b83376630e45a591f7b8336,missing_zero,https://portal.bousai.pref.kumamoto.jp/data/shelter/shelter.json
00000071,431001,熊本市,池田小学校,熊本県熊本市西区池田1丁目28-5,32.824842,130.70433,,0,kumamoto_portal_map,2026-07-31T09:37:38+09:00,588cefb8dd1fc078a25b94a0,missing_zero,https://portal.bousai.pref.kumamoto.jp/data/shelter/shelter.json
00000084,431001,熊本市,河内中学校,熊本県熊本市西区河内町船津2470-1,32.828759,130.590934,,0,kumamoto_portal_map,2026-07-31T09:37:38+09:00,ddae800672787c1a3abe053c,missing_zero,https://portal.bousai.pref.kumamoto.jp/data/shelter/shelter.json
00000081,431001,熊本市,河内交流室・公民館,熊本県熊本市西区河内町船津791,32.8366714,130.5838742,,0,kumamoto_portal_map,2026-07-31T09:37:38+09:00,8dd869943eae9179d9f42a45,missing_zero,https://portal.bousai.pref.kumamoto.jp/data/shelter/shelter.json
00000082,431001,熊本市,河内小学校,熊本県熊本市西区河内町船津2505-2,32.828619,130.592034,,0,kumamoto_portal_map,2026-07-31T09:37:38+09:00,e3d16bcb903677fd1a51f3f9,missing_zero,https://portal.bousai.pref.kumamoto.jp/data/shelter/shelter.json
00000219,431001,熊本市,沼山津公園,熊本市東区沼山津2丁目9,32.775692,130.777676,,0,kumamoto_portal_map,2026-07-31T09:37:38+09:00,09701fc9a520101fc2fe52e1,missing_zero,https://portal.bousai.pref.kumamoto.jp/data/shelter/shelter.json
00000041,431001,熊本市,泉ヶ丘小学校,熊本県熊本市東区水源1丁目7-1,32.776597,130.753244,,0,kumamoto_portal_map,2026-07-31T09:37:38+09:00,5e0ac941a2406bbf3428c390,missing_zero,https://portal.bousai.pref.kumamoto.jp/data/shelter/shelter.json
00000120,431001,熊本市,浜線健康パーク(田迎公園運動施設),熊本県熊本市南区良町4丁目8-1,32.75900468,130.7282425,,0,kumamoto_portal_map,2026-07-31T09:37:38+09:00,42efc659203fd6e1eb0914a4,missing_zero,https://portal.bousai.pref.kumamoto.jp/data/shelter/shelter.json
00000154,431001,熊本市,清水まちづくりセンター・公民館,熊本県熊本市北区清水亀井町14-7,32.84143780000004,130.7216306,,0,kumamoto_portal_map,2026-07-31T09:37:38+09:00,53dc2d96ed1222c6911603b2,missing_zero,https://portal.bousai.pref.kumamoto.jp/data/shelter/shelter.json
00000156,431001,熊本市,清水スポーツセンター,熊本県熊本市北区清水万石2丁目3-73,32.82956,130.728837,,0,kumamoto_portal_map,2026-07-31T09:37:38+09:00,e17aecc712824606fdb12c9a,missing_zero,https://portal.bousai.pref.kumamoto.jp/data/shelter/shelter.json
00000158,431001,熊本市,清水中学校,熊本県熊本市北区清水新地2丁目3-1,32.849375,130.734088,,0,kumamoto_portal_map,2026-07-31T09:37:38+09:00,940001a7c20fbe36e1a0ea43,missing_zero,https://portal.bousai.pref.kumamoto.jp/data/shelter/shelter.json
00000155,431001,熊本市,清水小学校,熊本県熊本市北区清水本町14-58,32.832842,130.72394,,0,kumamoto_portal_map,2026-07-31T09:37:38+09:00,cbbd6fb44806ef2c5f24c589,missing_zero,https://portal.bousai.pref.kumamoto.jp/data/shelter/shelter.json
00000256,431001,熊本市,清水新地公園,熊本市北区清水新地7丁目5,32.8557939,130.7474764,,0,kumamoto_portal_map,2026-07-31T09:37:38+09:00,56208ead1ed9b263c29956a0,missing_zero,https://portal.bousai.pref.kumamoto.jp/data/shelter/shelter.json
00000186,431001,熊本市,済々黌高校,熊本県熊本市中央区黒髪2丁目22-1,32.817399,130.722884,,0,kumamoto_portal_map,2026-07-31T09:37:38+09:00,4724b2d165822a5f9b3f232c,missing_zero,https://portal.bousai.pref.kumamoto.jp/data/shelter/shelter.json
00000277,431001,熊本市,済々黌高校【広域】,熊本県熊本市中央区黒髪2丁目22-1,32.817399,130.722884,,0,kumamoto_portal_map,2026-07-31T09:37:38+09:00,30bdfa8d4e0de401f7c62b68,missing_zero,https://portal.bousai.pref.kumamoto.jp/data/shelter/shelter.json
00000214,431001,熊本市,渡鹿公園,熊本県熊本市中央区渡鹿1丁目15,32.8063747,130.732687,,0,kumamoto_portal_map,2026-07-31T09:37:38+09:00,51e4559e697c4be6383a8bec,missing_zero,https://portal.bousai.pref.kumamoto.jp/data/shelter/shelter.json
00000048,431001,熊本市,湖東中学校,熊本県熊本市東区湖東1丁目13-1,32.781097,130.748022,,0,kumamoto_portal_map,2026-07-31T09:37:38+09:00,39e7c6957f12c129d1e8ab67,missing_zero,https://portal.bousai.pref.kumamoto.jp/data/shelter/shelter.json
00000182,431001,熊本市,湧心館高校,熊本県熊本市中央区出水4丁目1-2,32.781319,130.730162,,0,kumamoto_portal_map,2026-07-31T09:37:38+09:00,ce262bef3bd2b8272aaa2ef1,missing_zero,https://portal.bousai.pref.kumamoto.jp/data/shelter/shelter.json
00000138,431001,熊本市,火の君文化センター,熊本県熊本市南区城南町舞原394番地1,32.70747,130.739995,,0,kumamoto_portal_map,2026-07-31T09:37:38+09:00,24a9ba1be9f80e0efb7d3d3d,missing_zero,https://portal.bousai.pref.kumamoto.jp/data/shelter/shelter.json
00000222,431001,熊本市,熊本マリスト学園高校,熊本市東区健軍2丁目11-54,32.783291,130.750494,,0,kumamoto_portal_map,2026-07-31T09:37:38+09:00,2996fbd075c19ce05f9a81a6,missing_zero,https://portal.bousai.pref.kumamoto.jp/data/shelter/shelter.json
00002256,431001,熊本市,熊本刑務所,熊本県熊本市中央区渡鹿7丁目12ー1,32.809403837771136,130.7386300762243,,0,kumamoto_portal_map,2026-07-31T09:37:38+09:00,9f9824cdc0542e47371ed623,missing_zero,https://portal.bousai.pref.kumamoto.jp/data/shelter/shelter.json
00000197,431001,熊本市,熊本北高校,熊本市北区兎谷3丁目5-1,32.84165,130.746685,,0,kumamoto_portal_map,2026-07-31T09:37:38+09:00,89e66c21ccc929c79f19035b,missing_zero,https://portal.bousai.pref.kumamoto.jp/data/shelter/shelter.json
00000188,431001,熊本市,熊本商業高校,熊本県熊本市中央区神水1丁目1-2,32.786485,130.740412,,0,kumamoto_portal_map,2026-07-31T09:37:38+09:00,25c96045c35031a3f9e2d767,missing_zero,https://portal.bousai.pref.kumamoto.jp/data/shelter/shelter.json
00000198,431001,熊本市,熊本国府高校,熊本県熊本市中央区国府2丁目15-1,32.787735,130.728218,,0,kumamoto_portal_map,2026-07-31T09:37:38+09:00,411899cc22545f4bfe229570,missing_zero,https://portal.bousai.pref.kumamoto.jp/data/shelter/shelter.json
00000270,431001,熊本市,熊本城,本丸,32.80625557,130.7059281,,0,kumamoto_portal_map,2026-07-31T09:37:38+09:00,000f024f6134670a8c6b9f35,missing_zero,https://portal.bousai.pref.kumamoto.jp/data/shelter/shelter.json
00000183,431001,熊本市,熊本大学大江体育館,熊本県熊本市中央区大江本町5-1,32.794526,130.720868,,0,kumamoto_portal_map,2026-07-31T09:37:38+09:00,4438102556b63f6f2bf8a0d4,missing_zero,https://portal.bousai.pref.kumamoto.jp/data/shelter/shelter.json
00000187,431001,熊本市,熊本大学本荘体育館,熊本県熊本市中央区九品寺4丁目24番1号,32.792645,130.714441,,0,kumamoto_portal_map,2026-07-31T09:37:38+09:00,b1a8cf584e4ba92d1a723e4c,missing_zero,https://portal.bousai.pref.kumamoto.jp/data/shelter/shelter.json
00000215,431001,熊本市,熊本大学薬学部運動場,熊本県熊本市中央区白山1丁目6-54,32.79314,130.720218,,0,kumamoto_portal_map,2026-07-31T09:37:38+09:00,c8ad4018fef63e13a76cc560,missing_zero,https://portal.bousai.pref.kumamoto.jp/data/shelter/shelter.json
00000209,431001,熊本市,熊本大学附属小・中学校,熊本県熊本市中央区京町本丁5-12,32.81801,130.704691,,0,kumamoto_portal_map,2026-07-31T09:37:38+09:00,6e61d443d15fec83556a7140,missing_zero,https://portal.bousai.pref.kumamoto.jp/data/shelter/shelter.json
00000185,431001,熊本市,熊本大学黒髪運動場・黒髪体育館,熊本県熊本市中央区黒髪2丁目39-1,32.812546,130.727329,,0,kumamoto_portal_map,2026-07-31T09:37:38+09:00,408f24244752e1dacef197e9,missing_zero,https://portal.bousai.pref.kumamoto.jp/data/shelter/shelter.json
00000184,431001,熊本市,熊本学園大学,熊本県熊本市中央区大江2丁目5-1,32.804372,130.72944,,0,kumamoto_portal_map,2026-07-31T09:37:38+09:00,6eabda2f0a851b2441f4ad74,missing_zero,https://portal.bousai.pref.kumamoto.jp/data/shelter/shelter.json
00000290,431001,熊本市,熊本学園大学【広域】,熊本市中央区大江2丁目5番地1号,32.804372,130.72944,,0,kumamoto_portal_map,2026-07-31T09:37:38+09:00,520fcc484e42eca87a32130d,missing_zero,https://portal.bousai.pref.kumamoto.jp/data/shelter/shelter.json
00002264,431001,熊本市,熊本工業高校,熊本県熊本市中央区上京塚町5-1,32.792393,130.747075,,0,kumamoto_portal_map,2026-07-31T09:37:38+09:00,1dcd6046c02af42591ace0ed,missing_zero,https://portal.bousai.pref.kumamoto.jp/data/shelter/shelter.json
00002265,431001,熊本市,熊本工業高校【広域】,熊本県熊本市中央区上京塚町5-1,32.792393,130.747075,,0,kumamoto_portal_map,2026-07-31T09:37:38+09:00,b0f41787f4598156ca032fe6,missing_zero,https://portal.bousai.pref.kumamoto.jp/data/shelter/shelter.json
00000030,431001,熊本市,熊本市総合体育館・青年会館,熊本県熊本市中央区出水2丁目7-1,32.785244,130.736623,,0,kumamoto_portal_map,2026-07-31T09:37:38+09:00,77cde8babe8f0c4924c98126,missing_zero,https://portal.bousai.pref.kumamoto.jp/data/shelter/shelter.json
00000169,431001,熊本市,熊本市食品交流会館,熊本県熊本市北区貢町581-2,32.848249,130.695997,,0,kumamoto_portal_map,2026-07-31T09:37:38+09:00,af94e9fd121b3837afa44ecf,missing_zero,https://portal.bousai.pref.kumamoto.jp/data/shelter/shelter.json
00002248,431001,熊本市,熊本武道館,熊本県熊本市中央区水前寺5丁目23ー2,32.7931149,130.7389898,,0,kumamoto_portal_map,2026-07-31T09:37:38+09:00,0f034e192cdbc2408143bc57,missing_zero,https://portal.bousai.pref.kumamoto.jp/data/shelter/shelter.json
00000191,431001,熊本市,熊本県立大学,熊本市東区月出3丁目1-100,32.805681,130.764915,,0,kumamoto_portal_map,2026-07-31T09:37:38+09:00,271878f9cb57268137a02517,missing_zero,https://portal.bousai.pref.kumamoto.jp/data/shelter/shelter.json
00002191,431001,熊本市,熊本県立総合体育館,熊本県熊本市西区上熊本1丁目9-28,32.8140808,130.7019483,,0,kumamoto_portal_map,2026-07-31T09:37:38+09:00,580e51acfe8dfe1a706f74a5,missing_zero,https://portal.bousai.pref.kumamoto.jp/data/shelter/shelter.json
00000194,431001,熊本市,熊本西高校,熊本市西区城山大塘5丁目5-15,32.782512,130.649085,,0,kumamoto_portal_map,2026-07-31T09:37:38+09:00,0d414b9d9107783208a947f1,missing_zero,https://portal.bousai.pref.kumamoto.jp/data/shelter/shelter.json
00000196,431001,熊本市,熊本農業高校,熊本市南区元三町5丁目1-1,32.74371,130.694527,,0,kumamoto_portal_map,2026-07-31T09:37:38+09:00,a9aa10f81fe8c3070ac3fa7f,missing_zero,https://portal.bousai.pref.kumamoto.jp/data/shelter/shelter.json
00002294,431001,熊本市,熊本駅周辺帰宅困難者対策本部,熊本市西区春日2丁目10-1,32.7862294,130.6885205,,0,kumamoto_portal_map,2026-07-31T09:37:38+09:00,26e35ed650bd8fb7ebc9d76c,missing_zero,https://portal.bousai.pref.kumamoto.jp/data/shelter/shelter.json
00000190,431001,熊本市,熊本高校,熊本県熊本市中央区新大江1丁目8,32.799944,130.729254,,0,kumamoto_portal_map,2026-07-31T09:37:38+09:00,23f59a39a3c9b0e55ce668e8,missing_zero,https://portal.bousai.pref.kumamoto.jp/data/shelter/shelter.json
00000282,431001,熊本市,熊本高校【広域】,熊本市中央区新大江1丁目8-1,32.799944,130.729254,,0,kumamoto_portal_map,2026-07-31T09:37:38+09:00,e1bb1b31f4390a84cfdd3613,missing_zero,https://portal.bousai.pref.kumamoto.jp/data/shelter/shelter.json
00000043,431001,熊本市,環境総合センター,熊本県熊本市東区画図町所島404-1,32.76407,130.73444,,0,kumamoto_portal_map,2026-07-31T09:37:38+09:00,6e52fded740c3f631d9b4309,missing_zero,https://portal.bousai.pref.kumamoto.jp/data/shelter/shelter.json
00000263,431001,熊本市,田原スポーツ公園,熊本市北区北区植木町富応1595-1,32.90831972,130.662432,,0,kumamoto_portal_map,2026-07-31T09:37:38+09:00,8dac27ff2a26f01c12fd0d8c,missing_zero,https://portal.bousai.pref.kumamoto.jp/data/shelter/shelter.json
00000167,431001,熊本市,田原小学校,熊本県熊本市北区植木町富応1302番地5,32.910445,130.664693,,0,kumamoto_portal_map,2026-07-31T09:37:38+09:00,2299470319c06e1c34b2513b,missing_zero,https://portal.bousai.pref.kumamoto.jp/data/shelter/shelter.json
00000160,431001,熊本市,田底小学校,熊本県熊本市北区植木町正清515番地,32.962692,130.716966,,0,kumamoto_portal_map,2026-07-31T09:37:38+09:00,bf6942cb09594e96b774e2cf,missing_zero,https://portal.bousai.pref.kumamoto.jp/data/shelter/shelter.json
00000246,431001,熊本市,田迎出仲間公園,熊本市南区出仲間3丁目7-62,32.77062469,130.7111487,,0,kumamoto_portal_map,2026-07-31T09:37:38+09:00,eceb25452dfcf585bb983145,missing_zero,https://portal.bousai.pref.kumamoto.jp/data/shelter/shelter.json
00000119,431001,熊本市,田迎南小学校,熊本県熊本市南区田井島3丁目12-1,32.762577,130.724861,,0,kumamoto_portal_map,2026-07-31T09:37:38+09:00,b4bd9509fa120b5ab1eb5ebe,missing_zero,https://portal.bousai.pref.kumamoto.jp/data/shelter/shelter.json
00000116,431001,熊本市,田迎小学校,熊本県熊本市南区出仲間8丁目3-30,32.768264,130.719802,,0,kumamoto_portal_map,2026-07-31T09:37:38+09:00,d0d5bd1f75f2cd42a138770e,missing_zero,https://portal.bousai.pref.kumamoto.jp/data/shelter/shelter.json
00000118,431001,熊本市,田迎西小学校,熊本県熊本市南区馬渡2丁目5-1,32.774147,130.705442,,0,kumamoto_portal_map,2026-07-31T09:37:38+09:00,b48398640612b0f27f988ebb,missing_zero,https://portal.bousai.pref.kumamoto.jp/data/shelter/shelter.json
00000042,431001,熊本市,画図小学校,熊本県熊本市東区下江津8丁目1-6,32.766961,130.740094,,0,kumamoto_portal_map,2026-07-31T09:37:38+09:00,30dda31a40aa4dd2cac1b428,missing_zero,https://portal.bousai.pref.kumamoto.jp/data/shelter/shelter.json
00000088,431001,熊本市,白坪小学校,熊本県熊本市西区蓮台寺4丁目4-1,32.777636,130.684141,,0,kumamoto_portal_map,2026-07-31T09:37:38+09:00,1f9c52fe083f960cf0ccd163,missing_zero,https://portal.bousai.pref.kumamoto.jp/data/shelter/shelter.json
00000034,431001,熊本市,白山小学校,熊本県熊本市中央区菅原町9-1,32.789401,130.719635,,0,kumamoto_portal_map,2026-07-31T09:37:38+09:00,66ef43104e0d1d887cec70ea,missing_zero,https://portal.bousai.pref.kumamoto.jp/data/shelter/shelter.json
00000239,431001,熊本市,白川中原緑地,熊本市西区小島上町、中原町,32.7703344,130.6420089,,0,kumamoto_portal_map,2026-07-31T09:37:38+09:00,8624a0c3ae6b898539787b97,missing_zero,https://portal.bousai.pref.kumamoto.jp/data/shelter/shelter.json
00000009,431001,熊本市,白川中学校,熊本県熊本市中央区大江3丁目1-12,32.803844,130.722329,,0,kumamoto_portal_map,2026-07-31T09:37:38+09:00,1d4bee993e8ebfe4a751e273,missing_zero,https://portal.bousai.pref.kumamoto.jp/data/shelter/shelter.json
00000280,431001,熊本市,白川中学校【広域】,熊本市中央区大江3丁目1-12,32.803844,130.722329,,0,kumamoto_portal_map,2026-07-31T09:37:38+09:00,ed81126f5ef441c20e48d9ef,missing_zero,https://portal.bousai.pref.kumamoto.jp/data/shelter/shelter.json
00000213,431001,熊本市,白川公園,熊本県熊本市中央区草葉町5,32.80512031,130.7149868,,0,kumamoto_portal_map,2026-07-31T09:37:38+09:00,2e6e082799d0982cc426efa7,missing_zero,https://portal.bousai.pref.kumamoto.jp/data/shelter/shelter.json
00000027,431001,熊本市,白川小学校,熊本県熊本市中央区新屋敷1丁目7-13,32.802622,130.716913,,0,kumamoto_portal_map,2026-07-31T09:37:38+09:00,f11e6bc38c2eff8c0e0c163d,missing_zero,https://portal.bousai.pref.kumamoto.jp/data/shelter/shelter.json
00000248,431001,熊本市,白川平田十禅寺緑地,熊本市南区平田1丁目、十禅寺2丁目,32.77705299,130.6919092,,0,kumamoto_portal_map,2026-07-31T09:37:38+09:00,b9a1d72363ec2c4a28e3f635,missing_zero,https://portal.bousai.pref.kumamoto.jp/data/shelter/shelter.json
00000289,431001,熊本市,白川橋上・下流左岸(白川橋左岸緑地),熊本県熊本市中央区本山2丁目、3丁目,32.79164707,130.6952279,,0,kumamoto_portal_map,2026-07-31T09:37:38+09:00,3de72094b4c5334a9f55d42e,missing_zero,https://portal.bousai.pref.kumamoto.jp/data/shelter/shelter.json
00000243,431001,熊本市,白川飽田緑地,熊本市南区今町、土河原町,32.76935874,130.6609245,,0,kumamoto_portal_map,2026-07-31T09:37:38+09:00,8348e98b5158fd4db76c06e4,missing_zero,https://portal.bousai.pref.kumamoto.jp/data/shelter/shelter.json
00000252,431001,熊本市,白藤公園,熊本市南区白藤2丁目4,32.74893312,130.6812081,,0,kumamoto_portal_map,2026-07-31T09:37:38+09:00,2530352471bc2d98693f120c,missing_zero,https://portal.bousai.pref.kumamoto.jp/data/shelter/shelter.json
00000236,431001,熊本市,石神山公園,熊本市西区島崎3丁目56,32.81101114,130.6797982,,0,kumamoto_portal_map,2026-07-31T09:37:38+09:00,06e6797deb71b843aec58a9a,missing_zero,https://portal.bousai.pref.kumamoto.jp/data/shelter/shelter.json
00000028,431001,熊本市,砂取小学校,熊本県熊本市中央区神水1丁目1-1,32.787152,130.738745,,0,kumamoto_portal_map,2026-07-31T09:37:38+09:00,466bf45abb15d555fc07efcb,missing_zero,https://portal.bousai.pref.kumamoto.jp/data/shelter/shelter.json
00000032,431001,熊本市,碩台小学校,熊本県熊本市中央区井川淵町4-8,32.809455,130.718496,,0,kumamoto_portal_map,2026-07-31T09:37:38+09:00,bab5abca4b19b2b414e35555,missing_zero,https://portal.bousai.pref.kumamoto.jp/data/shelter/shelter.json
00000038,431001,熊本市,秋津まちづくりセンター・公民館,熊本県熊本市東区秋津3丁目15-1,32.771237000000006,130.77320999999998,,0,kumamoto_portal_map,2026-07-31T09:37:38+09:00,a9903648b2a9e7682635593d,missing_zero,https://portal.bousai.pref.kumamoto.jp/data/shelter/shelter.json
00000217,431001,熊本市,秋津三丁目公園,熊本市東区秋津3丁目6,32.770673,130.772274,,0,kumamoto_portal_map,2026-07-31T09:37:38+09:00,b876365b24747beaa063cff2,missing_zero,https://portal.bousai.pref.kumamoto.jp/data/shelter/shelter.json
00000272,431001,熊本市,秋津中央公園,熊本市東区東野2丁目26,32.77570974,130.7736116,,0,kumamoto_portal_map,2026-07-31T09:37:38+09:00,e4120b3b051087fd91a4fbcb,missing_zero,https://portal.bousai.pref.kumamoto.jp/data/shelter/shelter.json
00000039,431001,熊本市,秋津小学校,熊本県熊本市東区秋津3丁目9-20,32.77232,130.772049,,0,kumamoto_portal_map,2026-07-31T09:37:38+09:00,f318f9e8f884911b59629f35,missing_zero,https://portal.bousai.pref.kumamoto.jp/data/shelter/shelter.json
00000218,431001,熊本市,秋津西公園,熊本市東区東野1丁目14,32.775923,130.768877,,0,kumamoto_portal_map,2026-07-31T09:37:38+09:00,77471c3b23e2e92b8634292c,missing_zero,https://portal.bousai.pref.kumamoto.jp/data/shelter/shelter.json
00000015,431001,熊本市,竜南中学校,熊本県熊本市中央区坪井4丁目16-1,32.817593,130.714441,,0,kumamoto_portal_map,2026-07-31T09:37:38+09:00,1bbc76a0b6dff3eb757e38b6,missing_zero,https://portal.bousai.pref.kumamoto.jp/data/shelter/shelter.json
00000251,431001,熊本市,笛田中央公園,熊本市南区御幸笛田6丁目6,32.75809171,130.7124583,,0,kumamoto_portal_map,2026-07-31T09:37:38+09:00,e1428921deae76b5b3861352,missing_zero,https://portal.bousai.pref.kumamoto.jp/data/shelter/shelter.json
00000200,431001,熊本市,第一高校,熊本県熊本市中央区古城町3-1,32.80115,130.700081,,0,kumamoto_portal_map,2026-07-31T09:37:38+09:00,60aea04a0811486288a4e80c,missing_zero,https://portal.bousai.pref.kumamoto.jp/data/shelter/shelter.json
00000192,431001,熊本市,第二高校,熊本市東区東町3丁目13-1,32.782208,130.766799,,0,kumamoto_portal_map,2026-07-31T09:37:38+09:00,37ecdf0ff34eabd36f4085e3,missing_zero,https://portal.bousai.pref.kumamoto.jp/data/shelter/shelter.json
00000244,431001,熊本市,緑川右岸第1号緑地,熊本市南区元三町4丁目,32.73599099,130.6957647,,0,kumamoto_portal_map,2026-07-31T09:37:38+09:00,9cf0c7948fa5a6d96464b959,missing_zero,https://portal.bousai.pref.kumamoto.jp/data/shelter/shelter.json
00000245,431001,熊本市,緑川右岸第2号緑地,熊本市南区野田1丁目、3丁目,32.73151223,130.689165,,0,kumamoto_portal_map,2026-07-31T09:37:38+09:00,0efba9a17d7a8166064685bf,missing_zero,https://portal.bousai.pref.kumamoto.jp/data/shelter/shelter.json
00000258,431001,熊本市,芝生広場,熊本市北区植木町岩野269番地2,32.90274599,130.6971798,,0,kumamoto_portal_map,2026-07-31T09:37:38+09:00,ab06a7d5e26b244aaecd3ebe,missing_zero,https://portal.bousai.pref.kumamoto.jp/data/shelter/shelter.json
00000092,431001,熊本市,花園まちづくりセンター・公民館,熊本県熊本市西区花園5丁目8-3,32.81763602,130.69498219999997,,0,kumamoto_portal_map,2026-07-31T09:37:38+09:00,098dd88ac42ba7d123cf202c,missing_zero,https://portal.bousai.pref.kumamoto.jp/data/shelter/shelter.json
00000240,431001,熊本市,花園五丁目公園,熊本市西区花園5丁目9,32.81657726,130.6948264,,0,kumamoto_portal_map,2026-07-31T09:37:38+09:00,8f88c019ba9379adee207af3,missing_zero,https://portal.bousai.pref.kumamoto.jp/data/shelter/shelter.json
00000093,431001,熊本市,花園小学校,熊本県熊本市西区花園6丁目9-15,32.822704,130.690748,,0,kumamoto_portal_map,2026-07-31T09:37:38+09:00,96eb2b9613f6446e872ad2fe,missing_zero,https://portal.bousai.pref.kumamoto.jp/data/shelter/shelter.json
00000089,431001,熊本市,花陵中学校,熊本県熊本市西区八島2丁目14-1,32.779041,130.677667,,0,kumamoto_portal_map,2026-07-31T09:37:38+09:00,71f30433e1a6908064495576,missing_zero,https://portal.bousai.pref.kumamoto.jp/data/shelter/shelter.json
00000100,431001,熊本市,芳野コミュニティセンター,熊本県熊本市西区河内町野出1410,32.84340184,130.6430633,,0,kumamoto_portal_map,2026-07-31T09:37:38+09:00,30c40dbc2f4fed9b7a95f400,missing_zero,https://portal.bousai.pref.kumamoto.jp/data/shelter/shelter.json
00000099,431001,熊本市,芳野中学校,熊本県熊本市西区河内町野出1420-46,32.84096622517049,130.64079094118213,,0,kumamoto_portal_map,2026-07-31T09:37:38+09:00,9b508f99b12ee7a710332bf5,missing_zero,https://portal.bousai.pref.kumamoto.jp/data/shelter/shelter.json
00000098,431001,熊本市,芳野小学校,熊本県熊本市西区河内町野出1419,32.842423,130.642863,,0,kumamoto_portal_map,2026-07-31T09:37:38+09:00,4739242c7314bb06666a6cc6,missing_zero,https://portal.bousai.pref.kumamoto.jp/data/shelter/shelter.json
00000069,431001,熊本市,若葉小学校,熊本県熊本市東区若葉4丁目23-1,32.772598,130.763216,,0,kumamoto_portal_map,2026-07-31T09:37:38+09:00,3d49247f3a5bf3014fe30ff6,missing_zero,https://portal.bousai.pref.kumamoto.jp/data/shelter/shelter.json
00000172,431001,熊本市,菱形小学校,熊本県熊本市北区植木町円台寺124番地,32.883253,130.66036,,0,kumamoto_portal_map,2026-07-31T09:37:38+09:00,b804f832a10ac2495a86d80e,missing_zero,https://portal.bousai.pref.kumamoto.jp/data/shelter/shelter.json
00000237,431001,熊本市,蓮台寺公園,熊本市西区蓮台寺4丁目14-55、5丁目5,32.77481687,130.6839523,,0,kumamoto_portal_map,2026-07-31T09:37:38+09:00,07ee3632bf9465c45a6ca2d2,missing_zero,https://portal.bousai.pref.kumamoto.jp/data/shelter/shelter.json
00000026,431001,熊本市,藤園中学校,熊本県熊本市中央区千葉城町5-2,32.808705,130.708219,,0,kumamoto_portal_map,2026-07-31T09:37:38+09:00,a508a141a75fb4747a91b35a,missing_zero,https://portal.bousai.pref.kumamoto.jp/data/shelter/shelter.json
00000276,431001,熊本市,藤園中学校【広域】,熊本市中央区千葉城5-2,32.808705,130.708219,,0,kumamoto_portal_map,2026-07-31T09:37:38+09:00,d317a0c6520913d618b14026,missing_zero,https://portal.bousai.pref.kumamoto.jp/data/shelter/shelter.json
00000066,431001,熊本市,西原中学校,熊本県熊本市東区保田窪4丁目9-1,32.809511,130.755827,,0,kumamoto_portal_map,2026-07-31T09:37:38+09:00,2fe09ccbf7f993ab83d20eb8,missing_zero,https://portal.bousai.pref.kumamoto.jp/data/shelter/shelter.json
00000065,431001,熊本市,西原小学校,熊本県熊本市東区新南部3丁目4-60,32.813038,130.748022,,0,kumamoto_portal_map,2026-07-31T09:37:38+09:00,f7b5ac50fd8ce0ce346f31a4,missing_zero,https://portal.bousai.pref.kumamoto.jp/data/shelter/shelter.json
00000006,431001,熊本市,西山中学校,熊本県熊本市中央区島崎1丁目27-1,32.803511,130.692859,,0,kumamoto_portal_map,2026-07-31T09:37:38+09:00,f9e65023369449e4df5aaa20,missing_zero,https://portal.bousai.pref.kumamoto.jp/data/shelter/shelter.json
00000078,431001,熊本市,西部交流センター,熊本県熊本市西区小島2丁目7-50,32.776321,130.646613,,0,kumamoto_portal_map,2026-07-31T09:37:38+09:00,294afc51ddc30332c2145f87,missing_zero,https://portal.bousai.pref.kumamoto.jp/data/shelter/shelter.json
00000075,431001,熊本市,西部公民館,熊本県熊本市西区小島2丁目7-1,32.77621514,130.6474542,,0,kumamoto_portal_map,2026-07-31T09:37:38+09:00,b7e3f9099a02a322a67e1cb2,missing_zero,https://portal.bousai.pref.kumamoto.jp/data/shelter/shelter.json
00000195,431001,熊本市,西部環境工場,熊本県熊本市西区城山薬師2丁目12-1,32.773744,130.646061,,0,kumamoto_portal_map,2026-07-31T09:37:38+09:00,1cfe8638b6c8fcbb10502290,missing_zero,https://portal.bousai.pref.kumamoto.jp/data/shelter/shelter.json
00000168,431001,熊本市,西里小学校,熊本県熊本市北区下硯川町1784,32.853868,130.702135,,0,kumamoto_portal_map,2026-07-31T09:37:38+09:00,0ffefdf5f04ce876adbfbc3f,missing_zero,https://portal.bousai.pref.kumamoto.jp/data/shelter/shelter.json
00000060,431001,熊本市,託麻まちづくりセンター・公民館,熊本県熊本市東区長嶺東7丁目11-15,32.82795399999999,130.779187,,0,kumamoto_portal_map,2026-07-31T09:37:38+09:00,8c72b7754e5beab9e93da9a0,missing_zero,https://portal.bousai.pref.kumamoto.jp/data/shelter/shelter.json
00000056,431001,熊本市,託麻スポーツセンター,熊本県熊本市東区上南部3-22-30,32.83725,130.774242,,0,kumamoto_portal_map,2026-07-31T09:37:38+09:00,a46517ff5bf3e956c6754b65,missing_zero,https://portal.bousai.pref.kumamoto.jp/data/shelter/shelter.json
00000117,431001,熊本市,託麻中学校,熊本県熊本市南区出仲間6丁目4-1,32.77232,130.716608,,0,kumamoto_portal_map,2026-07-31T09:37:38+09:00,fb5c645f6dd69ad7fc4adddc,missing_zero,https://portal.bousai.pref.kumamoto.jp/data/shelter/shelter.json
00000054,431001,熊本市,託麻北小学校,熊本県熊本市東区上南部3丁目34-1,32.839003,130.774173,,0,kumamoto_portal_map,2026-07-31T09:37:38+09:00,5d1f8b4e1d5e8524517d18d9,missing_zero,https://portal.bousai.pref.kumamoto.jp/data/shelter/shelter.json
00000224,431001,熊本市,託麻南中央公園,熊本市東区長嶺東4丁目14,32.82453717,130.7753363,,0,kumamoto_portal_map,2026-07-31T09:37:38+09:00,6fe9e8279d486b27be6e02d7,missing_zero,https://portal.bousai.pref.kumamoto.jp/data/shelter/shelter.json
00000061,431001,熊本市,託麻南小学校,熊本県熊本市東区長嶺東3丁目2-20,32.81765,130.776742,,0,kumamoto_portal_map,2026-07-31T09:37:38+09:00,0de17aac665bf503c6cc70de,missing_zero,https://portal.bousai.pref.kumamoto.jp/data/shelter/shelter.json
00000033,431001,熊本市,託麻原小学校,熊本県熊本市中央区渡鹿2丁目3-1,32.803733,130.735606,,0,kumamoto_portal_map,2026-07-31T09:37:38+09:00,ac3f64e9387be21bd6d2b5ca,missing_zero,https://portal.bousai.pref.kumamoto.jp/data/shelter/shelter.json
00000058,431001,熊本市,託麻東小学校,熊本県熊本市東区戸島3丁目15-1,32.824335,130.793897,,0,kumamoto_portal_map,2026-07-31T09:37:38+09:00,edab322bee7e002d81319e17,missing_zero,https://portal.bousai.pref.kumamoto.jp/data/shelter/shelter.json
00000057,431001,熊本市,託麻西小学校,熊本県熊本市東区御領2丁目3-30,32.82151,130.766243,,0,kumamoto_portal_map,2026-07-31T09:37:38+09:00,4e463059f529a73bd3bfc09e,missing_zero,https://portal.bousai.pref.kumamoto.jp/data/shelter/shelter.json
00000142,431001,熊本市,豊田小学校,熊本県熊本市南区城南町塚原259番地,32.690077,130.74547,,0,kumamoto_portal_map,2026-07-31T09:37:38+09:00,e3195d0ba8f5f382ade10565,missing_zero,https://portal.bousai.pref.kumamoto.jp/data/shelter/shelter.json
00000210,431001,熊本市,銀座橋一帯白川川岸,熊本県熊本市中央区中央街,32.80008549,130.712745,,0,kumamoto_portal_map,2026-07-31T09:37:38+09:00,35f379f853208a10f509c815,missing_zero,https://portal.bousai.pref.kumamoto.jp/data/shelter/shelter.json
00000115,431001,熊本市,銭塘小学校,熊本県熊本市南区銭塘町990,32.741682,130.645698,,0,kumamoto_portal_map,2026-07-31T09:37:38+09:00,804421b41385f2b1afbaebc4,missing_zero,https://portal.bousai.pref.kumamoto.jp/data/shelter/shelter.json
00000046,431001,熊本市,錦ヶ丘中学校,熊本県熊本市東区錦ヶ丘22-1,32.790846,130.757105,,0,kumamoto_portal_map,2026-07-31T09:37:38+09:00,a74013d6a8fbf318ead5ffcd,missing_zero,https://portal.bousai.pref.kumamoto.jp/data/shelter/shelter.json
00000221,431001,熊本市,錦ヶ丘公園,熊本市東区錦ヶ丘8,32.7917489,130.753417,,0,kumamoto_portal_map,2026-07-31T09:37:38+09:00,0a425cd859cfb31e2b654766,missing_zero,https://portal.bousai.pref.kumamoto.jp/data/shelter/shelter.json
00000208,431001,熊本市,長六橋上・下流左岸,熊本県熊本市中央区迎町1丁目、本荘5丁目,32.79388528,130.7025604,,0,kumamoto_portal_map,2026-07-31T09:37:38+09:00,b3dfd00e5a5cf9380e915f5e,missing_zero,https://portal.bousai.pref.kumamoto.jp/data/shelter/shelter.json
00000064,431001,熊本市,長嶺中学校,熊本県熊本市東区長嶺南7丁目21-40,32.813705,130.778437,,0,kumamoto_portal_map,2026-07-31T09:37:38+09:00,59989b8b820e5bc87c435948,missing_zero,https://portal.bousai.pref.kumamoto.jp/data/shelter/shelter.json
00000225,431001,熊本市,長嶺公園,熊本市東区長嶺南4丁目8,32.80967182,130.7746156,,0,kumamoto_portal_map,2026-07-31T09:37:38+09:00,e11e9c09f76c0f38a7862af0,missing_zero,https://portal.bousai.pref.kumamoto.jp/data/shelter/shelter.json
00000063,431001,熊本市,長嶺小学校,熊本県熊本市東区長嶺南7丁目22-1,32.812428,130.779464,,0,kumamoto_portal_map,2026-07-31T09:37:38+09:00,4dfff3c762f36789d54ee1d6,missing_zero,https://portal.bousai.pref.kumamoto.jp/data/shelter/shelter.json
00000202,431001,熊本市,開新高校,熊本県熊本市中央区大江6丁目1-33,32.800067,130.726329,,0,kumamoto_portal_map,2026-07-31T09:37:38+09:00,fc63b28ff6a58d8975d3cf27,missing_zero,https://portal.bousai.pref.kumamoto.jp/data/shelter/shelter.json
00000281,431001,熊本市,開新高校【広域】,熊本市中央区大江6丁目1-33,32.800067,130.726329,,0,kumamoto_portal_map,2026-07-31T09:37:38+09:00,dfde62dc966c41bfae7bdf83,missing_zero,https://portal.bousai.pref.kumamoto.jp/data/shelter/shelter.json
00000140,431001,熊本市,隈庄小学校,熊本県熊本市南区城南町隈庄270番地,32.708131,130.726526,,0,kumamoto_portal_map,2026-07-31T09:37:38+09:00,e351320adef6abb4b71e087d,missing_zero,https://portal.bousai.pref.kumamoto.jp/data/shelter/shelter.json
00000123,431001,熊本市,雁回館,熊本県熊本市南区富合町清藤405-1,32.71536997,130.6781455,,0,kumamoto_portal_map,2026-07-31T09:37:38+09:00,d45b478772ef8cce30639d8d,missing_zero,https://portal.bousai.pref.kumamoto.jp/data/shelter/shelter.json
00000104,431001,熊本市,飽田まちづくりセンター・公民館,熊本県熊本市南区会富町1333-1,32.75434654,130.65358610000004,,0,kumamoto_portal_map,2026-07-31T09:37:38+09:00,465befe44197fe6f5c8e9cce,missing_zero,https://portal.bousai.pref.kumamoto.jp/data/shelter/shelter.json
00000102,431001,熊本市,飽田中学校,熊本県熊本市南区孫代町72,32.760347,130.654197,,0,kumamoto_portal_map,2026-07-31T09:37:38+09:00,23982915c3bef3d6aebeb775,missing_zero,https://portal.bousai.pref.kumamoto.jp/data/shelter/shelter.json
00000242,431001,熊本市,飽田公園運動場,熊本市南区浜口町126,32.758287,130.652727,,0,kumamoto_portal_map,2026-07-31T09:37:38+09:00,41603ac85c55d07924519b07,missing_zero,https://portal.bousai.pref.kumamoto.jp/data/shelter/shelter.json
00000105,431001,熊本市,飽田南小学校,熊本県熊本市南区護藤町999,32.750071,130.662918,,0,kumamoto_portal_map,2026-07-31T09:37:38+09:00,be7ce32d09a0c27c7d4f2c06,missing_zero,https://portal.bousai.pref.kumamoto.jp/data/shelter/shelter.json
00000101,431001,熊本市,飽田東小学校,熊本県熊本市南区砂原町115,32.763097,130.662251,,0,kumamoto_portal_map,2026-07-31T09:37:38+09:00,d8d2693e0a17e2a9cef01049,missing_zero,https://portal.bousai.pref.kumamoto.jp/data/shelter/shelter.json
00000103,431001,熊本市,飽田西小学校,熊本県熊本市南区並建町1005,32.75482,130.633893,,0,kumamoto_portal_map,2026-07-31T09:37:38+09:00,27b22e30de884f9169305240,missing_zero,https://portal.bousai.pref.kumamoto.jp/data/shelter/shelter.json
00000226,431001,熊本市,香りの森,熊本市東区戸島西7丁目3,32.802729,130.787129,,0,kumamoto_portal_map,2026-07-31T09:37:38+09:00,0dacae25c99f898bda825450,missing_zero,https://portal.bousai.pref.kumamoto.jp/data/shelter/shelter.json
00000255,431001,熊本市,高グラウンド,熊本市南区城南町高476-1,32.72586736,130.7137017,,0,kumamoto_portal_map,2026-07-31T09:37:38+09:00,fe534da2932759766bd8943b,missing_zero,https://portal.bousai.pref.kumamoto.jp/data/shelter/shelter.json
00000159,431001,熊本市,高平台小学校,熊本県熊本市北区高平1丁目17-28,32.834147,130.713274,,0,kumamoto_portal_map,2026-07-31T09:37:38+09:00,507f61fc3094111147d2efcd,missing_zero,https://portal.bousai.pref.kumamoto.jp/data/shelter/shelter.json
00000090,431001,熊本市,高橋小学校,熊本県熊本市西区高橋町1丁目6-1,32.784103,130.656457,,0,kumamoto_portal_map,2026-07-31T09:37:38+09:00,080475f81f3f1cbc21a24e7d,missing_zero,https://portal.bousai.pref.kumamoto.jp/data/shelter/shelter.json
00000150,431001,熊本市,鹿南中学校,熊本県熊本市北区植木町滴水1110番地,32.896808,130.674192,,0,kumamoto_portal_map,2026-07-31T09:37:38+09:00,24a784774c7ff453c9a4ec20,missing_zero,https://portal.bousai.pref.kumamoto.jp/data/shelter/shelter.json
00000143,431001,熊本市,麻生田小学校,熊本県熊本市北区麻生田3丁目9-1,32.852283,130.744195,,0,kumamoto_portal_map,2026-07-31T09:37:38+09:00,4d6a82c016a365c1c731fd6b,missing_zero,https://portal.bousai.pref.kumamoto.jp/data/shelter/shelter.json
00000013,431001,熊本市,黒髪小学校,熊本県熊本市中央区黒髪2丁目2-1,32.815065,130.720051,,0,kumamoto_portal_map,2026-07-31T09:37:38+09:00,f6d6711e426a35e1e27bd1df,missing_zero,https://portal.bousai.pref.kumamoto.jp/data/shelter/shelter.json
00000161,431001,熊本市,龍田まちづくりセンター・公民館,熊本県熊本市北区龍田弓削1丁目1-10,32.84401471000002,130.764357,,0,kumamoto_portal_map,2026-07-31T09:37:38+09:00,c335ccff870ecb7a3eb1328d,missing_zero,https://portal.bousai.pref.kumamoto.jp/data/shelter/shelter.json
00000165,431001,熊本市,龍田中学校,熊本県熊本市北区龍田7丁目8-1,32.836052,130.761186,,0,kumamoto_portal_map,2026-07-31T09:37:38+09:00,0a481d590619c8903656ca12,missing_zero,https://portal.bousai.pref.kumamoto.jp/data/shelter/shelter.json
00000162,431001,熊本市,龍田体育館,熊本県熊本市北区龍田弓削1丁目1-10,32.844153,130.764427,,0,kumamoto_portal_map,2026-07-31T09:37:38+09:00,2eddf260202feb9ef95688f8,missing_zero,https://portal.bousai.pref.kumamoto.jp/data/shelter/shelter.json
00000164,431001,熊本市,龍田小学校,熊本県熊本市北区龍田7丁目7-1,32.837788,130.761039,,0,kumamoto_portal_map,2026-07-31T09:37:38+09:00,f1dc318c21d3945fbb7d7991,missing_zero,https://portal.bousai.pref.kumamoto.jp/data/shelter/shelter.json
00000166,431001,熊本市,龍田西小学校,熊本県熊本市北区龍田陳内2丁目17-1,32.828637,130.744572,,0,kumamoto_portal_map,2026-07-31T09:37:38+09:00,ac890dde9fb6c96d8297a6f2,missing_zero,https://portal.bousai.pref.kumamoto.jp/data/shelter/shelter.json
00000781,432024,八代市,かやばの里,八代市泉町柿迫5157,32.543574,130.836996,50,50,kumamoto_portal_map,2026-07-31T09:37:38+09:00,de7949f4b9fb9c7442c0d96d,parsed,https://portal.bousai.pref.kumamoto.jp/data/shelter/shelter.json
00000745,432024,八代市,さかもと温泉センター,八代市坂本町川岳1091,32.413453,130.63873,300,300,kumamoto_portal_map,2026-07-31T09:37:38+09:00,b7da1a6dce7c0dc1a749c841,parsed,https://portal.bousai.pref.kumamoto.jp/data/shelter/shelter.json
00000750,432024,八代市,さかもと青少年センター分館,八代市坂本町中谷い1270,32.443409,130.66913,150,150,kumamoto_portal_map,2026-07-31T09:37:38+09:00,4e11eb0250dc4d4c86bc19da,parsed,https://portal.bousai.pref.kumamoto.jp/data/shelter/shelter.json
00000296,432024,八代市,ふくしステーション 千の穂,八代市高下西町1760,32.486925,130.608468,14,14,kumamoto_portal_map,2026-07-31T09:37:38+09:00,8049a6c799d32b6ac4231052,parsed,https://portal.bousai.pref.kumamoto.jp/data/shelter/shelter.json
00002305,432024,八代市,みんなの家(中津道),熊本県八代市坂本町中津道300,32.3819908976471,130.6545426746153,30,30,kumamoto_portal_map,2026-07-31T09:37:38+09:00,f9f79a021e4f0063e4acc5df,parsed,https://portal.bousai.pref.kumamoto.jp/data/shelter/shelter.json
00000291,432024,八代市,ケアハウスキャッスル八代,八代市本町三丁目3-41,32.505134,130.597432,10,10,kumamoto_portal_map,2026-07-31T09:37:38+09:00,bb9884909136fe2a4f5f97e1,parsed,https://portal.bousai.pref.kumamoto.jp/data/shelter/shelter.json
00000683,432024,八代市,サンライフ八代,八代市日置町692-1,32.508654,130.623222,300,300,kumamoto_portal_map,2026-07-31T09:37:38+09:00,c723a92531462f5aab1429dd,parsed,https://portal.bousai.pref.kumamoto.jp/data/shelter/shelter.json
00002300,432024,八代市,上鎌瀬地区公民館,熊本県八代市坂本町鎌瀬814-1,32.39104092232466,130.6600727190543,20,20,kumamoto_portal_map,2026-07-31T09:37:38+09:00,e06cf82b71d070788ff54f44,parsed,https://portal.bousai.pref.kumamoto.jp/data/shelter/shelter.json
00000764,432024,八代市,中九州短期大学,八代市平山新町4438,32.477273,130.608199,890,890,kumamoto_portal_map,2026-07-31T09:37:38+09:00,688a1e27c4862ddc122941d1,parsed,https://portal.bousai.pref.kumamoto.jp/data/shelter/shelter.json
00002168,432024,八代市,中九州短期大学(Nakagawaふれ愛アリーナ),熊本県八代市平山新町4428-1,32.47678099839266,130.60967324569106,,0,kumamoto_portal_map,2026-07-31T09:37:38+09:00,2cf4f1a29758770c650a5d92,missing_zero,https://portal.bousai.pref.kumamoto.jp/data/shelter/shelter.json
00000704,432024,八代市,久多良木多目的集会施設,八代市坂本町百済来下694,32.39717961887801,130.59679985046387,100,100,kumamoto_portal_map,2026-07-31T09:37:38+09:00,843372517cc28fb05bb66a03,parsed,https://portal.bousai.pref.kumamoto.jp/data/shelter/shelter.json
00000734,432024,八代市,久多良木社会教育センター,八代市坂本町百済来下664,32.398139,130.59704,600,600,kumamoto_portal_map,2026-07-31T09:37:38+09:00,2f9bbdda7b255b7da782afa4,parsed,https://portal.bousai.pref.kumamoto.jp/data/shelter/shelter.json
00000701,432024,八代市,久連子古代の里,八代市泉町久連子72,32.45891,130.913688,40,40,kumamoto_portal_map,2026-07-31T09:37:38+09:00,e34b5662661edb81e9f15e3b,parsed,https://portal.bousai.pref.kumamoto.jp/data/shelter/shelter.json
00000695,432024,八代市,二見コミュニティセンター,八代市二見下大野町2432-1,32.407212,130.558888,200,200,kumamoto_portal_map,2026-07-31T09:37:38+09:00,1f6b416d7ca992a014a06c11,parsed,https://portal.bousai.pref.kumamoto.jp/data/shelter/shelter.json
00000741,432024,八代市,二見中学校,八代市二見本町852,32.403379,130.557866,410,410,kumamoto_portal_map,2026-07-31T09:37:38+09:00,d041a260fd1c907e244b5f1f,parsed,https://portal.bousai.pref.kumamoto.jp/data/shelter/shelter.json
00000732,432024,八代市,二見小学校,八代市二見下大野町2258-1,32.407312,130.559832,610,610,kumamoto_portal_map,2026-07-31T09:37:38+09:00,72f6dcdf42be5b1c9c607e20,parsed,https://portal.bousai.pref.kumamoto.jp/data/shelter/shelter.json
00000688,432024,八代市,五家荘デイサービスセンター 福寿草,八代市泉町椎原1-1,32.489623,130.902989,20,20,kumamoto_portal_map,2026-07-31T09:37:38+09:00,9c7f0ed02ced8ad4034185a2,parsed,https://portal.bousai.pref.kumamoto.jp/data/shelter/shelter.json
00000708,432024,八代市,五家荘自然塾,八代市泉町仁田尾25,32.556058,130.890922,80,80,kumamoto_portal_map,2026-07-31T09:37:38+09:00,26c98e9d6edd59b9df61795d,parsed,https://portal.bousai.pref.kumamoto.jp/data/shelter/shelter.json
00002299,432024,八代市,今泉地区公民館,熊本県八代市坂本町西部ろ1292番地,32.470608472097545,130.63879203022225,40,40,kumamoto_portal_map,2026-07-31T09:37:38+09:00,7306bd6cf627706596c4d888,parsed,https://portal.bousai.pref.kumamoto.jp/data/shelter/shelter.json
00000307,432024,八代市,介護老人保健施設 かがみ苑,八代市塩浜町11-235,32.559025,130.625439,10,10,kumamoto_portal_map,2026-07-31T09:37:38+09:00,a5e66a014d2fd313b9abdbda,parsed,https://portal.bousai.pref.kumamoto.jp/data/shelter/shelter.json
00000299,432024,八代市,介護老人保健施設 とまと,八代市郡築一番町180-1,32.515255,130.564608,50,50,kumamoto_portal_map,2026-07-31T09:37:38+09:00,7d5c051ab8aef86415238f55,parsed,https://portal.bousai.pref.kumamoto.jp/data/shelter/shelter.json
00000294,432024,八代市,介護老人保健施設 アメニティゆうりん,八代市古閑浜町3401,32.537543,130.599795,10,10,kumamoto_portal_map,2026-07-31T09:37:38+09:00,e5495cae287ff6de91cbd253,parsed,https://portal.bousai.pref.kumamoto.jp/data/shelter/shelter.json
00000295,432024,八代市,介護老人保健施設 向春苑,八代市大福寺町2411-1,32.47345,130.591909,10,10,kumamoto_portal_map,2026-07-31T09:37:38+09:00,6a939585d0c0d1b8bac4e7f0,parsed,https://portal.bousai.pref.kumamoto.jp/data/shelter/shelter.json
00000694,432024,八代市,代陽コミュニティセンター,八代市西松江城町2-18,32.507089,130.597324,200,200,kumamoto_portal_map,2026-07-31T09:37:38+09:00,84dcabbe0637937a614a942a,parsed,https://portal.bousai.pref.kumamoto.jp/data/shelter/shelter.json
00002357,432024,八代市,代陽コミュニティセンター,熊本県八代市,32.50744982000003,130.60182023000004,,0,kumamoto_portal_map,2026-07-31T09:37:38+09:00,144a01f636b077e45efae060,missing_zero,https://portal.bousai.pref.kumamoto.jp/data/shelter/shelter.json
00000719,432024,八代市,代陽小学校,八代市北の丸町1-7,32.509506,130.601759,1000,1000,kumamoto_portal_map,2026-07-31T09:37:38+09:00,b276f19a065b0486ded4e193,parsed,https://portal.bousai.pref.kumamoto.jp/data/shelter/shelter.json
00000746,432024,八代市,働く婦人の家,八代市清水町2-94,32.505837,130.615633,250,250,kumamoto_portal_map,2026-07-31T09:37:38+09:00,10589d65e23235702b4c4b74,parsed,https://portal.bousai.pref.kumamoto.jp/data/shelter/shelter.json
00000699,432024,八代市,八代コミュニティセンター,八代市新地町6-3,32.509161,130.590519,200,200,kumamoto_portal_map,2026-07-31T09:37:38+09:00,7fc169354f24f0ab249e0606,parsed,https://portal.bousai.pref.kumamoto.jp/data/shelter/shelter.json
00000669,432024,八代市,八代トヨオカ地建アリーナ(総合体育館),八代市緑町11-1,32.504782,130.610442,3000,3000,kumamoto_portal_map,2026-07-31T09:37:38+09:00,bd6a62371270887a30f2bda6,parsed,https://portal.bousai.pref.kumamoto.jp/data/shelter/shelter.json
00000302,432024,八代市,八代学園,八代市二見本町240,32.400926,130.550422,20,20,kumamoto_portal_map,2026-07-31T09:37:38+09:00,704ca89c7f184a4dc6716e1f,parsed,https://portal.bousai.pref.kumamoto.jp/data/shelter/shelter.json
00000771,432024,八代市,八代実業専門学校,八代市迎町1丁目16-33,32.497971,130.60111,200,200,kumamoto_portal_map,2026-07-31T09:37:38+09:00,65bf649171412198997a38ba,parsed,https://portal.bousai.pref.kumamoto.jp/data/shelter/shelter.json
00000718,432024,八代市,八代小学校,八代市新地町4-1,32.509678,130.591491,1120,1120,kumamoto_portal_map,2026-07-31T09:37:38+09:00,452a87fd3b7d540aee9af486,parsed,https://portal.bousai.pref.kumamoto.jp/data/shelter/shelter.json
00000765,432024,八代市,八代工業高校,八代市大福寺町473,32.487602,130.605971,630,630,kumamoto_portal_map,2026-07-31T09:37:38+09:00,911b2f66dcb78e237ba37083,parsed,https://portal.bousai.pref.kumamoto.jp/data/shelter/shelter.json
00000766,432024,八代市,八代工業高等専門学校,八代市平山新町2627,32.476842,130.606852,510,510,kumamoto_portal_map,2026-07-31T09:37:38+09:00,3242a3d71bec6971edacd415,parsed,https://portal.bousai.pref.kumamoto.jp/data/shelter/shelter.json
00000730,432024,八代市,八代市保健センター,八代市高下西町1726-5,32.487577,130.608132,672,672,kumamoto_portal_map,2026-07-31T09:37:38+09:00,2b28c9af9c5cdbf482491986,parsed,https://portal.bousai.pref.kumamoto.jp/data/shelter/shelter.json
00000678,432024,八代市,八代市定住センター及び東陽交流センターせせらぎ,八代市東陽町南1058-1,32.547608,130.716007,450,450,kumamoto_portal_map,2026-07-31T09:37:38+09:00,012cec55040577b8a228873e,parsed,https://portal.bousai.pref.kumamoto.jp/data/shelter/shelter.json
00002260,432024,八代市,八代支援学校,熊本県八代市高島町1-6,32.52161374898702,130.57932146386213,56,56,kumamoto_portal_map,2026-07-31T09:37:38+09:00,965d3c5c085d8ff1e9c0356d,parsed,https://portal.bousai.pref.kumamoto.jp/data/shelter/shelter.json
00000763,432024,八代市,八代東高校,八代市鷹辻町4-25,32.5109,130.602893,920,920,kumamoto_portal_map,2026-07-31T09:37:38+09:00,3d0c6b57ae5c683bc7d6af4f,parsed,https://portal.bousai.pref.kumamoto.jp/data/shelter/shelter.json
00000777,432024,八代市,八代清流高校,八代市渡町1576,32.491247,130.624614,800,800,kumamoto_portal_map,2026-07-31T09:37:38+09:00,1e883370e7f8af65b6c5f3a2,parsed,https://portal.bousai.pref.kumamoto.jp/data/shelter/shelter.json
00000761,432024,八代市,八代白百合学園高校,八代市井上町727−1,32.518518,130.631391,1860,1860,kumamoto_portal_map,2026-07-31T09:37:38+09:00,bd8d81aa3efee49e3f2c7ab9,parsed,https://portal.bousai.pref.kumamoto.jp/data/shelter/shelter.json
00000778,432024,八代市,八代農業高校,八代市鏡町鏡村129,32.565185,130.661091,600,600,kumamoto_portal_map,2026-07-31T09:37:38+09:00,f7b3ec7374abd0c84d493848,parsed,https://portal.bousai.pref.kumamoto.jp/data/shelter/shelter.json
00000762,432024,八代市,八代高校,八代市永碇町856,32.519519,130.597126,1800,1800,kumamoto_portal_map,2026-07-31T09:37:38+09:00,02889b70129e1999c002c1f3,parsed,https://portal.bousai.pref.kumamoto.jp/data/shelter/shelter.json
00000769,432024,八代市,八代高等職業訓練校,八代市清水町2-94,32.505837,130.615633,300,300,kumamoto_portal_map,2026-07-31T09:37:38+09:00,cae4b8d3a51af14dcc94f7a6,parsed,https://portal.bousai.pref.kumamoto.jp/data/shelter/shelter.json
00000698,432024,八代市,八千把コミュニティセンター,八代市上野町1193-1,32.518414,130.6142,200,200,kumamoto_portal_map,2026-07-31T09:37:38+09:00,7082f4fda3e9fced4a06daef,parsed,https://portal.bousai.pref.kumamoto.jp/data/shelter/shelter.json
00000725,432024,八代市,八千把小学校,八代市上野町1131,32.517084,130.613622,800,800,kumamoto_portal_map,2026-07-31T09:37:38+09:00,a182018f3c8496894ba02e43,parsed,https://portal.bousai.pref.kumamoto.jp/data/shelter/shelter.json
00000758,432024,八代市,八千把小浜分校,八代市古閑浜町3287,32.53904,130.6042,25,25,kumamoto_portal_map,2026-07-31T09:37:38+09:00,7277528df70c2d00ad204f0f,parsed,https://portal.bousai.pref.kumamoto.jp/data/shelter/shelter.json
00000716,432024,八代市,八竜小学校,八代市坂本町荒瀬6544,32.435345,130.653081,1200,1200,kumamoto_portal_map,2026-07-31T09:37:38+09:00,2ed0149fd4ad36b60b02666e,parsed,https://portal.bousai.pref.kumamoto.jp/data/shelter/shelter.json
00000705,432024,八代市,千丁コミュニティセンター,八代市千丁町新牟田1434,32.535033,130.633638,100,100,kumamoto_portal_map,2026-07-31T09:37:38+09:00,67c46a60d824b2de906ee09e,parsed,https://portal.bousai.pref.kumamoto.jp/data/shelter/shelter.json
00000737,432024,八代市,千丁中学校,八代市千丁町古閑出2493-1,32.537111,130.630835,500,500,kumamoto_portal_map,2026-07-31T09:37:38+09:00,e460b06168b521baa567b792,parsed,https://portal.bousai.pref.kumamoto.jp/data/shelter/shelter.json
00000743,432024,八代市,千丁体育館,八代市千丁町新牟田1869-1,32.536147,130.630041,400,400,kumamoto_portal_map,2026-07-31T09:37:38+09:00,81c5e464892570b54144f5fb,parsed,https://portal.bousai.pref.kumamoto.jp/data/shelter/shelter.json
00000742,432024,八代市,千丁小学校,八代市千丁町新牟田1345,32.536564,130.634699,400,400,kumamoto_portal_map,2026-07-31T09:37:38+09:00,8459380af6f6b331b5fb4e23,parsed,https://portal.bousai.pref.kumamoto.jp/data/shelter/shelter.json
00000738,432024,八代市,厚生会館,八代市西松江城町1-47,32.50785,130.598179,500,500,kumamoto_portal_map,2026-07-31T09:37:38+09:00,a0fbdb691ccbe0a07974e629,parsed,https://portal.bousai.pref.kumamoto.jp/data/shelter/shelter.json
00000774,432024,八代市,古麓町公民館,八代市古麓町968,32.493962,130.634869,30,30,kumamoto_portal_map,2026-07-31T09:37:38+09:00,ec6b52c61b341fa3f2101c6e,parsed,https://portal.bousai.pref.kumamoto.jp/data/shelter/shelter.json
00000300,432024,八代市,地域密着型介護老人福祉施設 希望,八代市興善寺町495-1,32.527674,130.659298,14,14,kumamoto_portal_map,2026-07-31T09:37:38+09:00,bc5fe3f9d5843200a5509d59,parsed,https://portal.bousai.pref.kumamoto.jp/data/shelter/shelter.json
00000676,432024,八代市,坂本コミュニティセンター,八代市坂本町坂本4161-1,32.43511,130.65725,248,248,kumamoto_portal_map,2026-07-31T09:37:38+09:00,41f2d884bd8e102505008ea9,parsed,https://portal.bousai.pref.kumamoto.jp/data/shelter/shelter.json
00000711,432024,八代市,坂本中学校,八代市坂本町荒瀬6000,32.433598,130.652423,1600,1600,kumamoto_portal_map,2026-07-31T09:37:38+09:00,4f0f64af329fb89d80937cb2,parsed,https://portal.bousai.pref.kumamoto.jp/data/shelter/shelter.json
00000736,432024,八代市,坂本地域福祉センター,八代市坂本町荒瀬1307,32.425727,130.64036,500,500,kumamoto_portal_map,2026-07-31T09:37:38+09:00,b3166d7fac0b8fca903afac9,parsed,https://portal.bousai.pref.kumamoto.jp/data/shelter/shelter.json
00000751,432024,八代市,坂本憩いの家,八代市坂本町鶴喰893,32.417285,130.617185,150,150,kumamoto_portal_map,2026-07-31T09:37:38+09:00,688cdcd42f1af36c30b55133,parsed,https://portal.bousai.pref.kumamoto.jp/data/shelter/shelter.json
00000752,432024,八代市,坂本支所,八代市坂本町坂本4228-12,32.43551,130.657303,100,100,kumamoto_portal_map,2026-07-31T09:37:38+09:00,877b16d53f9d9ea7ac553f58,parsed,https://portal.bousai.pref.kumamoto.jp/data/shelter/shelter.json
00000756,432024,八代市,大島公民館(大島分校跡),八代市大島町4885,32.538586,130.554911,80,80,kumamoto_portal_map,2026-07-31T09:37:38+09:00,685ad336603b92094a09d61f,parsed,https://portal.bousai.pref.kumamoto.jp/data/shelter/shelter.json
00000707,432024,八代市,大島石灰事務所,八代市大島町4883,32.539203,130.55685,100,100,kumamoto_portal_map,2026-07-31T09:37:38+09:00,d2fa514b14915580392bcadc,parsed,https://portal.bousai.pref.kumamoto.jp/data/shelter/shelter.json
00000682,432024,八代市,太田郷コミュニティセンター,八代市井上町601-1,32.515254,130.630074,300,300,kumamoto_portal_map,2026-07-31T09:37:38+09:00,542db4f3dc64f0c13e5233fa,parsed,https://portal.bousai.pref.kumamoto.jp/data/shelter/shelter.json
00000710,432024,八代市,太田郷小学校,八代市日置町445,32.510321,130.62218,1800,1800,kumamoto_portal_map,2026-07-31T09:37:38+09:00,04a1d693386241a40f79e499,parsed,https://portal.bousai.pref.kumamoto.jp/data/shelter/shelter.json
00000697,432024,八代市,宮地コミュニティセンター,八代市宮地町383,32.499364,130.639846,200,200,kumamoto_portal_map,2026-07-31T09:37:38+09:00,acd33521e746c91d0965c608,parsed,https://portal.bousai.pref.kumamoto.jp/data/shelter/shelter.json
00000731,432024,八代市,宮地小学校,八代市宮地町1826,32.501075,130.640524,640,640,kumamoto_portal_map,2026-07-31T09:37:38+09:00,b7c4caf9ce445c31012236f0,parsed,https://portal.bousai.pref.kumamoto.jp/data/shelter/shelter.json
00002245,432024,八代市,宮地東コミュニティセンター,熊本県八代市東町5497-1,32.50628140887411,130.66889762878415,43,43,kumamoto_portal_map,2026-07-31T09:37:38+09:00,0f7ae0566d0cab9d6d238502,parsed,https://portal.bousai.pref.kumamoto.jp/data/shelter/shelter.json
00000673,432024,八代市,川岳保育園,八代市坂本町川獄2354,32.439851,130.666994,80,80,kumamoto_portal_map,2026-07-31T09:37:38+09:00,70c7f0af3456f15ac74d56a3,parsed,https://portal.bousai.pref.kumamoto.jp/data/shelter/shelter.json
00000773,432024,八代市,市民球場,八代市古閑中町1495,32.531074,130.607073,100,100,kumamoto_portal_map,2026-07-31T09:37:38+09:00,0a7a647e8d1504c7d247fa9e,parsed,https://portal.bousai.pref.kumamoto.jp/data/shelter/shelter.json
00000782,432024,八代市,希望の里たいよう,八代市高下西町1704,32.487897,130.609082,50,50,kumamoto_portal_map,2026-07-31T09:37:38+09:00,a0080c6f1fba23229f569fad,parsed,https://portal.bousai.pref.kumamoto.jp/data/shelter/shelter.json
00000749,432024,八代市,広域交流センター坂本館,八代市坂本町荒瀬1239-1,32.426674,130.640938,200,200,kumamoto_portal_map,2026-07-31T09:37:38+09:00,175e43b2e6f2656c56191904,parsed,https://portal.bousai.pref.kumamoto.jp/data/shelter/shelter.json
00000768,432024,八代市,文政小学校,八代市鏡町両出1371-1,32.560698,130.633131,350,350,kumamoto_portal_map,2026-07-31T09:37:38+09:00,4575005230b2c09ac404bca9,parsed,https://portal.bousai.pref.kumamoto.jp/data/shelter/shelter.json
00000775,432024,八代市,新開新浜町公民館,八代市新開町3-36,32.507466,130.576593,30,30,kumamoto_portal_map,2026-07-31T09:37:38+09:00,19f893c64c1707820f6dcc69,parsed,https://portal.bousai.pref.kumamoto.jp/data/shelter/shelter.json
00000706,432024,八代市,日奈久コミュニティセンター,八代市日奈久塩南町甲13,32.434993,130.578835,100,100,kumamoto_portal_map,2026-07-31T09:37:38+09:00,2596d6f00fd70dcd21fcea93,parsed,https://portal.bousai.pref.kumamoto.jp/data/shelter/shelter.json
00000729,432024,八代市,日奈久中学校,八代市日奈久竹之内町4332-1,32.439443,130.579321,680,680,kumamoto_portal_map,2026-07-31T09:37:38+09:00,45013d3c698255c52cc1dc69,parsed,https://portal.bousai.pref.kumamoto.jp/data/shelter/shelter.json
00000720,432024,八代市,日奈久小学校,八代市日奈久竹之内町4277-1,32.439129,130.581568,980,980,kumamoto_portal_map,2026-07-31T09:37:38+09:00,815d88420b847e32a5a48b4b,parsed,https://portal.bousai.pref.kumamoto.jp/data/shelter/shelter.json
00000755,432024,八代市,日奈久温泉センター,八代市日奈久中町316,32.432407,130.575102,90,90,kumamoto_portal_map,2026-07-31T09:37:38+09:00,7fb69a66d1b1f2e67d517214,parsed,https://portal.bousai.pref.kumamoto.jp/data/shelter/shelter.json
00000759,432024,八代市,旧宮地東小学校,八代市東町5468-1,32.506757,130.669081,160,160,kumamoto_portal_map,2026-07-31T09:37:38+09:00,6be2dad6818d45e756524cf7,parsed,https://portal.bousai.pref.kumamoto.jp/data/shelter/shelter.json
00000675,432024,八代市,旧河俣小学校,八代市東陽町河俣8071,32.516126,130.742581,60,60,kumamoto_portal_map,2026-07-31T09:37:38+09:00,0b596c5ac1632d4083a0eb5d,parsed,https://portal.bousai.pref.kumamoto.jp/data/shelter/shelter.json
00000783,432024,八代市,旧泉第一小学校,八代市泉町1960,32.56787,130.773621,250,250,kumamoto_portal_map,2026-07-31T09:37:38+09:00,67fe04dd73a0111b222007f6,parsed,https://portal.bousai.pref.kumamoto.jp/data/shelter/shelter.json
00000693,432024,八代市,昭和コミュニティセンター,八代市昭和明徴町730-1,32.559716,130.603625,200,200,kumamoto_portal_map,2026-07-31T09:37:38+09:00,c96e162d1666c446f0dde6cd,parsed,https://portal.bousai.pref.kumamoto.jp/data/shelter/shelter.json
00000748,432024,八代市,昭和小学校,八代市昭和明徴町731-2,32.560711,130.603302,240,240,kumamoto_portal_map,2026-07-31T09:37:38+09:00,73509186972ba62f3f09cd08,parsed,https://portal.bousai.pref.kumamoto.jp/data/shelter/shelter.json
00000770,432024,八代市,有佐小学校,八代市鏡町中島1360-1,32.553397,130.665391,280,280,kumamoto_portal_map,2026-07-31T09:37:38+09:00,08270fcb0947b18bb99d352a,parsed,https://portal.bousai.pref.kumamoto.jp/data/shelter/shelter.json
00000670,432024,八代市,東陽コミュニティセンター及び東陽スポーツセンター,八代市東陽町南1285,32.54433511191955,130.71083300019381,850,850,kumamoto_portal_map,2026-07-31T09:37:38+09:00,e862c99c16efa1d1580ade3b,parsed,https://portal.bousai.pref.kumamoto.jp/data/shelter/shelter.json
00000780,432024,八代市,東陽中学校,八代市東陽町南1869,32.537051,130.717769,200,200,kumamoto_portal_map,2026-07-31T09:37:38+09:00,8f312d2e0ae8d3e06c7a0bde,parsed,https://portal.bousai.pref.kumamoto.jp/data/shelter/shelter.json
00000679,432024,八代市,東陽地域福祉保健センター,八代市東陽町南1075,32.545817,130.717696,440,440,kumamoto_portal_map,2026-07-31T09:37:38+09:00,d3c5804dcc38835cfde8a798,parsed,https://portal.bousai.pref.kumamoto.jp/data/shelter/shelter.json
00000779,432024,八代市,東陽小学校,八代市東陽町南3405-2,32.548405,130.716632,200,200,kumamoto_portal_map,2026-07-31T09:37:38+09:00,0e609694e7399d858e53b82c,parsed,https://portal.bousai.pref.kumamoto.jp/data/shelter/shelter.json
00000709,432024,八代市,東陽支所,八代市東陽町南1105−1,32.545666,130.716177,45,45,kumamoto_portal_map,2026-07-31T09:37:38+09:00,36ded96d4c5e6fb764dce9e0,parsed,https://portal.bousai.pref.kumamoto.jp/data/shelter/shelter.json
00000784,432024,八代市,松橋支援学校氷川分教室,八代市鏡町鏡村937,32.571345,130.656713,115,115,kumamoto_portal_map,2026-07-31T09:37:38+09:00,6cc18ab45ac920b097a5c4f5,parsed,https://portal.bousai.pref.kumamoto.jp/data/shelter/shelter.json
00000696,432024,八代市,松高コミュニティセンター,八代市永碇町754-2,32.519355,130.592269,200,200,kumamoto_portal_map,2026-07-31T09:37:38+09:00,9acb6d9483fc31037fb4177d,parsed,https://portal.bousai.pref.kumamoto.jp/data/shelter/shelter.json
00000722,432024,八代市,松高小学校,八代市永碇町828-1,32.51881,130.594621,964,964,kumamoto_portal_map,2026-07-31T09:37:38+09:00,b0bf2502c50ff9181c58f9b8,parsed,https://portal.bousai.pref.kumamoto.jp/data/shelter/shelter.json
00000776,432024,八代市,桜十字ホールやつしろ(ハーモニーホール),八代市新町5−20,32.50734,130.608834,1250,1250,kumamoto_portal_map,2026-07-31T09:37:38+09:00,e1f7bf9c3efa46149b13c0e8,parsed,https://portal.bousai.pref.kumamoto.jp/data/shelter/shelter.json
00000689,432024,八代市,植柳コミュニティセンター,八代市植柳下町4251-2,32.485413,130.598749,200,200,kumamoto_portal_map,2026-07-31T09:37:38+09:00,47a801f9e4e7900777435438,parsed,https://portal.bousai.pref.kumamoto.jp/data/shelter/shelter.json
00000717,432024,八代市,植柳小学校,八代市植柳上町449,32.492221,130.603365,1160,1160,kumamoto_portal_map,2026-07-31T09:37:38+09:00,8798ad523c24fcd66dc7b002,parsed,https://portal.bousai.pref.kumamoto.jp/data/shelter/shelter.json
00000680,432024,八代市,泉コミュニティセンター,八代市泉町栗木5866,32.545649,130.808184,400,400,kumamoto_portal_map,2026-07-31T09:37:38+09:00,3e8516ebc48ea730f783bb7a,parsed,https://portal.bousai.pref.kumamoto.jp/data/shelter/shelter.json
00000686,432024,八代市,泉憩いの家,八代市泉町椎原1-1,32.489623,130.902989,150,150,kumamoto_portal_map,2026-07-31T09:37:38+09:00,3015743ecb811ae2b1c1df91,parsed,https://portal.bousai.pref.kumamoto.jp/data/shelter/shelter.json
00000681,432024,八代市,泉第八小学校,八代市泉町樅木137-4,32.501902,130.966001,262,262,kumamoto_portal_map,2026-07-31T09:37:38+09:00,6bd12ccc3559d81dad0dc63e,parsed,https://portal.bousai.pref.kumamoto.jp/data/shelter/shelter.json
00000703,432024,八代市,深水生活改善センター,八代市坂本町深水い1542-2,32.46991313603533,130.6949972381699,100,100,kumamoto_portal_map,2026-07-31T09:37:38+09:00,2ce61b6b241ac331846faecd,parsed,https://portal.bousai.pref.kumamoto.jp/data/shelter/shelter.json
00000733,432024,八代市,深水社会教育センター,八代市坂本町坂本い1471,32.439951,130.669841,600,600,kumamoto_portal_map,2026-07-31T09:37:38+09:00,fc27b77e833a84adebc2d9fe,parsed,https://portal.bousai.pref.kumamoto.jp/data/shelter/shelter.json
00000292,432024,八代市,特別養護老人ホーム あさひ園,八代市上日置町2345,32.509457,130.627722,10,10,kumamoto_portal_map,2026-07-31T09:37:38+09:00,13300ce8a1b5d250236efbe1,parsed,https://portal.bousai.pref.kumamoto.jp/data/shelter/shelter.json
00000298,432024,八代市,特別養護老人ホーム ま心苑,八代市敷川内町2251-1,32.457489,130.599076,15,15,kumamoto_portal_map,2026-07-31T09:37:38+09:00,8ee534c00c90d1c1e40e70c8,parsed,https://portal.bousai.pref.kumamoto.jp/data/shelter/shelter.json
00000293,432024,八代市,特別養護老人ホーム みやび園,八代市高島町4221,32.523824,130.582855,20,20,kumamoto_portal_map,2026-07-31T09:37:38+09:00,8049fc2c661d039d7aa7e9cd,parsed,https://portal.bousai.pref.kumamoto.jp/data/shelter/shelter.json
00000306,432024,八代市,特別養護老人ホーム 安寿の里,八代市鏡町両出800-1,32.560379,130.632365,10,10,kumamoto_portal_map,2026-07-31T09:37:38+09:00,7e34ac111689da4b5285c8d7,parsed,https://portal.bousai.pref.kumamoto.jp/data/shelter/shelter.json
00000305,432024,八代市,特別養護老人ホーム 康和苑,八代市千丁町太牟田1300-8,32.541742,130.647698,20,20,kumamoto_portal_map,2026-07-31T09:37:38+09:00,9c73b783eebfeaaa5a41a850,parsed,https://portal.bousai.pref.kumamoto.jp/data/shelter/shelter.json
00000297,432024,八代市,特別養護老人ホームすずらんの里,八代市葭牟田町435,32.493734,130.578987,10,10,kumamoto_portal_map,2026-07-31T09:37:38+09:00,0c3a57e08e8d345ecc033316,parsed,https://portal.bousai.pref.kumamoto.jp/data/shelter/shelter.json
00000308,432024,八代市,特別養護老人ホームひかわの里,八代市東陽町南752-1,32.548174,130.71086,10,10,kumamoto_portal_map,2026-07-31T09:37:38+09:00,71b3c7c811529572d73ff123,parsed,https://portal.bousai.pref.kumamoto.jp/data/shelter/shelter.json
00000304,432024,八代市,特別養護老人ホーム坂本の里一灯苑,八代市坂本町坂本1071,32.44111,130.669216,8,8,kumamoto_portal_map,2026-07-31T09:37:38+09:00,c4d2e351691ef7eac2204de5,parsed,https://portal.bousai.pref.kumamoto.jp/data/shelter/shelter.json
00000301,432024,八代市,特別養護老人ホーム行楽園(みなみ園),八代市日奈久塩南町54,32.435779,130.577518,20,20,kumamoto_portal_map,2026-07-31T09:37:38+09:00,b72dcb2fd955868d49bd85a5,parsed,https://portal.bousai.pref.kumamoto.jp/data/shelter/shelter.json
00000674,432024,八代市,田上社会教育センター,八代市坂本町田上2006,32.411111,130.62922,600,600,kumamoto_portal_map,2026-07-31T09:37:38+09:00,1389fc72c3e44e17352421c9,parsed,https://portal.bousai.pref.kumamoto.jp/data/shelter/shelter.json
00000754,432024,八代市,百済来スポーツセンター,八代市坂本町田上150,32.406214,130.622815,100,100,kumamoto_portal_map,2026-07-31T09:37:38+09:00,05eed84bd5e882a12abcd753,parsed,https://portal.bousai.pref.kumamoto.jp/data/shelter/shelter.json
00000760,432024,八代市,秀岳館高校,八代市興国町1-5,32.51588,130.60427,2950,2950,kumamoto_portal_map,2026-07-31T09:37:38+09:00,e61ce8cc2f449216429bd14d,parsed,https://portal.bousai.pref.kumamoto.jp/data/shelter/shelter.json
00000715,432024,八代市,第一中学校,八代市北の丸町1-29,32.510353,130.599415,1300,1300,kumamoto_portal_map,2026-07-31T09:37:38+09:00,3ff88ff210a8c8e57d6403e8,parsed,https://portal.bousai.pref.kumamoto.jp/data/shelter/shelter.json
00000726,432024,八代市,第七中学校,八代市郡築七番町41-2,32.537787,130.576264,750,750,kumamoto_portal_map,2026-07-31T09:37:38+09:00,9f5478cc8855df4da769bf6c,parsed,https://portal.bousai.pref.kumamoto.jp/data/shelter/shelter.json
00000713,432024,八代市,第三中学校,八代市中北町3378-5,32.496659,130.584331,1500,1500,kumamoto_portal_map,2026-07-31T09:37:38+09:00,09a3707792378feabf9b73a4,parsed,https://portal.bousai.pref.kumamoto.jp/data/shelter/shelter.json
00000714,432024,八代市,第二中学校,八代市上日置町2248-1,32.510926,130.62463,1400,1400,kumamoto_portal_map,2026-07-31T09:37:38+09:00,6ffd1b1e85b2aafface8b25c,parsed,https://portal.bousai.pref.kumamoto.jp/data/shelter/shelter.json
00000735,432024,八代市,第五中学校,八代市豊原下町3807,32.483684,130.615509,580,580,kumamoto_portal_map,2026-07-31T09:37:38+09:00,64ecc73c663a49ce26f2b2e6,parsed,https://portal.bousai.pref.kumamoto.jp/data/shelter/shelter.json
00000740,432024,八代市,第八中学校,八代市西宮町656,32.49948,130.634122,460,460,kumamoto_portal_map,2026-07-31T09:37:38+09:00,b23fba6e2757aa4d02da523e,parsed,https://portal.bousai.pref.kumamoto.jp/data/shelter/shelter.json
00000728,432024,八代市,第六中学校,八代市水島町2065-4,32.480569,130.579732,680,680,kumamoto_portal_map,2026-07-31T09:37:38+09:00,b71403ebb89f13bc5ba92c3a,parsed,https://portal.bousai.pref.kumamoto.jp/data/shelter/shelter.json
00000727,432024,八代市,第四中学校,八代市古閑上町182-2,32.519136,130.612309,740,740,kumamoto_portal_map,2026-07-31T09:37:38+09:00,960b3eb957d534cb572faf94,parsed,https://portal.bousai.pref.kumamoto.jp/data/shelter/shelter.json
00000702,432024,八代市,西部多目的集会施設,八代市坂本町西部は1896,32.469484,130.645041,100,100,kumamoto_portal_map,2026-07-31T09:37:38+09:00,f31118ae5b3ee34be19c41f7,parsed,https://portal.bousai.pref.kumamoto.jp/data/shelter/shelter.json
00000303,432024,八代市,身体障がい者療養施設 かんねさこ荘,八代市二見本町433,32.402051,130.552278,10,10,kumamoto_portal_map,2026-07-31T09:37:38+09:00,dd22d47441e4ea6de7494c71,parsed,https://portal.bousai.pref.kumamoto.jp/data/shelter/shelter.json
00000690,432024,八代市,郡築コミュニティセンター,八代市郡築六番町61-2,32.535476,130.573006,200,200,kumamoto_portal_map,2026-07-31T09:37:38+09:00,534401fb99c08f145d332cfe,parsed,https://portal.bousai.pref.kumamoto.jp/data/shelter/shelter.json
00000723,432024,八代市,郡築小学校,八代市郡築六番町49-1,32.534284,130.574292,800,800,kumamoto_portal_map,2026-07-31T09:37:38+09:00,6ca1cd0934522a62b4004894,parsed,https://portal.bousai.pref.kumamoto.jp/data/shelter/shelter.json
00000692,432024,八代市,金剛コミュニティセンター,八代市高植本町800-2,32.471839,130.584529,200,200,kumamoto_portal_map,2026-07-31T09:37:38+09:00,7ac5ae352f447cbbd942d0f2,parsed,https://portal.bousai.pref.kumamoto.jp/data/shelter/shelter.json
00000724,432024,八代市,金剛小学校,八代市高植本町1207,32.476136,130.584581,800,800,kumamoto_portal_map,2026-07-31T09:37:38+09:00,c30e0ba13e12f70b502c81e0,parsed,https://portal.bousai.pref.kumamoto.jp/data/shelter/shelter.json
00000747,432024,八代市,金剛小弥次分校,八代市三江湖町1472-1,32.487137,130.574409,240,240,kumamoto_portal_map,2026-07-31T09:37:38+09:00,f09b2dcc180a59faf9842b50,parsed,https://portal.bousai.pref.kumamoto.jp/data/shelter/shelter.json
00000684,432024,八代市,鏡コミュニティセンター,八代市鏡町内田1339-1,32.562104,130.644848,250,250,kumamoto_portal_map,2026-07-31T09:37:38+09:00,434edfcb69181f94de7304e6,parsed,https://portal.bousai.pref.kumamoto.jp/data/shelter/shelter.json
00000744,432024,八代市,鏡中学校,八代市鏡町内田1038-1,32.560646,130.645834,370,370,kumamoto_portal_map,2026-07-31T09:37:38+09:00,97a7c66c4ffa0e24bc31f741,parsed,https://portal.bousai.pref.kumamoto.jp/data/shelter/shelter.json
00000700,432024,八代市,鏡体育館及び鏡武道館,八代市鏡町両出1430,32.561959,130.634412,500,500,kumamoto_portal_map,2026-07-31T09:37:38+09:00,fc6502ca6ef06628232718f2,parsed,https://portal.bousai.pref.kumamoto.jp/data/shelter/shelter.json
00000767,432024,八代市,鏡小学校,八代市鏡町鏡村609-1,32.567757,130.662366,360,360,kumamoto_portal_map,2026-07-31T09:37:38+09:00,fc07d4550a93586b2c73a4e8,parsed,https://portal.bousai.pref.kumamoto.jp/data/shelter/shelter.json
00000772,432024,八代市,鏡西部小学校,八代市鏡町野崎217-1,32.590621,130.635633,170,170,kumamoto_portal_map,2026-07-31T09:37:38+09:00,6d98b62f76d3916e56a83cc5,parsed,https://portal.bousai.pref.kumamoto.jp/data/shelter/shelter.json
00000691,432024,八代市,高田コミュニティセンター,八代市本野町505,32.487086,130.616723,200,200,kumamoto_portal_map,2026-07-31T09:37:38+09:00,0eed3460142a8529a9c9eac3,parsed,https://portal.bousai.pref.kumamoto.jp/data/shelter/shelter.json
00000721,432024,八代市,高田小学校,八代市豊原中町317,32.489289,130.616762,840,840,kumamoto_portal_map,2026-07-31T09:37:38+09:00,32d814bdcf924bcc0fc34c49,parsed,https://portal.bousai.pref.kumamoto.jp/data/shelter/shelter.json
00000757,432024,八代市,鮎帰生活館,八代市坂本町鮎帰い1299,32.441544,130.704611,75,75,kumamoto_portal_map,2026-07-31T09:37:38+09:00,b365cb657c96c6cc56dd7824,parsed,https://portal.bousai.pref.kumamoto.jp/data/shelter/shelter.json
00000672,432024,八代市,鮎帰社会教育センター,八代市坂本町鮎帰は867,32.432278,130.695876,600,600,kumamoto_portal_map,2026-07-31T09:37:38+09:00,97e8ced05f6687fdd390511c,parsed,https://portal.bousai.pref.kumamoto.jp/data/shelter/shelter.json
00000753,432024,八代市,鶴喰生活改善センター,八代市坂本町鶴喰2220,32.418466,130.620529,100,100,kumamoto_portal_map,2026-07-31T09:37:38+09:00,8398722980111d039c503f7d,parsed,https://portal.bousai.pref.kumamoto.jp/data/shelter/shelter.json
00000677,432024,八代市,麦島コミュニティセンター,八代市古城町2259,32.497581,130.592541,500,500,kumamoto_portal_map,2026-07-31T09:37:38+09:00,22d002d464715ea603419253,parsed,https://portal.bousai.pref.kumamoto.jp/data/shelter/shelter.json
00000712,432024,八代市,麦島小学校,八代市迎町1丁目16-1-1,32.498568,130.601357,1500,1500,kumamoto_portal_map,2026-07-31T09:37:38+09:00,6f7d29af2670d591080ddc09,parsed,https://portal.bousai.pref.kumamoto.jp/data/shelter/shelter.json
00000685,432024,八代市,龍峯コミュニティセンター,八代市興善寺町1952,32.529238,130.663892,230,230,kumamoto_portal_map,2026-07-31T09:37:38+09:00,88709ef9a9e0c521c1efff86,parsed,https://portal.bousai.pref.kumamoto.jp/data/shelter/shelter.json
00000739,432024,八代市,龍峯小学校,八代市岡町谷川1043,32.530005,130.663734,480,480,kumamoto_portal_map,2026-07-31T09:37:38+09:00,5760038c058d3dd1067253de,parsed,https://portal.bousai.pref.kumamoto.jp/data/shelter/shelter.json
00000806,432032,人吉市,カルチャーパレス,人吉市下城本町1578-1,32.216644,130.740045,10500,10500,kumamoto_portal_map,2026-07-31T09:37:38+09:00,f2d3d402b04c3919af548cae,parsed,https://portal.bousai.pref.kumamoto.jp/data/shelter/shelter.json
00000811,432032,人吉市,中原コミュニティセンター,人吉市下原田町荒毛2136,32.229037,130.725143,600,600,kumamoto_portal_map,2026-07-31T09:37:38+09:00,fa961ae93a7a410fa794cb4a,parsed,https://portal.bousai.pref.kumamoto.jp/data/shelter/shelter.json
00000809,432032,人吉市,中原小学校,人吉市中神町段548,32.224775,130.72,3500,3500,kumamoto_portal_map,2026-07-31T09:37:38+09:00,a6ee8a42154f6aa6195b7f0d,parsed,https://portal.bousai.pref.kumamoto.jp/data/shelter/shelter.json
00000311,432032,人吉市,中小企業大学校,人吉市鬼木町1769-1,32.229922,130.776991,50,50,kumamoto_portal_map,2026-07-31T09:37:38+09:00,6bf135bb29eb0d64478b5f44,parsed,https://portal.bousai.pref.kumamoto.jp/data/shelter/shelter.json
00000790,432032,人吉市,中小企業大学校グラウンド,人吉市鬼木町1769-1,32.229922,130.776991,2000,2000,kumamoto_portal_map,2026-07-31T09:37:38+09:00,f13bd7db9db950761f4b661e,parsed,https://portal.bousai.pref.kumamoto.jp/data/shelter/shelter.json
00000807,432032,人吉市,人吉スポーツパレス,人吉市下城本町1566-1,32.217392,130.7401,,,kumamoto_portal_map,2026-07-31T09:37:38+09:00,196cc41d73468ded7d6d0288,missing,https://portal.bousai.pref.kumamoto.jp/data/shelter/shelter.json
00000309,432032,人吉市,人吉商工会議所,人吉市南泉田町3-3,32.217506,130.761245,100,100,kumamoto_portal_map,2026-07-31T09:37:38+09:00,c9f64a61a08598041c709520,parsed,https://portal.bousai.pref.kumamoto.jp/data/shelter/shelter.json
00000789,432032,人吉市,人吉城跡ふるさと歴史の広場,人吉市麓町22-1,32.20826,130.763934,8000,8000,kumamoto_portal_map,2026-07-31T09:37:38+09:00,9fcf500dc2281ee1ae9d08fe,parsed,https://portal.bousai.pref.kumamoto.jp/data/shelter/shelter.json
00000813,432032,人吉市,人吉市保健センター,人吉市西間下町118‐1,32.204552,130.763896,1100,1100,kumamoto_portal_map,2026-07-31T09:37:38+09:00,ff0c810000fda1f3164d651e,parsed,https://portal.bousai.pref.kumamoto.jp/data/shelter/shelter.json
00000785,432032,人吉市,人吉東小学校,人吉市七日町100-1,32.216331,130.766873,6500,6500,kumamoto_portal_map,2026-07-31T09:37:38+09:00,0a01b0cdff4fbef21112fceb,parsed,https://portal.bousai.pref.kumamoto.jp/data/shelter/shelter.json
00000808,432032,人吉市,人吉球磨能力開発センター,人吉市相良町1253-1,32.210784,130.745653,5000,5000,kumamoto_portal_map,2026-07-31T09:37:38+09:00,b8ab1a3b65ebb04cc9914fc8,parsed,https://portal.bousai.pref.kumamoto.jp/data/shelter/shelter.json
00000812,432032,人吉市,人吉第一市民運動広場,人吉市上原田町1883,32.239834,130.733192,8500,8500,kumamoto_portal_map,2026-07-31T09:37:38+09:00,710b07defd2f70c6b2f8c35f,parsed,https://portal.bousai.pref.kumamoto.jp/data/shelter/shelter.json
00000791,432032,人吉市,人吉西小学校,人吉市城本町873,32.219486,130.755715,7000,7000,kumamoto_portal_map,2026-07-31T09:37:38+09:00,e71a21426fd3a036e4505e07,parsed,https://portal.bousai.pref.kumamoto.jp/data/shelter/shelter.json
00000310,432032,人吉市,人吉高校,人吉市北泉田町350,32.220606,130.768006,450,450,kumamoto_portal_map,2026-07-31T09:37:38+09:00,dedae6e4c6bd4adef53dd290,parsed,https://portal.bousai.pref.kumamoto.jp/data/shelter/shelter.json
00000787,432032,人吉市,人吉高校グラウンド,人吉市北泉田町350,32.220606,130.768006,14000,14000,kumamoto_portal_map,2026-07-31T09:37:38+09:00,1a372e481b1f1eb4d1b0165e,parsed,https://portal.bousai.pref.kumamoto.jp/data/shelter/shelter.json
00000801,432032,人吉市,大畑コミュニティセンター,人吉市大畑町4071-2,32.163174,130.802126,2000,2000,kumamoto_portal_map,2026-07-31T09:37:38+09:00,28912098896a71737f2abd74,parsed,https://portal.bousai.pref.kumamoto.jp/data/shelter/shelter.json
00000799,432032,人吉市,大畑小学校,人吉市大畑町4097,32.16333,130.803126,4000,4000,kumamoto_portal_map,2026-07-31T09:37:38+09:00,f8f3cec4e49851d05f818e8d,parsed,https://portal.bousai.pref.kumamoto.jp/data/shelter/shelter.json
00000797,432032,人吉市,川上哲治記念球場,人吉市蟹作町1531-1,32.19637,130.775425,3375,3375,kumamoto_portal_map,2026-07-31T09:37:38+09:00,cb46b0b3165f94046e436e47,parsed,https://portal.bousai.pref.kumamoto.jp/data/shelter/shelter.json
00000792,432032,人吉市,東西コミュニティセンター,人吉市城本町1088,32.219747,130.759454,2000,2000,kumamoto_portal_map,2026-07-31T09:37:38+09:00,d50e9858d928e602bdaa64bc,parsed,https://portal.bousai.pref.kumamoto.jp/data/shelter/shelter.json
00000795,432032,人吉市,東間グラウンド,人吉市東間下町2683,32.203649,130.766793,3500,3500,kumamoto_portal_map,2026-07-31T09:37:38+09:00,e0aaf880698e46f84e4ea84d,parsed,https://portal.bousai.pref.kumamoto.jp/data/shelter/shelter.json
00000796,432032,人吉市,東間コミュニティセンター,人吉市蟹作町1531-1,32.19637,130.775425,3375,3375,kumamoto_portal_map,2026-07-31T09:37:38+09:00,8737ec3ee1a0eabf7fa3ff5f,parsed,https://portal.bousai.pref.kumamoto.jp/data/shelter/shelter.json
00000794,432032,人吉市,東間小学校,人吉市東間下町2683,32.203649,130.766793,3500,3500,kumamoto_portal_map,2026-07-31T09:37:38+09:00,9e9a4676534cbde06f50e99d,parsed,https://portal.bousai.pref.kumamoto.jp/data/shelter/shelter.json
00000788,432032,人吉市,梢山多目的グラウンド,人吉市鬼木町1769-15,32.229991,130.779579,7000,7000,kumamoto_portal_map,2026-07-31T09:37:38+09:00,13b322d4000469b15188c0e0,parsed,https://portal.bousai.pref.kumamoto.jp/data/shelter/shelter.json
00000312,432032,人吉市,球磨工業高校,人吉市城本町800,32.219033,130.752555,250,250,kumamoto_portal_map,2026-07-31T09:37:38+09:00,74c2dc3b984c6d741ec7ec19,parsed,https://portal.bousai.pref.kumamoto.jp/data/shelter/shelter.json
00000793,432032,人吉市,球磨工業高校グラウンド,人吉市城本町800,32.219033,130.752555,14000,14000,kumamoto_portal_map,2026-07-31T09:37:38+09:00,55338e1d21b8cdde34039705,parsed,https://portal.bousai.pref.kumamoto.jp/data/shelter/shelter.json
00000798,432032,人吉市,田野活性化センター,人吉市田野町3392-2,32.140005,130.683155,100,100,kumamoto_portal_map,2026-07-31T09:37:38+09:00,dd7e08c7bb1b66c3b93ef7fa,parsed,https://portal.bousai.pref.kumamoto.jp/data/shelter/shelter.json
00000786,432032,人吉市,第一中学校,人吉市土手町36-3,32.20769,130.759229,10000,10000,kumamoto_portal_map,2026-07-31T09:37:38+09:00,1e1447e5555419476d6a0ab7,parsed,https://portal.bousai.pref.kumamoto.jp/data/shelter/shelter.json
00000800,432032,人吉市,第三中学校,人吉市上田代町2008,32.167285,130.804273,4500,4500,kumamoto_portal_map,2026-07-31T09:37:38+09:00,f744d89dff71cfe61d965d1f,parsed,https://portal.bousai.pref.kumamoto.jp/data/shelter/shelter.json
00000810,432032,人吉市,第二中学校,人吉市上林町622,32.221286,130.743964,14000,14000,kumamoto_portal_map,2026-07-31T09:37:38+09:00,acd9256c2578d9d2c927e3b4,parsed,https://portal.bousai.pref.kumamoto.jp/data/shelter/shelter.json
00000803,432032,人吉市,西瀬グラウンド,人吉市下戸越町1654-1,32.206387,130.736576,3000,3000,kumamoto_portal_map,2026-07-31T09:37:38+09:00,b0ee01dd9ec20c5655f25dba,parsed,https://portal.bousai.pref.kumamoto.jp/data/shelter/shelter.json
00000804,432032,人吉市,西瀬コミュニティセンター,人吉市下戸越町1063-1,32.207262,130.736218,1000,1000,kumamoto_portal_map,2026-07-31T09:37:38+09:00,dd081bcde10a9ffe1975e51d,parsed,https://portal.bousai.pref.kumamoto.jp/data/shelter/shelter.json
00000805,432032,人吉市,西瀬コミュニティセンター鹿目分館,人吉市鹿目町2515,32.190577,130.689202,900,900,kumamoto_portal_map,2026-07-31T09:37:38+09:00,d3712f62801c0c36c47d8d55,parsed,https://portal.bousai.pref.kumamoto.jp/data/shelter/shelter.json
00000802,432032,人吉市,西瀬小学校,人吉市下戸越町1654-1,32.206387,130.736576,3000,3000,kumamoto_portal_map,2026-07-31T09:37:38+09:00,3a7320bbe4c81771838c718b,parsed,https://portal.bousai.pref.kumamoto.jp/data/shelter/shelter.json
00000315,432041,荒尾市,ふれあい福祉センター,荒尾市川登1777-12,32.973489,130.463651,250,250,kumamoto_portal_map,2026-07-31T09:37:38+09:00,004c45d6a77d5befa336bfb6,parsed,https://portal.bousai.pref.kumamoto.jp/data/shelter/shelter.json
00000819,432041,荒尾市,みどり蒼生館,荒尾市平山2119-3,32.990911,130.489076,130,130,kumamoto_portal_map,2026-07-31T09:37:38+09:00,a30b3582e0d78b7732e4bedb,parsed,https://portal.bousai.pref.kumamoto.jp/data/shelter/shelter.json
00000314,432041,荒尾市,メディア交流館,荒尾市大正町2丁目-3-2,32.998467,130.4335,130,130,kumamoto_portal_map,2026-07-31T09:37:38+09:00,f78f091df9296953e524d7f8,parsed,https://portal.bousai.pref.kumamoto.jp/data/shelter/shelter.json
00002087,432041,荒尾市,万田中央体育館,荒尾市万田178,32.999345,130.443516,600,600,kumamoto_portal_map,2026-07-31T09:37:38+09:00,9bc8fac7762288c7ee4ccfd5,parsed,https://portal.bousai.pref.kumamoto.jp/data/shelter/shelter.json
00000816,432041,荒尾市,万田小学校,荒尾市万田696-1,32.999873,130.436569,700,700,kumamoto_portal_map,2026-07-31T09:37:38+09:00,1a822e0f38ee3d9ec3a3dde5,parsed,https://portal.bousai.pref.kumamoto.jp/data/shelter/shelter.json
00000817,432041,荒尾市,万田炭鉱館,荒尾市原万田213-31,33.000431,130.451415,130,130,kumamoto_portal_map,2026-07-31T09:37:38+09:00,c6205d4827326384144868a9,parsed,https://portal.bousai.pref.kumamoto.jp/data/shelter/shelter.json
00002356,432041,荒尾市,万田西区公民館,熊本県荒尾市,32.98671222581289,130.43301389882453,,0,kumamoto_portal_map,2026-07-31T09:37:38+09:00,f88e6a127c9de03273dd88a2,missing_zero,https://portal.bousai.pref.kumamoto.jp/data/shelter/shelter.json
00002095,432041,荒尾市,中央公民館,荒尾市増永633,32.973237,130.4362,300,300,kumamoto_portal_map,2026-07-31T09:37:38+09:00,c053d0ab6cf8192f79a7e39d,parsed,https://portal.bousai.pref.kumamoto.jp/data/shelter/shelter.json
00002323,432041,荒尾市,中央小学校,熊本県荒尾市荒尾4043番地,32.98055215324231,130.45917463328806,100,100,kumamoto_portal_map,2026-07-31T09:37:38+09:00,86c13a19376d348aaddc91c3,parsed,https://portal.bousai.pref.kumamoto.jp/data/shelter/shelter.json
00000820,432041,荒尾市,小岱工芸館,荒尾市野原1523,32.960675,130.482566,130,130,kumamoto_portal_map,2026-07-31T09:37:38+09:00,1cd69c91930551081b817a5e,parsed,https://portal.bousai.pref.kumamoto.jp/data/shelter/shelter.json
00002092,432041,荒尾市,平井小学校,荒尾市上井手1108,32.998746,130.488779,300,300,kumamoto_portal_map,2026-07-31T09:37:38+09:00,261a1167ca95a6221a9cad1d,parsed,https://portal.bousai.pref.kumamoto.jp/data/shelter/shelter.json
00002093,432041,荒尾市,府本小学校,荒尾市樺2313-2,32.963581,130.499162,600,600,kumamoto_portal_map,2026-07-31T09:37:38+09:00,ca7f602881f3f1afdd1ea428,parsed,https://portal.bousai.pref.kumamoto.jp/data/shelter/shelter.json
00000821,432041,荒尾市,有明小学校,荒尾市一部305,32.966557,130.439483,600,600,kumamoto_portal_map,2026-07-31T09:37:38+09:00,485b4f0ed8b4be47ae2aca36,parsed,https://portal.bousai.pref.kumamoto.jp/data/shelter/shelter.json
00002086,432041,荒尾市,松ヶ浦環境センター,荒尾市宮内1081,32.986824,130.448924,50,50,kumamoto_portal_map,2026-07-31T09:37:38+09:00,3b79d949d1ca4766d4d4567d,parsed,https://portal.bousai.pref.kumamoto.jp/data/shelter/shelter.json
00000823,432041,荒尾市,桜山小学校,荒尾市桜山町三丁目25-1,32.96784,130.45721,300,300,kumamoto_portal_map,2026-07-31T09:37:38+09:00,241ce8e5aea099f15d63d998,parsed,https://portal.bousai.pref.kumamoto.jp/data/shelter/shelter.json
00002088,432041,荒尾市,深瀬の森体育館,荒尾市下井手193,33.003467,130.457854,300,300,kumamoto_portal_map,2026-07-31T09:37:38+09:00,774296ab5470c57414ace9b0,parsed,https://portal.bousai.pref.kumamoto.jp/data/shelter/shelter.json
00000822,432041,荒尾市,清里小学校,荒尾市牛水1555,32.949484,130.447249,300,300,kumamoto_portal_map,2026-07-31T09:37:38+09:00,2960ccb1e005061773f8c074,parsed,https://portal.bousai.pref.kumamoto.jp/data/shelter/shelter.json
00002090,432041,荒尾市,緑ケ丘小学校,荒尾市荒尾4238,32.985025,130.468603,600,600,kumamoto_portal_map,2026-07-31T09:37:38+09:00,ec856aaded337f17d2bea513,parsed,https://portal.bousai.pref.kumamoto.jp/data/shelter/shelter.json
00000313,432041,荒尾市,荒尾市役所,荒尾市宮内出目390,32.986838,130.433036,200,200,kumamoto_portal_map,2026-07-31T09:37:38+09:00,2301f87e96016ab4850e7e7d,parsed,https://portal.bousai.pref.kumamoto.jp/data/shelter/shelter.json
00000815,432041,荒尾市,荒尾市民病院,荒尾市荒尾2600,32.975792,130.44656,500,500,kumamoto_portal_map,2026-07-31T09:37:38+09:00,c6f333292f8e10a8cb40dfc8,parsed,https://portal.bousai.pref.kumamoto.jp/data/shelter/shelter.json
00002085,432041,荒尾市,荒尾海陽中学校,荒尾市荒尾1828,32.978336,130.438864,1000,1000,kumamoto_portal_map,2026-07-31T09:37:38+09:00,ca1f67ee050c37caaf775b5f,parsed,https://portal.bousai.pref.kumamoto.jp/data/shelter/shelter.json
00000814,432041,荒尾市,荒尾第一小学校,荒尾市荒尾981-2,32.9819,130.4371,600,600,kumamoto_portal_map,2026-07-31T09:37:38+09:00,b56802969f2d72c7cfbd500c,parsed,https://portal.bousai.pref.kumamoto.jp/data/shelter/shelter.json
00002091,432041,荒尾市,荒尾第三中学校,荒尾市本井手700,32.988991,130.475411,700,700,kumamoto_portal_map,2026-07-31T09:37:38+09:00,ff0590c511530b2161e86adc,parsed,https://portal.bousai.pref.kumamoto.jp/data/shelter/shelter.json
00002094,432041,荒尾市,荒尾第四中学校,荒尾市野原1528,32.961933,130.481488,1000,1000,kumamoto_portal_map,2026-07-31T09:37:38+09:00,671f07bf128205b7b60fa311,parsed,https://portal.bousai.pref.kumamoto.jp/data/shelter/shelter.json
00000818,432041,荒尾市,荒尾総合文化センター,荒尾市荒尾4186-19,32.984863,130.463687,650,650,kumamoto_portal_map,2026-07-31T09:37:38+09:00,c2e56ce69e31ddee0ea5f288,parsed,https://portal.bousai.pref.kumamoto.jp/data/shelter/shelter.json
00002089,432041,荒尾市,運動公園管理事務所,荒尾市荒尾4051,32.982516,130.458979,100,100,kumamoto_portal_map,2026-07-31T09:37:38+09:00,8de4cb18e9c271fcee5177fd,parsed,https://portal.bousai.pref.kumamoto.jp/data/shelter/shelter.json
00000855,432059,水俣市,(旧)第三中学校グラウンド,水俣市平町2-92,32.206191,130.404401,6600,6600,kumamoto_portal_map,2026-07-31T09:37:38+09:00,85a51d3f60dcda934908dea4,parsed,https://portal.bousai.pref.kumamoto.jp/data/shelter/shelter.json
00000834,432059,水俣市,(旧)第三中学校体育館,水俣市平町2-7-1,32.205294,130.405348,300,300,kumamoto_portal_map,2026-07-31T09:37:38+09:00,309bf9bc8a75aa0a7540177b,parsed,https://portal.bousai.pref.kumamoto.jp/data/shelter/shelter.json
00000877,432059,水俣市,16部消防格納庫,水俣市長崎960,32.176006,130.413387,10,10,kumamoto_portal_map,2026-07-31T09:37:38+09:00,75064241eb68eef88ad4927d,parsed,https://portal.bousai.pref.kumamoto.jp/data/shelter/shelter.json
00000893,432059,水俣市,23区集会所,水俣市久木野1041-1,32.173259,130.525385,80,80,kumamoto_portal_map,2026-07-31T09:37:38+09:00,c0d1f9eafe2e52c2329f31bd,parsed,https://portal.bousai.pref.kumamoto.jp/data/shelter/shelter.json
00000863,432059,水俣市,5区公民館,水俣市旭町2-56-5,32.20849828327488,130.40241479873657,20,20,kumamoto_portal_map,2026-07-31T09:37:38+09:00,7d7543bbc6d75428410f81c8,parsed,https://portal.bousai.pref.kumamoto.jp/data/shelter/shelter.json
00000864,432059,水俣市,7区公民館,水俣市長野町8-8,32.202161,130.424199,40,40,kumamoto_portal_map,2026-07-31T09:37:38+09:00,479b2025647b2a5c0b3432e6,parsed,https://portal.bousai.pref.kumamoto.jp/data/shelter/shelter.json
00000840,432059,水俣市,おれんじ館,水俣市月浦195-2,32.188784,130.382556,50,50,kumamoto_portal_map,2026-07-31T09:37:38+09:00,e212862c55202f523a9de297,parsed,https://portal.bousai.pref.kumamoto.jp/data/shelter/shelter.json
00000894,432059,水俣市,くぎのの里 こもれび館,水俣市久木野字前田826-5,32.172956,130.525974,30,30,kumamoto_portal_map,2026-07-31T09:37:38+09:00,13270b3d49612f229e651837,parsed,https://portal.bousai.pref.kumamoto.jp/data/shelter/shelter.json
00000841,432059,水俣市,はぜのき館,水俣市月浦453-3,32.193753,130.393836,20,20,kumamoto_portal_map,2026-07-31T09:37:38+09:00,c383d52fe22a2760ba4c8903,parsed,https://portal.bousai.pref.kumamoto.jp/data/shelter/shelter.json
00000881,432059,水俣市,ふくろ交流館,水俣市袋2501-252,32.1722,130.375168,50,50,kumamoto_portal_map,2026-07-31T09:37:38+09:00,7cf19322ee101b8868df4880,parsed,https://portal.bousai.pref.kumamoto.jp/data/shelter/shelter.json
00000824,432059,水俣市,もやい館,水俣市牧の内3-1,32.214843,130.406842,300,300,kumamoto_portal_map,2026-07-31T09:37:38+09:00,814c66989e2801b50918acfe,parsed,https://portal.bousai.pref.kumamoto.jp/data/shelter/shelter.json
00000889,432059,水俣市,グリンコープほのぼの・水俣,水俣市汐見町1-4-3-1,32.20175,130.386228,10,10,kumamoto_portal_map,2026-07-31T09:37:38+09:00,3afe51dab247fa8bfb85cc49,parsed,https://portal.bousai.pref.kumamoto.jp/data/shelter/shelter.json
00000882,432059,水俣市,グリーンスポーツみなまた駐車場,水俣市袋西ノ浦国有林,32.177029119141736,130.36771774291992,300,300,kumamoto_portal_map,2026-07-31T09:37:38+09:00,7edd581936aa33f9b4a04c11,parsed,https://portal.bousai.pref.kumamoto.jp/data/shelter/shelter.json
00000861,432059,水俣市,セントラル工事株式会社,水俣市丸島町1-2-15,32.211862,130.392885,40,40,kumamoto_portal_map,2026-07-31T09:37:38+09:00,3cc9f25931ff5a0f5fd4e21d,parsed,https://portal.bousai.pref.kumamoto.jp/data/shelter/shelter.json
00000887,432059,水俣市,ビジネスホテルサンライト,水俣市桜井町3-2-31,32.20671,130.397616,50,50,kumamoto_portal_map,2026-07-31T09:37:38+09:00,2af2ca096007d53a2fadfcbb,parsed,https://portal.bousai.pref.kumamoto.jp/data/shelter/shelter.json
00000872,432059,水俣市,ビハーラまどか,水俣市石坂川113-2,32.162239,130.479284,60,60,kumamoto_portal_map,2026-07-31T09:37:38+09:00,0675595fdb58a98c8d22199d,parsed,https://portal.bousai.pref.kumamoto.jp/data/shelter/shelter.json
00000868,432059,水俣市,中屋敷公民館,水俣市宝川内地内,32.18870648373413,130.49105644226074,15,15,kumamoto_portal_map,2026-07-31T09:37:38+09:00,1d6681d1cdb84c47a9a88292,parsed,https://portal.bousai.pref.kumamoto.jp/data/shelter/shelter.json
00000849,432059,水俣市,久木野小学校グラウンド,水俣市久木野1117,32.174814,130.525002,4700,4700,kumamoto_portal_map,2026-07-31T09:37:38+09:00,383ba1a4e4f3cb539db4f54a,parsed,https://portal.bousai.pref.kumamoto.jp/data/shelter/shelter.json
00000888,432059,水俣市,八ノ窪公民館,水俣市八ノ窪町2-269,32.200408,130.390328,20,20,kumamoto_portal_map,2026-07-31T09:37:38+09:00,97931cc00d0837285e400496,parsed,https://portal.bousai.pref.kumamoto.jp/data/shelter/shelter.json
00000827,432059,水俣市,公民館,水俣市浜町2-10-26,32.212799,130.403201,200,200,kumamoto_portal_map,2026-07-31T09:37:38+09:00,803ebfcc369cb74bf030fd4f,parsed,https://portal.bousai.pref.kumamoto.jp/data/shelter/shelter.json
00000829,432059,水俣市,公民館分館,水俣市洗切町1-1,32.213543,130.400896,100,100,kumamoto_portal_map,2026-07-31T09:37:38+09:00,9c8769c9ad42b4458e444a28,parsed,https://portal.bousai.pref.kumamoto.jp/data/shelter/shelter.json
00000884,432059,水俣市,出月公民館,水俣市月浦367-7,32.191473,130.389164,40,40,kumamoto_portal_map,2026-07-31T09:37:38+09:00,6fbe756581a797ce154d8750,parsed,https://portal.bousai.pref.kumamoto.jp/data/shelter/shelter.json
00000865,432059,水俣市,初野集会所,水俣市初野地内,32.20971470297637,130.43168306350708,30,30,kumamoto_portal_map,2026-07-31T09:37:38+09:00,8bb8478ee5d5f6cd4eb33f49,parsed,https://portal.bousai.pref.kumamoto.jp/data/shelter/shelter.json
00000898,432059,水俣市,厚生会館,水俣市古城1-6-88,32.207838,130.415394,70,70,kumamoto_portal_map,2026-07-31T09:37:38+09:00,cc695f4f9f8a73e4b726f790,parsed,https://portal.bousai.pref.kumamoto.jp/data/shelter/shelter.json
00000833,432059,水俣市,商工会議所,水俣市大園町1-11-5,32.210177,130.403279,50,50,kumamoto_portal_map,2026-07-31T09:37:38+09:00,dc37192c522d0acce9c8353e,parsed,https://portal.bousai.pref.kumamoto.jp/data/shelter/shelter.json
00000885,432059,水俣市,坂口公民館,水俣市月浦319,32.186615,130.385892,30,30,kumamoto_portal_map,2026-07-31T09:37:38+09:00,0ad80ba63adcb5f6dbb3050b,parsed,https://portal.bousai.pref.kumamoto.jp/data/shelter/shelter.json
00000860,432059,水俣市,城山公園遊園地,水俣市古城,32.208643528273626,130.4147744178772,18000,18000,kumamoto_portal_map,2026-07-31T09:37:38+09:00,a5330084c80a49344386bde5,parsed,https://portal.bousai.pref.kumamoto.jp/data/shelter/shelter.json
00000858,432059,水俣市,塩浜グラウンド,水俣市塩浜町地内,32.21425343884899,130.39299488067627,7500,7500,kumamoto_portal_map,2026-07-31T09:37:38+09:00,d319e60b1f92dff8d08ff127,parsed,https://portal.bousai.pref.kumamoto.jp/data/shelter/shelter.json
00000895,432059,水俣市,大川公民館,水俣市大川553-2,32.172446,130.568124,60,60,kumamoto_portal_map,2026-07-31T09:37:38+09:00,33ce7653e407131004ac3d1c,parsed,https://portal.bousai.pref.kumamoto.jp/data/shelter/shelter.json
00000844,432059,水俣市,愛林館,水俣市久木野1071-4,32.171967,130.52774,30,30,kumamoto_portal_map,2026-07-31T09:37:38+09:00,a5e781743a5a9c54d590ae8d,parsed,https://portal.bousai.pref.kumamoto.jp/data/shelter/shelter.json
00000897,432059,水俣市,日当野公民館,水俣市越小場地内,32.166730729278015,130.51953077316284,15,15,kumamoto_portal_map,2026-07-31T09:37:38+09:00,38d6eda526a529e28e9063b5,parsed,https://portal.bousai.pref.kumamoto.jp/data/shelter/shelter.json
00000875,432059,水俣市,旧湯出中学校校舎,水俣市湯出1641,32.153695,130.440879,80,80,kumamoto_portal_map,2026-07-31T09:37:38+09:00,f247bb456de9581c8f833cfb,parsed,https://portal.bousai.pref.kumamoto.jp/data/shelter/shelter.json
00000870,432059,水俣市,旧石飛分校,水俣市石坂川370-84,32.139431,130.498408,30,30,kumamoto_portal_map,2026-07-31T09:37:38+09:00,93f001100123cabf24dcd696,parsed,https://portal.bousai.pref.kumamoto.jp/data/shelter/shelter.json
00000883,432059,水俣市,月浦公民館,水俣市月浦104,32.185393,130.385553,20,20,kumamoto_portal_map,2026-07-31T09:37:38+09:00,d57de09412b6c820b2b3a7a1,parsed,https://portal.bousai.pref.kumamoto.jp/data/shelter/shelter.json
00000879,432059,水俣市,木臼野公民館,水俣市長崎地内,32.151163,130.426903,20,20,kumamoto_portal_map,2026-07-31T09:37:38+09:00,b66285daf8144aec17eb7b34,parsed,https://portal.bousai.pref.kumamoto.jp/data/shelter/shelter.json
00000873,432059,水俣市,桜野集会所,水俣市薄原276,32.175074,130.452361,30,30,kumamoto_portal_map,2026-07-31T09:37:38+09:00,04e9647b0165a6e69376190a,parsed,https://portal.bousai.pref.kumamoto.jp/data/shelter/shelter.json
00000831,432059,水俣市,武道館,水俣市八幡町3-9-2,32.215312,130.400776,300,300,kumamoto_portal_map,2026-07-31T09:37:38+09:00,6b756077fbdc64e9a72c68b9,parsed,https://portal.bousai.pref.kumamoto.jp/data/shelter/shelter.json
00000880,432059,水俣市,水俣みどり保育園 地域交流施設,水俣市袋674,32.183801,130.381387,20,20,kumamoto_portal_map,2026-07-31T09:37:38+09:00,098380d2275b0daff0f8623d,parsed,https://portal.bousai.pref.kumamoto.jp/data/shelter/shelter.json
00002298,432059,水俣市,水俣市役所,水俣市陣内1丁目1番1号,32.21179057015655,130.4085901428054,84,84,kumamoto_portal_map,2026-07-31T09:37:38+09:00,15eb084221c1780e047c38a3,parsed,https://portal.bousai.pref.kumamoto.jp/data/shelter/shelter.json
00000835,432059,水俣市,水俣環境アカデミア,水俣市南福寺6-1,32.203,130.409962,50,50,kumamoto_portal_map,2026-07-31T09:37:38+09:00,2fcede91aaaf8e6b63aaa286,parsed,https://portal.bousai.pref.kumamoto.jp/data/shelter/shelter.json
00000832,432059,水俣市,水俣病資料館,水俣市明神町53,32.203513,130.374726,30,30,kumamoto_portal_map,2026-07-31T09:37:38+09:00,ce9b7b080fc1e26322061f70,parsed,https://portal.bousai.pref.kumamoto.jp/data/shelter/shelter.json
00000825,432059,水俣市,水俣芦北広域行政事務組合消防本部,水俣市ひばりヶ丘3-12,32.210108,130.422399,60,60,kumamoto_portal_map,2026-07-31T09:37:38+09:00,d0908815f145e5eb8948c0e3,parsed,https://portal.bousai.pref.kumamoto.jp/data/shelter/shelter.json
00000856,432059,水俣市,水俣高校グラウンド,水俣市洗切町11-1,32.215457,130.402293,6500,6500,kumamoto_portal_map,2026-07-31T09:37:38+09:00,36a77e71793ec00dee32764c,parsed,https://portal.bousai.pref.kumamoto.jp/data/shelter/shelter.json
00000830,432059,水俣市,水俣高校体育館,水俣市洗切町11-1,32.21458021908986,130.4040026664734,400,400,kumamoto_portal_map,2026-07-31T09:37:38+09:00,b7ba4e53444d233613b7b054,parsed,https://portal.bousai.pref.kumamoto.jp/data/shelter/shelter.json
00000857,432059,水俣市,水俣高校第二グラウンド,水俣市南福寺6-1,32.205175740592885,130.40762901306152,10000,10000,kumamoto_portal_map,2026-07-31T09:37:38+09:00,92f6300d95bfd5f9acb9049c,parsed,https://portal.bousai.pref.kumamoto.jp/data/shelter/shelter.json
00000847,432059,水俣市,水東小学校グラウンド,水俣市初野55,32.209136,130.430776,300,300,kumamoto_portal_map,2026-07-31T09:37:38+09:00,6e8a9dfd480a2d3d52e3188d,parsed,https://portal.bousai.pref.kumamoto.jp/data/shelter/shelter.json
00000836,432059,水俣市,水東小学校多目的ホール,水俣市初野55,32.213327555122696,130.4334211349487,200,200,kumamoto_portal_map,2026-07-31T09:37:38+09:00,186e574bbb37f2ed2297e43c,parsed,https://portal.bousai.pref.kumamoto.jp/data/shelter/shelter.json
00000890,432059,水俣市,河村電器産業(株)水俣工場,水俣市桜ヶ丘395,32.217995,130.407884,40,40,kumamoto_portal_map,2026-07-31T09:37:38+09:00,9d498cc0ec682c5faf3ca29d,parsed,https://portal.bousai.pref.kumamoto.jp/data/shelter/shelter.json
00000859,432059,水俣市,浜公園グラウンド,水俣市中央公園1,32.20958761511192,130.4069423675537,4800,4800,kumamoto_portal_map,2026-07-31T09:37:38+09:00,9f09c000d4c25d0d813f11bf,parsed,https://portal.bousai.pref.kumamoto.jp/data/shelter/shelter.json
00000867,432059,水俣市,深川生涯学習センター,水俣市中鶴539-1,32.193266,130.43834,80,80,kumamoto_portal_map,2026-07-31T09:37:38+09:00,5a87db1e0b55f81207829119,parsed,https://portal.bousai.pref.kumamoto.jp/data/shelter/shelter.json
00000850,432059,水俣市,深川生涯学習センターグラウンド,水俣市中鶴539-1,32.193266,130.43834,3100,3100,kumamoto_portal_map,2026-07-31T09:37:38+09:00,73a2e0d824393167410ba8f5,parsed,https://portal.bousai.pref.kumamoto.jp/data/shelter/shelter.json
00000866,432059,水俣市,深川駅跡地休憩所,水俣市深川地内,32.179286,130.447909,20,20,kumamoto_portal_map,2026-07-31T09:37:38+09:00,43ef6dd859c76fc62ef1138a,parsed,https://portal.bousai.pref.kumamoto.jp/data/shelter/shelter.json
00000891,432059,水俣市,湯の児海と夕やけ,水俣市大迫1213,32.233252,130.41691,300,300,kumamoto_portal_map,2026-07-31T09:37:38+09:00,9133d0d37ac9087757825556,parsed,https://portal.bousai.pref.kumamoto.jp/data/shelter/shelter.json
00000874,432059,水俣市,湯の鶴温泉保健センター,水俣市湯出1532-2,32.147504,130.439579,50,50,kumamoto_portal_map,2026-07-31T09:37:38+09:00,4fdfa724acd9b2511da34c31,parsed,https://portal.bousai.pref.kumamoto.jp/data/shelter/shelter.json
00000848,432059,水俣市,湯出小学校グラウンド,水俣市湯出1641,32.153695,130.440879,3000,3000,kumamoto_portal_map,2026-07-31T09:37:38+09:00,966a69977e4fe741ac5bf5e6,parsed,https://portal.bousai.pref.kumamoto.jp/data/shelter/shelter.json
00000886,432059,水俣市,白梅の杜,水俣市古賀町2-5-32,32.212698,130.398249,70,70,kumamoto_portal_map,2026-07-31T09:37:38+09:00,66992c2a37ffbe90247e6423,parsed,https://portal.bousai.pref.kumamoto.jp/data/shelter/shelter.json
00000892,432059,水俣市,白浜市営住宅3号棟、4号棟踊り場,水俣市白浜町6,32.222744,130.40199,40,40,kumamoto_portal_map,2026-07-31T09:37:38+09:00,eea45409caa54e23dd902bd8,parsed,https://portal.bousai.pref.kumamoto.jp/data/shelter/shelter.json
00000871,432059,水俣市,石坂川生涯学習センター,水俣市石坂川113,32.162239,130.479284,50,50,kumamoto_portal_map,2026-07-31T09:37:38+09:00,7d5c968b06af801a91433d06,parsed,https://portal.bousai.pref.kumamoto.jp/data/shelter/shelter.json
00000851,432059,水俣市,第一中学校グラウンド,水俣市古城1-14-1,32.20615617564598,130.41876554489136,4100,4100,kumamoto_portal_map,2026-07-31T09:37:38+09:00,0df50ea270fc6394942b3a94,parsed,https://portal.bousai.pref.kumamoto.jp/data/shelter/shelter.json
00000845,432059,水俣市,第一小学校グラウンド,水俣市陣内1-1-2,32.21398112108455,130.40777921676636,9000,9000,kumamoto_portal_map,2026-07-31T09:37:38+09:00,dbe7e8b0b2ee707409f66d4f,parsed,https://portal.bousai.pref.kumamoto.jp/data/shelter/shelter.json
00000826,432059,水俣市,第一小学校体育館,水俣市陣内1-1-2,32.21310969875823,130.40833711624145,200,200,kumamoto_portal_map,2026-07-31T09:37:38+09:00,0e65857e994cbaa2833a6cd5,parsed,https://portal.bousai.pref.kumamoto.jp/data/shelter/shelter.json
00000852,432059,水俣市,第二中学校グラウンド,水俣市塩浜町3-1,32.213851,130.395171,6500,6500,kumamoto_portal_map,2026-07-31T09:37:38+09:00,00ee8bb62134625a0538c991,parsed,https://portal.bousai.pref.kumamoto.jp/data/shelter/shelter.json
00000843,432059,水俣市,第二中学校体育館(校舎2階),水俣市塩浜町3-1,32.213851,130.395171,300,300,kumamoto_portal_map,2026-07-31T09:37:38+09:00,6f01171ebc2c806819b058ed,parsed,https://portal.bousai.pref.kumamoto.jp/data/shelter/shelter.json
00000846,432059,水俣市,第二小学校グラウンド,水俣市栄町1-2-1,32.209688,130.396521,6000,6000,kumamoto_portal_map,2026-07-31T09:37:38+09:00,86edae43e92e5588ad4d44a6,parsed,https://portal.bousai.pref.kumamoto.jp/data/shelter/shelter.json
00000842,432059,水俣市,第二小学校多目的ホール,水俣市栄町1-2-1,32.209688,130.396521,300,300,kumamoto_portal_map,2026-07-31T09:37:38+09:00,fc8c49ebf3e41c311474d815,parsed,https://portal.bousai.pref.kumamoto.jp/data/shelter/shelter.json
00000838,432059,水俣市,総合体育館(南部館),水俣市袋933外,32.177893,130.384656,400,400,kumamoto_portal_map,2026-07-31T09:37:38+09:00,a63c449432beba7e6bf079a5,parsed,https://portal.bousai.pref.kumamoto.jp/data/shelter/shelter.json
00000828,432059,水俣市,総合体育館(本館),水俣市中央公園1,32.20861,130.407109,1000,1000,kumamoto_portal_map,2026-07-31T09:37:38+09:00,f36f4df83c97ce2e6636344f,parsed,https://portal.bousai.pref.kumamoto.jp/data/shelter/shelter.json
00000853,432059,水俣市,緑東中学校グラウンド,水俣市葛渡181,32.172719,130.464327,4700,4700,kumamoto_portal_map,2026-07-31T09:37:38+09:00,d998ef918011afc149731cb2,parsed,https://portal.bousai.pref.kumamoto.jp/data/shelter/shelter.json
00000878,432059,水俣市,茂川公民館,水俣市長崎443-2,32.176006,130.413387,20,20,kumamoto_portal_map,2026-07-31T09:37:38+09:00,175f5fc347fd9a3360ac52b8,parsed,https://portal.bousai.pref.kumamoto.jp/data/shelter/shelter.json
00000837,432059,水俣市,葛彩館,水俣市葛渡67-1,32.173213,130.459399,70,70,kumamoto_portal_map,2026-07-31T09:37:38+09:00,35c12fcbd2c96ec57cbd43ca,parsed,https://portal.bousai.pref.kumamoto.jp/data/shelter/shelter.json
00000854,432059,水俣市,袋小中学校グラウンド,水俣市袋1403-2,32.176124,130.378982,11000,11000,kumamoto_portal_map,2026-07-31T09:37:38+09:00,33f604ca0a80e50d1918a45c,parsed,https://portal.bousai.pref.kumamoto.jp/data/shelter/shelter.json
00000839,432059,水俣市,袋小中学校体育館,水俣市袋1403-2,32.176124,130.378982,300,300,kumamoto_portal_map,2026-07-31T09:37:38+09:00,8db813dbaac7f648e9e28b30,parsed,https://portal.bousai.pref.kumamoto.jp/data/shelter/shelter.json
00000862,432059,水俣市,西生院,水俣市旭町1-2-22,32.208199,130.401512,50,50,kumamoto_portal_map,2026-07-31T09:37:38+09:00,3c69816cccb9950484f80825,parsed,https://portal.bousai.pref.kumamoto.jp/data/shelter/shelter.json
00000896,432059,水俣市,越小場公民館,水俣市越小場845-1,32.152761,130.521222,50,50,kumamoto_portal_map,2026-07-31T09:37:38+09:00,f746d710e6e9789cb35fa3e2,parsed,https://portal.bousai.pref.kumamoto.jp/data/shelter/shelter.json
00000876,432059,水俣市,野川公民館,水俣市長崎1201,32.176006,130.413387,20,20,kumamoto_portal_map,2026-07-31T09:37:38+09:00,2abddeb2dc127f33d3ecbb31,parsed,https://portal.bousai.pref.kumamoto.jp/data/shelter/shelter.json
00000869,432059,水俣市,集・川原公民館,水俣市宝川内山神1-2,32.179411,130.468239,30,30,kumamoto_portal_map,2026-07-31T09:37:38+09:00,21b1efc9f233d6d72de99e38,parsed,https://portal.bousai.pref.kumamoto.jp/data/shelter/shelter.json
00000344,432067,玉名市,B&G海洋センター,玉名市岱明町中土590,32.919157,130.512942,828,828,kumamoto_portal_map,2026-07-31T09:37:38+09:00,0d20add66b8684973feed2a6,parsed,https://portal.bousai.pref.kumamoto.jp/data/shelter/shelter.json
00000341,432067,玉名市,ふれあい健康センター,玉名市岱明町中土1022,32.916841,130.512637,1339,1339,kumamoto_portal_map,2026-07-31T09:37:38+09:00,7961604dad03026adbfe4475,parsed,https://portal.bousai.pref.kumamoto.jp/data/shelter/shelter.json
00000340,432067,玉名市,三ツ川小学校(公民館),玉名市三ツ川2861,32.987473,130.561685,53,53,kumamoto_portal_map,2026-07-31T09:37:38+09:00,fa5b935b84e614bbe9038aba,parsed,https://portal.bousai.pref.kumamoto.jp/data/shelter/shelter.json
00000901,432067,玉名市,九州看護福祉大学,玉名市富尾888,32.946258,130.553534,65338,65338,kumamoto_portal_map,2026-07-31T09:37:38+09:00,1d81fce39879dd4cc994108b,parsed,https://portal.bousai.pref.kumamoto.jp/data/shelter/shelter.json
00000330,432067,玉名市,伊倉小学校(体育館),玉名市宮原678,32.90525,130.575106,301,301,kumamoto_portal_map,2026-07-31T09:37:38+09:00,9674a111a06008fb79a83f71,parsed,https://portal.bousai.pref.kumamoto.jp/data/shelter/shelter.json
00000332,432067,玉名市,伊倉隣保館,玉名市伊倉北方3230-5,32.907922,130.569193,298,298,kumamoto_portal_map,2026-07-31T09:37:38+09:00,254d7f5c3db183002ddfeeeb,parsed,https://portal.bousai.pref.kumamoto.jp/data/shelter/shelter.json
00000333,432067,玉名市,八嘉小学校(体育館),玉名市田崎835-25,32.915569,130.593507,301,301,kumamoto_portal_map,2026-07-31T09:37:38+09:00,d3411200ccd4d371f246fbef,parsed,https://portal.bousai.pref.kumamoto.jp/data/shelter/shelter.json
00000360,432067,玉名市,北稜高等学校,玉名市立願寺247,32.935706,130.550673,695,695,kumamoto_portal_map,2026-07-31T09:37:38+09:00,29c6ebf82d961476d082cb82,parsed,https://portal.bousai.pref.kumamoto.jp/data/shelter/shelter.json
00000326,432067,玉名市,大浜小学校(体育館),玉名市大浜町2100,32.899691,130.543649,300,300,kumamoto_portal_map,2026-07-31T09:37:38+09:00,819fe83c0a38d730a61326f5,parsed,https://portal.bousai.pref.kumamoto.jp/data/shelter/shelter.json
00000345,432067,玉名市,大野小学校(体育館),玉名市岱明町野口2460,32.920854,130.520781,340,340,kumamoto_portal_map,2026-07-31T09:37:38+09:00,0b9c5b9eb70f2d9e09a3a40e,parsed,https://portal.bousai.pref.kumamoto.jp/data/shelter/shelter.json
00000905,432067,玉名市,天水グラウンド,玉名市天水町小天7237-1,32.865263,130.592297,2721,2721,kumamoto_portal_map,2026-07-31T09:37:38+09:00,d6c3fb6557f519ff5a2b66a1,parsed,https://portal.bousai.pref.kumamoto.jp/data/shelter/shelter.json
00000356,432067,玉名市,天水中学校(体育館),玉名市天水町小天7032,32.864321,130.590108,569,569,kumamoto_portal_map,2026-07-31T09:37:38+09:00,369d1f458cd0017053c65450,parsed,https://portal.bousai.pref.kumamoto.jp/data/shelter/shelter.json
00000355,432067,玉名市,天水体育館,玉名市天水町小天7237-1,32.865263,130.592297,1667,1667,kumamoto_portal_map,2026-07-31T09:37:38+09:00,c710d2a4f896c185e6d51ec3,parsed,https://portal.bousai.pref.kumamoto.jp/data/shelter/shelter.json
00000353,432067,玉名市,天水市民センター,玉名市天水町小天7237-1,32.865263,130.592297,146,146,kumamoto_portal_map,2026-07-31T09:37:38+09:00,82a2af6538f904a237693a4f,parsed,https://portal.bousai.pref.kumamoto.jp/data/shelter/shelter.json
00000363,432067,玉名市,専大玉名高等学校,玉名市岱明町野口1046,32.924349,130.537411,695,695,kumamoto_portal_map,2026-07-31T09:37:38+09:00,865ea2aa29c8bc8278233e5e,parsed,https://portal.bousai.pref.kumamoto.jp/data/shelter/shelter.json
00000357,432067,玉名市,小天小学校(体育館),玉名市天水町小天6966,32.861744,130.593477,418,418,kumamoto_portal_map,2026-07-31T09:37:38+09:00,c570a30cb2493301ba14d714,parsed,https://portal.bousai.pref.kumamoto.jp/data/shelter/shelter.json
00000358,432067,玉名市,小天東小学校(体育館),玉名市天水町小天2896,32.853625,130.609171,423,423,kumamoto_portal_map,2026-07-31T09:37:38+09:00,68e93c02e39982e53f046494,parsed,https://portal.bousai.pref.kumamoto.jp/data/shelter/shelter.json
00000336,432067,玉名市,小田小学校(体育館),玉名市上小田371,32.950097,130.591492,213,213,kumamoto_portal_map,2026-07-31T09:37:38+09:00,de2133441a734a2394cd0744,parsed,https://portal.bousai.pref.kumamoto.jp/data/shelter/shelter.json
00000902,432067,玉名市,岱明中央公園グラウンド,玉名市岱明町中土556,32.920585,130.513012,8000,8000,kumamoto_portal_map,2026-07-31T09:37:38+09:00,5cfb0f6b18f003f1398ac7cc,parsed,https://portal.bousai.pref.kumamoto.jp/data/shelter/shelter.json
00000342,432067,玉名市,岱明中学校(体育館),玉名市岱明町浜田120,32.911558,130.509364,695,695,kumamoto_portal_map,2026-07-31T09:37:38+09:00,9417a54e4dda08da97ece841,parsed,https://portal.bousai.pref.kumamoto.jp/data/shelter/shelter.json
00002290,432067,玉名市,岱明防災コミュニティセンター,熊本県玉名市岱明町中土980-1,32.914813101717655,130.51050981064816,281,281,kumamoto_portal_map,2026-07-31T09:37:38+09:00,4ba8695be7277bba6ce26e2e,parsed,https://portal.bousai.pref.kumamoto.jp/data/shelter/shelter.json
00000338,432067,玉名市,月瀬小学校(体育館),玉名市溝上507,32.963815,130.587883,174,174,kumamoto_portal_map,2026-07-31T09:37:38+09:00,72e8fa4b7ddba9ac2349ca05,parsed,https://portal.bousai.pref.kumamoto.jp/data/shelter/shelter.json
00000327,432067,玉名市,有明中学校(体育館),玉名市大浜町1765-8,32.896842,130.552639,705,705,kumamoto_portal_map,2026-07-31T09:37:38+09:00,19aa86a0b416d2d17294c5dd,parsed,https://portal.bousai.pref.kumamoto.jp/data/shelter/shelter.json
00000899,432067,玉名市,桃田運動公園,玉名市大倉1144,32.917713,130.569307,94250,94250,kumamoto_portal_map,2026-07-31T09:37:38+09:00,64d5f4429e48338f298d3ffc,parsed,https://portal.bousai.pref.kumamoto.jp/data/shelter/shelter.json
00000334,432067,玉名市,梅林小学校(体育館),玉名市安楽寺1244,32.932246,130.60422,213,213,kumamoto_portal_map,2026-07-31T09:37:38+09:00,6e981709e66a9d65282717d4,parsed,https://portal.bousai.pref.kumamoto.jp/data/shelter/shelter.json
00000903,432067,玉名市,横島グラウンド,玉名市横島町横島3779,32.878421,130.555753,5000,5000,kumamoto_portal_map,2026-07-31T09:37:38+09:00,e0c4c5e60b5505415fdf58d6,parsed,https://portal.bousai.pref.kumamoto.jp/data/shelter/shelter.json
00000348,432067,玉名市,横島体育館,玉名市横島町横島3779,32.878421,130.555753,708,708,kumamoto_portal_map,2026-07-31T09:37:38+09:00,f92c8a5a6ed269fb5eb5fe23,parsed,https://portal.bousai.pref.kumamoto.jp/data/shelter/shelter.json
00000350,432067,玉名市,横島小学校(体育館),玉名市横島町横島3810,32.877652,130.554187,565,565,kumamoto_portal_map,2026-07-31T09:37:38+09:00,73297f1d87aaff5b6544b4da,parsed,https://portal.bousai.pref.kumamoto.jp/data/shelter/shelter.json
00000349,432067,玉名市,横島小学校(校舎),玉名市横島町横島3810,32.877652,130.554187,2002,2002,kumamoto_portal_map,2026-07-31T09:37:38+09:00,5d4a2363fcc4b4ea370603b4,parsed,https://portal.bousai.pref.kumamoto.jp/data/shelter/shelter.json
00000904,432067,玉名市,横島山の上展望公園,玉名市横島町横島1960-1,32.878421,130.555753,6001,6001,kumamoto_portal_map,2026-07-31T09:37:38+09:00,dd2b27b5b25eaba8596c0bba,parsed,https://portal.bousai.pref.kumamoto.jp/data/shelter/shelter.json
00000351,432067,玉名市,横島町公民館,玉名市横島町横島3644,32.877616,130.555551,501,501,kumamoto_portal_map,2026-07-31T09:37:38+09:00,a1282a98bffb699342a2e483,parsed,https://portal.bousai.pref.kumamoto.jp/data/shelter/shelter.json
00000352,432067,玉名市,横島町総合保健福祉センター,玉名市横島町横島3923,32.876997,130.55627,1819,1819,kumamoto_portal_map,2026-07-31T09:37:38+09:00,d55062e7084d1e7d7ea182b6,parsed,https://portal.bousai.pref.kumamoto.jp/data/shelter/shelter.json
00000325,432067,玉名市,滑石小学校(体育館),玉名市滑石1542,32.901921,130.529505,301,301,kumamoto_portal_map,2026-07-31T09:37:38+09:00,00e7009c3a3de3bd9d9d62c0,parsed,https://portal.bousai.pref.kumamoto.jp/data/shelter/shelter.json
00000331,432067,玉名市,玉南中学校(体育館),玉名市伊倉北方2636,32.90842,130.578739,826,826,kumamoto_portal_map,2026-07-31T09:37:38+09:00,4a98b19bbeef5546371659c4,parsed,https://portal.bousai.pref.kumamoto.jp/data/shelter/shelter.json
00000317,432067,玉名市,玉名中学校(体育館),玉名市中尾380,32.935348,130.546324,625,625,kumamoto_portal_map,2026-07-31T09:37:38+09:00,7a60963ce7120c45da5418c1,parsed,https://portal.bousai.pref.kumamoto.jp/data/shelter/shelter.json
00000322,432067,玉名市,玉名勤労者体育センター,玉名市岩崎173-2,32.933687,130.562584,705,705,kumamoto_portal_map,2026-07-31T09:37:38+09:00,83e2233ad333958b66d1b516,parsed,https://portal.bousai.pref.kumamoto.jp/data/shelter/shelter.json
00000362,432067,玉名市,玉名女子高等学校,玉名市岩崎1061,32.932673,130.556271,695,695,kumamoto_portal_map,2026-07-31T09:37:38+09:00,8ba786bcfa5fe0795a75543f,parsed,https://portal.bousai.pref.kumamoto.jp/data/shelter/shelter.json
00000361,432067,玉名市,玉名工業高等学校,玉名市岱明町下前原368,32.929026,130.526245,695,695,kumamoto_portal_map,2026-07-31T09:37:38+09:00,daf0f4d4885089a64592a2a4,parsed,https://portal.bousai.pref.kumamoto.jp/data/shelter/shelter.json
00000323,432067,玉名市,玉名市勤労青少年ホーム,玉名市岩崎173-1,32.933501,130.562323,383,383,kumamoto_portal_map,2026-07-31T09:37:38+09:00,8ad417be27af5a6e896a6322,parsed,https://portal.bousai.pref.kumamoto.jp/data/shelter/shelter.json
00000318,432067,玉名市,玉名市文化センター,玉名市繁根木88-1,32.928407,130.558882,829,829,kumamoto_portal_map,2026-07-31T09:37:38+09:00,97e854d406415aaf1f388246,parsed,https://portal.bousai.pref.kumamoto.jp/data/shelter/shelter.json
00000321,432067,玉名市,玉名市武道館,玉名市繁根木94-11,32.929251,130.558907,750,750,kumamoto_portal_map,2026-07-31T09:37:38+09:00,f9cfd0a1c24f11af5348f58c,parsed,https://portal.bousai.pref.kumamoto.jp/data/shelter/shelter.json
00000320,432067,玉名市,玉名市民会館,玉名市岩崎152-2,32.933951,130.562021,492,492,kumamoto_portal_map,2026-07-31T09:37:38+09:00,2a69dd97011f62b3bece88ff,parsed,https://portal.bousai.pref.kumamoto.jp/data/shelter/shelter.json
00000319,432067,玉名市,玉名市福祉センター,玉名市岩崎88-4,32.935931,130.561018,1332,1332,kumamoto_portal_map,2026-07-31T09:37:38+09:00,35d1978bd8c9847ca8c52518,parsed,https://portal.bousai.pref.kumamoto.jp/data/shelter/shelter.json
00000329,432067,玉名市,玉名市総合体育館,玉名市大倉1144,32.917713,130.569307,1563,1563,kumamoto_portal_map,2026-07-31T09:37:38+09:00,faced08868ae57ba27bd79f7,parsed,https://portal.bousai.pref.kumamoto.jp/data/shelter/shelter.json
00000316,432067,玉名市,玉名町小学校(体育館),玉名市岩崎1120,32.932565,130.554476,668,668,kumamoto_portal_map,2026-07-31T09:37:38+09:00,9fb951a62e9933ee1fa976c2,parsed,https://portal.bousai.pref.kumamoto.jp/data/shelter/shelter.json
00000359,432067,玉名市,玉名高等学校 玉名高等学校附属中学校,玉名市中1853,32.930993,130.54856,695,695,kumamoto_portal_map,2026-07-31T09:37:38+09:00,7b745475c6c3876ae3ff44fd,parsed,https://portal.bousai.pref.kumamoto.jp/data/shelter/shelter.json
00000354,432067,玉名市,玉水小学校(体育館),玉名市天水町部田見1440-2,32.8788,130.582997,433,433,kumamoto_portal_map,2026-07-31T09:37:38+09:00,c2e6752d9879a982cd81ed1e,parsed,https://portal.bousai.pref.kumamoto.jp/data/shelter/shelter.json
00000335,432067,玉名市,玉陵中学校(体育館),玉名市玉名900,32.943467,130.577666,690,690,kumamoto_portal_map,2026-07-31T09:37:38+09:00,a2fedb938e905b80878450e9,parsed,https://portal.bousai.pref.kumamoto.jp/data/shelter/shelter.json
00000337,432067,玉名市,玉陵小学校(体育館),玉名市玉名900,32.943467,130.577666,523,523,kumamoto_portal_map,2026-07-31T09:37:38+09:00,aeb44eea5532a50f6c0bb688,parsed,https://portal.bousai.pref.kumamoto.jp/data/shelter/shelter.json
00000343,432067,玉名市,睦合小学校(体育館),玉名市岱明町古閑302,32.930045,130.509212,273,273,kumamoto_portal_map,2026-07-31T09:37:38+09:00,636c75d76b0672f51c443c81,parsed,https://portal.bousai.pref.kumamoto.jp/data/shelter/shelter.json
00000339,432067,玉名市,石貫小学校(体育館),玉名市石貫3771,32.95794,130.563924,213,213,kumamoto_portal_map,2026-07-31T09:37:38+09:00,e4d1a1d75804c875cc8f9cbc,parsed,https://portal.bousai.pref.kumamoto.jp/data/shelter/shelter.json
00000324,432067,玉名市,築山小学校(体育館),玉名市築地1880,32.935353,130.537213,300,300,kumamoto_portal_map,2026-07-31T09:37:38+09:00,ff6235807c13ce06dc907ba2,parsed,https://portal.bousai.pref.kumamoto.jp/data/shelter/shelter.json
00000900,432067,玉名市,蛇ヶ谷公園,玉名市立願寺1598-1,32.94523,130.546962,,0,kumamoto_portal_map,2026-07-31T09:37:38+09:00,0706a55552e5fb4f55075840,missing_zero,https://portal.bousai.pref.kumamoto.jp/data/shelter/shelter.json
00000328,432067,玉名市,豊水小学校(体育館),玉名市小野尻373,32.912714,130.559357,245,245,kumamoto_portal_map,2026-07-31T09:37:38+09:00,8e0fe54a9cc3094829b3ce91,parsed,https://portal.bousai.pref.kumamoto.jp/data/shelter/shelter.json
00000347,432067,玉名市,鍋小学校(体育館),玉名市岱明町鍋345-2,32.910666,130.493538,392,392,kumamoto_portal_map,2026-07-31T09:37:38+09:00,81bdbf766c1636b95b735073,parsed,https://portal.bousai.pref.kumamoto.jp/data/shelter/shelter.json
00000346,432067,玉名市,高道小学校(体育館),玉名市岱明町高道1230,32.907452,130.51254,427,427,kumamoto_portal_map,2026-07-31T09:37:38+09:00,95a1b10d8f34502118bc1a09,parsed,https://portal.bousai.pref.kumamoto.jp/data/shelter/shelter.json
00000943,432083,山鹿市,あんずの丘多目的体育館,山鹿市菊鹿町下永野650,33.026631,130.768891,1221,1221,kumamoto_portal_map,2026-07-31T09:37:38+09:00,ba7d8999508dc7664dd2231e,parsed,https://portal.bousai.pref.kumamoto.jp/data/shelter/shelter.json
00000919,432083,山鹿市,おさか童夢(つどいの広場),山鹿市小坂2238,33.071026,130.703806,137,137,kumamoto_portal_map,2026-07-31T09:37:38+09:00,cf92afa6d9c9e1e02e1ca112,parsed,https://portal.bousai.pref.kumamoto.jp/data/shelter/shelter.json
00000964,432083,山鹿市,ふれあい塾,山鹿市鹿央町合里370,32.978112,130.680824,411,411,kumamoto_portal_map,2026-07-31T09:37:38+09:00,2bfda6fe4bc33d683071f266,parsed,https://portal.bousai.pref.kumamoto.jp/data/shelter/shelter.json
00000911,432083,山鹿市,めのだけ小学校(体育館),山鹿市南島1125,33.004279,130.683479,263,263,kumamoto_portal_map,2026-07-31T09:37:38+09:00,6d23f5ad621796aec6c7d13c,parsed,https://portal.bousai.pref.kumamoto.jp/data/shelter/shelter.json
00000914,432083,山鹿市,サイクリングターミナル,山鹿市鍋田2085,33.023868,130.66656,557,557,kumamoto_portal_map,2026-07-31T09:37:38+09:00,15848d630df0d9316e075620,parsed,https://portal.bousai.pref.kumamoto.jp/data/shelter/shelter.json
00000917,432083,山鹿市,三岳地区公民館,山鹿市津留19-5,33.054266,130.689524,175,175,kumamoto_portal_map,2026-07-31T09:37:38+09:00,04ff6329e94db4edec27d376,parsed,https://portal.bousai.pref.kumamoto.jp/data/shelter/shelter.json
00000920,432083,山鹿市,三玉地区公民館,山鹿市久原3007,33.029277,130.720853,175,175,kumamoto_portal_map,2026-07-31T09:37:38+09:00,84c1c22314ad58036679dc51,parsed,https://portal.bousai.pref.kumamoto.jp/data/shelter/shelter.json
00000921,432083,山鹿市,三玉小学校(体育館),山鹿市久原2935,33.02963,130.720125,660,660,kumamoto_portal_map,2026-07-31T09:37:38+09:00,80ed0c113457b62acb8a3e28,parsed,https://portal.bousai.pref.kumamoto.jp/data/shelter/shelter.json
00000941,432083,山鹿市,上永野活性化施設,山鹿市菊鹿町上永野518,33.04594,130.786855,200,200,kumamoto_portal_map,2026-07-31T09:37:38+09:00,f9de659a10472d7c35e84155,parsed,https://portal.bousai.pref.kumamoto.jp/data/shelter/shelter.json
00000909,432083,山鹿市,八千代座交流施設,山鹿市山鹿1499,33.016867,130.689359,250,250,kumamoto_portal_map,2026-07-31T09:37:38+09:00,df4ab314c02285d26bd605f6,parsed,https://portal.bousai.pref.kumamoto.jp/data/shelter/shelter.json
00000913,432083,山鹿市,八幡地区公民館,山鹿市熊入町286-1,33.025866,130.685423,175,175,kumamoto_portal_map,2026-07-31T09:37:38+09:00,55eeb765434f56a83d880310,parsed,https://portal.bousai.pref.kumamoto.jp/data/shelter/shelter.json
00000938,432083,山鹿市,内田構造改善センター,山鹿市菊鹿町上内田618,33.062954,130.775469,418,418,kumamoto_portal_map,2026-07-31T09:37:38+09:00,8c70ac583d6b1c69f593d47a,parsed,https://portal.bousai.pref.kumamoto.jp/data/shelter/shelter.json
00000945,432083,山鹿市,城北体育館,山鹿市菊鹿町松尾57,33.011424,130.780379,401,401,kumamoto_portal_map,2026-07-31T09:37:38+09:00,b8bc70dedb758358c6fe468b,parsed,https://portal.bousai.pref.kumamoto.jp/data/shelter/shelter.json
00000923,432083,山鹿市,大道地区公民館,山鹿市方保田155-3,32.996358,130.716698,175,175,kumamoto_portal_map,2026-07-31T09:37:38+09:00,8bbfbce73dcbeca785fe1690,parsed,https://portal.bousai.pref.kumamoto.jp/data/shelter/shelter.json
00000924,432083,山鹿市,大道小学校(体育館),山鹿市方保田1792,32.998171,130.712935,684,684,kumamoto_portal_map,2026-07-31T09:37:38+09:00,ebc258af72c3c5ed98be432b,parsed,https://portal.bousai.pref.kumamoto.jp/data/shelter/shelter.json
00000966,432083,山鹿市,山内体育館,山鹿市鹿央町梅木谷245,32.96073,130.649974,663,663,kumamoto_portal_map,2026-07-31T09:37:38+09:00,d9c9af8e53f53e5dcbc7478d,parsed,https://portal.bousai.pref.kumamoto.jp/data/shelter/shelter.json
00000910,432083,山鹿市,山鹿バスセンター(待合室),山鹿市中央通510-2,33.01663,130.684556,60,60,kumamoto_portal_map,2026-07-31T09:37:38+09:00,200a1f803eff2c747c3de41e,parsed,https://portal.bousai.pref.kumamoto.jp/data/shelter/shelter.json
00000908,432083,山鹿市,山鹿小学校(体育館),山鹿市山鹿351,33.013433,130.693056,584,584,kumamoto_portal_map,2026-07-31T09:37:38+09:00,f37e432d4798a44581c23735,parsed,https://portal.bousai.pref.kumamoto.jp/data/shelter/shelter.json
00000906,432083,山鹿市,山鹿市健康福祉センター,山鹿市中578,33.009478,130.700319,319,319,kumamoto_portal_map,2026-07-31T09:37:38+09:00,0e076b912c7e3916d0411a8b,parsed,https://portal.bousai.pref.kumamoto.jp/data/shelter/shelter.json
00000925,432083,山鹿市,山鹿市民交流センター,山鹿市山鹿987-3,33.017386,130.691025,122,122,kumamoto_portal_map,2026-07-31T09:37:38+09:00,a66a7c34a2bfafdea9153b06,parsed,https://portal.bousai.pref.kumamoto.jp/data/shelter/shelter.json
00000912,432083,山鹿市,山鹿市総合体育館,山鹿市熊入町416,33.030954,130.688275,985,985,kumamoto_portal_map,2026-07-31T09:37:38+09:00,82195c3c25a4316ddb52703c,parsed,https://portal.bousai.pref.kumamoto.jp/data/shelter/shelter.json
00000907,432083,山鹿市,山鹿老人福祉センター,山鹿市山鹿1328-1,33.018691,130.684712,445,445,kumamoto_portal_map,2026-07-31T09:37:38+09:00,ae8ead0ef6bd1a8ad38b4acf,parsed,https://portal.bousai.pref.kumamoto.jp/data/shelter/shelter.json
00000930,432083,山鹿市,岩野運動場(体育館),山鹿市鹿北町岩野500,33.116091,130.691258,648,648,kumamoto_portal_map,2026-07-31T09:37:38+09:00,3e8826762e7f01da249e5586,parsed,https://portal.bousai.pref.kumamoto.jp/data/shelter/shelter.json
00000927,432083,山鹿市,岳間研修センター,山鹿市鹿北町多久1380-5,33.106223,130.73561,149,149,kumamoto_portal_map,2026-07-31T09:37:38+09:00,a499fd9ca71a32b99345f99d,parsed,https://portal.bousai.pref.kumamoto.jp/data/shelter/shelter.json
00000928,432083,山鹿市,岳間運動場(体育館),山鹿市鹿北町多久1261,33.114624,130.730277,408,408,kumamoto_portal_map,2026-07-31T09:37:38+09:00,7a3f3edbf9454b6832268c91,parsed,https://portal.bousai.pref.kumamoto.jp/data/shelter/shelter.json
00000915,432083,山鹿市,川辺地域コミュニティセンター(体育館),山鹿市保多田1551,33.016261,130.658911,263,263,kumamoto_portal_map,2026-07-31T09:37:38+09:00,f0b140047aa859e63cbc7fee,parsed,https://portal.bousai.pref.kumamoto.jp/data/shelter/shelter.json
00000916,432083,山鹿市,平小城地区公民館,山鹿市平山5380,33.050324,130.662093,175,175,kumamoto_portal_map,2026-07-31T09:37:38+09:00,2aa4a46f743a1df834924845,parsed,https://portal.bousai.pref.kumamoto.jp/data/shelter/shelter.json
00000935,432083,山鹿市,幸ケ丘研修センター,山鹿市鹿北町芋生203-17,33.081225,130.691318,185,185,kumamoto_portal_map,2026-07-31T09:37:38+09:00,5a0a0c335bf88b56fde19127,parsed,https://portal.bousai.pref.kumamoto.jp/data/shelter/shelter.json
00000956,432083,山鹿市,旧中富小学校(体育館),山鹿市鹿本町中川965,32.979649,130.733848,437,437,kumamoto_portal_map,2026-07-31T09:37:38+09:00,f3e29f19425840ecd3885a85,parsed,https://portal.bousai.pref.kumamoto.jp/data/shelter/shelter.json
00000939,432083,山鹿市,旧内田小学校(体育館),山鹿市菊鹿町上内田561,33.06305,130.774553,340,340,kumamoto_portal_map,2026-07-31T09:37:38+09:00,00b3924cd51539f62a91d9d0,parsed,https://portal.bousai.pref.kumamoto.jp/data/shelter/shelter.json
00000962,432083,山鹿市,旧千田小学校(体育館),山鹿市鹿央町千田4187,32.969066,130.695959,210,210,kumamoto_portal_map,2026-07-31T09:37:38+09:00,f285e3f28aba4dc7b2ef1fe5,parsed,https://portal.bousai.pref.kumamoto.jp/data/shelter/shelter.json
00000954,432083,山鹿市,旧稲田小学校(体育館),山鹿市鹿本町高橋638,33.005946,130.755378,595,595,kumamoto_portal_map,2026-07-31T09:37:38+09:00,34723c12198743da8abf1312,parsed,https://portal.bousai.pref.kumamoto.jp/data/shelter/shelter.json
00000918,432083,山鹿市,旧鶴城中学校(体育館),山鹿市津留1190,33.053983,130.673881,315,315,kumamoto_portal_map,2026-07-31T09:37:38+09:00,bb5af373f343baf8b349c19c,parsed,https://portal.bousai.pref.kumamoto.jp/data/shelter/shelter.json
00000948,432083,山鹿市,本分地区多目的集会施設,山鹿市菊鹿町木野3141-1,33.011418,130.775376,99,99,kumamoto_portal_map,2026-07-31T09:37:38+09:00,34a71a2ca0b4af4258a0b065,parsed,https://portal.bousai.pref.kumamoto.jp/data/shelter/shelter.json
00000929,432083,山鹿市,椎持研修センター,山鹿市鹿北町椎持1524-1,33.117488,130.728033,140,140,kumamoto_portal_map,2026-07-31T09:37:38+09:00,62d1e42344df58d3312015b9,parsed,https://portal.bousai.pref.kumamoto.jp/data/shelter/shelter.json
00000957,432083,山鹿市,水辺の学習館ゆめほたる,山鹿市鹿本町中川1130-5,32.980815,130.7339,63,63,kumamoto_portal_map,2026-07-31T09:37:38+09:00,fabc3bf5cdf4dbeb93e3df93,parsed,https://portal.bousai.pref.kumamoto.jp/data/shelter/shelter.json
00000959,432083,山鹿市,水辺プラザかもと,山鹿市鹿本町梶屋1257,32.988073,130.756629,1840,1840,kumamoto_portal_map,2026-07-31T09:37:38+09:00,aeafa313330fa54174fdcc88,parsed,https://portal.bousai.pref.kumamoto.jp/data/shelter/shelter.json
00000940,432083,山鹿市,深瀬健康増進施設,山鹿市菊鹿町上内田1684,33.064241,130.773719,193,193,kumamoto_portal_map,2026-07-31T09:37:38+09:00,56a70f3b03d818bd22035bcb,parsed,https://portal.bousai.pref.kumamoto.jp/data/shelter/shelter.json
00000931,432083,山鹿市,癒しの森ゆ~かむ,山鹿市鹿北町椎持5-2,33.115941,130.701305,158,158,kumamoto_portal_map,2026-07-31T09:37:38+09:00,6f9a92f0449ce275baba3cf4,parsed,https://portal.bousai.pref.kumamoto.jp/data/shelter/shelter.json
00000965,432083,山鹿市,米野岳中学校(体育館),山鹿市鹿央町岩原1350,32.992988,130.681938,710,710,kumamoto_portal_map,2026-07-31T09:37:38+09:00,239b230a5d85b226e80adcae,parsed,https://portal.bousai.pref.kumamoto.jp/data/shelter/shelter.json
00000944,432083,山鹿市,菊鹿中学校(体育館),山鹿市菊鹿町下内田485,33.027014,130.760416,463,463,kumamoto_portal_map,2026-07-31T09:37:38+09:00,084a260afef71666383f9f9d,parsed,https://portal.bousai.pref.kumamoto.jp/data/shelter/shelter.json
00000942,432083,山鹿市,菊鹿多目的研修集会施設,山鹿市菊鹿町下内田165,33.027847,130.767957,327,327,kumamoto_portal_map,2026-07-31T09:37:38+09:00,647e57572ec4ffd0392b2580,parsed,https://portal.bousai.pref.kumamoto.jp/data/shelter/shelter.json
00000937,432083,山鹿市,菊鹿市民センター,山鹿市菊鹿町下内田713,33.0281,130.768693,321,321,kumamoto_portal_map,2026-07-31T09:37:38+09:00,935c25741bdf79ce9d3468a2,parsed,https://portal.bousai.pref.kumamoto.jp/data/shelter/shelter.json
00000922,432083,山鹿市,蒲生コミュニティセンター,山鹿市蒲生1657-1,33.016506,130.735877,82,82,kumamoto_portal_map,2026-07-31T09:37:38+09:00,42e0223e65898fc8aa04e828,parsed,https://portal.bousai.pref.kumamoto.jp/data/shelter/shelter.json
00000946,432083,山鹿市,親木館,山鹿市菊鹿町木野263-2,33.011418,130.775376,87,87,kumamoto_portal_map,2026-07-31T09:37:38+09:00,b1e39d9a51ebcabc546a9b6d,parsed,https://portal.bousai.pref.kumamoto.jp/data/shelter/shelter.json
00000958,432083,山鹿市,農村集落多目的共同利用施設下分田センター,山鹿市鹿本町下分田915,32.988878,130.722123,180,180,kumamoto_portal_map,2026-07-31T09:37:38+09:00,aa54ac9e8dd0557aacbbff6c,parsed,https://portal.bousai.pref.kumamoto.jp/data/shelter/shelter.json
00000936,432083,山鹿市,道の駅鹿北(駐車場、休憩室),山鹿市鹿北町岩野4186-130,33.113491,130.66889,5000,5000,kumamoto_portal_map,2026-07-31T09:37:38+09:00,29d28958923a22840ebba4ad,parsed,https://portal.bousai.pref.kumamoto.jp/data/shelter/shelter.json
00000947,432083,山鹿市,酒造野多目的集会施設,山鹿市菊鹿町池永1666-2,33.026778,130.781951,39,39,kumamoto_portal_map,2026-07-31T09:37:38+09:00,816d12b61a934bab2b502a1d,parsed,https://portal.bousai.pref.kumamoto.jp/data/shelter/shelter.json
00000953,432083,山鹿市,銀杏館,山鹿市鹿本町来民1721-1,33.000669,130.733139,70,70,kumamoto_portal_map,2026-07-31T09:37:38+09:00,f67db7b36702742d7fc70ff6,parsed,https://portal.bousai.pref.kumamoto.jp/data/shelter/shelter.json
00000955,432083,山鹿市,高橋区公民館,山鹿市鹿本町高橋299-2,33.008871,130.753365,103,103,kumamoto_portal_map,2026-07-31T09:37:38+09:00,a7c751b4114ca00f39cd6759,parsed,https://portal.bousai.pref.kumamoto.jp/data/shelter/shelter.json
00000934,432083,山鹿市,鹿北体育センター,山鹿市鹿北町四丁1475,33.108717,130.69475,275,275,kumamoto_portal_map,2026-07-31T09:37:38+09:00,42e451f012bb78b653dd7656,parsed,https://portal.bousai.pref.kumamoto.jp/data/shelter/shelter.json
00000926,432083,山鹿市,鹿北市民センター,山鹿市鹿北町四丁1612,33.108481,130.693656,210,210,kumamoto_portal_map,2026-07-31T09:37:38+09:00,5c613af480f5d0261dd0ec73,parsed,https://portal.bousai.pref.kumamoto.jp/data/shelter/shelter.json
00000933,432083,山鹿市,鹿北柔剣道場,山鹿市鹿北町四丁1475,33.108717,130.69475,133,133,kumamoto_portal_map,2026-07-31T09:37:38+09:00,bc4dbacb38cbc139fee52002,parsed,https://portal.bousai.pref.kumamoto.jp/data/shelter/shelter.json
00000932,432083,山鹿市,鹿北老人福祉センター,山鹿市鹿北町岩野5490-1,33.107675,130.689695,420,420,kumamoto_portal_map,2026-07-31T09:37:38+09:00,dd38f9f3fee1339deb8406c2,parsed,https://portal.bousai.pref.kumamoto.jp/data/shelter/shelter.json
00000961,432083,山鹿市,鹿央体育館,山鹿市鹿央町広230,32.972396,130.684258,583,583,kumamoto_portal_map,2026-07-31T09:37:38+09:00,4888644209a6e568c06fa87c,parsed,https://portal.bousai.pref.kumamoto.jp/data/shelter/shelter.json
00000960,432083,山鹿市,鹿央多目的研修センター,山鹿市鹿央町合里158-1,32.974762,130.683846,317,317,kumamoto_portal_map,2026-07-31T09:37:38+09:00,e81476720b183d023ee7c456,parsed,https://portal.bousai.pref.kumamoto.jp/data/shelter/shelter.json
00000967,432083,山鹿市,鹿央市民センター,山鹿市鹿央町合里158-1,32.974762,130.683846,247,247,kumamoto_portal_map,2026-07-31T09:37:38+09:00,38f7bd1d861dd5927394fd85,parsed,https://portal.bousai.pref.kumamoto.jp/data/shelter/shelter.json
00000963,432083,山鹿市,鹿央隣保館(文化センター),山鹿市鹿央町千田1469-2,32.973196,130.708628,208,208,kumamoto_portal_map,2026-07-31T09:37:38+09:00,e67d6efa86d073b8d3c2003e,parsed,https://portal.bousai.pref.kumamoto.jp/data/shelter/shelter.json
00000951,432083,山鹿市,鹿本ふれあいセンター,山鹿市鹿本町来民962-1,33.003963,130.746801,116,116,kumamoto_portal_map,2026-07-31T09:37:38+09:00,2e42584b4850ea00a6989352,parsed,https://portal.bousai.pref.kumamoto.jp/data/shelter/shelter.json
00000952,432083,山鹿市,鹿本中学校(体育館),山鹿市鹿本町来民1267-1,32.998736,130.742844,289,289,kumamoto_portal_map,2026-07-31T09:37:38+09:00,895d7a80401d81648e1346d3,parsed,https://portal.bousai.pref.kumamoto.jp/data/shelter/shelter.json
00000950,432083,山鹿市,鹿本体育館,山鹿市鹿本町来民722,33.00378,130.742605,515,515,kumamoto_portal_map,2026-07-31T09:37:38+09:00,1ba96dfb3c274c76e7eab845,parsed,https://portal.bousai.pref.kumamoto.jp/data/shelter/shelter.json
00000949,432083,山鹿市,鹿本市民センター,山鹿市鹿本町来民686-1,33.001152,130.739469,296,296,kumamoto_portal_map,2026-07-31T09:37:38+09:00,3821d9f71b5ebd015e703f6d,parsed,https://portal.bousai.pref.kumamoto.jp/data/shelter/shelter.json
00000370,432105,菊池市,あさひが丘荘,菊池市旭志伊坂449-1,32.934758,130.832499,,,kumamoto_portal_map,2026-07-31T09:37:38+09:00,00c74550cf7780bf85ca3bbd,missing,https://portal.bousai.pref.kumamoto.jp/data/shelter/shelter.json
00000373,432105,菊池市,きくちの里,菊池市大琳寺123,32.972283,130.8037,,,kumamoto_portal_map,2026-07-31T09:37:38+09:00,1fa3b06a8e0fe57bef2910f6,missing,https://portal.bousai.pref.kumamoto.jp/data/shelter/shelter.json
00000364,432105,菊池市,きくちふるさと水源交流館,菊池市原1600,33.001961,130.872587,350,350,kumamoto_portal_map,2026-07-31T09:37:38+09:00,05a4384d320b2721c07c9b5a,parsed,https://portal.bousai.pref.kumamoto.jp/data/shelter/shelter.json
00000981,432105,菊池市,きくちふるさと水源交流館,菊池市原1600,33.001961,130.872587,350,350,kumamoto_portal_map,2026-07-31T09:37:38+09:00,05a4384d320b2721c07c9b5a,parsed,https://portal.bousai.pref.kumamoto.jp/data/shelter/shelter.json
00000375,432105,菊池市,こすもす荘,菊池市泗水町吉富2900,32.932547,130.777115,,,kumamoto_portal_map,2026-07-31T09:37:38+09:00,bb9ac7c9158a76d32b1f1c85,missing,https://portal.bousai.pref.kumamoto.jp/data/shelter/shelter.json
00001016,432105,菊池市,さくら山公園,菊池市泗水町永2731-14,32.914171,130.799975,,,kumamoto_portal_map,2026-07-31T09:37:38+09:00,5cb24c6851931ba82482eba5,missing,https://portal.bousai.pref.kumamoto.jp/data/shelter/shelter.json
00000368,432105,菊池市,つまごめ荘,菊池市今58,32.97103,130.814752,,,kumamoto_portal_map,2026-07-31T09:37:38+09:00,ae8b3c68c1f3359058191213,missing,https://portal.bousai.pref.kumamoto.jp/data/shelter/shelter.json
00000374,432105,菊池市,ふじのわ荘,菊池市亘91,32.977866,130.820996,,,kumamoto_portal_map,2026-07-31T09:37:38+09:00,7ef182789b563c8007748878,missing,https://portal.bousai.pref.kumamoto.jp/data/shelter/shelter.json
00000986,432105,菊池市,やまびこ体育館,菊池市班蛇口1390,33.073944,130.863803,150,150,kumamoto_portal_map,2026-07-31T09:37:38+09:00,19b54d91836d1f4345aac2ac,parsed,https://portal.bousai.pref.kumamoto.jp/data/shelter/shelter.json
00000365,432105,菊池市,わらび,菊池市重味2380-7,33.023969,130.889568,,,kumamoto_portal_map,2026-07-31T09:37:38+09:00,eb52d1b9716f66bc975145d5,missing,https://portal.bousai.pref.kumamoto.jp/data/shelter/shelter.json
00000367,432105,菊池市,サニーサイド,菊池市泗水町南田島1794,32.926654,130.741476,,,kumamoto_portal_map,2026-07-31T09:37:38+09:00,4010fa32a81e03389d3ec343,missing,https://portal.bousai.pref.kumamoto.jp/data/shelter/shelter.json
00001001,432105,菊池市,七城中学校体育館,菊池市七城町甲佐町66,32.970206,130.763737,340,340,kumamoto_portal_map,2026-07-31T09:37:38+09:00,7d5cd6b11c26ff5ce9e11452,parsed,https://portal.bousai.pref.kumamoto.jp/data/shelter/shelter.json
00000999,432105,菊池市,七城公民館,菊池市七城町甲佐町72-1,32.969497,130.764207,100,100,kumamoto_portal_map,2026-07-31T09:37:38+09:00,50c8c9d8ef1b49ea1693492e,parsed,https://portal.bousai.pref.kumamoto.jp/data/shelter/shelter.json
00002159,432105,菊池市,七城多目的研修センター,熊本県菊池市七城町砂田1457,32.96939898886224,130.76588494273176,,0,kumamoto_portal_map,2026-07-31T09:37:38+09:00,17ff0705605f10e9e417cf38,missing_zero,https://portal.bousai.pref.kumamoto.jp/data/shelter/shelter.json
00001000,432105,菊池市,七城小学校体育館,菊池市七城町甲佐町33,32.968942,130.763218,280,280,kumamoto_portal_map,2026-07-31T09:37:38+09:00,d0e87052d8323dbf89eb7b9c,parsed,https://portal.bousai.pref.kumamoto.jp/data/shelter/shelter.json
00001002,432105,菊池市,七城温泉ドーム,菊池市七城町林原962-1,32.961962,130.749758,160,160,kumamoto_portal_map,2026-07-31T09:37:38+09:00,7b238520948ecff475addcd7,parsed,https://portal.bousai.pref.kumamoto.jp/data/shelter/shelter.json
00000998,432105,菊池市,七城老人福祉センター,菊池市七城町流川394-1,32.98339,130.767386,30,30,kumamoto_portal_map,2026-07-31T09:37:38+09:00,a4fe7a5c5171fbb97199ce5e,parsed,https://portal.bousai.pref.kumamoto.jp/data/shelter/shelter.json
00000377,432105,菊池市,健やか園,菊池市七城町甲佐町85-1,32.969242,130.765418,,,kumamoto_portal_map,2026-07-31T09:37:38+09:00,e2d5f5b3e679b9c99cf279d0,missing,https://portal.bousai.pref.kumamoto.jp/data/shelter/shelter.json
00000371,432105,菊池市,孔子の里,菊池市泗水町福本904-1,32.920354,130.775052,,,kumamoto_portal_map,2026-07-31T09:37:38+09:00,6d3d59ad14f5d979fc2fad86,missing,https://portal.bousai.pref.kumamoto.jp/data/shelter/shelter.json
00000366,432105,菊池市,居屋敷の里,菊池市七城町流川421,32.984574,130.765906,,,kumamoto_portal_map,2026-07-31T09:37:38+09:00,faa516b2123a115bfc8705cc,missing,https://portal.bousai.pref.kumamoto.jp/data/shelter/shelter.json
00001014,432105,菊池市,憩いの森公園,菊池市泗水町吉富317-4,32.93718,130.785437,,,kumamoto_portal_map,2026-07-31T09:37:38+09:00,3d147ff2704d0dc885a51ca0,missing,https://portal.bousai.pref.kumamoto.jp/data/shelter/shelter.json
00000995,432105,菊池市,戸崎小学校体育館,菊池市赤星1164,32.966758,130.810083,100,100,kumamoto_portal_map,2026-07-31T09:37:38+09:00,f77c801046815cfe5c336964,parsed,https://portal.bousai.pref.kumamoto.jp/data/shelter/shelter.json
00000996,432105,菊池市,戸崎支館,菊池市赤星1163,32.966272,130.809867,30,30,kumamoto_portal_map,2026-07-31T09:37:38+09:00,374b6f9e6dc774477102444f,parsed,https://portal.bousai.pref.kumamoto.jp/data/shelter/shelter.json
00000985,432105,菊池市,斑蛇口湖ボート場艇庫兼研修センター,菊池市班蛇口525-2,33.073944,130.863803,60,60,kumamoto_portal_map,2026-07-31T09:37:38+09:00,2bed149b7f5a11dbc92a7c73,parsed,https://portal.bousai.pref.kumamoto.jp/data/shelter/shelter.json
00000984,432105,菊池市,旧龍門小学校校舎,菊池市龍門356,33.025565,130.841794,60,60,kumamoto_portal_map,2026-07-31T09:37:38+09:00,3d11498014c7af2ec182174d,parsed,https://portal.bousai.pref.kumamoto.jp/data/shelter/shelter.json
00001004,432105,菊池市,旭志中学校体育館,菊池市旭志小原224,32.945688,130.856397,240,240,kumamoto_portal_map,2026-07-31T09:37:38+09:00,890487724ede846997b0ffc2,parsed,https://portal.bousai.pref.kumamoto.jp/data/shelter/shelter.json
00001005,432105,菊池市,旭志体育館,菊池市旭志小原189,32.946191,130.858391,420,420,kumamoto_portal_map,2026-07-31T09:37:38+09:00,62d7a8584a145076b3051b42,parsed,https://portal.bousai.pref.kumamoto.jp/data/shelter/shelter.json
00001003,432105,菊池市,旭志公民館,菊池市旭志小原241,32.942355,130.861427,250,250,kumamoto_portal_map,2026-07-31T09:37:38+09:00,31a1d8bf51dfa60ccbafcf1e,parsed,https://portal.bousai.pref.kumamoto.jp/data/shelter/shelter.json
00001006,432105,菊池市,旭志小学校体育館,菊池市旭志新明2790,32.943338,130.848745,260,260,kumamoto_portal_map,2026-07-31T09:37:38+09:00,54a59755ceeb3186412c6b6a,parsed,https://portal.bousai.pref.kumamoto.jp/data/shelter/shelter.json
00000982,432105,菊池市,水源支館,菊池市原1607,33.000378,130.870526,30,30,kumamoto_portal_map,2026-07-31T09:37:38+09:00,ce9ae416b98df72b83b1bf2c,parsed,https://portal.bousai.pref.kumamoto.jp/data/shelter/shelter.json
00001010,432105,菊池市,泗水B&G海洋センター体育館,菊池市泗水町吉富100-3,32.939674,130.792591,260,260,kumamoto_portal_map,2026-07-31T09:37:38+09:00,f13af6907f2c29a37657fd2f,parsed,https://portal.bousai.pref.kumamoto.jp/data/shelter/shelter.json
00001011,432105,菊池市,泗水中学校体育館,菊池市泗水町豊水3490,32.922798,130.774488,330,330,kumamoto_portal_map,2026-07-31T09:37:38+09:00,3ad9bf2d9258700b2a7ae2e8,parsed,https://portal.bousai.pref.kumamoto.jp/data/shelter/shelter.json
00001009,432105,菊池市,泗水体育館,菊池市泗水町福本242-1,32.923373,130.776254,380,380,kumamoto_portal_map,2026-07-31T09:37:38+09:00,86af2094268fb933b28135f3,parsed,https://portal.bousai.pref.kumamoto.jp/data/shelter/shelter.json
00001007,432105,菊池市,泗水公民館,菊池市泗水町豊水3565,32.924626,130.77201,250,250,kumamoto_portal_map,2026-07-31T09:37:38+09:00,739abbcad5ba364ab9125128,parsed,https://portal.bousai.pref.kumamoto.jp/data/shelter/shelter.json
00001012,432105,菊池市,泗水小学校体育館,菊池市泗水町豊水3481,32.924506,130.774282,210,210,kumamoto_portal_map,2026-07-31T09:37:38+09:00,2a7705f3ca40bc59d6ebf608,parsed,https://portal.bousai.pref.kumamoto.jp/data/shelter/shelter.json
00001008,432105,菊池市,泗水支所,菊池市泗水町福本383,32.922529,130.77549,,,kumamoto_portal_map,2026-07-31T09:37:38+09:00,1fe5eae17810d21fe243e9ba,missing,https://portal.bousai.pref.kumamoto.jp/data/shelter/shelter.json
00001017,432105,菊池市,泗水東小学校体育館,菊池市泗水町住吉2851,32.933072,130.808123,190,190,kumamoto_portal_map,2026-07-31T09:37:38+09:00,04328bdebee7eb1fe0778155,parsed,https://portal.bousai.pref.kumamoto.jp/data/shelter/shelter.json
00001015,432105,菊池市,泗水第2体育館,菊池市泗水町永2618,32.914871,130.803888,260,260,kumamoto_portal_map,2026-07-31T09:37:38+09:00,739c9a333a789e319009ddc7,parsed,https://portal.bousai.pref.kumamoto.jp/data/shelter/shelter.json
00000372,432105,菊池市,泗水苑,菊池市泗水町永1021,32.926009,130.802902,,,kumamoto_portal_map,2026-07-31T09:37:38+09:00,640961f2e7f698b284aa795a,missing,https://portal.bousai.pref.kumamoto.jp/data/shelter/shelter.json
00001018,432105,菊池市,泗水西小学校体育館,菊池市泗水町田島333,32.931834,130.74289,170,170,kumamoto_portal_map,2026-07-31T09:37:38+09:00,99b0237172633783e8dcc927,parsed,https://portal.bousai.pref.kumamoto.jp/data/shelter/shelter.json
00000369,432105,菊池市,清泉,菊池市七城町亀尾2429,32.955282,130.768348,,,kumamoto_portal_map,2026-07-31T09:37:38+09:00,e4557fee8f05fca85f7b76bb,missing,https://portal.bousai.pref.kumamoto.jp/data/shelter/shelter.json
00000983,432105,菊池市,竜門ダム防災情報施設,菊池市龍門870,33.037563,130.846824,80,80,kumamoto_portal_map,2026-07-31T09:37:38+09:00,fc47bdf5f00d486cdf6167db,parsed,https://portal.bousai.pref.kumamoto.jp/data/shelter/shelter.json
00000993,432105,菊池市,花房小学校体育館,菊池市出田2516,32.954009,130.794483,170,170,kumamoto_portal_map,2026-07-31T09:37:38+09:00,c83d0a3e79c7c4b8c50954d7,parsed,https://portal.bousai.pref.kumamoto.jp/data/shelter/shelter.json
00000994,432105,菊池市,花房支館,菊池市出田2532,32.952651,130.797532,20,20,kumamoto_portal_map,2026-07-31T09:37:38+09:00,395b27b5f6e6aba521b4dd5b,parsed,https://portal.bousai.pref.kumamoto.jp/data/shelter/shelter.json
00000991,432105,菊池市,菊之池小学校体育館,菊池市西寺1928,32.968697,130.790018,150,150,kumamoto_portal_map,2026-07-31T09:37:38+09:00,59bd5c2e66847c727a6ba93b,parsed,https://portal.bousai.pref.kumamoto.jp/data/shelter/shelter.json
00000975,432105,菊池市,菊池北中学校体育館,菊池市隈府1515,32.991368,130.819192,520,520,kumamoto_portal_map,2026-07-31T09:37:38+09:00,60c5605809bb349a94eea453,parsed,https://portal.bousai.pref.kumamoto.jp/data/shelter/shelter.json
00000976,432105,菊池市,菊池北小学校体育館,菊池市隈府1530-1,32.992118,130.81569,260,260,kumamoto_portal_map,2026-07-31T09:37:38+09:00,8fa373cbfb5af1a25cff7298,parsed,https://portal.bousai.pref.kumamoto.jp/data/shelter/shelter.json
00000971,432105,菊池市,菊池南中学校体育館,菊池市隈府833,32.977611,130.811641,320,320,kumamoto_portal_map,2026-07-31T09:37:38+09:00,b576395eec9d4abb263f5c52,parsed,https://portal.bousai.pref.kumamoto.jp/data/shelter/shelter.json
00000972,432105,菊池市,菊池南中学校武道場,菊池市隈府900-1,32.979833,130.811852,240,240,kumamoto_portal_map,2026-07-31T09:37:38+09:00,154d8b8ee4945fb28dbdcb9b,parsed,https://portal.bousai.pref.kumamoto.jp/data/shelter/shelter.json
00000376,432105,菊池市,菊池園,菊池市泗水町吉富17-1,32.937777,130.795469,,,kumamoto_portal_map,2026-07-31T09:37:38+09:00,594e9ebb6e4d69bf0a737ccb,missing,https://portal.bousai.pref.kumamoto.jp/data/shelter/shelter.json
00000974,432105,菊池市,菊池女子高校体育館・グラウンド・駐車場,菊池市隈府1081,32.981302,130.817204,200,200,kumamoto_portal_map,2026-07-31T09:37:38+09:00,dfc0a1132728d4d611a786d8,parsed,https://portal.bousai.pref.kumamoto.jp/data/shelter/shelter.json
00000978,432105,菊池市,菊池市ふれあい交流センター,菊池市袈裟尾445-12,32.992223,130.797578,30,30,kumamoto_portal_map,2026-07-31T09:37:38+09:00,2b8b58207454b92a3b43a686,parsed,https://portal.bousai.pref.kumamoto.jp/data/shelter/shelter.json
00000968,432105,菊池市,菊池市役所庁舎,菊池市隈府888,32.980194,130.813283,,,kumamoto_portal_map,2026-07-31T09:37:38+09:00,101f15d39f7cfcf01f4e49d7,missing,https://portal.bousai.pref.kumamoto.jp/data/shelter/shelter.json
00000997,432105,菊池市,菊池市浄水センター,菊池市赤星1818,32.959351,130.8137,50,50,kumamoto_portal_map,2026-07-31T09:37:38+09:00,c0fca7090f4d43884df8b880,parsed,https://portal.bousai.pref.kumamoto.jp/data/shelter/shelter.json
00000969,432105,菊池市,菊池市生涯学習センター,菊池市隈府872,32.978955,130.814469,220,220,kumamoto_portal_map,2026-07-31T09:37:38+09:00,9f2f10639c0fed288ac3789d,parsed,https://portal.bousai.pref.kumamoto.jp/data/shelter/shelter.json
00000979,432105,菊池市,菊池市福祉会館,菊池市隈府888,32.980194,130.813283,90,90,kumamoto_portal_map,2026-07-31T09:37:38+09:00,b75e114bcecf12d0f3ffef6b,parsed,https://portal.bousai.pref.kumamoto.jp/data/shelter/shelter.json
00000977,432105,菊池市,菊池市総合体育館,菊池市亘538-2,32.987016,130.822564,990,990,kumamoto_portal_map,2026-07-31T09:37:38+09:00,9590512252a1532a452c73f7,parsed,https://portal.bousai.pref.kumamoto.jp/data/shelter/shelter.json
00000980,432105,菊池市,菊池老人福祉センター,菊池市隈府432-1,32.981596,130.805467,60,60,kumamoto_portal_map,2026-07-31T09:37:38+09:00,b827f5ca8b1b4e3e276c79b1,parsed,https://portal.bousai.pref.kumamoto.jp/data/shelter/shelter.json
00001013,432105,菊池市,菊池農業高校前庭,菊池市泗水町吉富250,32.941471,130.789133,,,kumamoto_portal_map,2026-07-31T09:37:38+09:00,c2347f6ed487751476780d42,missing,https://portal.bousai.pref.kumamoto.jp/data/shelter/shelter.json
00000973,432105,菊池市,菊池高校体育館・グラウンド,菊池市隈府1332-1,32.986316,130.810994,420,420,kumamoto_portal_map,2026-07-31T09:37:38+09:00,ade1469f2390e58ab6ddea40,parsed,https://portal.bousai.pref.kumamoto.jp/data/shelter/shelter.json
00002104,432105,菊池市,西部市民センター,熊本県菊池市西寺1371-1,32.97053578448042,130.78577779735707,,0,kumamoto_portal_map,2026-07-31T09:37:38+09:00,68444a15bd11b7fddb2316fd,missing_zero,https://portal.bousai.pref.kumamoto.jp/data/shelter/shelter.json
00000992,432105,菊池市,西部市民センター,菊池市西寺1371-1,32.9705,130.785713,200,200,kumamoto_portal_map,2026-07-31T09:37:38+09:00,68444a15bd11b7fddb2316fd,parsed,https://portal.bousai.pref.kumamoto.jp/data/shelter/shelter.json
00000987,432105,菊池市,迫間支館,菊池市大平600,32.997866,130.830149,30,30,kumamoto_portal_map,2026-07-31T09:37:38+09:00,ffbf1047785155a7eb0bd872,parsed,https://portal.bousai.pref.kumamoto.jp/data/shelter/shelter.json
00000989,432105,菊池市,迫龍ふれあいセンター,菊池市重味3296,33.001707,130.847075,30,30,kumamoto_portal_map,2026-07-31T09:37:38+09:00,6ea136e781d28fcca9ffc763,parsed,https://portal.bousai.pref.kumamoto.jp/data/shelter/shelter.json
00000988,432105,菊池市,里山の家,菊池市原2931,33.013501,130.89725,60,60,kumamoto_portal_map,2026-07-31T09:37:38+09:00,b1900157aeb95a1a7004be33,parsed,https://portal.bousai.pref.kumamoto.jp/data/shelter/shelter.json
00000990,432105,菊池市,重味グラウンド,菊池市重味1362-1,33.012206,130.852262,,,kumamoto_portal_map,2026-07-31T09:37:38+09:00,a031712bd94649458d66cb4a,missing,https://portal.bousai.pref.kumamoto.jp/data/shelter/shelter.json
00000970,432105,菊池市,隈府小学校体育館,菊池市隈府792,32.978894,130.810944,230,230,kumamoto_portal_map,2026-07-31T09:37:38+09:00,e8ee36c9c8d022315e36387d,parsed,https://portal.bousai.pref.kumamoto.jp/data/shelter/shelter.json
00001020,432113,宇土市,JR住吉駅前駐輪場,宇土市住吉町,32.705407,130.594194,15,15,kumamoto_portal_map,2026-07-31T09:37:38+09:00,d4cc7bcbcb71a84c6ca7737d,parsed,https://portal.bousai.pref.kumamoto.jp/data/shelter/shelter.json
00000381,432113,宇土市,ecowin宇土アリーナ(宇土市民体育館),宇土市旭町504,32.684182,130.664418,1441,1441,kumamoto_portal_map,2026-07-31T09:37:38+09:00,89c8bd703b93af2c2de38e4d,parsed,https://portal.bousai.pref.kumamoto.jp/data/shelter/shelter.json
00000404,432113,宇土市,あさひコート,宇土市旭町106,32.687982,130.665143,5,5,kumamoto_portal_map,2026-07-31T09:37:38+09:00,c15084392f7309bd2f631d3c,parsed,https://portal.bousai.pref.kumamoto.jp/data/shelter/shelter.json
00000405,432113,宇土市,ケアコートうと本町,宇土市新小路町2,32.686448,130.663643,5,5,kumamoto_portal_map,2026-07-31T09:37:38+09:00,5ffe2c562eb2f4c7f452c937,parsed,https://portal.bousai.pref.kumamoto.jp/data/shelter/shelter.json
00001065,432113,宇土市,三角線を超えて山手方面,宇土市新開町,32.699344,130.62537,,,kumamoto_portal_map,2026-07-31T09:37:38+09:00,92e86a2060da4dbc63364150,missing,https://portal.bousai.pref.kumamoto.jp/data/shelter/shelter.json
00001032,432113,宇土市,五色山グラウンド,宇土市松山町,32.668561,130.670665,,,kumamoto_portal_map,2026-07-31T09:37:38+09:00,b18a1911250c35f42ef44678,missing,https://portal.bousai.pref.kumamoto.jp/data/shelter/shelter.json
00001037,432113,宇土市,住吉中学校グラウンド,宇土市笹原町1700,32.700394,130.610202,,,kumamoto_portal_map,2026-07-31T09:37:38+09:00,af42e6609e0dd6c2b8082051,missing,https://portal.bousai.pref.kumamoto.jp/data/shelter/shelter.json
00001019,432113,宇土市,住吉中学校体育館,宇土市笹原町1700,32.700394,130.610202,223,223,kumamoto_portal_map,2026-07-31T09:37:38+09:00,630101a89b75081d29b5e8b0,parsed,https://portal.bousai.pref.kumamoto.jp/data/shelter/shelter.json
00000394,432113,宇土市,住吉漁協会議室,宇土市住吉町875,32.703052,130.598455,30,30,kumamoto_portal_map,2026-07-31T09:37:38+09:00,06c9cd146d13bcf235163fe9,parsed,https://portal.bousai.pref.kumamoto.jp/data/shelter/shelter.json
00001040,432113,宇土市,住吉神社,宇土市住吉町2067,32.707485,130.591044,,,kumamoto_portal_map,2026-07-31T09:37:38+09:00,ac5df517d25f587c555f6973,missing,https://portal.bousai.pref.kumamoto.jp/data/shelter/shelter.json
00000386,432113,宇土市,創価学会宇土文化会館,宇土市南段原町130-1,32.682902,130.66409,100,100,kumamoto_portal_map,2026-07-31T09:37:38+09:00,186bc6f84cdd252b96046d21,parsed,https://portal.bousai.pref.kumamoto.jp/data/shelter/shelter.json
00001028,432113,宇土市,城山公園,宇土市古城町139,32.682401,130.650133,,,kumamoto_portal_map,2026-07-31T09:37:38+09:00,5b9a48a14b60d7d5951a4ec1,missing,https://portal.bousai.pref.kumamoto.jp/data/shelter/shelter.json
00001052,432113,宇土市,天満宮上へ通じる道路,宇土市上網田町,32.668251,130.564219,,,kumamoto_portal_map,2026-07-31T09:37:38+09:00,0c9092ed47e745f50168cfaa,missing,https://portal.bousai.pref.kumamoto.jp/data/shelter/shelter.json
00001026,432113,宇土市,宇土小学校グラウンド,宇土市高柳町104-1,32.683848,130.65293,,,kumamoto_portal_map,2026-07-31T09:37:38+09:00,2c9e2525e83e9996b2abddd9,missing,https://portal.bousai.pref.kumamoto.jp/data/shelter/shelter.json
00000385,432113,宇土市,宇土小学校体育館,宇土市高柳町104-1,32.683848,130.65293,378,378,kumamoto_portal_map,2026-07-31T09:37:38+09:00,511b79e1547967be990d54aa,parsed,https://portal.bousai.pref.kumamoto.jp/data/shelter/shelter.json
00000413,432113,宇土市,宇土市スポーツセンター,宇土市花園町523-2,32.677017,130.694341,198,198,kumamoto_portal_map,2026-07-31T09:37:38+09:00,30f49df52bd53ec09997edfc,parsed,https://portal.bousai.pref.kumamoto.jp/data/shelter/shelter.json
00000403,432113,宇土市,宇土市保健センター,宇土市南段原町164-1,32.680191,130.662187,90,90,kumamoto_portal_map,2026-07-31T09:37:38+09:00,d2b5a1882faae5ef4bcea521,parsed,https://portal.bousai.pref.kumamoto.jp/data/shelter/shelter.json
00000387,432113,宇土市,宇土市立図書館,宇土市浦田町131-1,32.685845,130.657465,210,210,kumamoto_portal_map,2026-07-31T09:37:38+09:00,2425c85192230d236f0ea8ab,parsed,https://portal.bousai.pref.kumamoto.jp/data/shelter/shelter.json
00001023,432113,宇土市,宇土市運動公園グラウンド,宇土市旭町375,32.683971,130.66564,,,kumamoto_portal_map,2026-07-31T09:37:38+09:00,3a72d6e5957fbcf3759fbc13,missing,https://portal.bousai.pref.kumamoto.jp/data/shelter/shelter.json
00001027,432113,宇土市,宇土東小学校グラウンド,宇土市築籠町46,32.695084,130.661215,,,kumamoto_portal_map,2026-07-31T09:37:38+09:00,9049dc5512bf12b2beb6bfdd,missing,https://portal.bousai.pref.kumamoto.jp/data/shelter/shelter.json
00000383,432113,宇土市,宇土東小学校体育館,宇土市築籠町46,32.695084,130.661215,291,291,kumamoto_portal_map,2026-07-31T09:37:38+09:00,e61586758c5bd879826a5b5b,parsed,https://portal.bousai.pref.kumamoto.jp/data/shelter/shelter.json
00001024,432113,宇土市,宇土高校グラウンド,宇土市古城町63,32.68059,130.654288,,,kumamoto_portal_map,2026-07-31T09:37:38+09:00,01645505fad1d03f099f8315,missing,https://portal.bousai.pref.kumamoto.jp/data/shelter/shelter.json
00000384,432113,宇土市,宇土高校体育館,宇土市古城町63,32.68059,130.654288,1000,1000,kumamoto_portal_map,2026-07-31T09:37:38+09:00,18edec7077c5970769989276,parsed,https://portal.bousai.pref.kumamoto.jp/data/shelter/shelter.json
00001034,432113,宇土市,宇土高校第3グラウンド,宇土市神馬町山下364-1,32.676688,130.645508,,,kumamoto_portal_map,2026-07-31T09:37:38+09:00,7f57421627379f5f88ddedcc,missing,https://portal.bousai.pref.kumamoto.jp/data/shelter/shelter.json
00001059,432113,宇土市,小池納骨堂横,宇土市長浜町,32.692707,130.56339,,,kumamoto_portal_map,2026-07-31T09:37:38+09:00,6ccbc44ed2bee95eae1ce28e,missing,https://portal.bousai.pref.kumamoto.jp/data/shelter/shelter.json
00001061,432113,宇土市,小部田避難路,宇土市住吉町,32.705407,130.594194,,,kumamoto_portal_map,2026-07-31T09:37:38+09:00,67fa605a5954f168b2af6f48,missing,https://portal.bousai.pref.kumamoto.jp/data/shelter/shelter.json
00001045,432113,宇土市,島山,宇土市戸口町,32.668811,130.543643,,,kumamoto_portal_map,2026-07-31T09:37:38+09:00,355272be3e0d81d238810ef2,missing,https://portal.bousai.pref.kumamoto.jp/data/shelter/shelter.json
00000379,432113,宇土市,市役所別館,宇土市浦田町51,32.687834,130.659046,195,195,kumamoto_portal_map,2026-07-31T09:37:38+09:00,9d809270a7e6f6c4e7bc12d7,parsed,https://portal.bousai.pref.kumamoto.jp/data/shelter/shelter.json
00000409,432113,宇土市,市武道館,宇土市旭町500,32.685718,130.666773,223,223,kumamoto_portal_map,2026-07-31T09:37:38+09:00,21ffacb10ea780cedb552454,parsed,https://portal.bousai.pref.kumamoto.jp/data/shelter/shelter.json
00000380,432113,宇土市,市民会館,宇土市新小路町123,32.684018,130.661323,963,963,kumamoto_portal_map,2026-07-31T09:37:38+09:00,8aae143db22e86f53b425387,parsed,https://portal.bousai.pref.kumamoto.jp/data/shelter/shelter.json
00000378,432113,宇土市,市福祉センター,宇土市浦田町44,32.687534,130.658782,30,30,kumamoto_portal_map,2026-07-31T09:37:38+09:00,c82c9d0491bda29f7043eebb,parsed,https://portal.bousai.pref.kumamoto.jp/data/shelter/shelter.json
00001048,432113,宇土市,平岩踏切から古屋敷地区へ通じる道路,宇土市赤瀬町,32.659206,130.518604,,,kumamoto_portal_map,2026-07-31T09:37:38+09:00,9dfabe386dac60a8df6dd153,missing,https://portal.bousai.pref.kumamoto.jp/data/shelter/shelter.json
00001068,432113,宇土市,平成走潟大橋から三角線を超えて山手方面,宇土市走潟町・馬之瀬町,32.707855,130.642416,,,kumamoto_portal_map,2026-07-31T09:37:38+09:00,e81a42a4c654822c0e1fc917,missing,https://portal.bousai.pref.kumamoto.jp/data/shelter/shelter.json
00001047,432113,宇土市,広刈地区上へ通じる道路,宇土市赤瀬町,32.659206,130.518604,,,kumamoto_portal_map,2026-07-31T09:37:38+09:00,21d6460e0180046a358a46d1,missing,https://portal.bousai.pref.kumamoto.jp/data/shelter/shelter.json
00001049,432113,宇土市,御輿来地区上へ通じる道路,宇土市下網田町,32.668315,130.552408,,,kumamoto_portal_map,2026-07-31T09:37:38+09:00,517804c78657c6162a012fa3,missing,https://portal.bousai.pref.kumamoto.jp/data/shelter/shelter.json
00001050,432113,宇土市,戸口避難路,宇土市戸口町,32.668811,130.543643,,,kumamoto_portal_map,2026-07-31T09:37:38+09:00,98b762a5f62519088c9ed547,missing,https://portal.bousai.pref.kumamoto.jp/data/shelter/shelter.json
00001063,432113,宇土市,新川東・西避難路,宇土市網津町,32.701019,130.607144,,,kumamoto_portal_map,2026-07-31T09:37:38+09:00,5d4304c5ced4ca6bbd8c2e34,missing,https://portal.bousai.pref.kumamoto.jp/data/shelter/shelter.json
00000408,432113,宇土市,景雅苑,宇土市上網田町3676,32.679861,130.552869,5,5,kumamoto_portal_map,2026-07-31T09:37:38+09:00,dd52f5fb383637b2653f4499,parsed,https://portal.bousai.pref.kumamoto.jp/data/shelter/shelter.json
00001062,432113,宇土市,梅咲避難路,宇土市網津町,32.701019,130.607144,,,kumamoto_portal_map,2026-07-31T09:37:38+09:00,2fb3274392cc16745d18ab45,missing,https://portal.bousai.pref.kumamoto.jp/data/shelter/shelter.json
00002358,432113,宇土市,椿原公民館,熊本県宇土市椿原町581,32.68277478063608,130.6416091465585,,0,kumamoto_portal_map,2026-07-31T09:37:38+09:00,529e48a464a3f60d80233f88,missing_zero,https://portal.bousai.pref.kumamoto.jp/data/shelter/shelter.json
00001066,432113,宇土市,次郎平橋から三角線を超えて山手方面,宇土市走潟町・新開町,32.707855,130.642416,,,kumamoto_portal_map,2026-07-31T09:37:38+09:00,fb88bddda551327a4335a270,missing,https://portal.bousai.pref.kumamoto.jp/data/shelter/shelter.json
00001055,432113,宇土市,浦神社,宇土市長浜町,32.692707,130.56339,,,kumamoto_portal_map,2026-07-31T09:37:38+09:00,3a1a5578fd42de3222eb0877,missing,https://portal.bousai.pref.kumamoto.jp/data/shelter/shelter.json
00001056,432113,宇土市,火の国屋横の道,宇土市長浜町,32.692707,130.56339,,,kumamoto_portal_map,2026-07-31T09:37:38+09:00,12d93f152149d63964955293,missing,https://portal.bousai.pref.kumamoto.jp/data/shelter/shelter.json
00000406,432113,宇土市,照古苑,宇土市南段原町161-2,32.680013,130.66319,10,10,kumamoto_portal_map,2026-07-31T09:37:38+09:00,1e6328d6ec4dff9b5ece87b7,parsed,https://portal.bousai.pref.kumamoto.jp/data/shelter/shelter.json
00000407,432113,宇土市,照古苑ひまわりホーム,宇土市松山町1988,32.668486,130.671768,10,10,kumamoto_portal_map,2026-07-31T09:37:38+09:00,7adbae4092051ee75df131c1,parsed,https://portal.bousai.pref.kumamoto.jp/data/shelter/shelter.json
00001053,432113,宇土市,田平地区道路,宇土市上網田町,32.668251,130.564219,,,kumamoto_portal_map,2026-07-31T09:37:38+09:00,9d77803f05ae7316d6e66a19,missing,https://portal.bousai.pref.kumamoto.jp/data/shelter/shelter.json
00001060,432113,宇土市,直築避難路,宇土市網津町,32.701019,130.607144,,,kumamoto_portal_map,2026-07-31T09:37:38+09:00,4de9ac221edc9e52475b77d1,missing,https://portal.bousai.pref.kumamoto.jp/data/shelter/shelter.json
00001029,432113,宇土市,立岡総合グラウンド,宇土市花園町523-2,32.677017,130.694341,,,kumamoto_portal_map,2026-07-31T09:37:38+09:00,a57ed055604547f9249ea1a6,missing,https://portal.bousai.pref.kumamoto.jp/data/shelter/shelter.json
00000395,432113,宇土市,網津公民館網引分館,宇土市網引町790-1,32.678124,130.594872,30,30,kumamoto_portal_map,2026-07-31T09:37:38+09:00,4d22076cd4cacc131492558c,parsed,https://portal.bousai.pref.kumamoto.jp/data/shelter/shelter.json
00001038,432113,宇土市,網津地区グラウンド,宇土市網津町1961,32.701019,130.607144,,,kumamoto_portal_map,2026-07-31T09:37:38+09:00,1d6984ad36f0c14f278ce6cd,missing,https://portal.bousai.pref.kumamoto.jp/data/shelter/shelter.json
00000399,432113,宇土市,網津地区多目的研修会施設,宇土市網津町2026-2,32.696003,130.599239,221,221,kumamoto_portal_map,2026-07-31T09:37:38+09:00,a2b5314b636d16b89d435edb,parsed,https://portal.bousai.pref.kumamoto.jp/data/shelter/shelter.json
00001039,432113,宇土市,網津小学校グラウンド,宇土市網津町2082-3,32.696455,130.599505,,,kumamoto_portal_map,2026-07-31T09:37:38+09:00,a6b7b347c60ae5f10235b632,missing,https://portal.bousai.pref.kumamoto.jp/data/shelter/shelter.json
00000400,432113,宇土市,網津小学校体育館,宇土市網津町2082-3,32.696455,130.599505,275,275,kumamoto_portal_map,2026-07-31T09:37:38+09:00,3737de8c90166d597fce7d74,parsed,https://portal.bousai.pref.kumamoto.jp/data/shelter/shelter.json
00000410,432113,宇土市,網津防災センター,宇土市網津町1991-1,32.696772,130.600863,69,69,kumamoto_portal_map,2026-07-31T09:37:38+09:00,f769ef31729cb1ce419ff2c1,parsed,https://portal.bousai.pref.kumamoto.jp/data/shelter/shelter.json
00002332,432113,宇土市,網田コミュニティーセンター,熊本県宇土市下網田町1819番地,32.6677750171473,130.55379867553708,86,86,kumamoto_portal_map,2026-07-31T09:37:38+09:00,b090762263dbf26e15461fbb,parsed,https://portal.bousai.pref.kumamoto.jp/data/shelter/shelter.json
00001044,432113,宇土市,網田中学校グラウンド,宇土市下網田町1120,32.671173,130.549939,,,kumamoto_portal_map,2026-07-31T09:37:38+09:00,0ebc9876fed72f921773b2c7,missing,https://portal.bousai.pref.kumamoto.jp/data/shelter/shelter.json
00001022,432113,宇土市,網田中学校体育館,宇土市下網田町1120,32.671173,130.549939,308,308,kumamoto_portal_map,2026-07-31T09:37:38+09:00,b355f32b9cd5fc847a9144fd,parsed,https://portal.bousai.pref.kumamoto.jp/data/shelter/shelter.json
00001042,432113,宇土市,網田地区グラウンド,宇土市下網田町710-1,32.673081,130.552475,,,kumamoto_portal_map,2026-07-31T09:37:38+09:00,e33d802a9e61ad2a672fff65,missing,https://portal.bousai.pref.kumamoto.jp/data/shelter/shelter.json
00000401,432113,宇土市,網田地区農業者トレーニングセンター,宇土市下網田町1904,32.668081,130.550711,176,176,kumamoto_portal_map,2026-07-31T09:37:38+09:00,f047ce241f79aef830f2a84b,parsed,https://portal.bousai.pref.kumamoto.jp/data/shelter/shelter.json
00001043,432113,宇土市,網田小学校グラウンド,宇土市下網田町1842,32.666818,130.554178,,,kumamoto_portal_map,2026-07-31T09:37:38+09:00,c1b0cd95c460e9b153fd7b31,missing,https://portal.bousai.pref.kumamoto.jp/data/shelter/shelter.json
00001021,432113,宇土市,網田小学校体育館,宇土市下網田町1842,32.666818,130.554178,274,274,kumamoto_portal_map,2026-07-31T09:37:38+09:00,e833440b24dee1029012671a,parsed,https://portal.bousai.pref.kumamoto.jp/data/shelter/shelter.json
00000397,432113,宇土市,網田漁協,宇土市長浜町508番地5,32.692713,130.56304,50,50,kumamoto_portal_map,2026-07-31T09:37:38+09:00,b81447496fd437af810531cb,parsed,https://portal.bousai.pref.kumamoto.jp/data/shelter/shelter.json
00001035,432113,宇土市,緑川地区グラウンド,宇土市笹原町1257,32.699827,130.612629,,,kumamoto_portal_map,2026-07-31T09:37:38+09:00,e4bec01ec52a6b897eab0430,missing,https://portal.bousai.pref.kumamoto.jp/data/shelter/shelter.json
00000412,432113,宇土市,緑川地区公民館,宇土市野鶴町294-1,32.694195,130.630117,37,37,kumamoto_portal_map,2026-07-31T09:37:38+09:00,ba31cc9969364f8c424d7d06,parsed,https://portal.bousai.pref.kumamoto.jp/data/shelter/shelter.json
00000393,432113,宇土市,緑川地区農業者トレーニングセンター,宇土市野鶴町212,32.693039,130.631814,223,223,kumamoto_portal_map,2026-07-31T09:37:38+09:00,61d91e80c767d5fd551d0d71,parsed,https://portal.bousai.pref.kumamoto.jp/data/shelter/shelter.json
00001036,432113,宇土市,緑川小学校グラウンド,宇土市野鶴町246,32.693414,130.630809,,,kumamoto_portal_map,2026-07-31T09:37:38+09:00,f3d90eaf9be8ee315066445c,missing,https://portal.bousai.pref.kumamoto.jp/data/shelter/shelter.json
00000392,432113,宇土市,緑川小学校体育館,宇土市野鶴町246,32.693414,130.630809,279,279,kumamoto_portal_map,2026-07-31T09:37:38+09:00,90f4d42fafa3227ae266bbce,parsed,https://portal.bousai.pref.kumamoto.jp/data/shelter/shelter.json
00000411,432113,宇土市,老人福祉センター,宇土市新小路町138-2,32.683557,130.662843,127,127,kumamoto_portal_map,2026-07-31T09:37:38+09:00,0a5d7684173aa5d9c0b20778,parsed,https://portal.bousai.pref.kumamoto.jp/data/shelter/shelter.json
00000388,432113,宇土市,花園コミュニティセンター,宇土市古保里町977,32.676375,130.683297,70,70,kumamoto_portal_map,2026-07-31T09:37:38+09:00,00e1776ff097cc0757d5d5c7,parsed,https://portal.bousai.pref.kumamoto.jp/data/shelter/shelter.json
00001030,432113,宇土市,花園小学校グラウンド,宇土市古保里町695,32.67575,130.68238,,,kumamoto_portal_map,2026-07-31T09:37:38+09:00,c1db9bdaf14086caf61e5f64,missing,https://portal.bousai.pref.kumamoto.jp/data/shelter/shelter.json
00000389,432113,宇土市,花園小学校体育館,宇土市古保里町695,32.67575,130.68238,217,217,kumamoto_portal_map,2026-07-31T09:37:38+09:00,4ba5aa72530be6ca6be05ce4,parsed,https://portal.bousai.pref.kumamoto.jp/data/shelter/shelter.json
00000402,432113,宇土市,西部老人福祉センター,宇土市下網田町1931,32.668606,130.551384,119,119,kumamoto_portal_map,2026-07-31T09:37:38+09:00,6c7459729f48c8b68c4bf76b,parsed,https://portal.bousai.pref.kumamoto.jp/data/shelter/shelter.json
00001046,432113,宇土市,赤瀬駅,宇土市赤瀬町,32.659206,130.518604,,,kumamoto_portal_map,2026-07-31T09:37:38+09:00,1a4d8bed419e061eca602ff8,missing,https://portal.bousai.pref.kumamoto.jp/data/shelter/shelter.json
00000396,432113,宇土市,走潟地区体育館,宇土市走潟町619-1,32.70616,130.646766,299,299,kumamoto_portal_map,2026-07-31T09:37:38+09:00,918fb033e7dff31873786381,parsed,https://portal.bousai.pref.kumamoto.jp/data/shelter/shelter.json
00001041,432113,宇土市,走潟小学校グラウンド,宇土市走潟町743,32.70503,130.648074,,,kumamoto_portal_map,2026-07-31T09:37:38+09:00,d44d6a537e0c985af15c6c41,missing,https://portal.bousai.pref.kumamoto.jp/data/shelter/shelter.json
00002227,432113,宇土市,走潟小学校体育館,熊本県宇土市走潟町743,32.70508334166607,130.6480996732824,321,321,kumamoto_portal_map,2026-07-31T09:37:38+09:00,69cbe39392da4846a67a88a5,parsed,https://portal.bousai.pref.kumamoto.jp/data/shelter/shelter.json
00001067,432113,宇土市,走潟小学校屋上,宇土市走潟町743,32.70503,130.648074,,,kumamoto_portal_map,2026-07-31T09:37:38+09:00,94c32b15895c8b27ddbff04b,missing,https://portal.bousai.pref.kumamoto.jp/data/shelter/shelter.json
00001033,432113,宇土市,轟地区グラウンド,宇土市石橋町10-1,32.67563,130.6439,,,kumamoto_portal_map,2026-07-31T09:37:38+09:00,91cdf6151474bf18ea39d6fd,missing,https://portal.bousai.pref.kumamoto.jp/data/shelter/shelter.json
00000390,432113,宇土市,轟地区公民館,宇土市石橋町10-2,32.676496,130.644842,51,51,kumamoto_portal_map,2026-07-31T09:37:38+09:00,e21ca88ab7ccdafa6b1ba540,parsed,https://portal.bousai.pref.kumamoto.jp/data/shelter/shelter.json
00000391,432113,宇土市,轟地区農業者トレーニングセンター,宇土市石橋町1,32.676052,130.645344,167,167,kumamoto_portal_map,2026-07-31T09:37:38+09:00,9ccb28a6476a17c40f10d6fe,parsed,https://portal.bousai.pref.kumamoto.jp/data/shelter/shelter.json
00001051,432113,宇土市,辺田目東避難路,宇土市下網田町,32.668315,130.552408,,,kumamoto_portal_map,2026-07-31T09:37:38+09:00,914702293f6ce75df8a08aae,missing,https://portal.bousai.pref.kumamoto.jp/data/shelter/shelter.json
00001064,432113,宇土市,辺田避難路から高台へ,宇土市網津町,32.701019,130.607144,,,kumamoto_portal_map,2026-07-31T09:37:38+09:00,8358aa3ef8329a742edd16ed,missing,https://portal.bousai.pref.kumamoto.jp/data/shelter/shelter.json
00001054,432113,宇土市,配水地,宇土市上網田町,32.668251,130.564219,,,kumamoto_portal_map,2026-07-31T09:37:38+09:00,b89dbd20985c8df5ba1c0f32,missing,https://portal.bousai.pref.kumamoto.jp/data/shelter/shelter.json
00001057,432113,宇土市,長浜東避難路から山へ,宇土市長浜町,32.692707,130.56339,,,kumamoto_portal_map,2026-07-31T09:37:38+09:00,4d73687b2d57bcc067f7afa9,missing,https://portal.bousai.pref.kumamoto.jp/data/shelter/shelter.json
00000398,432113,宇土市,長浜福祉館,宇土市長浜町411-2,32.693082,130.565101,167,167,kumamoto_portal_map,2026-07-31T09:37:38+09:00,322075b35faaba75ccb59ad8,parsed,https://portal.bousai.pref.kumamoto.jp/data/shelter/shelter.json
00001058,432113,宇土市,長浜西避難路から山へ,宇土市長浜町,32.692707,130.56339,,,kumamoto_portal_map,2026-07-31T09:37:38+09:00,4ea5ef523e07bd3892f809a1,missing,https://portal.bousai.pref.kumamoto.jp/data/shelter/shelter.json
00001025,432113,宇土市,鶴城中学校グラウンド,宇土市新小路町151,32.683432,130.661401,,,kumamoto_portal_map,2026-07-31T09:37:38+09:00,4b22f123c1b4a8251bbc2ad7,missing,https://portal.bousai.pref.kumamoto.jp/data/shelter/shelter.json
00000382,432113,宇土市,鶴城中学校体育館,宇土市新小路町151,32.683432,130.661401,306,306,kumamoto_portal_map,2026-07-31T09:37:38+09:00,9b0687bd2baf8065f53475fc,parsed,https://portal.bousai.pref.kumamoto.jp/data/shelter/shelter.json
00001074,432121,上天草市,上公民館,上天草市大矢野町上386,32.585508,130.419116,48,48,kumamoto_portal_map,2026-07-31T09:37:38+09:00,052910e4ad50257f87f283a6,parsed,https://portal.bousai.pref.kumamoto.jp/data/shelter/shelter.json
00001071,432121,上天草市,上北体育館,上天草市大矢野町上3360,32.601987,130.422076,280,280,kumamoto_portal_map,2026-07-31T09:37:38+09:00,b61f3b291351bc29e6f4a36d,parsed,https://portal.bousai.pref.kumamoto.jp/data/shelter/shelter.json
00001093,432121,上天草市,上天草市保健センター,上天草市松島町合津7915-1,32.518613,130.432593,64,64,kumamoto_portal_map,2026-07-31T09:37:38+09:00,8e3be2a313e4223b25df45d9,parsed,https://portal.bousai.pref.kumamoto.jp/data/shelter/shelter.json
00002302,432121,上天草市,上天草高等学校,熊本県上天草市大矢野町中5424,32.789734369140625,130.74152200700007,348,348,kumamoto_portal_map,2026-07-31T09:37:38+09:00,293acc19178e8c1f6fcf0f26,parsed,https://portal.bousai.pref.kumamoto.jp/data/shelter/shelter.json
00001075,432121,上天草市,上小学校,上天草市大矢野町上1119,32.585386,130.422697,293,293,kumamoto_portal_map,2026-07-31T09:37:38+09:00,d8c6ae78d554d7ed5a919767,parsed,https://portal.bousai.pref.kumamoto.jp/data/shelter/shelter.json
00001128,432121,上天草市,下桶川地区集会所,上天草市龍ヶ岳町樋島3530-16,32.394205,130.412164,39,39,kumamoto_portal_map,2026-07-31T09:37:38+09:00,f7af91f1025405391cafc745,parsed,https://portal.bousai.pref.kumamoto.jp/data/shelter/shelter.json
00001078,432121,上天草市,中公民館,上天草市大矢野町中8459-1,32.584725,130.431579,74,74,kumamoto_portal_map,2026-07-31T09:37:38+09:00,d0f088b0ee61130eebb5a7a3,parsed,https://portal.bousai.pref.kumamoto.jp/data/shelter/shelter.json
00001077,432121,上天草市,中北小学校,上天草市大矢野町中1918,32.572623,130.434427,175,175,kumamoto_portal_map,2026-07-31T09:37:38+09:00,ac06011591f811763993743f,parsed,https://portal.bousai.pref.kumamoto.jp/data/shelter/shelter.json
00001079,432121,上天草市,中南小学校,上天草市大矢野町中9720,32.552519,130.436536,327,327,kumamoto_portal_map,2026-07-31T09:37:38+09:00,7a340f0d359c46d08bf7cb31,parsed,https://portal.bousai.pref.kumamoto.jp/data/shelter/shelter.json
00001114,432121,上天草市,二間戸団地自治公民館,上天草市姫戸町二間戸3576-42,32.429046,130.40261,36,36,kumamoto_portal_map,2026-07-31T09:37:38+09:00,33444c920383e92ba465f3eb,parsed,https://portal.bousai.pref.kumamoto.jp/data/shelter/shelter.json
00001099,432121,上天草市,今泉地区交流センター,上天草市松島町今泉2510-4,32.486943,130.417987,114,114,kumamoto_portal_map,2026-07-31T09:37:38+09:00,2a0ca5e646a2a62bda5e5d22,parsed,https://portal.bousai.pref.kumamoto.jp/data/shelter/shelter.json
00001095,432121,上天草市,今津小学校,上天草市松島町合津2697,32.497754,130.422367,260,260,kumamoto_portal_map,2026-07-31T09:37:38+09:00,36f4a43882fb3793126e2cac,parsed,https://portal.bousai.pref.kumamoto.jp/data/shelter/shelter.json
00001101,432121,上天草市,内野河内コミュニティーセンター,上天草市松島町内野河内1447,32.465287,130.401267,72,72,kumamoto_portal_map,2026-07-31T09:37:38+09:00,d282db84e618a1a4947b1531,parsed,https://portal.bousai.pref.kumamoto.jp/data/shelter/shelter.json
00001118,432121,上天草市,大作山地区集会所,上天草市龍ヶ岳町大道3138-10,32.38294,130.355877,12,12,kumamoto_portal_map,2026-07-31T09:37:38+09:00,8570582fd50d30d72f5b1b51,parsed,https://portal.bousai.pref.kumamoto.jp/data/shelter/shelter.json
00001080,432121,上天草市,大矢野中学校,上天草市大矢野町中483,32.582641,130.42961,376,376,kumamoto_portal_map,2026-07-31T09:37:38+09:00,112eedf9573f6336d24a3530,parsed,https://portal.bousai.pref.kumamoto.jp/data/shelter/shelter.json
00001070,432121,上天草市,大矢野公民館(大矢野農村婦人の家),上天草市大矢野町登立20,32.592602,130.436781,95,95,kumamoto_portal_map,2026-07-31T09:37:38+09:00,9eba9d7cdccda27202419390,parsed,https://portal.bousai.pref.kumamoto.jp/data/shelter/shelter.json
00001081,432121,上天草市,大矢野総合体育館,上天草市大矢野町中2289,32.573392,130.422789,1152,1152,kumamoto_portal_map,2026-07-31T09:37:38+09:00,a1b1d9a31fe3fb178efcbdc4,parsed,https://portal.bousai.pref.kumamoto.jp/data/shelter/shelter.json
00001076,432121,上天草市,大矢野老人福祉センター,上天草市大矢野町中11582-1,32.577922,130.419692,240,240,kumamoto_portal_map,2026-07-31T09:37:38+09:00,a5cfcf19052b543e702b98a1,parsed,https://portal.bousai.pref.kumamoto.jp/data/shelter/shelter.json
00001073,432121,上天草市,大矢野自然休養村管理センター,上天草市大矢野町上1539,32.586858,130.42776,211,211,kumamoto_portal_map,2026-07-31T09:37:38+09:00,7b3229439270b740cbfd41f2,parsed,https://portal.bousai.pref.kumamoto.jp/data/shelter/shelter.json
00001117,432121,上天草市,大道体育館,上天草市龍ヶ岳町大道3792,32.390366,130.36965,235,235,kumamoto_portal_map,2026-07-31T09:37:38+09:00,49d67d14bd0101f4be4a8168,parsed,https://portal.bousai.pref.kumamoto.jp/data/shelter/shelter.json
00001116,432121,上天草市,大道老人福祉センター,上天草市龍ヶ岳町大道3669-1,32.390919,130.367492,110,110,kumamoto_portal_map,2026-07-31T09:37:38+09:00,5b12c549ace49ce8f6015277,parsed,https://portal.bousai.pref.kumamoto.jp/data/shelter/shelter.json
00001098,432121,上天草市,天草青年の家,上天草市松島町合津5500,32.504306,130.418159,1160,1160,kumamoto_portal_map,2026-07-31T09:37:38+09:00,322e1be33e4c823eb39fc446,parsed,https://portal.bousai.pref.kumamoto.jp/data/shelter/shelter.json
00001109,432121,上天草市,姫戸中学校,上天草市姫戸町姫浦2500,32.440609,130.407021,322,322,kumamoto_portal_map,2026-07-31T09:37:38+09:00,b117ff6dc43d4bb0527ea041,parsed,https://portal.bousai.pref.kumamoto.jp/data/shelter/shelter.json
00001113,432121,上天草市,姫戸体育館,上天草市姫戸町二間戸3408,32.428666,130.402597,337,337,kumamoto_portal_map,2026-07-31T09:37:38+09:00,e23cc1a6ae8f1f095dcb554a,parsed,https://portal.bousai.pref.kumamoto.jp/data/shelter/shelter.json
00001110,432121,上天草市,姫戸小学校体育館,上天草市姫戸町姫浦656-3,32.4339983820235,130.40675797023616,310,310,kumamoto_portal_map,2026-07-31T09:37:38+09:00,c3d95bef650e9fd8350d2f86,parsed,https://portal.bousai.pref.kumamoto.jp/data/shelter/shelter.json
00001107,432121,上天草市,姫戸統括支所(姫戸地域振興センター),上天草市姫戸町姫浦3384-5,32.447261,130.416261,88,88,kumamoto_portal_map,2026-07-31T09:37:38+09:00,e8cfda21889b89843e5ef267,parsed,https://portal.bousai.pref.kumamoto.jp/data/shelter/shelter.json
00001108,432121,上天草市,姫戸老人福祉センター,上天草市姫戸町姫浦3055-1,32.443464,130.414653,217,217,kumamoto_portal_map,2026-07-31T09:37:38+09:00,1e94bee2b0eb2beadac3861e,parsed,https://portal.bousai.pref.kumamoto.jp/data/shelter/shelter.json
00001112,432121,上天草市,姫浦神社,上天草市姫戸町姫浦2347,32.442367,130.405771,20,20,kumamoto_portal_map,2026-07-31T09:37:38+09:00,37756d10196756da0570d245,parsed,https://portal.bousai.pref.kumamoto.jp/data/shelter/shelter.json
00001072,432121,上天草市,市役所大矢野庁舎,上天草市大矢野町上1514,32.5874220000,130.4304040000,179,179,kumamoto_portal_map,2026-07-31T09:37:38+09:00,30e19e87a5b7f1f77292b9f2,parsed,https://portal.bousai.pref.kumamoto.jp/data/shelter/shelter.json
00001092,432121,上天草市,市役所松島庁舎,上天草市松島町合津7915-1,32.518613,130.432593,104,104,kumamoto_portal_map,2026-07-31T09:37:38+09:00,e42624d1160f6df2b7989870,parsed,https://portal.bousai.pref.kumamoto.jp/data/shelter/shelter.json
00001087,432121,上天草市,市役所湯島出張所,上天草市大矢野町湯島648-3,32.600446,130.335583,11,11,kumamoto_portal_map,2026-07-31T09:37:38+09:00,6e803f2c5dc571959aaa7210,parsed,https://portal.bousai.pref.kumamoto.jp/data/shelter/shelter.json
00001082,432121,上天草市,市役所維和出張所,上天草市大矢野町維和1787,32.575556,130.466147,51,51,kumamoto_portal_map,2026-07-31T09:37:38+09:00,4fe913ab51d661e18f3f2f09,parsed,https://portal.bousai.pref.kumamoto.jp/data/shelter/shelter.json
00001104,432121,上天草市,教良木小学校,上天草市松島町教良木3087,32.46658,130.369684,243,243,kumamoto_portal_map,2026-07-31T09:37:38+09:00,37df65098e6684f0f17e28ed,parsed,https://portal.bousai.pref.kumamoto.jp/data/shelter/shelter.json
00001102,432121,上天草市,教良木河内交流センター(教良木出張所),上天草市松島町教良木2796,32.465517,130.377214,84,84,kumamoto_portal_map,2026-07-31T09:37:38+09:00,becc95a411919a471facc7c2,parsed,https://portal.bousai.pref.kumamoto.jp/data/shelter/shelter.json
00001103,432121,上天草市,教良木河内山村広場体育館,上天草市松島町教良木4647,32.465097,130.370242,167,167,kumamoto_portal_map,2026-07-31T09:37:38+09:00,e4a509101b622177bfa8d75c,parsed,https://portal.bousai.pref.kumamoto.jp/data/shelter/shelter.json
00001084,432121,上天草市,旧維和中学校体育館,上天草市大矢野町維和1757,32.574945,130.466349,316,316,kumamoto_portal_map,2026-07-31T09:37:38+09:00,efa8c36e1a8518630a00533a,parsed,https://portal.bousai.pref.kumamoto.jp/data/shelter/shelter.json
00001088,432121,上天草市,旧阿村中学校体育館,上天草市松島町阿村841-2,32.516147,130.448981,338,338,kumamoto_portal_map,2026-07-31T09:37:38+09:00,ea8602d2d7ff1e0f15ba7956,parsed,https://portal.bousai.pref.kumamoto.jp/data/shelter/shelter.json
00001096,432121,上天草市,松島中学校,上天草市松島町合津2649,32.498287,130.421417,390,390,kumamoto_portal_map,2026-07-31T09:37:38+09:00,d771b6edfcc1b7ce9935adcd,parsed,https://portal.bousai.pref.kumamoto.jp/data/shelter/shelter.json
00001100,432121,上天草市,松島地区清掃センター集会所,上天草市松島町教良木236-264,32.490709,130.38394,121,121,kumamoto_portal_map,2026-07-31T09:37:38+09:00,3a178304a19a6b1412e579d3,parsed,https://portal.bousai.pref.kumamoto.jp/data/shelter/shelter.json
00001097,432121,上天草市,松島総合センターアロマ,上天草市松島町合津4276-44,32.515966,130.431135,1050,1050,kumamoto_portal_map,2026-07-31T09:37:38+09:00,e1a7ed845050a8645a86f15b,parsed,https://portal.bousai.pref.kumamoto.jp/data/shelter/shelter.json
00001094,432121,上天草市,樋合体育館,上天草市松島町合津6973-16,32.541161,130.406398,238,238,kumamoto_portal_map,2026-07-31T09:37:38+09:00,91e4941eaeea6630e89f2c3f,parsed,https://portal.bousai.pref.kumamoto.jp/data/shelter/shelter.json
00001126,432121,上天草市,樋島体育館,上天草市龍ヶ岳町樋島500-1,32.391469,130.412586,249,249,kumamoto_portal_map,2026-07-31T09:37:38+09:00,ba8832f3460a3b1d5ea08b8d,parsed,https://portal.bousai.pref.kumamoto.jp/data/shelter/shelter.json
00001127,432121,上天草市,樋島公民館,上天草市龍ヶ岳町樋島3486-5,32.394605,130.410239,38,38,kumamoto_portal_map,2026-07-31T09:37:38+09:00,2c88ecaa01b86e7417e88af4,parsed,https://portal.bousai.pref.kumamoto.jp/data/shelter/shelter.json
00001125,432121,上天草市,樋島老人福祉センター(樋島出張所),上天草市龍ヶ岳町樋島2-11,32.395546,130.411292,171,171,kumamoto_portal_map,2026-07-31T09:37:38+09:00,93ac6f0416e1edc8cc38cc2c,parsed,https://portal.bousai.pref.kumamoto.jp/data/shelter/shelter.json
00001106,432121,上天草市,永目自治公民館,上天草市姫戸町姫浦3874-2,32.452894,130.417908,35,35,kumamoto_portal_map,2026-07-31T09:37:38+09:00,ceeb6e73a8ec3799b4537639,parsed,https://portal.bousai.pref.kumamoto.jp/data/shelter/shelter.json
00001086,432121,上天草市,湯島つどい処よんなっせ,上天草市大矢野町湯島485,32.600501,130.336331,10,10,kumamoto_portal_map,2026-07-31T09:37:38+09:00,5a9c19d1d48e7e1b5aadc6a2,parsed,https://portal.bousai.pref.kumamoto.jp/data/shelter/shelter.json
00001085,432121,上天草市,湯島小中学校,上天草市大矢野町湯島154,32.603673,130.342316,228,228,kumamoto_portal_map,2026-07-31T09:37:38+09:00,6cbacfe92cd2046acab755a5,parsed,https://portal.bousai.pref.kumamoto.jp/data/shelter/shelter.json
00001105,432121,上天草市,牟田自治公民館,上天草市姫戸町姫浦4996-1,32.440228,130.409634,40,40,kumamoto_portal_map,2026-07-31T09:37:38+09:00,37a21d7c472aa3296ee2cb19,parsed,https://portal.bousai.pref.kumamoto.jp/data/shelter/shelter.json
00001069,432121,上天草市,登立小学校,上天草市大矢野町登立14103,32.592507,130.440809,405,405,kumamoto_portal_map,2026-07-31T09:37:38+09:00,22d5f295da4cdf18ae4e01da,parsed,https://portal.bousai.pref.kumamoto.jp/data/shelter/shelter.json
00001111,432121,上天草市,白嶽森林公園,上天草市姫戸町姫浦5395-3,32.468484,130.419372,124,124,kumamoto_portal_map,2026-07-31T09:37:38+09:00,7a57d73dea2da392fc3d93b6,parsed,https://portal.bousai.pref.kumamoto.jp/data/shelter/shelter.json
00001124,432121,上天草市,白浜地区集会所,上天草市龍ヶ岳町高戸4350-44,32.407495,130.404125,21,21,kumamoto_portal_map,2026-07-31T09:37:38+09:00,b71863918942ef325cefecbc,parsed,https://portal.bousai.pref.kumamoto.jp/data/shelter/shelter.json
00001115,432121,上天草市,神代自治公民館,上天草市姫戸町二間戸3862-4,32.422961,130.402086,57,57,kumamoto_portal_map,2026-07-31T09:37:38+09:00,d6c9023108bdd1a6ab3b22f7,parsed,https://portal.bousai.pref.kumamoto.jp/data/shelter/shelter.json
00001083,432121,上天草市,維和小学校,上天草市大矢野町維和1787,32.575556,130.466147,280,280,kumamoto_portal_map,2026-07-31T09:37:38+09:00,7a690eb71c46dc18d0aabc14,parsed,https://portal.bousai.pref.kumamoto.jp/data/shelter/shelter.json
00001090,432121,上天草市,阿村体育館,上天草市松島町阿村5779-1,32.518849,130.450761,241,241,kumamoto_portal_map,2026-07-31T09:37:38+09:00,04f4fdcd8dbcd57d66c0e6e0,parsed,https://portal.bousai.pref.kumamoto.jp/data/shelter/shelter.json
00001091,432121,上天草市,阿村地区交流センター(阿村出張所),上天草市松島町阿村841-2,32.51614584418815,130.44908928652154,53,53,kumamoto_portal_map,2026-07-31T09:37:38+09:00,6ea85373a9f7de5adb701ed0,parsed,https://portal.bousai.pref.kumamoto.jp/data/shelter/shelter.json
00001089,432121,上天草市,阿村小学校,上天草市松島町阿村853,32.516611,130.447337,229,229,kumamoto_portal_map,2026-07-31T09:37:38+09:00,5efe229458cf4b5b73d7126d,parsed,https://portal.bousai.pref.kumamoto.jp/data/shelter/shelter.json
00001123,432121,上天草市,龍ヶ岳中学校,上天草市龍ヶ岳町高戸3048,32.396816,130.400145,297,297,kumamoto_portal_map,2026-07-31T09:37:38+09:00,4557a5742c5eb07b8016a5a1,parsed,https://portal.bousai.pref.kumamoto.jp/data/shelter/shelter.json
00001120,432121,上天草市,龍ヶ岳体育館,上天草市龍ヶ岳町高戸1419-12,32.393899,130.392057,448,448,kumamoto_portal_map,2026-07-31T09:37:38+09:00,657f2cfd0d7eab15a259f621,parsed,https://portal.bousai.pref.kumamoto.jp/data/shelter/shelter.json
00001122,432121,上天草市,龍ヶ岳小学校,上天草市龍ヶ岳町高戸2748,32.397857,130.398517,200,200,kumamoto_portal_map,2026-07-31T09:37:38+09:00,8055f333927dedc4b89fe1ad,parsed,https://portal.bousai.pref.kumamoto.jp/data/shelter/shelter.json
00001119,432121,上天草市,龍ヶ岳山頂自然公園,上天草市龍ヶ岳町大道3360-9,32.404756,130.380071,219,219,kumamoto_portal_map,2026-07-31T09:37:38+09:00,2f20d560689258a0fffef53d,parsed,https://portal.bousai.pref.kumamoto.jp/data/shelter/shelter.json
00001121,432121,上天草市,龍ヶ岳統括支所(龍ヶ岳地域振興センター),上天草市龍ヶ岳町高戸1412,32.394169,130.389493,178,178,kumamoto_portal_map,2026-07-31T09:37:38+09:00,7d5b9e398946004796f92927,parsed,https://portal.bousai.pref.kumamoto.jp/data/shelter/shelter.json
00001153,432130,宇城市,インダストリアル研修館,宇城市松橋町松橋564,32.651649,130.678429,310,310,kumamoto_portal_map,2026-07-31T09:37:38+09:00,ab8a72863bd4ed0bd5a82f09,parsed,https://portal.bousai.pref.kumamoto.jp/data/shelter/shelter.json
00001130,432130,宇城市,三角小学校体育館,宇城市三角町三角浦574ー1,32.610984,130.467488,550,550,kumamoto_portal_map,2026-07-31T09:37:38+09:00,ecfc661bff6ac72a0858c7fe,parsed,https://portal.bousai.pref.kumamoto.jp/data/shelter/shelter.json
00001131,432130,宇城市,三角東地区生涯学習センター体育館,宇城市三角町波多1756,32.618943,130.488127,290,290,kumamoto_portal_map,2026-07-31T09:37:38+09:00,09d2c6ce061f0c43df2eda34,parsed,https://portal.bousai.pref.kumamoto.jp/data/shelter/shelter.json
00002150,432130,宇城市,三角防災拠点センター,熊本県宇城市三角町波多619−1,32.612822882807066,130.48142731189728,620,620,kumamoto_portal_map,2026-07-31T09:37:38+09:00,caf7b3a1bb2b109231a3f18d,parsed,https://portal.bousai.pref.kumamoto.jp/data/shelter/shelter.json
00001142,432130,宇城市,不知火中学校体育館,宇城市不知火町長崎45,32.646633,130.6569,640,640,kumamoto_portal_map,2026-07-31T09:37:38+09:00,a0e678e71d95452378fde3a5,parsed,https://portal.bousai.pref.kumamoto.jp/data/shelter/shelter.json
00001138,432130,宇城市,不知火体育館,宇城市不知火町高良2273ー1,32.645966,130.66853,550,550,kumamoto_portal_map,2026-07-31T09:37:38+09:00,590987e892260ba2d4e00df7,parsed,https://portal.bousai.pref.kumamoto.jp/data/shelter/shelter.json
00001136,432130,宇城市,不知火小学校体育館,宇城市不知火町高良1952,32.645094,130.662922,350,350,kumamoto_portal_map,2026-07-31T09:37:38+09:00,c19a6922ed2ae2597b67972b,parsed,https://portal.bousai.pref.kumamoto.jp/data/shelter/shelter.json
00001137,432130,宇城市,不知火支所,宇城市不知火町高良2273ー1,32.645966,130.66853,30,30,kumamoto_portal_map,2026-07-31T09:37:38+09:00,3dd7fe7f015882743f95bc9f,parsed,https://portal.bousai.pref.kumamoto.jp/data/shelter/shelter.json
00002151,432130,宇城市,不知火防災拠点センター,熊本県宇城市高良2273ー1,32.64628604433004,130.66802859306335,480,480,kumamoto_portal_map,2026-07-31T09:37:38+09:00,1446e97c8ad9658c1891223d,parsed,https://portal.bousai.pref.kumamoto.jp/data/shelter/shelter.json
00001151,432130,宇城市,宇城市保健福祉センター,宇城市松橋町松橋396ー1,32.649738,130.68052,310,310,kumamoto_portal_map,2026-07-31T09:37:38+09:00,8447a03d084a6f70b67ce755,parsed,https://portal.bousai.pref.kumamoto.jp/data/shelter/shelter.json
00001152,432130,宇城市,宇城市松橋公民館(旧働く女性の家),宇城市松橋町松橋564,32.651649,130.678429,320,320,kumamoto_portal_map,2026-07-31T09:37:38+09:00,9f6c25f4248e3574d99516e3,parsed,https://portal.bousai.pref.kumamoto.jp/data/shelter/shelter.json
00001145,432130,宇城市,宇城市松橋総合体育文化センター(ウイング松橋),宇城市松橋町大野85,32.646883,130.684065,840,840,kumamoto_portal_map,2026-07-31T09:37:38+09:00,758445d8a9be3babdf89cb74,parsed,https://portal.bousai.pref.kumamoto.jp/data/shelter/shelter.json
00001150,432130,宇城市,宇城市立当尾小学校体育館,宇城市松橋町曲野1856,32.657752,130.701602,400,400,kumamoto_portal_map,2026-07-31T09:37:38+09:00,6d3c61ceba5fae3ce462c21d,parsed,https://portal.bousai.pref.kumamoto.jp/data/shelter/shelter.json
00001165,432130,宇城市,宇城市豊野公民館,宇城市豊野町糸石2996ー1,32.634427,130.752714,800,800,kumamoto_portal_map,2026-07-31T09:37:38+09:00,f5140d771f837d0bf3080116,parsed,https://portal.bousai.pref.kumamoto.jp/data/shelter/shelter.json
00001162,432130,宇城市,小川中学校体育館,宇城市小川町南部田287ー2,32.590645,130.713716,620,620,kumamoto_portal_map,2026-07-31T09:37:38+09:00,7025d39529b71e5e17a7e166,parsed,https://portal.bousai.pref.kumamoto.jp/data/shelter/shelter.json
00001159,432130,宇城市,小川小学校体育館,宇城市小川町西北小川1,32.581876,130.7107,340,340,kumamoto_portal_map,2026-07-31T09:37:38+09:00,c3e4fd81cfb16c24d06b5b79,parsed,https://portal.bousai.pref.kumamoto.jp/data/shelter/shelter.json
00001164,432130,宇城市,小川総合文化センター・ラポート,宇城市小川町江頭80,32.59315,130.704658,780,780,kumamoto_portal_map,2026-07-31T09:37:38+09:00,094251b7c33f5922e0e77eb1,parsed,https://portal.bousai.pref.kumamoto.jp/data/shelter/shelter.json
00002194,432130,宇城市,小川防災拠点センター,熊本県宇城市小川町江頭100番地,32.59117304361442,130.70501291133146,752,752,kumamoto_portal_map,2026-07-31T09:37:38+09:00,ad47f72b0067d5f71fe5d489,parsed,https://portal.bousai.pref.kumamoto.jp/data/shelter/shelter.json
00001161,432130,宇城市,小野部田小学校体育館,宇城市小川町南小野1402,32.606915,130.718937,480,480,kumamoto_portal_map,2026-07-31T09:37:38+09:00,ba087cedee03e98df6c9cc89,parsed,https://portal.bousai.pref.kumamoto.jp/data/shelter/shelter.json
00001156,432130,宇城市,岡岳公園,宇城市松橋町松山3725,32.660507,130.682845,10000,10000,kumamoto_portal_map,2026-07-31T09:37:38+09:00,708081dbcec8c47cf7fce094,parsed,https://portal.bousai.pref.kumamoto.jp/data/shelter/shelter.json
00001031,432130,宇城市,御領五区児童公園,宇城市不知火町御領33,32.659563,130.674922,,0,kumamoto_portal_map,2026-07-31T09:37:38+09:00,e5b989fe6ed2ddd44a85b5de,missing_zero,https://portal.bousai.pref.kumamoto.jp/data/shelter/shelter.json
00001133,432130,宇城市,戸馳地区生涯学習センター体育館,宇城市三角町戸馳5151,32.599267,130.492398,280,280,kumamoto_portal_map,2026-07-31T09:37:38+09:00,522d57d46e30bc10bc3cf470,parsed,https://portal.bousai.pref.kumamoto.jp/data/shelter/shelter.json
00001140,432130,宇城市,松合体育館,宇城市不知火町松合168ー1,32.630611,130.608078,650,650,kumamoto_portal_map,2026-07-31T09:37:38+09:00,3318bb8a35e2abf15153fc0b,parsed,https://portal.bousai.pref.kumamoto.jp/data/shelter/shelter.json
00001141,432130,宇城市,松合小学校体育館,宇城市不知火町松合1578,32.63351,130.604401,560,560,kumamoto_portal_map,2026-07-31T09:37:38+09:00,eb77d1184af8b5ea8ba1ea84,parsed,https://portal.bousai.pref.kumamoto.jp/data/shelter/shelter.json
00002195,432130,宇城市,松合小学校体育館,熊本県宇城市不知火町松合1578,32.63352169474464,130.60444080884906,,0,kumamoto_portal_map,2026-07-31T09:37:38+09:00,eb77d1184af8b5ea8ba1ea84,missing_zero,https://portal.bousai.pref.kumamoto.jp/data/shelter/shelter.json
00001146,432130,宇城市,松橋中学校体育館,宇城市松橋町松橋522ー1,32.651296,130.681862,1100,1100,kumamoto_portal_map,2026-07-31T09:37:38+09:00,f463ec220cb830f4abc449d8,parsed,https://portal.bousai.pref.kumamoto.jp/data/shelter/shelter.json
00001155,432130,宇城市,松橋勤労身体障害者教養文化体育施設,宇城市松橋町豊福1786,32.642356,130.703003,750,750,kumamoto_portal_map,2026-07-31T09:37:38+09:00,66bd43f9ac151ab69b726ed7,parsed,https://portal.bousai.pref.kumamoto.jp/data/shelter/shelter.json
00001147,432130,宇城市,松橋小学校体育館,宇城市松橋町松橋1666,32.657293,130.685109,450,450,kumamoto_portal_map,2026-07-31T09:37:38+09:00,57bd9eab6442bcd87cb5cb26,parsed,https://portal.bousai.pref.kumamoto.jp/data/shelter/shelter.json
00002192,432130,宇城市,松橋東防災拠点センター,熊本県宇城市豊福1786番地,32.64785704367983,130.68436411272134,511,511,kumamoto_portal_map,2026-07-31T09:37:38+09:00,9c2df13813a2683b6ef7b636,parsed,https://portal.bousai.pref.kumamoto.jp/data/shelter/shelter.json
00001154,432130,宇城市,松橋老人福祉センター,宇城市松橋町豊福1786,32.642356,130.703003,450,450,kumamoto_portal_map,2026-07-31T09:37:38+09:00,c2051c6bbf32d8bd456d31b9,parsed,https://portal.bousai.pref.kumamoto.jp/data/shelter/shelter.json
00002193,432130,宇城市,松橋西防災拠点センター,熊本県宇城市松橋町松橋564番地,32.652025512723746,130.67878183007937,419,419,kumamoto_portal_map,2026-07-31T09:37:38+09:00,22ec5b95930b3989136caaa4,parsed,https://portal.bousai.pref.kumamoto.jp/data/shelter/shelter.json
00001143,432130,宇城市,武道館,宇城市不知火町高良2273-1,32.645966,130.66853,600,600,kumamoto_portal_map,2026-07-31T09:37:38+09:00,23a71f11780f5ad15f7ea271,parsed,https://portal.bousai.pref.kumamoto.jp/data/shelter/shelter.json
00001160,432130,宇城市,河江地区コミュニティセンター,宇城市小川町南新田476,32.598685,130.693783,330,330,kumamoto_portal_map,2026-07-31T09:37:38+09:00,3339a9bffb0faceea5630510,parsed,https://portal.bousai.pref.kumamoto.jp/data/shelter/shelter.json
00001163,432130,宇城市,河江小学校体育館,宇城市小川町新田1675ー1,32.599448,130.689025,840,840,kumamoto_portal_map,2026-07-31T09:37:38+09:00,99e8fe342dfe2fae7f3dc4d7,parsed,https://portal.bousai.pref.kumamoto.jp/data/shelter/shelter.json
00001158,432130,宇城市,海東地区農村コミュニティ施設,宇城市小川町南海東2047ー1,32.582624,130.743738,100,100,kumamoto_portal_map,2026-07-31T09:37:38+09:00,900ccda5499663d2f85c8977,parsed,https://portal.bousai.pref.kumamoto.jp/data/shelter/shelter.json
00001157,432130,宇城市,海東小学校体育館,宇城市小川町南海東2050,32.583815,130.744917,430,430,kumamoto_portal_map,2026-07-31T09:37:38+09:00,8b1655abbaebeb4e3fd2c071,parsed,https://portal.bousai.pref.kumamoto.jp/data/shelter/shelter.json
00001148,432130,宇城市,豊川小学校体育館,宇城市松橋町南豊崎582,32.624493,130.679133,450,450,kumamoto_portal_map,2026-07-31T09:37:38+09:00,6c1b54b526ed1ade8474d088,parsed,https://portal.bousai.pref.kumamoto.jp/data/shelter/shelter.json
00001149,432130,宇城市,豊福小学校体育館,宇城市松橋町豊福1604,32.634754,130.700359,460,460,kumamoto_portal_map,2026-07-31T09:37:38+09:00,7c82fa1590eb0307c61db039,parsed,https://portal.bousai.pref.kumamoto.jp/data/shelter/shelter.json
00001168,432130,宇城市,豊野小・中学校体育館,宇城市豊野町糸石3536,32.637338,130.749517,580,580,kumamoto_portal_map,2026-07-31T09:37:38+09:00,bbee43d00342bef8bb8fcc64,parsed,https://portal.bousai.pref.kumamoto.jp/data/shelter/shelter.json
00001167,432130,宇城市,豊野町コミュニティセンター,宇城市豊野町巣林309ー1,32.644032,130.768635,220,220,kumamoto_portal_map,2026-07-31T09:37:38+09:00,e484cec01cf673fc2348b46f,parsed,https://portal.bousai.pref.kumamoto.jp/data/shelter/shelter.json
00002133,432130,宇城市,豊野防災拠点センター,熊本県宇城市糸石3140番地3,32.635801092040616,130.75087795121362,216,216,kumamoto_portal_map,2026-07-31T09:37:38+09:00,d47869c3ed744008b7dda6b4,parsed,https://portal.bousai.pref.kumamoto.jp/data/shelter/shelter.json
00001132,432130,宇城市,農村環境改善センター,宇城市三角町戸馳2861,32.600883,130.493956,180,180,kumamoto_portal_map,2026-07-31T09:37:38+09:00,cd66fecee333211d4b2fa8e7,parsed,https://portal.bousai.pref.kumamoto.jp/data/shelter/shelter.json
00001139,432130,宇城市,農業就業改善センター(松合出張所),宇城市不知火町松合168ー1,32.630611,130.608078,380,380,kumamoto_portal_map,2026-07-31T09:37:38+09:00,9a0169e915e41f48b275fa8a,parsed,https://portal.bousai.pref.kumamoto.jp/data/shelter/shelter.json
00001166,432130,宇城市,農業者トレーニングセンター,宇城市豊野町糸石3029,32.634955,130.753653,430,430,kumamoto_portal_map,2026-07-31T09:37:38+09:00,7855ea9b6249911ce1f016f0,parsed,https://portal.bousai.pref.kumamoto.jp/data/shelter/shelter.json
00001134,432130,宇城市,郡浦地区市民館,宇城市三角町中村1165,32.626588,130.520829,210,210,kumamoto_portal_map,2026-07-31T09:37:38+09:00,9761a9102669cfe6ae1e993d,parsed,https://portal.bousai.pref.kumamoto.jp/data/shelter/shelter.json
00001135,432130,宇城市,青海小学校体育館,宇城市三角町郡浦88,32.622991,130.528403,370,370,kumamoto_portal_map,2026-07-31T09:37:38+09:00,c6277a6fc609193d6cb1122a,parsed,https://portal.bousai.pref.kumamoto.jp/data/shelter/shelter.json
00001144,432130,宇城市,龍燈公園,宇城市不知火町高良696,32.649555,130.670843,5000,5000,kumamoto_portal_map,2026-07-31T09:37:38+09:00,103196f64621c06dc250c11e,parsed,https://portal.bousai.pref.kumamoto.jp/data/shelter/shelter.json
00001172,432148,阿蘇市,かんぽの宿阿蘇,阿蘇市一の宮町宮地5936,32.926788,131.107993,200,200,kumamoto_portal_map,2026-07-31T09:37:38+09:00,38013cce8e87ad744b39f788,parsed,https://portal.bousai.pref.kumamoto.jp/data/shelter/shelter.json
00001218,432148,阿蘇市,はな阿蘇美,阿蘇市小里781,32.976092,131.051036,,,kumamoto_portal_map,2026-07-31T09:37:38+09:00,c9f12ac6a45ebff5ed22be13,missing,https://portal.bousai.pref.kumamoto.jp/data/shelter/shelter.json
00001202,432148,阿蘇市,やすらぎ交流館,阿蘇市波野大字小地野663-1,32.956475,131.218929,300,300,kumamoto_portal_map,2026-07-31T09:37:38+09:00,ddfccbd6f5ef60bd4f480494,parsed,https://portal.bousai.pref.kumamoto.jp/data/shelter/shelter.json
00001170,432148,阿蘇市,一の宮中学校体育館,阿蘇市一の宮町宮地1669-2,32.950331,131.122455,500,500,kumamoto_portal_map,2026-07-31T09:37:38+09:00,a02c23eac416daaeb72013b5,parsed,https://portal.bousai.pref.kumamoto.jp/data/shelter/shelter.json
00001169,432148,阿蘇市,一の宮体育館,阿蘇市一の宮町宮地2318-6,32.93910669995359,131.1155390739441,280,280,kumamoto_portal_map,2026-07-31T09:37:38+09:00,27d09eabb9a38f11617acf19,parsed,https://portal.bousai.pref.kumamoto.jp/data/shelter/shelter.json
00001171,432148,阿蘇市,一の宮小学校体育館,阿蘇市一の宮町宮地1680,32.94969,131.122478,650,650,kumamoto_portal_map,2026-07-31T09:37:38+09:00,402bd1263ee0faf32f2a4989,parsed,https://portal.bousai.pref.kumamoto.jp/data/shelter/shelter.json
00002198,432148,阿蘇市,一の宮就業改善センター,熊本県阿蘇市一の宮町宮地2318-1,32.939682964583945,131.11545324325561,100,100,kumamoto_portal_map,2026-07-31T09:37:38+09:00,1c3ca71701878153da247e17,parsed,https://portal.bousai.pref.kumamoto.jp/data/shelter/shelter.json
00001173,432148,阿蘇市,一の宮農業構造改善センター,阿蘇市一の宮町宮地1288,32.937799,131.125358,120,120,kumamoto_portal_map,2026-07-31T09:37:38+09:00,1bd5af1cb7725851eac644fe,parsed,https://portal.bousai.pref.kumamoto.jp/data/shelter/shelter.json
00001208,432148,阿蘇市,一の宮運動公園,阿蘇市一の宮町宮地4796-1,32.950079,131.1176,3000,3000,kumamoto_portal_map,2026-07-31T09:37:38+09:00,46c3cbe00a6a3ad5f7820cdf,parsed,https://portal.bousai.pref.kumamoto.jp/data/shelter/shelter.json
00001177,432148,阿蘇市,中通体育館,阿蘇市一の宮町中通1521,32.963605,131.112597,340,340,kumamoto_portal_map,2026-07-31T09:37:38+09:00,e3b1ea764d4f3996fd3b477b,parsed,https://portal.bousai.pref.kumamoto.jp/data/shelter/shelter.json
00001178,432148,阿蘇市,中通公民館,阿蘇市一の宮町中通1646-4,32.963586,131.113183,80,80,kumamoto_portal_map,2026-07-31T09:37:38+09:00,7ecf58afd76a55fcb664d060,parsed,https://portal.bousai.pref.kumamoto.jp/data/shelter/shelter.json
00001189,432148,阿蘇市,乙姫体育館,阿蘇市乙姫1612,32.939914,131.040754,150,150,kumamoto_portal_map,2026-07-31T09:37:38+09:00,6dbac9d7e8fe7f22d1567c5d,parsed,https://portal.bousai.pref.kumamoto.jp/data/shelter/shelter.json
00001186,432148,阿蘇市,今町公民館,阿蘇市今町52-1,32.971545,131.069677,60,60,kumamoto_portal_map,2026-07-31T09:37:38+09:00,7a629d635eb646eb4fadaff5,parsed,https://portal.bousai.pref.kumamoto.jp/data/shelter/shelter.json
00001176,432148,阿蘇市,古城体育館,阿蘇市一の宮町中通2177,32.970307,131.129444,340,340,kumamoto_portal_map,2026-07-31T09:37:38+09:00,44efd2854e003aca821f0bd6,parsed,https://portal.bousai.pref.kumamoto.jp/data/shelter/shelter.json
00001216,432148,阿蘇市,国立阿蘇青少年交流の家,阿蘇市一の宮町宮地6029-1,32.917619,131.109038,400,400,kumamoto_portal_map,2026-07-31T09:37:38+09:00,acfdf00ae7dcfdb2809fedb8,parsed,https://portal.bousai.pref.kumamoto.jp/data/shelter/shelter.json
00001174,432148,阿蘇市,坂梨体育館,阿蘇市一の宮町坂梨3028,32.937041,131.130852,380,380,kumamoto_portal_map,2026-07-31T09:37:38+09:00,656eb48c2a05a71c5703a6a0,parsed,https://portal.bousai.pref.kumamoto.jp/data/shelter/shelter.json
00001175,432148,阿蘇市,坂梨公民館,阿蘇市一の宮町坂梨846-1,32.937216,131.137316,70,70,kumamoto_portal_map,2026-07-31T09:37:38+09:00,59d301742bf1f941dd0209c3,parsed,https://portal.bousai.pref.kumamoto.jp/data/shelter/shelter.json
00001194,432148,阿蘇市,尾ケ石東部体育館,阿蘇市狩尾675,32.952532,131.019111,180,180,kumamoto_portal_map,2026-07-31T09:37:38+09:00,6d04743fc0ffc34d27e92e10,parsed,https://portal.bousai.pref.kumamoto.jp/data/shelter/shelter.json
00001185,432148,阿蘇市,山田体育館,阿蘇市小野田567-2,32.969514,131.089395,200,200,kumamoto_portal_map,2026-07-31T09:37:38+09:00,56818530e0296e7fe704e3c7,parsed,https://portal.bousai.pref.kumamoto.jp/data/shelter/shelter.json
00001197,432148,阿蘇市,旧JA阿蘇尾ケ石支所,阿蘇市狩尾1456-1,32.946094,131.008995,80,80,kumamoto_portal_map,2026-07-31T09:37:38+09:00,6dc93e786cb5a614fe2de2dd,parsed,https://portal.bousai.pref.kumamoto.jp/data/shelter/shelter.json
00001213,432148,阿蘇市,旧尾ケ石西部小学校跡,阿蘇市的石885-1,32.932114,130.99268,300,300,kumamoto_portal_map,2026-07-31T09:37:38+09:00,c226686b90dffceece235af6,parsed,https://portal.bousai.pref.kumamoto.jp/data/shelter/shelter.json
00001184,432148,阿蘇市,旧深葉分校(校舎),阿蘇市西湯浦1464-87,33.008897,130.968522,100,100,kumamoto_portal_map,2026-07-31T09:37:38+09:00,13e63133a5fbdc7f1aab9604,parsed,https://portal.bousai.pref.kumamoto.jp/data/shelter/shelter.json
00001192,432148,阿蘇市,永草公民館,阿蘇市永草2685,32.937498,131.025067,50,50,kumamoto_portal_map,2026-07-31T09:37:38+09:00,7a946b20a497da721195b89f,parsed,https://portal.bousai.pref.kumamoto.jp/data/shelter/shelter.json
00001215,432148,阿蘇市,波野グラウンド,阿蘇市波野大字小園882,32.954881,131.222326,2000,2000,kumamoto_portal_map,2026-07-31T09:37:38+09:00,f719a1d9902d14cdbb4f46d1,parsed,https://portal.bousai.pref.kumamoto.jp/data/shelter/shelter.json
00001207,432148,阿蘇市,波野中学校体育館,阿蘇市波野大字波野3748,32.939845,131.200543,370,370,kumamoto_portal_map,2026-07-31T09:37:38+09:00,832c93e9854244b5ccb5d64f,parsed,https://portal.bousai.pref.kumamoto.jp/data/shelter/shelter.json
00001199,432148,阿蘇市,波野体育館,阿蘇市波野大字波野2709-1,32.93291,131.230374,260,260,kumamoto_portal_map,2026-07-31T09:37:38+09:00,3b745570f4bf1880f515f9b7,parsed,https://portal.bousai.pref.kumamoto.jp/data/shelter/shelter.json
00001201,432148,阿蘇市,波野保健福祉センター,阿蘇市波野大字波野2703,32.933377,131.231174,480,480,kumamoto_portal_map,2026-07-31T09:37:38+09:00,d6282f7a99c0732839165c78,parsed,https://portal.bousai.pref.kumamoto.jp/data/shelter/shelter.json
00001200,432148,阿蘇市,波野公民館,阿蘇市波野大字波野2709-7,32.932802,131.230088,110,110,kumamoto_portal_map,2026-07-31T09:37:38+09:00,7a498407d62352431a2b7f13,parsed,https://portal.bousai.pref.kumamoto.jp/data/shelter/shelter.json
00001206,432148,阿蘇市,波野小学校体育館,阿蘇市波野大字波野3742-1,32.939792,131.201806,270,270,kumamoto_portal_map,2026-07-31T09:37:38+09:00,9ca47c8ddce5c4eccbf1868b,parsed,https://portal.bousai.pref.kumamoto.jp/data/shelter/shelter.json
00001195,432148,阿蘇市,狩尾1区公民館,阿蘇市狩尾503-4,32.95691,131.035962,60,60,kumamoto_portal_map,2026-07-31T09:37:38+09:00,0b08d741bc19cd30cfa773c9,parsed,https://portal.bousai.pref.kumamoto.jp/data/shelter/shelter.json
00001196,432148,阿蘇市,狩尾2区公民館,阿蘇市狩尾682-5,32.951589,131.019445,60,60,kumamoto_portal_map,2026-07-31T09:37:38+09:00,2bb74ba68791ef476830093a,parsed,https://portal.bousai.pref.kumamoto.jp/data/shelter/shelter.json
00001179,432148,阿蘇市,荻の草公民館,阿蘇市一の宮町荻の草438,33.032196,131.143013,30,30,kumamoto_portal_map,2026-07-31T09:37:38+09:00,75be1451d727dfa5dfd9108c,parsed,https://portal.bousai.pref.kumamoto.jp/data/shelter/shelter.json
00001191,432148,阿蘇市,赤水公民館,阿蘇市赤水920-16,32.918585,130.996849,60,60,kumamoto_portal_map,2026-07-31T09:37:38+09:00,06f236f895100f6e109d723c,parsed,https://portal.bousai.pref.kumamoto.jp/data/shelter/shelter.json
00001198,432148,阿蘇市,跡ケ瀬コミュニケーションセンター,阿蘇市跡ケ瀬165-4,32.936678,131.003815,50,50,kumamoto_portal_map,2026-07-31T09:37:38+09:00,a09039063b0f0cf2b1b9f6b8,parsed,https://portal.bousai.pref.kumamoto.jp/data/shelter/shelter.json
00001211,432148,阿蘇市,農村公園あぴか,阿蘇市黒川656,32.949257,131.063368,6000,6000,kumamoto_portal_map,2026-07-31T09:37:38+09:00,0528e55803397f5011d647f2,parsed,https://portal.bousai.pref.kumamoto.jp/data/shelter/shelter.json
00001204,432148,阿蘇市,農村婦人の家,阿蘇市波野大字波野872-5,32.908259,131.179069,80,80,kumamoto_portal_map,2026-07-31T09:37:38+09:00,33abba7b1f614711f4164e5c,parsed,https://portal.bousai.pref.kumamoto.jp/data/shelter/shelter.json
00001182,432148,阿蘇市,農村環境改善センター,阿蘇市内牧976-2,32.970612,131.043656,350,350,kumamoto_portal_map,2026-07-31T09:37:38+09:00,8a2850c6a13474314e12971e,parsed,https://portal.bousai.pref.kumamoto.jp/data/shelter/shelter.json
00001203,432148,阿蘇市,道の駅「波野」神楽苑,阿蘇市波野大字小地野1602,32.959912,131.197443,50,50,kumamoto_portal_map,2026-07-31T09:37:38+09:00,b1395437bfe681ca06d5550f,parsed,https://portal.bousai.pref.kumamoto.jp/data/shelter/shelter.json
00001214,432148,阿蘇市,道の駅「波野」神楽苑(駐車場),阿蘇市波野大字小地野1602,32.959912,131.197443,600,600,kumamoto_portal_map,2026-07-31T09:37:38+09:00,411430e20ad625917f511554,parsed,https://portal.bousai.pref.kumamoto.jp/data/shelter/shelter.json
00001210,432148,阿蘇市,道の駅「阿蘇」,阿蘇市黒川1440-1,32.937029,131.080886,450,450,kumamoto_portal_map,2026-07-31T09:37:38+09:00,dd9baa52cc9bf33c58c33dbb,parsed,https://portal.bousai.pref.kumamoto.jp/data/shelter/shelter.json
00001205,432148,阿蘇市,郷土芸能伝承館,阿蘇市波野大字波野1502-4,32.916222,131.180016,60,60,kumamoto_portal_map,2026-07-31T09:37:38+09:00,f5a9c0b8053acf45cbb7a4a2,parsed,https://portal.bousai.pref.kumamoto.jp/data/shelter/shelter.json
00001180,432148,阿蘇市,阿蘇中央高校阿蘇清峰校舎体育館,阿蘇市一の宮町宮地4131,32.952832,131.100064,450,450,kumamoto_portal_map,2026-07-31T09:37:38+09:00,a3effed62295a19e8b56fec9,parsed,https://portal.bousai.pref.kumamoto.jp/data/shelter/shelter.json
00001183,432148,阿蘇市,阿蘇中学校体育館,阿蘇市内牧609,32.96805,131.037404,500,500,kumamoto_portal_map,2026-07-31T09:37:38+09:00,eed237ea2f4fd18fd36c8971,parsed,https://portal.bousai.pref.kumamoto.jp/data/shelter/shelter.json
00001181,432148,阿蘇市,阿蘇体育館(武道場含む),阿蘇市内牧267,32.976752,131.039857,850,850,kumamoto_portal_map,2026-07-31T09:37:38+09:00,877786dcf4ad23efaa45a994,parsed,https://portal.bousai.pref.kumamoto.jp/data/shelter/shelter.json
00001217,432148,阿蘇市,阿蘇内牧ファミリーパークあそ☆ビバ,阿蘇市内牧261-1,32.975988,131.043029,,,kumamoto_portal_map,2026-07-31T09:37:38+09:00,7d2858b92d4b9c3a325badb4,missing,https://portal.bousai.pref.kumamoto.jp/data/shelter/shelter.json
00001188,432148,阿蘇市,阿蘇小学校体育館,阿蘇市黒川1234-1,32.934377,131.082377,280,280,kumamoto_portal_map,2026-07-31T09:37:38+09:00,44aac90d439de3c99d0b04b6,parsed,https://portal.bousai.pref.kumamoto.jp/data/shelter/shelter.json
00001190,432148,阿蘇市,阿蘇市コミュニティセンター,阿蘇市役犬原324-1,32.949951,131.095243,100,100,kumamoto_portal_map,2026-07-31T09:37:38+09:00,eb38b6f987fcc7f9f583b4d4,parsed,https://portal.bousai.pref.kumamoto.jp/data/shelter/shelter.json
00001212,432148,阿蘇市,阿蘇草原保全活動センター,阿蘇市小里656-6,32.975739,131.052869,300,300,kumamoto_portal_map,2026-07-31T09:37:38+09:00,0c0ab3cd664bc8733da996a4,parsed,https://portal.bousai.pref.kumamoto.jp/data/shelter/shelter.json
00001193,432148,阿蘇市,阿蘇西小学校体育館,阿蘇市的石1494,32.927423,131.002132,200,200,kumamoto_portal_map,2026-07-31T09:37:38+09:00,02cb53ed8dbf4ca3e1a21e02,parsed,https://portal.bousai.pref.kumamoto.jp/data/shelter/shelter.json
00002322,432148,阿蘇市,阿蘇郡市医師会,熊本県阿蘇市1178,32.930084067228954,131.08014464378357,150,150,kumamoto_portal_map,2026-07-31T09:37:38+09:00,006f1d47269727acb2796553,parsed,https://portal.bousai.pref.kumamoto.jp/data/shelter/shelter.json
00001209,432148,阿蘇市,阿蘇駅前噴水広場,阿蘇市黒川1444-1,32.933743,131.079278,100,100,kumamoto_portal_map,2026-07-31T09:37:38+09:00,0d959fa18a9158ad093e2136,parsed,https://portal.bousai.pref.kumamoto.jp/data/shelter/shelter.json
00001187,432148,阿蘇市,鷲の石公民館,阿蘇市山田1632-3,32.984555,131.090307,60,60,kumamoto_portal_map,2026-07-31T09:37:38+09:00,f56da3da4385f2853cac418c,parsed,https://portal.bousai.pref.kumamoto.jp/data/shelter/shelter.json
00000419,432156,天草市,あまくさ幼稚園,天草市浜崎町 4-9,32.46253312,130.1881494,380,380,kumamoto_portal_map,2026-07-31T09:37:38+09:00,73aa7e2608f332b5c2fffdf9,parsed,https://portal.bousai.pref.kumamoto.jp/data/shelter/shelter.json
00001247,432156,天草市,うしぶか公園,天草市牛深町 1942,32.197979,130.019041,,0,kumamoto_portal_map,2026-07-31T09:37:38+09:00,938b27b181157ba81fe6de23,missing_zero,https://portal.bousai.pref.kumamoto.jp/data/shelter/shelter.json
00001272,432156,天草市,きのどん様高台,天草市有明町須子 2829,32.517899091201,130.34263363743,,0,kumamoto_portal_map,2026-07-31T09:37:38+09:00,50c4012f6cd9b4fb0919b162,missing_zero,https://portal.bousai.pref.kumamoto.jp/data/shelter/shelter.json
00000497,432156,天草市,ひだまり館,天草市新和町小宮地785,32.37137850268,130.18710786641,330,330,kumamoto_portal_map,2026-07-31T09:37:38+09:00,b81faf041921cbebe4af6907,parsed,https://portal.bousai.pref.kumamoto.jp/data/shelter/shelter.json
00001225,432156,天草市,わくわく本渡児童館,天草市丸尾町 16-14,32.4710855,130.1853095,340,340,kumamoto_portal_map,2026-07-31T09:37:38+09:00,684c473e40cf2b4a3c941d1d,parsed,https://portal.bousai.pref.kumamoto.jp/data/shelter/shelter.json
00001325,432156,天草市,オダイシサン広場,天草市新和町中田 416-2,32.33578762,130.156532,,0,kumamoto_portal_map,2026-07-31T09:37:38+09:00,250bc4930aafdb9b918bcfd2,missing_zero,https://portal.bousai.pref.kumamoto.jp/data/shelter/shelter.json
00001245,432156,天草市,サテライト施設うしぶか(旧牛深幼稚園),天草市牛深町 2065-9,32.19707172,130.0172172,74,74,kumamoto_portal_map,2026-07-31T09:37:38+09:00,1049e13d32ac6fc35aa7d977,parsed,https://portal.bousai.pref.kumamoto.jp/data/shelter/shelter.json
00002342,432156,天草市,サテライト施設おにき,熊本県天草市魚貫町5536-1,32.2396312711014,130.010888366965,21,21,kumamoto_portal_map,2026-07-31T09:37:38+09:00,393a6c8048d0f53f022c5011,parsed,https://portal.bousai.pref.kumamoto.jp/data/shelter/shelter.json
00001366,432156,天草市,チャペルの鐘展望公園高台,天草市河浦町﨑津 295,32.31088689,130.0236242,,0,kumamoto_portal_map,2026-07-31T09:37:38+09:00,680e220ac83d1e79d5d7e770,missing_zero,https://portal.bousai.pref.kumamoto.jp/data/shelter/shelter.json
00001277,432156,天草市,リップルランド芝生広場,天草市有明町上津浦 1955,32.504603783224,130.30563058888,,0,kumamoto_portal_map,2026-07-31T09:37:38+09:00,5bd75cb9536a8e82f1a26ac1,missing_zero,https://portal.bousai.pref.kumamoto.jp/data/shelter/shelter.json
00001362,432156,天草市,一町田体育館,天草市河浦町河浦 217,32.30589762,130.078425,288,288,kumamoto_portal_map,2026-07-31T09:37:38+09:00,37e8f8bf2daaeb034eadfdc8,parsed,https://portal.bousai.pref.kumamoto.jp/data/shelter/shelter.json
00001368,432156,天草市,上平十五社宮高台,天草市河浦町宮野河内 257,32.286947,130.131073,,0,kumamoto_portal_map,2026-07-31T09:37:38+09:00,8b3f5104d1712ca9f6b30c0d,missing_zero,https://portal.bousai.pref.kumamoto.jp/data/shelter/shelter.json
00001276,432156,天草市,上津浦地区コミュニティセンター,天草市有明町上津浦 3706-4,32.48957131,130.3041818,80,80,kumamoto_portal_map,2026-07-31T09:37:38+09:00,e5184cf5295edb779d3307e6,parsed,https://portal.bousai.pref.kumamoto.jp/data/shelter/shelter.json
00000516,432156,天草市,下方公民館,天草市五和町手野二丁目 1256,32.53268507,130.1421862,20,20,kumamoto_portal_map,2026-07-31T09:37:38+09:00,a24822c7297967542623d930,parsed,https://portal.bousai.pref.kumamoto.jp/data/shelter/shelter.json
00000482,432156,天草市,下河内公民館,天草市栖本町河内 5838-2,32.44169281,130.294978,20,20,kumamoto_portal_map,2026-07-31T09:37:38+09:00,b308e9d1fa42938ada1375ac,parsed,https://portal.bousai.pref.kumamoto.jp/data/shelter/shelter.json
00000452,432156,天草市,下津江センター,天草市有明町上津浦 2533-2,32.50742639,130.3094017,10,10,kumamoto_portal_map,2026-07-31T09:37:38+09:00,e14e4728e835e170ab59ed61,parsed,https://portal.bousai.pref.kumamoto.jp/data/shelter/shelter.json
00001279,432156,天草市,下津浦地区コミュニティセンター,天草市有明町下津浦 2505-2,32.478000561627,130.29918908465,50,50,kumamoto_portal_map,2026-07-31T09:37:38+09:00,19a2849dc42cee25f8bbeb12,parsed,https://portal.bousai.pref.kumamoto.jp/data/shelter/shelter.json
00001280,432156,天草市,下津浦平団地広場,天草市有明町下津浦 2349-2,32.47839145,130.3015007,,0,kumamoto_portal_map,2026-07-31T09:37:38+09:00,7bd6b07700d86fb522f6d4fc,missing_zero,https://portal.bousai.pref.kumamoto.jp/data/shelter/shelter.json
00001347,432156,天草市,下田北地区コミュニティセンター,天草市天草町下田北 534-1,32.42497725,130.0137819,225,225,kumamoto_portal_map,2026-07-31T09:37:38+09:00,c6e100204ac9beb56dd5daee,parsed,https://portal.bousai.pref.kumamoto.jp/data/shelter/shelter.json
00001348,432156,天草市,下田北運動広場,天草市天草町下田北 1489,32.423171,130.010767,,0,kumamoto_portal_map,2026-07-31T09:37:38+09:00,faa71e858bce6bab3e0cab3c,missing_zero,https://portal.bousai.pref.kumamoto.jp/data/shelter/shelter.json
00000525,432156,天草市,下田南体育館,天草市天草町下田南 737-1,32.39802769,130.0089178,112,112,kumamoto_portal_map,2026-07-31T09:37:38+09:00,405cec00586c22f8d2a69f3f,parsed,https://portal.bousai.pref.kumamoto.jp/data/shelter/shelter.json
00001349,432156,天草市,下田南地区コミュニティセンター,天草市天草町下田南 3040-1,32.3996091,130.0087661,35,35,kumamoto_portal_map,2026-07-31T09:37:38+09:00,7ce7288ed48874a21a2f209c,parsed,https://portal.bousai.pref.kumamoto.jp/data/shelter/shelter.json
00001350,432156,天草市,下田南運動広場,天草市天草町下田南 737-1,32.39770776,130.0098437,,0,kumamoto_portal_map,2026-07-31T09:37:38+09:00,b6af6bda739a837127683323,missing_zero,https://portal.bousai.pref.kumamoto.jp/data/shelter/shelter.json
00000481,432156,天草市,中河内公民館,天草市栖本町河内 4436-2,32.44432295,130.3102184,30,30,kumamoto_portal_map,2026-07-31T09:37:38+09:00,0b31f83146f41b1ac1302ce5,parsed,https://portal.bousai.pref.kumamoto.jp/data/shelter/shelter.json
00001326,432156,天草市,中田十五社宮付近高台,天草市新和町中田2322付近,32.33639951,130.1595797,,0,kumamoto_portal_map,2026-07-31T09:37:38+09:00,7a5946c6c10b2198e37d587e,missing_zero,https://portal.bousai.pref.kumamoto.jp/data/shelter/shelter.json
00001323,432156,天草市,中田地区コミュニティセンター,天草市新和町中田 2770,32.335855,130.159208,57,57,kumamoto_portal_map,2026-07-31T09:37:38+09:00,2b5a69bd4124d76fa6fd5b50,parsed,https://portal.bousai.pref.kumamoto.jp/data/shelter/shelter.json
00001251,432156,天草市,久玉地区コミュニティセンター,天草市久玉町 1412-12,32.21779917,130.0330921,92,92,kumamoto_portal_map,2026-07-31T09:37:38+09:00,3b17fc3226a4471769ac3df2,parsed,https://portal.bousai.pref.kumamoto.jp/data/shelter/shelter.json
00001341,432156,天草市,二江地区コミュニティセンター,天草市五和町二江 3066,32.543706,130.130578,70,70,kumamoto_portal_map,2026-07-31T09:37:38+09:00,96a1917a11a73ddc9ef6736f,parsed,https://portal.bousai.pref.kumamoto.jp/data/shelter/shelter.json
00000445,432156,天草市,二浦体育館,天草市二浦町亀浦 4403-8,32.27715268,130.0371113,121,121,kumamoto_portal_map,2026-07-31T09:37:38+09:00,8a2348b570ed179c4267e3c6,parsed,https://portal.bousai.pref.kumamoto.jp/data/shelter/shelter.json
00001261,432156,天草市,二浦地区コミュニティセンター,天草市二浦町亀浦 1035-11,32.27471497,130.0295409,48,48,kumamoto_portal_map,2026-07-31T09:37:38+09:00,b1cb892dae25e3a799efdada,parsed,https://portal.bousai.pref.kumamoto.jp/data/shelter/shelter.json
00000510,432156,天草市,五和中学校体育館,天草市五和町御領9607-2,32.53306447,130.1914161,340,340,kumamoto_portal_map,2026-07-31T09:37:38+09:00,23cca98711d4ec2fa26f1a5f,parsed,https://portal.bousai.pref.kumamoto.jp/data/shelter/shelter.json
00001333,432156,天草市,五和中学校屋上,天草市五和町御領9607-2,32.53320935,130.190675,,0,kumamoto_portal_map,2026-07-31T09:37:38+09:00,28db10c1c920d1311a757600,missing_zero,https://portal.bousai.pref.kumamoto.jp/data/shelter/shelter.json
00001332,432156,天草市,五和小学校屋上,天草市五和町御領9608-1,32.5332633,130.1901653,,0,kumamoto_portal_map,2026-07-31T09:37:38+09:00,04ce8f920c6e5d72d07901b8,missing_zero,https://portal.bousai.pref.kumamoto.jp/data/shelter/shelter.json
00001339,432156,天草市,五和歴史民俗資料館,天草市五和町二江 384,32.55040142,130.1145592,10,10,kumamoto_portal_map,2026-07-31T09:37:38+09:00,c81a376ebefaaaf984c24e8d,parsed,https://portal.bousai.pref.kumamoto.jp/data/shelter/shelter.json
00002173,432156,天草市,五和漁村センター,天草市五和町二江3150-3,32.545543,130.129517,130,130,kumamoto_portal_map,2026-07-31T09:37:38+09:00,37602ec59745c3393d761d97,parsed,https://portal.bousai.pref.kumamoto.jp/data/shelter/shelter.json
00001340,432156,天草市,五和漁村広場,天草市五和町二江 4321,32.54231552,130.1201734,,0,kumamoto_portal_map,2026-07-31T09:37:38+09:00,53fd7362c3f73f8d1b16ceb2,missing_zero,https://portal.bousai.pref.kumamoto.jp/data/shelter/shelter.json
00000517,432156,天草市,五和西体育館,天草市五和町手野二丁目 2096,32.522730984405,130.14617183708,130,130,kumamoto_portal_map,2026-07-31T09:37:38+09:00,d468cfd3b45941a48597958a,parsed,https://portal.bousai.pref.kumamoto.jp/data/shelter/shelter.json
00002172,432156,天草市,五和農業情報センター,天草市五和町御領2943,32.512145,130.187168,40,40,kumamoto_portal_map,2026-07-31T09:37:38+09:00,c18962e0e523523f84cf201a,parsed,https://portal.bousai.pref.kumamoto.jp/data/shelter/shelter.json
00001364,432156,天草市,今富地域交流施設,天草市河浦町今富956,32.32682295,130.0196155,199,199,kumamoto_portal_map,2026-07-31T09:37:38+09:00,29a83d558234286244b1445d,parsed,https://portal.bousai.pref.kumamoto.jp/data/shelter/shelter.json
00001229,432156,天草市,仮俣自治公民館,天草市枦宇土町302-3,32.418628,130.109567,30,30,kumamoto_portal_map,2026-07-31T09:37:38+09:00,e0defca83de1532c85d484ec,parsed,https://portal.bousai.pref.kumamoto.jp/data/shelter/shelter.json
00000429,432156,天草市,佐伊津体育館,天草市佐伊津町 5933,32.49960958,130.1924973,260,260,kumamoto_portal_map,2026-07-31T09:37:38+09:00,e80116d9cda4a8d973d60356,parsed,https://portal.bousai.pref.kumamoto.jp/data/shelter/shelter.json
00001239,432156,天草市,佐伊津地区コミュニティセンター,天草市佐伊津町 2258,32.49212832,130.1902568,330,330,kumamoto_portal_map,2026-07-31T09:37:38+09:00,ee08986734d3488dad76f143,parsed,https://portal.bousai.pref.kumamoto.jp/data/shelter/shelter.json
00001240,432156,天草市,佐伊津小学校体育館,天草市佐伊津町 2312,32.49052963,130.1889538,220,220,kumamoto_portal_map,2026-07-31T09:37:38+09:00,285b92db0c7785e35806f959,parsed,https://portal.bousai.pref.kumamoto.jp/data/shelter/shelter.json
00001314,432156,天草市,作物選別所,天草市新和町小宮地 785,32.370844245187,130.18723408099,,0,kumamoto_portal_map,2026-07-31T09:37:38+09:00,219cf0221c431d62a982e231,missing_zero,https://portal.bousai.pref.kumamoto.jp/data/shelter/shelter.json
00000471,432156,天草市,倉岳中学校体育館,天草市倉岳町棚底 2691,32.40500233,130.335447,260,260,kumamoto_portal_map,2026-07-31T09:37:38+09:00,96bfda9f0ca09107e0582dbf,parsed,https://portal.bousai.pref.kumamoto.jp/data/shelter/shelter.json
00001299,432156,天草市,倉岳小学校グラウンド,天草市倉岳町棚底 2091,32.411206,130.338402,,0,kumamoto_portal_map,2026-07-31T09:37:38+09:00,aab3631c72bdf5e295b77fdc,missing_zero,https://portal.bousai.pref.kumamoto.jp/data/shelter/shelter.json
00000470,432156,天草市,倉岳小学校体育館,天草市倉岳町棚底 2114,32.4111622,130.337888,240,240,kumamoto_portal_map,2026-07-31T09:37:38+09:00,be9e40db7f851b1b8661a7e2,parsed,https://portal.bousai.pref.kumamoto.jp/data/shelter/shelter.json
00001301,432156,天草市,倉岳老人福祉センター,天草市倉岳町棚底 1997-1,32.40756,130.339425,136,136,kumamoto_portal_map,2026-07-31T09:37:38+09:00,bf4802ef64960800e217e0df,parsed,https://portal.bousai.pref.kumamoto.jp/data/shelter/shelter.json
00001319,432156,天草市,元零吟庵付近高台,天草市新和町大宮地 879-1,32.38635576,130.180345,,0,kumamoto_portal_map,2026-07-31T09:37:38+09:00,d782d54f7ea8bc8b7c9f269f,missing_zero,https://portal.bousai.pref.kumamoto.jp/data/shelter/shelter.json
00001253,432156,天草市,内の原体育館跡地,天草市久玉町 340-2,32.2443379,130.0508828,,0,kumamoto_portal_map,2026-07-31T09:37:38+09:00,a1eece23fae7c693d314f8a6,missing_zero,https://portal.bousai.pref.kumamoto.jp/data/shelter/shelter.json
00001254,432156,天草市,内の原公民館,天草市久玉町 219-1,32.24199,130.051381,17,17,kumamoto_portal_map,2026-07-31T09:37:38+09:00,620a52d49760bf8f7ad6a013,parsed,https://portal.bousai.pref.kumamoto.jp/data/shelter/shelter.json
00001308,432156,天草市,円性寺,天草市栖本町湯船原1055-1,32.41426212,130.2741854,300,300,kumamoto_portal_map,2026-07-31T09:37:38+09:00,15a32ddd4b3e2d38f1913f16,parsed,https://portal.bousai.pref.kumamoto.jp/data/shelter/shelter.json
00001269,432156,天草市,前島高台,天草市有明町大浦 4224-13,32.512337451856,130.37691909177,,0,kumamoto_portal_map,2026-07-31T09:37:38+09:00,b4745c173abfae7f3cd64c60,missing_zero,https://portal.bousai.pref.kumamoto.jp/data/shelter/shelter.json
00001282,432156,天草市,功徳寺高台,天草市有明町小島子 673,32.48235418,130.2773368,,0,kumamoto_portal_map,2026-07-31T09:37:38+09:00,498085ce184f050852f346e9,missing_zero,https://portal.bousai.pref.kumamoto.jp/data/shelter/shelter.json
00000434,432156,天草市,加世浦区公民館,天草市牛深町 2899-3,32.19290174,130.0205348,22,22,kumamoto_portal_map,2026-07-31T09:37:38+09:00,004e9487ef7014f33399d8f2,parsed,https://portal.bousai.pref.kumamoto.jp/data/shelter/shelter.json
00001291,432156,天草市,勇志国際高等学校,天草市御所浦町牧島 1065-3,32.34986023,130.3247493,100,100,kumamoto_portal_map,2026-07-31T09:37:38+09:00,ad088cbce3758c0a11c4fd5c,parsed,https://portal.bousai.pref.kumamoto.jp/data/shelter/shelter.json
00001222,432156,天草市,南公園,天草市南町372-1,32.45223307,130.1922695,,0,kumamoto_portal_map,2026-07-31T09:37:38+09:00,0f8353300688adbf40c7689c,missing_zero,https://portal.bousai.pref.kumamoto.jp/data/shelter/shelter.json
00000511,432156,天草市,友辻公民館,天草市五和町鬼池 4450,32.54841364,130.1763158,10,10,kumamoto_portal_map,2026-07-31T09:37:38+09:00,12655d7e776beb55e944fdd5,parsed,https://portal.bousai.pref.kumamoto.jp/data/shelter/shelter.json
00001309,432156,天草市,古江公民館,天草市栖本町古江 739-2,32.40624974,130.2841164,20,20,kumamoto_portal_map,2026-07-31T09:37:38+09:00,578d03179ca3221304f22d43,parsed,https://portal.bousai.pref.kumamoto.jp/data/shelter/shelter.json
00002239,432156,天草市,吉田一区公民館,熊本県天草市久玉町400-1地先,32.215792,130.027011,14,14,kumamoto_portal_map,2026-07-31T09:37:38+09:00,62ce759a6e4bc0b58b57078f,parsed,https://portal.bousai.pref.kumamoto.jp/data/shelter/shelter.json
00001263,432156,天草市,向辺田公民館,天草市天草町大江向 284-6,32.2708428,129.9900889,12,12,kumamoto_portal_map,2026-07-31T09:37:38+09:00,df1f72dc9e1d9be823eb37e1,parsed,https://portal.bousai.pref.kumamoto.jp/data/shelter/shelter.json
00000514,432156,天草市,君川水公民館,天草市五和町二江 1477-7,32.54208989,130.1351365,30,30,kumamoto_portal_map,2026-07-31T09:37:38+09:00,6c3fc6eb38fe274c1b073937,parsed,https://portal.bousai.pref.kumamoto.jp/data/shelter/shelter.json
00000458,432156,天草市,唐木崎自治公民館,天草市御所浦町御所浦 4976-12,32.32864702,130.3347036,15,15,kumamoto_portal_map,2026-07-31T09:37:38+09:00,4c19a44ab44be925253f718f,parsed,https://portal.bousai.pref.kumamoto.jp/data/shelter/shelter.json
00000509,432156,天草市,在郷公民館,天草市五和町御領 6102-4,32.51641253,130.1853332,20,20,kumamoto_portal_map,2026-07-31T09:37:38+09:00,58d13d9a27ea9321c15109e6,parsed,https://portal.bousai.pref.kumamoto.jp/data/shelter/shelter.json
00001343,432156,天草市,地域交流センターおおくす,天草市五和町手野一丁目 367-1,32.50450014,130.1476236,90,90,kumamoto_portal_map,2026-07-31T09:37:38+09:00,8c5b7ec10db812e8d5803413,parsed,https://portal.bousai.pref.kumamoto.jp/data/shelter/shelter.json
00002202,432156,天草市,城河原体育館,天草市五和町城河原三丁目69,32.49562935,130.1490403,90,90,kumamoto_portal_map,2026-07-31T09:37:38+09:00,98e24f527364f1b2264ddc91,parsed,https://portal.bousai.pref.kumamoto.jp/data/shelter/shelter.json
00001344,432156,天草市,城河原地区コミュニティセンター,天草市五和町城河原一丁目 17-1,32.49502956,130.1478185,30,30,kumamoto_portal_map,2026-07-31T09:37:38+09:00,bcd5b6b732ca8e35493a40a2,parsed,https://portal.bousai.pref.kumamoto.jp/data/shelter/shelter.json
00001255,432156,天草市,大の浦公民館,天草市久玉町 4689-4,32.212459,130.056855,12,12,kumamoto_portal_map,2026-07-31T09:37:38+09:00,dcf033f5d034d6bf1f4aef64,parsed,https://portal.bousai.pref.kumamoto.jp/data/shelter/shelter.json
00001320,432156,天草市,大多尾地区コミュニティセンター,天草市新和町大多尾 2852-1,32.3591233,130.2092831,51,51,kumamoto_portal_map,2026-07-31T09:37:38+09:00,956e5f5789efa8244d74f9d2,parsed,https://portal.bousai.pref.kumamoto.jp/data/shelter/shelter.json
00001318,432156,天草市,大宮地グラウンド,天草市新和町大宮地 4275-1,32.39022126,130.1742532,,0,kumamoto_portal_map,2026-07-31T09:37:38+09:00,8ea7cf28da17145e453a9cba,missing_zero,https://portal.bousai.pref.kumamoto.jp/data/shelter/shelter.json
00000501,432156,天草市,大宮地体育館,天草市新和町大宮地4277-1,32.39022854,130.1738031,131,131,kumamoto_portal_map,2026-07-31T09:37:38+09:00,d5cd6d931aae2a23f9678a3d,parsed,https://portal.bousai.pref.kumamoto.jp/data/shelter/shelter.json
00000500,432156,天草市,大宮地地区コミュニティセンター,天草市新和町大宮地4275-1,32.390500221112,130.17352812433,53,53,kumamoto_portal_map,2026-07-31T09:37:38+09:00,6e151f0f9160bd1ac1aab02d,parsed,https://portal.bousai.pref.kumamoto.jp/data/shelter/shelter.json
00001268,432156,天草市,大楠体育館,天草市有明町大浦 533-1,32.517445,130.366526,120,120,kumamoto_portal_map,2026-07-31T09:37:38+09:00,3e056ed190e53563c7cf8588,parsed,https://portal.bousai.pref.kumamoto.jp/data/shelter/shelter.json
00001355,432156,天草市,大江シルバーコミュニティセンター,天草市天草町大江 2967-1,32.34099239,129.9929527,37,37,kumamoto_portal_map,2026-07-31T09:37:38+09:00,bad6ea8a5fe3f345b5ccd1df,parsed,https://portal.bousai.pref.kumamoto.jp/data/shelter/shelter.json
00001354,432156,天草市,大江地区コミュニティセンター,天草市天草町大江 7480-5,32.32283354,129.9940238,66,66,kumamoto_portal_map,2026-07-31T09:37:38+09:00,0a9abf7efc11c156e6ccb875,parsed,https://portal.bousai.pref.kumamoto.jp/data/shelter/shelter.json
00001356,432156,天草市,大江農村広場,天草市天草町大江 1003,32.32606685,129.9868206,,0,kumamoto_portal_map,2026-07-31T09:37:38+09:00,7d8a5044462bc75a7150573a,missing_zero,https://portal.bousai.pref.kumamoto.jp/data/shelter/shelter.json
00000480,432156,天草市,大河内公民館,天草市栖本町河内 536,32.45437545,130.3323127,20,20,kumamoto_portal_map,2026-07-31T09:37:38+09:00,b38bff96997641c2393129c2,parsed,https://portal.bousai.pref.kumamoto.jp/data/shelter/shelter.json
00001267,432156,天草市,大浦地区コミュニティセンター,天草市有明町大浦 1723-1,32.52220415,130.3600772,30,30,kumamoto_portal_map,2026-07-31T09:37:38+09:00,a4e1e07d6b8aacf919bb2f00,parsed,https://portal.bousai.pref.kumamoto.jp/data/shelter/shelter.json
00001290,432156,天草市,大浦神社境内,天草市御所浦町御所浦 6176,32.312703797791,130.32705047487,,0,kumamoto_portal_map,2026-07-31T09:37:38+09:00,694358f36da7d6cfa4735929,missing_zero,https://portal.bousai.pref.kumamoto.jp/data/shelter/shelter.json
00000520,432156,天草市,大渡公民館,天草市五和町 手野一丁目1291-1,32.50547911,130.1232916,10,10,kumamoto_portal_map,2026-07-31T09:37:38+09:00,42c8778030c646e718020eee,parsed,https://portal.bousai.pref.kumamoto.jp/data/shelter/shelter.json
00000538,432156,天草市,大蓮寺,天草市河浦町宮野河内 427,32.30116018,130.1381992,30,30,kumamoto_portal_map,2026-07-31T09:37:38+09:00,416619d751a2f0fed1224ee1,parsed,https://portal.bousai.pref.kumamoto.jp/data/shelter/shelter.json
00000415,432156,天草市,天草中央保健福祉センター(ここらす内),熊本県天草市浄南町4-15,32.449802639656,130.19594928708,,0,kumamoto_portal_map,2026-07-31T09:37:38+09:00,8b0f5595411a782543454ea7,missing_zero,https://portal.bousai.pref.kumamoto.jp/data/shelter/shelter.json
00000529,432156,天草市,天草交流センター体育館,天草市天草町大江 504-2,32.32466376,129.9926363,90,90,kumamoto_portal_map,2026-07-31T09:37:38+09:00,0bbf1b613d225e39961c670d,parsed,https://portal.bousai.pref.kumamoto.jp/data/shelter/shelter.json
00000527,432156,天草市,天草勤労者体育館,天草市天草町高浜南 488-1,32.37867238,129.9978199,212,212,kumamoto_portal_map,2026-07-31T09:37:38+09:00,914c23fc35b989653961233d,parsed,https://portal.bousai.pref.kumamoto.jp/data/shelter/shelter.json
00001353,432156,天草市,天草小学校グラウンド,天草市天草町高浜南2714,32.372241,129.998656,,0,kumamoto_portal_map,2026-07-31T09:37:38+09:00,5d558bb2599ac97022ea9569,missing_zero,https://portal.bousai.pref.kumamoto.jp/data/shelter/shelter.json
00000526,432156,天草市,天草小学校体育館,天草市天草町高浜南2714,32.37285659,129.9980327,130,130,kumamoto_portal_map,2026-07-31T09:37:38+09:00,adf0b1f3f48290a7803063dd,parsed,https://portal.bousai.pref.kumamoto.jp/data/shelter/shelter.json
00000421,432156,天草市,天草工業高校体育館,天草市亀場町亀川 38-36,32.44756175,130.2027797,1080,1080,kumamoto_portal_map,2026-07-31T09:37:38+09:00,5cf6d0ddd84d233a3ac5f10c,parsed,https://portal.bousai.pref.kumamoto.jp/data/shelter/shelter.json
00001221,432156,天草市,天草市民センター,天草市東町 3,32.45193107,130.1998116,2000,2000,kumamoto_portal_map,2026-07-31T09:37:38+09:00,a9ac3b12612ae8075886a9bd,parsed,https://portal.bousai.pref.kumamoto.jp/data/shelter/shelter.json
00000418,432156,天草市,天草拓心高校体育館,天草市本渡町本戸馬場 495,32.46828045,130.1822483,500,500,kumamoto_portal_map,2026-07-31T09:37:38+09:00,aad7e6a4b26f6c99b23b72f2,parsed,https://portal.bousai.pref.kumamoto.jp/data/shelter/shelter.json
00002204,432156,天草市,天草西保健福祉センター,天草市河浦町白木河内223-11,32.317157494117,130.08267771906,54,54,kumamoto_portal_map,2026-07-31T09:37:38+09:00,789594515903a54109c937c6,parsed,https://portal.bousai.pref.kumamoto.jp/data/shelter/shelter.json
00001300,432156,天草市,天草高校倉岳校グラウンド,天草市倉岳町棚底 2680-2,32.4059129463345,130.33437012455,,0,kumamoto_portal_map,2026-07-31T09:37:38+09:00,2f37d109da7e65af2c6b32dc,missing_zero,https://portal.bousai.pref.kumamoto.jp/data/shelter/shelter.json
00001250,432156,天草市,天附体育館,天草市牛深町 3275-11,32.18862573,130.0270556,130,130,kumamoto_portal_map,2026-07-31T09:37:38+09:00,2f49e8317b7e3dea781404f6,parsed,https://portal.bousai.pref.kumamoto.jp/data/shelter/shelter.json
00000504,432156,天草市,天附公民分館,天草市新和町大多尾 4556-2,32.384258,130.216624,7,7,kumamoto_portal_map,2026-07-31T09:37:38+09:00,610e8716f08dd0f3be02c712,parsed,https://portal.bousai.pref.kumamoto.jp/data/shelter/shelter.json
00000447,432156,天草市,姫の河内集会所,天草市二浦町亀浦 3504-3,32.25706786,130.0254213,8,8,kumamoto_portal_map,2026-07-31T09:37:38+09:00,4e5d22b8e369fd2092a2c9f3,parsed,https://portal.bousai.pref.kumamoto.jp/data/shelter/shelter.json
00001316,432156,天草市,宮南グラウンド,天草市新和町小宮地 10813-2,32.31460846,130.1774603,,0,kumamoto_portal_map,2026-07-31T09:37:38+09:00,60c544675403fa525d8fe9d3,missing_zero,https://portal.bousai.pref.kumamoto.jp/data/shelter/shelter.json
00000498,432156,天草市,宮南体育館,天草市新和町小宮地 10821-1,32.31444129,130.1763737,174,174,kumamoto_portal_map,2026-07-31T09:37:38+09:00,8440f32ace320701d6dd6f8d,parsed,https://portal.bousai.pref.kumamoto.jp/data/shelter/shelter.json
00001315,432156,天草市,宮南地区コミュニティセンター,天草市新和町小宮地 10821-1,32.314685,130.175993,51,51,kumamoto_portal_map,2026-07-31T09:37:38+09:00,b5e8f8b5665bb4920a306268,parsed,https://portal.bousai.pref.kumamoto.jp/data/shelter/shelter.json
00001241,432156,天草市,宮地岳地区コミュニティセンター,天草市宮地岳町5616-2,32.3840784,130.125998,380,380,kumamoto_portal_map,2026-07-31T09:37:38+09:00,eb7010fc429829495b8be03a,parsed,https://portal.bousai.pref.kumamoto.jp/data/shelter/shelter.json
00000478,432156,天草市,宮田1区公民館,天草市倉岳町宮田 3754-2,32.40109332,130.3250701,30,30,kumamoto_portal_map,2026-07-31T09:37:38+09:00,691d83e200380d4adb79c761,parsed,https://portal.bousai.pref.kumamoto.jp/data/shelter/shelter.json
00000479,432156,天草市,宮田2区公民館,天草市倉岳町宮田 2487-3,32.39967299,130.3164124,30,30,kumamoto_portal_map,2026-07-31T09:37:38+09:00,34fd031bdd07dc96d988d2bf,parsed,https://portal.bousai.pref.kumamoto.jp/data/shelter/shelter.json
00000476,432156,天草市,宮田5区公民館,天草市倉岳町宮田 1136-1,32.39859199,130.3064071,40,40,kumamoto_portal_map,2026-07-31T09:37:38+09:00,c623a7db5ec9367026a342ac,parsed,https://portal.bousai.pref.kumamoto.jp/data/shelter/shelter.json
00002171,432156,天草市,宮田体育館,天草市倉岳町宮田1327-1,32.398515,130.308683,250,250,kumamoto_portal_map,2026-07-31T09:37:38+09:00,de7462ed678dfc2f1a90b5b5,parsed,https://portal.bousai.pref.kumamoto.jp/data/shelter/shelter.json
00001303,432156,天草市,宮田八幡宮,天草市倉岳町宮田 1092,32.39947909,130.3053019,,0,kumamoto_portal_map,2026-07-31T09:37:38+09:00,3330dcfd687dd97fe88ebf4d,missing_zero,https://portal.bousai.pref.kumamoto.jp/data/shelter/shelter.json
00001302,432156,天草市,宮田地区コミュニティセンター,天草市倉岳町宮田 1327-1,32.39852801,130.3092778,190,190,kumamoto_portal_map,2026-07-31T09:37:38+09:00,b5da43ad983b1caf92bc039d,parsed,https://portal.bousai.pref.kumamoto.jp/data/shelter/shelter.json
00000537,432156,天草市,宮野河内体育館(旧宮野河内中学校体育館),天草市河浦町宮野河内 1160,32.29806712,130.1391815,190,190,kumamoto_portal_map,2026-07-31T09:37:38+09:00,db6c39cb2cffa5a55cd0a7a4,parsed,https://portal.bousai.pref.kumamoto.jp/data/shelter/shelter.json
00001367,432156,天草市,宮野河内地区コミュニティセンター,天草市河浦町宮野河内337-6,32.299253,130.139472,215,215,kumamoto_portal_map,2026-07-31T09:37:38+09:00,b945547581c4d4e000c8123b,parsed,https://portal.bousai.pref.kumamoto.jp/data/shelter/shelter.json
00001365,432156,天草市,富津地区コミュニティセンター,天草市河浦町﨑津 1117-2,32.31677214,130.0259402,247,247,kumamoto_portal_map,2026-07-31T09:37:38+09:00,7e0575fde138a0a069990d48,parsed,https://portal.bousai.pref.kumamoto.jp/data/shelter/shelter.json
00001329,432156,天草市,小串公民館,天草市五和町御領 522-1,32.511442,130.19088,20,20,kumamoto_portal_map,2026-07-31T09:37:38+09:00,bbbcb09416b45477cd152b18,parsed,https://portal.bousai.pref.kumamoto.jp/data/shelter/shelter.json
00001312,432156,天草市,小宮地地区コミュニティセンター,天草市新和町小宮地 669-1,32.3632767,130.1809777,163,163,kumamoto_portal_map,2026-07-31T09:37:38+09:00,8d5b73ea79d473880e649300,parsed,https://portal.bousai.pref.kumamoto.jp/data/shelter/shelter.json
00001321,432156,天草市,小峰公民分館付近高台,天草市新和町大多尾 439-1,32.336812,130.195208,,0,kumamoto_portal_map,2026-07-31T09:37:38+09:00,b70c9725906ac47db74d6887,missing_zero,https://portal.bousai.pref.kumamoto.jp/data/shelter/shelter.json
00000454,432156,天草市,小島子上地区集会所,天草市有明町小島子1192-2,32.47763739,130.2765082,10,10,kumamoto_portal_map,2026-07-31T09:37:38+09:00,9a693cac78b476a05d4c4f03,parsed,https://portal.bousai.pref.kumamoto.jp/data/shelter/shelter.json
00001294,432156,天草市,山の上の旧御所浦北小学校跡地,天草市御所浦町横浦 231-6,32.366122811193,130.34780097357,,0,kumamoto_portal_map,2026-07-31T09:37:38+09:00,99ef74ed1ecd8c811f21b642,missing_zero,https://portal.bousai.pref.kumamoto.jp/data/shelter/shelter.json
00000440,432156,天草市,山の浦生活改善センター,天草市久玉町 1731-9,32.22604714,130.0725117,20,20,kumamoto_portal_map,2026-07-31T09:37:38+09:00,1abdde31eb6ba76aa360ad72,parsed,https://portal.bousai.pref.kumamoto.jp/data/shelter/shelter.json
00000519,432156,天草市,山浦公民館(五和地区),天草市五和町手野二丁目 110,32.42715546,130.268548,10,10,kumamoto_portal_map,2026-07-31T09:37:38+09:00,352a2e9a4ad439b178c526d7,parsed,https://portal.bousai.pref.kumamoto.jp/data/shelter/shelter.json
00001307,432156,天草市,山浦公民館(栖本地区),天草市栖本町馬場 690-1,32.42715546,130.268548,20,20,kumamoto_portal_map,2026-07-31T09:37:38+09:00,df6a90f04c255e2bb2683245,parsed,https://portal.bousai.pref.kumamoto.jp/data/shelter/shelter.json
00000455,432156,天草市,島子体育館,天草市有明町大島子 2669,32.474431,130.257602,110,110,kumamoto_portal_map,2026-07-31T09:37:38+09:00,acfe6704ddb68ba0ffbcc05e,parsed,https://portal.bousai.pref.kumamoto.jp/data/shelter/shelter.json
00001284,432156,天草市,島子八幡宮広場,天草市有明町大島子2404,32.47309621,130.2598829,,0,kumamoto_portal_map,2026-07-31T09:37:38+09:00,2fc7e21eff827c8940c00f4b,missing_zero,https://portal.bousai.pref.kumamoto.jp/data/shelter/shelter.json
00001283,432156,天草市,島子地区コミュニティセンター,天草市有明町大島子2669,32.4741658551881,130.257103443146,50,50,kumamoto_portal_map,2026-07-31T09:37:38+09:00,ff779ef6365c2286ad49bdcd,parsed,https://portal.bousai.pref.kumamoto.jp/data/shelter/shelter.json
00000462,432156,天草市,崎浦自治公民館,天草市御所浦町横浦 1054-7,32.36855995,130.3517615,15,15,kumamoto_portal_map,2026-07-31T09:37:38+09:00,91269a7bb74dabccb1a3c40c,parsed,https://portal.bousai.pref.kumamoto.jp/data/shelter/shelter.json
00000486,432156,天草市,川下公民館,天草市栖本町馬場 3775-3,32.41390041,130.2625004,20,20,kumamoto_portal_map,2026-07-31T09:37:38+09:00,099b5d5c61373e62130d6b90,parsed,https://portal.bousai.pref.kumamoto.jp/data/shelter/shelter.json
00002200,432156,天草市,川原新町区高台(自治公民館隣接),天草市川原新町19,32.453288,130.182963,,0,kumamoto_portal_map,2026-07-31T09:37:38+09:00,88980ac9a77d7e30d49d92b9,missing_zero,https://portal.bousai.pref.kumamoto.jp/data/shelter/shelter.json
00002331,432156,天草市,市倉岳支所,熊本県天草市倉岳町棚底1919,32.4096121563765,130.340970754623,,0,kumamoto_portal_map,2026-07-31T09:37:38+09:00,15f99a44b7b911fa87634346,missing_zero,https://portal.bousai.pref.kumamoto.jp/data/shelter/shelter.json
00001351,432156,天草市,市天草支所,天草市天草町高浜南 488-1,32.37955948,129.9980477,28,28,kumamoto_portal_map,2026-07-31T09:37:38+09:00,6887a7e107588028a402d315,parsed,https://portal.bousai.pref.kumamoto.jp/data/shelter/shelter.json
00002255,432156,天草市,市御所浦支所,熊本県天草市御所浦町御所浦3527,32.337820692362,130.33827748822,30,30,kumamoto_portal_map,2026-07-31T09:37:38+09:00,b37bbc8b6e69a8dc56f0d226,parsed,https://portal.bousai.pref.kumamoto.jp/data/shelter/shelter.json
00001305,432156,天草市,市栖本支所,天草市栖本町馬場 179,32.4220957,130.2727687,690,690,kumamoto_portal_map,2026-07-31T09:37:38+09:00,c36d8d614552118b9dc61384,parsed,https://portal.bousai.pref.kumamoto.jp/data/shelter/shelter.json
00001360,432156,天草市,市河浦支所,天草市河浦町河浦 5253,32.33287473,130.0792654,264,264,kumamoto_portal_map,2026-07-31T09:37:38+09:00,9bb75fb5a84c03d3b26b2c87,parsed,https://portal.bousai.pref.kumamoto.jp/data/shelter/shelter.json
00002341,432156,天草市,市牛深支所,熊本県天草市牛深町2286-103,32.1946771546242,130.026771822025,90,90,kumamoto_portal_map,2026-07-31T09:37:38+09:00,b55db296461e42280d414668,parsed,https://portal.bousai.pref.kumamoto.jp/data/shelter/shelter.json
00001226,432156,天草市,広瀬公園,熊本県天草市本渡町広瀬587-2,32.47011795,130.1934599,,0,kumamoto_portal_map,2026-07-31T09:37:38+09:00,fa5732a81ed722a564a601d2,missing_zero,https://portal.bousai.pref.kumamoto.jp/data/shelter/shelter.json
00000457,432156,天草市,御所浦中学校体育館,天草市御所浦町御所浦 3171,32.34579481,130.3442784,400,400,kumamoto_portal_map,2026-07-31T09:37:38+09:00,a5e08b676377cd097a93a049,parsed,https://portal.bousai.pref.kumamoto.jp/data/shelter/shelter.json
00001289,432156,天草市,御所浦交流センター,天草市御所浦町御所浦 5875-2,32.31106841,130.3278698,90,90,kumamoto_portal_map,2026-07-31T09:37:38+09:00,64c3ecb70f4cf3c3e8a16925,parsed,https://portal.bousai.pref.kumamoto.jp/data/shelter/shelter.json
00002343,432156,天草市,御所浦保健福祉センター,熊本県天草市御所浦町御所浦3527,32.3400773584564,130.339135681437,30,30,kumamoto_portal_map,2026-07-31T09:37:38+09:00,cc9dda0630b425d348fdc8b3,parsed,https://portal.bousai.pref.kumamoto.jp/data/shelter/shelter.json
00001293,432156,天草市,御所浦北地区コミュニティセンター,天草市御所浦町横浦 383-6,32.36580451,130.344638,25,25,kumamoto_portal_map,2026-07-31T09:37:38+09:00,0c42dd66393cf97d85a85df0,parsed,https://portal.bousai.pref.kumamoto.jp/data/shelter/shelter.json
00000456,432156,天草市,御所浦小学校体育館,天草市御所浦町御所浦 3525-5,32.34127808,130.3388732,200,200,kumamoto_portal_map,2026-07-31T09:37:38+09:00,52fa5a465b2f4c1a8635bd1f,parsed,https://portal.bousai.pref.kumamoto.jp/data/shelter/shelter.json
00001287,432156,天草市,御所浦苑付近,天草市御所浦町御所浦 4398-1,32.33731928,130.3346382,,0,kumamoto_portal_map,2026-07-31T09:37:38+09:00,ab2b43aecad45be12aec5019,missing_zero,https://portal.bousai.pref.kumamoto.jp/data/shelter/shelter.json
00001295,432156,天草市,御所浦診療所,天草市御所浦町御所浦 2081-13,32.348443161125,130.35789888564,20,20,kumamoto_portal_map,2026-07-31T09:37:38+09:00,1ea9f4ea9d419dfe68537e2d,parsed,https://portal.bousai.pref.kumamoto.jp/data/shelter/shelter.json
00001330,432156,天草市,御領地区コミュニティセンター,天草市五和町御領 6692-1,32.5177278178873,130.188921689987,155,155,kumamoto_portal_map,2026-07-31T09:37:38+09:00,ef3afc2204e3e52348518039,parsed,https://portal.bousai.pref.kumamoto.jp/data/shelter/shelter.json
00001230,432156,天草市,志柿地区コミュニティセンター,天草市志柿町 3390-10,32.46109789,130.2300217,320,320,kumamoto_portal_map,2026-07-31T09:37:38+09:00,dfeaffc31cb36af27462a3eb,parsed,https://portal.bousai.pref.kumamoto.jp/data/shelter/shelter.json
00001231,432156,天草市,志柿町瀬戸地区コミュニティセンター,天草市志柿町 6623-1,32.446632,130.206647,100,100,kumamoto_portal_map,2026-07-31T09:37:38+09:00,59af5620bd87dc9d25b47902,parsed,https://portal.bousai.pref.kumamoto.jp/data/shelter/shelter.json
00000518,432156,天草市,手野体育館,天草市五和町手野一丁目 3759,32.51525763,130.1497896,120,120,kumamoto_portal_map,2026-07-31T09:37:38+09:00,16f269abef95a3660620f5cc,parsed,https://portal.bousai.pref.kumamoto.jp/data/shelter/shelter.json
00001342,432156,天草市,手野地区コミュニティセンター,天草市五和町手野一丁目 3768-3,32.51539619,130.1490472,40,40,kumamoto_portal_map,2026-07-31T09:37:38+09:00,27dc40f36faae348c43d0253,parsed,https://portal.bousai.pref.kumamoto.jp/data/shelter/shelter.json
00000483,432156,天草市,打田公民館,天草市栖本町打田 315,32.42478687,130.2787524,20,20,kumamoto_portal_map,2026-07-31T09:37:38+09:00,4d239050fd7fea4bae6cd01b,parsed,https://portal.bousai.pref.kumamoto.jp/data/shelter/shelter.json
00000522,432156,天草市,打越公民館,天草市五和町城河原一丁目 2962-1,32.49826298,130.1585646,20,20,kumamoto_portal_map,2026-07-31T09:37:38+09:00,de0ec2e1c133b74749f87991,parsed,https://portal.bousai.pref.kumamoto.jp/data/shelter/shelter.json
00000532,432156,天草市,新合体育館(旧新合小学校体育館),天草市河浦町新合 2008-4,32.33686505,130.1163361,199,199,kumamoto_portal_map,2026-07-31T09:37:38+09:00,1715d129d103dae354f42af6,parsed,https://portal.bousai.pref.kumamoto.jp/data/shelter/shelter.json
00001357,432156,天草市,新合地区コミュニティセンター,天草市河浦町新合 2004-1,32.336561149161,130.11593590423,96,96,kumamoto_portal_map,2026-07-31T09:37:38+09:00,06082eed3e10ca8ff0dd2ef1,parsed,https://portal.bousai.pref.kumamoto.jp/data/shelter/shelter.json
00001358,432156,天草市,新合地区コミュニティセンター前広場,天草市河浦町新合 2004-1,32.336311904062,130.11644591535,,0,kumamoto_portal_map,2026-07-31T09:37:38+09:00,ca3221ee321bf63231819470,missing_zero,https://portal.bousai.pref.kumamoto.jp/data/shelter/shelter.json
00000503,432156,天草市,新和B&G海洋センター,天草市新和町大多尾 2138-3,32.34908706,130.2078785,429,429,kumamoto_portal_map,2026-07-31T09:37:38+09:00,b3f1a164cb630979c5a85508,parsed,https://portal.bousai.pref.kumamoto.jp/data/shelter/shelter.json
00001313,432156,天草市,新和グラウンド,天草市新和町小宮地 713,32.36536689,130.1818151,,0,kumamoto_portal_map,2026-07-31T09:37:38+09:00,eb8b8d50ea62dc253fe1184e,missing_zero,https://portal.bousai.pref.kumamoto.jp/data/shelter/shelter.json
00000496,432156,天草市,新和中学校体育館,天草市新和町小宮地 1304,32.366457,130.1795398,351,351,kumamoto_portal_map,2026-07-31T09:37:38+09:00,f36202ba3898521b5ae2b0a2,parsed,https://portal.bousai.pref.kumamoto.jp/data/shelter/shelter.json
00000494,432156,天草市,新和体育館,天草市新和町小宮地 722,32.36647807,130.1818521,338,338,kumamoto_portal_map,2026-07-31T09:37:38+09:00,0f59d599b37bb4d3d9796180,parsed,https://portal.bousai.pref.kumamoto.jp/data/shelter/shelter.json
00000499,432156,天草市,新和保健福祉総合センター,天草市新和町小宮地 763-3,32.370673279366,130.18529681179,201,201,kumamoto_portal_map,2026-07-31T09:37:38+09:00,3dcea9e096b85ce97f7c91e9,parsed,https://portal.bousai.pref.kumamoto.jp/data/shelter/shelter.json
00000495,432156,天草市,新和小学校体育館,天草市新和町小宮地 620,32.36297659,130.1809367,152,152,kumamoto_portal_map,2026-07-31T09:37:38+09:00,1e467e6bb91d7e532eb30caa,parsed,https://portal.bousai.pref.kumamoto.jp/data/shelter/shelter.json
00000420,432156,天草市,旧亀場幼稚園,天草市亀場町亀川 1538-1,32.43747539,130.1941486,330,330,kumamoto_portal_map,2026-07-31T09:37:38+09:00,71e6bc3ec35eb680f15f6e03,parsed,https://portal.bousai.pref.kumamoto.jp/data/shelter/shelter.json
00001242,432156,天草市,旧宮地岳体育館,天草市宮地岳町 5516,32.38522963,130.1268334,280,280,kumamoto_portal_map,2026-07-31T09:37:38+09:00,4b955ae79d3dd0d38f49bfd8,parsed,https://portal.bousai.pref.kumamoto.jp/data/shelter/shelter.json
00001296,432156,天草市,旧嵐口小学校跡地,天草市御所浦町御所浦 2554,32.349016,130.354081,,0,kumamoto_portal_map,2026-07-31T09:37:38+09:00,c7c567ee891d0cf373007ba8,missing_zero,https://portal.bousai.pref.kumamoto.jp/data/shelter/shelter.json
00000460,432156,天草市,旧御所浦北中学校,天草市御所浦町横浦537,32.370933191901,130.34424402511,60,60,kumamoto_portal_map,2026-07-31T09:37:38+09:00,e57ca966c86d8ee2e89fa039,parsed,https://portal.bousai.pref.kumamoto.jp/data/shelter/shelter.json
00001334,432156,天草市,旧御領小学校グラウンド,天草市五和町御領 6874,32.51903911,130.1901184,,0,kumamoto_portal_map,2026-07-31T09:37:38+09:00,3d594b39b20ffa8c67e2670e,missing_zero,https://portal.bousai.pref.kumamoto.jp/data/shelter/shelter.json
00001346,432156,天草市,旧福連木山村広場,天草市天草町福連木 3646,32.42114398,130.0718426,,0,kumamoto_portal_map,2026-07-31T09:37:38+09:00,af6ece51714dd0abc947cfec,missing_zero,https://portal.bousai.pref.kumamoto.jp/data/shelter/shelter.json
00000446,432156,天草市,早浦生活改善センター,天草市二浦町早浦 517-4,32.27582561,130.0467026,11,11,kumamoto_portal_map,2026-07-31T09:37:38+09:00,00a05d6f3d01570617aa8038,parsed,https://portal.bousai.pref.kumamoto.jp/data/shelter/shelter.json
00001274,432156,天草市,有明体育館,天草市有明町赤崎 3383,32.5115285,130.3145123,250,250,kumamoto_portal_map,2026-07-31T09:37:38+09:00,b16df5cd565c65497ef5ef80,parsed,https://portal.bousai.pref.kumamoto.jp/data/shelter/shelter.json
00000450,432156,天草市,有明町民センター,天草市有明町赤崎 3383,32.5130167,130.3144445,134,134,kumamoto_portal_map,2026-07-31T09:37:38+09:00,02ab76847845d62093ac58f0,parsed,https://portal.bousai.pref.kumamoto.jp/data/shelter/shelter.json
00000416,432156,天草市,本渡中学校体育館,天草市本渡町広瀬 5-110,32.46522924,130.2048328,670,670,kumamoto_portal_map,2026-07-31T09:37:38+09:00,7a98412cbe52d2bbc057043c,parsed,https://portal.bousai.pref.kumamoto.jp/data/shelter/shelter.json
00001220,432156,天草市,本渡児童センター,天草市本渡町本渡 1054-7,32.45934104,130.1719573,210,210,kumamoto_portal_map,2026-07-31T09:37:38+09:00,72d517ad2cd467d6ee793740,parsed,https://portal.bousai.pref.kumamoto.jp/data/shelter/shelter.json
00001224,432156,天草市,本渡北地区コミュニティセンター,天草市今釜町 10-43,32.46365846,130.1911534,410,410,kumamoto_portal_map,2026-07-31T09:37:38+09:00,9e968e7b5371f444605bb95f,parsed,https://portal.bousai.pref.kumamoto.jp/data/shelter/shelter.json
00000417,432156,天草市,本渡北小学校体育館,天草市浜崎町 3-55,32.46304515,130.1865508,370,370,kumamoto_portal_map,2026-07-31T09:37:38+09:00,f793e16cebc9dd27f1b28dcc,parsed,https://portal.bousai.pref.kumamoto.jp/data/shelter/shelter.json
00001219,432156,天草市,本渡南地区コミュニティセンター,天草市港町 13-5,32.45618423,130.1969231,590,590,kumamoto_portal_map,2026-07-31T09:37:38+09:00,0962fe37c9339a0161df2ece,parsed,https://portal.bousai.pref.kumamoto.jp/data/shelter/shelter.json
00000414,432156,天草市,本渡南小学校体育館,天草市川原町 4-21,32.45609778,130.1846795,430,430,kumamoto_portal_map,2026-07-31T09:37:38+09:00,dfdf804bf1119c4f8e1f289b,parsed,https://portal.bousai.pref.kumamoto.jp/data/shelter/shelter.json
00001233,432156,天草市,本渡東中学校体育館,天草市志柿町 5031,32.43410606,130.2218263,390,390,kumamoto_portal_map,2026-07-31T09:37:38+09:00,765ec0f908227fe56028e78f,parsed,https://portal.bousai.pref.kumamoto.jp/data/shelter/shelter.json
00000425,432156,天草市,本渡東小学校体育館,天草市志柿町5029-5,32.433904,130.222088,240,240,kumamoto_portal_map,2026-07-31T09:37:38+09:00,7fe31ba11e9b06454b8b2608,parsed,https://portal.bousai.pref.kumamoto.jp/data/shelter/shelter.json
00000422,432156,天草市,本渡看護専門学校体育館,天草市亀場町亀川12-1,32.44555378,130.2007624,160,160,kumamoto_portal_map,2026-07-31T09:37:38+09:00,b7a6dc5ccb45695c73817eaf,parsed,https://portal.bousai.pref.kumamoto.jp/data/shelter/shelter.json
00002320,432156,天草市,本渡老人福祉センター,天草市船之尾町11-5,32.4586595792596,130.18622177196,,0,kumamoto_portal_map,2026-07-31T09:37:38+09:00,253b389687e6ec504f06b4e1,missing_zero,https://portal.bousai.pref.kumamoto.jp/data/shelter/shelter.json
00001237,432156,天草市,本町体育館,天草市本町新休 35,32.46936687,130.1559883,260,260,kumamoto_portal_map,2026-07-31T09:37:38+09:00,4322916741f0be9516db1a90,parsed,https://portal.bousai.pref.kumamoto.jp/data/shelter/shelter.json
00001236,432156,天草市,本町地区コミュニティセンター,天草市本町本 832,32.46673744,130.131714,320,320,kumamoto_portal_map,2026-07-31T09:37:38+09:00,95359fc9a7d74fb86947988f,parsed,https://portal.bousai.pref.kumamoto.jp/data/shelter/shelter.json
00001238,432156,天草市,本町小学校体育館,天草市本町本 815,32.46785170031,130.13414627695,220,220,kumamoto_portal_map,2026-07-31T09:37:38+09:00,63d0d4da28dc877a957f6404,parsed,https://portal.bousai.pref.kumamoto.jp/data/shelter/shelter.json
00000461,432156,天草市,杉浦自治公民館,天草市御所浦町横浦 750-11,32.36826235,130.3482073,15,15,kumamoto_portal_map,2026-07-31T09:37:38+09:00,c42af32e936b5a445d9f021f,parsed,https://portal.bousai.pref.kumamoto.jp/data/shelter/shelter.json
00000485,432156,天草市,村公民館,天草市栖本町馬場 216,32.42041871,130.2711345,30,30,kumamoto_portal_map,2026-07-31T09:37:38+09:00,4cb05816693fef5d70ba24b7,parsed,https://portal.bousai.pref.kumamoto.jp/data/shelter/shelter.json
00000467,432156,天草市,松尾公民館,天草市倉岳町浦 1050-2,32.42701334,130.3522101,40,40,kumamoto_portal_map,2026-07-31T09:37:38+09:00,087a05976f501815614e67cd,parsed,https://portal.bousai.pref.kumamoto.jp/data/shelter/shelter.json
00001228,432156,天草市,枦宇土地区コミュニティセンター,天草市枦宇土町 1711,32.43517361,130.1597649,320,320,kumamoto_portal_map,2026-07-31T09:37:38+09:00,543af97533b9fbfba0e68243,parsed,https://portal.bousai.pref.kumamoto.jp/data/shelter/shelter.json
00000490,432156,天草市,栖本中学校体育館,天草市栖本町湯船原 690-4,32.41614227,130.2753987,500,500,kumamoto_portal_map,2026-07-31T09:37:38+09:00,7086cf0af3603208ab9c3c38,parsed,https://portal.bousai.pref.kumamoto.jp/data/shelter/shelter.json
00000492,432156,天草市,栖本体育館,天草市栖本町古江 153-4,32.40872943,130.2758749,630,630,kumamoto_portal_map,2026-07-31T09:37:38+09:00,e34a3e640b35f07e09d04cc3,parsed,https://portal.bousai.pref.kumamoto.jp/data/shelter/shelter.json
00001304,432156,天草市,栖本地区コミュニティセンター,天草市栖本町河内 4414-1,32.44435384,130.3086396,570,570,kumamoto_portal_map,2026-07-31T09:37:38+09:00,576e72c751bee6a16f6786b9,parsed,https://portal.bousai.pref.kumamoto.jp/data/shelter/shelter.json
00000484,432156,天草市,栖本小学校体育館,天草市栖本町馬場 25,32.42134063,130.2749935,310,310,kumamoto_portal_map,2026-07-31T09:37:38+09:00,8029d48d9d9691ddb5da936a,parsed,https://portal.bousai.pref.kumamoto.jp/data/shelter/shelter.json
00001306,432156,天草市,栖本福祉会館,天草市栖本町馬場 3682-1,32.41573976,130.2670898,135,135,kumamoto_portal_map,2026-07-31T09:37:38+09:00,d9e0b3311aa556d217437cc8,parsed,https://portal.bousai.pref.kumamoto.jp/data/shelter/shelter.json
00000473,432156,天草市,棚底2区公民館,天草市倉岳町棚底 2210-1,32.41317169,130.3335848,60,60,kumamoto_portal_map,2026-07-31T09:37:38+09:00,7f70c2ffd6b61d636fa9ab6e,parsed,https://portal.bousai.pref.kumamoto.jp/data/shelter/shelter.json
00000474,432156,天草市,棚底4区公民館,天草市倉岳町棚底 2658-3,32.4066857,130.3358195,40,40,kumamoto_portal_map,2026-07-31T09:37:38+09:00,27d3da86f232c0eb56f6c36e,parsed,https://portal.bousai.pref.kumamoto.jp/data/shelter/shelter.json
00000475,432156,天草市,棚底5区公民館,天草市倉岳町棚底 2480-3,32.40681174,130.3387668,60,60,kumamoto_portal_map,2026-07-31T09:37:38+09:00,d52a99e1cd898b719f0e9ac5,parsed,https://portal.bousai.pref.kumamoto.jp/data/shelter/shelter.json
00000472,432156,天草市,棚底地区コミュニティセンター,天草市倉岳町棚底 1786-4,32.41067919,130.3438864,270,270,kumamoto_portal_map,2026-07-31T09:37:38+09:00,e19b7968706f3a114591aaa5,parsed,https://portal.bousai.pref.kumamoto.jp/data/shelter/shelter.json
00001235,432156,天草市,楠浦地区コミュニティセンター,天草市楠浦町 2366,32.41329596,130.1943737,320,320,kumamoto_portal_map,2026-07-31T09:37:38+09:00,c547cd6b38bb54e0754413c0,parsed,https://portal.bousai.pref.kumamoto.jp/data/shelter/shelter.json
00000428,432156,天草市,楠浦小学校体育館,天草市楠浦町 2805,32.41334113,130.1982987,180,180,kumamoto_portal_map,2026-07-31T09:37:38+09:00,f433313f238e7af81029ec7c,parsed,https://portal.bousai.pref.kumamoto.jp/data/shelter/shelter.json
00001265,432156,天草市,楠甫体育館,天草市有明町楠甫 756,32.49798206,130.3698484,110,110,kumamoto_portal_map,2026-07-31T09:37:38+09:00,56e16c33ed587d31b1e41422,parsed,https://portal.bousai.pref.kumamoto.jp/data/shelter/shelter.json
00001264,432156,天草市,楠甫地区コミュニティセンター,天草市有明町楠甫 4629-7,32.49874925,130.3749112,70,70,kumamoto_portal_map,2026-07-31T09:37:38+09:00,6810123d2d85ec17e9b79d5c,parsed,https://portal.bousai.pref.kumamoto.jp/data/shelter/shelter.json
00001281,432156,天草市,権六山高台,天草市有明町下津浦 2955-3,32.48757751,130.2906616,,0,kumamoto_portal_map,2026-07-31T09:37:38+09:00,0fdf24e5fe7d00ad93c30fa8,missing_zero,https://portal.bousai.pref.kumamoto.jp/data/shelter/shelter.json
00001258,432156,天草市,池田公民館,天草市魚貫町 4699-16,32.2466335,129.9845406,10,10,kumamoto_portal_map,2026-07-31T09:37:38+09:00,c442230489f68c374125580e,parsed,https://portal.bousai.pref.kumamoto.jp/data/shelter/shelter.json
00001324,432156,天草市,池田林業跡地,天草市新和町中田 1615-1,32.34297,130.15452,,0,kumamoto_portal_map,2026-07-31T09:37:38+09:00,e1571718806dbc560dcb18e9,missing_zero,https://portal.bousai.pref.kumamoto.jp/data/shelter/shelter.json
00001285,432156,天草市,沖ノ田高台,天草市有明町大島子 3215-1,32.470420015381,130.25515253625,,0,kumamoto_portal_map,2026-07-31T09:37:38+09:00,393ca6b8942b75f139c2b06e,missing_zero,https://portal.bousai.pref.kumamoto.jp/data/shelter/shelter.json
00000535,432156,天草市,河浦中央体育館,熊本県天草市河浦町白木河内 175-4,32.31582136,130.080585,902,902,kumamoto_portal_map,2026-07-31T09:37:38+09:00,2ef47b8b9e4cc6604ebc40f3,parsed,https://portal.bousai.pref.kumamoto.jp/data/shelter/shelter.json
00000534,432156,天草市,河浦中学校体育館,天草市河浦町河浦 35-24,32.32087864,130.071841,340,340,kumamoto_portal_map,2026-07-31T09:37:38+09:00,215c45748671c336e8a6ac6e,parsed,https://portal.bousai.pref.kumamoto.jp/data/shelter/shelter.json
00000533,432156,天草市,河浦小学校体育館,天草市河浦町河浦 4933,32.33217982,130.0784195,250,250,kumamoto_portal_map,2026-07-31T09:37:38+09:00,ca93064a019d7e9db7242979,parsed,https://portal.bousai.pref.kumamoto.jp/data/shelter/shelter.json
00001361,432156,天草市,河浦病院高台,天草市河浦町河浦 223-11,32.316707178098,130.0824915238,,0,kumamoto_portal_map,2026-07-31T09:37:38+09:00,c7f51b6301e5c55756d66f87,missing_zero,https://portal.bousai.pref.kumamoto.jp/data/shelter/shelter.json
00001311,432156,天草市,法真寺,天草市栖本町湯船原 956-1,32.41365562,130.2729003,30,30,kumamoto_portal_map,2026-07-31T09:37:38+09:00,c9742c0ff47cfbb4a82a1024,parsed,https://portal.bousai.pref.kumamoto.jp/data/shelter/shelter.json
00000491,432156,天草市,浜公民館,天草市栖本町湯船原 787-14,32.41426212,130.272001,20,20,kumamoto_portal_map,2026-07-31T09:37:38+09:00,77c6f5317bbf15ae2d30798e,parsed,https://portal.bousai.pref.kumamoto.jp/data/shelter/shelter.json
00000465,432156,天草市,浦1区公民館,天草市倉岳町浦 3073,32.43230093,130.3607734,40,40,kumamoto_portal_map,2026-07-31T09:37:38+09:00,3fe29410465005e816ff7acb,parsed,https://portal.bousai.pref.kumamoto.jp/data/shelter/shelter.json
00000466,432156,天草市,浦2区公民館,天草市倉岳町浦 2323-1,32.43755672,130.3461022,40,40,kumamoto_portal_map,2026-07-31T09:37:38+09:00,3c2a77e95fc41349c1217e52,parsed,https://portal.bousai.pref.kumamoto.jp/data/shelter/shelter.json
00000469,432156,天草市,浦5区公民館,天草市倉岳町浦 4896,32.42194472,130.3490051,30,30,kumamoto_portal_map,2026-07-31T09:37:38+09:00,00ebe89c457dc4335dad35f7,parsed,https://portal.bousai.pref.kumamoto.jp/data/shelter/shelter.json
00000464,432156,天草市,浦6区公民館,天草市倉岳町浦 1254-8,32.42928012,130.3571099,50,50,kumamoto_portal_map,2026-07-31T09:37:38+09:00,696ce54969c5a9710beeaf39,parsed,https://portal.bousai.pref.kumamoto.jp/data/shelter/shelter.json
00001297,432156,天草市,浦グラウンド(浦地区コミュニティセンター),天草市倉岳町浦 3064-1,32.433132,130.35402,,0,kumamoto_portal_map,2026-07-31T09:37:38+09:00,b28662e9b89cf5d8c22cbe5b,missing_zero,https://portal.bousai.pref.kumamoto.jp/data/shelter/shelter.json
00002201,432156,天草市,浦体育館,天草市倉岳町浦3064-1,32.43267,130.354736,230,230,kumamoto_portal_map,2026-07-31T09:37:38+09:00,70b115b93cbe9fb47bd19617,parsed,https://portal.bousai.pref.kumamoto.jp/data/shelter/shelter.json
00001278,432156,天草市,浦和体育館,天草市有明町上津浦 551,32.48260188,130.3020692,110,110,kumamoto_portal_map,2026-07-31T09:37:38+09:00,4d527f9f3a3535c9189a9620,parsed,https://portal.bousai.pref.kumamoto.jp/data/shelter/shelter.json
00001298,432156,天草市,浦地区コミュニティセンター,天草市倉岳町浦 3089-1,32.43330268,130.3544161,142,142,kumamoto_portal_map,2026-07-31T09:37:38+09:00,18425f6e960320bf10e4b2fe,parsed,https://portal.bousai.pref.kumamoto.jp/data/shelter/shelter.json
00001322,432156,天草市,海潮寺付近高台,天草市新和町大多尾 2801,32.355509398645,130.20975900252,,0,kumamoto_portal_map,2026-07-31T09:37:38+09:00,f0f1e8b20df1feb045b50468,missing_zero,https://portal.bousai.pref.kumamoto.jp/data/shelter/shelter.json
00000442,432156,天草市,深海体育館,天草市深海町 4462-3,32.25363332,130.090471,119,119,kumamoto_portal_map,2026-07-31T09:37:38+09:00,ac468b87c05544b37559947f,parsed,https://portal.bousai.pref.kumamoto.jp/data/shelter/shelter.json
00001260,432156,天草市,深海地区コミュニティセンター,天草市深海町 1842-42,32.25460538,130.0947642,68,68,kumamoto_portal_map,2026-07-31T09:37:38+09:00,d90e3a873750a08bb897ee25,parsed,https://portal.bousai.pref.kumamoto.jp/data/shelter/shelter.json
00000487,432156,天草市,湯上公民館,天草市栖本町湯船原 441-1,32.42387441,130.2813849,20,20,kumamoto_portal_map,2026-07-31T09:37:38+09:00,4bd6f0fba43af59166f6b275,parsed,https://portal.bousai.pref.kumamoto.jp/data/shelter/shelter.json
00000426,432156,天草市,瀬戸保育園,天草市瀬戸町 52,32.44964526,130.2057212,100,100,kumamoto_portal_map,2026-07-31T09:37:38+09:00,718075d50e9463ca7619cf6f,parsed,https://portal.bousai.pref.kumamoto.jp/data/shelter/shelter.json
00001232,432156,天草市,瀬戸町区自治公民館,天草市瀬戸町28-1,32.450724,130.205369,30,30,kumamoto_portal_map,2026-07-31T09:37:38+09:00,089cd909f2441ff377ed497e,parsed,https://portal.bousai.pref.kumamoto.jp/data/shelter/shelter.json
00000431,432156,天草市,牛深中学校体育館,天草市牛深町 1211-25,32.20097217,130.0144401,222,222,kumamoto_portal_map,2026-07-31T09:37:38+09:00,39256cbe9440ff61dc3eb2d8,parsed,https://portal.bousai.pref.kumamoto.jp/data/shelter/shelter.json
00002240,432156,天草市,牛深地区コミュニティセンター,熊本県天草市牛深町122-2,32.195712,130.025668,21,21,kumamoto_portal_map,2026-07-31T09:37:38+09:00,9d556f431e960fd76f777655,parsed,https://portal.bousai.pref.kumamoto.jp/data/shelter/shelter.json
00000433,432156,天草市,牛深小学校体育館,天草市牛深町1985,32.19700119,130.0187357,189,189,kumamoto_portal_map,2026-07-31T09:37:38+09:00,d02438c2d844233ff613e205,parsed,https://portal.bousai.pref.kumamoto.jp/data/shelter/shelter.json
00001246,432156,天草市,牛深市民病院駐車場,天草市牛深町 3050,32.19442393,130.0177699,,0,kumamoto_portal_map,2026-07-31T09:37:38+09:00,2ea9a477f0fdca697e9cdea0,missing_zero,https://portal.bousai.pref.kumamoto.jp/data/shelter/shelter.json
00001252,432156,天草市,牛深東中学校体育館,天草市久玉町 2364,32.22490751,130.0355989,156,156,kumamoto_portal_map,2026-07-31T09:37:38+09:00,96e0554dc454e632e56ba9aa,parsed,https://portal.bousai.pref.kumamoto.jp/data/shelter/shelter.json
00000439,432156,天草市,牛深東小学校体育館,天草市久玉町 1963,32.22067827,130.0339889,81,81,kumamoto_portal_map,2026-07-31T09:37:38+09:00,a5542348221a01ba664f74a5,parsed,https://portal.bousai.pref.kumamoto.jp/data/shelter/shelter.json
00001248,432156,天草市,牛深総合センター,天草市牛深町 160,32.19579695,130.0252493,298,298,kumamoto_portal_map,2026-07-31T09:37:38+09:00,581242e9cd9d458d35a83bf4,parsed,https://portal.bousai.pref.kumamoto.jp/data/shelter/shelter.json
00000437,432156,天草市,牛深総合体育館,天草市久玉町 5716-16,32.21281949,130.0284623,840,840,kumamoto_portal_map,2026-07-31T09:37:38+09:00,3f2640c51b60c556aea80083,parsed,https://portal.bousai.pref.kumamoto.jp/data/shelter/shelter.json
00000459,432156,天草市,牧島地区コミュニティセンター,天草市御所浦町牧島 625-7,32.3474935,130.3279952,10,10,kumamoto_portal_map,2026-07-31T09:37:38+09:00,d01cea914fd6ed331621a1c9,parsed,https://portal.bousai.pref.kumamoto.jp/data/shelter/shelter.json
00001292,432156,天草市,牧島神社境内,天草市御所浦町牧島 275-1,32.347456917489,130.33501126879,,0,kumamoto_portal_map,2026-07-31T09:37:38+09:00,7d6c010ea4fc04b214d66a1a,missing_zero,https://portal.bousai.pref.kumamoto.jp/data/shelter/shelter.json
00000438,432156,天草市,生涯学習センター,天草市久玉町 5716-4,32.21365562,130.0284459,91,91,kumamoto_portal_map,2026-07-31T09:37:38+09:00,ce0a17dcde281b03eabc73b0,parsed,https://portal.bousai.pref.kumamoto.jp/data/shelter/shelter.json
00000521,432156,天草市,田代公民館,天草市五和町城河原二丁目 2083-4,32.48732704,130.123846,20,20,kumamoto_portal_map,2026-07-31T09:37:38+09:00,7facab8dfa6882685639b64a,parsed,https://portal.bousai.pref.kumamoto.jp/data/shelter/shelter.json
00000515,432156,天草市,田向公民館,天草市五和町二江 19-1,32.5366986,130.1407576,20,20,kumamoto_portal_map,2026-07-31T09:37:38+09:00,4c0b06fcabe938114eadaf2c,parsed,https://portal.bousai.pref.kumamoto.jp/data/shelter/shelter.json
00000435,432156,天草市,真浦区公民館,天草市牛深町 2837-2,32.19397698,130.0211282,13,13,kumamoto_portal_map,2026-07-31T09:37:38+09:00,4ac3d0e88940936f43f6919a,parsed,https://portal.bousai.pref.kumamoto.jp/data/shelter/shelter.json
00002292,432156,天草市,知ヶ崎集会所,天草市志柿町5304-86,32.4357171745329,130.210577845573,20,20,kumamoto_portal_map,2026-07-31T09:37:38+09:00,f54add703e5b26e8b98e7118,parsed,https://portal.bousai.pref.kumamoto.jp/data/shelter/shelter.json
00001335,432156,天草市,石本家等利用者駐車場,天草市五和町御領 6651,32.515582,130.188268,,0,kumamoto_portal_map,2026-07-31T09:37:38+09:00,89f61a6ac4d0cb735db7c198,missing_zero,https://portal.bousai.pref.kumamoto.jp/data/shelter/shelter.json
00001328,432156,天草市,碇石グラウンド,天草市新和町碇石 957-1,32.36173604,130.1508075,,0,kumamoto_portal_map,2026-07-31T09:37:38+09:00,41eec4c3b5d2ed36ea75ba00,missing_zero,https://portal.bousai.pref.kumamoto.jp/data/shelter/shelter.json
00001327,432156,天草市,碇石地区コミュニティセンター,天草市新和町碇石 959,32.36210572,130.1507212,57,57,kumamoto_portal_map,2026-07-31T09:37:38+09:00,dd4168888b921148139a2ae1,parsed,https://portal.bousai.pref.kumamoto.jp/data/shelter/shelter.json
00001275,432156,天草市,祇園山高台,天草市有明町赤崎 1810-1,32.516717760559,130.3198505049,,0,kumamoto_portal_map,2026-07-31T09:37:38+09:00,a233ae7e128f2c4354b75726,missing_zero,https://portal.bousai.pref.kumamoto.jp/data/shelter/shelter.json
00001288,432156,天草市,祇園社,天草市御所浦町御所浦 3873-1,32.337866997747,130.34063238889,,0,kumamoto_portal_map,2026-07-31T09:37:38+09:00,bb639458ad97213f55107178,missing_zero,https://portal.bousai.pref.kumamoto.jp/data/shelter/shelter.json
00001257,432156,天草市,福津生活改善センター,天草市魚貫町 3075-1,32.2578529,130.0105387,18,18,kumamoto_portal_map,2026-07-31T09:37:38+09:00,73742d345551fe67b5c9b7d1,parsed,https://portal.bousai.pref.kumamoto.jp/data/shelter/shelter.json
00000523,432156,天草市,福連木体育館,天草市天草町福連木 3505-1,32.41895019,130.0727341,112,112,kumamoto_portal_map,2026-07-31T09:37:38+09:00,30885c867599aa538b97578b,parsed,https://portal.bousai.pref.kumamoto.jp/data/shelter/shelter.json
00001345,432156,天草市,福連木地区コミュニティセンター,天草市天草町福連木 3645-2,32.42061449,130.0719446,45,45,kumamoto_portal_map,2026-07-31T09:37:38+09:00,6784f3566e27c765bdd09783,parsed,https://portal.bousai.pref.kumamoto.jp/data/shelter/shelter.json
00000493,432156,天草市,稚児﨑公民館,天草市栖本町古江 1115-1,32.40451117,130.2863454,20,20,kumamoto_portal_map,2026-07-31T09:37:38+09:00,37baef32c1583d893a41046a,parsed,https://portal.bousai.pref.kumamoto.jp/data/shelter/shelter.json
00001227,432156,天草市,稜南中学校体育館,天草市亀場町亀川 1425,32.43615692,130.1963457,690,690,kumamoto_portal_map,2026-07-31T09:37:38+09:00,d146712dd11d9947109f6ba0,parsed,https://portal.bousai.pref.kumamoto.jp/data/shelter/shelter.json
00001317,432156,天草市,立運動広場,天草市新和町小宮地 11209-1,32.320357,130.190096,,0,kumamoto_portal_map,2026-07-31T09:37:38+09:00,a63cfe5f7484b99760af4a0e,missing_zero,https://portal.bousai.pref.kumamoto.jp/data/shelter/shelter.json
00001244,432156,天草市,茂串体育館,天草市牛深町 599,32.21800765,130.0137819,255,255,kumamoto_portal_map,2026-07-31T09:37:38+09:00,159677d2b2072f1382c395f6,parsed,https://portal.bousai.pref.kumamoto.jp/data/shelter/shelter.json
00001243,432156,天草市,茂串区普門院付近高台,天草市牛深町 1522,32.21432717,130.0098012,,0,kumamoto_portal_map,2026-07-31T09:37:38+09:00,b8141944b338eec74630ef15,missing_zero,https://portal.bousai.pref.kumamoto.jp/data/shelter/shelter.json
00000448,432156,天草市,蛤里地区集会所,天草市有明町楠甫 5791-1,32.51404434,130.3839537,10,10,kumamoto_portal_map,2026-07-31T09:37:38+09:00,0a2e9fbf4fbf1b65f67bfe33,parsed,https://portal.bousai.pref.kumamoto.jp/data/shelter/shelter.json
00001266,432156,天草市,蛤里高台,天草市有明町楠甫 5404,32.50866234717,130.38244835051,,0,kumamoto_portal_map,2026-07-31T09:37:38+09:00,379f840ce3aa262a1de713cd,missing_zero,https://portal.bousai.pref.kumamoto.jp/data/shelter/shelter.json
00002199,432156,天草市,複合施設ここらす,天草市浄南町4-15,32.449802639656,130.19594928708,90,90,kumamoto_portal_map,2026-07-31T09:37:38+09:00,20f30f4d976c295dd5d11253,parsed,https://portal.bousai.pref.kumamoto.jp/data/shelter/shelter.json
00000488,432156,天草市,西真寺,天草市栖本町湯船原 458,32.42335436074,130.28085032168,50,50,kumamoto_portal_map,2026-07-31T09:37:38+09:00,6f895dbea94f6a7679ffe56e,parsed,https://portal.bousai.pref.kumamoto.jp/data/shelter/shelter.json
00000451,432156,天草市,赤崎体育館,天草市有明町赤崎 1764,32.51447538,130.3229744,110,110,kumamoto_portal_map,2026-07-31T09:37:38+09:00,852b29136b20fee4129593bb,parsed,https://portal.bousai.pref.kumamoto.jp/data/shelter/shelter.json
00001273,432156,天草市,赤崎地区コミュニティセンター,天草市有明町赤崎 1801-1,32.51738354,130.3203967,50,50,kumamoto_portal_map,2026-07-31T09:37:38+09:00,89c076ba7f2246614387a8db,parsed,https://portal.bousai.pref.kumamoto.jp/data/shelter/shelter.json
00000463,432156,天草市,越地自治公民館,天草市御所浦町御所浦 1956-2,32.346197,130.362133,15,15,kumamoto_portal_map,2026-07-31T09:37:38+09:00,567981b26c40c65b95b4950b,parsed,https://portal.bousai.pref.kumamoto.jp/data/shelter/shelter.json
00001363,432156,天草市,路木十五社宮,天草市河浦町路木 2777-1,32.281735,130.066969,200,200,kumamoto_portal_map,2026-07-31T09:37:38+09:00,b8fdc3d74afda4ecb6f3881f,parsed,https://portal.bousai.pref.kumamoto.jp/data/shelter/shelter.json
00001249,432156,天草市,通天公園,天草市牛深町 54-1,32.18743529,130.02244,,0,kumamoto_portal_map,2026-07-31T09:37:38+09:00,360d328741656e9b3e9ea95c,missing_zero,https://portal.bousai.pref.kumamoto.jp/data/shelter/shelter.json
00001338,432156,天草市,通詞島多目的集会所,天草市五和町二江 68-17,32.55090219,130.1225896,80,80,kumamoto_portal_map,2026-07-31T09:37:38+09:00,131f53651e27651a7bb7902a,parsed,https://portal.bousai.pref.kumamoto.jp/data/shelter/shelter.json
00000430,432156,天草市,金ヶ丘団地集会所,天草市佐伊津町 5910,32.49785333,130.1924828,20,20,kumamoto_portal_map,2026-07-31T09:37:38+09:00,87f27e2772cb889cab936a5c,parsed,https://portal.bousai.pref.kumamoto.jp/data/shelter/shelter.json
00000427,432156,天草市,金焼体育館,天草市下浦町 9475,32.398061549767,130.25233654242,260,260,kumamoto_portal_map,2026-07-31T09:37:38+09:00,b434124fd9423328dc96ef45,parsed,https://portal.bousai.pref.kumamoto.jp/data/shelter/shelter.json
00000505,432156,天草市,長野公民分館,天草市新和町大多尾3947-6,32.3685015,130.2143715,7,7,kumamoto_portal_map,2026-07-31T09:37:38+09:00,91f6869f5f6ff7e30c6e680f,parsed,https://portal.bousai.pref.kumamoto.jp/data/shelter/shelter.json
00000432,432156,天草市,須口地区健康管理増進施設,天草市牛深町 1081-91,32.20116665,130.0084653,68,68,kumamoto_portal_map,2026-07-31T09:37:38+09:00,ab8c85c69f66486a35c2e9c9,parsed,https://portal.bousai.pref.kumamoto.jp/data/shelter/shelter.json
00000449,432156,天草市,須子体育館,天草市有明町須子 1226-2,32.51084733,130.3402958,120,120,kumamoto_portal_map,2026-07-31T09:37:38+09:00,0b87cacc709ac95f5b3164a8,parsed,https://portal.bousai.pref.kumamoto.jp/data/shelter/shelter.json
00001270,432156,天草市,須子地区コミュニティセンター(大会議室),天草市有明町須子 2082-3,32.51404315,130.3419451,20,20,kumamoto_portal_map,2026-07-31T09:37:38+09:00,107bc8f457185ec3c8347415,parsed,https://portal.bousai.pref.kumamoto.jp/data/shelter/shelter.json
00001271,432156,天草市,須子桜公園広場,天草市有明町須子 1198,32.51061742,130.3406152,,0,kumamoto_portal_map,2026-07-31T09:37:38+09:00,8b1ac3c2bda9acdfa73f532c,missing_zero,https://portal.bousai.pref.kumamoto.jp/data/shelter/shelter.json
00001352,432156,天草市,高浜地区コミュニティセンター,天草市天草町高浜南 501-1,32.37838933,129.9975277,70,70,kumamoto_portal_map,2026-07-31T09:37:38+09:00,8deceb5625ccf4f7359a4d27,parsed,https://portal.bousai.pref.kumamoto.jp/data/shelter/shelter.json
00000502,432156,天草市,高見公民分館,天草市新和町大宮地 1346,32.38833952,130.1780826,7,7,kumamoto_portal_map,2026-07-31T09:37:38+09:00,4d863383a68faa5592b1bf44,parsed,https://portal.bousai.pref.kumamoto.jp/data/shelter/shelter.json
00000512,432156,天草市,鬼池体育館,天草市五和町鬼池 1184,32.54657671,130.1810308,100,100,kumamoto_portal_map,2026-07-31T09:37:38+09:00,5eab44589db3e6c05f2d0a74,parsed,https://portal.bousai.pref.kumamoto.jp/data/shelter/shelter.json
00001336,432156,天草市,鬼池地区コミュニティセンター,天草市五和町鬼池 1184,32.546805224145,130.1815047971,60,60,kumamoto_portal_map,2026-07-31T09:37:38+09:00,32afabb58ee3a26e0ebfa720,parsed,https://portal.bousai.pref.kumamoto.jp/data/shelter/shelter.json
00001262,432156,天草市,魚浦グラウンド,天草市二浦町亀浦 3443-1,32.25477338,130.0268634,,0,kumamoto_portal_map,2026-07-31T09:37:38+09:00,3eb3bcd7fb940a4409f3c475,missing_zero,https://portal.bousai.pref.kumamoto.jp/data/shelter/shelter.json
00000441,432156,天草市,魚貫地区コミュニティセンター,天草市魚貫町 2129,32.23957339,130.0109142,57,57,kumamoto_portal_map,2026-07-31T09:37:38+09:00,8c1905c64aedb825c10be7e6,parsed,https://portal.bousai.pref.kumamoto.jp/data/shelter/shelter.json
00001383,432164,合志市,すずかけ台コミセン,合志市豊岡2527-529,32.864837,130.76031,2455,2455,kumamoto_portal_map,2026-07-31T09:37:38+09:00,2785772ac0f7647e995b36b7,parsed,https://portal.bousai.pref.kumamoto.jp/data/shelter/shelter.json
00001382,432164,合志市,すずかけ台中央公園,合志市豊岡2527-504,32.865784,130.762598,1706,1706,kumamoto_portal_map,2026-07-31T09:37:38+09:00,7bd7234feb9d46fc1ae6f57e,parsed,https://portal.bousai.pref.kumamoto.jp/data/shelter/shelter.json
00001384,432164,合志市,すずかけ台北公園,合志市豊岡2000-770,32.876366,130.763495,598,598,kumamoto_portal_map,2026-07-31T09:37:38+09:00,48f87531ed0773b78cc7b2bc,parsed,https://portal.bousai.pref.kumamoto.jp/data/shelter/shelter.json
00001381,432164,合志市,すずかけ台南公園,合志市豊岡2527-73,32.865784,130.762598,494,494,kumamoto_portal_map,2026-07-31T09:37:38+09:00,5dfb58734d3783ce8645a1eb,parsed,https://portal.bousai.pref.kumamoto.jp/data/shelter/shelter.json
00001385,432164,合志市,すずかけ台西公園,合志市豊岡2000-927,32.876366,130.763495,477,477,kumamoto_portal_map,2026-07-31T09:37:38+09:00,a934bd11c761940feb28c856,parsed,https://portal.bousai.pref.kumamoto.jp/data/shelter/shelter.json
00001419,432164,合志市,みずき台グラウンド,合志市須屋2811-2,32.870653,130.750249,5123,5123,kumamoto_portal_map,2026-07-31T09:37:38+09:00,82f0678cae5cbf52a02a0d5e,parsed,https://portal.bousai.pref.kumamoto.jp/data/shelter/shelter.json
00001380,432164,合志市,わんぱく広場,合志市竹迫1749,32.893601,130.8,1469,1469,kumamoto_portal_map,2026-07-31T09:37:38+09:00,7748133a028d1426227dc70c,parsed,https://portal.bousai.pref.kumamoto.jp/data/shelter/shelter.json
00001398,432164,合志市,ユーパレス弁天,合志市野々島2441-1,32.892767,130.732077,1000,1000,kumamoto_portal_map,2026-07-31T09:37:38+09:00,16093dbd4bc8a8c1dca87ed5,parsed,https://portal.bousai.pref.kumamoto.jp/data/shelter/shelter.json
00001417,432164,合志市,中央運動公園グラウンド,合志市野々島5500,32.906711,130.738493,7500,7500,kumamoto_portal_map,2026-07-31T09:37:38+09:00,f144483f476dd07add202623,parsed,https://portal.bousai.pref.kumamoto.jp/data/shelter/shelter.json
00001420,432164,合志市,元気の森公園,合志市幾久富1913-1,32.866903,130.768461,16608,16608,kumamoto_portal_map,2026-07-31T09:37:38+09:00,61ca50f6ff72b5ca97503550,parsed,https://portal.bousai.pref.kumamoto.jp/data/shelter/shelter.json
00001408,432164,合志市,南ヶ丘小学校,合志市幾久富1909-101,32.862629,130.772203,6233,6233,kumamoto_portal_map,2026-07-31T09:37:38+09:00,10062acc91cda0377aec782e,parsed,https://portal.bousai.pref.kumamoto.jp/data/shelter/shelter.json
00001407,432164,合志市,合志中学校,合志市豊岡955,32.888793,130.788504,11745,11745,kumamoto_portal_map,2026-07-31T09:37:38+09:00,8379c8e49eb8ffb908ba0d18,parsed,https://portal.bousai.pref.kumamoto.jp/data/shelter/shelter.json
00001409,432164,合志市,合志南小学校,合志市豊岡2224-29,32.871817,130.7709,5669,5669,kumamoto_portal_map,2026-07-31T09:37:38+09:00,86abbf811bd51b771c897811,parsed,https://portal.bousai.pref.kumamoto.jp/data/shelter/shelter.json
00001406,432164,合志市,合志小学校,合志市上庄55,32.894073,130.791595,3914,3914,kumamoto_portal_map,2026-07-31T09:37:38+09:00,a1e0377c3895682872d26bdd,parsed,https://portal.bousai.pref.kumamoto.jp/data/shelter/shelter.json
00001399,432164,合志市,合志市栄グラウンド,合志市栄2295-138,32.902613,130.769624,8604,8604,kumamoto_portal_map,2026-07-31T09:37:38+09:00,f3448d6ff3b4c0628e22f9bd,parsed,https://portal.bousai.pref.kumamoto.jp/data/shelter/shelter.json
00001401,432164,合志市,合志市西合志体育館,合志市野々島4440,32.898447,130.743337,540,540,kumamoto_portal_map,2026-07-31T09:37:38+09:00,8ee0249a9b346f9ed9d48149,parsed,https://portal.bousai.pref.kumamoto.jp/data/shelter/shelter.json
00000539,432164,合志市,合志市防災拠点センター,合志市竹迫2140,32.886007,130.78974,380,380,kumamoto_portal_map,2026-07-31T09:37:38+09:00,817fad6e21381847dbd703d1,parsed,https://portal.bousai.pref.kumamoto.jp/data/shelter/shelter.json
00001418,432164,合志市,合生文化会館,合志市合生1261-1,32.920099,130.761975,2977,2977,kumamoto_portal_map,2026-07-31T09:37:38+09:00,b703e3bb833af3e19419376f,parsed,https://portal.bousai.pref.kumamoto.jp/data/shelter/shelter.json
00001397,432164,合志市,合生文化会館,合志市合生3616,32.913793,130.753797,248,248,kumamoto_portal_map,2026-07-31T09:37:38+09:00,c3539bd905f8b34e7d35e6c7,parsed,https://portal.bousai.pref.kumamoto.jp/data/shelter/shelter.json
00000540,432164,合志市,妙泉寺体育館,合志市須屋1957,32.859551,130.733078,200,200,kumamoto_portal_map,2026-07-31T09:37:38+09:00,5e4d8b7e362d406de181e34d,parsed,https://portal.bousai.pref.kumamoto.jp/data/shelter/shelter.json
00001400,432164,合志市,御代志市民センター,合志市御代志1661-16,32.890331,130.744623,1370,1370,kumamoto_portal_map,2026-07-31T09:37:38+09:00,782f7a8217f6e3e6dc51b8ec,parsed,https://portal.bousai.pref.kumamoto.jp/data/shelter/shelter.json
00001393,432164,合志市,杉並台中央公園,合志市幾久富1647-95,32.871517,130.783335,1308,1308,kumamoto_portal_map,2026-07-31T09:37:38+09:00,a40a10af057414b9f4168806,parsed,https://portal.bousai.pref.kumamoto.jp/data/shelter/shelter.json
00001377,432164,合志市,栄体育館,合志市栄1230-1,32.907985,130.774357,2169,2169,kumamoto_portal_map,2026-07-31T09:37:38+09:00,d85bf8736098eb872a59ed8b,parsed,https://portal.bousai.pref.kumamoto.jp/data/shelter/shelter.json
00001376,432164,合志市,栄市民センター「みどり館」,合志市栄2371,32.901322,130.77103,3832,3832,kumamoto_portal_map,2026-07-31T09:37:38+09:00,c252770ffec4e4c0a122fe88,parsed,https://portal.bousai.pref.kumamoto.jp/data/shelter/shelter.json
00002340,432164,合志市,楓の森小・中学校,熊本県合志市栄3793-5,32.87854640878669,130.75634516345167,252,252,kumamoto_portal_map,2026-07-31T09:37:38+09:00,ad81727e083108699a19d280,parsed,https://portal.bousai.pref.kumamoto.jp/data/shelter/shelter.json
00001392,432164,合志市,永江団地中央公園,合志市幾久富1758-38,32.868614,130.779491,1336,1336,kumamoto_portal_map,2026-07-31T09:37:38+09:00,425dd8fa86dde064a862c843,parsed,https://portal.bousai.pref.kumamoto.jp/data/shelter/shelter.json
00001391,432164,合志市,永江団地西公園,合志市幾久富1866-870,32.867834,130.775889,714,714,kumamoto_portal_map,2026-07-31T09:37:38+09:00,cd8907bc9c6429c9cfef8eb2,parsed,https://portal.bousai.pref.kumamoto.jp/data/shelter/shelter.json
00001394,432164,合志市,沖野台公園,合志市幾久富1866-1185,32.867834,130.775889,265,265,kumamoto_portal_map,2026-07-31T09:37:38+09:00,2f189d0eb027dea71597b713,parsed,https://portal.bousai.pref.kumamoto.jp/data/shelter/shelter.json
00001386,432164,合志市,泉ヶ丘中央公園,合志市豊岡2022-3,32.869008,130.764581,869,869,kumamoto_portal_map,2026-07-31T09:37:38+09:00,c72c69877dfe83bcaec32358,parsed,https://portal.bousai.pref.kumamoto.jp/data/shelter/shelter.json
00001375,432164,合志市,泉ヶ丘体育館・泉ヶ丘市民センター,合志市幾久富1947-7,32.869108,130.769153,2902,2902,kumamoto_portal_map,2026-07-31T09:37:38+09:00,dc3de1056b1970ad336559b2,parsed,https://portal.bousai.pref.kumamoto.jp/data/shelter/shelter.json
00001387,432164,合志市,泉ヶ丘北公園,合志市豊岡2023-3,32.869356,130.763712,592,592,kumamoto_portal_map,2026-07-31T09:37:38+09:00,7b4b15bec884dd85f64d566f,parsed,https://portal.bousai.pref.kumamoto.jp/data/shelter/shelter.json
00001390,432164,合志市,泉ヶ丘南公園,合志市豊岡2013-3,32.8685,130.7668,1400,1400,kumamoto_portal_map,2026-07-31T09:37:38+09:00,fbe7022388c7c4a82e0428ed,parsed,https://portal.bousai.pref.kumamoto.jp/data/shelter/shelter.json
00001389,432164,合志市,泉ヶ丘東公園,合志市豊岡2052-3,32.869997,130.768295,597,597,kumamoto_portal_map,2026-07-31T09:37:38+09:00,42faa6d8d56e5551285c98fb,parsed,https://portal.bousai.pref.kumamoto.jp/data/shelter/shelter.json
00001388,432164,合志市,泉ヶ丘東北公園,合志市豊岡2054-3,32.871553,130.767256,684,684,kumamoto_portal_map,2026-07-31T09:37:38+09:00,0c002b4ecdf2bda0ff3fb231,parsed,https://portal.bousai.pref.kumamoto.jp/data/shelter/shelter.json
00001373,432164,合志市,熊本県立ひのくに高等支援学校,合志市合生4360-7,32.895622,130.760475,3288,3288,kumamoto_portal_map,2026-07-31T09:37:38+09:00,19e3f6775802494d2b9191f0,parsed,https://portal.bousai.pref.kumamoto.jp/data/shelter/shelter.json
00001374,432164,合志市,熊本県立菊池支援学校,合志市合生4300,32.897847,130.760461,222,222,kumamoto_portal_map,2026-07-31T09:37:38+09:00,6b96078b469861cddb2a7613,parsed,https://portal.bousai.pref.kumamoto.jp/data/shelter/shelter.json
00001370,432164,合志市,熊本県立農業公園,合志市栄3802-4,32.891323,130.759808,18284,18284,kumamoto_portal_map,2026-07-31T09:37:38+09:00,fa4859f13b3d128aef53bcee,parsed,https://portal.bousai.pref.kumamoto.jp/data/shelter/shelter.json
00001371,432164,合志市,熊本県立農業大学校,合志市栄3805,32.8924,130.762766,5445,5445,kumamoto_portal_map,2026-07-31T09:37:38+09:00,8308dadaf2d3796bc8f327b9,parsed,https://portal.bousai.pref.kumamoto.jp/data/shelter/shelter.json
00001372,432164,合志市,熊本県立黒石原支援学校,合志市須屋2659,32.879452,130.751248,463,463,kumamoto_portal_map,2026-07-31T09:37:38+09:00,2631435f7aacb57af0491c4d,parsed,https://portal.bousai.pref.kumamoto.jp/data/shelter/shelter.json
00001369,432164,合志市,独立行政法人国立高等専門学校機構熊本高等専門学校(熊本キャンパス),合志市須屋2659-2,32.87668,130.748018,17800,17800,kumamoto_portal_map,2026-07-31T09:37:38+09:00,b55f6c8a12177f3e0780af79,parsed,https://portal.bousai.pref.kumamoto.jp/data/shelter/shelter.json
00001378,432164,合志市,福原グラウンド,合志市福原1027,32.891037,130.834853,8296,8296,kumamoto_portal_map,2026-07-31T09:37:38+09:00,ff5c356afc908dce9046b373,parsed,https://portal.bousai.pref.kumamoto.jp/data/shelter/shelter.json
00001405,432164,合志市,総合センター「ヴィーブル」,合志市福原2922,32.886007,130.791134,12329,12329,kumamoto_portal_map,2026-07-31T09:37:38+09:00,073627baf7de66fee8097234,parsed,https://portal.bousai.pref.kumamoto.jp/data/shelter/shelter.json
00001396,432164,合志市,老人憩いの家,合志市須屋2267-3,32.873855,130.734019,505,505,kumamoto_portal_map,2026-07-31T09:37:38+09:00,1fbe98821a82352f896fc4e5,parsed,https://portal.bousai.pref.kumamoto.jp/data/shelter/shelter.json
00001411,432164,合志市,西合志中央小学校,合志市野々島4832,32.907999,130.743054,4556,4556,kumamoto_portal_map,2026-07-31T09:37:38+09:00,dee337359807f7a2c0917c0c,parsed,https://portal.bousai.pref.kumamoto.jp/data/shelter/shelter.json
00001412,432164,合志市,西合志中学校,合志市野々島4393-1,32.898517,130.744037,9556,9556,kumamoto_portal_map,2026-07-31T09:37:38+09:00,b25afabc5f87b467abf36c9e,parsed,https://portal.bousai.pref.kumamoto.jp/data/shelter/shelter.json
00001415,432164,合志市,西合志南中学校,合志市須屋2956,32.865822,130.741819,13093,13093,kumamoto_portal_map,2026-07-31T09:37:38+09:00,a01e2ac3624f7bafab77920c,parsed,https://portal.bousai.pref.kumamoto.jp/data/shelter/shelter.json
00001414,432164,合志市,西合志南小学校,合志市須屋1873,32.862256,130.735514,6385,6385,kumamoto_portal_map,2026-07-31T09:37:38+09:00,6ad0eaac9899f42372e274ca,parsed,https://portal.bousai.pref.kumamoto.jp/data/shelter/shelter.json
00001413,432164,合志市,西合志東小学校,合志市須屋2948,32.865742,130.740147,5319,5319,kumamoto_portal_map,2026-07-31T09:37:38+09:00,ef498bdb015fb8c7d8b683b2,parsed,https://portal.bousai.pref.kumamoto.jp/data/shelter/shelter.json
00001410,432164,合志市,西合志第一小学校,合志市合生2197,32.914443,130.757225,3804,3804,kumamoto_portal_map,2026-07-31T09:37:38+09:00,abd0100ecdba98e8adb4bf27,parsed,https://portal.bousai.pref.kumamoto.jp/data/shelter/shelter.json
00001403,432164,合志市,野々島防災拠点センター,合志市野々島4855,32.906752,130.738585,485,485,kumamoto_portal_map,2026-07-31T09:37:38+09:00,49e86f868de1d0d81b1dbb2c,parsed,https://portal.bousai.pref.kumamoto.jp/data/shelter/shelter.json
00001379,432164,合志市,野付グラウンド,合志市福原2674,32.891037,130.834853,2431,2431,kumamoto_portal_map,2026-07-31T09:37:38+09:00,68e43d1776ad1af83cf599c9,parsed,https://portal.bousai.pref.kumamoto.jp/data/shelter/shelter.json
00001404,432164,合志市,須屋市民センター,合志市須屋1399,32.857287,130.739178,1716,1716,kumamoto_portal_map,2026-07-31T09:37:38+09:00,a3584980ab67b43a26924121,parsed,https://portal.bousai.pref.kumamoto.jp/data/shelter/shelter.json
00001395,432164,合志市,須屋浄化センター,合志市須屋607-2,32.852768,130.729351,2072,2072,kumamoto_portal_map,2026-07-31T09:37:38+09:00,3b3b8d5d854208bd58051bc0,parsed,https://portal.bousai.pref.kumamoto.jp/data/shelter/shelter.json
00002169,432164,合志市,黒石体育館,熊本県合志市須屋2776-1,32.871719100092456,130.74415655151824,137,137,kumamoto_portal_map,2026-07-31T09:37:38+09:00,a4378233c2d9a402185ca51b,parsed,https://portal.bousai.pref.kumamoto.jp/data/shelter/shelter.json
00002113,432164,合志市,黒石防災拠点センター,合志市須屋2811-2,32.86706676929905,130.74863433575956,449,449,kumamoto_portal_map,2026-07-31T09:37:38+09:00,c6d93501dbcde889b4541ac0,parsed,https://portal.bousai.pref.kumamoto.jp/data/shelter/shelter.json
00002353,433489,美里町,B&G海洋センターグラウンド,熊本県美里町畝野,32.63741961000005,130.9127911700001,,0,kumamoto_portal_map,2026-07-31T09:37:38+09:00,83234d23062df64c98c891ba,missing_zero,https://portal.bousai.pref.kumamoto.jp/data/shelter/shelter.json
00002355,433489,美里町,中央中学校グラウンド,熊本県美里町萱野,32.63441410000007,130.80595534000008,,0,kumamoto_portal_map,2026-07-31T09:37:38+09:00,f3dca9316cd2609354a23825,missing_zero,https://portal.bousai.pref.kumamoto.jp/data/shelter/shelter.json
00001425,433489,美里町,中央小学校,美里町馬場537-1,32.645671,130.792128,100,100,kumamoto_portal_map,2026-07-31T09:37:38+09:00,6e671277b758cdbaa8bb4eb7,parsed,https://portal.bousai.pref.kumamoto.jp/data/shelter/shelter.json
00002354,433489,美里町,中央小学校グラウンド,熊本県美里町堅志田,32.64752851000003,130.78882641000007,,0,kumamoto_portal_map,2026-07-31T09:37:38+09:00,782d9d64f094fee7e6dfd80f,missing_zero,https://portal.bousai.pref.kumamoto.jp/data/shelter/shelter.json
00001430,433489,美里町,励徳小学校,美里町畝野1944,32.639658,130.918882,100,100,kumamoto_portal_map,2026-07-31T09:37:38+09:00,96a858f2dad10b067c4de240,parsed,https://portal.bousai.pref.kumamoto.jp/data/shelter/shelter.json
00002352,433489,美里町,励徳小学校グラウンド,熊本県美里町畝野,32.63741961000005,130.9127911700001,,0,kumamoto_portal_map,2026-07-31T09:37:38+09:00,242160955097e1b0cd7f725d,missing_zero,https://portal.bousai.pref.kumamoto.jp/data/shelter/shelter.json
00001429,433489,美里町,砥用中学校,美里町原町330,32.620245,130.867565,200,200,kumamoto_portal_map,2026-07-31T09:37:38+09:00,69a1400729148f2ec7eaa099,parsed,https://portal.bousai.pref.kumamoto.jp/data/shelter/shelter.json
00002350,433489,美里町,砥用中学校グラウンド,熊本県美里町原町,32.61871253000004,130.86548772000003,,0,kumamoto_portal_map,2026-07-31T09:37:38+09:00,31637b5878fbb420e027d9ad,missing_zero,https://portal.bousai.pref.kumamoto.jp/data/shelter/shelter.json
00001428,433489,美里町,砥用小学校,美里町土喰330,32.619282,130.870171,100,100,kumamoto_portal_map,2026-07-31T09:37:38+09:00,c20dce474cdfaf288f8394d5,parsed,https://portal.bousai.pref.kumamoto.jp/data/shelter/shelter.json
00002351,433489,美里町,砥用小学校グラウンド,熊本県美里町土喰,32.61868242000003,130.8712015100001,,0,kumamoto_portal_map,2026-07-31T09:37:38+09:00,5c5ab30c24235bf79c5758cf,missing_zero,https://portal.bousai.pref.kumamoto.jp/data/shelter/shelter.json
00002348,433489,美里町,美里町カントリーパーク,熊本県美里町中郡,32.64284382000005,130.79954584000006,,0,kumamoto_portal_map,2026-07-31T09:37:38+09:00,847dbdae4998d3f9c0112572,missing_zero,https://portal.bousai.pref.kumamoto.jp/data/shelter/shelter.json
00001426,433489,美里町,美里町中央公民館,美里町馬場6,32.636514,130.795317,50,50,kumamoto_portal_map,2026-07-31T09:37:38+09:00,9ac46bf69eb6b42bfc179f28,parsed,https://portal.bousai.pref.kumamoto.jp/data/shelter/shelter.json
00001421,433489,美里町,美里町役場中央庁舎会議室,美里町馬場1100,32.639705,130.788801,100,100,kumamoto_portal_map,2026-07-31T09:37:38+09:00,03e46feb92dd6bb374076b38,parsed,https://portal.bousai.pref.kumamoto.jp/data/shelter/shelter.json
00002345,433489,美里町,美里町役場中央庁舎駐車場,熊本県美里町馬場,32.63949965000006,130.7945884300001,,0,kumamoto_portal_map,2026-07-31T09:37:38+09:00,240f1ca8d557afc07821c90c,missing_zero,https://portal.bousai.pref.kumamoto.jp/data/shelter/shelter.json
00001422,433489,美里町,美里町役場砥用庁舎会議棟,美里町三和420,32.621701,130.868762,100,100,kumamoto_portal_map,2026-07-31T09:37:38+09:00,af631b398988e0f174625b97,parsed,https://portal.bousai.pref.kumamoto.jp/data/shelter/shelter.json
00002346,433489,美里町,美里町役場砥用庁舎車中避難所,熊本県美里町三和,32.62375780000008,130.87208160000012,,0,kumamoto_portal_map,2026-07-31T09:37:38+09:00,d70895991a697fd679a3c528,missing_zero,https://portal.bousai.pref.kumamoto.jp/data/shelter/shelter.json
00002347,433489,美里町,美里町町営球技場,熊本県美里町堅志田,32.64752851000003,130.78882641000007,,0,kumamoto_portal_map,2026-07-31T09:37:38+09:00,3774879e085ad66582b42ed1,missing_zero,https://portal.bousai.pref.kumamoto.jp/data/shelter/shelter.json
00001431,433489,美里町,美里町砥用B&G海洋センター,美里町畝野3701-1,32.631253,130.903664,750,750,kumamoto_portal_map,2026-07-31T09:37:38+09:00,b2bcb01039bdcd75c294390f,parsed,https://portal.bousai.pref.kumamoto.jp/data/shelter/shelter.json
00001424,433489,美里町,美里町福祉保健センター湯の香苑,美里町佐俣338,32.622174,130.821077,100,100,kumamoto_portal_map,2026-07-31T09:37:38+09:00,73f7651b7e029be41a8ae088,parsed,https://portal.bousai.pref.kumamoto.jp/data/shelter/shelter.json
00001423,433489,美里町,美里町総合体育館,美里町萱野745,32.633125,130.808814,1000,1000,kumamoto_portal_map,2026-07-31T09:37:38+09:00,8788910a31b0633bf08a0446,parsed,https://portal.bousai.pref.kumamoto.jp/data/shelter/shelter.json
00002349,433489,美里町,美里町総合体育館車中避難避難所,熊本県美里町萱野,32.63441410000007,130.80595534000008,,0,kumamoto_portal_map,2026-07-31T09:37:38+09:00,6da432a25a473390ed237655,missing_zero,https://portal.bousai.pref.kumamoto.jp/data/shelter/shelter.json
00001427,433489,美里町,美里町老人福祉センター,美里町永富1510,32.616576,130.863385,150,150,kumamoto_portal_map,2026-07-31T09:37:38+09:00,bbbf1340e0b6b4f9cdc0b47e,parsed,https://portal.bousai.pref.kumamoto.jp/data/shelter/shelter.json
00000548,433641,玉東町,このはリハビリ倶楽部,玉東町山口8-13,32.916186,130.614958,1,1,kumamoto_portal_map,2026-07-31T09:37:38+09:00,65dc37c0a30de4802ededd71,parsed,https://portal.bousai.pref.kumamoto.jp/data/shelter/shelter.json
00000542,433641,玉東町,ふれあいの丘保健センター,玉東町木葉372,32.913653,130.621482,500,500,kumamoto_portal_map,2026-07-31T09:37:38+09:00,8a53586bf93ba220367865d1,parsed,https://portal.bousai.pref.kumamoto.jp/data/shelter/shelter.json
00000551,433641,玉東町,るぴなす,玉東町二俣72,32.913155,130.62941,1,1,kumamoto_portal_map,2026-07-31T09:37:38+09:00,bf147eca8aca8ab9a0be8cf3,parsed,https://portal.bousai.pref.kumamoto.jp/data/shelter/shelter.json
00000547,433641,玉東町,グル―プホーム はる,玉東町西安寺302-1,32.893172,130.634262,1,1,kumamoto_portal_map,2026-07-31T09:37:38+09:00,80d8bcc6d9ba2b7a236f95f2,parsed,https://portal.bousai.pref.kumamoto.jp/data/shelter/shelter.json
00000549,433641,玉東町,デイサービス いなさの郷,玉東町稲佐516-3,32.921849,130.611041,1,1,kumamoto_portal_map,2026-07-31T09:37:38+09:00,ae3b4c166706fa7a4753ef06,parsed,https://portal.bousai.pref.kumamoto.jp/data/shelter/shelter.json
00000550,433641,玉東町,介護ホームはぶの,玉東町木葉713-1,32.916202,130.628029,1,1,kumamoto_portal_map,2026-07-31T09:37:38+09:00,5e1050ebdaf97fa88da41331,parsed,https://portal.bousai.pref.kumamoto.jp/data/shelter/shelter.json
00001436,433641,玉東町,山北小学校体育館,玉東町上白木370-1,32.896241,130.631204,250,250,kumamoto_portal_map,2026-07-31T09:37:38+09:00,02b3a91acd823d6c3877b467,parsed,https://portal.bousai.pref.kumamoto.jp/data/shelter/shelter.json
00001433,433641,玉東町,木葉小学校体育館,玉東町木葉1113,32.916202,130.628029,200,200,kumamoto_portal_map,2026-07-31T09:37:38+09:00,27b1eb0a6ecb025f22ff6122,parsed,https://portal.bousai.pref.kumamoto.jp/data/shelter/shelter.json
00000546,433641,玉東町,特別養護老人ホーム葉山苑,玉東町木葉348,32.914261,130.620382,1,1,kumamoto_portal_map,2026-07-31T09:37:38+09:00,49c2570ec20480d933b68884,parsed,https://portal.bousai.pref.kumamoto.jp/data/shelter/shelter.json
00001435,433641,玉東町,玉東中学校体育館,玉東町白木51-1,32.91228,130.626374,400,400,kumamoto_portal_map,2026-07-31T09:37:38+09:00,43391cbfa09c78b545efd70a,parsed,https://portal.bousai.pref.kumamoto.jp/data/shelter/shelter.json
00000543,433641,玉東町,玉東町中央公民館,玉東町白木1-1,32.913672,130.626871,300,300,kumamoto_portal_map,2026-07-31T09:37:38+09:00,a0d57d339713205d0233935c,parsed,https://portal.bousai.pref.kumamoto.jp/data/shelter/shelter.json
00002316,433641,玉東町,玉東町役場,熊本県玉名郡玉東町木葉759,32.9190165423411,130.62799576233516,120,120,kumamoto_portal_map,2026-07-31T09:37:38+09:00,b2d7ebb2470184634ba8b74c,parsed,https://portal.bousai.pref.kumamoto.jp/data/shelter/shelter.json
00000545,433641,玉東町,玉東町武道館,玉東町二俣92-1,32.913208,130.628307,250,250,kumamoto_portal_map,2026-07-31T09:37:38+09:00,b81badea286b1ff5d2212e15,parsed,https://portal.bousai.pref.kumamoto.jp/data/shelter/shelter.json
00000544,433641,玉東町,玉東町民体育館,玉東町白木1-1,32.913672,130.626871,600,600,kumamoto_portal_map,2026-07-31T09:37:38+09:00,8d1d688bc6c25cb298aba704,parsed,https://portal.bousai.pref.kumamoto.jp/data/shelter/shelter.json
00001432,433641,玉東町,玉東町福祉センター,玉東町木葉759,32.918877,130.628212,200,200,kumamoto_portal_map,2026-07-31T09:37:38+09:00,3f5e922cfc243abe4436bf9f,parsed,https://portal.bousai.pref.kumamoto.jp/data/shelter/shelter.json
00001434,433641,玉東町,稲佐公民館,玉東町稲佐464,32.919424,130.609011,70,70,kumamoto_portal_map,2026-07-31T09:37:38+09:00,75852696e890d933f9e00535,parsed,https://portal.bousai.pref.kumamoto.jp/data/shelter/shelter.json
00001441,433675,南関町,B&G海洋センター,南関町大字関東934-2,33.06787,130.550014,725,725,kumamoto_portal_map,2026-07-31T09:37:38+09:00,6a53fc75233caa871b1e6bfa,parsed,https://portal.bousai.pref.kumamoto.jp/data/shelter/shelter.json
00001442,433675,南関町,ふれあい広場,南関町大字高久野585,33.026501,130.529886,190,190,kumamoto_portal_map,2026-07-31T09:37:38+09:00,21fd501d668edf6349aa2bcf,parsed,https://portal.bousai.pref.kumamoto.jp/data/shelter/shelter.json
00001450,433675,南関町,南町民センター,南関町大字下坂下160-3,33.013846,130.5659,41,41,kumamoto_portal_map,2026-07-31T09:37:38+09:00,e3af348ddb3bd5808713e791,parsed,https://portal.bousai.pref.kumamoto.jp/data/shelter/shelter.json
00001446,433675,南関町,南関中学校,南関町大字小原2121-1,33.042881,130.561333,1467,1467,kumamoto_portal_map,2026-07-31T09:37:38+09:00,ed6fa82a74562402f5ebcfca,parsed,https://portal.bousai.pref.kumamoto.jp/data/shelter/shelter.json
00001444,433675,南関町,南関町交流センター,南関町大字小原1408,33.046725,130.563189,539,539,kumamoto_portal_map,2026-07-31T09:37:38+09:00,f3158a52f3da359a72e0bf64,parsed,https://portal.bousai.pref.kumamoto.jp/data/shelter/shelter.json
00001438,433675,南関町,南関町交流拠点施設<ukara>,南関町大字関町1230,33.057684,130.539962,438,438,kumamoto_portal_map,2026-07-31T09:37:38+09:00,e8fc4b2c986890f839d391d6,parsed,https://portal.bousai.pref.kumamoto.jp/data/shelter/shelter.json
00001439,433675,南関町,南関町役場 和室,南関町大字関町64,33.059380230009054,130.5434191717282,16,16,kumamoto_portal_map,2026-07-31T09:37:38+09:00,34e31de8d26c570107b448c6,parsed,https://portal.bousai.pref.kumamoto.jp/data/shelter/shelter.json
00001437,433675,南関町,南関第一小学校,南関町大字関町188,33.063148,130.546686,427,427,kumamoto_portal_map,2026-07-31T09:37:38+09:00,5a1c6b635d6c7ee6fedf8e84,parsed,https://portal.bousai.pref.kumamoto.jp/data/shelter/shelter.json
00001447,433675,南関町,南関第三小学校,南関町大字相谷1800,33.042531,130.575904,346,346,kumamoto_portal_map,2026-07-31T09:37:38+09:00,04f8f8dd6c41e4ff47a7ead3,parsed,https://portal.bousai.pref.kumamoto.jp/data/shelter/shelter.json
00001443,433675,南関町,南関第二小学校,南関町大字高久野754,33.026465,130.531586,468,468,kumamoto_portal_map,2026-07-31T09:37:38+09:00,d3f2f91a1a6313b63b70d6b6,parsed,https://portal.bousai.pref.kumamoto.jp/data/shelter/shelter.json
00001449,433675,南関町,南関第四小学校,南関町大字上坂下3528,33.016409,130.559948,333,333,kumamoto_portal_map,2026-07-31T09:37:38+09:00,714cee4ecc541b83ca017139,parsed,https://portal.bousai.pref.kumamoto.jp/data/shelter/shelter.json
00001448,433675,南関町,南集会所,南関町大字上坂下77,33.015281,130.557734,44,44,kumamoto_portal_map,2026-07-31T09:37:38+09:00,bd3effc26e531754bb9410e8,parsed,https://portal.bousai.pref.kumamoto.jp/data/shelter/shelter.json
00001451,433675,南関町,四ツ原集会所,南関町大字四ツ原1116-1,33.01079,130.545282,55,55,kumamoto_portal_map,2026-07-31T09:37:38+09:00,b05ac338a3c9b27919e75a6f,parsed,https://portal.bousai.pref.kumamoto.jp/data/shelter/shelter.json
00001445,433675,南関町,農業就業改善センター,南関町大字小原1847,33.05088,130.559303,131,131,kumamoto_portal_map,2026-07-31T09:37:38+09:00,cb7f268b00ffd7b6f741e1db,parsed,https://portal.bousai.pref.kumamoto.jp/data/shelter/shelter.json
00002254,433683,長洲町,にじいろはうす,熊本県玉名郡長洲町宮野999,32.93292576583704,130.47937933843554,70,70,kumamoto_portal_map,2026-07-31T09:37:38+09:00,90dc25ee3c15f9e46b041888,parsed,https://portal.bousai.pref.kumamoto.jp/data/shelter/shelter.json
00001474,433683,長洲町,一先宮公園,長洲町大字永塩字宮西,32.933978,130.466345,4007,4007,kumamoto_portal_map,2026-07-31T09:37:38+09:00,7de23636f83d2594dc15cacd,parsed,https://portal.bousai.pref.kumamoto.jp/data/shelter/shelter.json
00001480,433683,長洲町,上沖洲児童公園,長洲町大字上沖洲字古屋敷,32.910052,130.473573,1405,1405,kumamoto_portal_map,2026-07-31T09:37:38+09:00,e7aab71479454909311c344e,parsed,https://portal.bousai.pref.kumamoto.jp/data/shelter/shelter.json
00001460,433683,長洲町,中央公園,長洲町大字長洲字上6,32.927695,130.454724,974,974,kumamoto_portal_map,2026-07-31T09:37:38+09:00,9f0d5b0e43c5da1e5fdce5e9,parsed,https://portal.bousai.pref.kumamoto.jp/data/shelter/shelter.json
00001461,433683,長洲町,中道児童公園,長洲町大字長洲字二の割,34.725021,135.422852,1655,1655,kumamoto_portal_map,2026-07-31T09:37:38+09:00,cc48af11cb38d20d31b56cd9,parsed,https://portal.bousai.pref.kumamoto.jp/data/shelter/shelter.json
00001467,433683,長洲町,六栄緑地広場,長洲町大字宮野字笹ケ浦,32.931361,130.477839,1247,1247,kumamoto_portal_map,2026-07-31T09:37:38+09:00,add7c96c9e6505c60080b2f2,parsed,https://portal.bousai.pref.kumamoto.jp/data/shelter/shelter.json
00001472,433683,長洲町,古城公園,長洲町大字折崎字古城,32.924107,130.481058,8105,8105,kumamoto_portal_map,2026-07-31T09:37:38+09:00,a770756c8f2909c669a405d8,parsed,https://portal.bousai.pref.kumamoto.jp/data/shelter/shelter.json
00001470,433683,長洲町,古城東児童公園,長洲町大字折崎字古城,32.924107,130.481058,1629,1629,kumamoto_portal_map,2026-07-31T09:37:38+09:00,cbeefdac12b72847d0f4567c,parsed,https://portal.bousai.pref.kumamoto.jp/data/shelter/shelter.json
00001471,433683,長洲町,古城西児童公園,長洲町大字折崎字古城,32.924107,130.481058,735,735,kumamoto_portal_map,2026-07-31T09:37:38+09:00,7f9bf6aba427ccccd2acb87c,parsed,https://portal.bousai.pref.kumamoto.jp/data/shelter/shelter.json
00001469,433683,長洲町,向野児童公園,長洲町大字宮野字尾崎,32.931361,130.477839,1241,1241,kumamoto_portal_map,2026-07-31T09:37:38+09:00,44284e515e2fa4abf93dd713,parsed,https://portal.bousai.pref.kumamoto.jp/data/shelter/shelter.json
00001468,433683,長洲町,宮崎児童公園,長洲町大字宮野字西屋敷,32.931361,130.477839,1127,1127,kumamoto_portal_map,2026-07-31T09:37:38+09:00,098dd78459c33a4e62f23f28,parsed,https://portal.bousai.pref.kumamoto.jp/data/shelter/shelter.json
00001459,433683,長洲町,旧長洲町立長洲中学校校庭,長洲町大字長洲805-1,32.940574,130.440886,7064,7064,kumamoto_portal_map,2026-07-31T09:37:38+09:00,74561f0d10610ec0cc2665ee,parsed,https://portal.bousai.pref.kumamoto.jp/data/shelter/shelter.json
00001463,433683,長洲町,梅田児童公園,長洲町大字梅田字辻居屋敷,32.937091,130.452702,1190,1190,kumamoto_portal_map,2026-07-31T09:37:38+09:00,faeefb9513feef0d6593ee7d,parsed,https://portal.bousai.pref.kumamoto.jp/data/shelter/shelter.json
00001481,433683,長洲町,清源寺児童公園,長洲町大字清源寺字前田,32.929131,130.46462,1015,1015,kumamoto_portal_map,2026-07-31T09:37:38+09:00,5c67520f324baf35237dfad7,parsed,https://portal.bousai.pref.kumamoto.jp/data/shelter/shelter.json
00001462,433683,長洲町,清里児童公園,長洲町大字高浜字建山,32.936577,130.457704,1250,1250,kumamoto_portal_map,2026-07-31T09:37:38+09:00,afb8fff23c43a524b00898a3,parsed,https://portal.bousai.pref.kumamoto.jp/data/shelter/shelter.json
00001473,433683,長洲町,笹ケ浦公園,長洲町大字宮野字笹ケ浦,32.931361,130.477839,1754,1754,kumamoto_portal_map,2026-07-31T09:37:38+09:00,768f872269204eac1bbf4275,parsed,https://portal.bousai.pref.kumamoto.jp/data/shelter/shelter.json
00001482,433683,長洲町,腹赤児童公園,長洲町大字腹赤字元徳,32.919415,130.478178,1531,1531,kumamoto_portal_map,2026-07-31T09:37:38+09:00,cbba65acd3cb1ff39219ccee,parsed,https://portal.bousai.pref.kumamoto.jp/data/shelter/shelter.json
00001475,433683,長洲町,長洲こどもの海保育園,長洲町大字腹赤125,32.920207,130.473375,430,430,kumamoto_portal_map,2026-07-31T09:37:38+09:00,92ec11e4d8217827070836b4,parsed,https://portal.bousai.pref.kumamoto.jp/data/shelter/shelter.json
00001455,433683,長洲町,長洲小学校校庭,長洲町大字長洲1776,32.931689,130.446386,3695,3695,kumamoto_portal_map,2026-07-31T09:37:38+09:00,2cb17cf820e417d61dd79d0d,parsed,https://portal.bousai.pref.kumamoto.jp/data/shelter/shelter.json
00001453,433683,長洲町,長洲町中央公民館,長洲町大字長洲2772-2,32.928823,130.452394,660,660,kumamoto_portal_map,2026-07-31T09:37:38+09:00,7b989e3b2489f96f053d226e,parsed,https://portal.bousai.pref.kumamoto.jp/data/shelter/shelter.json
00001458,433683,長洲町,長洲町民体育,熊本県玉名郡長洲町長洲810-1,32.94027273152831,130.44028329855792,318,318,kumamoto_portal_map,2026-07-31T09:37:38+09:00,9936ae3161015284fa8dcbd9,parsed,https://portal.bousai.pref.kumamoto.jp/data/shelter/shelter.json
00001452,433683,長洲町,長洲町町民研修センター,長洲町大字長洲1443,32.932578,130.443733,413,413,kumamoto_portal_map,2026-07-31T09:37:38+09:00,924cc3ec82e032115393f814,parsed,https://portal.bousai.pref.kumamoto.jp/data/shelter/shelter.json
00001465,433683,長洲町,長洲町立六栄小学校,長洲町大字宮野957-1,32.933206,130.476889,465,465,kumamoto_portal_map,2026-07-31T09:37:38+09:00,dacd40288236b700d1bb09f6,parsed,https://portal.bousai.pref.kumamoto.jp/data/shelter/shelter.json
00001466,433683,長洲町,長洲町立六栄小学校校庭,長洲町大字宮野957-1,32.933206,130.476889,4478,4478,kumamoto_portal_map,2026-07-31T09:37:38+09:00,1eff512a24eab2e951002291,parsed,https://portal.bousai.pref.kumamoto.jp/data/shelter/shelter.json
00001456,433683,長洲町,長洲町立清里小学校,長洲町大字高浜1250,32.939838,130.455982,389,389,kumamoto_portal_map,2026-07-31T09:37:38+09:00,8a69678927eda5bb1d92c708,parsed,https://portal.bousai.pref.kumamoto.jp/data/shelter/shelter.json
00001457,433683,長洲町,長洲町立清里小学校校庭,長洲町大字高浜1250,32.939838,130.455982,2169,2169,kumamoto_portal_map,2026-07-31T09:37:38+09:00,c51b505c6ff01e0462015231,parsed,https://portal.bousai.pref.kumamoto.jp/data/shelter/shelter.json
00001476,433683,長洲町,長洲町立腹赤小学校,長洲町大字腹赤125,32.920207,130.473375,467,467,kumamoto_portal_map,2026-07-31T09:37:38+09:00,985c0c045b8abf010363bd28,parsed,https://portal.bousai.pref.kumamoto.jp/data/shelter/shelter.json
00001477,433683,長洲町,長洲町立腹赤小学校校庭,長洲町大字腹赤125,32.920207,130.473375,3739,3739,kumamoto_portal_map,2026-07-31T09:37:38+09:00,883a82d339bb4860959331eb,parsed,https://portal.bousai.pref.kumamoto.jp/data/shelter/shelter.json
00001478,433683,長洲町,長洲町立長洲中学校,長洲町大字腹赤732,32.926548,130.4733,403,403,kumamoto_portal_map,2026-07-31T09:37:38+09:00,325e0703c5d896054dec81db,parsed,https://portal.bousai.pref.kumamoto.jp/data/shelter/shelter.json
00001479,433683,長洲町,長洲町立長洲中学校校庭,長洲町大字腹赤732,32.926548,130.4733,9044,9044,kumamoto_portal_map,2026-07-31T09:37:38+09:00,f3b5eb5930eac9ca824a0183,parsed,https://portal.bousai.pref.kumamoto.jp/data/shelter/shelter.json
00001454,433683,長洲町,長洲町立長洲小学校,長洲町大字長洲1776,32.931689,130.446386,500,500,kumamoto_portal_map,2026-07-31T09:37:38+09:00,8eee62743adedb640aea3aff,parsed,https://portal.bousai.pref.kumamoto.jp/data/shelter/shelter.json
00001500,433691,和水町,スカイドーム2000,和水町大田黒964,33.03585,130.614105,1500,1500,kumamoto_portal_map,2026-07-31T09:37:38+09:00,6e7001f469343f36752defd8,parsed,https://portal.bousai.pref.kumamoto.jp/data/shelter/shelter.json
00001504,433691,和水町,三加和小学校体育館,和水町板楠1001,33.060458,130.621448,300,300,kumamoto_portal_map,2026-07-31T09:37:38+09:00,b621d2d3f7c433dd75cf318d,parsed,https://portal.bousai.pref.kumamoto.jp/data/shelter/shelter.json
00002230,433691,和水町,三加和温泉ふるさと交流センター,熊本県和水町大田黒789,33.03941499387088,130.61872765960288,100,100,kumamoto_portal_map,2026-07-31T09:37:38+09:00,ce284877ac26c13512e289a7,parsed,https://portal.bousai.pref.kumamoto.jp/data/shelter/shelter.json
00000554,433691,和水町,介護老人保健施設 清風苑,和水町上板楠1697-1,33.070613,130.614759,,,kumamoto_portal_map,2026-07-31T09:37:38+09:00,dc5945713f136621d4fe9c95,missing,https://portal.bousai.pref.kumamoto.jp/data/shelter/shelter.json
00001501,433691,和水町,和水町三加和公民館,和水町板楠76,33.06515,130.621604,500,500,kumamoto_portal_map,2026-07-31T09:37:38+09:00,dd6866dc5249d36412957529,parsed,https://portal.bousai.pref.kumamoto.jp/data/shelter/shelter.json
00001485,433691,和水町,和水町中央公民館,和水町江田3883‐1,32.977105,130.605685,300,300,kumamoto_portal_map,2026-07-31T09:37:38+09:00,cd6e996bcf25626db65ddc67,parsed,https://portal.bousai.pref.kumamoto.jp/data/shelter/shelter.json
00001483,433691,和水町,和水町体育館,和水町前原437-1,32.987066,130.612687,850,850,kumamoto_portal_map,2026-07-31T09:37:38+09:00,98adea0cfa07f7c953a64bc4,parsed,https://portal.bousai.pref.kumamoto.jp/data/shelter/shelter.json
00001491,433691,和水町,和水町役場(本庁)職員駐車場,和水町江田,32.975756,130.605868,100,100,kumamoto_portal_map,2026-07-31T09:37:38+09:00,4d652f122b322b38e63f7e6b,parsed,https://portal.bousai.pref.kumamoto.jp/data/shelter/shelter.json
00001508,433691,和水町,和水町役場三加和総合支所裏 多目的広場,和水町板楠70,33.065633,130.622379,200,200,kumamoto_portal_map,2026-07-31T09:37:38+09:00,f09b363a5588da8af6fd744c,parsed,https://portal.bousai.pref.kumamoto.jp/data/shelter/shelter.json
00001503,433691,和水町,和水町福祉センター,和水町平野1276-3,33.035836,130.622616,100,100,kumamoto_portal_map,2026-07-31T09:37:38+09:00,ee96da4d0c619c7f7f0e0e08,parsed,https://portal.bousai.pref.kumamoto.jp/data/shelter/shelter.json
00001505,433691,和水町,旧緑小学校体育館,和水町板楠2982,33.071041,130.623467,500,500,kumamoto_portal_map,2026-07-31T09:37:38+09:00,dafbb2e040d03949cb21daa8,parsed,https://portal.bousai.pref.kumamoto.jp/data/shelter/shelter.json
00001507,433691,和水町,春富コミュニティドーム,和水町和仁781,33.079192,130.59118,120,120,kumamoto_portal_map,2026-07-31T09:37:38+09:00,20c5aca51132e3023cad7fc2,parsed,https://portal.bousai.pref.kumamoto.jp/data/shelter/shelter.json
00000553,433691,和水町,特別養護老人ホーム 和楽荘,和水町平野1300,33.037219,130.621643,,,kumamoto_portal_map,2026-07-31T09:37:38+09:00,60f372b63553dd56fe1669b3,missing,https://portal.bousai.pref.kumamoto.jp/data/shelter/shelter.json
00000555,433691,和水町,特定非営利法人 黎明 グループホーム夢路,和水町前原90-1,32.990768,130.605209,,,kumamoto_portal_map,2026-07-31T09:37:38+09:00,92b0f13a07299135a201f537,missing,https://portal.bousai.pref.kumamoto.jp/data/shelter/shelter.json
00002228,433691,和水町,菊水ロマン館,熊本県和水町江田455,32.97328458125524,130.60212306620087,30,30,kumamoto_portal_map,2026-07-31T09:37:38+09:00,8c74987140720be2f133162d,parsed,https://portal.bousai.pref.kumamoto.jp/data/shelter/shelter.json
00001486,433691,和水町,菊水中学校体育館,和水町江田4250,32.980061,130.60496,500,500,kumamoto_portal_map,2026-07-31T09:37:38+09:00,f82b8cc00f11e95df63d0707,parsed,https://portal.bousai.pref.kumamoto.jp/data/shelter/shelter.json
00001487,433691,和水町,菊水小学校体育館,和水町江田2891,32.975408,130.610512,450,450,kumamoto_portal_map,2026-07-31T09:37:38+09:00,df0cfbf0e18ecefb4d8697c7,parsed,https://portal.bousai.pref.kumamoto.jp/data/shelter/shelter.json
00002333,434035,大津町,つくしの里,熊本県大津町平川400,32.90729749373533,130.88227682203666,,0,kumamoto_portal_map,2026-07-31T09:37:38+09:00,2e94227f7414dc4c8c7cb48e,missing_zero,https://portal.bousai.pref.kumamoto.jp/data/shelter/shelter.json
00001533,434035,大津町,ふれあい広場,大津町大字外牧31-1,32.872703,130.945844,8363,8363,kumamoto_portal_map,2026-07-31T09:37:38+09:00,cfe75b8d173ba922c4c243b4,parsed,https://portal.bousai.pref.kumamoto.jp/data/shelter/shelter.json
00001518,434035,大津町,オークスプラザ,大津町大字大津1220-1,32.878279,130.868084,218,218,kumamoto_portal_map,2026-07-31T09:37:38+09:00,fb3e84d95fcded43353d5f63,parsed,https://portal.bousai.pref.kumamoto.jp/data/shelter/shelter.json
00000558,434035,大津町,介護老人保健施設 おおつかの郷,大津町大字陣内1165,32.862972,130.873184,,,kumamoto_portal_map,2026-07-31T09:37:38+09:00,22b4008025394110bc9d804d,missing,https://portal.bousai.pref.kumamoto.jp/data/shelter/shelter.json
00000560,434035,大津町,介護老人福祉施設つつじ山荘,大津町大字大津2061,32.882081,130.87615,,,kumamoto_portal_map,2026-07-31T09:37:38+09:00,f67abe9dfdc0f812ee50ad9e,missing,https://portal.bousai.pref.kumamoto.jp/data/shelter/shelter.json
00001538,434035,大津町,大津中央公園,大津町大字大津1156-3,32.876698,130.870792,9500,9500,kumamoto_portal_map,2026-07-31T09:37:38+09:00,78e2ff7415af4252913c6109,parsed,https://portal.bousai.pref.kumamoto.jp/data/shelter/shelter.json
00001536,434035,大津町,大津地区公民館分館,大津町大字室2042-35,32.879209,130.866448,2302,2302,kumamoto_portal_map,2026-07-31T09:37:38+09:00,2d43b48cbb389889efd26210,parsed,https://portal.bousai.pref.kumamoto.jp/data/shelter/shelter.json
00001540,434035,大津町,大津町まちづくり交流センター,大津町大字大津1189-2,32.879337,130.86934,290,290,kumamoto_portal_map,2026-07-31T09:37:38+09:00,399be645a5a646acb98832b7,parsed,https://portal.bousai.pref.kumamoto.jp/data/shelter/shelter.json
00001522,434035,大津町,大津町人権啓発福祉センター,大津町大字杉水932-3,32.898093,130.844033,2109,2109,kumamoto_portal_map,2026-07-31T09:37:38+09:00,836f7b998d28e7897ad64757,parsed,https://portal.bousai.pref.kumamoto.jp/data/shelter/shelter.json
00001515,434035,大津町,大津町山村広場,大津町大字吹田570,32.870631,130.907461,4022,4022,kumamoto_portal_map,2026-07-31T09:37:38+09:00,58a427a70a250d82998219fa,parsed,https://portal.bousai.pref.kumamoto.jp/data/shelter/shelter.json
00001516,434035,大津町,大津町生涯学習センター,大津町大字引水62,32.876021,130.875861,5796,5796,kumamoto_portal_map,2026-07-31T09:37:38+09:00,f5332b840927d6a5ed216e9f,parsed,https://portal.bousai.pref.kumamoto.jp/data/shelter/shelter.json
00001517,434035,大津町,大津町町民グランド,大津町大字大津2035,32.883992,130.875897,15000,15000,kumamoto_portal_map,2026-07-31T09:37:38+09:00,e49852d4a84c710be8a6102e,parsed,https://portal.bousai.pref.kumamoto.jp/data/shelter/shelter.json
00001521,434035,大津町,大津町矢護川コミュニティセンター,大津町大字矢護川476,32.917541,130.881473,3775,3775,kumamoto_portal_map,2026-07-31T09:37:38+09:00,fb14c08319a2ac65b67bf444,parsed,https://portal.bousai.pref.kumamoto.jp/data/shelter/shelter.json
00001531,434035,大津町,大津町立大津中学校,大津町大字大津1270,32.873693,130.869126,10754,10754,kumamoto_portal_map,2026-07-31T09:37:38+09:00,fa164ce34e8b44c8321f0c61,parsed,https://portal.bousai.pref.kumamoto.jp/data/shelter/shelter.json
00001532,434035,大津町,大津町立大津北中学校,大津町大字大津310,32.889477,130.868456,10361,10361,kumamoto_portal_map,2026-07-31T09:37:38+09:00,81c023b739e77e54e69cd1a7,parsed,https://portal.bousai.pref.kumamoto.jp/data/shelter/shelter.json
00001528,434035,大津町,大津町立大津北小学校,大津町大字平川2261,32.905737,130.882329,3926,3926,kumamoto_portal_map,2026-07-31T09:37:38+09:00,87155edc5b3f973510468fa0,parsed,https://portal.bousai.pref.kumamoto.jp/data/shelter/shelter.json
00001525,434035,大津町,大津町立大津南小学校,大津町大字陣内1582,32.859519,130.870623,5668,5668,kumamoto_portal_map,2026-07-31T09:37:38+09:00,9bfca95359d5457af0c967a0,parsed,https://portal.bousai.pref.kumamoto.jp/data/shelter/shelter.json
00001526,434035,大津町,大津町立大津小学校,大津町大字引水210,32.877024,130.879902,6274,6274,kumamoto_portal_map,2026-07-31T09:37:38+09:00,8bf6d5b0946d300896ffaf6c,parsed,https://portal.bousai.pref.kumamoto.jp/data/shelter/shelter.json
00001524,434035,大津町,大津町立大津東小学校,大津町大字大林44,32.866556,130.917069,3984,3984,kumamoto_portal_map,2026-07-31T09:37:38+09:00,4cadfb3519007e9355639ce2,parsed,https://portal.bousai.pref.kumamoto.jp/data/shelter/shelter.json
00001527,434035,大津町,大津町立室小学校,大津町大字室1825,32.879209,130.866448,6888,6888,kumamoto_portal_map,2026-07-31T09:37:38+09:00,689e35a625f6fe0bc7565514,parsed,https://portal.bousai.pref.kumamoto.jp/data/shelter/shelter.json
00001537,434035,大津町,大津町立美咲野小学校,大津町美咲野2-1733-1,32.885057,130.886199,6425,6425,kumamoto_portal_map,2026-07-31T09:37:38+09:00,9cb28d4b1e4ffa471f5c6eeb,parsed,https://portal.bousai.pref.kumamoto.jp/data/shelter/shelter.json
00001529,434035,大津町,大津町立護川小学校,大津町大字杉水3092,32.910025,130.850176,4495,4495,kumamoto_portal_map,2026-07-31T09:37:38+09:00,3b7c9fd1c854af1752bbb781,parsed,https://portal.bousai.pref.kumamoto.jp/data/shelter/shelter.json
00001535,434035,大津町,大津町老人福祉センター,大津町大字室151-1,32.87846989880381,130.86720943450928,604,604,kumamoto_portal_map,2026-07-31T09:37:38+09:00,b751076561a4a154fe8cb2f9,parsed,https://portal.bousai.pref.kumamoto.jp/data/shelter/shelter.json
00001530,434035,大津町,大津町菊阿体育館,大津町大字大林802-2,32.870189,130.912036,4917,4917,kumamoto_portal_map,2026-07-31T09:37:38+09:00,656bf70a990f74ce5b751359,parsed,https://portal.bousai.pref.kumamoto.jp/data/shelter/shelter.json
00001534,434035,大津町,大津町運動公園,大津町大字森1000,32.874794,130.896645,40711,40711,kumamoto_portal_map,2026-07-31T09:37:38+09:00,c07bbf1df138723e0d5ec2e6,parsed,https://portal.bousai.pref.kumamoto.jp/data/shelter/shelter.json
00001520,434035,大津町,大津町野外活動等研修センター,大津町大字真木136,32.913559,130.921081,2662,2662,kumamoto_portal_map,2026-07-31T09:37:38+09:00,adb07b693645b9810a535338,parsed,https://portal.bousai.pref.kumamoto.jp/data/shelter/shelter.json
00001539,434035,大津町,子育て健診センター,大津町大字大津1156-3,32.876698,130.870792,150,150,kumamoto_portal_map,2026-07-31T09:37:38+09:00,f960743fc24751d3ed233b07,parsed,https://portal.bousai.pref.kumamoto.jp/data/shelter/shelter.json
00000561,434035,大津町,小規模多機能型居宅介護おおづセンターホーム,大津町大字大津1187-1,32.879326,130.869981,,,kumamoto_portal_map,2026-07-31T09:37:38+09:00,5665c14a16876fdd254a2752,missing,https://portal.bousai.pref.kumamoto.jp/data/shelter/shelter.json
00001519,434035,大津町,昭和園,大津町大字室1249,32.879209,130.866448,21181,21181,kumamoto_portal_map,2026-07-31T09:37:38+09:00,dcd03d1ebdcb99f7ebbceb8a,parsed,https://portal.bousai.pref.kumamoto.jp/data/shelter/shelter.json
00002105,434035,大津町,瀬田地区避難所,熊本県大津町大字大林802-2,32.87001780344212,130.91216325759888,61,61,kumamoto_portal_map,2026-07-31T09:37:38+09:00,b8683c9cd0f1a9a5d2d85971,parsed,https://portal.bousai.pref.kumamoto.jp/data/shelter/shelter.json
00000563,434035,大津町,熊本県立大津支援学校,大津町大字室1381,32.885737,130.856953,,,kumamoto_portal_map,2026-07-31T09:37:38+09:00,ac82f581ef4008cf71e4df8a,missing,https://portal.bousai.pref.kumamoto.jp/data/shelter/shelter.json
00001541,434035,大津町,熊本県立大津高等学校,大津町大字大津1340,32.873232,130.872059,20520,20520,kumamoto_portal_map,2026-07-31T09:37:38+09:00,42b3708fc437b31faa11799c,parsed,https://portal.bousai.pref.kumamoto.jp/data/shelter/shelter.json
00001542,434035,大津町,熊本県立翔陽高等学校,大津町大字室1782,32.884576,130.861106,17673,17673,kumamoto_portal_map,2026-07-31T09:37:38+09:00,74df3024f1b0885c91ae7eff,parsed,https://portal.bousai.pref.kumamoto.jp/data/shelter/shelter.json
00000562,434035,大津町,若草児童学園,大津町大字大津214-1,32.886269,130.86597,,,kumamoto_portal_map,2026-07-31T09:37:38+09:00,a5c4457fbeae7d7072fe087c,missing,https://portal.bousai.pref.kumamoto.jp/data/shelter/shelter.json
00000557,434035,大津町,障がい者支援施設 つくしの里,大津町大字平川400,32.907481,130.882288,,,kumamoto_portal_map,2026-07-31T09:37:38+09:00,98c1618d7b4b5761bdee0aa1,missing,https://portal.bousai.pref.kumamoto.jp/data/shelter/shelter.json
00000556,434035,大津町,障がい者支援施設 三気の里,大津町大字森54-2,32.863717,130.889421,,,kumamoto_portal_map,2026-07-31T09:37:38+09:00,1319ce58008d35e8dce27c58,missing,https://portal.bousai.pref.kumamoto.jp/data/shelter/shelter.json
00000559,434035,大津町,養護老人ホーム 光進園,大津町大字室1707,32.879209,130.866448,,,kumamoto_portal_map,2026-07-31T09:37:38+09:00,e1666dcd6acbfa34e45de338,missing,https://portal.bousai.pref.kumamoto.jp/data/shelter/shelter.json
00001523,434035,大津町,高尾野公園,大津町大字高尾野272-28,32.895334,130.914274,11174,11174,kumamoto_portal_map,2026-07-31T09:37:38+09:00,5f9c40fd9e5729df49683b09,parsed,https://portal.bousai.pref.kumamoto.jp/data/shelter/shelter.json
00001564,434043,菊陽町,ふれあいの森公園,菊陽町原水4652-23,32.8771,130.82974,2600,2600,kumamoto_portal_map,2026-07-31T09:37:38+09:00,e51574ee3f84d3c0d56f7ae5,parsed,https://portal.bousai.pref.kumamoto.jp/data/shelter/shelter.json
00001552,434043,菊陽町,ふれあいの森研修センター,菊陽町大字原水4652-24,32.878905,130.832204,60,60,kumamoto_portal_map,2026-07-31T09:37:38+09:00,1f61ed34158344d467cf6465,parsed,https://portal.bousai.pref.kumamoto.jp/data/shelter/shelter.json
00000566,434043,菊陽町,ふれあい交流・福祉支援センター,菊陽町武蔵ヶ丘北1-6-34,32.860629,130.768309,50,50,kumamoto_portal_map,2026-07-31T09:37:38+09:00,68391959200dfbcc94b0cc4b,parsed,https://portal.bousai.pref.kumamoto.jp/data/shelter/shelter.json
00001554,434043,菊陽町,三里木町民センター,菊陽町大字津久礼2962-2,32.862634,130.794784,130,130,kumamoto_portal_map,2026-07-31T09:37:38+09:00,c10c179af5f67a7e9dfa4eb6,parsed,https://portal.bousai.pref.kumamoto.jp/data/shelter/shelter.json
00001549,434043,菊陽町,上津久礼公民館,菊陽町大字津久礼1157-2,32.857471,130.812889,130,130,kumamoto_portal_map,2026-07-31T09:37:38+09:00,8287cbc008da83f610a5595a,parsed,https://portal.bousai.pref.kumamoto.jp/data/shelter/shelter.json
00001550,434043,菊陽町,下津久礼公民館,菊陽町大字津久礼1786-2,32.85795,130.80382,70,70,kumamoto_portal_map,2026-07-31T09:37:38+09:00,bd76a9237d2cce1ddaa102f6,parsed,https://portal.bousai.pref.kumamoto.jp/data/shelter/shelter.json
00001558,434043,菊陽町,光の森町民センター,菊陽町光の森2-1-1,32.859582,130.778886,400,400,kumamoto_portal_map,2026-07-31T09:37:38+09:00,a30b22993cd324037483eade,parsed,https://portal.bousai.pref.kumamoto.jp/data/shelter/shelter.json
00001563,434043,菊陽町,光の森防災広場,菊陽町光の森3-2-2,32.861012,130.779452,7500,7500,kumamoto_portal_map,2026-07-31T09:37:38+09:00,0a2e425dba4ecf72412b0519,parsed,https://portal.bousai.pref.kumamoto.jp/data/shelter/shelter.json
00001544,434043,菊陽町,南部町民センター,菊陽町大字曲手498-3,32.850208,130.834409,140,140,kumamoto_portal_map,2026-07-31T09:37:38+09:00,e6952156269217b631bc30d1,parsed,https://portal.bousai.pref.kumamoto.jp/data/shelter/shelter.json
00000568,434043,菊陽町,図書館ホール,菊陽町大字原水1438-1,32.866956,130.808878,100,100,kumamoto_portal_map,2026-07-31T09:37:38+09:00,8f6517096db11ee2ebf7c8f2,parsed,https://portal.bousai.pref.kumamoto.jp/data/shelter/shelter.json
00001548,434043,菊陽町,東部町民センター,菊陽町大字久保田1309,32.856305,130.846875,110,110,kumamoto_portal_map,2026-07-31T09:37:38+09:00,c65cd828c07e196da69c5cfe,parsed,https://portal.bousai.pref.kumamoto.jp/data/shelter/shelter.json
00001557,434043,菊陽町,武蔵ヶ丘コミュニティセンター,菊陽町光の森1-3517-3,32.86024,130.775453,290,290,kumamoto_portal_map,2026-07-31T09:37:38+09:00,60ec69ed849609c631247ecf,parsed,https://portal.bousai.pref.kumamoto.jp/data/shelter/shelter.json
00001556,434043,菊陽町,武蔵ヶ丘中学校,菊陽町光の森1-3518,32.860207,130.776117,2770,2770,kumamoto_portal_map,2026-07-31T09:37:38+09:00,9e187c228ce420585858f8bb,parsed,https://portal.bousai.pref.kumamoto.jp/data/shelter/shelter.json
00001559,434043,菊陽町,武蔵ヶ丘北小学校,菊陽町武蔵ヶ丘北3-5-2,32.862126,130.765448,1380,1380,kumamoto_portal_map,2026-07-31T09:37:38+09:00,b769b876dd3ba83ea6dd6b99,parsed,https://portal.bousai.pref.kumamoto.jp/data/shelter/shelter.json
00001555,434043,菊陽町,武蔵ヶ丘小学校,菊陽町武蔵ヶ丘北1-2-1,32.857754,130.767829,1910,1910,kumamoto_portal_map,2026-07-31T09:37:38+09:00,f5f79bb88b66b517a72b1201,parsed,https://portal.bousai.pref.kumamoto.jp/data/shelter/shelter.json
00001561,434043,菊陽町,町民グラウンド,菊陽町大字久保田2786,32.862384,130.82684,4500,4500,kumamoto_portal_map,2026-07-31T09:37:38+09:00,5ecaab169259eead18c86d1e,parsed,https://portal.bousai.pref.kumamoto.jp/data/shelter/shelter.json
00001546,434043,菊陽町,町民体育館,菊陽町大字久保田2598,32.861229,130.828618,510,510,kumamoto_portal_map,2026-07-31T09:37:38+09:00,3a76ab23aecf7727e3b1b5ad,parsed,https://portal.bousai.pref.kumamoto.jp/data/shelter/shelter.json
00000564,434043,菊陽町,福祉センター,菊陽町大字久保田2623,32.860915,130.829079,40,40,kumamoto_portal_map,2026-07-31T09:37:38+09:00,18af5bfa32e638acd0eb5f12,parsed,https://portal.bousai.pref.kumamoto.jp/data/shelter/shelter.json
00000565,434043,菊陽町,福祉支援センター,菊陽町大字久保田2596,32.86069,130.828762,30,30,kumamoto_portal_map,2026-07-31T09:37:38+09:00,be0888a57efc129e348b2d23,parsed,https://portal.bousai.pref.kumamoto.jp/data/shelter/shelter.json
00000567,434043,菊陽町,総合交流ターミナル さんふれあ,菊陽町大字原水5359,32.8685,130.805578,105,105,kumamoto_portal_map,2026-07-31T09:37:38+09:00,ec85380fc5492689a5f35f74,parsed,https://portal.bousai.pref.kumamoto.jp/data/shelter/shelter.json
00001547,434043,菊陽町,菊陽中学校,菊陽町大字久保田2563,32.861351,130.827932,4300,4300,kumamoto_portal_map,2026-07-31T09:37:38+09:00,0bb4b8c329a5c5d287f49d54,parsed,https://portal.bousai.pref.kumamoto.jp/data/shelter/shelter.json
00001545,434043,菊陽町,菊陽中部小学校,菊陽町大字津久礼411,32.859429,130.825143,1960,1960,kumamoto_portal_map,2026-07-31T09:37:38+09:00,bf033acf273e6f2ada2f0aec,parsed,https://portal.bousai.pref.kumamoto.jp/data/shelter/shelter.json
00001551,434043,菊陽町,菊陽北小学校,菊陽町大字原水4652,32.8771,130.82974,1310,1310,kumamoto_portal_map,2026-07-31T09:37:38+09:00,c9ba50ffae7aa59d74fd47e4,parsed,https://portal.bousai.pref.kumamoto.jp/data/shelter/shelter.json
00001543,434043,菊陽町,菊陽南小学校,菊陽町大字曲手397,32.850566,130.835309,1350,1350,kumamoto_portal_map,2026-07-31T09:37:38+09:00,fd997fda151122b7337a4848,parsed,https://portal.bousai.pref.kumamoto.jp/data/shelter/shelter.json
00001562,434043,菊陽町,菊陽杉並木公園,菊陽町大字原水5326,32.867234,130.806033,8000,8000,kumamoto_portal_map,2026-07-31T09:37:38+09:00,ddc07ce3b83bc08283fc2782,parsed,https://portal.bousai.pref.kumamoto.jp/data/shelter/shelter.json
00000569,434043,菊陽町,菊陽杉並木公園 管理センター,菊陽町大字原水5326,32.867234,130.806033,100,100,kumamoto_portal_map,2026-07-31T09:37:38+09:00,89abf0a0655854d6835e9afd,parsed,https://portal.bousai.pref.kumamoto.jp/data/shelter/shelter.json
00002303,434043,菊陽町,菊陽町総合体育館,菊陽町原水5352番地3,32.86855797829283,130.8018922805786,850,850,kumamoto_portal_map,2026-07-31T09:37:38+09:00,ab016429b57ea1d82d3dc2e3,parsed,https://portal.bousai.pref.kumamoto.jp/data/shelter/shelter.json
00001553,434043,菊陽町,菊陽西小学校,菊陽町大字原水5666-40,32.865926,130.792895,3040,3040,kumamoto_portal_map,2026-07-31T09:37:38+09:00,e94bb536f39342959d801049,parsed,https://portal.bousai.pref.kumamoto.jp/data/shelter/shelter.json
00001560,434043,菊陽町,西部町民センター,菊陽町武蔵ヶ丘北3-5-1,32.862031,130.76649,90,90,kumamoto_portal_map,2026-07-31T09:37:38+09:00,a450ddd261ac1f2aa52a8b09,parsed,https://portal.bousai.pref.kumamoto.jp/data/shelter/shelter.json
00001565,434043,菊陽町,鼻ぐり井手公園,菊陽町曲手201-1,32.852705,130.837842,2600,2600,kumamoto_portal_map,2026-07-31T09:37:38+09:00,6daa438a5618ce431be03bbf,parsed,https://portal.bousai.pref.kumamoto.jp/data/shelter/shelter.json
00000573,434230,南小国町,べっちん館,南小国町大字満願寺6595-3,33.077815,131.141741,100,100,kumamoto_portal_map,2026-07-31T09:37:38+09:00,feae6296837ce92f1e7808b4,parsed,https://portal.bousai.pref.kumamoto.jp/data/shelter/shelter.json
00001570,434230,南小国町,りんどうヶ丘小学校,南小国町大字満願寺7045,33.077112,131.129236,500,500,kumamoto_portal_map,2026-07-31T09:37:38+09:00,359bd307b60950b3bc52f2ab,parsed,https://portal.bousai.pref.kumamoto.jp/data/shelter/shelter.json
00000570,434230,南小国町,りんどう荘,南小国町大字赤馬場3388-1,33.092674,131.068168,40,40,kumamoto_portal_map,2026-07-31T09:37:38+09:00,7d8efbc3176338d528126ea4,parsed,https://portal.bousai.pref.kumamoto.jp/data/shelter/shelter.json
00001569,434230,南小国町,中原小学校,南小国町大字中原2469,33.083008,131.049956,197,197,kumamoto_portal_map,2026-07-31T09:37:38+09:00,76de346dc42122ef51f7d6d1,parsed,https://portal.bousai.pref.kumamoto.jp/data/shelter/shelter.json
00000571,434230,南小国町,元気プラザ中原,南小国町大字中原2489-3,33.081191,131.051034,188,188,kumamoto_portal_map,2026-07-31T09:37:38+09:00,04bf2526a910946983902263,parsed,https://portal.bousai.pref.kumamoto.jp/data/shelter/shelter.json
00001567,434230,南小国町,南小国中学校,南小国町大字赤馬場1833,33.095027,131.070062,762,762,kumamoto_portal_map,2026-07-31T09:37:38+09:00,02d22597bb1e6a5c3c05b1b8,parsed,https://portal.bousai.pref.kumamoto.jp/data/shelter/shelter.json
00001571,434230,南小国町,南小国町公民館星和分館,南小国町大字満願寺4400,33.077779,131.141135,185,185,kumamoto_portal_map,2026-07-31T09:37:38+09:00,d18df84463d2baa95216d7ef,parsed,https://portal.bousai.pref.kumamoto.jp/data/shelter/shelter.json
00000574,434230,南小国町,南小国町公民館波居原分館,南小国町大字満願寺8120,33.077779,131.141135,513,513,kumamoto_portal_map,2026-07-31T09:37:38+09:00,f1d791f51571ece968a6ca8f,parsed,https://portal.bousai.pref.kumamoto.jp/data/shelter/shelter.json
00002247,434230,南小国町,南小国町役場,熊本県南小国町143,33.09862957845531,131.07048514495196,200,200,kumamoto_portal_map,2026-07-31T09:37:38+09:00,9625e11359a31c78d2fc9828,parsed,https://portal.bousai.pref.kumamoto.jp/data/shelter/shelter.json
00001568,434230,南小国町,市原小学校,南小国町大字赤馬場1922,33.097438,131.069531,843,843,kumamoto_portal_map,2026-07-31T09:37:38+09:00,c99689f2fc756c6c7fa3be95,parsed,https://portal.bousai.pref.kumamoto.jp/data/shelter/shelter.json
00000572,434230,南小国町,湯夢プラザ,南小国町大字中原4172-1,33.063278,131.037222,50,50,kumamoto_portal_map,2026-07-31T09:37:38+09:00,bd7e0d1c2f89b2b1bb14fbf9,parsed,https://portal.bousai.pref.kumamoto.jp/data/shelter/shelter.json
00001566,434230,南小国町,自然休養村管理センター,南小国町大字赤馬場144-1,33.098663,131.071614,200,200,kumamoto_portal_map,2026-07-31T09:37:38+09:00,4351f2ed1ce4e4d1e81e8848,parsed,https://portal.bousai.pref.kumamoto.jp/data/shelter/shelter.json
00000576,434248,小国町,JA情報企画センター,小国町大字宮原2300,33.112151,131.062267,200,200,kumamoto_portal_map,2026-07-31T09:37:38+09:00,744d57432a1e480a51308fa6,parsed,https://portal.bousai.pref.kumamoto.jp/data/shelter/shelter.json
00001578,434248,小国町,JA情報企画センター,小国町大字宮原2300,33.112151,131.062267,200,200,kumamoto_portal_map,2026-07-31T09:37:38+09:00,744d57432a1e480a51308fa6,parsed,https://portal.bousai.pref.kumamoto.jp/data/shelter/shelter.json
00000580,434248,小国町,おぐに町民センター,小国町大字宮原1536番地1,33.123542,131.066407,114,114,kumamoto_portal_map,2026-07-31T09:37:38+09:00,102cf65d0c065688b60dc69b,parsed,https://portal.bousai.pref.kumamoto.jp/data/shelter/shelter.json
00000581,434248,小国町,おぐに老人保健施設,小国町大字宮原1742-1,33.121459,131.065161,20,20,kumamoto_portal_map,2026-07-31T09:37:38+09:00,a1389c946bedd71b0bdfd509,parsed,https://portal.bousai.pref.kumamoto.jp/data/shelter/shelter.json
00001584,434248,小国町,けやき広場,小国町大字宮原1754-14,33.121639,131.062991,300,300,kumamoto_portal_map,2026-07-31T09:37:38+09:00,f9bc93ef8474e825f26e4104,parsed,https://portal.bousai.pref.kumamoto.jp/data/shelter/shelter.json
00000577,434248,小国町,ゆけむり茶屋,小国町大字西里2816,33.155714,131.135633,50,50,kumamoto_portal_map,2026-07-31T09:37:38+09:00,634cf327387de076489f0b67,parsed,https://portal.bousai.pref.kumamoto.jp/data/shelter/shelter.json
00001589,434248,小国町,サポートセンター悠愛,小国町大字宮原2635-2,33.112365,131.059403,100,100,kumamoto_portal_map,2026-07-31T09:37:38+09:00,a597ba3bfe8c771eb9ef6cde,parsed,https://portal.bousai.pref.kumamoto.jp/data/shelter/shelter.json
00001626,434248,小国町,ホテル大自然,小国町大字下城4223,33.184362,131.032551,100,100,kumamoto_portal_map,2026-07-31T09:37:38+09:00,e1e99af19de4a0b7e85054d7,parsed,https://portal.bousai.pref.kumamoto.jp/data/shelter/shelter.json
00001582,434248,小国町,ライスセンター(旧家畜市場),小国町大字宮原1080-2,33.120245,131.069407,200,200,kumamoto_portal_map,2026-07-31T09:37:38+09:00,f59bc3bc03f2c3b06af15f92,parsed,https://portal.bousai.pref.kumamoto.jp/data/shelter/shelter.json
00001600,434248,小国町,七日市公民館,小国町大字北里字七日市,33.143386,131.104711,20,20,kumamoto_portal_map,2026-07-31T09:37:38+09:00,734ec3d04dca20812cc88358,parsed,https://portal.bousai.pref.kumamoto.jp/data/shelter/shelter.json
00001594,434248,小国町,上田多目的集会場,小国町大字上田289-1,33.109374,131.093436,50,50,kumamoto_portal_map,2026-07-31T09:37:38+09:00,6ba553debba60ccd1b84c568,parsed,https://portal.bousai.pref.kumamoto.jp/data/shelter/shelter.json
00001609,434248,小国町,中尾集会場,小国町大字西里2817,33.15573,131.136164,30,30,kumamoto_portal_map,2026-07-31T09:37:38+09:00,7c72696c0f23807874db1fe1,parsed,https://portal.bousai.pref.kumamoto.jp/data/shelter/shelter.json
00001579,434248,小国町,九州産交小国営業所駐車場,小国町大字宮原906-4,33.120245,131.069407,300,300,kumamoto_portal_map,2026-07-31T09:37:38+09:00,a3a6ba9dd358ab96f50f2987,parsed,https://portal.bousai.pref.kumamoto.jp/data/shelter/shelter.json
00001613,434248,小国町,倉本公民館,小国町大字西里字倉本,33.161332,131.07584,20,20,kumamoto_portal_map,2026-07-31T09:37:38+09:00,7db36a0c1d50a184c06650cc,parsed,https://portal.bousai.pref.kumamoto.jp/data/shelter/shelter.json
00001621,434248,小国町,児童公園,小国町大字下城字田原,33.175499,131.053316,30,30,kumamoto_portal_map,2026-07-31T09:37:38+09:00,296c582480402629b870f9f5,parsed,https://portal.bousai.pref.kumamoto.jp/data/shelter/shelter.json
00001576,434248,小国町,切原土場,小国町大字宮原字切原,33.138636,131.061801,50,50,kumamoto_portal_map,2026-07-31T09:37:38+09:00,ae6c8abd1cd9ed93dd7946e9,parsed,https://portal.bousai.pref.kumamoto.jp/data/shelter/shelter.json
00001615,434248,小国町,原山商店,小国町大字下城字坂下70-2,33.145127,131.060059,50,50,kumamoto_portal_map,2026-07-31T09:37:38+09:00,000eb3e52f7661f99e3f8e26,parsed,https://portal.bousai.pref.kumamoto.jp/data/shelter/shelter.json
00001575,434248,小国町,国道387緑地帯,小国町大字宮原字下広瀬,33.128328,131.066096,200,200,kumamoto_portal_map,2026-07-31T09:37:38+09:00,8e973900764813dcc81eeb71,parsed,https://portal.bousai.pref.kumamoto.jp/data/shelter/shelter.json
00001581,434248,小国町,土田公民館,小国町大字宮原1198,33.120245,131.069407,50,50,kumamoto_portal_map,2026-07-31T09:37:38+09:00,5c90541bf96e6f2bb74c10a3,parsed,https://portal.bousai.pref.kumamoto.jp/data/shelter/shelter.json
00001614,434248,小国町,坂下公民館,小国町大字下城字坂下,33.145127,131.060059,30,30,kumamoto_portal_map,2026-07-31T09:37:38+09:00,f04e9d6d77a7f01134278852,parsed,https://portal.bousai.pref.kumamoto.jp/data/shelter/shelter.json
00001624,434248,小国町,多目的広場消防会館,小国町大字下城字湯鶴,33.18334,131.032943,100,100,kumamoto_portal_map,2026-07-31T09:37:38+09:00,3a7a5831f1a443e9c67d8663,parsed,https://portal.bousai.pref.kumamoto.jp/data/shelter/shelter.json
00001587,434248,小国町,宮原7部集会場,小国町大字宮原2236,33.112943,131.06372,50,50,kumamoto_portal_map,2026-07-31T09:37:38+09:00,511c7a5d45bec10857620c73,parsed,https://portal.bousai.pref.kumamoto.jp/data/shelter/shelter.json
00000575,434248,小国町,小国ドーム,小国町大字宮原214-2,33.116193,131.074099,1500,1500,kumamoto_portal_map,2026-07-31T09:37:38+09:00,f4030ad9d58a181f57d33343,parsed,https://portal.bousai.pref.kumamoto.jp/data/shelter/shelter.json
00001583,434248,小国町,小国両神社御仮屋,小国町大字宮原1732,33.120306,131.066774,100,100,kumamoto_portal_map,2026-07-31T09:37:38+09:00,eec39738a150b6b5371d5fad,parsed,https://portal.bousai.pref.kumamoto.jp/data/shelter/shelter.json
00001573,434248,小国町,小国中学校,小国町大字宮原200-1,33.119071,131.074138,500,500,kumamoto_portal_map,2026-07-31T09:37:38+09:00,7ea7eeaa1ea6bef569d9e027,parsed,https://portal.bousai.pref.kumamoto.jp/data/shelter/shelter.json
00001577,434248,小国町,小国小学校,小国町大字宮原172-1,33.120245,131.069407,500,500,kumamoto_portal_map,2026-07-31T09:37:38+09:00,4dec7b67be7be21e06951b0d,parsed,https://portal.bousai.pref.kumamoto.jp/data/shelter/shelter.json
00001574,434248,小国町,小国町役場駐車場,小国町大字宮原1567-1,33.121581,131.068152,300,300,kumamoto_portal_map,2026-07-31T09:37:38+09:00,ae7e549cce1164479e735eef,parsed,https://portal.bousai.pref.kumamoto.jp/data/shelter/shelter.json
00000583,434248,小国町,小国町社会福祉協議会 サポートセンター悠愛,小国町大字宮原2617,33.11327,131.059745,20,20,kumamoto_portal_map,2026-07-31T09:37:38+09:00,94329b4a9377ae3713f5a6d4,parsed,https://portal.bousai.pref.kumamoto.jp/data/shelter/shelter.json
00000582,434248,小国町,小国町社会福祉協議会 悠ゆう館,小国町大字宮原1530-2,33.123637,131.065849,10,10,kumamoto_portal_map,2026-07-31T09:37:38+09:00,9668e26a5fed26c6655d5786,parsed,https://portal.bousai.pref.kumamoto.jp/data/shelter/shelter.json
00001580,434248,小国町,小国貨物前,小国町大字宮原1042-2,33.133931,131.064243,50,50,kumamoto_portal_map,2026-07-31T09:37:38+09:00,63b712c29beb188e6b661034,parsed,https://portal.bousai.pref.kumamoto.jp/data/shelter/shelter.json
00001585,434248,小国町,小国高等学校,小国町大字宮原1887-1,33.119292,131.061214,500,500,kumamoto_portal_map,2026-07-31T09:37:38+09:00,ed3b2f5d8339641fe6b157fa,parsed,https://portal.bousai.pref.kumamoto.jp/data/shelter/shelter.json
00001586,434248,小国町,小田一馬宅,小国町大字宮原1898-14,33.115362,131.060884,30,30,kumamoto_portal_map,2026-07-31T09:37:38+09:00,91023a37095893b1857bece0,parsed,https://portal.bousai.pref.kumamoto.jp/data/shelter/shelter.json
00001607,434248,小国町,尻江田公民館,小国町大字北里尻江田,33.139481,131.07165,30,30,kumamoto_portal_map,2026-07-31T09:37:38+09:00,e6503fa4cb63464371d654f5,parsed,https://portal.bousai.pref.kumamoto.jp/data/shelter/shelter.json
00001593,434248,小国町,岩下スクールバス停,小国町大字宮原3811,33.140844,131.052296,20,20,kumamoto_portal_map,2026-07-31T09:37:38+09:00,52374a470b69af8fa8cde4bd,parsed,https://portal.bousai.pref.kumamoto.jp/data/shelter/shelter.json
00001608,434248,小国町,岳之湯ゆけむりの館,小国町大字西里2816,33.155714,131.135633,50,50,kumamoto_portal_map,2026-07-31T09:37:38+09:00,010d1b5e5eb2b1cd4793e917,parsed,https://portal.bousai.pref.kumamoto.jp/data/shelter/shelter.json
00001618,434248,小国町,市井野駐車場,小国町大字下城字市井野,33.142696,131.049546,30,30,kumamoto_portal_map,2026-07-31T09:37:38+09:00,978bd7e099f6d21befe2bf4b,parsed,https://portal.bousai.pref.kumamoto.jp/data/shelter/shelter.json
00001617,434248,小国町,弓田集会場,小国町大字下城字弓田,33.155435,131.059378,30,30,kumamoto_portal_map,2026-07-31T09:37:38+09:00,46983fc3a9079b22f0aab967,parsed,https://portal.bousai.pref.kumamoto.jp/data/shelter/shelter.json
00001596,434248,小国町,旧万成小学校,小国町大字上田3469,33.120796,131.102363,300,300,kumamoto_portal_map,2026-07-31T09:37:38+09:00,6e3054f5058d5ad1bcbc68f4,parsed,https://portal.bousai.pref.kumamoto.jp/data/shelter/shelter.json
00001619,434248,小国町,旧下城小学校,小国町大字下城3516-1,33.18334,131.032943,300,300,kumamoto_portal_map,2026-07-31T09:37:38+09:00,8695c1e59ba9e8fc06e5f028,parsed,https://portal.bousai.pref.kumamoto.jp/data/shelter/shelter.json
00000578,434248,小国町,旧下城小学校,小国町大字下城3517-1,33.159931,131.044821,200,200,kumamoto_portal_map,2026-07-31T09:37:38+09:00,557aaf3b5e8ac0c404d3a44a,parsed,https://portal.bousai.pref.kumamoto.jp/data/shelter/shelter.json
00001601,434248,小国町,旧北里小学校体育館,小国町大字北里2473-1,33.142056,131.095923,300,300,kumamoto_portal_map,2026-07-31T09:37:38+09:00,d13592270c35b8403dcb7730,parsed,https://portal.bousai.pref.kumamoto.jp/data/shelter/shelter.json
00001628,434248,小国町,旧蓬莱小学校,小国町大字黒渕2545,33.128975,131.037429,300,300,kumamoto_portal_map,2026-07-31T09:37:38+09:00,66878b85bd902de781492633,parsed,https://portal.bousai.pref.kumamoto.jp/data/shelter/shelter.json
00001629,434248,小国町,旧蓬莱小学校体育館,小国町大字黒渕2499-1,33.126175,131.037646,300,300,kumamoto_portal_map,2026-07-31T09:37:38+09:00,46762832161593ce44b40673,parsed,https://portal.bousai.pref.kumamoto.jp/data/shelter/shelter.json
00001611,434248,小国町,旧西里小学校,小国町大字西里972,33.15573,131.136164,200,200,kumamoto_portal_map,2026-07-31T09:37:38+09:00,d3adc0842c72eaf8db333ef6,parsed,https://portal.bousai.pref.kumamoto.jp/data/shelter/shelter.json
00001572,434248,小国町,時松建具駐車場,小国町大字宮原字松原,33.122648,131.076918,30,30,kumamoto_portal_map,2026-07-31T09:37:38+09:00,420c54caeb6b5828c0de0e26,parsed,https://portal.bousai.pref.kumamoto.jp/data/shelter/shelter.json
00001602,434248,小国町,木魂館,小国町大字北里371-1,33.141089,131.090671,300,300,kumamoto_portal_map,2026-07-31T09:37:38+09:00,5b29acaa91b28ba00bee188e,parsed,https://portal.bousai.pref.kumamoto.jp/data/shelter/shelter.json
00001603,434248,小国町,木魂館グラウンド,小国町大字北里371-1,33.141089,131.090671,150,150,kumamoto_portal_map,2026-07-31T09:37:38+09:00,9a614b566ae2d9b94f13134f,parsed,https://portal.bousai.pref.kumamoto.jp/data/shelter/shelter.json
00001623,434248,小国町,杖立温泉会館,小国町大字下城4143-1,33.180651,131.037032,200,200,kumamoto_portal_map,2026-07-31T09:37:38+09:00,35502d78e661a7d00038addc,parsed,https://portal.bousai.pref.kumamoto.jp/data/shelter/shelter.json
00001625,434248,小国町,杖立薬師堂,小国町大字下城字杖立,33.182143,131.032529,50,50,kumamoto_portal_map,2026-07-31T09:37:38+09:00,49ad6cf4ecc8c8b6d8043761,parsed,https://portal.bousai.pref.kumamoto.jp/data/shelter/shelter.json
00001627,434248,小国町,杖立郵便局,小国町大字下城3399-1,33.182245,131.033982,50,50,kumamoto_portal_map,2026-07-31T09:37:38+09:00,7ac1d095ccca0d42ead6a185,parsed,https://portal.bousai.pref.kumamoto.jp/data/shelter/shelter.json
00002103,434248,小国町,杖立防災センター,熊本県小国町下城4151-1,33.18074415484977,131.03623151779175,300,300,kumamoto_portal_map,2026-07-31T09:37:38+09:00,c4398364d1ea08fae2c740ff,parsed,https://portal.bousai.pref.kumamoto.jp/data/shelter/shelter.json
00001591,434248,小国町,柏田住宅集会場,小国町大字宮原1520-1,33.124745,131.065394,50,50,kumamoto_portal_map,2026-07-31T09:37:38+09:00,1f71bbf40f0b7d25d6895f3d,parsed,https://portal.bousai.pref.kumamoto.jp/data/shelter/shelter.json
00001592,434248,小国町,桜ヶ丘集会場,小国町大字宮原613,33.121612,131.073621,30,30,kumamoto_portal_map,2026-07-31T09:37:38+09:00,80435909185f770f09f0bd17,parsed,https://portal.bousai.pref.kumamoto.jp/data/shelter/shelter.json
00001590,434248,小国町,森林組合土場,小国町大字宮原2865,33.125572,131.057361,300,300,kumamoto_portal_map,2026-07-31T09:37:38+09:00,8909046ad7acef48c24ed30c,parsed,https://portal.bousai.pref.kumamoto.jp/data/shelter/shelter.json
00001612,434248,小国町,構造改善センター,小国町大字西里字下明里,33.159396,131.086992,30,30,kumamoto_portal_map,2026-07-31T09:37:38+09:00,b53eef115f11bebcdac0c5e6,parsed,https://portal.bousai.pref.kumamoto.jp/data/shelter/shelter.json
00001598,434248,小国町,橋本繁男宅,小国町大字上田3618,33.109374,131.093436,20,20,kumamoto_portal_map,2026-07-31T09:37:38+09:00,ec97c52769ec20593c7d7c43,parsed,https://portal.bousai.pref.kumamoto.jp/data/shelter/shelter.json
00001595,434248,小国町,江古尾公民館,小国町大字上田字江古尾,33.108664,131.107085,20,20,kumamoto_portal_map,2026-07-31T09:37:38+09:00,ccfcf3c09511949e045a9f91,parsed,https://portal.bousai.pref.kumamoto.jp/data/shelter/shelter.json
00001604,434248,小国町,浄明寺,小国町大字北里字桑鶴653,33.140178,131.104317,20,20,kumamoto_portal_map,2026-07-31T09:37:38+09:00,1037642fe9718a8f88a762c1,parsed,https://portal.bousai.pref.kumamoto.jp/data/shelter/shelter.json
00001599,434248,小国町,渡辺敬治宅,小国町大字上田3995,33.109374,131.093436,20,20,kumamoto_portal_map,2026-07-31T09:37:38+09:00,67ea25b77cd3c5e7513428d2,parsed,https://portal.bousai.pref.kumamoto.jp/data/shelter/shelter.json
00001616,434248,小国町,田代石材店,小国町大字下城73,33.148277,131.054523,50,50,kumamoto_portal_map,2026-07-31T09:37:38+09:00,82dd90335cfc4b4d59f02923,parsed,https://portal.bousai.pref.kumamoto.jp/data/shelter/shelter.json
00001622,434248,小国町,田原公民館,小国町大字下城字田原,33.175499,131.053316,50,50,kumamoto_portal_map,2026-07-31T09:37:38+09:00,6c5b25d2494693e784e6d0f5,parsed,https://portal.bousai.pref.kumamoto.jp/data/shelter/shelter.json
00001620,434248,小国町,秋原公民館,小国町大字下城字秋原,33.170866,131.048217,30,30,kumamoto_portal_map,2026-07-31T09:37:38+09:00,808dfd1dc22fe22d55d82166,parsed,https://portal.bousai.pref.kumamoto.jp/data/shelter/shelter.json
00001605,434248,小国町,童子院公民館,小国町大字北里字童子院,33.133445,131.083922,20,20,kumamoto_portal_map,2026-07-31T09:37:38+09:00,2bdc6f21a35cfca2755a0528,parsed,https://portal.bousai.pref.kumamoto.jp/data/shelter/shelter.json
00000579,434248,小国町,蓬莱保育園,小国町大字黒渕2503,33.129063,131.037218,100,100,kumamoto_portal_map,2026-07-31T09:37:38+09:00,c11655077c63589fb4b80519,parsed,https://portal.bousai.pref.kumamoto.jp/data/shelter/shelter.json
00001630,434248,小国町,蓬莱団地公民館,小国町大字黒渕字奥山,33.12388,131.025067,50,50,kumamoto_portal_map,2026-07-31T09:37:38+09:00,025470ec35adeab152904954,parsed,https://portal.bousai.pref.kumamoto.jp/data/shelter/shelter.json
00001597,434248,小国町,蔵園公民館,小国町大字上田字蔵園,33.127171,131.084989,30,30,kumamoto_portal_map,2026-07-31T09:37:38+09:00,b1e64f06a5ee5af191702dd2,parsed,https://portal.bousai.pref.kumamoto.jp/data/shelter/shelter.json
00001606,434248,小国町,西村公民館,小国町大字北里西村,33.1402,131.076369,30,30,kumamoto_portal_map,2026-07-31T09:37:38+09:00,565f14f37d8a44a14ef88f8b,parsed,https://portal.bousai.pref.kumamoto.jp/data/shelter/shelter.json
00001610,434248,小国町,西里多目的集会所,小国町大字西里1838-3,33.15573,131.136164,50,50,kumamoto_portal_map,2026-07-31T09:37:38+09:00,8c08aca8b0ee76da0225884e,parsed,https://portal.bousai.pref.kumamoto.jp/data/shelter/shelter.json
00001588,434248,小国町,関田住宅集会場,小国町大字宮原2320,33.108824,131.063253,50,50,kumamoto_portal_map,2026-07-31T09:37:38+09:00,51d7d4bd984ceda287350bda,parsed,https://portal.bousai.pref.kumamoto.jp/data/shelter/shelter.json
00000590,434256,産山村,ほっと館(福祉避難所),産山村大字大利657番地16,32.985579,131.20077,30,30,kumamoto_portal_map,2026-07-31T09:37:38+09:00,5c3870b7026f31ce8a2d3472,parsed,https://portal.bousai.pref.kumamoto.jp/data/shelter/shelter.json
00001635,434256,産山村,南部地区公民館,産山村大字大利76-5,32.972475,131.243544,250,250,kumamoto_portal_map,2026-07-31T09:37:38+09:00,d312cce7c0e7286460fbefcb,parsed,https://portal.bousai.pref.kumamoto.jp/data/shelter/shelter.json
00000585,434256,産山村,山鹿体育館,産山村大字産山1240番地,33.014211,131.215275,280,280,kumamoto_portal_map,2026-07-31T09:37:38+09:00,899d1d1acf27b71de86ddc04,parsed,https://portal.bousai.pref.kumamoto.jp/data/shelter/shelter.json
00001634,434256,産山村,山鹿地区公民館,産山村大字山鹿556-1,32.995534,131.216773,165,165,kumamoto_portal_map,2026-07-31T09:37:38+09:00,2321ef1e0a6da69a6e3974c5,parsed,https://portal.bousai.pref.kumamoto.jp/data/shelter/shelter.json
00001631,434256,産山村,日向消防詰所,産山村大字産山1139-2,33.004083,131.226746,10,10,kumamoto_portal_map,2026-07-31T09:37:38+09:00,6ceadec84c1a87a5a59b4081,parsed,https://portal.bousai.pref.kumamoto.jp/data/shelter/shelter.json
00000589,434256,産山村,片俣公民館,産山村大字片俣460番地4,32.965951,131.249671,15,15,kumamoto_portal_map,2026-07-31T09:37:38+09:00,6852715dba6c4efc46983e01,parsed,https://portal.bousai.pref.kumamoto.jp/data/shelter/shelter.json
00000584,434256,産山村,産山地区公民館,産山村大字産山1355番地2,33.014211,131.215275,285,285,kumamoto_portal_map,2026-07-31T09:37:38+09:00,30f0cbdfc9120a6d65a0c44e,parsed,https://portal.bousai.pref.kumamoto.jp/data/shelter/shelter.json
00000588,434256,産山村,産山学園体育館,産山村大字山鹿474番地1,32.995139,131.217256,500,500,kumamoto_portal_map,2026-07-31T09:37:38+09:00,9ec0495391a60b9c492e5ebe,parsed,https://portal.bousai.pref.kumamoto.jp/data/shelter/shelter.json
00001632,434256,産山村,田尻地区公民館,産山村大字田尻614-1,33.031551,131.173021,155,155,kumamoto_portal_map,2026-07-31T09:37:38+09:00,d99e9602ebc9dc9dd192270c,parsed,https://portal.bousai.pref.kumamoto.jp/data/shelter/shelter.json
00000608,434281,高森町,尾下体育館,高森町大字尾下3920,32.869062,131.248575,100,100,kumamoto_portal_map,2026-07-31T09:37:38+09:00,ffe2343bae7f2c4fb477d069,parsed,https://portal.bousai.pref.kumamoto.jp/data/shelter/shelter.json
00001648,434281,高森町,旧尾下小学校グラウンド,高森町大字尾下3920,32.869062,131.248575,600,600,kumamoto_portal_map,2026-07-31T09:37:38+09:00,02cebafc19df4c6e50f9cae4,parsed,https://portal.bousai.pref.kumamoto.jp/data/shelter/shelter.json
00000597,434281,高森町,昭和地区公民館,高森町大字高森1539-3,32.820382,131.122519,70,70,kumamoto_portal_map,2026-07-31T09:37:38+09:00,8f836dc05736a20872ab1ac6,parsed,https://portal.bousai.pref.kumamoto.jp/data/shelter/shelter.json
00001649,434281,高森町,河原生涯学習センターグラウンド,高森町大字河原2113-1,32.889806,131.216009,1000,1000,kumamoto_portal_map,2026-07-31T09:37:38+09:00,df11b567416aa4ff954dfb66,parsed,https://portal.bousai.pref.kumamoto.jp/data/shelter/shelter.json
00000610,434281,高森町,河原生涯学習センター体育館,高森町大字河原2113-1,32.889806,131.216009,100,100,kumamoto_portal_map,2026-07-31T09:37:38+09:00,93785f685c8be1d07edb3181,parsed,https://portal.bousai.pref.kumamoto.jp/data/shelter/shelter.json
00000609,434281,高森町,河原総合センター,高森町大字河原1138-1,32.885978,131.247232,100,100,kumamoto_portal_map,2026-07-31T09:37:38+09:00,f18ad3318692701d95485d02,parsed,https://portal.bousai.pref.kumamoto.jp/data/shelter/shelter.json
00001636,434281,高森町,湧水トンネル駐車場,高森町大字高森731-1、733、735-1,32.816463,131.125797,1380,1380,kumamoto_portal_map,2026-07-31T09:37:38+09:00,02663124a8913803eedfbf30,parsed,https://portal.bousai.pref.kumamoto.jp/data/shelter/shelter.json
00000600,434281,高森町,色見保育園,高森町大字色見1135,32.843402,131.121624,50,50,kumamoto_portal_map,2026-07-31T09:37:38+09:00,7c96e6f70ca4dfadca022d3d,parsed,https://portal.bousai.pref.kumamoto.jp/data/shelter/shelter.json
00001641,434281,高森町,色見生涯学習センターグラウンド,高森町大字色見1136,32.850602,131.123907,860,860,kumamoto_portal_map,2026-07-31T09:37:38+09:00,a55794d1c70e8c5f0fe15516,parsed,https://portal.bousai.pref.kumamoto.jp/data/shelter/shelter.json
00000599,434281,高森町,色見生涯学習センター体育館,高森町大字色見1136,32.850602,131.123907,200,200,kumamoto_portal_map,2026-07-31T09:37:38+09:00,00cf8107abd3c2384a2e4100,parsed,https://portal.bousai.pref.kumamoto.jp/data/shelter/shelter.json
00000598,434281,高森町,色見総合センター,高森町大字色見1135,32.843402,131.121624,100,100,kumamoto_portal_map,2026-07-31T09:37:38+09:00,f44e6d6a4d06b56732b5592e,parsed,https://portal.bousai.pref.kumamoto.jp/data/shelter/shelter.json
00001644,434281,高森町,草部生涯学習センターグラウンド,高森町大字芹口1533,32.785068,131.214535,820,820,kumamoto_portal_map,2026-07-31T09:37:38+09:00,051725b35f5772aa6bd43d8e,parsed,https://portal.bousai.pref.kumamoto.jp/data/shelter/shelter.json
00000603,434281,高森町,草部生涯学習センター体育館,高森町大字芹口1533,32.785068,131.214535,100,100,kumamoto_portal_map,2026-07-31T09:37:38+09:00,e8242b46e1f1234c85b9f2a2,parsed,https://portal.bousai.pref.kumamoto.jp/data/shelter/shelter.json
00000602,434281,高森町,草部総合センター,高森町大字草部2286,32.781958,131.216115,100,100,kumamoto_portal_map,2026-07-31T09:37:38+09:00,c6eee41f3b751fac92e70bfc,parsed,https://portal.bousai.pref.kumamoto.jp/data/shelter/shelter.json
00001643,434281,高森町,草部総合センターグラウンド,高森町大字草部2286,32.781958,131.216115,120,120,kumamoto_portal_map,2026-07-31T09:37:38+09:00,bd801007f227f34a7b13b579,parsed,https://portal.bousai.pref.kumamoto.jp/data/shelter/shelter.json
00001640,434281,高森町,阿蘇森林組合高森支所貯木場,高森町大字高森2822、2232-3,35.41616,136.765681,480,480,kumamoto_portal_map,2026-07-31T09:37:38+09:00,0de63d39fa64c922e5cc664a,parsed,https://portal.bousai.pref.kumamoto.jp/data/shelter/shelter.json
00001637,434281,高森町,高森中央小学校グラウンド,高森町大字高森1100,32.813655,131.126038,1160,1160,kumamoto_portal_map,2026-07-31T09:37:38+09:00,2534c1e48526f7a494fb6ecf,parsed,https://portal.bousai.pref.kumamoto.jp/data/shelter/shelter.json
00000591,434281,高森町,高森中央小学校体育館,高森町大字高森1100,32.813655,131.126038,200,200,kumamoto_portal_map,2026-07-31T09:37:38+09:00,84da5fe4dadadcbc21c3dcc6,parsed,https://portal.bousai.pref.kumamoto.jp/data/shelter/shelter.json
00001638,434281,高森町,高森中学校グラウンド,高森町大字高森1955,32.822576,131.124638,1940,1940,kumamoto_portal_map,2026-07-31T09:37:38+09:00,0e9e2570a2aa506a88a79eab,parsed,https://portal.bousai.pref.kumamoto.jp/data/shelter/shelter.json
00000592,434281,高森町,高森中学校体育館,高森町大字高森1955,32.822576,131.124638,200,200,kumamoto_portal_map,2026-07-31T09:37:38+09:00,8a0461f1d3215d10a9c0a471,parsed,https://portal.bousai.pref.kumamoto.jp/data/shelter/shelter.json
00000606,434281,高森町,高森東学園義務教育学校(旧中学校)体育館,高森町大字野尻1912,32.824621,131.245718,100,100,kumamoto_portal_map,2026-07-31T09:37:38+09:00,182635946a01548116e1fe84,parsed,https://portal.bousai.pref.kumamoto.jp/data/shelter/shelter.json
00000607,434281,高森町,高森東学園義務教育学校(旧小学校)体育館,高森町大字野尻1897,32.824282,131.244926,100,100,kumamoto_portal_map,2026-07-31T09:37:38+09:00,75ba541ed71b50710f9da08d,parsed,https://portal.bousai.pref.kumamoto.jp/data/shelter/shelter.json
00001647,434281,高森町,高森東学園義務教育学校グラウンド,高森町大字野尻1897,32.824282,131.244926,960,960,kumamoto_portal_map,2026-07-31T09:37:38+09:00,5bb13a6aca1122c111e929f9,parsed,https://portal.bousai.pref.kumamoto.jp/data/shelter/shelter.json
00000605,434281,高森町,高森町朋遊館,高森町大字津留43-1,32.830591,131.261569,100,100,kumamoto_portal_map,2026-07-31T09:37:38+09:00,9ff78e8d430047e72e55a250,parsed,https://portal.bousai.pref.kumamoto.jp/data/shelter/shelter.json
00001646,434281,高森町,高森町朋遊館グラウンド,高森町大字津留43-1,32.830591,131.261569,200,200,kumamoto_portal_map,2026-07-31T09:37:38+09:00,5b27de5f8cd636ce78f3e422,parsed,https://portal.bousai.pref.kumamoto.jp/data/shelter/shelter.json
00001642,434281,高森町,高森町民グラウンド,高森町大字上色見2845,32.856847,131.157999,860,860,kumamoto_portal_map,2026-07-31T09:37:38+09:00,109e5bbeef6c4f2754df217f,parsed,https://portal.bousai.pref.kumamoto.jp/data/shelter/shelter.json
00000601,434281,高森町,高森町民体育館,高森町大字上色見2813,32.846453,131.14868,300,300,kumamoto_portal_map,2026-07-31T09:37:38+09:00,1001dcbb64d8fd9ecefe5356,parsed,https://portal.bousai.pref.kumamoto.jp/data/shelter/shelter.json
00000596,434281,高森町,高森町観光交流センター,高森町大字高森1614-3,32.818515,131.125966,100,100,kumamoto_portal_map,2026-07-31T09:37:38+09:00,0aac1403619207c3bae0f4eb,parsed,https://portal.bousai.pref.kumamoto.jp/data/shelter/shelter.json
00000594,434281,高森町,高森総合センター,高森町大字高森2168,32.827262,131.121905,100,100,kumamoto_portal_map,2026-07-31T09:37:38+09:00,eca9f1faba15f877dc540a98,parsed,https://portal.bousai.pref.kumamoto.jp/data/shelter/shelter.json
00000604,434281,高森町,高森自然学校,高森町大字矢津田223,32.823853,131.192629,100,100,kumamoto_portal_map,2026-07-31T09:37:38+09:00,d94f9f48ba62ab3bfb6c8b16,parsed,https://portal.bousai.pref.kumamoto.jp/data/shelter/shelter.json
00001645,434281,高森町,高森自然学校グラウンド,高森町大字矢津田223,32.823853,131.192629,260,260,kumamoto_portal_map,2026-07-31T09:37:38+09:00,989000eae369af6ce05ebe9d,parsed,https://portal.bousai.pref.kumamoto.jp/data/shelter/shelter.json
00000595,434281,高森町,高森芙蓉館,高森町大字高森1258-1,32.816069,131.126641,50,50,kumamoto_portal_map,2026-07-31T09:37:38+09:00,122c39b5475cd3b71994eb19,parsed,https://portal.bousai.pref.kumamoto.jp/data/shelter/shelter.json
00000593,434281,高森町,高森高校,高森町大字高森1557,32.821101,131.125474,70,70,kumamoto_portal_map,2026-07-31T09:37:38+09:00,c85ec695aecd2e7a0f2cc4c1,parsed,https://portal.bousai.pref.kumamoto.jp/data/shelter/shelter.json
00001639,434281,高森町,高森高校第2グラウンド,高森町大字高森2214,32.816463,131.125797,2142,2142,kumamoto_portal_map,2026-07-31T09:37:38+09:00,eebf5816fa296a498fb29a67,parsed,https://portal.bousai.pref.kumamoto.jp/data/shelter/shelter.json
00000614,434329,西原村,みどりの館,西原村布田897-1,32.829494,130.883587,50,50,kumamoto_portal_map,2026-07-31T09:37:38+09:00,011b232202f9ea6d7787fe82,parsed,https://portal.bousai.pref.kumamoto.jp/data/shelter/shelter.json
00000611,434329,西原村,山西小学校,西原村小森2767,32.841647,130.912367,700,700,kumamoto_portal_map,2026-07-31T09:37:38+09:00,131aa114a0ffc358fc80e8ab,parsed,https://portal.bousai.pref.kumamoto.jp/data/shelter/shelter.json
00000612,434329,西原村,河原小学校,西原村河原976,32.812665,130.888151,700,700,kumamoto_portal_map,2026-07-31T09:37:38+09:00,b228349d504a62682d093b6f,parsed,https://portal.bousai.pref.kumamoto.jp/data/shelter/shelter.json
00000613,434329,西原村,西原中学校,西原村小森3251,32.836075,130.902385,660,660,kumamoto_portal_map,2026-07-31T09:37:38+09:00,bdca1c42ffd1384183f9f26b,parsed,https://portal.bousai.pref.kumamoto.jp/data/shelter/shelter.json
00002253,434329,西原村,西原村総合体育館,西原村小森3161,32.836507862267354,130.90057611465454,770,770,kumamoto_portal_map,2026-07-31T09:37:38+09:00,60a54025c641afe9ebc173b2,parsed,https://portal.bousai.pref.kumamoto.jp/data/shelter/shelter.json
00001650,434329,西原村,西原村農業構造改善センター,西原村小森3204-1,32.837416,130.902279,600,600,kumamoto_portal_map,2026-07-31T09:37:38+09:00,0170128646074bbd3eeffdff,parsed,https://portal.bousai.pref.kumamoto.jp/data/shelter/shelter.json
00001651,434337,南阿蘇村,(旧)両併小学校体育館及び校舎,南阿蘇村両併995,32.81191,131.101596,100,100,kumamoto_portal_map,2026-07-31T09:37:38+09:00,e2ad977140a45465cfd9fee3,parsed,https://portal.bousai.pref.kumamoto.jp/data/shelter/shelter.json
00002262,434337,南阿蘇村,(旧)中松小学校体育館,熊本県南阿蘇村中松4212,32.83023348161155,131.0507583618164,,0,kumamoto_portal_map,2026-07-31T09:37:38+09:00,738d4351310980a9b613d00c,missing_zero,https://portal.bousai.pref.kumamoto.jp/data/shelter/shelter.json
00001671,434337,南阿蘇村,(旧)久木野庁舎,南阿蘇村河陰145-3,32.821923,131.031476,50,50,kumamoto_portal_map,2026-07-31T09:37:38+09:00,f1f2aa88c60c345f60c0832b,parsed,https://portal.bousai.pref.kumamoto.jp/data/shelter/shelter.json
00002310,434337,南阿蘇村,(旧)清陵高校,熊本県南阿蘇村久石1-101,,,,0,kumamoto_portal_map,2026-07-31T09:37:38+09:00,24cdfd27f43399b0d532d423,missing_zero,https://portal.bousai.pref.kumamoto.jp/data/shelter/shelter.json
00001659,434337,南阿蘇村,(旧)白水小学校体育館,南阿蘇村吉田1499,32.826451,131.081055,100,100,kumamoto_portal_map,2026-07-31T09:37:38+09:00,59e1e08c5ac66cfc26e1036d,parsed,https://portal.bousai.pref.kumamoto.jp/data/shelter/shelter.json
00002309,434337,南阿蘇村,(旧)白水小学校校舎,熊本県南阿蘇村吉田1499,32.82657228076205,131.0812258865131,,0,kumamoto_portal_map,2026-07-31T09:37:38+09:00,5b7e4a4690647e4c981abbc4,missing_zero,https://portal.bousai.pref.kumamoto.jp/data/shelter/shelter.json
00002308,434337,南阿蘇村,(旧)立野小学校体育館,熊本県南阿蘇村立野1596,32.877919442429175,130.96765419979005,,0,kumamoto_portal_map,2026-07-31T09:37:38+09:00,52edb5e029df222a20966a6c,missing_zero,https://portal.bousai.pref.kumamoto.jp/data/shelter/shelter.json
00001692,434337,南阿蘇村,(旧)立野小学校校舎,南阿蘇村大字立野1549-2,32.878461,130.968147,100,100,kumamoto_portal_map,2026-07-31T09:37:38+09:00,795b49ab6391984116283ffd,parsed,https://portal.bousai.pref.kumamoto.jp/data/shelter/shelter.json
00001690,434337,南阿蘇村,(旧)長陽西部小学校体育館,南阿蘇村河陽4964,32.885803,130.9941,100,100,kumamoto_portal_map,2026-07-31T09:37:38+09:00,edae202683ea61adac301aad,parsed,https://portal.bousai.pref.kumamoto.jp/data/shelter/shelter.json
00001673,434337,南阿蘇村,3区下組公民館,南阿蘇村河陰1355-2,32.821643,131.03171,50,50,kumamoto_portal_map,2026-07-31T09:37:38+09:00,ef256398c7c1058ea019b76d,parsed,https://portal.bousai.pref.kumamoto.jp/data/shelter/shelter.json
00002307,434337,南阿蘇村,スパーク白水,熊本県南阿蘇村吉田1300-2,32.825912792620215,131.07643571266738,,0,kumamoto_portal_map,2026-07-31T09:37:38+09:00,c80acc78e0808d98655a31f7,missing_zero,https://portal.bousai.pref.kumamoto.jp/data/shelter/shelter.json
00001662,434337,南阿蘇村,一関1区公民館,南阿蘇村一関607-3,32.826845,131.058552,50,50,kumamoto_portal_map,2026-07-31T09:37:38+09:00,e25896026ecc3316899d387b,parsed,https://portal.bousai.pref.kumamoto.jp/data/shelter/shelter.json
00001663,434337,南阿蘇村,一関2区公民館,南阿蘇村一関2279-1,32.826845,131.058552,50,50,kumamoto_portal_map,2026-07-31T09:37:38+09:00,978b4397d3219cc9c3e58a7d,parsed,https://portal.bousai.pref.kumamoto.jp/data/shelter/shelter.json
00001667,434337,南阿蘇村,上二子石公民館,南阿蘇村久石516-1,32.814013,131.077317,50,50,kumamoto_portal_map,2026-07-31T09:37:38+09:00,e9dfd40ba8ed0c64ed096132,parsed,https://portal.bousai.pref.kumamoto.jp/data/shelter/shelter.json
00001681,434337,南阿蘇村,下田集落センター,南阿蘇村河陽1951,32.846368,131.018571,50,50,kumamoto_portal_map,2026-07-31T09:37:38+09:00,e64de3a695cc8fd6c8fb6d15,parsed,https://portal.bousai.pref.kumamoto.jp/data/shelter/shelter.json
00001691,434337,南阿蘇村,下野公民館,南阿蘇村下野647-1,32.903026,130.993772,50,50,kumamoto_portal_map,2026-07-31T09:37:38+09:00,d38522aa83c2604c6e8ff73c,parsed,https://portal.bousai.pref.kumamoto.jp/data/shelter/shelter.json
00001654,434337,南阿蘇村,両併三区公民館,南阿蘇村両併866-1,32.808324,131.100024,50,50,kumamoto_portal_map,2026-07-31T09:37:38+09:00,7d38de809fdf4c99902072ea,parsed,https://portal.bousai.pref.kumamoto.jp/data/shelter/shelter.json
00001674,434337,南阿蘇村,中原集会所,南阿蘇村河陰1619,32.821643,131.03171,50,50,kumamoto_portal_map,2026-07-31T09:37:38+09:00,012b29e4f8385154aaf35d9c,parsed,https://portal.bousai.pref.kumamoto.jp/data/shelter/shelter.json
00001669,434337,南阿蘇村,中尾公民館,南阿蘇村久石2910-2,32.822334,131.040342,50,50,kumamoto_portal_map,2026-07-31T09:37:38+09:00,8250bb459975263ccab599bb,parsed,https://portal.bousai.pref.kumamoto.jp/data/shelter/shelter.json
00001664,434337,南阿蘇村,中松1区公民館,南阿蘇村中松268-3,32.828667,131.050655,50,50,kumamoto_portal_map,2026-07-31T09:37:38+09:00,294822fc091738557111d532,parsed,https://portal.bousai.pref.kumamoto.jp/data/shelter/shelter.json
00001665,434337,南阿蘇村,中松2区公民館,南阿蘇村中松594-1,32.831114,131.043564,50,50,kumamoto_portal_map,2026-07-31T09:37:38+09:00,9815189741e95fd4c304f805,parsed,https://portal.bousai.pref.kumamoto.jp/data/shelter/shelter.json
00001652,434337,南阿蘇村,中郷公民館,南阿蘇村両併511-1,32.817588,131.110423,50,50,kumamoto_portal_map,2026-07-31T09:37:38+09:00,0363528e01b50a718852e26c,parsed,https://portal.bousai.pref.kumamoto.jp/data/shelter/shelter.json
00002098,434337,南阿蘇村,久木野体育館,熊本県南阿蘇村5265,32.813924,131.028938,,0,kumamoto_portal_map,2026-07-31T09:37:38+09:00,66b3d7da426ce2cc5d77aaab,missing_zero,https://portal.bousai.pref.kumamoto.jp/data/shelter/shelter.json
00002156,434337,南阿蘇村,久木野小学校体育館,熊本県南阿蘇村河陰130,32.819306346751446,131.03084564208984,,0,kumamoto_portal_map,2026-07-31T09:37:38+09:00,9c8dc0636fd4aea349cf072e,missing_zero,https://portal.bousai.pref.kumamoto.jp/data/shelter/shelter.json
00002321,434337,南阿蘇村,久木野小学校体育館,熊本県南阿蘇村河陽,32.85206634000008,131.01098036000008,,0,kumamoto_portal_map,2026-07-31T09:37:38+09:00,cbcb86de7494b1bb71e603a7,missing_zero,https://portal.bousai.pref.kumamoto.jp/data/shelter/shelter.json
00001670,434337,南阿蘇村,久木野総合福祉センター,南阿蘇村久石2705,32.820398,131.036181,100,100,kumamoto_portal_map,2026-07-31T09:37:38+09:00,b2ebc5f2111366e3e0669e41,parsed,https://portal.bousai.pref.kumamoto.jp/data/shelter/shelter.json
00001668,434337,南阿蘇村,井手口消防センター,南阿蘇村久石1685-2,32.818396,131.040901,50,50,kumamoto_portal_map,2026-07-31T09:37:38+09:00,132dc24f33ea315e41811223,parsed,https://portal.bousai.pref.kumamoto.jp/data/shelter/shelter.json
00001680,434337,南阿蘇村,八里木公民館,南阿蘇村河陰3215-3,32.821643,131.03171,50,50,kumamoto_portal_map,2026-07-31T09:37:38+09:00,46c99ceab13623577fa7ac14,parsed,https://portal.bousai.pref.kumamoto.jp/data/shelter/shelter.json
00001682,434337,南阿蘇村,加勢集落センター,南阿蘇村河陽1757-5,32.844893,131.022599,50,50,kumamoto_portal_map,2026-07-31T09:37:38+09:00,2d0cbab08aba53ae82632377,parsed,https://portal.bousai.pref.kumamoto.jp/data/shelter/shelter.json
00002155,434337,南阿蘇村,南阿蘇中学校第1体育館,熊本県南阿蘇村3570-1,32.86488127513521,130.9961700439453,,0,kumamoto_portal_map,2026-07-31T09:37:38+09:00,60d7e8f75f83e78ae7d32592,missing_zero,https://portal.bousai.pref.kumamoto.jp/data/shelter/shelter.json
00002246,434337,南阿蘇村,南阿蘇中学校第2体育館1階,熊本県南阿蘇村河陽3545-1,32.85761753609082,131.00147008895874,,0,kumamoto_portal_map,2026-07-31T09:37:38+09:00,1098b671860eb97e74389e2a,missing_zero,https://portal.bousai.pref.kumamoto.jp/data/shelter/shelter.json
00002196,434337,南阿蘇村,南阿蘇中学校第2体育館2階,熊本県南阿蘇村河陽3545-1,32.86185328748791,130.999174118042,,0,kumamoto_portal_map,2026-07-31T09:37:38+09:00,002d6ff4745d268897353a25,missing_zero,https://portal.bousai.pref.kumamoto.jp/data/shelter/shelter.json
00001683,434337,南阿蘇村,南阿蘇西小学校体育館,南阿蘇村河陽2999-2,32.844893,131.022599,100,100,kumamoto_portal_map,2026-07-31T09:37:38+09:00,bc1d5c00ea179d153411e7fd,parsed,https://portal.bousai.pref.kumamoto.jp/data/shelter/shelter.json
00002313,434337,南阿蘇村,吉田一区公民館,熊本県南阿蘇村吉田1300-2,32.825912792620215,131.07643571266738,,0,kumamoto_portal_map,2026-07-31T09:37:38+09:00,f7ed875cc94b3f1e9fadeb23,missing_zero,https://portal.bousai.pref.kumamoto.jp/data/shelter/shelter.json
00001684,434337,南阿蘇村,喜多公民館,南阿蘇村河陽3425-6,32.853642,131.004706,50,50,kumamoto_portal_map,2026-07-31T09:37:38+09:00,dcafa12721f7f9ae29d635b3,parsed,https://portal.bousai.pref.kumamoto.jp/data/shelter/shelter.json
00001679,434337,南阿蘇村,堀渡公民館,南阿蘇村河陰3759-3,32.821643,131.03171,50,50,kumamoto_portal_map,2026-07-31T09:37:38+09:00,861f6a82efdddc20e1da83fa,parsed,https://portal.bousai.pref.kumamoto.jp/data/shelter/shelter.json
00001677,434337,南阿蘇村,山田公民館,南阿蘇村河陰1935-3,32.838574,131.018802,50,50,kumamoto_portal_map,2026-07-31T09:37:38+09:00,16fb29e765c6c77ddeb75bfb,parsed,https://portal.bousai.pref.kumamoto.jp/data/shelter/shelter.json
00001678,434337,南阿蘇村,岸野公民館,南阿蘇村河陰3869,32.821643,131.03171,50,50,kumamoto_portal_map,2026-07-31T09:37:38+09:00,22d222138a5a9ceb62bea9a4,parsed,https://portal.bousai.pref.kumamoto.jp/data/shelter/shelter.json
00002296,434337,南阿蘇村,憩いの家,南阿蘇村,32.844980830000054,131.0178737000001,25,25,kumamoto_portal_map,2026-07-31T09:37:38+09:00,ba76d0419a71b3f861be0f1f,parsed,https://portal.bousai.pref.kumamoto.jp/data/shelter/shelter.json
00001676,434337,南阿蘇村,摺尾公民館,南阿蘇村河陰4891-3,32.826536,131.020811,50,50,kumamoto_portal_map,2026-07-31T09:37:38+09:00,419aca70f22613ef27b300a3,parsed,https://portal.bousai.pref.kumamoto.jp/data/shelter/shelter.json
00002311,434337,南阿蘇村,東下田公民館,熊本県南阿蘇村河陽398-3,32.844872615693546,131.02566895588564,,0,kumamoto_portal_map,2026-07-31T09:37:38+09:00,d21f7565ed7bfcbb01f7c14a,missing_zero,https://portal.bousai.pref.kumamoto.jp/data/shelter/shelter.json
00001666,434337,南阿蘇村,松の木公民館,南阿蘇村中松1947-1,32.828667,131.050655,50,50,kumamoto_portal_map,2026-07-31T09:37:38+09:00,eabc7ae582b019678d21c723,parsed,https://portal.bousai.pref.kumamoto.jp/data/shelter/shelter.json
00001675,434337,南阿蘇村,柿野公民館,南阿蘇村河陰4421,32.821643,131.03171,50,50,kumamoto_portal_map,2026-07-31T09:37:38+09:00,81d008bb2c46d02342ded1c5,parsed,https://portal.bousai.pref.kumamoto.jp/data/shelter/shelter.json
00001686,434337,南阿蘇村,栃木公民館,南阿蘇村河陽4109-3,32.844893,131.022599,50,50,kumamoto_portal_map,2026-07-31T09:37:38+09:00,4fbf1337b4d4c102e744024a,parsed,https://portal.bousai.pref.kumamoto.jp/data/shelter/shelter.json
00001689,434337,南阿蘇村,沢津野公民館,南阿蘇村河陽5719-1,32.844893,131.022599,50,50,kumamoto_portal_map,2026-07-31T09:37:38+09:00,8f6cc3f9ed92f6cbc0856f10,parsed,https://portal.bousai.pref.kumamoto.jp/data/shelter/shelter.json
00002107,434337,南阿蘇村,温泉センターウィナス,熊本県南阿蘇村河陽4530番地,32.871202,131.006391,,0,kumamoto_portal_map,2026-07-31T09:37:38+09:00,39f116b9e34c3e6dde2c08cd,missing_zero,https://portal.bousai.pref.kumamoto.jp/data/shelter/shelter.json
00001672,434337,南阿蘇村,猶須公民館,南阿蘇村河陰631-1,32.821643,131.03171,50,50,kumamoto_portal_map,2026-07-31T09:37:38+09:00,900899fb9fe4e4a8274436ef,parsed,https://portal.bousai.pref.kumamoto.jp/data/shelter/shelter.json
00001655,434337,南阿蘇村,白川公民館,南阿蘇村白川2105-2,32.823362,131.094408,50,50,kumamoto_portal_map,2026-07-31T09:37:38+09:00,24eaa9559a020a0ea72d275d,parsed,https://portal.bousai.pref.kumamoto.jp/data/shelter/shelter.json
00001658,434337,南阿蘇村,白水中学校,南阿蘇村吉田2301,32.826865,131.082764,200,200,kumamoto_portal_map,2026-07-31T09:37:38+09:00,94d8c3dcaa8859a798f1ff79,parsed,https://portal.bousai.pref.kumamoto.jp/data/shelter/shelter.json
00001660,434337,南阿蘇村,白水体育館,南阿蘇村吉田1007-1,32.827315,131.071864,200,200,kumamoto_portal_map,2026-07-31T09:37:38+09:00,e9526174320b8b5127e97737,parsed,https://portal.bousai.pref.kumamoto.jp/data/shelter/shelter.json
00001657,434337,南阿蘇村,白水保健センター,南阿蘇村吉田1495,32.825051,131.082011,100,100,kumamoto_portal_map,2026-07-31T09:37:38+09:00,72fbdc726ad8ecc787858d71,parsed,https://portal.bousai.pref.kumamoto.jp/data/shelter/shelter.json
00000615,434337,南阿蘇村,白水小学校体育館,阿蘇郡南阿蘇村大字吉田2300-2,32.826865,131.082764,200,200,kumamoto_portal_map,2026-07-31T09:37:38+09:00,fccf040bba1fedb011680653,parsed,https://portal.bousai.pref.kumamoto.jp/data/shelter/shelter.json
00001656,434337,南阿蘇村,白水総合センター,南阿蘇村吉田1495,32.825051,131.082011,100,100,kumamoto_portal_map,2026-07-31T09:37:38+09:00,931400ebca6cf3249934ad39,parsed,https://portal.bousai.pref.kumamoto.jp/data/shelter/shelter.json
00001661,434337,南阿蘇村,福祉センター,南阿蘇村吉田565-1,32.819804,131.071548,50,50,kumamoto_portal_map,2026-07-31T09:37:38+09:00,7fc16ad381d4541404ff26c5,parsed,https://portal.bousai.pref.kumamoto.jp/data/shelter/shelter.json
00002312,434337,南阿蘇村,立野公民館,熊本県南阿蘇村立野819-8,,,,0,kumamoto_portal_map,2026-07-31T09:37:38+09:00,7a94bb8f6a75cb05f08c0559,missing_zero,https://portal.bousai.pref.kumamoto.jp/data/shelter/shelter.json
00001653,434337,南阿蘇村,竹崎集会所,南阿蘇村両併242,32.817588,131.110423,50,50,kumamoto_portal_map,2026-07-31T09:37:38+09:00,537deab134fe3264074d228e,parsed,https://portal.bousai.pref.kumamoto.jp/data/shelter/shelter.json
00001687,434337,南阿蘇村,袴野公民館,南阿蘇村河陽2511-1,32.844893,131.022599,50,50,kumamoto_portal_map,2026-07-31T09:37:38+09:00,c1cdb0754599ba7afb63fd9b,parsed,https://portal.bousai.pref.kumamoto.jp/data/shelter/shelter.json
00001688,434337,南阿蘇村,長野公民館,南阿蘇村長野623,32.877484,131.011346,50,50,kumamoto_portal_map,2026-07-31T09:37:38+09:00,52d743cb001b72d7e9ba8e51,parsed,https://portal.bousai.pref.kumamoto.jp/data/shelter/shelter.json
00001685,434337,南阿蘇村,長陽中央公民館,南阿蘇村河陽3575,32.859283,131.000636,50,50,kumamoto_portal_map,2026-07-31T09:37:38+09:00,70e2447a67df7da31e76ebf1,parsed,https://portal.bousai.pref.kumamoto.jp/data/shelter/shelter.json
00001725,434418,御船町,(有)ホンダ介護サービスセンター,御船町御船820番地,32.70954,130.797847,70,70,kumamoto_portal_map,2026-07-31T09:37:38+09:00,3821db8b99f2d6394afe9d30,parsed,https://portal.bousai.pref.kumamoto.jp/data/shelter/shelter.json
00001724,434418,御船町,ぎんなん幼愛園,御船町辺田見169,32.713037,130.805047,128,128,kumamoto_portal_map,2026-07-31T09:37:38+09:00,21d00d5139e483dd74d39c75,parsed,https://portal.bousai.pref.kumamoto.jp/data/shelter/shelter.json
00001700,434418,御船町,ふれあい広場,御船町辺田見100,32.707991,130.802783,,0,kumamoto_portal_map,2026-07-31T09:37:38+09:00,d7e569a1e140900884db9fa6,missing_zero,https://portal.bousai.pref.kumamoto.jp/data/shelter/shelter.json
00001707,434418,御船町,七滝分館,御船町七滝2602-4,32.723482,130.864756,31,31,kumamoto_portal_map,2026-07-31T09:37:38+09:00,4798c9abfc8c6717b062b982,parsed,https://portal.bousai.pref.kumamoto.jp/data/shelter/shelter.json
00001706,434418,御船町,七滝社会教育センター,御船町七滝2555-2,32.725204,130.868525,120,120,kumamoto_portal_map,2026-07-31T09:37:38+09:00,fe9ea8c069305786c1093b83,parsed,https://portal.bousai.pref.kumamoto.jp/data/shelter/shelter.json
00001726,434418,御船町,上益城消防組合消防本部,御船町辺田見169番地,32.713037,130.805047,700,700,kumamoto_portal_map,2026-07-31T09:37:38+09:00,807f1c25f69ff79f1faba558,parsed,https://portal.bousai.pref.kumamoto.jp/data/shelter/shelter.json
00001709,434418,御船町,上野保育園,御船町上野1519-2,32.735186,130.855084,100,100,kumamoto_portal_map,2026-07-31T09:37:38+09:00,5639e25b4760131a61323cd8,parsed,https://portal.bousai.pref.kumamoto.jp/data/shelter/shelter.json
00001715,434418,御船町,北田代分館,御船町田代748-1,32.754999,130.891005,35,35,kumamoto_portal_map,2026-07-31T09:37:38+09:00,38e9cfb722649f52dfeeb5cb,parsed,https://portal.bousai.pref.kumamoto.jp/data/shelter/shelter.json
00001710,434418,御船町,南田代公民館,御船町上野3928,32.735216,130.854703,18,18,kumamoto_portal_map,2026-07-31T09:37:38+09:00,81be997bb60cc306d52bca8e,parsed,https://portal.bousai.pref.kumamoto.jp/data/shelter/shelter.json
00001722,434418,御船町,小坂分館,御船町陣1967-2,32.724444,130.775001,36,36,kumamoto_portal_map,2026-07-31T09:37:38+09:00,6c73f68110a41e2858a333b3,parsed,https://portal.bousai.pref.kumamoto.jp/data/shelter/shelter.json
00001698,434418,御船町,御船分館,御船町御船又851-7の2,32.711057,130.796631,75,75,kumamoto_portal_map,2026-07-31T09:37:38+09:00,c31f6320765bcb472c35db4f,parsed,https://portal.bousai.pref.kumamoto.jp/data/shelter/shelter.json
00001699,434418,御船町,御船昭和保育園,御船町御船779,32.711096,130.795839,208,208,kumamoto_portal_map,2026-07-31T09:37:38+09:00,ea3e1e0db71daf01aba0738f,parsed,https://portal.bousai.pref.kumamoto.jp/data/shelter/shelter.json
00001694,434418,御船町,御船町カルチャーセンター,御船町木倉1168,32.715084,130.801403,747,747,kumamoto_portal_map,2026-07-31T09:37:38+09:00,b1c907fd2d4f768844b18224,parsed,https://portal.bousai.pref.kumamoto.jp/data/shelter/shelter.json
00001693,434418,御船町,御船町スポーツセンター,御船町木倉1176-1,32.716665,130.801011,1609,1609,kumamoto_portal_map,2026-07-31T09:37:38+09:00,84b4127efe785c8753a9fa6f,parsed,https://portal.bousai.pref.kumamoto.jp/data/shelter/shelter.json
00001697,434418,御船町,御船町商工会,御船町御船923,32.711712,130.79682,70,70,kumamoto_portal_map,2026-07-31T09:37:38+09:00,4713792d7db54b868f29fe21,parsed,https://portal.bousai.pref.kumamoto.jp/data/shelter/shelter.json
00001708,434418,御船町,御船町立七滝中央小学校,御船町上野1500,32.734594,130.853881,99,99,kumamoto_portal_map,2026-07-31T09:37:38+09:00,e636276a509147cdd71b7204,parsed,https://portal.bousai.pref.kumamoto.jp/data/shelter/shelter.json
00001721,434418,御船町,御船町立小坂小学校,御船町陣2016-1,32.726261,130.77434,300,300,kumamoto_portal_map,2026-07-31T09:37:38+09:00,fd08132c47980e35e395e50b,parsed,https://portal.bousai.pref.kumamoto.jp/data/shelter/shelter.json
00001696,434418,御船町,御船町立御船中学校,御船町辺田見55,32.712826,130.802475,538,538,kumamoto_portal_map,2026-07-31T09:37:38+09:00,eb03a27acdc02308fce27077,parsed,https://portal.bousai.pref.kumamoto.jp/data/shelter/shelter.json
00001695,434418,御船町,御船町立御船小学校,御船町滝川3,32.714712,130.800255,327,327,kumamoto_portal_map,2026-07-31T09:37:38+09:00,8da889c55218f20701ca1aea,parsed,https://portal.bousai.pref.kumamoto.jp/data/shelter/shelter.json
00001716,434418,御船町,御船町立木倉小学校,御船町木倉954,32.718437,130.806663,102,102,kumamoto_portal_map,2026-07-31T09:37:38+09:00,735b2afdd0181a34a646e6aa,parsed,https://portal.bousai.pref.kumamoto.jp/data/shelter/shelter.json
00001701,434418,御船町,御船町立滝尾小学校,御船町滝尾934-1,32.70485,130.828179,99,99,kumamoto_portal_map,2026-07-31T09:37:38+09:00,30194fc9a49a23efba14917f,parsed,https://portal.bousai.pref.kumamoto.jp/data/shelter/shelter.json
00001720,434418,御船町,御船町立高木小学校,御船町高木1633,32.737907,130.791566,99,99,kumamoto_portal_map,2026-07-31T09:37:38+09:00,6e7212bca9f6b06aa3e71eb6,parsed,https://portal.bousai.pref.kumamoto.jp/data/shelter/shelter.json
00001718,434418,御船町,木倉分館,御船町木倉812-1,32.721062,130.811952,29,29,kumamoto_portal_map,2026-07-31T09:37:38+09:00,b9a83c5a64357065e1a9f004,parsed,https://portal.bousai.pref.kumamoto.jp/data/shelter/shelter.json
00001705,434418,御船町,水越分館,御船町水越4125-3,32.68658,130.869387,31,31,kumamoto_portal_map,2026-07-31T09:37:38+09:00,6bd476c6de06b337681f06b4,parsed,https://portal.bousai.pref.kumamoto.jp/data/shelter/shelter.json
00001704,434418,御船町,水越社会教育センター,御船町水越2449,32.68658,130.869387,120,120,kumamoto_portal_map,2026-07-31T09:37:38+09:00,242078ee0b0e85fd4046f4b8,parsed,https://portal.bousai.pref.kumamoto.jp/data/shelter/shelter.json
00001702,434418,御船町,滝尾分館,御船町滝尾1025-1,32.6994,130.814133,31,31,kumamoto_portal_map,2026-07-31T09:37:38+09:00,03250dbff43a72a0597f2d25,parsed,https://portal.bousai.pref.kumamoto.jp/data/shelter/shelter.json
00001703,434418,御船町,滝尾幼稚園,御船町滝尾6257-9,32.701681,130.815216,48,48,kumamoto_portal_map,2026-07-31T09:37:38+09:00,4577d45690bc70a51de30497,parsed,https://portal.bousai.pref.kumamoto.jp/data/shelter/shelter.json
00001717,434418,御船町,熊本県立御船高等学校,御船町木倉1253,32.715223,130.805116,510,510,kumamoto_portal_map,2026-07-31T09:37:38+09:00,d7e49d319dbe26f0ca404912,parsed,https://portal.bousai.pref.kumamoto.jp/data/shelter/shelter.json
00002206,434418,御船町,熊本県農業研究センター茶業研究所,熊本県御船町大字滝尾5450,32.702097874283034,130.8292829990387,53,53,kumamoto_portal_map,2026-07-31T09:37:38+09:00,09be3241e9baf91d0b725f98,parsed,https://portal.bousai.pref.kumamoto.jp/data/shelter/shelter.json
00001713,434418,御船町,田代東部分館,御船町上野5191-3,32.747663,130.885937,35,35,kumamoto_portal_map,2026-07-31T09:37:38+09:00,938c61449629bb9577c4aab2,parsed,https://portal.bousai.pref.kumamoto.jp/data/shelter/shelter.json
00001711,434418,御船町,田代東部社会教育センター,御船町田代4984,32.74848,130.886881,150,150,kumamoto_portal_map,2026-07-31T09:37:38+09:00,1b1546a2dd59825b90f5770e,parsed,https://portal.bousai.pref.kumamoto.jp/data/shelter/shelter.json
00002167,434418,御船町,町民憩いの家,熊本県御船町726,32.709654173628294,130.7965064048767,74,74,kumamoto_portal_map,2026-07-31T09:37:38+09:00,aa18dbd9bdaaab54e3205e71,parsed,https://portal.bousai.pref.kumamoto.jp/data/shelter/shelter.json
00001714,434418,御船町,第二明星学園田代西部福祉センター,御船町田代1842-4,32.756906,130.856892,280,280,kumamoto_portal_map,2026-07-31T09:37:38+09:00,8709382f641a93bdf6923b98,parsed,https://portal.bousai.pref.kumamoto.jp/data/shelter/shelter.json
00001712,434418,御船町,緑の村,御船町田代8405-24,32.774417,130.927887,100,100,kumamoto_portal_map,2026-07-31T09:37:38+09:00,502e87c1134ad993f4378e9a,parsed,https://portal.bousai.pref.kumamoto.jp/data/shelter/shelter.json
00001719,434418,御船町,若葉保育園,御船町木倉1416,32.717829,130.805588,150,150,kumamoto_portal_map,2026-07-31T09:37:38+09:00,7ca18a128c862d60e76041cd,parsed,https://portal.bousai.pref.kumamoto.jp/data/shelter/shelter.json
00001723,434418,御船町,陣多目的集会所,御船町陣1234,32.721628,130.77119,37,37,kumamoto_portal_map,2026-07-31T09:37:38+09:00,4cf9d1b132e67d569096038f,parsed,https://portal.bousai.pref.kumamoto.jp/data/shelter/shelter.json
00001737,434426,嘉島町,下六嘉コミュニティセンター,上益城郡嘉島町下六嘉3287,32.750408,130.768841,200,200,kumamoto_portal_map,2026-07-31T09:37:38+09:00,75babc40dba34839fd940406,parsed,https://portal.bousai.pref.kumamoto.jp/data/shelter/shelter.json
00001738,434426,嘉島町,井寺公民館,上益城郡嘉島町井寺2889-1,32.752819,130.777582,250,250,kumamoto_portal_map,2026-07-31T09:37:38+09:00,e4a70bb890e5241f70e7ed71,parsed,https://portal.bousai.pref.kumamoto.jp/data/shelter/shelter.json
00001739,434426,嘉島町,北甘木公民館,上益城郡嘉島町北甘木1967-2,32.745064,130.774297,55,55,kumamoto_portal_map,2026-07-31T09:37:38+09:00,f3cc36c81bf666ad6da4a1ea,parsed,https://portal.bousai.pref.kumamoto.jp/data/shelter/shelter.json
00001731,434426,嘉島町,嘉島中学校,上益城郡嘉島町上島887,32.742598,130.757106,2000,2000,kumamoto_portal_map,2026-07-31T09:37:38+09:00,464e53bb08e3bd7fccba6f0b,parsed,https://portal.bousai.pref.kumamoto.jp/data/shelter/shelter.json
00001732,434426,嘉島町,嘉島東小学校,上益城郡嘉島町上六嘉2063,32.749058,130.7675,2000,2000,kumamoto_portal_map,2026-07-31T09:37:38+09:00,712fcb914f5e67fbc7b364e1,parsed,https://portal.bousai.pref.kumamoto.jp/data/shelter/shelter.json
00001733,434426,嘉島町,嘉島町ふれあいセンター,上益城郡嘉島町上六嘉2063,32.749058,130.7675,50,50,kumamoto_portal_map,2026-07-31T09:37:38+09:00,8b0a16c6f18058145f517479,parsed,https://portal.bousai.pref.kumamoto.jp/data/shelter/shelter.json
00001729,434426,嘉島町,嘉島町保健センター,上益城郡嘉島町上島545,32.74009,130.758587,180,180,kumamoto_portal_map,2026-07-31T09:37:38+09:00,71aa828ecbc372f2b19289b8,parsed,https://portal.bousai.pref.kumamoto.jp/data/shelter/shelter.json
00001736,434426,嘉島町,嘉島町公民館近隣公園分館,上益城郡嘉島町鯰2820,32.744197,130.742782,100,100,kumamoto_portal_map,2026-07-31T09:37:38+09:00,1fe20ed524cc145d667d280d,parsed,https://portal.bousai.pref.kumamoto.jp/data/shelter/shelter.json
00001730,434426,嘉島町,嘉島町子育て支援センター,上益城郡嘉島町上島551,32.740801,130.758417,150,150,kumamoto_portal_map,2026-07-31T09:37:38+09:00,955de167ba18e51132461555,parsed,https://portal.bousai.pref.kumamoto.jp/data/shelter/shelter.json
00001734,434426,嘉島町,嘉島町文化センター,上益城郡嘉島町上六嘉917,32.735496,130.76412,200,200,kumamoto_portal_map,2026-07-31T09:37:38+09:00,170ee9411a440aaed4b6bac1,parsed,https://portal.bousai.pref.kumamoto.jp/data/shelter/shelter.json
00001728,434426,嘉島町,嘉島町民会館,上益城郡嘉島町上島545,32.74009,130.758587,1700,1700,kumamoto_portal_map,2026-07-31T09:37:38+09:00,123a27a71e0cd38e0377e98f,parsed,https://portal.bousai.pref.kumamoto.jp/data/shelter/shelter.json
00001727,434426,嘉島町,嘉島町民体育館,上益城郡嘉島町上島926,32.741656,130.756243,1000,1000,kumamoto_portal_map,2026-07-31T09:37:38+09:00,2d2a05ba370b16348caf562c,parsed,https://portal.bousai.pref.kumamoto.jp/data/shelter/shelter.json
00001735,434426,嘉島町,嘉島西小学校,上益城郡嘉島町上島1919-2,32.742817,130.74161,2000,2000,kumamoto_portal_map,2026-07-31T09:37:38+09:00,f722b480c020bd7975b4dd3d,parsed,https://portal.bousai.pref.kumamoto.jp/data/shelter/shelter.json
00000622,434434,益城町,ほっとふぁみりい,益城町宮園664-1,32.794382,130.815401,30,30,kumamoto_portal_map,2026-07-31T09:37:38+09:00,fb4a31baa63612a66a11c69c,parsed,https://portal.bousai.pref.kumamoto.jp/data/shelter/shelter.json
00000620,434434,益城町,サービス付高齢者向け住宅おいけ,益城町小池2638-1,32.7526058022435,130.80366190979,55,55,kumamoto_portal_map,2026-07-31T09:37:38+09:00,f335824a5f2f0e9b9c33b5f4,parsed,https://portal.bousai.pref.kumamoto.jp/data/shelter/shelter.json
00000624,434434,益城町,一般社団法人 ウエルビー 通所介護事業所 くらら,益城町古閑12-17,32.8008888951069,130.780285287732,7,7,kumamoto_portal_map,2026-07-31T09:37:38+09:00,95294eb9de9800faf931450d,parsed,https://portal.bousai.pref.kumamoto.jp/data/shelter/shelter.json
00000621,434434,益城町,介護老人保健施設 平成唯仁館,益城町宮園1139-1,32.8084232322193,130.809347077388,7,7,kumamoto_portal_map,2026-07-31T09:37:38+09:00,e0451ec54f00a775b4ddae07,parsed,https://portal.bousai.pref.kumamoto.jp/data/shelter/shelter.json
00000623,434434,益城町,小規模多機能ホーム あんず,益城町馬水17-3,32.788194,130.802844,5,5,kumamoto_portal_map,2026-07-31T09:37:38+09:00,105d3085dc36e1c90f672c73,parsed,https://portal.bousai.pref.kumamoto.jp/data/shelter/shelter.json
00001756,434434,益城町,広安愛児園,益城町古閑73,32.801998,130.784125,200,200,kumamoto_portal_map,2026-07-31T09:37:38+09:00,8292f5474b907cd14c56d1e0,parsed,https://portal.bousai.pref.kumamoto.jp/data/shelter/shelter.json
00000619,434434,益城町,特別養護老人ホーム いこいの里,益城町福原1988-1,32.78262172814,130.831718657836,23,23,kumamoto_portal_map,2026-07-31T09:37:38+09:00,9de7a9c472811ef75aedb1db,parsed,https://portal.bousai.pref.kumamoto.jp/data/shelter/shelter.json
00000618,434434,益城町,特別養護老人ホーム ひろやす荘,益城町安永1080,32.7958288257411,130.810009377529,229,229,kumamoto_portal_map,2026-07-31T09:37:38+09:00,e496b4500e14b7b728a97594,parsed,https://portal.bousai.pref.kumamoto.jp/data/shelter/shelter.json
00000617,434434,益城町,特別養護老人ホーム 花へんろ,益城町惣領1670,32.7876443720228,130.80058216144,212,212,kumamoto_portal_map,2026-07-31T09:37:38+09:00,9d2ca887be6780740bd2fbc6,parsed,https://portal.bousai.pref.kumamoto.jp/data/shelter/shelter.json
00001768,434434,益城町,益城町交流情報センターミナテラス,益城町木山236,32.786252,130.822851,240,240,kumamoto_portal_map,2026-07-31T09:37:38+09:00,216ac4b2051d259432e3ec6a,parsed,https://portal.bousai.pref.kumamoto.jp/data/shelter/shelter.json
00002330,434434,益城町,益城町保健福祉センターはぴねす,益城町惣領1470,32.7857800443732,130.801386824668,277,277,kumamoto_portal_map,2026-07-31T09:37:38+09:00,b56af4cb4cab25567473f160,parsed,https://portal.bousai.pref.kumamoto.jp/data/shelter/shelter.json
00001773,434434,益城町,益城町公民館津森分館,益城町上陳363-1,32.802668,130.852321,100,100,kumamoto_portal_map,2026-07-31T09:37:38+09:00,9e4780d8e6e605f2761454a9,parsed,https://portal.bousai.pref.kumamoto.jp/data/shelter/shelter.json
00001769,434434,益城町,益城町公民館福田分館,益城町福原1974,32.7835900732247,130.832211792293,100,100,kumamoto_portal_map,2026-07-31T09:37:38+09:00,484c958d6bf266387d323bf3,parsed,https://portal.bousai.pref.kumamoto.jp/data/shelter/shelter.json
00001740,434434,益城町,益城町公民館飯野分館,益城町砥川1735-1,32.761582,130.814905,100,100,kumamoto_portal_map,2026-07-31T09:37:38+09:00,2ca870d5a238203b043922df,parsed,https://portal.bousai.pref.kumamoto.jp/data/shelter/shelter.json
00002329,434434,益城町,益城町地域共生センターカタル,益城町木山592,32.8001832836204,130.817423509106,300,300,kumamoto_portal_map,2026-07-31T09:37:38+09:00,6302dabe633b2b6f7de6903d,parsed,https://portal.bousai.pref.kumamoto.jp/data/shelter/shelter.json
00002327,434434,益城町,益城町文化会館,益城町木山381-1,32.7893608216147,130.8200670736,100,100,kumamoto_portal_map,2026-07-31T09:37:38+09:00,ceaed7583a7e2e7b26d1f71e,parsed,https://portal.bousai.pref.kumamoto.jp/data/shelter/shelter.json
00001745,434434,益城町,益城町立広安小学校,益城町馬水35,32.787463,130.801822,360,360,kumamoto_portal_map,2026-07-31T09:37:38+09:00,05d1bc896c62e7f239bf6be3,parsed,https://portal.bousai.pref.kumamoto.jp/data/shelter/shelter.json
00001744,434434,益城町,益城町立広安西小学校,益城町福富1001,32.791074,130.794989,400,400,kumamoto_portal_map,2026-07-31T09:37:38+09:00,55aa4e7807ad503dc2230bab,parsed,https://portal.bousai.pref.kumamoto.jp/data/shelter/shelter.json
00001766,434434,益城町,益城町立木山中学校,益城町寺迫1090,32.78885,130.830875,400,400,kumamoto_portal_map,2026-07-31T09:37:38+09:00,208f82e2d59c29c113a15728,parsed,https://portal.bousai.pref.kumamoto.jp/data/shelter/shelter.json
00001774,434434,益城町,益城町立津森小学校,益城町上陳369,32.803137,130.853065,220,220,kumamoto_portal_map,2026-07-31T09:37:38+09:00,dc5c6274d455ba1f7940a1dd,parsed,https://portal.bousai.pref.kumamoto.jp/data/shelter/shelter.json
00001765,434434,益城町,益城町立益城中央小学校,益城町寺迫1142,32.790891,130.830128,480,480,kumamoto_portal_map,2026-07-31T09:37:38+09:00,57ee6866ba5cf0defb048af6,parsed,https://portal.bousai.pref.kumamoto.jp/data/shelter/shelter.json
00002328,434434,益城町,益城町立益城中学校,益城町惣領903,32.7784664941481,130.799541697017,400,400,kumamoto_portal_map,2026-07-31T09:37:38+09:00,9a9caaeccf941165fceb757b,parsed,https://portal.bousai.pref.kumamoto.jp/data/shelter/shelter.json
00001762,434434,益城町,益城町立益城幼稚園,益城町木山589,32.800348,130.81642,50,50,kumamoto_portal_map,2026-07-31T09:37:38+09:00,06a68d9b004d615652d6a404,parsed,https://portal.bousai.pref.kumamoto.jp/data/shelter/shelter.json
00001759,434434,益城町,益城町立第1保育所,益城町福富651,32.780622,130.797286,50,50,kumamoto_portal_map,2026-07-31T09:37:38+09:00,74994e5012526f6d368e46bb,parsed,https://portal.bousai.pref.kumamoto.jp/data/shelter/shelter.json
00001742,434434,益城町,益城町立第2保育所,益城町砥川125-1,32.759002,130.812094,50,50,kumamoto_portal_map,2026-07-31T09:37:38+09:00,29d23b734acd7ab8f09c75aa,parsed,https://portal.bousai.pref.kumamoto.jp/data/shelter/shelter.json
00001775,434434,益城町,益城町立第3保育所,益城町上陳361,32.802468,130.852237,50,50,kumamoto_portal_map,2026-07-31T09:37:38+09:00,769dfd2d815482e60de94b50,parsed,https://portal.bousai.pref.kumamoto.jp/data/shelter/shelter.json
00001770,434434,益城町,益城町立第5保育所,益城町福原529-2,32.7842076194958,130.830071573601,100,100,kumamoto_portal_map,2026-07-31T09:37:38+09:00,829578cf03b2414393856571,parsed,https://portal.bousai.pref.kumamoto.jp/data/shelter/shelter.json
00001741,434434,益城町,益城町立飯野小学校,益城町砥川137,32.759291,130.811314,240,240,kumamoto_portal_map,2026-07-31T09:37:38+09:00,9190064d43df465edd88e6ef,parsed,https://portal.bousai.pref.kumamoto.jp/data/shelter/shelter.json
00002158,434434,益城町,益城町総合体育館,益城町木山236,32.7860082642358,130.821766575776,1360,1360,kumamoto_portal_map,2026-07-31T09:37:38+09:00,73648a39da6d100a82e98708,parsed,https://portal.bousai.pref.kumamoto.jp/data/shelter/shelter.json
00000616,434434,益城町,障害者支援施設 熊東園,益城町広崎786-1,32.7796255718376,130.787973979832,4,4,kumamoto_portal_map,2026-07-31T09:37:38+09:00,2172bd0a986ea5fd87d68f66,parsed,https://portal.bousai.pref.kumamoto.jp/data/shelter/shelter.json
00001784,434442,甲佐町,上益城農業協同組合本所,甲佐町白旗543-1,32.701413,130.781627,50,50,kumamoto_portal_map,2026-07-31T09:37:38+09:00,9e957dbca3f891d32ff375c9,parsed,https://portal.bousai.pref.kumamoto.jp/data/shelter/shelter.json
00001785,434442,甲佐町,乙女小学校,甲佐町津志田3073,32.684793,130.781296,350,350,kumamoto_portal_map,2026-07-31T09:37:38+09:00,c9075478fbab7a6be2b2579a,parsed,https://portal.bousai.pref.kumamoto.jp/data/shelter/shelter.json
00001789,434442,甲佐町,乙女高齢者福祉センターまつやま,甲佐町津志田3073,32.684793,130.781296,30,30,kumamoto_portal_map,2026-07-31T09:37:38+09:00,4c93fcab7ad470f3742298f6,parsed,https://portal.bousai.pref.kumamoto.jp/data/shelter/shelter.json
00001787,434442,甲佐町,宮内地区社会教育センター,甲佐町小鹿358,32.650002,130.847886,180,180,kumamoto_portal_map,2026-07-31T09:37:38+09:00,be0f94e45a6f144cb9618224,parsed,https://portal.bousai.pref.kumamoto.jp/data/shelter/shelter.json
00002314,434442,甲佐町,宮内地区防災センター,熊本県甲佐町大字上揚996-3,32.64493120026073,130.83832604383974,,0,kumamoto_portal_map,2026-07-31T09:37:38+09:00,0829157e0e232a2a1047931b,missing_zero,https://portal.bousai.pref.kumamoto.jp/data/shelter/shelter.json
00001779,434442,甲佐町,甲佐中学校,甲佐町中横田300,32.666681,130.817945,380,380,kumamoto_portal_map,2026-07-31T09:37:38+09:00,b96590f89dfd19488f0968fd,parsed,https://portal.bousai.pref.kumamoto.jp/data/shelter/shelter.json
00002337,434442,甲佐町,甲佐団地集会所,熊本県甲佐町豊内785,32.65147057000007,130.81138468000006,6,6,kumamoto_portal_map,2026-07-31T09:37:38+09:00,d687c89f47f1fdb1acfd2b4d,parsed,https://portal.bousai.pref.kumamoto.jp/data/shelter/shelter.json
00001788,434442,甲佐町,甲佐地区防災公園,甲佐町豊内785番地,32.65126356324485,130.8131843805313,770,770,kumamoto_portal_map,2026-07-31T09:37:38+09:00,396b0eb17874520428abdea1,parsed,https://portal.bousai.pref.kumamoto.jp/data/shelter/shelter.json
00001777,434442,甲佐町,甲佐小学校,甲佐町豊内613-1,32.647494,130.810713,400,400,kumamoto_portal_map,2026-07-31T09:37:38+09:00,fc8ee254ee47c6273251ad11,parsed,https://portal.bousai.pref.kumamoto.jp/data/shelter/shelter.json
00001786,434442,甲佐町,甲佐町町民センター,甲佐町糸田9-1,32.678822,130.810064,50,50,kumamoto_portal_map,2026-07-31T09:37:38+09:00,f01b02b5051c786dda9e6645,parsed,https://portal.bousai.pref.kumamoto.jp/data/shelter/shelter.json
00001776,434442,甲佐町,甲佐町総合保健福祉センター(鮎緑),甲佐町豊内619,32.649321,130.809883,200,200,kumamoto_portal_map,2026-07-31T09:37:38+09:00,e7e53ecfd1c41dbd03182e90,parsed,https://portal.bousai.pref.kumamoto.jp/data/shelter/shelter.json
00002335,434442,甲佐町,甲佐町農業研修センター(ろくじ館),熊本県上益城郡甲佐町豊内719-2,32.65073059352114,130.8116501569748,50,50,kumamoto_portal_map,2026-07-31T09:37:38+09:00,0966b536968e674aa0aecd17,parsed,https://portal.bousai.pref.kumamoto.jp/data/shelter/shelter.json
00001783,434442,甲佐町,白旗小学校,甲佐町白旗50,32.697286,130.788146,300,300,kumamoto_portal_map,2026-07-31T09:37:38+09:00,a608a65f9b57a74fb771c435,parsed,https://portal.bousai.pref.kumamoto.jp/data/shelter/shelter.json
00001782,434442,甲佐町,白旗福祉ふれあいセンター,甲佐町白旗216-2,32.698602,130.787665,40,40,kumamoto_portal_map,2026-07-31T09:37:38+09:00,993efea0b9178615cb8979af,parsed,https://portal.bousai.pref.kumamoto.jp/data/shelter/shelter.json
00002338,434442,甲佐町,県立甲佐高等高校校舎(一部),熊本県甲佐町横田327,32.6571260731002,130.8097455142111,,0,kumamoto_portal_map,2026-07-31T09:37:38+09:00,48102c145cd36e7c66e7c652,missing_zero,https://portal.bousai.pref.kumamoto.jp/data/shelter/shelter.json
00002339,434442,甲佐町,美里町立中央小学校,美里町萱野810,32.63358126517086,130.80877480600435,,0,kumamoto_portal_map,2026-07-31T09:37:38+09:00,52e4686a04cf11da6a5d722f,missing_zero,https://portal.bousai.pref.kumamoto.jp/data/shelter/shelter.json
00002344,434442,甲佐町,船津地区河川防災ステーション,熊本県上益城郡甲佐町有安771-62,32.66471322187477,130.80397582067235,,0,kumamoto_portal_map,2026-07-31T09:37:38+09:00,cba012a755dcf2471df6e1d7,missing_zero,https://portal.bousai.pref.kumamoto.jp/data/shelter/shelter.json
00001780,434442,甲佐町,龍野小学校,甲佐町上早川1220,32.673558,130.817489,270,270,kumamoto_portal_map,2026-07-31T09:37:38+09:00,32404933929d33ca54874ce5,parsed,https://portal.bousai.pref.kumamoto.jp/data/shelter/shelter.json
00001781,434442,甲佐町,龍野福祉ふれあいセンター,甲佐町上早川334,32.676836,130.820727,40,40,kumamoto_portal_map,2026-07-31T09:37:38+09:00,fd766106a8a960306b59bc18,parsed,https://portal.bousai.pref.kumamoto.jp/data/shelter/shelter.json
00001819,434477,山都町,JAかみましき名連川支所,山都町黒川564-5,32.711603,131.031416,25,25,kumamoto_portal_map,2026-07-31T09:37:38+09:00,286cbfc81968b6503c18459c,parsed,https://portal.bousai.pref.kumamoto.jp/data/shelter/shelter.json
00001809,434477,山都町,はるか保育園,山都町上寺1993-1,32.68906,130.980958,15,15,kumamoto_portal_map,2026-07-31T09:37:38+09:00,ac5ca925458d285fcbb05c80,parsed,https://portal.bousai.pref.kumamoto.jp/data/shelter/shelter.json
00002132,434477,山都町,ふれあいセンター原野郷,山都町郷野原1451,32.7453290473214,131.113252684295,20,20,kumamoto_portal_map,2026-07-31T09:37:38+09:00,a158639ba6bfdac77688245a,parsed,https://portal.bousai.pref.kumamoto.jp/data/shelter/shelter.json
00002241,434477,山都町,ふれあいセンター原野郷,山都町郷野原1451,32.74532904732135,131.1132526842949,30,30,kumamoto_portal_map,2026-07-31T09:37:38+09:00,a158639ba6bfdac77688245a,parsed,https://portal.bousai.pref.kumamoto.jp/data/shelter/shelter.json
00001851,434477,山都町,上川井野公民館,山都町上川井野540,,,15,15,kumamoto_portal_map,2026-07-31T09:37:38+09:00,6d73aa9fee74e06b4a2a82dc,parsed,https://portal.bousai.pref.kumamoto.jp/data/shelter/shelter.json
00001834,434477,山都町,上差尾地区交流館,山都町上差尾1028-1,32.744543,131.125696,25,25,kumamoto_portal_map,2026-07-31T09:37:38+09:00,57ea544414e6f8fd3efff30d,parsed,https://portal.bousai.pref.kumamoto.jp/data/shelter/shelter.json
00001817,434477,山都町,下名連石老人憩いの家,山都町下名連石463-1,32.729409,131.002073,15,15,kumamoto_portal_map,2026-07-31T09:37:38+09:00,ae0461b2eacc3dfe1e946295,parsed,https://portal.bousai.pref.kumamoto.jp/data/shelter/shelter.json
00001847,434477,山都町,下山公民館,山都町下山447-4,32.759226,131.208021,15,15,kumamoto_portal_map,2026-07-31T09:37:38+09:00,f54981a9e2d7aae9d07a4537,parsed,https://portal.bousai.pref.kumamoto.jp/data/shelter/shelter.json
00001821,434477,山都町,下川井野公民館,山都町下川井野1286,32.668638,131.006331,15,15,kumamoto_portal_map,2026-07-31T09:37:38+09:00,370dafcb485a9bff177f7a24,parsed,https://portal.bousai.pref.kumamoto.jp/data/shelter/shelter.json
00001799,434477,山都町,下矢部東部体育館,山都町白小野168,32.662724,130.968216,125,125,kumamoto_portal_map,2026-07-31T09:37:38+09:00,4a21df6ca3fe6e254d4f2f28,parsed,https://portal.bousai.pref.kumamoto.jp/data/shelter/shelter.json
00001797,434477,山都町,下矢部西部体育館,山都町猿渡1850,32.671261,130.926024,125,125,kumamoto_portal_map,2026-07-31T09:37:38+09:00,37e481d7cf7eb27e2d149bdd,parsed,https://portal.bousai.pref.kumamoto.jp/data/shelter/shelter.json
00001798,434477,山都町,下矢部西部改善センター,山都町猿渡4799-1,32.669336,130.925558,50,50,kumamoto_portal_map,2026-07-31T09:37:38+09:00,3d0be806a394fc064a428776,parsed,https://portal.bousai.pref.kumamoto.jp/data/shelter/shelter.json
00001806,434477,山都町,中央公民館,山都町下市33-1,32.683503,130.990257,50,50,kumamoto_portal_map,2026-07-31T09:37:38+09:00,a4c861d4470505528e939a41,parsed,https://portal.bousai.pref.kumamoto.jp/data/shelter/shelter.json
00001790,434477,山都町,中島体育館,山都町北中島2536,32.732104,130.928433,150,150,kumamoto_portal_map,2026-07-31T09:37:38+09:00,3dec8a99dd72728d038eb763,parsed,https://portal.bousai.pref.kumamoto.jp/data/shelter/shelter.json
00001791,434477,山都町,中島東部体育館,山都町金内188,32.731332,130.94726,125,125,kumamoto_portal_map,2026-07-31T09:37:38+09:00,3187af691f356be95baa6415,parsed,https://portal.bousai.pref.kumamoto.jp/data/shelter/shelter.json
00001796,434477,山都町,中島西部体育館,山都町北中島1717,32.738689,130.899791,125,125,kumamoto_portal_map,2026-07-31T09:37:38+09:00,c9be9887587156b92cc03ebf,parsed,https://portal.bousai.pref.kumamoto.jp/data/shelter/shelter.json
00001795,434477,山都町,中島西部地区ふれあいセンター,山都町北中島688,32.7382214910584,130.900286436081,15,15,kumamoto_portal_map,2026-07-31T09:37:38+09:00,e1fbe7a3555e39662fc8628d,parsed,https://portal.bousai.pref.kumamoto.jp/data/shelter/shelter.json
00001844,434477,山都町,二瀬本コミュニティセンター,山都町二瀬本27,32.743183,131.183318,25,25,kumamoto_portal_map,2026-07-31T09:37:38+09:00,3bfa12162eb15eca5563a22c,parsed,https://portal.bousai.pref.kumamoto.jp/data/shelter/shelter.json
00001824,434477,山都町,井無田公民館,山都町井無田1385-3,32.732888,131.102315,15,15,kumamoto_portal_map,2026-07-31T09:37:38+09:00,47157f9c92e7072ea0e29429,parsed,https://portal.bousai.pref.kumamoto.jp/data/shelter/shelter.json
00001808,434477,山都町,人権センター,山都町浜町30-1,32.686897,130.990224,50,50,kumamoto_portal_map,2026-07-31T09:37:38+09:00,5d8b0e6d791f2e578c329b87,parsed,https://portal.bousai.pref.kumamoto.jp/data/shelter/shelter.json
00001807,434477,山都町,保健福祉センター千寿苑,山都町千滝232,32.679814,130.985308,100,100,kumamoto_portal_map,2026-07-31T09:37:38+09:00,8dc224463873df660de330d5,parsed,https://portal.bousai.pref.kumamoto.jp/data/shelter/shelter.json
00001802,434477,山都町,北浜館,山都町杉木472-1,32.71676,130.987147,25,25,kumamoto_portal_map,2026-07-31T09:37:38+09:00,f67589fb41198729dc7c5939,parsed,https://portal.bousai.pref.kumamoto.jp/data/shelter/shelter.json
00001793,434477,山都町,原コミュニティ施設,山都町原304,32.711012,130.956993,25,25,kumamoto_portal_map,2026-07-31T09:37:38+09:00,4ef40221595ec71e4ec73d3a,parsed,https://portal.bousai.pref.kumamoto.jp/data/shelter/shelter.json
00001830,434477,山都町,安方婦人若者等活動促進施設,山都町安方171,32.704867,131.12757,25,25,kumamoto_portal_map,2026-07-31T09:37:38+09:00,bfd0c84095972c8cb03372db,parsed,https://portal.bousai.pref.kumamoto.jp/data/shelter/shelter.json
00002233,434477,山都町,寺川公民館,熊本県山都町上寺740-1,32.6972450468211,130.979553903909,15,15,kumamoto_portal_map,2026-07-31T09:37:38+09:00,d78ccdde48057744f405b18a,parsed,https://portal.bousai.pref.kumamoto.jp/data/shelter/shelter.json
00001826,434477,山都町,小峰体育館,山都町小峰1385,32.670883,131.071456,125,125,kumamoto_portal_map,2026-07-31T09:37:38+09:00,3e724e838f074a44fd89edb3,parsed,https://portal.bousai.pref.kumamoto.jp/data/shelter/shelter.json
00001827,434477,山都町,山都町役場清和支所,山都町大平385,32.691454,131.086991,75,75,kumamoto_portal_map,2026-07-31T09:37:38+09:00,694ce11a6f02603504c2da89,parsed,https://portal.bousai.pref.kumamoto.jp/data/shelter/shelter.json
00001838,434477,山都町,山都町役場蘇陽支所,山都町今500,32.724634,131.165513,125,125,kumamoto_portal_map,2026-07-31T09:37:38+09:00,4d80aaace65ddb98683c89f8,parsed,https://portal.bousai.pref.kumamoto.jp/data/shelter/shelter.json
00002203,434477,山都町,山都総合体育館パスレル,熊本県上益城郡山都町長原739-3,32.6763998645476,130.988219976425,200,200,kumamoto_portal_map,2026-07-31T09:37:38+09:00,a69a22d245d3bec53c078f0c,parsed,https://portal.bousai.pref.kumamoto.jp/data/shelter/shelter.json
00001794,434477,山都町,島木改善センター,山都町島木2391-2,32.711245,130.913702,25,25,kumamoto_portal_map,2026-07-31T09:37:38+09:00,fa0b3998fcc76f5a8fcb3e4d,parsed,https://portal.bousai.pref.kumamoto.jp/data/shelter/shelter.json
00001822,434477,山都町,川内公民館,山都町川野1751-1,32.679188,131.036425,15,15,kumamoto_portal_map,2026-07-31T09:37:38+09:00,ebcbf481bd27362dba8437db,parsed,https://portal.bousai.pref.kumamoto.jp/data/shelter/shelter.json
00001812,434477,山都町,新藤公民館,山都町新小589-1,32.66053,131.003912,15,15,kumamoto_portal_map,2026-07-31T09:37:38+09:00,37a0851a729a0348b78f7b3c,parsed,https://portal.bousai.pref.kumamoto.jp/data/shelter/shelter.json
00002238,434477,山都町,方ケ野地区自活センター,熊本県上益城郡山都町方ケ野180-1,32.6926719159275,131.116193532944,20,20,kumamoto_portal_map,2026-07-31T09:37:38+09:00,b9b5b75e42c0048b403b1372,parsed,https://portal.bousai.pref.kumamoto.jp/data/shelter/shelter.json
00001825,434477,山都町,旧朝日小学校(体育館含む),山都町井無田1144,32.731591,131.104307,200,200,kumamoto_portal_map,2026-07-31T09:37:38+09:00,70f12e41c00c9a772b2c8913,parsed,https://portal.bousai.pref.kumamoto.jp/data/shelter/shelter.json
00001811,434477,山都町,旧白糸保育園,山都町新小851,32.668699,130.990836,25,25,kumamoto_portal_map,2026-07-31T09:37:38+09:00,9a7307315e5fb6ed5b8ee713,parsed,https://portal.bousai.pref.kumamoto.jp/data/shelter/shelter.json
00001833,434477,山都町,木原谷体育館,山都町木原谷355,32.654024,131.046314,75,75,kumamoto_portal_map,2026-07-31T09:37:38+09:00,43357b492957a6bfe50d4f54,parsed,https://portal.bousai.pref.kumamoto.jp/data/shelter/shelter.json
00001849,434477,山都町,東竹原老人憩いの家,山都町東竹原285-1,32.791025,131.17684,25,25,kumamoto_portal_map,2026-07-31T09:37:38+09:00,a039218107f551c6b1c289c1,parsed,https://portal.bousai.pref.kumamoto.jp/data/shelter/shelter.json
00001846,434477,山都町,橘地区交流館,山都町橘135-2,32.751666,131.223592,15,15,kumamoto_portal_map,2026-07-31T09:37:38+09:00,cca42c8caff00e76d27e17c8,parsed,https://portal.bousai.pref.kumamoto.jp/data/shelter/shelter.json
00001815,434477,山都町,津留公民館,山都町津留1024-2,32.64049,130.98684,15,15,kumamoto_portal_map,2026-07-31T09:37:38+09:00,aaa28a87a79debdc154a8d32,parsed,https://portal.bousai.pref.kumamoto.jp/data/shelter/shelter.json
00001828,434477,山都町,清和山村基幹集落センター,山都町大平306-1,32.68881564739307,131.08750904418287,150,150,kumamoto_portal_map,2026-07-31T09:37:38+09:00,3a15a1b14a05858f1e7f69d2,parsed,https://portal.bousai.pref.kumamoto.jp/data/shelter/shelter.json
00002124,434477,山都町,清和山村基幹集落センター,山都町大平306-1,32.6890583614393,131.084950974913,75,75,kumamoto_portal_map,2026-07-31T09:37:38+09:00,3a15a1b14a05858f1e7f69d2,parsed,https://portal.bousai.pref.kumamoto.jp/data/shelter/shelter.json
00001823,434477,山都町,潤徳小学校体育館,山都町入佐264,32.693707,130.998192,100,100,kumamoto_portal_map,2026-07-31T09:37:38+09:00,6b123a0c0686ba164be7b88b,parsed,https://portal.bousai.pref.kumamoto.jp/data/shelter/shelter.json
00001800,434477,山都町,牧野公民館,山都町牧野1793-1,32.665757,130.980392,15,15,kumamoto_portal_map,2026-07-31T09:37:38+09:00,ca3aaf0ad439da81209a6b0f,parsed,https://portal.bousai.pref.kumamoto.jp/data/shelter/shelter.json
00001848,434477,山都町,猿丸公民館,山都町柳272-7,32.807942,131.162232,25,25,kumamoto_portal_map,2026-07-31T09:37:38+09:00,781fc772fcd44c55ef13be43,parsed,https://portal.bousai.pref.kumamoto.jp/data/shelter/shelter.json
00001792,434477,山都町,田小野コミュニティ供用施設,山都町田小野327-1,32.728572,130.972854,25,25,kumamoto_portal_map,2026-07-31T09:37:38+09:00,f7550e59921501c6cce7a5d5,parsed,https://portal.bousai.pref.kumamoto.jp/data/shelter/shelter.json
00002235,434477,山都町,田所公民館,熊本県上益城郡山都町田所101,32.6708186447505,131.018743515015,15,15,kumamoto_portal_map,2026-07-31T09:37:38+09:00,65e1e35ab28b8f0d21286712,parsed,https://portal.bousai.pref.kumamoto.jp/data/shelter/shelter.json
00001810,434477,山都町,白糸第一体育館,山都町新小886,32.667427,130.992875,100,100,kumamoto_portal_map,2026-07-31T09:37:38+09:00,d9125e781a8ff243128b49d1,parsed,https://portal.bousai.pref.kumamoto.jp/data/shelter/shelter.json
00001814,434477,山都町,白糸第三小学校(体育館含む),山都町目丸2472,32.635879,130.975941,200,200,kumamoto_portal_map,2026-07-31T09:37:38+09:00,d92bd1d12afe28182a79f6bd,parsed,https://portal.bousai.pref.kumamoto.jp/data/shelter/shelter.json
00001813,434477,山都町,白糸第二小学校(体育館含む),山都町菅2287,32.650057,131.024719,200,200,kumamoto_portal_map,2026-07-31T09:37:38+09:00,e7c38f41e30d4fe30b8a3f5e,parsed,https://portal.bousai.pref.kumamoto.jp/data/shelter/shelter.json
00001835,434477,山都町,百枝集落センター,山都町上差尾273-2,32.744543,131.125696,25,25,kumamoto_portal_map,2026-07-31T09:37:38+09:00,cf44e98f87ea5153ff7d37f8,parsed,https://portal.bousai.pref.kumamoto.jp/data/shelter/shelter.json
00001820,434477,山都町,皆和,山都町男成1252-3,32.68067,131.020196,25,25,kumamoto_portal_map,2026-07-31T09:37:38+09:00,6d212272bb81be5d0ec3dce1,parsed,https://portal.bousai.pref.kumamoto.jp/data/shelter/shelter.json
00001804,434477,山都町,矢部中学校体育館,山都町城平527,32.69416,130.988929,150,150,kumamoto_portal_map,2026-07-31T09:37:38+09:00,e8e1a4c52c021b2b2d4bac14,parsed,https://portal.bousai.pref.kumamoto.jp/data/shelter/shelter.json
00001805,434477,山都町,矢部小学校体育館,山都町下馬尾17,32.682941,130.981358,150,150,kumamoto_portal_map,2026-07-31T09:37:38+09:00,f58dcbf2a4e58589b821a885,parsed,https://portal.bousai.pref.kumamoto.jp/data/shelter/shelter.json
00001803,434477,山都町,矢部高校第2体育館,山都町城平954,32.687344,130.993882,25,25,kumamoto_portal_map,2026-07-31T09:37:38+09:00,41765dd4c7aaf5a287d70a82,parsed,https://portal.bousai.pref.kumamoto.jp/data/shelter/shelter.json
00001818,434477,山都町,稲生野公民館,山都町御所1486,32.740764,131.049095,15,15,kumamoto_portal_map,2026-07-31T09:37:38+09:00,68994cc2adff5e5dae6a5c9c,parsed,https://portal.bousai.pref.kumamoto.jp/data/shelter/shelter.json
00002236,434477,山都町,米生多目的集会所,熊本県上益城郡山都町須原165-1,32.6865408973093,131.07702255249,30,30,kumamoto_portal_map,2026-07-31T09:37:38+09:00,9acc4462d4bd358e0c66dcaa,parsed,https://portal.bousai.pref.kumamoto.jp/data/shelter/shelter.json
00002306,434477,山都町,総合体育館パスレル,熊本県山都町千滝271,32.678389020000054,130.98075272000005,200,200,kumamoto_portal_map,2026-07-31T09:37:38+09:00,57e382d42fb88587c270d091,parsed,https://portal.bousai.pref.kumamoto.jp/data/shelter/shelter.json
00001845,434477,山都町,花上多目的集会所,山都町花上842,32.729606,131.192146,25,25,kumamoto_portal_map,2026-07-31T09:37:38+09:00,7de418199365630b93286917,parsed,https://portal.bousai.pref.kumamoto.jp/data/shelter/shelter.json
00001836,434477,山都町,菅尾コミュニティセンター,山都町菅尾980,32.712741,131.147529,25,25,kumamoto_portal_map,2026-07-31T09:37:38+09:00,33b829b93a7ac7568be51dfb,parsed,https://portal.bousai.pref.kumamoto.jp/data/shelter/shelter.json
00001837,434477,山都町,菅尾老人福祉センター,山都町菅尾147-1,32.713094,131.147437,25,25,kumamoto_portal_map,2026-07-31T09:37:38+09:00,41e6c0e767a5d53073c2fbbc,parsed,https://portal.bousai.pref.kumamoto.jp/data/shelter/shelter.json
00001801,434477,山都町,藤木公民館,山都町藤木810-2,32.664379,130.952664,15,15,kumamoto_portal_map,2026-07-31T09:37:38+09:00,26b8a1451a21014fbbddb85d,parsed,https://portal.bousai.pref.kumamoto.jp/data/shelter/shelter.json
00001841,434477,山都町,蘇陽南小学校体育館,山都町馬見原165,32.682564,131.154085,125,125,kumamoto_portal_map,2026-07-31T09:37:38+09:00,63843e94da887378113c5bf9,parsed,https://portal.bousai.pref.kumamoto.jp/data/shelter/shelter.json
00001831,434477,山都町,西緑川多目的集会所,山都町緑川3214,32.640117,131.07236,25,25,kumamoto_portal_map,2026-07-31T09:37:38+09:00,081e0ead97814bd743f1ae24,parsed,https://portal.bousai.pref.kumamoto.jp/data/shelter/shelter.json
00002234,434477,山都町,野尻公民館,熊本県上益城郡山都町野尻741-1,32.6809332200874,131.013464927673,15,15,kumamoto_portal_map,2026-07-31T09:37:38+09:00,f780286114d00a6c99fbaa06,parsed,https://portal.bousai.pref.kumamoto.jp/data/shelter/shelter.json
00001842,434477,山都町,長崎地区交流館,山都町長崎706-5,32.698298,131.160487,25,25,kumamoto_portal_map,2026-07-31T09:37:38+09:00,a90dd9f4bb45c55096165e2b,parsed,https://portal.bousai.pref.kumamoto.jp/data/shelter/shelter.json
00001843,434477,山都町,長谷地区交流館,山都町長谷678-1,32.764833,131.170613,25,25,kumamoto_portal_map,2026-07-31T09:37:38+09:00,7eada94caae3e3494401e5ea,parsed,https://portal.bousai.pref.kumamoto.jp/data/shelter/shelter.json
00001840,434477,山都町,馬見原公民館,山都町馬見原218,32.683736,131.153633,75,75,kumamoto_portal_map,2026-07-31T09:37:38+09:00,d3ee93f1bd7c048d15d9afb5,parsed,https://portal.bousai.pref.kumamoto.jp/data/shelter/shelter.json
00001839,434477,山都町,馬見原西部地区交流館,山都町大野347,32.687543,131.132496,50,50,kumamoto_portal_map,2026-07-31T09:37:38+09:00,1280c0dc0102aa70dd4dfea6,parsed,https://portal.bousai.pref.kumamoto.jp/data/shelter/shelter.json
00002237,434477,山都町,高月集落センター,熊本県上益城郡山都町高月1236,32.7062778417752,131.10324382782,20,20,kumamoto_portal_map,2026-07-31T09:37:38+09:00,eb43562891e8f977b56a8ef4,parsed,https://portal.bousai.pref.kumamoto.jp/data/shelter/shelter.json
00001829,434477,山都町,高松高齢者生産センター,山都町市の原313-2,32.673197,131.101449,50,50,kumamoto_portal_map,2026-07-31T09:37:38+09:00,f408f9dfe738929a109021b8,parsed,https://portal.bousai.pref.kumamoto.jp/data/shelter/shelter.json
00001850,434477,山都町,高辻地区集会所,山都町高辻564-2,32.775669,131.182289,15,15,kumamoto_portal_map,2026-07-31T09:37:38+09:00,4bb7e6e1b906a28d6e13d114,parsed,https://portal.bousai.pref.kumamoto.jp/data/shelter/shelter.json
00001860,434680,氷川町,宮原福祉センター,氷川町宮原702-5,32.554276,130.682351,162,162,kumamoto_portal_map,2026-07-31T09:37:38+09:00,fc074e77115bc57b597e7804,parsed,https://portal.bousai.pref.kumamoto.jp/data/shelter/shelter.json
00001861,434680,氷川町,常葉保育所,氷川町宮原823,32.554187,130.683962,121,121,kumamoto_portal_map,2026-07-31T09:37:38+09:00,9def65bcff09c910eedc0692,parsed,https://portal.bousai.pref.kumamoto.jp/data/shelter/shelter.json
00002334,434680,氷川町,氷川町ウォーキングセンター,熊本県氷川町大野897番地,32.57720908026546,130.69621470829586,,0,kumamoto_portal_map,2026-07-31T09:37:38+09:00,6ebcf6d262f61c463fe47a13,missing_zero,https://portal.bousai.pref.kumamoto.jp/data/shelter/shelter.json
00001859,434680,氷川町,氷川町公民館・宮原公民館,氷川町宮原690-2,32.554026,130.679363,509,509,kumamoto_portal_map,2026-07-31T09:37:38+09:00,903429caa58a3d622e17ab1b,parsed,https://portal.bousai.pref.kumamoto.jp/data/shelter/shelter.json
00001858,434680,氷川町,氷川町及び八代市中学校組合立氷川中学校,氷川町今39,32.553425,130.674219,515,515,kumamoto_portal_map,2026-07-31T09:37:38+09:00,5f38b35639dd3d39a7d2ab24,parsed,https://portal.bousai.pref.kumamoto.jp/data/shelter/shelter.json
00001852,434680,氷川町,氷川町文化センター,氷川町島地642,32.582994,130.673733,190,190,kumamoto_portal_map,2026-07-31T09:37:38+09:00,a1b24b8fb74d08a32789a1d0,parsed,https://portal.bousai.pref.kumamoto.jp/data/shelter/shelter.json
00001857,434680,氷川町,氷川町立宮原小学校,氷川町今762,32.551976,130.681626,365,365,kumamoto_portal_map,2026-07-31T09:37:38+09:00,7111dff8a79f6acb66e0dbb7,parsed,https://portal.bousai.pref.kumamoto.jp/data/shelter/shelter.json
00001855,434680,氷川町,氷川町立竜北中学校,氷川町島地665,32.582578,130.675944,1185,1185,kumamoto_portal_map,2026-07-31T09:37:38+09:00,ad1f3f9bfa02626700e4ef49,parsed,https://portal.bousai.pref.kumamoto.jp/data/shelter/shelter.json
00001853,434680,氷川町,氷川町立竜北東小学校,氷川町野津2336,32.575287,130.690419,318,318,kumamoto_portal_map,2026-07-31T09:37:38+09:00,a3f4c9cad483c158173b689e,parsed,https://portal.bousai.pref.kumamoto.jp/data/shelter/shelter.json
00001854,434680,氷川町,氷川町立竜北西部小学校,氷川町鹿島746,32.582683,130.663728,455,455,kumamoto_portal_map,2026-07-31T09:37:38+09:00,0bb736cb5da0a72616a264b7,parsed,https://portal.bousai.pref.kumamoto.jp/data/shelter/shelter.json
00001856,434680,氷川町,氷川町農産加工研修センター,氷川町鹿島1624-1,32.583975,130.664564,35,35,kumamoto_portal_map,2026-07-31T09:37:38+09:00,81815d6f7091dbe7b6cfa3df,parsed,https://portal.bousai.pref.kumamoto.jp/data/shelter/shelter.json
00001889,434825,芦北町,きずなの里,芦北町大字湯浦1439-1,32.272072,130.499478,75,75,kumamoto_portal_map,2026-07-31T09:37:38+09:00,571e05279c439ad434e10321,parsed,https://portal.bousai.pref.kumamoto.jp/data/shelter/shelter.json
00001873,434825,芦北町,上井牟田地区ふれあいセンター,芦北町井牟田601-1,32.398815,130.526135,20,20,kumamoto_portal_map,2026-07-31T09:37:38+09:00,b3d94c32beb05729c0e48b79,parsed,https://portal.bousai.pref.kumamoto.jp/data/shelter/shelter.json
00001871,434825,芦北町,上田浦地区社会教育センター,芦北町井牟田1800,32.391449,130.517628,135,135,kumamoto_portal_map,2026-07-31T09:37:38+09:00,e4cee0d272a3a1a4148dd1c9,parsed,https://portal.bousai.pref.kumamoto.jp/data/shelter/shelter.json
00001872,434825,芦北町,下井牟田地区ふれあいセンター,芦北町井牟田1234,32.398815,130.526135,20,20,kumamoto_portal_map,2026-07-31T09:37:38+09:00,67130e5d6123f137b69c0faa,parsed,https://portal.bousai.pref.kumamoto.jp/data/shelter/shelter.json
00001895,434825,芦北町,丸米地区生涯学習センター(体育館),芦北町大字丸山305-2,32.249425,130.529871,160,160,kumamoto_portal_map,2026-07-31T09:37:38+09:00,9117fed33328296000b87994,parsed,https://portal.bousai.pref.kumamoto.jp/data/shelter/shelter.json
00001879,434825,芦北町,佐敷中学校(校舎、体育館),芦北町大字花岡496-2,32.299467,130.505926,480,480,kumamoto_portal_map,2026-07-31T09:37:38+09:00,ee4b961e1e810a731d384db2,parsed,https://portal.bousai.pref.kumamoto.jp/data/shelter/shelter.json
00001903,434825,芦北町,佐敷城跡,芦北町大字佐敷49-2,32.302944,130.505649,,,kumamoto_portal_map,2026-07-31T09:37:38+09:00,e0fd2b50a2b3aca0e672d74d,missing,https://portal.bousai.pref.kumamoto.jp/data/shelter/shelter.json
00001875,434825,芦北町,佐敷小学校(校舎、体育館),芦北町大字道川内31,32.307385,130.501702,666,666,kumamoto_portal_map,2026-07-31T09:37:38+09:00,7f6d090f32c9505ad680490e,parsed,https://portal.bousai.pref.kumamoto.jp/data/shelter/shelter.json
00001893,434825,芦北町,内野小学校(校舎、体育館),芦北町大字大川内602,32.245836,130.513911,295,295,kumamoto_portal_map,2026-07-31T09:37:38+09:00,72f932f44ad771a876b3366c,parsed,https://portal.bousai.pref.kumamoto.jp/data/shelter/shelter.json
00001894,434825,芦北町,内野福祉センター,芦北町大字豊岡55-1,32.258674,130.513975,65,65,kumamoto_portal_map,2026-07-31T09:37:38+09:00,4f3d1e896a9ce30fbd21f1dd,parsed,https://portal.bousai.pref.kumamoto.jp/data/shelter/shelter.json
00001896,434825,芦北町,古石地区生涯学習センターみどりの里,芦北町大字古石391-2,32.21647,130.509788,178,178,kumamoto_portal_map,2026-07-31T09:37:38+09:00,334a17a6bffb167faba3d217,parsed,https://portal.bousai.pref.kumamoto.jp/data/shelter/shelter.json
00001885,434825,芦北町,吉尾出張所,芦北町大字吉尾523-2,32.328328,130.582931,61,61,kumamoto_portal_map,2026-07-31T09:37:38+09:00,83a6671d3d563aee41042aa3,parsed,https://portal.bousai.pref.kumamoto.jp/data/shelter/shelter.json
00001884,434825,芦北町,吉尾小学校(体育館),芦北町大字吉尾51,32.332391,130.594432,131,131,kumamoto_portal_map,2026-07-31T09:37:38+09:00,d666c1d1ca42fbf95d08450a,parsed,https://portal.bousai.pref.kumamoto.jp/data/shelter/shelter.json
00001880,434825,芦北町,大尼田地区生涯学習センター(校舎、体育館),芦北町大字大尼田1645,32.320983,130.548203,34,34,kumamoto_portal_map,2026-07-31T09:37:38+09:00,223228f284303016268200a0,parsed,https://portal.bousai.pref.kumamoto.jp/data/shelter/shelter.json
00001886,434825,芦北町,大岩公民館,芦北町大字大岩4495,32.346948,130.580133,23,23,kumamoto_portal_map,2026-07-31T09:37:38+09:00,f5771286b899621d99147d3e,parsed,https://portal.bousai.pref.kumamoto.jp/data/shelter/shelter.json
00001901,434825,芦北町,大瀧神社,芦北町大字白岩,32.308227,130.497818,,,kumamoto_portal_map,2026-07-31T09:37:38+09:00,ec1630398d6a279c4e98e7f9,missing,https://portal.bousai.pref.kumamoto.jp/data/shelter/shelter.json
00001882,434825,芦北町,大野地区構造改善センター,芦北町大字大野51-8,32.260497,130.563421,65,65,kumamoto_portal_map,2026-07-31T09:37:38+09:00,6f1743d8674fa1566403f1b0,parsed,https://portal.bousai.pref.kumamoto.jp/data/shelter/shelter.json
00001883,434825,芦北町,大野小学校(校舎、体育館),芦北町大字市野瀬1119,32.263977,130.564362,253,253,kumamoto_portal_map,2026-07-31T09:37:38+09:00,8efbf305f8c7d2affee49afa,parsed,https://portal.bousai.pref.kumamoto.jp/data/shelter/shelter.json
00001892,434825,芦北町,女島活力推進センターゆめもやい,芦北町大字770-14,32.287117,130.475663,47,47,kumamoto_portal_map,2026-07-31T09:37:38+09:00,dfe2b3be5c54bcc324abafb1,parsed,https://portal.bousai.pref.kumamoto.jp/data/shelter/shelter.json
00001866,434825,芦北町,宮浦地区ふれあいセンター,芦北町小田浦781-2,32.349989,130.506178,30,30,kumamoto_portal_map,2026-07-31T09:37:38+09:00,28a5144455a8811d682d7c2b,parsed,https://portal.bousai.pref.kumamoto.jp/data/shelter/shelter.json
00001865,434825,芦北町,小田浦地区生涯学習センター(校舎),芦北町小田浦3339,32.347006,130.500331,44,44,kumamoto_portal_map,2026-07-31T09:37:38+09:00,5492dc73aa0882b91d95d6d2,parsed,https://portal.bousai.pref.kumamoto.jp/data/shelter/shelter.json
00001867,434825,芦北町,小田浦福祉センター,芦北町小田浦1610-25,32.347609,130.50165,89,89,kumamoto_portal_map,2026-07-31T09:37:38+09:00,ef5129d3f48d07029d092c7a,parsed,https://portal.bousai.pref.kumamoto.jp/data/shelter/shelter.json
00001897,434825,芦北町,御立岬管理棟(駐車場),芦北町田浦町135-1,32.361666,130.503707,,,kumamoto_portal_map,2026-07-31T09:37:38+09:00,1570a3062900045b5593cb5c,missing,https://portal.bousai.pref.kumamoto.jp/data/shelter/shelter.json
00001874,434825,芦北町,旧計石小学校(校舎),芦北町大字計石2963,32.301027,130.479326,222,222,kumamoto_portal_map,2026-07-31T09:37:38+09:00,3b4fb97ea1846cfdf6125100,parsed,https://portal.bousai.pref.kumamoto.jp/data/shelter/shelter.json
00001904,434825,芦北町,沖農村公園,芦北町大字女島3413,32.28209,130.481721,,,kumamoto_portal_map,2026-07-31T09:37:38+09:00,ab04899f149a549e2ecb375f,missing,https://portal.bousai.pref.kumamoto.jp/data/shelter/shelter.json
00001869,434825,芦北町,海浦地区公民館,芦北町海浦1196-1,32.331401,130.48523,20,20,kumamoto_portal_map,2026-07-31T09:37:38+09:00,6b2a78597fa764bf51c62ef1,parsed,https://portal.bousai.pref.kumamoto.jp/data/shelter/shelter.json
00001891,434825,芦北町,湯浦中学校(校舎、体育館),芦北町大字湯浦369,32.267734,130.501617,448,448,kumamoto_portal_map,2026-07-31T09:37:38+09:00,6ece0c8242f7c9f91bd680af,parsed,https://portal.bousai.pref.kumamoto.jp/data/shelter/shelter.json
00001890,434825,芦北町,湯浦小学校(校舎、体育館),芦北町大字湯浦1396,32.269583,130.498223,453,453,kumamoto_portal_map,2026-07-31T09:37:38+09:00,5327abc758bf2ed89b9fdb7e,parsed,https://portal.bousai.pref.kumamoto.jp/data/shelter/shelter.json
00001862,434825,芦北町,田浦中学校(校舎、体育館),芦北町田浦760,32.362341,130.513745,307,307,kumamoto_portal_map,2026-07-31T09:37:38+09:00,14208318a0682c89ebd1b876,parsed,https://portal.bousai.pref.kumamoto.jp/data/shelter/shelter.json
00001863,434825,芦北町,田浦小学校(校舎、体育館),芦北町田浦840,32.361802,130.512546,437,437,kumamoto_portal_map,2026-07-31T09:37:38+09:00,6e72db756de4dc003d10b46a,parsed,https://portal.bousai.pref.kumamoto.jp/data/shelter/shelter.json
00001898,434825,芦北町,田浦支所(2階),芦北町大字田浦町653,32.363993,130.508023,,,kumamoto_portal_map,2026-07-31T09:37:38+09:00,5aaad7d7d8c436cf97957581,missing,https://portal.bousai.pref.kumamoto.jp/data/shelter/shelter.json
00001881,434825,芦北町,町立公民館大野分館,芦北町大字天月1344-2,32.29115,130.58298,32,32,kumamoto_portal_map,2026-07-31T09:37:38+09:00,b334bb9fba85fd72df7e5c3f,parsed,https://portal.bousai.pref.kumamoto.jp/data/shelter/shelter.json
00001870,434825,芦北町,県立あしきた青少年の家,芦北町大字鶴木山,32.311553,130.472873,992,992,kumamoto_portal_map,2026-07-31T09:37:38+09:00,db741ff3dd3520f52d9c3d7b,parsed,https://portal.bousai.pref.kumamoto.jp/data/shelter/shelter.json
00001876,434825,芦北町,県立芦北高等学校,芦北町大字乙千屋20-2,32.307163,130.507076,700,700,kumamoto_portal_map,2026-07-31T09:37:38+09:00,250d37e6cd0f292eccd56f97,parsed,https://portal.bousai.pref.kumamoto.jp/data/shelter/shelter.json
00001868,434825,芦北町,芦北幼稚園(校舎、体育館),芦北町海浦1315,32.327274,130.482144,359,359,kumamoto_portal_map,2026-07-31T09:37:38+09:00,62ca0c20929c9b89d20ec90a,parsed,https://portal.bousai.pref.kumamoto.jp/data/shelter/shelter.json
00001900,434825,芦北町,芦北海浜総合公園,芦北町大字鶴木山1400,32.319144,130.470978,,,kumamoto_portal_map,2026-07-31T09:37:38+09:00,59171aa48b200da3d64fe7c9,missing,https://portal.bousai.pref.kumamoto.jp/data/shelter/shelter.json
00001864,434825,芦北町,芦北町地域活性化センター,芦北町田浦町653,32.363993,130.508023,351,351,kumamoto_portal_map,2026-07-31T09:37:38+09:00,c0e6ee6b4aa7a823a2e5b7a6,parsed,https://portal.bousai.pref.kumamoto.jp/data/shelter/shelter.json
00001878,434825,芦北町,芦北町地域資源活用総合交流促進施設,芦北町大字花岡1705-1,32.301719,130.50043,232,232,kumamoto_portal_map,2026-07-31T09:37:38+09:00,8a1c33c8b6694847f8e4ee61,parsed,https://portal.bousai.pref.kumamoto.jp/data/shelter/shelter.json
00001888,434825,芦北町,芦北町多目的研修センター,芦北町大字湯浦208,32.27265,130.500431,133,133,kumamoto_portal_map,2026-07-31T09:37:38+09:00,43970bd745f3836b2d3c05b4,parsed,https://portal.bousai.pref.kumamoto.jp/data/shelter/shelter.json
00001902,434825,芦北町,芦北町役場,芦北町大字芦北2015-1,32.299102,130.493116,,,kumamoto_portal_map,2026-07-31T09:37:38+09:00,bbee1ba3d862d75a03c74e12,missing,https://portal.bousai.pref.kumamoto.jp/data/shelter/shelter.json
00001877,434825,芦北町,芦北町民総合センター,芦北町大字花岡1705-1,32.301719,130.50043,811,811,kumamoto_portal_map,2026-07-31T09:37:38+09:00,2832c36a869b741cd71ece20,parsed,https://portal.bousai.pref.kumamoto.jp/data/shelter/shelter.json
00001887,434825,芦北町,芦北福祉センター,芦北町大字湯浦213,32.272694,130.500703,282,282,kumamoto_portal_map,2026-07-31T09:37:38+09:00,e92581cc61c437ad87af5c8e,parsed,https://portal.bousai.pref.kumamoto.jp/data/shelter/shelter.json
00001899,434825,芦北町,黒崎霊園,芦北町大字田浦町428-2,32.358949,130.498858,,,kumamoto_portal_map,2026-07-31T09:37:38+09:00,71ef4f539efb48da9755d867,missing,https://portal.bousai.pref.kumamoto.jp/data/shelter/shelter.json
00001909,434841,津奈木町,B&G体育館,津奈木町大字小津奈木2114-9,32.233874,130.438405,500,500,kumamoto_portal_map,2026-07-31T09:37:38+09:00,b632d87254360aaae4390a6b,parsed,https://portal.bousai.pref.kumamoto.jp/data/shelter/shelter.json
00001905,434841,津奈木町,つなぎ文化センター,津奈木町大字岩城1588-2,32.230714,130.45644,800,800,kumamoto_portal_map,2026-07-31T09:37:38+09:00,5dba7399f2ebfe2aa16afcf7,parsed,https://portal.bousai.pref.kumamoto.jp/data/shelter/shelter.json
00001913,434841,津奈木町,平国コミュニティセンター,津奈木町大字福浜3496-13,32.271037,130.449441,300,300,kumamoto_portal_map,2026-07-31T09:37:38+09:00,f60b77fdd104e4b6560d33b2,parsed,https://portal.bousai.pref.kumamoto.jp/data/shelter/shelter.json
00001915,434841,津奈木町,日当高台(町道辻線),津奈木町大字福浜,32.253625,130.437079,500,500,kumamoto_portal_map,2026-07-31T09:37:38+09:00,deabce157feaa4a3ed8d7d3e,parsed,https://portal.bousai.pref.kumamoto.jp/data/shelter/shelter.json
00001916,434841,津奈木町,日添高台(広域農道),津奈木町大字福浜,32.253625,130.437079,500,500,kumamoto_portal_map,2026-07-31T09:37:38+09:00,bfbd3286b7da62adebca6e25,parsed,https://portal.bousai.pref.kumamoto.jp/data/shelter/shelter.json
00001912,434841,津奈木町,旧平国小学校,津奈木町大字福浜3503,32.269759,130.450016,1000,1000,kumamoto_portal_map,2026-07-31T09:37:38+09:00,5354aad44f116c5c9e6e0db8,parsed,https://portal.bousai.pref.kumamoto.jp/data/shelter/shelter.json
00001910,434841,津奈木町,旧赤崎小学校,津奈木町大字福浜165,32.252691,130.431408,1000,1000,kumamoto_portal_map,2026-07-31T09:37:38+09:00,df6f9a64562056d286f00722,parsed,https://portal.bousai.pref.kumamoto.jp/data/shelter/shelter.json
00001907,434841,津奈木町,津奈木中学校,津奈木町大字岩城425,32.233103,130.455626,1000,1000,kumamoto_portal_map,2026-07-31T09:37:38+09:00,d2f843a3543d83a51a45fc8d,parsed,https://portal.bousai.pref.kumamoto.jp/data/shelter/shelter.json
00001906,434841,津奈木町,津奈木小学校,津奈木町大字岩城1470,32.228362,130.456704,1000,1000,kumamoto_portal_map,2026-07-31T09:37:38+09:00,5a231177fd5088a23a01e632,parsed,https://portal.bousai.pref.kumamoto.jp/data/shelter/shelter.json
00001914,434841,津奈木町,福浦公民館,津奈木町大字福浜4695-26,32.277948,130.462498,80,80,kumamoto_portal_map,2026-07-31T09:37:38+09:00,57e24ac9b5fb08c2ad39a282,parsed,https://portal.bousai.pref.kumamoto.jp/data/shelter/shelter.json
00001917,434841,津奈木町,福浦高台(県道),津奈木町大字福浜,32.253625,130.437079,500,500,kumamoto_portal_map,2026-07-31T09:37:38+09:00,af513288e0f9d41866f9c67e,parsed,https://portal.bousai.pref.kumamoto.jp/data/shelter/shelter.json
00001911,434841,津奈木町,赤崎漁村センター,津奈木町大字福浜627-2,32.252833,130.436368,300,300,kumamoto_portal_map,2026-07-31T09:37:38+09:00,cf3c2d4eaf65267730d0f592,parsed,https://portal.bousai.pref.kumamoto.jp/data/shelter/shelter.json
00001908,434841,津奈木町,農業就業改善センター,津奈木町大字小津奈木2123,32.233961,130.440149,500,500,kumamoto_portal_map,2026-07-31T09:37:38+09:00,76ab26b9ef4cc0c2f37c2d2a,parsed,https://portal.bousai.pref.kumamoto.jp/data/shelter/shelter.json
00000627,435015,錦町,一武小学校体育館,錦町大字一武2658,32.198188,130.842845,500,500,kumamoto_portal_map,2026-07-31T09:37:38+09:00,4bc3bf32b6b4501f6140f587,parsed,https://portal.bousai.pref.kumamoto.jp/data/shelter/shelter.json
00002261,435015,錦町,人吉海軍航空基地資料館,熊本県錦町大字木上西2-107,32.22071620776542,130.8153247833252,200,200,kumamoto_portal_map,2026-07-31T09:37:38+09:00,8581d52637ce4ebcb07902f8,parsed,https://portal.bousai.pref.kumamoto.jp/data/shelter/shelter.json
00001920,435015,錦町,木上コミュニティセンター,錦町大字木上北2737,32.227768,130.840728,200,200,kumamoto_portal_map,2026-07-31T09:37:38+09:00,a8b565e690adc598d40f4abf,parsed,https://portal.bousai.pref.kumamoto.jp/data/shelter/shelter.json
00000628,435015,錦町,木上小学校体育館,錦町大字木上北2737,32.227768,130.840728,500,500,kumamoto_portal_map,2026-07-31T09:37:38+09:00,b9570f7f1cbb4dc1750f46f2,parsed,https://portal.bousai.pref.kumamoto.jp/data/shelter/shelter.json
00000630,435015,錦町,特別養護老人ホームにしき園,錦町大字木上北150-1,32.226304,130.812983,50,50,kumamoto_portal_map,2026-07-31T09:37:38+09:00,eff94368632f7901f0769bb8,parsed,https://portal.bousai.pref.kumamoto.jp/data/shelter/shelter.json
00000631,435015,錦町,特別養護老人ホーム錦寿豊苑,錦町大字一武1234,32.203712,130.832095,8,8,kumamoto_portal_map,2026-07-31T09:37:38+09:00,4e84a62c2f86f2a7f1c978a9,parsed,https://portal.bousai.pref.kumamoto.jp/data/shelter/shelter.json
00001918,435015,錦町,西コミュニティセンター,錦町大字西266,32.192505,130.823113,200,200,kumamoto_portal_map,2026-07-31T09:37:38+09:00,8413f412a6d97a87be877ebd,parsed,https://portal.bousai.pref.kumamoto.jp/data/shelter/shelter.json
00000626,435015,錦町,西小学校体育館,錦町大字西1132,32.199221,130.819732,500,500,kumamoto_portal_map,2026-07-31T09:37:38+09:00,a5b326b8796d5f671f98e34d,parsed,https://portal.bousai.pref.kumamoto.jp/data/shelter/shelter.json
00000629,435015,錦町,錦中学校体育館,錦町大字一武1115,32.201748,130.830098,800,800,kumamoto_portal_map,2026-07-31T09:37:38+09:00,4bfa42c085e9bb9b081e8081,parsed,https://portal.bousai.pref.kumamoto.jp/data/shelter/shelter.json
00000625,435015,錦町,錦勤労者体育センター,錦町大字一武1930,32.203482,130.839353,1000,1000,kumamoto_portal_map,2026-07-31T09:37:38+09:00,41663b4c45043f2569400d03,parsed,https://portal.bousai.pref.kumamoto.jp/data/shelter/shelter.json
00001919,435015,錦町,錦町総合福祉センター,錦町大字一武1587,32.201196,130.841123,200,200,kumamoto_portal_map,2026-07-31T09:37:38+09:00,08101330bd435749fbae23eb,parsed,https://portal.bousai.pref.kumamoto.jp/data/shelter/shelter.json
00002257,435058,多良木町,久米小学校体育館,熊本県多良木町大字久米128,32.24890901853237,130.95968577777967,,0,kumamoto_portal_map,2026-07-31T09:37:38+09:00,3aae012f6fb67cbf1c04cfcd,missing_zero,https://portal.bousai.pref.kumamoto.jp/data/shelter/shelter.json
00000640,435058,多良木町,元下槻木小学校体育館,多良木町大字槻木583,32.18517,131.066146,168,168,kumamoto_portal_map,2026-07-31T09:37:38+09:00,fc2a20cfbea103ce6d9db215,parsed,https://portal.bousai.pref.kumamoto.jp/data/shelter/shelter.json
00001923,435058,多良木町,八日原運動広場,熊本県球磨郡多良木町大字多良木980,32.273458,130.951354,16000,16000,kumamoto_portal_map,2026-07-31T09:37:38+09:00,01b5b45948502b5ba0a2b1ca,parsed,https://portal.bousai.pref.kumamoto.jp/data/shelter/shelter.json
00001925,435058,多良木町,多良木中学校運動場,熊本県球磨郡多良木町大字多良木1736,32.266091,130.933089,16098,16098,kumamoto_portal_map,2026-07-31T09:37:38+09:00,36dfec81d4b9d15efe63709f,parsed,https://portal.bousai.pref.kumamoto.jp/data/shelter/shelter.json
00000637,435058,多良木町,多良木小学校体育館,多良木町大字多良木876,32.262309,130.940472,544,544,kumamoto_portal_map,2026-07-31T09:37:38+09:00,08c0ea931da312e1a121a9bd,parsed,https://portal.bousai.pref.kumamoto.jp/data/shelter/shelter.json
00001926,435058,多良木町,多良木小学校運動場,熊本県球磨郡多良木町大字多良木876,32.262309,130.940472,11321,11321,kumamoto_portal_map,2026-07-31T09:37:38+09:00,663f94706cb4c2ac208ec455,parsed,https://portal.bousai.pref.kumamoto.jp/data/shelter/shelter.json
00000634,435058,多良木町,多良木町保健センター,多良木町大字多良木1586,32.264544,130.936661,154,154,kumamoto_portal_map,2026-07-31T09:37:38+09:00,39240ff518e0d8daf5523550,parsed,https://portal.bousai.pref.kumamoto.jp/data/shelter/shelter.json
00000633,435058,多良木町,多良木町多目的研修センター,多良木町大字多良木1586,32.264544,130.936661,331,331,kumamoto_portal_map,2026-07-31T09:37:38+09:00,e1c40cdc28cce2123cf47f57,parsed,https://portal.bousai.pref.kumamoto.jp/data/shelter/shelter.json
00000632,435058,多良木町,多良木町役場内休憩室,多良木町大字多良木1648,32.264392,130.936336,43,43,kumamoto_portal_map,2026-07-31T09:37:38+09:00,102eb35c3902d09facb2b1d5,parsed,https://portal.bousai.pref.kumamoto.jp/data/shelter/shelter.json
00000635,435058,多良木町,多良木町武道館,多良木町大字多良木1471-1,32.260684,130.93397,322,322,kumamoto_portal_map,2026-07-31T09:37:38+09:00,5bcec5bbafc9e1ef524f4664,parsed,https://portal.bousai.pref.kumamoto.jp/data/shelter/shelter.json
00000636,435058,多良木町,多良木町民体育館,多良木町大字多良木1467-3,32.26095,130.932395,799,799,kumamoto_portal_map,2026-07-31T09:37:38+09:00,5eebf8167796398937b82b8a,parsed,https://portal.bousai.pref.kumamoto.jp/data/shelter/shelter.json
00000639,435058,多良木町,槻木小学校体育館,多良木町大字槻木713-1,32.203411,131.028927,484,484,kumamoto_portal_map,2026-07-31T09:37:38+09:00,0b1bd8f43b50e62bb94d5b14,parsed,https://portal.bousai.pref.kumamoto.jp/data/shelter/shelter.json
00001924,435058,多良木町,町民広場,熊本県球磨郡多良木町大字多良木850-1,32.27765,130.962211,3500,3500,kumamoto_portal_map,2026-07-31T09:37:38+09:00,c2078771b34d06484151d914,parsed,https://portal.bousai.pref.kumamoto.jp/data/shelter/shelter.json
00001922,435058,多良木町,祓川運動広場,熊本県球磨郡多良木町大字黒肥地4939-1,32.275202,130.940705,5000,5000,kumamoto_portal_map,2026-07-31T09:37:38+09:00,8e6c56aa181d8183cf151334,parsed,https://portal.bousai.pref.kumamoto.jp/data/shelter/shelter.json
00000638,435058,多良木町,黒肥地小学校体育館,多良木町大字黒肥地1629,32.275841,130.942119,315,315,kumamoto_portal_map,2026-07-31T09:37:38+09:00,88df3d8fe78aaf3477aad99b,parsed,https://portal.bousai.pref.kumamoto.jp/data/shelter/shelter.json
00001921,435058,多良木町,黒肥地小学校運動場,熊本県球磨郡多良木町大字黒肥地1629,32.275841,130.942119,12158,12158,kumamoto_portal_map,2026-07-31T09:37:38+09:00,008bb0995aaab32b3ba70f0c,parsed,https://portal.bousai.pref.kumamoto.jp/data/shelter/shelter.json
00001933,435066,湯前町,旧南部保育所,湯前町3446-1,32.264449,130.981874,,0,kumamoto_portal_map,2026-07-31T09:37:38+09:00,de359881656a100a08a9d045,missing_zero,https://portal.bousai.pref.kumamoto.jp/data/shelter/shelter.json
00001930,435066,湯前町,湯前町B&G海洋センター,湯前町1693-2,32.272488,130.997314,551,551,kumamoto_portal_map,2026-07-31T09:37:38+09:00,6dd9a29928ca1427cc3f99ff,parsed,https://portal.bousai.pref.kumamoto.jp/data/shelter/shelter.json
00001927,435066,湯前町,湯前町保健センター,湯前町1984,32.276762,130.980765,215,215,kumamoto_portal_map,2026-07-31T09:37:38+09:00,eedabbcaf9eb0a1260aeaa93,parsed,https://portal.bousai.pref.kumamoto.jp/data/shelter/shelter.json
00002205,435066,湯前町,湯前町役場,熊本県湯前町1989-1,32.276293379219496,130.98084390163422,20,20,kumamoto_portal_map,2026-07-31T09:37:38+09:00,d67e62e8db4ec7be50d0e6a8,parsed,https://portal.bousai.pref.kumamoto.jp/data/shelter/shelter.json
00000641,435066,湯前町,湯前町福祉センター,湯前町1693-37,32.27244,130.995589,20,20,kumamoto_portal_map,2026-07-31T09:37:38+09:00,a281527a072bd3382135ff36,parsed,https://portal.bousai.pref.kumamoto.jp/data/shelter/shelter.json
00001932,435066,湯前町,湯前町立湯前中学校,湯前町2643,32.275112,130.986537,569,569,kumamoto_portal_map,2026-07-31T09:37:38+09:00,8906eebdda5a7e48138eb800,parsed,https://portal.bousai.pref.kumamoto.jp/data/shelter/shelter.json
00001931,435066,湯前町,湯前町立湯前小学校,湯前町2120,32.275665,130.985348,773,773,kumamoto_portal_map,2026-07-31T09:37:38+09:00,3b1577b6af594e38b0d9ee2c,parsed,https://portal.bousai.pref.kumamoto.jp/data/shelter/shelter.json
00001929,435066,湯前町,湯前町農村環境改善センター,湯前町1834-1,32.280692,130.981132,548,548,kumamoto_portal_map,2026-07-31T09:37:38+09:00,7bef92f2431e08b06e2a9b53,parsed,https://portal.bousai.pref.kumamoto.jp/data/shelter/shelter.json
00001928,435066,湯前町,湯前町避難防災交流施設,湯前町1822-4,32.281492,130.980426,,0,kumamoto_portal_map,2026-07-31T09:37:38+09:00,2e3c0e7e0bd2ef1eb4defb3e,missing_zero,https://portal.bousai.pref.kumamoto.jp/data/shelter/shelter.json
00000642,435066,湯前町,特別養護老人ホーム福寿荘,湯前町836,32.273863,130.996725,20,20,kumamoto_portal_map,2026-07-31T09:37:38+09:00,80f4188ad3eb3cd026a4cf0c,parsed,https://portal.bousai.pref.kumamoto.jp/data/shelter/shelter.json
00001947,435074,水上村,上楠公民分館,水上村大字岩野2498-1,32.296307,130.98562,30,30,kumamoto_portal_map,2026-07-31T09:37:38+09:00,e0f7e5204e19594950959a57,parsed,https://portal.bousai.pref.kumamoto.jp/data/shelter/shelter.json
00001936,435074,水上村,保健センター,水上村大字岩野2678,32.294521,130.986951,100,100,kumamoto_portal_map,2026-07-31T09:37:38+09:00,eb58ca010d333aa96cae09f6,parsed,https://portal.bousai.pref.kumamoto.jp/data/shelter/shelter.json
00001952,435074,水上村,北目公民分館,水上村大字湯山1695-1,32.320112,131.041517,30,30,kumamoto_portal_map,2026-07-31T09:37:38+09:00,9d7f34cef8ba6d2371f9ce7e,parsed,https://portal.bousai.pref.kumamoto.jp/data/shelter/shelter.json
00001961,435074,水上村,千ヶ平公民分館,水上村大字江代1721-2,32.378549,131.023118,30,30,kumamoto_portal_map,2026-07-31T09:37:38+09:00,331ff0d79acfadc2c37d97a1,parsed,https://portal.bousai.pref.kumamoto.jp/data/shelter/shelter.json
00001967,435074,水上村,古屋敷運動広場,水上村大字江代1178,32.378549,131.023118,500,500,kumamoto_portal_map,2026-07-31T09:37:38+09:00,29b28cac514e26ad105cb85a,parsed,https://portal.bousai.pref.kumamoto.jp/data/shelter/shelter.json
00001959,435074,水上村,古川公民分館,水上村大字江代2358-1,32.378549,131.023118,30,30,kumamoto_portal_map,2026-07-31T09:37:38+09:00,f4d646ae10edb639a86c6f3f,parsed,https://portal.bousai.pref.kumamoto.jp/data/shelter/shelter.json
00001948,435074,水上村,宮田公民分館,水上村大字岩野2548-1,32.296207,130.986795,30,30,kumamoto_portal_map,2026-07-31T09:37:38+09:00,169a4967ea770b13c0f6e46c,parsed,https://portal.bousai.pref.kumamoto.jp/data/shelter/shelter.json
00001963,435074,水上村,岩野保育所,水上村大字岩野2641,32.295366,130.986342,100,100,kumamoto_portal_map,2026-07-31T09:37:38+09:00,542409af994a636cc936aeb0,parsed,https://portal.bousai.pref.kumamoto.jp/data/shelter/shelter.json
00001935,435074,水上村,岩野公民館,水上村大字岩野2678,32.294521,130.986951,200,200,kumamoto_portal_map,2026-07-31T09:37:38+09:00,77622527f52f71c467e14514,parsed,https://portal.bousai.pref.kumamoto.jp/data/shelter/shelter.json
00001964,435074,水上村,岩野小学校,水上村大字岩野2696-2,32.293427,130.987014,300,300,kumamoto_portal_map,2026-07-31T09:37:38+09:00,63273984fe23c4dde0d074be,parsed,https://portal.bousai.pref.kumamoto.jp/data/shelter/shelter.json
00001946,435074,水上村,岩野覚井公民分館,水上村大字岩野1055-3,32.296207,130.986795,30,30,kumamoto_portal_map,2026-07-31T09:37:38+09:00,159df08fbe12ed25393a5cee,parsed,https://portal.bousai.pref.kumamoto.jp/data/shelter/shelter.json
00001950,435074,水上村,川内公民分館,水上村大字岩野1653-3,32.296207,130.986795,30,30,kumamoto_portal_map,2026-07-31T09:37:38+09:00,54719557f7c5c06d9e1b933f,parsed,https://portal.bousai.pref.kumamoto.jp/data/shelter/shelter.json
00001962,435074,水上村,川口公民分館,水上村大字江代2048-23,32.398325,131.00418,30,30,kumamoto_portal_map,2026-07-31T09:37:38+09:00,2697ed713563e58ca7a4c57f,parsed,https://portal.bousai.pref.kumamoto.jp/data/shelter/shelter.json
00001960,435074,水上村,平谷公民分館,水上村大字江代1430-3,32.378549,131.023118,30,30,kumamoto_portal_map,2026-07-31T09:37:38+09:00,6be2f1d89ab95a185dfebe94,parsed,https://portal.bousai.pref.kumamoto.jp/data/shelter/shelter.json
00001944,435074,水上村,幸野公民分館,水上村大字岩野146-1,32.296207,130.986795,30,30,kumamoto_portal_map,2026-07-31T09:37:38+09:00,8b7e3ce749fac9505481b54a,parsed,https://portal.bousai.pref.kumamoto.jp/data/shelter/shelter.json
00001958,435074,水上村,戸屋野公民分館,水上村大字江代2597-1,32.378549,131.023118,30,30,kumamoto_portal_map,2026-07-31T09:37:38+09:00,e5ab5deb1b897dbcf205d200,parsed,https://portal.bousai.pref.kumamoto.jp/data/shelter/shelter.json
00001942,435074,水上村,旧古屋敷体育館,水上村大字江代1274-1,32.379738,131.024424,300,300,kumamoto_portal_map,2026-07-31T09:37:38+09:00,833ed3ea2c9077ee20afb09d,parsed,https://portal.bousai.pref.kumamoto.jp/data/shelter/shelter.json
00001957,435074,水上村,本野公民分館,水上村大字湯山1122-53,32.316024,131.05805,30,30,kumamoto_portal_map,2026-07-31T09:37:38+09:00,b752b8daaace0491fb9e643d,parsed,https://portal.bousai.pref.kumamoto.jp/data/shelter/shelter.json
00001937,435074,水上村,村民体育館,水上村大字岩野2886,32.331241,130.978258,500,500,kumamoto_portal_map,2026-07-31T09:37:38+09:00,685f5d5973272238411f8a8a,parsed,https://portal.bousai.pref.kumamoto.jp/data/shelter/shelter.json
00001934,435074,水上村,水上村役場,水上村大字岩野90,32.31327,131.008415,150,150,kumamoto_portal_map,2026-07-31T09:37:38+09:00,91ed23191c43e2c9357dea98,parsed,https://portal.bousai.pref.kumamoto.jp/data/shelter/shelter.json
00001943,435074,水上村,江代地区集会施設,水上村大字江代1658-2,32.379232,131.022621,30,30,kumamoto_portal_map,2026-07-31T09:37:38+09:00,544b55ce9941728ec0370a68,parsed,https://portal.bousai.pref.kumamoto.jp/data/shelter/shelter.json
00001941,435074,水上村,江代地域防災拠点施設,水上村大字江代1255-3,32.378549,131.023118,30,30,kumamoto_portal_map,2026-07-31T09:37:38+09:00,7d08caadde2b35d7b9c45693,parsed,https://portal.bousai.pref.kumamoto.jp/data/shelter/shelter.json
00001940,435074,水上村,湯山保育所,水上村大字湯山1549,32.320112,131.041517,200,200,kumamoto_portal_map,2026-07-31T09:37:38+09:00,346d43315b26717c22cc2156,parsed,https://portal.bousai.pref.kumamoto.jp/data/shelter/shelter.json
00001938,435074,水上村,湯山地域交流センター,水上村大字湯山412,32.315915,131.044606,100,100,kumamoto_portal_map,2026-07-31T09:37:38+09:00,29d2390620624301123ddb65,parsed,https://portal.bousai.pref.kumamoto.jp/data/shelter/shelter.json
00002162,435074,水上村,湯山地域交流センター,熊本県水上村,32.31459189763112,131.00952012473456,,0,kumamoto_portal_map,2026-07-31T09:37:38+09:00,eecc99a1c8e0804682fe41eb,missing_zero,https://portal.bousai.pref.kumamoto.jp/data/shelter/shelter.json
00001965,435074,水上村,湯山小学校,水上村大字湯山412,32.315915,131.044606,300,300,kumamoto_portal_map,2026-07-31T09:37:38+09:00,510c7922b5a92f020430d0c8,parsed,https://portal.bousai.pref.kumamoto.jp/data/shelter/shelter.json
00001939,435074,水上村,湯山小学校体育館,水上村大字湯山412,32.315915,131.044606,500,500,kumamoto_portal_map,2026-07-31T09:37:38+09:00,4f9c7c5226ab6bb381cbc2c9,parsed,https://portal.bousai.pref.kumamoto.jp/data/shelter/shelter.json
00002163,435074,水上村,湯山小学校体育館,熊本県水上村,32.31459189763112,131.00952012473456,,0,kumamoto_portal_map,2026-07-31T09:37:38+09:00,678d6630018a2aa719ac35b6,missing_zero,https://portal.bousai.pref.kumamoto.jp/data/shelter/shelter.json
00001953,435074,水上村,湯山覚井公民分館,水上村大字湯山355-2,32.320112,131.041517,30,30,kumamoto_portal_map,2026-07-31T09:37:38+09:00,9e27445f59a997301b948f20,parsed,https://portal.bousai.pref.kumamoto.jp/data/shelter/shelter.json
00001966,435074,水上村,湯山運動広場,水上村大字湯山2266,32.319573,131.036412,500,500,kumamoto_portal_map,2026-07-31T09:37:38+09:00,9182e0657c357e4c79a052cd,parsed,https://portal.bousai.pref.kumamoto.jp/data/shelter/shelter.json
00001954,435074,水上村,神揚公民分館,水上村大字湯山1291-1,32.320112,131.041517,30,30,kumamoto_portal_map,2026-07-31T09:37:38+09:00,e20588383b37834b83a1bdc2,parsed,https://portal.bousai.pref.kumamoto.jp/data/shelter/shelter.json
00001955,435074,水上村,舟石公民分館,水上村大字湯山2435-74,32.330506,131.070073,30,30,kumamoto_portal_map,2026-07-31T09:37:38+09:00,39f330ec40070cc201a88055,parsed,https://portal.bousai.pref.kumamoto.jp/data/shelter/shelter.json
00001949,435074,水上村,里坊公民分館,水上村大字岩野3373,32.296207,130.986795,30,30,kumamoto_portal_map,2026-07-31T09:37:38+09:00,3ccfd25de69bcb45f78d83e9,parsed,https://portal.bousai.pref.kumamoto.jp/data/shelter/shelter.json
00001951,435074,水上村,馬場公民分館,水上村大字湯山289-2,32.320112,131.041517,30,30,kumamoto_portal_map,2026-07-31T09:37:38+09:00,55d276342cae748de006fbfa,parsed,https://portal.bousai.pref.kumamoto.jp/data/shelter/shelter.json
00001956,435074,水上村,高澄公民分館,水上村大字湯山1167-96,32.324779,131.063666,30,30,kumamoto_portal_map,2026-07-31T09:37:38+09:00,78515c48d267ffd999e23cfc,parsed,https://portal.bousai.pref.kumamoto.jp/data/shelter/shelter.json
00001945,435074,水上村,高瀬公民分館,水上村大字岩野869-3,32.298635,130.993486,30,30,kumamoto_portal_map,2026-07-31T09:37:38+09:00,be83e9daf78a2dd53e9984ec,parsed,https://portal.bousai.pref.kumamoto.jp/data/shelter/shelter.json
00001968,435104,相良村,上四浦集落センター,相良村大字四浦西4449-25,32.34120984175415,130.83642840516404,300,300,kumamoto_portal_map,2026-07-31T09:37:38+09:00,10b152fdca4dea87d3014c35,parsed,https://portal.bousai.pref.kumamoto.jp/data/shelter/shelter.json
00001971,435104,相良村,川辺構造改善センター,相良村大字川辺2491,32.265915,130.82685,300,300,kumamoto_portal_map,2026-07-31T09:37:38+09:00,a26ff4d2b926dde06360232a,parsed,https://portal.bousai.pref.kumamoto.jp/data/shelter/shelter.json
00001972,435104,相良村,松馬場集落センター,相良村大字川辺1920,32.25868476865222,130.81854735006345,30,30,kumamoto_portal_map,2026-07-31T09:37:38+09:00,0e0e88b57ce636ed7283336d,parsed,https://portal.bousai.pref.kumamoto.jp/data/shelter/shelter.json
00001974,435104,相良村,柳瀬構造改善センター,相良村大字柳瀬377,32.216713,130.797695,300,300,kumamoto_portal_map,2026-07-31T09:37:38+09:00,914e57ed51950fcf934ced5d,parsed,https://portal.bousai.pref.kumamoto.jp/data/shelter/shelter.json
00001969,435104,相良村,相良北小学校体育館,相良村大字四浦東2449,32.302403,130.842709,350,350,kumamoto_portal_map,2026-07-31T09:37:38+09:00,3363c067ab8be143c7e54d26,parsed,https://portal.bousai.pref.kumamoto.jp/data/shelter/shelter.json
00001970,435104,相良村,相良村林業総合センター,相良村大字四浦東2076,32.29052310282828,130.84382647262828,300,300,kumamoto_portal_map,2026-07-31T09:37:38+09:00,3c28f237cce54882b4f1463e,parsed,https://portal.bousai.pref.kumamoto.jp/data/shelter/shelter.json
00001973,435104,相良村,相良村総合体育館,相良村大字深水2493-1,32.23562534278971,130.79709305755387,1000,1000,kumamoto_portal_map,2026-07-31T09:37:38+09:00,fdaab6165819085cd99bd01e,parsed,https://portal.bousai.pref.kumamoto.jp/data/shelter/shelter.json
00001998,435112,五木村,三浦体育館,五木村甲字嶽4797-3,32.400087,130.827414,300,300,kumamoto_portal_map,2026-07-31T09:37:38+09:00,d28ff1bede6a94aeb4528cc2,parsed,https://portal.bousai.pref.kumamoto.jp/data/shelter/shelter.json
00001986,435112,五木村,三浦地区集会室,五木村甲字嶽4797-6,32.432734,130.860964,50,50,kumamoto_portal_map,2026-07-31T09:37:38+09:00,9bde63fac2f01d8a9921d59c,parsed,https://portal.bousai.pref.kumamoto.jp/data/shelter/shelter.json
00001999,435112,五木村,下梶原体育館,五木村甲字下梶原4263-10,32.398631,130.886967,200,200,kumamoto_portal_map,2026-07-31T09:37:38+09:00,c56979e66ec0c37950b9f1fa,parsed,https://portal.bousai.pref.kumamoto.jp/data/shelter/shelter.json
00001989,435112,五木村,下梶原集会所,五木村甲字下梶原地内,32.39874,130.887525,30,30,kumamoto_portal_map,2026-07-31T09:37:38+09:00,6e73779a684cb416751d99e3,parsed,https://portal.bousai.pref.kumamoto.jp/data/shelter/shelter.json
00001978,435112,五木村,下谷集会所,五木村甲字下谷地内,32.430995,130.863023,30,30,kumamoto_portal_map,2026-07-31T09:37:38+09:00,46a54695cee97d086d66d59c,parsed,https://portal.bousai.pref.kumamoto.jp/data/shelter/shelter.json
00001981,435112,五木村,中村地区集会所,五木村乙字中村1629,32.401472,130.824105,20,20,kumamoto_portal_map,2026-07-31T09:37:38+09:00,d43b948e61048bd58f57bc94,parsed,https://portal.bousai.pref.kumamoto.jp/data/shelter/shelter.json
00000643,435112,五木村,五木村社協介護サービスセンター,五木村甲字下手2672-41,32.398082,130.827596,40,40,kumamoto_portal_map,2026-07-31T09:37:38+09:00,3762744ec2071d8abd03d2a3,parsed,https://portal.bousai.pref.kumamoto.jp/data/shelter/shelter.json
00001995,435112,五木村,五木東小学校体育館,五木村甲字松本3374-51,32.401476,130.827077,300,300,kumamoto_portal_map,2026-07-31T09:37:38+09:00,8f8868371f6f25b31f113f86,parsed,https://portal.bousai.pref.kumamoto.jp/data/shelter/shelter.json
00001979,435112,五木村,伝統文化伝承館,五木村甲字田口2997-21,32.429257,130.86165,45,45,kumamoto_portal_map,2026-07-31T09:37:38+09:00,1c9dec420c308f2a56cfd2d6,parsed,https://portal.bousai.pref.kumamoto.jp/data/shelter/shelter.json
00001987,435112,五木村,入鴨集会所,五木村甲字嶽地内,32.427518,130.864397,30,30,kumamoto_portal_map,2026-07-31T09:37:38+09:00,81243dd1beb15f79dca1c628,parsed,https://portal.bousai.pref.kumamoto.jp/data/shelter/shelter.json
00001994,435112,五木村,八重集会所,五木村甲字八重地内,32.453205,130.857455,20,20,kumamoto_portal_map,2026-07-31T09:37:38+09:00,5303c284adef7fda0ce98ba2,parsed,https://portal.bousai.pref.kumamoto.jp/data/shelter/shelter.json
00001975,435112,五木村,南地区集会室,五木村甲字野々脇458-2,32.36369,130.837897,50,50,kumamoto_portal_map,2026-07-31T09:37:38+09:00,ab34cc1763aa611fcc558bdf,parsed,https://portal.bousai.pref.kumamoto.jp/data/shelter/shelter.json
00001991,435112,五木村,宮園交流館,五木村甲字宮園5670,32.441658,130.857705,200,200,kumamoto_portal_map,2026-07-31T09:37:38+09:00,ebdd96ea92f08aa92c8109a8,parsed,https://portal.bousai.pref.kumamoto.jp/data/shelter/shelter.json
00002259,435112,五木村,宮園体育館,熊本県五木村甲5667番地,32.3972447420879,130.8283099965171,300,300,kumamoto_portal_map,2026-07-31T09:37:38+09:00,2764b0617bcdfc14c6e9bf83,parsed,https://portal.bousai.pref.kumamoto.jp/data/shelter/shelter.json
00001993,435112,五木村,宮園憩いの家,五木村甲字北西谷6900-2,32.427808,130.86062,50,50,kumamoto_portal_map,2026-07-31T09:37:38+09:00,8919f0a5ce09c275381e57e1,parsed,https://portal.bousai.pref.kumamoto.jp/data/shelter/shelter.json
00000644,435112,五木村,小規模多機能ホーム 五木の友,五木村甲字宮園5670,32.44107,130.860512,15,15,kumamoto_portal_map,2026-07-31T09:37:38+09:00,9d0fae555b97f11af1db11e7,parsed,https://portal.bousai.pref.kumamoto.jp/data/shelter/shelter.json
00001997,435112,五木村,小鶴体育館,五木村丙字小鶴321-2,32.413571,130.790677,300,300,kumamoto_portal_map,2026-07-31T09:37:38+09:00,4e28edf11aab04c7b5a16dfd,parsed,https://portal.bousai.pref.kumamoto.jp/data/shelter/shelter.json
00001982,435112,五木村,山口集会所,五木村乙字山口地内,32.404661,130.832002,30,30,kumamoto_portal_map,2026-07-31T09:37:38+09:00,73039c3b2485cf15c84efcbb,parsed,https://portal.bousai.pref.kumamoto.jp/data/shelter/shelter.json
00001984,435112,五木村,日当集会所,五木村丙字古山口地内,32.407487,130.765734,30,30,kumamoto_portal_map,2026-07-31T09:37:38+09:00,8f940af7cb31d00fc0eebda8,parsed,https://portal.bousai.pref.kumamoto.jp/data/shelter/shelter.json
00001983,435112,五木村,日添集会所,五木村丙字古山口地内,32.408212,130.765905,30,30,kumamoto_portal_map,2026-07-31T09:37:38+09:00,2cdbd66f06d8a44aa71d598e,parsed,https://portal.bousai.pref.kumamoto.jp/data/shelter/shelter.json
00001996,435112,五木村,林業センター体育館,五木村乙字高野665-35,32.401183,130.829255,300,300,kumamoto_portal_map,2026-07-31T09:37:38+09:00,96a87f3f44e96b00bc893c75,parsed,https://portal.bousai.pref.kumamoto.jp/data/shelter/shelter.json
00001992,435112,五木村,栗鶴集会所,五木村甲字栗鶴地内,32.431285,130.862337,30,30,kumamoto_portal_map,2026-07-31T09:37:38+09:00,6cf4e1d4375524641a1f21e8,parsed,https://portal.bousai.pref.kumamoto.jp/data/shelter/shelter.json
00001988,435112,五木村,梶原集会所,五木村甲字梶原地内,32.427518,130.86268,30,30,kumamoto_portal_map,2026-07-31T09:37:38+09:00,f1ae7392a5681d941a8b9729,parsed,https://portal.bousai.pref.kumamoto.jp/data/shelter/shelter.json
00001976,435112,五木村,瀬目地区集会所,五木村甲字南瀬目234-2,32.427808,130.868173,20,20,kumamoto_portal_map,2026-07-31T09:37:38+09:00,de70c2fd450c57f61c05c4b4,parsed,https://portal.bousai.pref.kumamoto.jp/data/shelter/shelter.json
00001985,435112,五木村,端海野ハウス,五木村乙字上小鶴1561-24,32.415965,130.841615,50,50,kumamoto_portal_map,2026-07-31T09:37:38+09:00,6e98d09437c568f51209e2d5,parsed,https://portal.bousai.pref.kumamoto.jp/data/shelter/shelter.json
00001990,435112,五木村,竹の川集会所,五木村甲字竹の川地内,32.419643,130.85383,30,30,kumamoto_portal_map,2026-07-31T09:37:38+09:00,a8e6daaedf9a765508cdd930,parsed,https://portal.bousai.pref.kumamoto.jp/data/shelter/shelter.json
00001977,435112,五木村,葛の八重地区集会所,五木村甲字葛の八重746,32.442006,130.85856,20,20,kumamoto_portal_map,2026-07-31T09:37:38+09:00,d0701617f68f6dc8d82be725,parsed,https://portal.bousai.pref.kumamoto.jp/data/shelter/shelter.json
00001980,435112,五木村,西地区集会室,五木村丙字小鶴321-1,32.446917,130.775104,50,50,kumamoto_portal_map,2026-07-31T09:37:38+09:00,0bf99a7cf1599622831475b7,parsed,https://portal.bousai.pref.kumamoto.jp/data/shelter/shelter.json
00002007,435121,山江村,一丸公民館,山江村大字山田丁472-1,32.253044,130.773279,30,30,kumamoto_portal_map,2026-07-31T09:37:38+09:00,d581c47f5ecde441bda5a53d,parsed,https://portal.bousai.pref.kumamoto.jp/data/shelter/shelter.json
00002293,435121,山江村,万江体育館,山江村大字万江甲912-1,32.258448875357146,130.74848413467407,50,50,kumamoto_portal_map,2026-07-31T09:37:38+09:00,626bb0fb2f28fcceedb02cb4,parsed,https://portal.bousai.pref.kumamoto.jp/data/shelter/shelter.json
00000645,435121,山江村,介護老人保健施設つつじのさと,山江村大字山田乙1705,32.242761503360086,130.77374753920594,15,15,kumamoto_portal_map,2026-07-31T09:37:38+09:00,d48e59166463a55392185141,parsed,https://portal.bousai.pref.kumamoto.jp/data/shelter/shelter.json
00002010,435121,山江村,北永シ切集会所,山江村大字山田乙1728-17,32.242201,130.776468,18,18,kumamoto_portal_map,2026-07-31T09:37:38+09:00,ad182c0a9453fb64dd470e7b,parsed,https://portal.bousai.pref.kumamoto.jp/data/shelter/shelter.json
00002000,435121,山江村,合戦峰公民館,山江村大字山田乙2851,32.230727,130.766067,100,100,kumamoto_portal_map,2026-07-31T09:37:38+09:00,6026635f4e79e2b41f0e581d,parsed,https://portal.bousai.pref.kumamoto.jp/data/shelter/shelter.json
00002002,435121,山江村,寺山公民館,山江村大字山田甲2733-35,32.247747,130.757578,15,15,kumamoto_portal_map,2026-07-31T09:37:38+09:00,808ea58254ae7a0bd200e03a,parsed,https://portal.bousai.pref.kumamoto.jp/data/shelter/shelter.json
00002009,435121,山江村,小山田公民館,山江村大字山田乙690,32.248464,130.768755,20,20,kumamoto_portal_map,2026-07-31T09:37:38+09:00,eaf91945cb2d72b5d6ebd1b3,parsed,https://portal.bousai.pref.kumamoto.jp/data/shelter/shelter.json
00002008,435121,山江村,山江中学校体育館,山江村大字山田丁60,32.251239,130.769483,200,200,kumamoto_portal_map,2026-07-31T09:37:38+09:00,d70a4ed2254e9d73c21252d4,parsed,https://portal.bousai.pref.kumamoto.jp/data/shelter/shelter.json
00002006,435121,山江村,山江中学校武道館,山江村大字山田丁23-3,32.24722,130.767738,100,100,kumamoto_portal_map,2026-07-31T09:37:38+09:00,e4a76aeb2d9d8ef053cce6ba,parsed,https://portal.bousai.pref.kumamoto.jp/data/shelter/shelter.json
00002003,435121,山江村,山江村体育館,山江村大字山田甲1353-1,32.246036,130.766516,200,200,kumamoto_portal_map,2026-07-31T09:37:38+09:00,b5373a823e92623d683c351a,parsed,https://portal.bousai.pref.kumamoto.jp/data/shelter/shelter.json
00002004,435121,山江村,山江村農村環境改善センター,山江村大字山田甲1356-1,32.246752517628316,130.767286849441,160,160,kumamoto_portal_map,2026-07-31T09:37:38+09:00,3d639cd008f9b4c682574793,parsed,https://portal.bousai.pref.kumamoto.jp/data/shelter/shelter.json
00002011,435121,山江村,山田小学校体育館,山江村大字山田乙2030,32.244473,130.772805,200,200,kumamoto_portal_map,2026-07-31T09:37:38+09:00,5b65e6a5da3c8bf9fc266b12,parsed,https://portal.bousai.pref.kumamoto.jp/data/shelter/shelter.json
00002014,435121,山江村,湯の原自治会館,山江村大字山田丙1078,32.248476,130.79227,20,20,kumamoto_portal_map,2026-07-31T09:37:38+09:00,88ba3dbff4b533e2ae42c1c5,parsed,https://portal.bousai.pref.kumamoto.jp/data/shelter/shelter.json
00002108,435121,山江村,福祉保健センター 健康の駅,山江村大字山田甲1373-1,32.24636306033049,130.76733362700904,30,30,kumamoto_portal_map,2026-07-31T09:37:38+09:00,07e215124dbd7ba9fd2d0968,parsed,https://portal.bousai.pref.kumamoto.jp/data/shelter/shelter.json
00002001,435121,山江村,秋丸地区農業構造改善センター,山江村大字山田乙2403,32.248464,130.768755,100,100,kumamoto_portal_map,2026-07-31T09:37:38+09:00,e2b2eaa688e7e57c68ae8915,parsed,https://portal.bousai.pref.kumamoto.jp/data/shelter/shelter.json
00002012,435121,山江村,第9区公民館,山江村大字山田丙2396-2,32.239096,130.791906,100,100,kumamoto_portal_map,2026-07-31T09:37:38+09:00,72f7672ba2cc225a75d5b085,parsed,https://portal.bousai.pref.kumamoto.jp/data/shelter/shelter.json
00002267,435139,球磨村,エスペランサ桜峯集会所(さくらドーム及び周辺施設),球磨村大字渡乙868番地1,32.2363810698,130.7036690707,100,100,kumamoto_portal_map,2026-07-31T09:37:38+09:00,e1058ebc914acac3aaf4a95c,parsed,https://portal.bousai.pref.kumamoto.jp/data/shelter/shelter.json
00002272,435139,球磨村,コミュニティセンターこうのせ,球磨村大字神瀬甲1199番地2,32.3119899926,130.6142206191,80,80,kumamoto_portal_map,2026-07-31T09:37:38+09:00,e948f3ab0efc52d9eaf82bae,parsed,https://portal.bousai.pref.kumamoto.jp/data/shelter/shelter.json
00002270,435139,球磨村,コミュニティセンターたかさわ,球磨村大字神瀬丁548-2,32.294093562007525,130.64011466491138,50,50,kumamoto_portal_map,2026-07-31T09:37:38+09:00,b7874fba96e3c29518511d60,parsed,https://portal.bousai.pref.kumamoto.jp/data/shelter/shelter.json
00002282,435139,球磨村,中津公民館,球磨村大字一勝地甲1248,32.23017353315078,130.64026737189124,30,30,kumamoto_portal_map,2026-07-31T09:37:38+09:00,4dd2ce2296961310bf438b1b,parsed,https://portal.bousai.pref.kumamoto.jp/data/shelter/shelter.json
00002281,435139,球磨村,吐合公民館,球磨村大字一勝地乙739-1,32.23474754850204,130.64212346052955,30,30,kumamoto_portal_map,2026-07-31T09:37:38+09:00,55ae006aadbbb364ecd4e797,parsed,https://portal.bousai.pref.kumamoto.jp/data/shelter/shelter.json
00002285,435139,球磨村,告公民館,球磨村大字一勝地丁1242-1,32.269181399745875,130.59982252108966,30,30,kumamoto_portal_map,2026-07-31T09:37:38+09:00,a3601c4621860404cc5ba079,parsed,https://portal.bousai.pref.kumamoto.jp/data/shelter/shelter.json
00002289,435139,球磨村,大瀬公民館,球磨村大字大瀬178,32.281899113142714,130.60593509650062,30,30,kumamoto_portal_map,2026-07-31T09:37:38+09:00,6c6854eb7c95f72fe50ad685,parsed,https://portal.bousai.pref.kumamoto.jp/data/shelter/shelter.json
00002278,435139,球磨村,大無田林業総合センター,球磨村大字三ケ浦乙1245,32.22492765290528,130.6824903483357,50,50,kumamoto_portal_map,2026-07-31T09:37:38+09:00,6be85991b4b9959141b73511,parsed,https://portal.bousai.pref.kumamoto.jp/data/shelter/shelter.json
00002276,435139,球磨村,小川公民館,球磨村大字渡乙2595,32.2400926834044,130.69100403761695,30,30,kumamoto_portal_map,2026-07-31T09:37:38+09:00,f6b5b6e5e4b26a5594529871,parsed,https://portal.bousai.pref.kumamoto.jp/data/shelter/shelter.json
00002280,435139,球磨村,岡公民館(久保),球磨村大字渡丙630,32.25879817874125,130.6650967596761,30,30,kumamoto_portal_map,2026-07-31T09:37:38+09:00,037ac8541efd41aa4e49840a,parsed,https://portal.bousai.pref.kumamoto.jp/data/shelter/shelter.json
00002279,435139,球磨村,岡公民館(椎葉),球磨村大字渡丙1323-1,32.26447303519279,130.6667382715932,30,30,kumamoto_portal_map,2026-07-31T09:37:38+09:00,f6ae22c70741eabb6a3e529c,parsed,https://portal.bousai.pref.kumamoto.jp/data/shelter/shelter.json
00002284,435139,球磨村,岳本公民館,球磨村大字一勝地乙1389-1,32.225907874871695,130.60976529097388,30,30,kumamoto_portal_map,2026-07-31T09:37:38+09:00,88947730a792228ceedcdebb,parsed,https://portal.bousai.pref.kumamoto.jp/data/shelter/shelter.json
00002273,435139,球磨村,峯公民館,球磨村大字渡乙996,32.236172343553626,130.70068144774268,30,30,kumamoto_portal_map,2026-07-31T09:37:38+09:00,ab6f8ecec3e8abcf3b22c5a5,parsed,https://portal.bousai.pref.kumamoto.jp/data/shelter/shelter.json
00002283,435139,球磨村,日隠公民館,球磨村大字一勝地乙581-5,32.23559153800805,130.63688528525745,30,30,kumamoto_portal_map,2026-07-31T09:37:38+09:00,fe31952ec50815d42f50d1c5,parsed,https://portal.bousai.pref.kumamoto.jp/data/shelter/shelter.json
00002286,435139,球磨村,松谷公民館,球磨村大字三ケ浦乙623-2,32.2238611953455,130.66554200637256,30,30,kumamoto_portal_map,2026-07-31T09:37:38+09:00,8581b32bc996e7115af2c112,parsed,https://portal.bousai.pref.kumamoto.jp/data/shelter/shelter.json
00002275,435139,球磨村,水篠公民館,球磨村大字渡乙3164-1,32.24819146076024,130.69934856879627,30,30,kumamoto_portal_map,2026-07-31T09:37:38+09:00,314413dd0f613ab01f00cdbd,parsed,https://portal.bousai.pref.kumamoto.jp/data/shelter/shelter.json
00002274,435139,球磨村,渡保育園,球磨村大字渡乙763,32.23501072888819,130.70223712897132,50,50,kumamoto_portal_map,2026-07-31T09:37:38+09:00,0e2f6f4abe8baacb1f62c514,parsed,https://portal.bousai.pref.kumamoto.jp/data/shelter/shelter.json
00002271,435139,球磨村,球磨村高齢者生活福祉センターせせらぎ,球磨村大字一勝地乙1-5,32.2450200930,130.6466560359,50,50,kumamoto_portal_map,2026-07-31T09:37:38+09:00,501f711ff09988bb788dfcd0,parsed,https://portal.bousai.pref.kumamoto.jp/data/shelter/shelter.json
00002268,435139,球磨村,球磨清流学園南屋内運動場,球磨村大字一勝地丙181,32.2463812087,130.6467847819,100,100,kumamoto_portal_map,2026-07-31T09:37:38+09:00,57962d4efc4f4efd8cb3446c,parsed,https://portal.bousai.pref.kumamoto.jp/data/shelter/shelter.json
00002269,435139,球磨村,田舎の体験交流館さんがうら,球磨村大字三ケ浦乙245-5,32.22452830012823,130.66665458631178,100,100,kumamoto_portal_map,2026-07-31T09:37:38+09:00,a7a18e3c0e615e9c1a3b3e29,parsed,https://portal.bousai.pref.kumamoto.jp/data/shelter/shelter.json
00002287,435139,球磨村,茂田公民館,球磨村大字一勝地甲1747,32.208843239906706,130.64119005179236,30,30,kumamoto_portal_map,2026-07-31T09:37:38+09:00,d53e33c68385daa210b20712,parsed,https://portal.bousai.pref.kumamoto.jp/data/shelter/shelter.json
00002288,435139,球磨村,遠原公民館,球磨村大字一勝地甲1933-13,32.18262281828921,130.63144826865027,30,30,kumamoto_portal_map,2026-07-31T09:37:38+09:00,8b69d8b2d75d3c1479619ecf,parsed,https://portal.bousai.pref.kumamoto.jp/data/shelter/shelter.json
00002277,435139,球磨村,馬場公民館,球磨村大字渡丙241-1,32.244684347825206,130.66072726225684,30,30,kumamoto_portal_map,2026-07-31T09:37:38+09:00,ae12f4b1eb89b3399dfd296d,parsed,https://portal.bousai.pref.kumamoto.jp/data/shelter/shelter.json
00002027,435147,あさぎり町,あさぎり中学校,あさぎり町上北2144,32.221915,130.907026,13992,13992,kumamoto_portal_map,2026-07-31T09:37:38+09:00,1cbb2717b8b17bc6bd3e3d97,parsed,https://portal.bousai.pref.kumamoto.jp/data/shelter/shelter.json
00002044,435147,あさぎり町,あさぎり町ヘルシーランド,あさぎり町上北1874,32.217332,130.900221,3668,3668,kumamoto_portal_map,2026-07-31T09:37:38+09:00,1cbcaa9bcf9712c1eb71b62d,parsed,https://portal.bousai.pref.kumamoto.jp/data/shelter/shelter.json
00002045,435147,あさぎり町,あさぎり町定住促進センター,あさぎり町深田東1430,32.251236,130.878119,632,632,kumamoto_portal_map,2026-07-31T09:37:38+09:00,08a186711c9513259b20008f,parsed,https://portal.bousai.pref.kumamoto.jp/data/shelter/shelter.json
00002025,435147,あさぎり町,せきれい館,あさぎり町深田西955-1,32.243895,130.873136,1287,1287,kumamoto_portal_map,2026-07-31T09:37:38+09:00,004f009ef73a81acd8e593ba,parsed,https://portal.bousai.pref.kumamoto.jp/data/shelter/shelter.json
00002033,435147,あさぎり町,もみじ館,あさぎり町岡原北904,32.239305,130.931821,1538,1538,kumamoto_portal_map,2026-07-31T09:37:38+09:00,5fe7f128ed348f1aa19326ab,parsed,https://portal.bousai.pref.kumamoto.jp/data/shelter/shelter.json
00002043,435147,あさぎり町,やったろ館,あさぎり町岡原南1654-1,32.230584,130.932415,346,346,kumamoto_portal_map,2026-07-31T09:37:38+09:00,baa646571dbe82b2c6498689,parsed,https://portal.bousai.pref.kumamoto.jp/data/shelter/shelter.json
00002031,435147,あさぎり町,ポッポー館,あさぎり町免田東1482-2,32.236421,130.894224,1247,1247,kumamoto_portal_map,2026-07-31T09:37:38+09:00,f2be73a8897fa00eaf0fe024,parsed,https://portal.bousai.pref.kumamoto.jp/data/shelter/shelter.json
00002026,435147,あさぎり町,上小学校,あさぎり町上南2370,32.210483,130.90597,3547,3547,kumamoto_portal_map,2026-07-31T09:37:38+09:00,dcf9e706408ae732a82efa81,parsed,https://portal.bousai.pref.kumamoto.jp/data/shelter/shelter.json
00002028,435147,あさぎり町,上総合運動公園(体育館・武道場含む),あさぎり町上東1282,32.220812,130.910381,5018,5018,kumamoto_portal_map,2026-07-31T09:37:38+09:00,0a334a823bd2c40326aa2eaa,parsed,https://portal.bousai.pref.kumamoto.jp/data/shelter/shelter.json
00002030,435147,あさぎり町,免田地区体育施設体育館及び武道場(旧免田中学校),あさぎり町免田東1774,32.234713,130.899565,6406,6406,kumamoto_portal_map,2026-07-31T09:37:38+09:00,843e519adf25b28c8f53b684,parsed,https://portal.bousai.pref.kumamoto.jp/data/shelter/shelter.json
00002029,435147,あさぎり町,免田小学校,あさぎり町免田東1719,32.235844,130.895513,25201,25201,kumamoto_portal_map,2026-07-31T09:37:38+09:00,07293f8f94fe822958434cee,parsed,https://portal.bousai.pref.kumamoto.jp/data/shelter/shelter.json
00002039,435147,あさぎり町,免田総合体育センターグラウンド,あさぎり町免田東1989-3,32.241543,130.900234,10973,10973,kumamoto_portal_map,2026-07-31T09:37:38+09:00,178f349dc0a6e83ba85d5b11,parsed,https://portal.bousai.pref.kumamoto.jp/data/shelter/shelter.json
00002022,435147,あさぎり町,岡原かえで館,あさぎり町岡原北929,32.240069,130.929357,2400,2400,kumamoto_portal_map,2026-07-31T09:37:38+09:00,3a8404b0106119c2a485b787,parsed,https://portal.bousai.pref.kumamoto.jp/data/shelter/shelter.json
00002152,435147,あさぎり町,岡原保健センター,熊本県あさぎり町,32.240365120000035,130.8978172200001,42,42,kumamoto_portal_map,2026-07-31T09:37:38+09:00,0c84d6db8763c20d5d7745fe,parsed,https://portal.bousai.pref.kumamoto.jp/data/shelter/shelter.json
00002032,435147,あさぎり町,岡原小学校,あさぎり町岡原北1313,32.238169,130.932762,4483,4483,kumamoto_portal_map,2026-07-31T09:37:38+09:00,27915c04d32a42d63c854996,parsed,https://portal.bousai.pref.kumamoto.jp/data/shelter/shelter.json
00002040,435147,あさぎり町,岡原総合運動公園,あさぎり町岡原南2236-13,32.220621,130.933404,7200,7200,kumamoto_portal_map,2026-07-31T09:37:38+09:00,7c3fa5412ccc1ad35e3faf2a,parsed,https://portal.bousai.pref.kumamoto.jp/data/shelter/shelter.json
00002038,435147,あさぎり町,旧深田中学校グラウンド,あさぎり町深田東2070,32.244226,130.875375,2800,2800,kumamoto_portal_map,2026-07-31T09:37:38+09:00,dc41e7003228def58559830a,parsed,https://portal.bousai.pref.kumamoto.jp/data/shelter/shelter.json
00002042,435147,あさぎり町,旧皆越分校,あさぎり町皆越307,32.190971,130.951276,478,478,kumamoto_portal_map,2026-07-31T09:37:38+09:00,f43940bfc20f03e8501630ca,parsed,https://portal.bousai.pref.kumamoto.jp/data/shelter/shelter.json
00002036,435147,あさぎり町,深田小学校,あさぎり町深田東787,32.244418,130.874431,2114,2114,kumamoto_portal_map,2026-07-31T09:37:38+09:00,c69d1b1fc3dbcc3aa5ad4808,parsed,https://portal.bousai.pref.kumamoto.jp/data/shelter/shelter.json
00002096,435147,あさぎり町,白寿荘,熊本県あさぎり町上北1880,32.21738140380727,130.9017777442932,,0,kumamoto_portal_map,2026-07-31T09:37:38+09:00,3ce957bd1798d74adeb97cd1,missing_zero,https://portal.bousai.pref.kumamoto.jp/data/shelter/shelter.json
00002041,435147,あさぎり町,県立南稜高等学校,あさぎり町上北310,32.232836,130.896551,12156,12156,kumamoto_portal_map,2026-07-31T09:37:38+09:00,a82f31304274886aa511396e,parsed,https://portal.bousai.pref.kumamoto.jp/data/shelter/shelter.json
00002034,435147,あさぎり町,福留コミュニティ消防センター,あさぎり町岡原南1167,32.231134,130.93294,142,142,kumamoto_portal_map,2026-07-31T09:37:38+09:00,c7bd0e8f83e8ae13dc4705ff,parsed,https://portal.bousai.pref.kumamoto.jp/data/shelter/shelter.json
00002023,435147,あさぎり町,総合福祉センター,あさぎり町免田東1190-2,32.240943,130.897962,842,842,kumamoto_portal_map,2026-07-31T09:37:38+09:00,ba4e0e0821b7569b69e913a8,parsed,https://portal.bousai.pref.kumamoto.jp/data/shelter/shelter.json
00002035,435147,あさぎり町,須恵小学校,あさぎり町須恵1230,32.265783,130.901023,5798,5798,kumamoto_portal_map,2026-07-31T09:37:38+09:00,97b22d6a8d3dc7b72a739fdd,parsed,https://portal.bousai.pref.kumamoto.jp/data/shelter/shelter.json
00002250,435147,あさぎり町,須恵文化ホール,熊本県あさぎり町須恵,32.266178598092374,130.90128421783447,,0,kumamoto_portal_map,2026-07-31T09:37:38+09:00,5804229182264d0ff9387a20,missing_zero,https://portal.bousai.pref.kumamoto.jp/data/shelter/shelter.json
00002024,435147,あさぎり町,須恵文化ホール(大ホールは除く),あさぎり町須恵1227,32.266674,130.900231,7309,7309,kumamoto_portal_map,2026-07-31T09:37:38+09:00,7d7369269fb3254eaf1a1693,parsed,https://portal.bousai.pref.kumamoto.jp/data/shelter/shelter.json
00002037,435147,あさぎり町,高山総合運動公園(体育館含む),あさぎり町深田東1404,32.244226,130.875375,5705,5705,kumamoto_portal_map,2026-07-31T09:37:38+09:00,595aff3b70a1f9021658daa7,parsed,https://portal.bousai.pref.kumamoto.jp/data/shelter/shelter.json
00002055,435317,苓北町,上津深江広域避難地,苓北町上津深江101-1他,32.5207,130.074255,,,kumamoto_portal_map,2026-07-31T09:37:38+09:00,732977c0765197f4af753746,missing,https://portal.bousai.pref.kumamoto.jp/data/shelter/shelter.json
00002052,435317,苓北町,上津深江集会所,苓北町上津深江1186,32.5207,130.074255,90,90,kumamoto_portal_map,2026-07-31T09:37:38+09:00,0e388ef184551fe44f53ff08,parsed,https://portal.bousai.pref.kumamoto.jp/data/shelter/shelter.json
00002065,435317,苓北町,体育センタ-,苓北町志岐1220-2,32.504484,130.054306,890,890,kumamoto_portal_map,2026-07-31T09:37:38+09:00,aaeb2a113a08b0ef5fe8bbd5,parsed,https://portal.bousai.pref.kumamoto.jp/data/shelter/shelter.json
00002070,435317,苓北町,円通寺,苓北町白木尾6-1,32.503478,130.046012,,,kumamoto_portal_map,2026-07-31T09:37:38+09:00,1fde14095743936ed1d15f45,missing,https://portal.bousai.pref.kumamoto.jp/data/shelter/shelter.json
00002066,435317,苓北町,国照寺,苓北町志岐1360-1・1360-2,32.498071,130.053707,,,kumamoto_portal_map,2026-07-31T09:37:38+09:00,42ba5ba4e20916fe10551579,missing,https://portal.bousai.pref.kumamoto.jp/data/shelter/shelter.json
00002047,435317,苓北町,坂瀬川公民館,苓北町坂瀬川2600,32.526186,130.090753,120,120,kumamoto_portal_map,2026-07-31T09:37:38+09:00,c18374663b72098b254dbe27,parsed,https://portal.bousai.pref.kumamoto.jp/data/shelter/shelter.json
00002048,435317,苓北町,坂瀬川小学校体育館,苓北町坂瀬川83,32.526311,130.091217,460,460,kumamoto_portal_map,2026-07-31T09:37:38+09:00,c62e3453f7717a55cc8ee317,parsed,https://portal.bousai.pref.kumamoto.jp/data/shelter/shelter.json
00002050,435317,苓北町,坂瀬川総合グラウンド,苓北町坂瀬川2871,32.527996,130.090773,,,kumamoto_portal_map,2026-07-31T09:37:38+09:00,6e73d235a7e8b7657fd27df8,missing,https://portal.bousai.pref.kumamoto.jp/data/shelter/shelter.json
00002046,435317,苓北町,坂瀬川集会所,苓北町坂瀬川3756,32.528308,130.092467,20,20,kumamoto_portal_map,2026-07-31T09:37:38+09:00,5a8a5991c4ec0a4bdaccddb3,parsed,https://portal.bousai.pref.kumamoto.jp/data/shelter/shelter.json
00002051,435317,苓北町,大師山,苓北町坂瀬川3859・3862,32.527622,130.090095,,,kumamoto_portal_map,2026-07-31T09:37:38+09:00,294776ad1e72841d0e0bbade,missing,https://portal.bousai.pref.kumamoto.jp/data/shelter/shelter.json
00002053,435317,苓北町,天神山,苓北町上津深江1175-1,32.5207,130.074255,,,kumamoto_portal_map,2026-07-31T09:37:38+09:00,b8d2ed33c6eacf3ea6169572,missing,https://portal.bousai.pref.kumamoto.jp/data/shelter/shelter.json
00002073,435317,苓北町,天草拓心高校マリン校舎体育館,苓北町富岡3757,32.512361,130.037502,360,360,kumamoto_portal_map,2026-07-31T09:37:38+09:00,6ea0b17724030a34e0a08e58,parsed,https://portal.bousai.pref.kumamoto.jp/data/shelter/shelter.json
00002071,435317,苓北町,富岡公民館,苓北町富岡2910,32.518435,130.035827,100,100,kumamoto_portal_map,2026-07-31T09:37:38+09:00,93698a7adc10915392a5d9ac,parsed,https://portal.bousai.pref.kumamoto.jp/data/shelter/shelter.json
00002078,435317,苓北町,富岡地区避難地,苓北町富岡2930,32.518277,130.036377,,,kumamoto_portal_map,2026-07-31T09:37:38+09:00,68e54f925bf633d02af28704,missing,https://portal.bousai.pref.kumamoto.jp/data/shelter/shelter.json
00002075,435317,苓北町,富岡城趾,苓北町富岡2245-15他,32.52859,130.030922,,,kumamoto_portal_map,2026-07-31T09:37:38+09:00,12c594533b88d7bd4d59d37c,missing,https://portal.bousai.pref.kumamoto.jp/data/shelter/shelter.json
00002072,435317,苓北町,富岡小学校体育館,苓北町富岡2480,32.523268,130.032511,270,270,kumamoto_portal_map,2026-07-31T09:37:38+09:00,3376e6023571b84851f689bd,parsed,https://portal.bousai.pref.kumamoto.jp/data/shelter/shelter.json
00002077,435317,苓北町,富岡温泉ホテル跡,苓北町富岡2381他,32.51773,130.036238,,,kumamoto_portal_map,2026-07-31T09:37:38+09:00,285757273a54d9fc35c14055,missing,https://portal.bousai.pref.kumamoto.jp/data/shelter/shelter.json
00002061,435317,苓北町,志岐城趾,苓北町志岐1441他,32.512645,130.051079,,,kumamoto_portal_map,2026-07-31T09:37:38+09:00,029a3d3fdc68d41baccc309b,missing,https://portal.bousai.pref.kumamoto.jp/data/shelter/shelter.json
00002057,435317,苓北町,志岐小学校体育館,苓北町志岐410,32.512434,130.05397,360,360,kumamoto_portal_map,2026-07-31T09:37:38+09:00,e3703d929bc167b0df4fbdb9,parsed,https://portal.bousai.pref.kumamoto.jp/data/shelter/shelter.json
00002068,435317,苓北町,明神山地区避難所,苓北町志岐32-1,32.513431,130.048745,,,kumamoto_portal_map,2026-07-31T09:37:38+09:00,a1567d3e5768eb78b74c5bdc,missing,https://portal.bousai.pref.kumamoto.jp/data/shelter/shelter.json
00002082,435317,苓北町,木場地区交流施設,苓北町都呂々6118-2,32.448806,130.080117,30,30,kumamoto_portal_map,2026-07-31T09:37:38+09:00,4359891ffa5a0921e1e2e4c8,parsed,https://portal.bousai.pref.kumamoto.jp/data/shelter/shelter.json
00002083,435317,苓北町,木場集会所,苓北町都呂々5153-2,32.467432,130.038804,60,60,kumamoto_portal_map,2026-07-31T09:37:38+09:00,15853023aadc6f5a1c7b767d,parsed,https://portal.bousai.pref.kumamoto.jp/data/shelter/shelter.json
00002063,435317,苓北町,温泉センタ-,苓北町志岐1281,32.503082,130.055192,,,kumamoto_portal_map,2026-07-31T09:37:38+09:00,192d4592f560b930b39d3a08,missing,https://portal.bousai.pref.kumamoto.jp/data/shelter/shelter.json
00002074,435317,苓北町,瑞林寺,苓北町富岡3170・3171,32.516619,130.038777,,,kumamoto_portal_map,2026-07-31T09:37:38+09:00,5119ee4235146902c16f9dd3,missing,https://portal.bousai.pref.kumamoto.jp/data/shelter/shelter.json
00002056,435317,苓北町,町民総合センタ-,苓北町志岐1220-2,32.504484,130.054306,180,180,kumamoto_portal_map,2026-07-31T09:37:38+09:00,4d06b2e5bca842e984fa9c66,parsed,https://portal.bousai.pref.kumamoto.jp/data/shelter/shelter.json
00002069,435317,苓北町,紺屋町地区避難所,苓北町志岐65・66-1,32.512645,130.051079,,,kumamoto_portal_map,2026-07-31T09:37:38+09:00,672335cfe41a422f90a575a5,missing,https://portal.bousai.pref.kumamoto.jp/data/shelter/shelter.json
00002064,435317,苓北町,総合武道館,苓北町志岐1183,32.503476,130.054242,440,440,kumamoto_portal_map,2026-07-31T09:37:38+09:00,c3f41c13bacb78f6c0fa8936,parsed,https://portal.bousai.pref.kumamoto.jp/data/shelter/shelter.json
00002058,435317,苓北町,苓北中学校体育館,苓北町志岐294-4,32.507959,130.046593,390,390,kumamoto_portal_map,2026-07-31T09:37:38+09:00,4221b5b76d74d1fc1875d94e,parsed,https://portal.bousai.pref.kumamoto.jp/data/shelter/shelter.json
00002049,435317,苓北町,苓北町坂瀬川体育館,苓北町坂瀬川2600,32.526186,130.090753,260,260,kumamoto_portal_map,2026-07-31T09:37:38+09:00,8651ab0835fb654cdf362043,parsed,https://portal.bousai.pref.kumamoto.jp/data/shelter/shelter.json
00002059,435317,苓北町,苓北町役場,苓北町志岐660,32.513525,130.055153,70,70,kumamoto_portal_map,2026-07-31T09:37:38+09:00,ba2a1f791c2184c249838959,parsed,https://portal.bousai.pref.kumamoto.jp/data/shelter/shelter.json
00002060,435317,苓北町,苓北町志岐集会所,苓北町志岐444-1,32.512,130.052165,,,kumamoto_portal_map,2026-07-31T09:37:38+09:00,0277bbecc7b902bcf3dbb7db,missing,https://portal.bousai.pref.kumamoto.jp/data/shelter/shelter.json
00002067,435317,苓北町,苓北町拠点避難地,苓北町1143-1他,32.467915,130.042757,,,kumamoto_portal_map,2026-07-31T09:37:38+09:00,011abaeac11eeaa0eae42405,missing,https://portal.bousai.pref.kumamoto.jp/data/shelter/shelter.json
00002081,435317,苓北町,苓北町都呂々体育館(ペット専用避難所),苓北町都呂々1245-1,32.469101,130.039321,260,260,kumamoto_portal_map,2026-07-31T09:37:38+09:00,d2357a7365cef701a8693ac7,parsed,https://portal.bousai.pref.kumamoto.jp/data/shelter/shelter.json
00002054,435317,苓北町,西日本プラント苓北寮,苓北町上津深江4452他,32.5207,130.074255,,,kumamoto_portal_map,2026-07-31T09:37:38+09:00,2e8dc98802389d154f1994cd,missing,https://portal.bousai.pref.kumamoto.jp/data/shelter/shelter.json
00002062,435317,苓北町,農構センタ-,苓北町志岐1010,32.503795,130.050804,,,kumamoto_portal_map,2026-07-31T09:37:38+09:00,50ba961372b8e419532ad2b3,missing,https://portal.bousai.pref.kumamoto.jp/data/shelter/shelter.json
00002079,435317,苓北町,都呂々公民館,苓北町都呂々114,32.470809,130.041343,100,100,kumamoto_portal_map,2026-07-31T09:37:38+09:00,3a057f92d450f1b25b0dbd95,parsed,https://portal.bousai.pref.kumamoto.jp/data/shelter/shelter.json
00002080,435317,苓北町,都呂々小学校体育館,苓北町都呂々1245-1,32.469101,130.039321,500,500,kumamoto_portal_map,2026-07-31T09:37:38+09:00,45dcb3770eb30454984ad6eb,parsed,https://portal.bousai.pref.kumamoto.jp/data/shelter/shelter.json
00002084,435317,苓北町,都呂々神社,苓北町都呂々888,32.468032,130.044965,,0,kumamoto_portal_map,2026-07-31T09:37:38+09:00,6826d9343a57bfe576d21288,missing_zero,https://portal.bousai.pref.kumamoto.jp/data/shelter/shelter.json
00002076,435317,苓北町,鎮道寺,苓北町富岡2452-1・2454-2,32.523054,130.030845,,,kumamoto_portal_map,2026-07-31T09:37:38+09:00,6405b0aa2aa00330fcfda678,missing,https://portal.bousai.pref.kumamoto.jp/data/shelter/shelter.json
