snapshot_date_jst,retrieved_at_jst,source_updated_at_text,source_updated_at_jst,shelter_id,web_shelter_id,municipality,shelter_name,opening_status,is_open,congestion_status,evacuee_count,address,route_search,change_type,previous_opening_status,previous_congestion_status,previous_evacuee_count,source_url,record_hash,raw_row_json,reference_match_status,reference_match_method,reference_match_score,reference_match_count,reference_no,reference_common_id,reference_common_ids,reference_facility_name,reference_address,reference_same_address_as_emergency_site,reference_other_mayor_matters,reference_accepted_persons,reference_latitude,reference_longitude,reference_all_coordinates_json,reference_notes,reference_rows_json,reference_candidates_json,reference_source_file,reference_source_sha256,portal_shelter_id,portal_capacity_persons,portal_capacity_raw,capacity_source,capacity_acquired_at_jst,capacity_match_status,capacity_match_method,capacity_match_score,portal_latitude,portal_longitude,manual_latitude,manual_longitude,manual_geocode_status,manual_geocode_method,manual_geocode_source_file,manual_geocode_source_sha256,latitude,longitude,coordinate_source,coordinate_method,coordinate_status
2026-08-24,2026-08-24T00:33:05+09:00,26/08/24 00:33時点の避難所状況の一覧です。,2026-08-24T00:33+09:00,ref:E4351400003121,d3cac1b7b9c518481c1b,あさぎり町,ふれあい福祉センター,未開設(Web開設一覧に掲載なし),false,,,熊本県あさぎり町岡原北929,,unchanged,未開設(Web開設一覧に掲載なし),,,https://portal.bousai.pref.kumamoto.jp/sp.html?p=evacuation%2Fshelter&l=15-0&ll=32.63819999999999%2C130.77610000000004&z=9&municipalityCd=430005,e3293c22c007d068b5743782e7dc5ad80a33f0fbd6471a9d3fe1a213b5e64c86,"{""ルート検索"": """", ""住所"": ""熊本県あさぎり町岡原北929"", ""市町村"": ""あさぎり町"", ""混雑状況"": """", ""避難所名"": ""ふれあい福祉センター"", ""開設状況"": ""未開設（Web開設一覧に掲載なし）""}",matched,exact_name_address,1.000,1,3,E4351400003121,E4351400003121,ふれあい福祉センター,熊本県あさぎり町岡原北929,,,,32.240124,130.929311,"[{""共通ID"": ""E4351400003121"", ""経度"": ""130.929311"", ""緯度"": ""32.240124""}]",,"[{""NO"": ""3"", ""その他市町村長が必要と認める事項"": """", ""住所"": ""熊本県あさぎり町岡原北929"", ""備考"": """", ""共通ID"": ""E4351400003121"", ""受入対象者"": """", ""指定緊急避難場所との住所同一"": """", ""施設・場所名"": ""ふれあい福祉センター"", ""経度"": ""130.929311"", ""緯度"": ""32.240124""}]",[],reference/43000_1.csv,826df538e39b2b9a92263df3923cbb095581fd79ac7a5fb050202dbd899c7c44,,,,,,unmatched,no_candidate,,,,,,unmatched,manual_no_match,,,32.240124,130.929311,gsi_reference,reference_latitude_longitude,complete
2026-08-24,2026-08-24T00:33:05+09:00,26/08/24 00:33時点の避難所状況の一覧です。,2026-08-24T00:33+09:00,ref:E4351400002112,cc98fb4b1fc9b168640f,あさぎり町,もみじ館(予備:岡原保健センター),未開設(Web開設一覧に掲載なし),false,,,熊本県あさぎり町岡原北904,,unchanged,未開設(Web開設一覧に掲載なし),,,https://portal.bousai.pref.kumamoto.jp/sp.html?p=evacuation%2Fshelter&l=15-0&ll=32.63819999999999%2C130.77610000000004&z=9&municipalityCd=430005,cb673a8db9b0f29b919d503f7cce5ecd65e46984889722cf9f1ef6a70653a838,"{""ルート検索"": """", ""住所"": ""熊本県あさぎり町岡原北904"", ""市町村"": ""あさぎり町"", ""混雑状況"": """", ""避難所名"": ""もみじ館(予備:岡原保健センター)"", ""開設状況"": ""未開設（Web開設一覧に掲載なし）""}",matched,exact_name_address,1.000,1,2,E4351400002112,E4351400002112,もみじ館(予備:岡原保健センター),熊本県あさぎり町岡原北904,,,,32.239590193854,130.93188707796,"[{""共通ID"": ""E4351400002112"", ""経度"": ""130.93188707796"", ""緯度"": ""32.239590193854""}]",,"[{""NO"": ""2"", ""その他市町村長が必要と認める事項"": """", ""住所"": ""熊本県あさぎり町岡原北904"", ""備考"": """", ""共通ID"": ""E4351400002112"", ""受入対象者"": """", ""指定緊急避難場所との住所同一"": """", ""施設・場所名"": ""もみじ館(予備:岡原保健センター)"", ""経度"": ""130.93188707796"", ""緯度"": ""32.239590193854""}]",[],reference/43000_1.csv,826df538e39b2b9a92263df3923cbb095581fd79ac7a5fb050202dbd899c7c44,,,,,,unmatched,no_candidate,,,,,,unmatched,manual_no_match,,,32.239590193854,130.93188707796,gsi_reference,reference_latitude_longitude,complete
2026-08-24,2026-08-24T00:33:05+09:00,26/08/24 00:33時点の避難所状況の一覧です。,2026-08-24T00:33+09:00,ref:E4351400004111,ba6ef368ae4258c3d710,あさぎり町,上総合運動公園体育館(予備:武道場),未開設(Web開設一覧に掲載なし),false,,,熊本県あさぎり町上東128-2,,unchanged,未開設(Web開設一覧に掲載なし),,,https://portal.bousai.pref.kumamoto.jp/sp.html?p=evacuation%2Fshelter&l=15-0&ll=32.63819999999999%2C130.77610000000004&z=9&municipalityCd=430005,6a8518b4ada395cb9c9ebb06bf5c0e1f210dc8dfd53e28dedfea49c30d28343e,"{""ルート検索"": """", ""住所"": ""熊本県あさぎり町上東128-2"", ""市町村"": ""あさぎり町"", ""混雑状況"": """", ""避難所名"": ""上総合運動公園体育館(予備:武道場)"", ""開設状況"": ""未開設（Web開設一覧に掲載なし）""}",matched,exact_name_address,1.000,1,4,E4351400004111,E4351400004111,上総合運動公園体育館(予備:武道場),熊本県あさぎり町上東128-2,,,,32.221566156341,130.90970751655,"[{""共通ID"": ""E4351400004111"", ""経度"": ""130.90970751655"", ""緯度"": ""32.221566156341""}]",,"[{""NO"": ""4"", ""その他市町村長が必要と認める事項"": """", ""住所"": ""熊本県あさぎり町上東128-2"", ""備考"": """", ""共通ID"": ""E4351400004111"", ""受入対象者"": """", ""指定緊急避難場所との住所同一"": """", ""施設・場所名"": ""上総合運動公園体育館(予備:武道場)"", ""経度"": ""130.90970751655"", ""緯度"": ""32.221566156341""}]",[],reference/43000_1.csv,826df538e39b2b9a92263df3923cbb095581fd79ac7a5fb050202dbd899c7c44,,,,,,unmatched,fuzzy_below_threshold,0.883,,,,,unmatched,manual_no_match,,,32.221566156341,130.90970751655,gsi_reference,reference_latitude_longitude,complete
2026-08-24,2026-08-24T00:33:05+09:00,26/08/24 00:33時点の避難所状況の一覧です。,2026-08-24T00:33+09:00,ref:E4351400019111,c4a36b8d6497b30c066e,あさぎり町,免田地区体育館(予備:武道場),未開設(Web開設一覧に掲載なし),false,,,熊本県あさぎり町免田東1774,,unchanged,未開設(Web開設一覧に掲載なし),,,https://portal.bousai.pref.kumamoto.jp/sp.html?p=evacuation%2Fshelter&l=15-0&ll=32.63819999999999%2C130.77610000000004&z=9&municipalityCd=430005,9db4add13ec207f43fa23effd27d923ffbaae8416d87a55b63e9a759ab61002e,"{""ルート検索"": """", ""住所"": ""熊本県あさぎり町免田東1774"", ""市町村"": ""あさぎり町"", ""混雑状況"": """", ""避難所名"": ""免田地区体育館(予備:武道場)"", ""開設状況"": ""未開設（Web開設一覧に掲載なし）""}",matched,exact_name_address,1.000,1,11,E4351400019111,E4351400019111,免田地区体育館(予備:武道場),熊本県あさぎり町免田東1774,,,,32.234893,130.898965,"[{""共通ID"": ""E4351400019111"", ""経度"": ""130.898965"", ""緯度"": ""32.234893""}]",,"[{""NO"": ""11"", ""その他市町村長が必要と認める事項"": """", ""住所"": ""熊本県あさぎり町免田東1774"", ""備考"": """", ""共通ID"": ""E4351400019111"", ""受入対象者"": """", ""指定緊急避難場所との住所同一"": """", ""施設・場所名"": ""免田地区体育館(予備:武道場)"", ""経度"": ""130.898965"", ""緯度"": ""32.234893""}]",[],reference/43000_1.csv,826df538e39b2b9a92263df3923cbb095581fd79ac7a5fb050202dbd899c7c44,,,,,,unmatched,no_candidate,,,,,,unmatched,manual_no_match,,,32.234893,130.898965,gsi_reference,reference_latitude_longitude,complete
2026-08-24,2026-08-24T00:33:05+09:00,26/08/24 00:33時点の避難所状況の一覧です。,2026-08-24T00:33+09:00,ref:E4351400018111,c4c816be43fe1c22db4a,あさぎり町,免田小学校体育館,未開設(Web開設一覧に掲載なし),false,,,熊本県あさぎり町免田東1719,,unchanged,未開設(Web開設一覧に掲載なし),,,https://portal.bousai.pref.kumamoto.jp/sp.html?p=evacuation%2Fshelter&l=15-0&ll=32.63819999999999%2C130.77610000000004&z=9&municipalityCd=430005,2e1fd597e5fba2b99a28c334873924ac3f72c458c84d6fc670dc456295dd0472,"{""ルート検索"": """", ""住所"": ""熊本県あさぎり町免田東1719"", ""市町村"": ""あさぎり町"", ""混雑状況"": """", ""避難所名"": ""免田小学校体育館"", ""開設状況"": ""未開設（Web開設一覧に掲載なし）""}",matched,exact_name_address,1.000,1,10,E4351400018111,E4351400018111,免田小学校体育館,熊本県あさぎり町免田東1719,,,,32.235215,130.896114,"[{""共通ID"": ""E4351400018111"", ""経度"": ""130.896114"", ""緯度"": ""32.235215""}]",,"[{""NO"": ""10"", ""その他市町村長が必要と認める事項"": """", ""住所"": ""熊本県あさぎり町免田東1719"", ""備考"": """", ""共通ID"": ""E4351400018111"", ""受入対象者"": """", ""指定緊急避難場所との住所同一"": """", ""施設・場所名"": ""免田小学校体育館"", ""経度"": ""130.896114"", ""緯度"": ""32.235215""}]",[],reference/43000_1.csv,826df538e39b2b9a92263df3923cbb095581fd79ac7a5fb050202dbd899c7c44,,,,,,unmatched,no_candidate,,,,,,unmatched,manual_no_match,,,32.235215,130.896114,gsi_reference,reference_latitude_longitude,complete
2026-08-24,2026-08-24T00:33:05+09:00,26/08/24 00:33時点の避難所状況の一覧です。,2026-08-24T00:33+09:00,ref:E4351400009111,a2bdacd520bab6a985d5,あさぎり町,南稜高校体育館,未開設(Web開設一覧に掲載なし),false,,,熊本県あさぎり町上北310,,unchanged,未開設(Web開設一覧に掲載なし),,,https://portal.bousai.pref.kumamoto.jp/sp.html?p=evacuation%2Fshelter&l=15-0&ll=32.63819999999999%2C130.77610000000004&z=9&municipalityCd=430005,cb9bd2dbf31f8975cdf4021ea1ed79914f18cb3f9ded72b2e63002aa59607078,"{""ルート検索"": """", ""住所"": ""熊本県あさぎり町上北310"", ""市町村"": ""あさぎり町"", ""混雑状況"": """", ""避難所名"": ""南稜高校体育館"", ""開設状況"": ""未開設（Web開設一覧に掲載なし）""}",matched,exact_name_address,1.000,1,5,E4351400009111,E4351400009111,南稜高校体育館,熊本県あさぎり町上北310,,,,32.232361,130.895509,"[{""共通ID"": ""E4351400009111"", ""経度"": ""130.895509"", ""緯度"": ""32.232361""}]",,"[{""NO"": ""5"", ""その他市町村長が必要と認める事項"": """", ""住所"": ""熊本県あさぎり町上北310"", ""備考"": """", ""共通ID"": ""E4351400009111"", ""受入対象者"": """", ""指定緊急避難場所との住所同一"": """", ""施設・場所名"": ""南稜高校体育館"", ""経度"": ""130.895509"", ""緯度"": ""32.232361""}]",[],reference/43000_1.csv,826df538e39b2b9a92263df3923cbb095581fd79ac7a5fb050202dbd899c7c44,,,,,,unmatched,no_candidate,,,,,,unmatched,manual_no_match,,,32.232361,130.895509,gsi_reference,reference_latitude_longitude,complete
2026-08-24,2026-08-24T00:33:05+09:00,26/08/24 00:33時点の避難所状況の一覧です。,2026-08-24T00:33+09:00,ref:E4351400001111,76eb4bd7ca44994d3762,あさぎり町,岡原小学校体育館,未開設(Web開設一覧に掲載なし),false,,,熊本県あさぎり町岡原北1313,,unchanged,未開設(Web開設一覧に掲載なし),,,https://portal.bousai.pref.kumamoto.jp/sp.html?p=evacuation%2Fshelter&l=15-0&ll=32.63819999999999%2C130.77610000000004&z=9&municipalityCd=430005,429a271c899ae25095c6a29face7b656c7da6b6c0938d47f1f8db28be866946f,"{""ルート検索"": """", ""住所"": ""熊本県あさぎり町岡原北1313"", ""市町村"": ""あさぎり町"", ""混雑状況"": """", ""避難所名"": ""岡原小学校体育館"", ""開設状況"": ""未開設（Web開設一覧に掲載なし）""}",matched,exact_name_address,1.000,1,1,E4351400001111,E4351400001111,岡原小学校体育館,熊本県あさぎり町岡原北1313,,,,32.237951,130.933561,"[{""共通ID"": ""E4351400001111"", ""経度"": ""130.933561"", ""緯度"": ""32.237951""}]",,"[{""NO"": ""1"", ""その他市町村長が必要と認める事項"": """", ""住所"": ""熊本県あさぎり町岡原北1313"", ""備考"": """", ""共通ID"": ""E4351400001111"", ""受入対象者"": """", ""指定緊急避難場所との住所同一"": """", ""施設・場所名"": ""岡原小学校体育館"", ""経度"": ""130.933561"", ""緯度"": ""32.237951""}]",[],reference/43000_1.csv,826df538e39b2b9a92263df3923cbb095581fd79ac7a5fb050202dbd899c7c44,,,,,,unmatched,no_candidate,,,,,,unmatched,manual_no_match,,,32.237951,130.933561,gsi_reference,reference_latitude_longitude,complete
2026-08-24,2026-08-24T00:33:05+09:00,26/08/24 00:33時点の避難所状況の一覧です。,2026-08-24T00:33+09:00,ref:E4351400013111,32197517ab7f7783605f,あさぎり町,深田小学校体育館,未開設(Web開設一覧に掲載なし),false,,,熊本県あさぎり町深田東787,,unchanged,未開設(Web開設一覧に掲載なし),,,https://portal.bousai.pref.kumamoto.jp/sp.html?p=evacuation%2Fshelter&l=15-0&ll=32.63819999999999%2C130.77610000000004&z=9&municipalityCd=430005,f6d32fdc1bb880af422d1fc57e7a308a67bbcc7813e960ffe951f2d680baffe9,"{""ルート検索"": """", ""住所"": ""熊本県あさぎり町深田東787"", ""市町村"": ""あさぎり町"", ""混雑状況"": """", ""避難所名"": ""深田小学校体育館"", ""開設状況"": ""未開設（Web開設一覧に掲載なし）""}",matched,exact_name_address,1.000,1,7,E4351400013111,E4351400013111,深田小学校体育館,熊本県あさぎり町深田東787,,,,32.24468,130.875254,"[{""共通ID"": ""E4351400013111"", ""経度"": ""130.875254"", ""緯度"": ""32.24468""}]",,"[{""NO"": ""7"", ""その他市町村長が必要と認める事項"": """", ""住所"": ""熊本県あさぎり町深田東787"", ""備考"": """", ""共通ID"": ""E4351400013111"", ""受入対象者"": """", ""指定緊急避難場所との住所同一"": """", ""施設・場所名"": ""深田小学校体育館"", ""経度"": ""130.875254"", ""緯度"": ""32.24468""}]",[],reference/43000_1.csv,826df538e39b2b9a92263df3923cbb095581fd79ac7a5fb050202dbd899c7c44,,,,,,unmatched,no_candidate,,,,,,unmatched,manual_no_match,,,32.24468,130.875254,gsi_reference,reference_latitude_longitude,complete
2026-08-24,2026-08-24T00:33:05+09:00,26/08/24 00:33時点の避難所状況の一覧です。,2026-08-24T00:33+09:00,ref:E4351400011111,644a68526dcfba013d5f,あさぎり町,深田高山総合運動公園体育館(予備:定住促進センター),未開設(Web開設一覧に掲載なし),false,,,熊本県あさぎり町深田東1404,,unchanged,未開設(Web開設一覧に掲載なし),,,https://portal.bousai.pref.kumamoto.jp/sp.html?p=evacuation%2Fshelter&l=15-0&ll=32.63819999999999%2C130.77610000000004&z=9&municipalityCd=430005,43dc899efbae94514710b6e9158a3998bc0da521356d3c0ce9f81d440dfacb47,"{""ルート検索"": """", ""住所"": ""熊本県あさぎり町深田東1404"", ""市町村"": ""あさぎり町"", ""混雑状況"": """", ""避難所名"": ""深田高山総合運動公園体育館(予備:定住促進センター)"", ""開設状況"": ""未開設（Web開設一覧に掲載なし）""}",matched,exact_name_address,1.000,1,6,E4351400011111,E4351400011111,深田高山総合運動公園体育館(予備:定住促進センター),熊本県あさぎり町深田東1404,,,,32.250474,130.877483,"[{""共通ID"": ""E4351400011111"", ""経度"": ""130.877483"", ""緯度"": ""32.250474""}]",,"[{""NO"": ""6"", ""その他市町村長が必要と認める事項"": """", ""住所"": ""熊本県あさぎり町深田東1404"", ""備考"": """", ""共通ID"": ""E4351400011111"", ""受入対象者"": """", ""指定緊急避難場所との住所同一"": """", ""施設・場所名"": ""深田高山総合運動公園体育館(予備:定住促進センター)"", ""経度"": ""130.877483"", ""緯度"": ""32.250474""}]",[],reference/43000_1.csv,826df538e39b2b9a92263df3923cbb095581fd79ac7a5fb050202dbd899c7c44,,,,,,unmatched,no_candidate,,,,,,unmatched,manual_no_match,,,32.250474,130.877483,gsi_reference,reference_latitude_longitude,complete
2026-08-24,2026-08-24T00:33:05+09:00,26/08/24 00:33時点の避難所状況の一覧です。,2026-08-24T00:33+09:00,ref:E4351400014111,fb5404642c2e859c955b,あさぎり町,須恵文化ホール(予備:研修室・会議室),未開設(Web開設一覧に掲載なし),false,,,熊本県あさぎり町須恵1227,,unchanged,未開設(Web開設一覧に掲載なし),,,https://portal.bousai.pref.kumamoto.jp/sp.html?p=evacuation%2Fshelter&l=15-0&ll=32.63819999999999%2C130.77610000000004&z=9&municipalityCd=430005,866ceee40df67f3c9e0fd5be7a9a7cc682b421e85f3cf7190ffe071cda924513,"{""ルート検索"": """", ""住所"": ""熊本県あさぎり町須恵1227"", ""市町村"": ""あさぎり町"", ""混雑状況"": """", ""避難所名"": ""須恵文化ホール(予備:研修室・会議室)"", ""開設状況"": ""未開設（Web開設一覧に掲載なし）""}",matched,exact_name_address,1.000,1,8,E4351400014111,E4351400014111,須恵文化ホール(予備:研修室・会議室),熊本県あさぎり町須恵1227,,,,32.266571,130.900365,"[{""共通ID"": ""E4351400014111"", ""経度"": ""130.900365"", ""緯度"": ""32.266571""}]",,"[{""NO"": ""8"", ""その他市町村長が必要と認める事項"": """", ""住所"": ""熊本県あさぎり町須恵1227"", ""備考"": """", ""共通ID"": ""E4351400014111"", ""受入対象者"": """", ""指定緊急避難場所との住所同一"": """", ""施設・場所名"": ""須恵文化ホール(予備:研修室・会議室)"", ""経度"": ""130.900365"", ""緯度"": ""32.266571""}]",[],reference/43000_1.csv,826df538e39b2b9a92263df3923cbb095581fd79ac7a5fb050202dbd899c7c44,,,,,,unmatched,no_candidate,,,,,,unmatched,manual_no_match,,,32.266571,130.900365,gsi_reference,reference_latitude_longitude,complete
2026-08-24,2026-08-24T00:33:05+09:00,26/08/24 00:33時点の避難所状況の一覧です。,2026-08-24T00:33+09:00,ref:E4321200068111,1988b0cbc8607594c3ae,上天草市,大矢野図書館,未開設(Web開設一覧に掲載なし),false,,,熊本県上天草市大矢野町中977-5,,unchanged,未開設(Web開設一覧に掲載なし),,,https://portal.bousai.pref.kumamoto.jp/sp.html?p=evacuation%2Fshelter&l=15-0&ll=32.63819999999999%2C130.77610000000004&z=9&municipalityCd=430005,b4276e5617d2a4bbb9f62d58c59efccab3ced6a1039247ef38f361beb94727ae,"{""ルート検索"": """", ""住所"": ""熊本県上天草市大矢野町中977-5"", ""市町村"": ""上天草市"", ""混雑状況"": """", ""避難所名"": ""大矢野図書館"", ""開設状況"": ""未開設（Web開設一覧に掲載なし）""}",matched,exact_name_address,1.000,1,855,E4321200068111,E4321200068111,大矢野図書館,熊本県上天草市大矢野町中977-5,1,,,32.576648,130.421575,"[{""共通ID"": ""E4321200068111"", ""経度"": ""130.421575"", ""緯度"": ""32.576648""}]",,"[{""NO"": ""855"", ""その他市町村長が必要と認める事項"": """", ""住所"": ""熊本県上天草市大矢野町中977-5"", ""備考"": """", ""共通ID"": ""E4321200068111"", ""受入対象者"": """", ""指定緊急避難場所との住所同一"": ""1"", ""施設・場所名"": ""大矢野図書館"", ""経度"": ""130.421575"", ""緯度"": ""32.576648""}]",[],reference/43000_1.csv,826df538e39b2b9a92263df3923cbb095581fd79ac7a5fb050202dbd899c7c44,,,,,,unmatched,no_candidate,,,,,,unmatched,manual_no_match,,,32.576648,130.421575,gsi_reference,reference_latitude_longitude,complete
2026-08-24,2026-08-24T00:33:05+09:00,26/08/24 00:33時点の避難所状況の一覧です。,2026-08-24T00:33+09:00,ref:E4321200022111,e084a2e8be8e9ba3db3d,上天草市,旧上北小学校体育館,未開設(Web開設一覧に掲載なし),false,,,熊本県上天草市大矢野町上3360,,unchanged,未開設(Web開設一覧に掲載なし),,,https://portal.bousai.pref.kumamoto.jp/sp.html?p=evacuation%2Fshelter&l=15-0&ll=32.63819999999999%2C130.77610000000004&z=9&municipalityCd=430005,c514db910c5355b6d3d22da130303a39583253b34c22dfbefa8e2580e8fec9d6,"{""ルート検索"": """", ""住所"": ""熊本県上天草市大矢野町上3360"", ""市町村"": ""上天草市"", ""混雑状況"": """", ""避難所名"": ""旧上北小学校体育館"", ""開設状況"": ""未開設（Web開設一覧に掲載なし）""}",matched,exact_name_address,1.000,1,848,E4321200022111,E4321200022111,旧上北小学校体育館,熊本県上天草市大矢野町上3360,1,,,32.601642634293,130.42207645767,"[{""共通ID"": ""E4321200022111"", ""経度"": ""130.42207645767"", ""緯度"": ""32.601642634293""}]",,"[{""NO"": ""848"", ""その他市町村長が必要と認める事項"": """", ""住所"": ""熊本県上天草市大矢野町上3360"", ""備考"": """", ""共通ID"": ""E4321200022111"", ""受入対象者"": """", ""指定緊急避難場所との住所同一"": ""1"", ""施設・場所名"": ""旧上北小学校体育館"", ""経度"": ""130.42207645767"", ""緯度"": ""32.601642634293""}]",[],reference/43000_1.csv,826df538e39b2b9a92263df3923cbb095581fd79ac7a5fb050202dbd899c7c44,,,,,,unmatched,no_candidate,,,,,,unmatched,manual_no_match,,,32.601642634293,130.42207645767,gsi_reference,reference_latitude_longitude,complete
2026-08-24,2026-08-24T00:33:05+09:00,26/08/24 00:33時点の避難所状況の一覧です。,2026-08-24T00:33+09:00,ref:E4351100007111,6d283fb6fc125cb7161c,五木村,下梶原集会所,未開設(Web開設一覧に掲載なし),false,,,熊本県五木村甲4257-169,,unchanged,未開設(Web開設一覧に掲載なし),,,https://portal.bousai.pref.kumamoto.jp/sp.html?p=evacuation%2Fshelter&l=15-0&ll=32.63819999999999%2C130.77610000000004&z=9&municipalityCd=430005,a95c248e31abebbf275da070f8b2e2535865b7adb89898d23501979ab645b218,"{""ルート検索"": """", ""住所"": ""熊本県五木村甲4257-169"", ""市町村"": ""五木村"", ""混雑状況"": """", ""避難所名"": ""下梶原集会所"", ""開設状況"": ""未開設（Web開設一覧に掲載なし）""}",matched,exact_name_address,1.000,1,583,E4351100007111,E4351100007111,下梶原集会所,熊本県五木村甲4257-169,1,,,32.390974,130.9211,"[{""共通ID"": ""E4351100007111"", ""経度"": ""130.9211"", ""緯度"": ""32.390974""}]",,"[{""NO"": ""583"", ""その他市町村長が必要と認める事項"": """", ""住所"": ""熊本県五木村甲4257-169"", ""備考"": """", ""共通ID"": ""E4351100007111"", ""受入対象者"": """", ""指定緊急避難場所との住所同一"": ""1"", ""施設・場所名"": ""下梶原集会所"", ""経度"": ""130.9211"", ""緯度"": ""32.390974""}]",[],reference/43000_1.csv,826df538e39b2b9a92263df3923cbb095581fd79ac7a5fb050202dbd899c7c44,,,,,,unmatched,fuzzy_below_threshold,0.889,,,,,unmatched,manual_no_match,,,32.390974,130.9211,gsi_reference,reference_latitude_longitude,complete
2026-08-24,2026-08-24T00:33:05+09:00,26/08/24 00:33時点の避難所状況の一覧です。,2026-08-24T00:33+09:00,ref:E4351100006111,fca04ea3fe35850a6d34,五木村,下谷集会所,未開設(Web開設一覧に掲載なし),false,,,熊本県五木村甲1701-4,,unchanged,未開設(Web開設一覧に掲載なし),,,https://portal.bousai.pref.kumamoto.jp/sp.html?p=evacuation%2Fshelter&l=15-0&ll=32.63819999999999%2C130.77610000000004&z=9&municipalityCd=430005,8b21334b6d6cde9349bd975ebecc557a78da07d172ae7a4b63cc331bdcfd8ada,"{""ルート検索"": """", ""住所"": ""熊本県五木村甲1701-4"", ""市町村"": ""五木村"", ""混雑状況"": """", ""避難所名"": ""下谷集会所"", ""開設状況"": ""未開設（Web開設一覧に掲載なし）""}",matched,exact_name_address,1.000,1,582,E4351100006111,E4351100006111,下谷集会所,熊本県五木村甲1701-4,1,,,32.384435,130.83704,"[{""共通ID"": ""E4351100006111"", ""経度"": ""130.83704"", ""緯度"": ""32.384435""}]",,"[{""NO"": ""582"", ""その他市町村長が必要と認める事項"": """", ""住所"": ""熊本県五木村甲1701-4"", ""備考"": """", ""共通ID"": ""E4351100006111"", ""受入対象者"": """", ""指定緊急避難場所との住所同一"": ""1"", ""施設・場所名"": ""下谷集会所"", ""経度"": ""130.83704"", ""緯度"": ""32.384435""}]",[],reference/43000_1.csv,826df538e39b2b9a92263df3923cbb095581fd79ac7a5fb050202dbd899c7c44,,,,,,unmatched,fuzzy_below_threshold,0.900,,,,,unmatched,manual_no_match,,,32.384435,130.83704,gsi_reference,reference_latitude_longitude,complete
2026-08-24,2026-08-24T00:33:05+09:00,26/08/24 00:33時点の避難所状況の一覧です。,2026-08-24T00:33+09:00,ref:E4351100009111,1a0a714a29bf6ce25192,五木村,入鴨集会所,未開設(Web開設一覧に掲載なし),false,,,熊本県五木村甲4605-1,,unchanged,未開設(Web開設一覧に掲載なし),,,https://portal.bousai.pref.kumamoto.jp/sp.html?p=evacuation%2Fshelter&l=15-0&ll=32.63819999999999%2C130.77610000000004&z=9&municipalityCd=430005,67718cc952a5a47e70bf99c24c59b6c8a26bd97638d45575ca5c0195fa30f38a,"{""ルート検索"": """", ""住所"": ""熊本県五木村甲4605-1"", ""市町村"": ""五木村"", ""混雑状況"": """", ""避難所名"": ""入鴨集会所"", ""開設状況"": ""未開設（Web開設一覧に掲載なし）""}",matched,exact_name_address,1.000,1,585,E4351100009111,E4351100009111,入鴨集会所,熊本県五木村甲4605-1,1,,,32.41717075,130.8862861,"[{""共通ID"": ""E4351100009111"", ""経度"": ""130.8862861"", ""緯度"": ""32.41717075""}]",,"[{""NO"": ""585"", ""その他市町村長が必要と認める事項"": """", ""住所"": ""熊本県五木村甲4605-1"", ""備考"": """", ""共通ID"": ""E4351100009111"", ""受入対象者"": """", ""指定緊急避難場所との住所同一"": ""1"", ""施設・場所名"": ""入鴨集会所"", ""経度"": ""130.8862861"", ""緯度"": ""32.41717075""}]",[],reference/43000_1.csv,826df538e39b2b9a92263df3923cbb095581fd79ac7a5fb050202dbd899c7c44,,,,,,unmatched,fuzzy_below_threshold,0.905,,,,,unmatched,manual_no_match,,,32.41717075,130.8862861,gsi_reference,reference_latitude_longitude,complete
2026-08-24,2026-08-24T00:33:05+09:00,26/08/24 00:33時点の避難所状況の一覧です。,2026-08-24T00:33+09:00,ref:E4351100011111,959e192be350e20e5e6a,五木村,八重集会所,未開設(Web開設一覧に掲載なし),false,,,熊本県五木村甲6264-2,,unchanged,未開設(Web開設一覧に掲載なし),,,https://portal.bousai.pref.kumamoto.jp/sp.html?p=evacuation%2Fshelter&l=15-0&ll=32.63819999999999%2C130.77610000000004&z=9&municipalityCd=430005,76a30260ae92635266ff191d7e273b74314343a3494505d64b10fcef2c8c5e5c,"{""ルート検索"": """", ""住所"": ""熊本県五木村甲6264-2"", ""市町村"": ""五木村"", ""混雑状況"": """", ""避難所名"": ""八重集会所"", ""開設状況"": ""未開設（Web開設一覧に掲載なし）""}",matched,exact_name_address,1.000,1,587,E4351100011111,E4351100011111,八重集会所,熊本県五木村甲6264-2,1,,,32.45681381,130.8593214,"[{""共通ID"": ""E4351100011111"", ""経度"": ""130.8593214"", ""緯度"": ""32.45681381""}]",,"[{""NO"": ""587"", ""その他市町村長が必要と認める事項"": """", ""住所"": ""熊本県五木村甲6264-2"", ""備考"": """", ""共通ID"": ""E4351100011111"", ""受入対象者"": """", ""指定緊急避難場所との住所同一"": ""1"", ""施設・場所名"": ""八重集会所"", ""経度"": ""130.8593214"", ""緯度"": ""32.45681381""}]",[],reference/43000_1.csv,826df538e39b2b9a92263df3923cbb095581fd79ac7a5fb050202dbd899c7c44,,,,,,unmatched,fuzzy_below_threshold,0.900,,,,,unmatched,manual_no_match,,,32.45681381,130.8593214,gsi_reference,reference_latitude_longitude,complete
2026-08-24,2026-08-24T00:33:05+09:00,26/08/24 00:33時点の避難所状況の一覧です。,2026-08-24T00:33+09:00,ref:E4351100001111,c3ff0fac387e4efac156,五木村,山口集会所,未開設(Web開設一覧に掲載なし),false,,,熊本県五木村乙1763,,unchanged,未開設(Web開設一覧に掲載なし),,,https://portal.bousai.pref.kumamoto.jp/sp.html?p=evacuation%2Fshelter&l=15-0&ll=32.63819999999999%2C130.77610000000004&z=9&municipalityCd=430005,ca5c0600f7cade87e74e9ae8d6b1c84fcfe6f29f1798d4c5de29ee443fa86f19,"{""ルート検索"": """", ""住所"": ""熊本県五木村乙1763"", ""市町村"": ""五木村"", ""混雑状況"": """", ""避難所名"": ""山口集会所"", ""開設状況"": ""未開設（Web開設一覧に掲載なし）""}",matched,exact_name_address,1.000,1,576,E4351100001111,E4351100001111,山口集会所,熊本県五木村乙1763,1,,,32.448776,130.741307,"[{""共通ID"": ""E4351100001111"", ""経度"": ""130.741307"", ""緯度"": ""32.448776""}]",,"[{""NO"": ""576"", ""その他市町村長が必要と認める事項"": """", ""住所"": ""熊本県五木村乙1763"", ""備考"": """", ""共通ID"": ""E4351100001111"", ""受入対象者"": """", ""指定緊急避難場所との住所同一"": ""1"", ""施設・場所名"": ""山口集会所"", ""経度"": ""130.741307"", ""緯度"": ""32.448776""}]",[],reference/43000_1.csv,826df538e39b2b9a92263df3923cbb095581fd79ac7a5fb050202dbd899c7c44,,,,,,unmatched,fuzzy_below_threshold,0.910,,,,,unmatched,manual_no_match,,,32.448776,130.741307,gsi_reference,reference_latitude_longitude,complete
2026-08-24,2026-08-24T00:33:05+09:00,26/08/24 00:33時点の避難所状況の一覧です。,2026-08-24T00:33+09:00,ref:E4351100002111,bc60bdd2ba6684409155,五木村,日当集会所,未開設(Web開設一覧に掲載なし),false,,,熊本県五木村乙1839-2,,unchanged,未開設(Web開設一覧に掲載なし),,,https://portal.bousai.pref.kumamoto.jp/sp.html?p=evacuation%2Fshelter&l=15-0&ll=32.63819999999999%2C130.77610000000004&z=9&municipalityCd=430005,6b63b9446012510511516ade7b2654a9db2ef8886495929dbc5887a9dd4ee353,"{""ルート検索"": """", ""住所"": ""熊本県五木村乙1839-2"", ""市町村"": ""五木村"", ""混雑状況"": """", ""避難所名"": ""日当集会所"", ""開設状況"": ""未開設（Web開設一覧に掲載なし）""}",matched,exact_name_address,1.000,1,577,E4351100002111,E4351100002111,日当集会所,熊本県五木村乙1839-2,1,,,32.4321274,130.732062,"[{""共通ID"": ""E4351100002111"", ""経度"": ""130.732062"", ""緯度"": ""32.4321274""}]",,"[{""NO"": ""577"", ""その他市町村長が必要と認める事項"": """", ""住所"": ""熊本県五木村乙1839-2"", ""備考"": """", ""共通ID"": ""E4351100002111"", ""受入対象者"": """", ""指定緊急避難場所との住所同一"": ""1"", ""施設・場所名"": ""日当集会所"", ""経度"": ""130.732062"", ""緯度"": ""32.4321274""}]",[],reference/43000_1.csv,826df538e39b2b9a92263df3923cbb095581fd79ac7a5fb050202dbd899c7c44,,,,,,unmatched,fuzzy_below_threshold,0.877,,,,,unmatched,manual_no_match,,,32.4321274,130.732062,gsi_reference,reference_latitude_longitude,complete
2026-08-24,2026-08-24T00:33:05+09:00,26/08/24 00:33時点の避難所状況の一覧です。,2026-08-24T00:33+09:00,ref:E4351100024111,7b8d6ae2f077a879d3b9,五木村,日添集会所,未開設(Web開設一覧に掲載なし),false,,,熊本県五木村丙20-4,,unchanged,未開設(Web開設一覧に掲載なし),,,https://portal.bousai.pref.kumamoto.jp/sp.html?p=evacuation%2Fshelter&l=15-0&ll=32.63819999999999%2C130.77610000000004&z=9&municipalityCd=430005,3dd5f87a43cdabc394736e284a850be667bab28b8088015e19024066aacefa0f,"{""ルート検索"": """", ""住所"": ""熊本県五木村丙20-4"", ""市町村"": ""五木村"", ""混雑状況"": """", ""避難所名"": ""日添集会所"", ""開設状況"": ""未開設（Web開設一覧に掲載なし）""}",matched,exact_name_address,1.000,1,601,E4351100024111,E4351100024111,日添集会所,熊本県五木村丙20-4,1,,,32.43356678,130.7339278,"[{""共通ID"": ""E4351100024111"", ""経度"": ""130.7339278"", ""緯度"": ""32.43356678""}]",,"[{""NO"": ""601"", ""その他市町村長が必要と認める事項"": """", ""住所"": ""熊本県五木村丙20-4"", ""備考"": """", ""共通ID"": ""E4351100024111"", ""受入対象者"": """", ""指定緊急避難場所との住所同一"": ""1"", ""施設・場所名"": ""日添集会所"", ""経度"": ""130.7339278"", ""緯度"": ""32.43356678""}]",[],reference/43000_1.csv,826df538e39b2b9a92263df3923cbb095581fd79ac7a5fb050202dbd899c7c44,,,,,,unmatched,fuzzy_below_threshold,0.905,,,,,unmatched,manual_no_match,,,32.43356678,130.7339278,gsi_reference,reference_latitude_longitude,complete
2026-08-24,2026-08-24T00:33:05+09:00,26/08/24 00:33時点の避難所状況の一覧です。,2026-08-24T00:33+09:00,ref:E4351100012111,f249040d1ed826a6486f,五木村,栗鶴集会所,未開設(Web開設一覧に掲載なし),false,,,熊本県五木村甲7251-1,,unchanged,未開設(Web開設一覧に掲載なし),,,https://portal.bousai.pref.kumamoto.jp/sp.html?p=evacuation%2Fshelter&l=15-0&ll=32.63819999999999%2C130.77610000000004&z=9&municipalityCd=430005,e80266f75c1abc2949c89a346684557d517e399c6c6f7c80405af8eae89b1756,"{""ルート検索"": """", ""住所"": ""熊本県五木村甲7251-1"", ""市町村"": ""五木村"", ""混雑状況"": """", ""避難所名"": ""栗鶴集会所"", ""開設状況"": ""未開設（Web開設一覧に掲載なし）""}",matched,exact_name_address,1.000,1,588,E4351100012111,E4351100012111,栗鶴集会所,熊本県五木村甲7251-1,1,,,32.433628,130.85324,"[{""共通ID"": ""E4351100012111"", ""経度"": ""130.85324"", ""緯度"": ""32.433628""}]",,"[{""NO"": ""588"", ""その他市町村長が必要と認める事項"": """", ""住所"": ""熊本県五木村甲7251-1"", ""備考"": """", ""共通ID"": ""E4351100012111"", ""受入対象者"": """", ""指定緊急避難場所との住所同一"": ""1"", ""施設・場所名"": ""栗鶴集会所"", ""経度"": ""130.85324"", ""緯度"": ""32.433628""}]",[],reference/43000_1.csv,826df538e39b2b9a92263df3923cbb095581fd79ac7a5fb050202dbd899c7c44,,,,,,unmatched,fuzzy_below_threshold,0.900,,,,,unmatched,manual_no_match,,,32.433628,130.85324,gsi_reference,reference_latitude_longitude,complete
2026-08-24,2026-08-24T00:33:05+09:00,26/08/24 00:33時点の避難所状況の一覧です。,2026-08-24T00:33+09:00,ref:E4351100008111,baacd478dfc174624f92,五木村,梶原集会所,未開設(Web開設一覧に掲載なし),false,,,熊本県五木村甲4342,,unchanged,未開設(Web開設一覧に掲載なし),,,https://portal.bousai.pref.kumamoto.jp/sp.html?p=evacuation%2Fshelter&l=15-0&ll=32.63819999999999%2C130.77610000000004&z=9&municipalityCd=430005,d009c11734a1fdcf5a19d1fb9a2225e357d4f0d7f17f6beee9223d50f22e1847,"{""ルート検索"": """", ""住所"": ""熊本県五木村甲4342"", ""市町村"": ""五木村"", ""混雑状況"": """", ""避難所名"": ""梶原集会所"", ""開設状況"": ""未開設（Web開設一覧に掲載なし）""}",matched,exact_name_address,1.000,1,584,E4351100008111,E4351100008111,梶原集会所,熊本県五木村甲4342,1,,,32.40632795,130.8731365,"[{""共通ID"": ""E4351100008111"", ""経度"": ""130.8731365"", ""緯度"": ""32.40632795""}]",,"[{""NO"": ""584"", ""その他市町村長が必要と認める事項"": """", ""住所"": ""熊本県五木村甲4342"", ""備考"": """", ""共通ID"": ""E4351100008111"", ""受入対象者"": """", ""指定緊急避難場所との住所同一"": ""1"", ""施設・場所名"": ""梶原集会所"", ""経度"": ""130.8731365"", ""緯度"": ""32.40632795""}]",[],reference/43000_1.csv,826df538e39b2b9a92263df3923cbb095581fd79ac7a5fb050202dbd899c7c44,,,,,,unmatched,fuzzy_below_threshold,0.910,,,,,unmatched,manual_no_match,,,32.40632795,130.8731365,gsi_reference,reference_latitude_longitude,complete
2026-08-24,2026-08-24T00:33:05+09:00,26/08/24 00:33時点の避難所状況の一覧です。,2026-08-24T00:33+09:00,ref:E4351100010111,675474b2dc42f1b00072,五木村,竹の川集会所,未開設(Web開設一覧に掲載なし),false,,,熊本県五木村甲4863,,unchanged,未開設(Web開設一覧に掲載なし),,,https://portal.bousai.pref.kumamoto.jp/sp.html?p=evacuation%2Fshelter&l=15-0&ll=32.63819999999999%2C130.77610000000004&z=9&municipalityCd=430005,6d21158f82d61fe78627c1e8f85fa8485d788179eda38d3f19a9359051ecd64c,"{""ルート検索"": """", ""住所"": ""熊本県五木村甲4863"", ""市町村"": ""五木村"", ""混雑状況"": """", ""避難所名"": ""竹の川集会所"", ""開設状況"": ""未開設（Web開設一覧に掲載なし）""}",matched,exact_name_address,1.000,1,586,E4351100010111,E4351100010111,竹の川集会所,熊本県五木村甲4863,1,,,32.41768245,130.8555007,"[{""共通ID"": ""E4351100010111"", ""経度"": ""130.8555007"", ""緯度"": ""32.41768245""}]",,"[{""NO"": ""586"", ""その他市町村長が必要と認める事項"": """", ""住所"": ""熊本県五木村甲4863"", ""備考"": """", ""共通ID"": ""E4351100010111"", ""受入対象者"": """", ""指定緊急避難場所との住所同一"": ""1"", ""施設・場所名"": ""竹の川集会所"", ""経度"": ""130.8555007"", ""緯度"": ""32.41768245""}]",[],reference/43000_1.csv,826df538e39b2b9a92263df3923cbb095581fd79ac7a5fb050202dbd899c7c44,,,,,,unmatched,fuzzy_below_threshold,0.905,,,,,unmatched,manual_no_match,,,32.41768245,130.8555007,gsi_reference,reference_latitude_longitude,complete
2026-08-24,2026-08-24T00:33:05+09:00,26/08/24 00:33時点の避難所状況の一覧です。,2026-08-24T00:33+09:00,ref:E4351100003112,17d1a6ac14de5ce2d3bf,五木村,高野体育館,未開設(Web開設一覧に掲載なし),false,,,熊本県五木村乙字高野665-35,,unchanged,未開設(Web開設一覧に掲載なし),,,https://portal.bousai.pref.kumamoto.jp/sp.html?p=evacuation%2Fshelter&l=15-0&ll=32.63819999999999%2C130.77610000000004&z=9&municipalityCd=430005,2793551cef40731cede6d889e17a15fe32b491793b159feabee484bc70392ba5,"{""ルート検索"": """", ""住所"": ""熊本県五木村乙字高野665-35"", ""市町村"": ""五木村"", ""混雑状況"": """", ""避難所名"": ""高野体育館"", ""開設状況"": ""未開設（Web開設一覧に掲載なし）""}",matched,exact_name_address,1.000,1,578,E4351100003112,E4351100003112,高野体育館,熊本県五木村乙字高野665-35,1,,,32.39997919,130.8150893,"[{""共通ID"": ""E4351100003112"", ""経度"": ""130.8150893"", ""緯度"": ""32.39997919""}]",,"[{""NO"": ""578"", ""その他市町村長が必要と認める事項"": """", ""住所"": ""熊本県五木村乙字高野665-35"", ""備考"": """", ""共通ID"": ""E4351100003112"", ""受入対象者"": """", ""指定緊急避難場所との住所同一"": ""1"", ""施設・場所名"": ""高野体育館"", ""経度"": ""130.8150893"", ""緯度"": ""32.39997919""}]",[],reference/43000_1.csv,826df538e39b2b9a92263df3923cbb095581fd79ac7a5fb050202dbd899c7c44,,,,,,unmatched,no_candidate,,,,,,unmatched,manual_no_match,,,32.39997919,130.8150893,gsi_reference,reference_latitude_longitude,complete
2026-08-24,2026-08-24T00:33:05+09:00,26/08/24 00:33時点の避難所状況の一覧です。,2026-08-24T00:33+09:00,ref:E4320300009121,d3fb366067ae8edd9e74,人吉市,人吉市養護老人ホーム延寿荘,未開設(Web開設一覧に掲載なし),false,,,熊本県人吉市蟹作町211-1,,unchanged,未開設(Web開設一覧に掲載なし),,,https://portal.bousai.pref.kumamoto.jp/sp.html?p=evacuation%2Fshelter&l=15-0&ll=32.63819999999999%2C130.77610000000004&z=9&municipalityCd=430005,98a105165a65b3b3c30c7214802141f56fd63e166de28738bf4d7187cf49730d,"{""ルート検索"": """", ""住所"": ""熊本県人吉市蟹作町211-1"", ""市町村"": ""人吉市"", ""混雑状況"": """", ""避難所名"": ""人吉市養護老人ホーム延寿荘"", ""開設状況"": ""未開設（Web開設一覧に掲載なし）""}",matched,exact_name_address,1.000,1,877,E4320300009121,E4320300009121,人吉市養護老人ホーム延寿荘,熊本県人吉市蟹作町211-1,,左記の者のうち、事前に市が特定し、環境調整を事前に行った者,高齢者(自立度の高い方),32.193606128572,130.78143554054,"[{""共通ID"": ""E4320300009121"", ""経度"": ""130.78143554054"", ""緯度"": ""32.193606128572""}]",,"[{""NO"": ""877"", ""その他市町村長が必要と認める事項"": ""左記の者のうち、事前に市が特定し、環境調整を事前に行った者"", ""住所"": ""熊本県人吉市蟹作町211-1"", ""備考"": """", ""共通ID"": ""E4320300009121"", ""受入対象者"": ""高齢者(自立度の高い方)"", ""指定緊急避難場所との住所同一"": """", ""施設・場所名"": ""人吉市養護老人ホーム延寿荘"", ""経度"": ""130.78143554054"", ""緯度"": ""32.193606128572""}]",[],reference/43000_1.csv,826df538e39b2b9a92263df3923cbb095581fd79ac7a5fb050202dbd899c7c44,,,,,,unmatched,no_candidate,,,,,,unmatched,manual_no_match,,,32.193606128572,130.78143554054,gsi_reference,reference_latitude_longitude,complete
2026-08-24,2026-08-24T00:33:05+09:00,26/08/24 00:33時点の避難所状況の一覧です。,2026-08-24T00:33+09:00,ref:E4320300040121,625c1b930721e8c4a6c2,人吉市,介護老人保健施設タンポポ,未開設(Web開設一覧に掲載なし),false,,,熊本県人吉市下漆田町1538,,unchanged,未開設(Web開設一覧に掲載なし),,,https://portal.bousai.pref.kumamoto.jp/sp.html?p=evacuation%2Fshelter&l=15-0&ll=32.63819999999999%2C130.77610000000004&z=9&municipalityCd=430005,40de3129c064b65b861af5f257a260625fcb802ea5b35234ed27f0194b152e8d,"{""ルート検索"": """", ""住所"": ""熊本県人吉市下漆田町1538"", ""市町村"": ""人吉市"", ""混雑状況"": """", ""避難所名"": ""介護老人保健施設タンポポ"", ""開設状況"": ""未開設（Web開設一覧に掲載なし）""}",matched,exact_name_address,1.000,1,873,E4320300040121,E4320300040121,介護老人保健施設タンポポ,熊本県人吉市下漆田町1538,,,高齢者(要支援・介護認定を受けていない要配慮者)、その他、在宅で一般の避難所での生活では何らかの支障をきたす者(要付添),32.190651260067,130.79348626089,"[{""共通ID"": ""E4320300040121"", ""経度"": ""130.79348626089"", ""緯度"": ""32.190651260067""}]",,"[{""NO"": ""873"", ""その他市町村長が必要と認める事項"": """", ""住所"": ""熊本県人吉市下漆田町1538"", ""備考"": """", ""共通ID"": ""E4320300040121"", ""受入対象者"": ""高齢者(要支援・介護認定を受けていない要配慮者)、その他、在宅で一般の避難所での生活では何らかの支障をきたす者(要付添)"", ""指定緊急避難場所との住所同一"": """", ""施設・場所名"": ""介護老人保健施設タンポポ"", ""経度"": ""130.79348626089"", ""緯度"": ""32.190651260067""}]",[],reference/43000_1.csv,826df538e39b2b9a92263df3923cbb095581fd79ac7a5fb050202dbd899c7c44,,,,,,unmatched,no_candidate,,,,,,unmatched,manual_no_match,,,32.190651260067,130.79348626089,gsi_reference,reference_latitude_longitude,complete
2026-08-24,2026-08-24T00:33:05+09:00,26/08/24 00:33時点の避難所状況の一覧です。,2026-08-24T00:33+09:00,ref:E4320300010121,0d74a5cfc9a85a78fd56,人吉市,地域密着型特別養護老人ホームアゼリア,未開設(Web開設一覧に掲載なし),false,,,熊本県人吉市蟹作町3690,,unchanged,未開設(Web開設一覧に掲載なし),,,https://portal.bousai.pref.kumamoto.jp/sp.html?p=evacuation%2Fshelter&l=15-0&ll=32.63819999999999%2C130.77610000000004&z=9&municipalityCd=430005,0d8cbbd95ac078d3892ca091277fe33e0546b52c064bcda2f04749dc0bc52271,"{""ルート検索"": """", ""住所"": ""熊本県人吉市蟹作町3690"", ""市町村"": ""人吉市"", ""混雑状況"": """", ""避難所名"": ""地域密着型特別養護老人ホームアゼリア"", ""開設状況"": ""未開設（Web開設一覧に掲載なし）""}",matched,exact_name_address,1.000,1,878,E4320300010121,E4320300010121,地域密着型特別養護老人ホームアゼリア,熊本県人吉市蟹作町3690,,左記の者のうち、事前に市が特定し、環境調整を事前に行った者,高齢者,32.195192246349,130.77488722577,"[{""共通ID"": ""E4320300010121"", ""経度"": ""130.77488722577"", ""緯度"": ""32.195192246349""}]",,"[{""NO"": ""878"", ""その他市町村長が必要と認める事項"": ""左記の者のうち、事前に市が特定し、環境調整を事前に行った者"", ""住所"": ""熊本県人吉市蟹作町3690"", ""備考"": """", ""共通ID"": ""E4320300010121"", ""受入対象者"": ""高齢者"", ""指定緊急避難場所との住所同一"": """", ""施設・場所名"": ""地域密着型特別養護老人ホームアゼリア"", ""経度"": ""130.77488722577"", ""緯度"": ""32.195192246349""}]",[],reference/43000_1.csv,826df538e39b2b9a92263df3923cbb095581fd79ac7a5fb050202dbd899c7c44,,,,,,ambiguous,coordinate_near_tie,,,,,,unmatched,manual_no_match,,,32.195192246349,130.77488722577,gsi_reference,reference_latitude_longitude,complete
2026-08-24,2026-08-24T00:33:05+09:00,26/08/24 00:33時点の避難所状況の一覧です。,2026-08-24T00:33+09:00,ref:E4320300014121,85cd58413295896f75f0,人吉市,特別養護老人ホーム聖心ホーム,未開設(Web開設一覧に掲載なし),false,,,熊本県人吉市寺町9-5,,unchanged,未開設(Web開設一覧に掲載なし),,,https://portal.bousai.pref.kumamoto.jp/sp.html?p=evacuation%2Fshelter&l=15-0&ll=32.63819999999999%2C130.77610000000004&z=9&municipalityCd=430005,33daa579482db899c677aac2cdadaa2743ac42754b4e93a51dc2862108e077a3,"{""ルート検索"": """", ""住所"": ""熊本県人吉市寺町9-5"", ""市町村"": ""人吉市"", ""混雑状況"": """", ""避難所名"": ""特別養護老人ホーム聖心ホーム"", ""開設状況"": ""未開設（Web開設一覧に掲載なし）""}",matched,exact_name_address,1.000,1,881,E4320300014121,E4320300014121,特別養護老人ホーム聖心ホーム,熊本県人吉市寺町9-5,,左記の者のうち、事前に市が特定し、環境調整を事前に行った者,高齢者,32.20686997871,130.76172723239,"[{""共通ID"": ""E4320300014121"", ""経度"": ""130.76172723239"", ""緯度"": ""32.20686997871""}]",,"[{""NO"": ""881"", ""その他市町村長が必要と認める事項"": ""左記の者のうち、事前に市が特定し、環境調整を事前に行った者"", ""住所"": ""熊本県人吉市寺町9-5"", ""備考"": """", ""共通ID"": ""E4320300014121"", ""受入対象者"": ""高齢者"", ""指定緊急避難場所との住所同一"": """", ""施設・場所名"": ""特別養護老人ホーム聖心ホーム"", ""経度"": ""130.76172723239"", ""緯度"": ""32.20686997871""}]",[],reference/43000_1.csv,826df538e39b2b9a92263df3923cbb095581fd79ac7a5fb050202dbd899c7c44,,,,,,unmatched,no_candidate,,,,,,unmatched,manual_no_match,,,32.20686997871,130.76172723239,gsi_reference,reference_latitude_longitude,complete
2026-08-24,2026-08-24T00:33:05+09:00,26/08/24 00:33時点の避難所状況の一覧です。,2026-08-24T00:33+09:00,ref:E4320300002121,8f43465d41bcc1d83804,人吉市,特別養護老人ホーム龍生園,未開設(Web開設一覧に掲載なし),false,,,熊本県人吉市下原田町字瓜生田1057-9,,unchanged,未開設(Web開設一覧に掲載なし),,,https://portal.bousai.pref.kumamoto.jp/sp.html?p=evacuation%2Fshelter&l=15-0&ll=32.63819999999999%2C130.77610000000004&z=9&municipalityCd=430005,0f9207bd7519faa5587b277ccd4ddc081fd8d83f1af49e1bf67717fd22d67fe8,"{""ルート検索"": """", ""住所"": ""熊本県人吉市下原田町字瓜生田1057-9"", ""市町村"": ""人吉市"", ""混雑状況"": """", ""避難所名"": ""特別養護老人ホーム龍生園"", ""開設状況"": ""未開設（Web開設一覧に掲載なし）""}",matched,exact_name_address,1.000,1,869,E4320300002121,E4320300002121,特別養護老人ホーム龍生園,熊本県人吉市下原田町字瓜生田1057-9,,左記の者のうち、要介護者は家族付添い,高齢者(要配慮者),32.230779713327,130.72016093431,"[{""共通ID"": ""E4320300002121"", ""経度"": ""130.72016093431"", ""緯度"": ""32.230779713327""}]",,"[{""NO"": ""869"", ""その他市町村長が必要と認める事項"": ""左記の者のうち、要介護者は家族付添い"", ""住所"": ""熊本県人吉市下原田町字瓜生田1057-9"", ""備考"": """", ""共通ID"": ""E4320300002121"", ""受入対象者"": ""高齢者(要配慮者)"", ""指定緊急避難場所との住所同一"": """", ""施設・場所名"": ""特別養護老人ホーム龍生園"", ""経度"": ""130.72016093431"", ""緯度"": ""32.230779713327""}]",[],reference/43000_1.csv,826df538e39b2b9a92263df3923cbb095581fd79ac7a5fb050202dbd899c7c44,,,,,,unmatched,no_candidate,,,,,,unmatched,manual_no_match,,,32.230779713327,130.72016093431,gsi_reference,reference_latitude_longitude,complete
2026-08-24,2026-08-24T00:33:05+09:00,26/08/24 00:33時点の避難所状況の一覧です。,2026-08-24T00:33+09:00,ref:E4320300013121,8c1ead807295ebbecc8e,人吉市,障がい者支援施設けやき,未開設(Web開設一覧に掲載なし),false,,,熊本県人吉市合ノ原町461-2,,unchanged,未開設(Web開設一覧に掲載なし),,,https://portal.bousai.pref.kumamoto.jp/sp.html?p=evacuation%2Fshelter&l=15-0&ll=32.63819999999999%2C130.77610000000004&z=9&municipalityCd=430005,39be394ae12665e2c8a79cea1061ba2b84be95830d35fd228484c7f399c2bcdb,"{""ルート検索"": """", ""住所"": ""熊本県人吉市合ノ原町461-2"", ""市町村"": ""人吉市"", ""混雑状況"": """", ""避難所名"": ""障がい者支援施設けやき"", ""開設状況"": ""未開設（Web開設一覧に掲載なし）""}",matched,exact_name_address,1.000,1,880,E4320300013121,E4320300013121,障がい者支援施設けやき,熊本県人吉市合ノ原町461-2,,,市が特定した者で介助者同伴のみ,32.236021445962,130.74375697569,"[{""共通ID"": ""E4320300013121"", ""経度"": ""130.74375697569"", ""緯度"": ""32.236021445962""}]",,"[{""NO"": ""880"", ""その他市町村長が必要と認める事項"": """", ""住所"": ""熊本県人吉市合ノ原町461-2"", ""備考"": """", ""共通ID"": ""E4320300013121"", ""受入対象者"": ""市が特定した者で介助者同伴のみ"", ""指定緊急避難場所との住所同一"": """", ""施設・場所名"": ""障がい者支援施設けやき"", ""経度"": ""130.74375697569"", ""緯度"": ""32.236021445962""}]",[],reference/43000_1.csv,826df538e39b2b9a92263df3923cbb095581fd79ac7a5fb050202dbd899c7c44,,,,,,unmatched,no_candidate,,,,,,unmatched,manual_no_match,,,32.236021445962,130.74375697569,gsi_reference,reference_latitude_longitude,complete
2026-08-24,2026-08-24T00:33:05+09:00,26/08/24 00:33時点の避難所状況の一覧です。,2026-08-24T00:33+09:00,ref:E4320300009122,dd37c733a621eae43b70,人吉市,障害者支援施設うぐいす,未開設(Web開設一覧に掲載なし),false,,,熊本県人吉市蟹作町211-1,,unchanged,未開設(Web開設一覧に掲載なし),,,https://portal.bousai.pref.kumamoto.jp/sp.html?p=evacuation%2Fshelter&l=15-0&ll=32.63819999999999%2C130.77610000000004&z=9&municipalityCd=430005,c844d75b49264bfd5c795243648b4c5ef4ab878fef9b3e7fce397903af68b305,"{""ルート検索"": """", ""住所"": ""熊本県人吉市蟹作町211-1"", ""市町村"": ""人吉市"", ""混雑状況"": """", ""避難所名"": ""障害者支援施設うぐいす"", ""開設状況"": ""未開設（Web開設一覧に掲載なし）""}",matched,exact_name_address,1.000,1,876,E4320300009122,E4320300009122,障害者支援施設うぐいす,熊本県人吉市蟹作町211-1,,,知的障害者及びその家族,32.193247636663,130.78158320801,"[{""共通ID"": ""E4320300009122"", ""経度"": ""130.78158320801"", ""緯度"": ""32.193247636663""}]",,"[{""NO"": ""876"", ""その他市町村長が必要と認める事項"": """", ""住所"": ""熊本県人吉市蟹作町211-1"", ""備考"": """", ""共通ID"": ""E4320300009122"", ""受入対象者"": ""知的障害者及びその家族"", ""指定緊急避難場所との住所同一"": """", ""施設・場所名"": ""障害者支援施設うぐいす"", ""経度"": ""130.78158320801"", ""緯度"": ""32.193247636663""}]",[],reference/43000_1.csv,826df538e39b2b9a92263df3923cbb095581fd79ac7a5fb050202dbd899c7c44,,,,,,unmatched,no_candidate,,,,,,unmatched,manual_no_match,,,32.193247636663,130.78158320801,gsi_reference,reference_latitude_longitude,complete
2026-08-24,2026-08-24T00:33:05+09:00,26/08/24 00:33時点の避難所状況の一覧です。,2026-08-24T00:33+09:00,ref:E4320200123121,df2fc545bed281320ac9,八代市,キャッスル麦島,未開設(Web開設一覧に掲載なし),false,,,熊本県八代市古城町1938-1,,unchanged,未開設(Web開設一覧に掲載なし),,,https://portal.bousai.pref.kumamoto.jp/sp.html?p=evacuation%2Fshelter&l=15-0&ll=32.63819999999999%2C130.77610000000004&z=9&municipalityCd=430005,66b00fce3a0a262f49c06aa5317a08d085a8e0caff1d116989c4abc7fd1b9f90,"{""ルート検索"": """", ""住所"": ""熊本県八代市古城町1938-1"", ""市町村"": ""八代市"", ""混雑状況"": """", ""避難所名"": ""キャッスル麦島"", ""開設状況"": ""未開設（Web開設一覧に掲載なし）""}",matched,exact_name_address,1.000,1,1216,E4320200123121,E4320200123121,キャッスル麦島,熊本県八代市古城町1938-1,,,要配慮者,32.499862,130.597359,"[{""共通ID"": ""E4320200123121"", ""経度"": ""130.597359"", ""緯度"": ""32.499862""}]",,"[{""NO"": ""1216"", ""その他市町村長が必要と認める事項"": """", ""住所"": ""熊本県八代市古城町1938-1"", ""備考"": """", ""共通ID"": ""E4320200123121"", ""受入対象者"": ""要配慮者"", ""指定緊急避難場所との住所同一"": """", ""施設・場所名"": ""キャッスル麦島"", ""経度"": ""130.597359"", ""緯度"": ""32.499862""}]",[],reference/43000_1.csv,826df538e39b2b9a92263df3923cbb095581fd79ac7a5fb050202dbd899c7c44,,,,,,unmatched,no_candidate,,,,,,unmatched,manual_no_match,,,32.499862,130.597359,gsi_reference,reference_latitude_longitude,complete
2026-08-24,2026-08-24T00:33:05+09:00,26/08/24 00:33時点の避難所状況の一覧です。,2026-08-24T00:33+09:00,ref:E4320200076121,0e52c4aa4c65b7587a70,八代市,八代市泉憩いの家,未開設(Web開設一覧に掲載なし),false,,,熊本県八代市泉町下岳2974,,unchanged,未開設(Web開設一覧に掲載なし),,,https://portal.bousai.pref.kumamoto.jp/sp.html?p=evacuation%2Fshelter&l=15-0&ll=32.63819999999999%2C130.77610000000004&z=9&municipalityCd=430005,260e50d79bbbb72248f9a1cc302afd845dd34b69fede29eff8ba103f48da858a,"{""ルート検索"": """", ""住所"": ""熊本県八代市泉町下岳2974"", ""市町村"": ""八代市"", ""混雑状況"": """", ""避難所名"": ""八代市泉憩いの家"", ""開設状況"": ""未開設（Web開設一覧に掲載なし）""}",matched,exact_name_address,1.000,1,1236,E4320200076121,E4320200076121,八代市泉憩いの家,熊本県八代市泉町下岳2974,1,,要配慮者,32.5759440405196,130.791196733553,"[{""共通ID"": ""E4320200076121"", ""経度"": ""130.791196733553"", ""緯度"": ""32.5759440405196""}]",,"[{""NO"": ""1236"", ""その他市町村長が必要と認める事項"": """", ""住所"": ""熊本県八代市泉町下岳2974"", ""備考"": """", ""共通ID"": ""E4320200076121"", ""受入対象者"": ""要配慮者"", ""指定緊急避難場所との住所同一"": ""1"", ""施設・場所名"": ""八代市泉憩いの家"", ""経度"": ""130.791196733553"", ""緯度"": ""32.5759440405196""}]",[],reference/43000_1.csv,826df538e39b2b9a92263df3923cbb095581fd79ac7a5fb050202dbd899c7c44,,,,,,unmatched,no_candidate,,,,,,unmatched,manual_no_match,,,32.5759440405196,130.791196733553,gsi_reference,reference_latitude_longitude,complete
2026-08-24,2026-08-24T00:33:05+09:00,26/08/24 00:33時点の避難所状況の一覧です。,2026-08-24T00:33+09:00,ref:E4320200063111,0bd456165ddf6c150b6c,八代市,八代市立八代小学校,未開設(Web開設一覧に掲載なし),false,,,熊本県八代市新地町4-1,,unchanged,未開設(Web開設一覧に掲載なし),,,https://portal.bousai.pref.kumamoto.jp/sp.html?p=evacuation%2Fshelter&l=15-0&ll=32.63819999999999%2C130.77610000000004&z=9&municipalityCd=430005,c89df1cee491a9eafe9b4e57c330bbf68b689766b66f3d32c3c6a9903ece2a2a,"{""ルート検索"": """", ""住所"": ""熊本県八代市新地町4-1"", ""市町村"": ""八代市"", ""混雑状況"": """", ""避難所名"": ""八代市立八代小学校"", ""開設状況"": ""未開設（Web開設一覧に掲載なし）""}",matched,exact_name_address,1.000,1,1231,E4320200063111,E4320200063111,八代市立八代小学校,熊本県八代市新地町4-1,1,,,32.50931462,130.5916634,"[{""共通ID"": ""E4320200063111"", ""経度"": ""130.5916634"", ""緯度"": ""32.50931462""}]",,"[{""NO"": ""1231"", ""その他市町村長が必要と認める事項"": """", ""住所"": ""熊本県八代市新地町4-1"", ""備考"": """", ""共通ID"": ""E4320200063111"", ""受入対象者"": """", ""指定緊急避難場所との住所同一"": ""1"", ""施設・場所名"": ""八代市立八代小学校"", ""経度"": ""130.5916634"", ""緯度"": ""32.50931462""}]",[],reference/43000_1.csv,826df538e39b2b9a92263df3923cbb095581fd79ac7a5fb050202dbd899c7c44,,,,,,unmatched,no_candidate,,,,,,unmatched,manual_no_match,,,32.50931462,130.5916634,gsi_reference,reference_latitude_longitude,complete
2026-08-24,2026-08-24T00:33:05+09:00,26/08/24 00:33時点の避難所状況の一覧です。,2026-08-24T00:33+09:00,ref:E4320200071111,fdedd3f6cc993e41fd7b,八代市,八代市立千丁小学校,未開設(Web開設一覧に掲載なし),false,,,熊本県八代市千丁町新牟田1345,,unchanged,未開設(Web開設一覧に掲載なし),,,https://portal.bousai.pref.kumamoto.jp/sp.html?p=evacuation%2Fshelter&l=15-0&ll=32.63819999999999%2C130.77610000000004&z=9&municipalityCd=430005,a7f36db8fbf85abba6a39cb8a8342ce713ce820636c338bfb0d52b48b1fc0a23,"{""ルート検索"": """", ""住所"": ""熊本県八代市千丁町新牟田1345"", ""市町村"": ""八代市"", ""混雑状況"": """", ""避難所名"": ""八代市立千丁小学校"", ""開設状況"": ""未開設（Web開設一覧に掲載なし）""}",matched,exact_name_address,1.000,1,1233,E4320200071111,E4320200071111,八代市立千丁小学校,熊本県八代市千丁町新牟田1345,1,,,32.53647209,130.6350252,"[{""共通ID"": ""E4320200071111"", ""経度"": ""130.6350252"", ""緯度"": ""32.53647209""}]",,"[{""NO"": ""1233"", ""その他市町村長が必要と認める事項"": """", ""住所"": ""熊本県八代市千丁町新牟田1345"", ""備考"": """", ""共通ID"": ""E4320200071111"", ""受入対象者"": """", ""指定緊急避難場所との住所同一"": ""1"", ""施設・場所名"": ""八代市立千丁小学校"", ""経度"": ""130.6350252"", ""緯度"": ""32.53647209""}]",[],reference/43000_1.csv,826df538e39b2b9a92263df3923cbb095581fd79ac7a5fb050202dbd899c7c44,,,,,,unmatched,no_candidate,,,,,,unmatched,manual_no_match,,,32.53647209,130.6350252,gsi_reference,reference_latitude_longitude,complete
2026-08-24,2026-08-24T00:33:05+09:00,26/08/24 00:33時点の避難所状況の一覧です。,2026-08-24T00:33+09:00,ref:E4320200009111,4ae8f0b64fcf1b9a9d84,八代市,八代市立宮地小学校,未開設(Web開設一覧に掲載なし),false,,,熊本県八代市宮地町1826,,unchanged,未開設(Web開設一覧に掲載なし),,,https://portal.bousai.pref.kumamoto.jp/sp.html?p=evacuation%2Fshelter&l=15-0&ll=32.63819999999999%2C130.77610000000004&z=9&municipalityCd=430005,0b41f83b7b38f4b0e0244b8bc16746ef738f77ebf62a16e3d3ce0c64af3f112d,"{""ルート検索"": """", ""住所"": ""熊本県八代市宮地町1826"", ""市町村"": ""八代市"", ""混雑状況"": """", ""避難所名"": ""八代市立宮地小学校"", ""開設状況"": ""未開設（Web開設一覧に掲載なし）""}",matched,exact_name_address,1.000,1,1202,E4320200009111,E4320200009111,八代市立宮地小学校,熊本県八代市宮地町1826,1,,,32.50133405,130.6405948,"[{""共通ID"": ""E4320200009111"", ""経度"": ""130.6405948"", ""緯度"": ""32.50133405""}]",,"[{""NO"": ""1202"", ""その他市町村長が必要と認める事項"": """", ""住所"": ""熊本県八代市宮地町1826"", ""備考"": """", ""共通ID"": ""E4320200009111"", ""受入対象者"": """", ""指定緊急避難場所との住所同一"": ""1"", ""施設・場所名"": ""八代市立宮地小学校"", ""経度"": ""130.6405948"", ""緯度"": ""32.50133405""}]",[],reference/43000_1.csv,826df538e39b2b9a92263df3923cbb095581fd79ac7a5fb050202dbd899c7c44,,,,,,unmatched,no_candidate,,,,,,unmatched,manual_no_match,,,32.50133405,130.6405948,gsi_reference,reference_latitude_longitude,complete
2026-08-24,2026-08-24T00:33:05+09:00,26/08/24 00:33時点の避難所状況の一覧です。,2026-08-24T00:33+09:00,ref:E4320200055111,53669edeaee9aec4dd8b,八代市,八代市立昭和小学校,未開設(Web開設一覧に掲載なし),false,,,熊本県八代市昭和明徴町731-2,,unchanged,未開設(Web開設一覧に掲載なし),,,https://portal.bousai.pref.kumamoto.jp/sp.html?p=evacuation%2Fshelter&l=15-0&ll=32.63819999999999%2C130.77610000000004&z=9&municipalityCd=430005,82fc6b15cfb3a7eb287f440eacaa7dce39c2069ef423e7cea22855a7db6fba3b,"{""ルート検索"": """", ""住所"": ""熊本県八代市昭和明徴町731-2"", ""市町村"": ""八代市"", ""混雑状況"": """", ""避難所名"": ""八代市立昭和小学校"", ""開設状況"": ""未開設（Web開設一覧に掲載なし）""}",matched,exact_name_address,1.000,1,1225,E4320200055111,E4320200055111,八代市立昭和小学校,熊本県八代市昭和明徴町731-2,1,,,32.56085133,130.6036009,"[{""共通ID"": ""E4320200055111"", ""経度"": ""130.6036009"", ""緯度"": ""32.56085133""}]",,"[{""NO"": ""1225"", ""その他市町村長が必要と認める事項"": """", ""住所"": ""熊本県八代市昭和明徴町731-2"", ""備考"": """", ""共通ID"": ""E4320200055111"", ""受入対象者"": """", ""指定緊急避難場所との住所同一"": ""1"", ""施設・場所名"": ""八代市立昭和小学校"", ""経度"": ""130.6036009"", ""緯度"": ""32.56085133""}]",[],reference/43000_1.csv,826df538e39b2b9a92263df3923cbb095581fd79ac7a5fb050202dbd899c7c44,,,,,,unmatched,no_candidate,,,,,,unmatched,manual_no_match,,,32.56085133,130.6036009,gsi_reference,reference_latitude_longitude,complete
2026-08-24,2026-08-24T00:33:05+09:00,26/08/24 00:33時点の避難所状況の一覧です。,2026-08-24T00:33+09:00,ref:E4320200018111,6b82c04acfc9f48e6511,八代市,八代市立有佐小学校,未開設(Web開設一覧に掲載なし),false,,,熊本県八代市鏡町中島1360-1,,unchanged,未開設(Web開設一覧に掲載なし),,,https://portal.bousai.pref.kumamoto.jp/sp.html?p=evacuation%2Fshelter&l=15-0&ll=32.63819999999999%2C130.77610000000004&z=9&municipalityCd=430005,31ecf53df3980fdc973786feefb708eb6460426a0770e25bf36980e974ccfd94,"{""ルート検索"": """", ""住所"": ""熊本県八代市鏡町中島1360-1"", ""市町村"": ""八代市"", ""混雑状況"": """", ""避難所名"": ""八代市立有佐小学校"", ""開設状況"": ""未開設（Web開設一覧に掲載なし）""}",matched,exact_name_address,1.000,1,1206,E4320200018111,E4320200018111,八代市立有佐小学校,熊本県八代市鏡町中島1360-1,1,,,32.55325331,130.6656367,"[{""共通ID"": ""E4320200018111"", ""経度"": ""130.6656367"", ""緯度"": ""32.55325331""}]",,"[{""NO"": ""1206"", ""その他市町村長が必要と認める事項"": """", ""住所"": ""熊本県八代市鏡町中島1360-1"", ""備考"": """", ""共通ID"": ""E4320200018111"", ""受入対象者"": """", ""指定緊急避難場所との住所同一"": ""1"", ""施設・場所名"": ""八代市立有佐小学校"", ""経度"": ""130.6656367"", ""緯度"": ""32.55325331""}]",[],reference/43000_1.csv,826df538e39b2b9a92263df3923cbb095581fd79ac7a5fb050202dbd899c7c44,,,,,,unmatched,no_candidate,,,,,,unmatched,manual_no_match,,,32.55325331,130.6656367,gsi_reference,reference_latitude_longitude,complete
2026-08-24,2026-08-24T00:33:05+09:00,26/08/24 00:33時点の避難所状況の一覧です。,2026-08-24T00:33+09:00,ref:E4320200116111,88ebcfb240359f224185,八代市,八代市立第一中学校,未開設(Web開設一覧に掲載なし),false,,,熊本県八代市北の丸町1-29,,unchanged,未開設(Web開設一覧に掲載なし),,,https://portal.bousai.pref.kumamoto.jp/sp.html?p=evacuation%2Fshelter&l=15-0&ll=32.63819999999999%2C130.77610000000004&z=9&municipalityCd=430005,225a2b7dd4414d6ecf6900d15e3b78fa925e7db088c324f89bbe9b2a7dea195d,"{""ルート検索"": """", ""住所"": ""熊本県八代市北の丸町1-29"", ""市町村"": ""八代市"", ""混雑状況"": """", ""避難所名"": ""八代市立第一中学校"", ""開設状況"": ""未開設（Web開設一覧に掲載なし）""}",matched,exact_name_address,1.000,1,1256,E4320200116111,E4320200116111,八代市立第一中学校,熊本県八代市北の丸町1-29,1,,,32.51062182,130.5993951,"[{""共通ID"": ""E4320200116111"", ""経度"": ""130.5993951"", ""緯度"": ""32.51062182""}]",,"[{""NO"": ""1256"", ""その他市町村長が必要と認める事項"": """", ""住所"": ""熊本県八代市北の丸町1-29"", ""備考"": """", ""共通ID"": ""E4320200116111"", ""受入対象者"": """", ""指定緊急避難場所との住所同一"": ""1"", ""施設・場所名"": ""八代市立第一中学校"", ""経度"": ""130.5993951"", ""緯度"": ""32.51062182""}]",[],reference/43000_1.csv,826df538e39b2b9a92263df3923cbb095581fd79ac7a5fb050202dbd899c7c44,,,,,,unmatched,no_candidate,,,,,,unmatched,manual_no_match,,,32.51062182,130.5993951,gsi_reference,reference_latitude_longitude,complete
2026-08-24,2026-08-24T00:33:05+09:00,26/08/24 00:33時点の避難所状況の一覧です。,2026-08-24T00:33+09:00,ref:E4320200025111,ec6e2a91bec64ce6cb2e,八代市,八代市立第七中学校,未開設(Web開設一覧に掲載なし),false,,,熊本県八代市郡築七番町41-2,,unchanged,未開設(Web開設一覧に掲載なし),,,https://portal.bousai.pref.kumamoto.jp/sp.html?p=evacuation%2Fshelter&l=15-0&ll=32.63819999999999%2C130.77610000000004&z=9&municipalityCd=430005,15e3d426226d3b99acade383df2a1f749b466c2d548154107a267ea72e0a047e,"{""ルート検索"": """", ""住所"": ""熊本県八代市郡築七番町41-2"", ""市町村"": ""八代市"", ""混雑状況"": """", ""避難所名"": ""八代市立第七中学校"", ""開設状況"": ""未開設（Web開設一覧に掲載なし）""}",matched,exact_name_address,1.000,1,1211,E4320200025111,E4320200025111,八代市立第七中学校,熊本県八代市郡築七番町41-2,1,,,32.53759969,130.5759825,"[{""共通ID"": ""E4320200025111"", ""経度"": ""130.5759825"", ""緯度"": ""32.53759969""}]",,"[{""NO"": ""1211"", ""その他市町村長が必要と認める事項"": """", ""住所"": ""熊本県八代市郡築七番町41-2"", ""備考"": """", ""共通ID"": ""E4320200025111"", ""受入対象者"": """", ""指定緊急避難場所との住所同一"": ""1"", ""施設・場所名"": ""八代市立第七中学校"", ""経度"": ""130.5759825"", ""緯度"": ""32.53759969""}]",[],reference/43000_1.csv,826df538e39b2b9a92263df3923cbb095581fd79ac7a5fb050202dbd899c7c44,,,,,,unmatched,no_candidate,,,,,,unmatched,manual_no_match,,,32.53759969,130.5759825,gsi_reference,reference_latitude_longitude,complete
2026-08-24,2026-08-24T00:33:05+09:00,26/08/24 00:33時点の避難所状況の一覧です。,2026-08-24T00:33+09:00,ref:E4320200090111,477a71b1c2a45d508ff9,八代市,八代市立第三中学校,未開設(Web開設一覧に掲載なし),false,,,熊本県八代市中北町3378-5,,unchanged,未開設(Web開設一覧に掲載なし),,,https://portal.bousai.pref.kumamoto.jp/sp.html?p=evacuation%2Fshelter&l=15-0&ll=32.63819999999999%2C130.77610000000004&z=9&municipalityCd=430005,0ab55e5f9e115818a06eac33e6fb3fb290e0707c0541ee82bbc5af175c3a7b39,"{""ルート検索"": """", ""住所"": ""熊本県八代市中北町3378-5"", ""市町村"": ""八代市"", ""混雑状況"": """", ""避難所名"": ""八代市立第三中学校"", ""開設状況"": ""未開設（Web開設一覧に掲載なし）""}",matched,exact_name_address,1.000,1,1241,E4320200090111,E4320200090111,八代市立第三中学校,熊本県八代市中北町3378-5,1,,,32.49647921,130.5844607,"[{""共通ID"": ""E4320200090111"", ""経度"": ""130.5844607"", ""緯度"": ""32.49647921""}]",,"[{""NO"": ""1241"", ""その他市町村長が必要と認める事項"": """", ""住所"": ""熊本県八代市中北町3378-5"", ""備考"": """", ""共通ID"": ""E4320200090111"", ""受入対象者"": """", ""指定緊急避難場所との住所同一"": ""1"", ""施設・場所名"": ""八代市立第三中学校"", ""経度"": ""130.5844607"", ""緯度"": ""32.49647921""}]",[],reference/43000_1.csv,826df538e39b2b9a92263df3923cbb095581fd79ac7a5fb050202dbd899c7c44,,,,,,unmatched,no_candidate,,,,,,unmatched,manual_no_match,,,32.49647921,130.5844607,gsi_reference,reference_latitude_longitude,complete
2026-08-24,2026-08-24T00:33:05+09:00,26/08/24 00:33時点の避難所状況の一覧です。,2026-08-24T00:33+09:00,ref:E4320200056111,c0049de3b5e166b6e4b4,八代市,八代市立第二中学校,未開設(Web開設一覧に掲載なし),false,,,熊本県八代市上日置町2248-1,,unchanged,未開設(Web開設一覧に掲載なし),,,https://portal.bousai.pref.kumamoto.jp/sp.html?p=evacuation%2Fshelter&l=15-0&ll=32.63819999999999%2C130.77610000000004&z=9&municipalityCd=430005,746535300d07e06f755e74d9f28edbc388b4e7afd23f3745b6f93c57b3465abc,"{""ルート検索"": """", ""住所"": ""熊本県八代市上日置町2248-1"", ""市町村"": ""八代市"", ""混雑状況"": """", ""避難所名"": ""八代市立第二中学校"", ""開設状況"": ""未開設（Web開設一覧に掲載なし）""}",matched,exact_name_address,1.000,1,1226,E4320200056111,E4320200056111,八代市立第二中学校,熊本県八代市上日置町2248-1,1,,,32.51130984,130.6244933,"[{""共通ID"": ""E4320200056111"", ""経度"": ""130.6244933"", ""緯度"": ""32.51130984""}]",,"[{""NO"": ""1226"", ""その他市町村長が必要と認める事項"": """", ""住所"": ""熊本県八代市上日置町2248-1"", ""備考"": """", ""共通ID"": ""E4320200056111"", ""受入対象者"": """", ""指定緊急避難場所との住所同一"": ""1"", ""施設・場所名"": ""八代市立第二中学校"", ""経度"": ""130.6244933"", ""緯度"": ""32.51130984""}]",[],reference/43000_1.csv,826df538e39b2b9a92263df3923cbb095581fd79ac7a5fb050202dbd899c7c44,,,,,,unmatched,no_candidate,,,,,,unmatched,manual_no_match,,,32.51130984,130.6244933,gsi_reference,reference_latitude_longitude,complete
2026-08-24,2026-08-24T00:33:05+09:00,26/08/24 00:33時点の避難所状況の一覧です。,2026-08-24T00:33+09:00,ref:E4320200114111,bffbc17d681e6880de4c,八代市,八代市立第五中学校,未開設(Web開設一覧に掲載なし),false,,,熊本県八代市豊原下町3807,,unchanged,未開設(Web開設一覧に掲載なし),,,https://portal.bousai.pref.kumamoto.jp/sp.html?p=evacuation%2Fshelter&l=15-0&ll=32.63819999999999%2C130.77610000000004&z=9&municipalityCd=430005,01fb1b7836e5767b784b3fbd510b97e28b90e1f6012b3dc7a0404867cddbe1c4,"{""ルート検索"": """", ""住所"": ""熊本県八代市豊原下町3807"", ""市町村"": ""八代市"", ""混雑状況"": """", ""避難所名"": ""八代市立第五中学校"", ""開設状況"": ""未開設（Web開設一覧に掲載なし）""}",matched,exact_name_address,1.000,1,1254,E4320200114111,E4320200114111,八代市立第五中学校,熊本県八代市豊原下町3807,1,,,32.4836461,130.6152536,"[{""共通ID"": ""E4320200114111"", ""経度"": ""130.6152536"", ""緯度"": ""32.4836461""}]",,"[{""NO"": ""1254"", ""その他市町村長が必要と認める事項"": """", ""住所"": ""熊本県八代市豊原下町3807"", ""備考"": """", ""共通ID"": ""E4320200114111"", ""受入対象者"": """", ""指定緊急避難場所との住所同一"": ""1"", ""施設・場所名"": ""八代市立第五中学校"", ""経度"": ""130.6152536"", ""緯度"": ""32.4836461""}]",[],reference/43000_1.csv,826df538e39b2b9a92263df3923cbb095581fd79ac7a5fb050202dbd899c7c44,,,,,,unmatched,no_candidate,,,,,,unmatched,manual_no_match,,,32.4836461,130.6152536,gsi_reference,reference_latitude_longitude,complete
2026-08-24,2026-08-24T00:33:05+09:00,26/08/24 00:33時点の避難所状況の一覧です。,2026-08-24T00:33+09:00,ref:E4320200011111,bb34c6dfe19b0cc07c3d,八代市,八代市立第八中学校,未開設(Web開設一覧に掲載なし),false,,,熊本県八代市宮地町611-1,,unchanged,未開設(Web開設一覧に掲載なし),,,https://portal.bousai.pref.kumamoto.jp/sp.html?p=evacuation%2Fshelter&l=15-0&ll=32.63819999999999%2C130.77610000000004&z=9&municipalityCd=430005,d1e8394318b9a6a8e7fdacd1425bf5d8c5e90166cbc2f723b3b692433fcaf751,"{""ルート検索"": """", ""住所"": ""熊本県八代市宮地町611-1"", ""市町村"": ""八代市"", ""混雑状況"": """", ""避難所名"": ""八代市立第八中学校"", ""開設状況"": ""未開設（Web開設一覧に掲載なし）""}",matched,exact_name_address,1.000,1,1203,E4320200011111,E4320200011111,八代市立第八中学校,熊本県八代市宮地町611-1,1,,,32.498669,130.63515,"[{""共通ID"": ""E4320200011111"", ""経度"": ""130.63515"", ""緯度"": ""32.498669""}]",,"[{""NO"": ""1203"", ""その他市町村長が必要と認める事項"": """", ""住所"": ""熊本県八代市宮地町611-1"", ""備考"": """", ""共通ID"": ""E4320200011111"", ""受入対象者"": """", ""指定緊急避難場所との住所同一"": ""1"", ""施設・場所名"": ""八代市立第八中学校"", ""経度"": ""130.63515"", ""緯度"": ""32.498669""}]",[],reference/43000_1.csv,826df538e39b2b9a92263df3923cbb095581fd79ac7a5fb050202dbd899c7c44,,,,,,unmatched,no_candidate,,,,,,unmatched,manual_no_match,,,32.498669,130.63515,gsi_reference,reference_latitude_longitude,complete
2026-08-24,2026-08-24T00:33:05+09:00,26/08/24 00:33時点の避難所状況の一覧です。,2026-08-24T00:33+09:00,ref:E4320200019111,5f3d8778ca33b79d9415,八代市,八代市立鏡中学校,未開設(Web開設一覧に掲載なし),false,,,熊本県八代市鏡町内田1038-1,,unchanged,未開設(Web開設一覧に掲載なし),,,https://portal.bousai.pref.kumamoto.jp/sp.html?p=evacuation%2Fshelter&l=15-0&ll=32.63819999999999%2C130.77610000000004&z=9&municipalityCd=430005,54f1b944e7913779b5de0c49736672a10cd9f0a7ff773b35c043437b3038a866,"{""ルート検索"": """", ""住所"": ""熊本県八代市鏡町内田1038-1"", ""市町村"": ""八代市"", ""混雑状況"": """", ""避難所名"": ""八代市立鏡中学校"", ""開設状況"": ""未開設（Web開設一覧に掲載なし）""}",matched,exact_name_address,1.000,1,1207,E4320200019111,E4320200019111,八代市立鏡中学校,熊本県八代市鏡町内田1038-1,1,,,32.5608606,130.6459534,"[{""共通ID"": ""E4320200019111"", ""経度"": ""130.6459534"", ""緯度"": ""32.5608606""}]",,"[{""NO"": ""1207"", ""その他市町村長が必要と認める事項"": """", ""住所"": ""熊本県八代市鏡町内田1038-1"", ""備考"": """", ""共通ID"": ""E4320200019111"", ""受入対象者"": """", ""指定緊急避難場所との住所同一"": ""1"", ""施設・場所名"": ""八代市立鏡中学校"", ""経度"": ""130.6459534"", ""緯度"": ""32.5608606""}]",[],reference/43000_1.csv,826df538e39b2b9a92263df3923cbb095581fd79ac7a5fb050202dbd899c7c44,,,,,,unmatched,no_candidate,,,,,,unmatched,manual_no_match,,,32.5608606,130.6459534,gsi_reference,reference_latitude_longitude,complete
2026-08-24,2026-08-24T00:33:05+09:00,26/08/24 00:33時点の避難所状況の一覧です。,2026-08-24T00:33+09:00,ref:E4320200016111,ba4f3e18c16a96ddbfb2,八代市,八代市立鏡小学校,未開設(Web開設一覧に掲載なし),false,,,熊本県八代市鏡町鏡村609-1,,unchanged,未開設(Web開設一覧に掲載なし),,,https://portal.bousai.pref.kumamoto.jp/sp.html?p=evacuation%2Fshelter&l=15-0&ll=32.63819999999999%2C130.77610000000004&z=9&municipalityCd=430005,20e06c272014dec3ea0f11960a09be30d12bf3bc778f05db99251ff61522f466,"{""ルート検索"": """", ""住所"": ""熊本県八代市鏡町鏡村609-1"", ""市町村"": ""八代市"", ""混雑状況"": """", ""避難所名"": ""八代市立鏡小学校"", ""開設状況"": ""未開設（Web開設一覧に掲載なし）""}",matched,exact_name_address,1.000,1,1205,E4320200016111,E4320200016111,八代市立鏡小学校,熊本県八代市鏡町鏡村609-1,1,,,32.56789406,130.6620706,"[{""共通ID"": ""E4320200016111"", ""経度"": ""130.6620706"", ""緯度"": ""32.56789406""}]",,"[{""NO"": ""1205"", ""その他市町村長が必要と認める事項"": """", ""住所"": ""熊本県八代市鏡町鏡村609-1"", ""備考"": """", ""共通ID"": ""E4320200016111"", ""受入対象者"": """", ""指定緊急避難場所との住所同一"": ""1"", ""施設・場所名"": ""八代市立鏡小学校"", ""経度"": ""130.6620706"", ""緯度"": ""32.56789406""}]",[],reference/43000_1.csv,826df538e39b2b9a92263df3923cbb095581fd79ac7a5fb050202dbd899c7c44,,,,,,unmatched,no_candidate,,,,,,unmatched,manual_no_match,,,32.56789406,130.6620706,gsi_reference,reference_latitude_longitude,complete
2026-08-24,2026-08-24T00:33:05+09:00,26/08/24 00:33時点の避難所状況の一覧です。,2026-08-24T00:33+09:00,ref:E4320200115111,d3f10a51ea1652c39e53,八代市,八代市立高田小学校,未開設(Web開設一覧に掲載なし),false,,,熊本県八代市豊原中町317,,unchanged,未開設(Web開設一覧に掲載なし),,,https://portal.bousai.pref.kumamoto.jp/sp.html?p=evacuation%2Fshelter&l=15-0&ll=32.63819999999999%2C130.77610000000004&z=9&municipalityCd=430005,c8d6f6e210fd79e02ea80e01729565bf4954f39921b0caaf333980202ccf35ac,"{""ルート検索"": """", ""住所"": ""熊本県八代市豊原中町317"", ""市町村"": ""八代市"", ""混雑状況"": """", ""避難所名"": ""八代市立高田小学校"", ""開設状況"": ""未開設（Web開設一覧に掲載なし）""}",matched,exact_name_address,1.000,1,1255,E4320200115111,E4320200115111,八代市立高田小学校,熊本県八代市豊原中町317,1,,,32.48907642,130.616823,"[{""共通ID"": ""E4320200115111"", ""経度"": ""130.616823"", ""緯度"": ""32.48907642""}]",,"[{""NO"": ""1255"", ""その他市町村長が必要と認める事項"": """", ""住所"": ""熊本県八代市豊原中町317"", ""備考"": """", ""共通ID"": ""E4320200115111"", ""受入対象者"": """", ""指定緊急避難場所との住所同一"": ""1"", ""施設・場所名"": ""八代市立高田小学校"", ""経度"": ""130.616823"", ""緯度"": ""32.48907642""}]",[],reference/43000_1.csv,826df538e39b2b9a92263df3923cbb095581fd79ac7a5fb050202dbd899c7c44,,,,,,unmatched,no_candidate,,,,,,unmatched,manual_no_match,,,32.48907642,130.616823,gsi_reference,reference_latitude_longitude,complete
2026-08-24,2026-08-24T00:33:05+09:00,26/08/24 00:33時点の避難所状況の一覧です。,2026-08-24T00:33+09:00,ref:E4320200008121,63fbbc128c2bc5e0e660,八代市,地域密着型特別養護老人ホーム八代草,未開設(Web開設一覧に掲載なし),false,,,熊本県八代市海士江町2833-1,,unchanged,未開設(Web開設一覧に掲載なし),,,https://portal.bousai.pref.kumamoto.jp/sp.html?p=evacuation%2Fshelter&l=15-0&ll=32.63819999999999%2C130.77610000000004&z=9&municipalityCd=430005,f2daf0e84c672f088f7757b3cd8c6c66a810652a70260782537aeb00112e7ea2,"{""ルート検索"": """", ""住所"": ""熊本県八代市海士江町2833-1"", ""市町村"": ""八代市"", ""混雑状況"": """", ""避難所名"": ""地域密着型特別養護老人ホーム八代草"", ""開設状況"": ""未開設（Web開設一覧に掲載なし）""}",matched,exact_name_address,1.000,1,1201,E4320200008121,E4320200008121,地域密着型特別養護老人ホーム八代草,熊本県八代市海士江町2833-1,,,要配慮者,32.5236531066355,130.621897576939,"[{""共通ID"": ""E4320200008121"", ""経度"": ""130.621897576939"", ""緯度"": ""32.5236531066355""}]",,"[{""NO"": ""1201"", ""その他市町村長が必要と認める事項"": """", ""住所"": ""熊本県八代市海士江町2833-1"", ""備考"": """", ""共通ID"": ""E4320200008121"", ""受入対象者"": ""要配慮者"", ""指定緊急避難場所との住所同一"": """", ""施設・場所名"": ""地域密着型特別養護老人ホーム八代草"", ""経度"": ""130.621897576939"", ""緯度"": ""32.5236531066355""}]",[],reference/43000_1.csv,826df538e39b2b9a92263df3923cbb095581fd79ac7a5fb050202dbd899c7c44,,,,,,unmatched,no_candidate,,,,,,unmatched,manual_no_match,,,32.5236531066355,130.621897576939,gsi_reference,reference_latitude_longitude,complete
2026-08-24,2026-08-24T00:33:05+09:00,26/08/24 00:33時点の避難所状況の一覧です。,2026-08-24T00:33+09:00,ref:E4320200077121,d6e3b5427c4595624fbe,八代市,小規模多機能型居宅介護紗綾,未開設(Web開設一覧に掲載なし),false,,,熊本県八代市泉町下岳4350,,unchanged,未開設(Web開設一覧に掲載なし),,,https://portal.bousai.pref.kumamoto.jp/sp.html?p=evacuation%2Fshelter&l=15-0&ll=32.63819999999999%2C130.77610000000004&z=9&municipalityCd=430005,e24038322821227d01da2021a8470976e7c317dd7f1302f4c19b8451264e98c6,"{""ルート検索"": """", ""住所"": ""熊本県八代市泉町下岳4350"", ""市町村"": ""八代市"", ""混雑状況"": """", ""避難所名"": ""小規模多機能型居宅介護紗綾"", ""開設状況"": ""未開設（Web開設一覧に掲載なし）""}",matched,exact_name_address,1.000,1,1237,E4320200077121,E4320200077121,小規模多機能型居宅介護紗綾,熊本県八代市泉町下岳4350,,,要配慮者,32.5681112392947,130.787057559328,"[{""共通ID"": ""E4320200077121"", ""経度"": ""130.787057559328"", ""緯度"": ""32.5681112392947""}]",,"[{""NO"": ""1237"", ""その他市町村長が必要と認める事項"": """", ""住所"": ""熊本県八代市泉町下岳4350"", ""備考"": """", ""共通ID"": ""E4320200077121"", ""受入対象者"": ""要配慮者"", ""指定緊急避難場所との住所同一"": """", ""施設・場所名"": ""小規模多機能型居宅介護紗綾"", ""経度"": ""130.787057559328"", ""緯度"": ""32.5681112392947""}]",[],reference/43000_1.csv,826df538e39b2b9a92263df3923cbb095581fd79ac7a5fb050202dbd899c7c44,,,,,,unmatched,no_candidate,,,,,,unmatched,manual_no_match,,,32.5681112392947,130.787057559328,gsi_reference,reference_latitude_longitude,complete
2026-08-24,2026-08-24T00:33:05+09:00,26/08/24 00:33時点の避難所状況の一覧です。,2026-08-24T00:33+09:00,ref:E4320200110121,0e3edf549bff0f2a9287,八代市,養護老人ホーム保寿寮,未開設(Web開設一覧に掲載なし),false,,,熊本県八代市日奈久平成町1-1,,unchanged,未開設(Web開設一覧に掲載なし),,,https://portal.bousai.pref.kumamoto.jp/sp.html?p=evacuation%2Fshelter&l=15-0&ll=32.63819999999999%2C130.77610000000004&z=9&municipalityCd=430005,da1a339ef339e24d7414dff6039d576df5d0dfea97ffbaa17e4e54b5a30b98b4,"{""ルート検索"": """", ""住所"": ""熊本県八代市日奈久平成町1-1"", ""市町村"": ""八代市"", ""混雑状況"": """", ""避難所名"": ""養護老人ホーム保寿寮"", ""開設状況"": ""未開設（Web開設一覧に掲載なし）""}",matched,exact_name_address,1.000,1,1251,E4320200110121,E4320200110121,養護老人ホーム保寿寮,熊本県八代市日奈久平成町1-1,,,要配慮者,32.4328186334175,130.570631688788,"[{""共通ID"": ""E4320200110121"", ""経度"": ""130.570631688788"", ""緯度"": ""32.4328186334175""}]",,"[{""NO"": ""1251"", ""その他市町村長が必要と認める事項"": """", ""住所"": ""熊本県八代市日奈久平成町1-1"", ""備考"": """", ""共通ID"": ""E4320200110121"", ""受入対象者"": ""要配慮者"", ""指定緊急避難場所との住所同一"": """", ""施設・場所名"": ""養護老人ホーム保寿寮"", ""経度"": ""130.570631688788"", ""緯度"": ""32.4328186334175""}]",[],reference/43000_1.csv,826df538e39b2b9a92263df3923cbb095581fd79ac7a5fb050202dbd899c7c44,,,,,,unmatched,no_candidate,,,,,,unmatched,manual_no_match,,,32.4328186334175,130.570631688788,gsi_reference,reference_latitude_longitude,complete
2026-08-24,2026-08-24T00:33:05+09:00,26/08/24 00:33時点の避難所状況の一覧です。,2026-08-24T00:33+09:00,ref:E4342300006121,0d6176a90f1a8ecee383,南小国町,グループホーム森園,未開設(Web開設一覧に掲載なし),false,,,熊本県南小国町大字赤馬場3366,,unchanged,未開設(Web開設一覧に掲載なし),,,https://portal.bousai.pref.kumamoto.jp/sp.html?p=evacuation%2Fshelter&l=15-0&ll=32.63819999999999%2C130.77610000000004&z=9&municipalityCd=430005,8ecfb98220195d5971f3578141bb3aad3a642335abed39515cd15244fff668cf,"{""ルート検索"": """", ""住所"": ""熊本県南小国町大字赤馬場3366"", ""市町村"": ""南小国町"", ""混雑状況"": """", ""避難所名"": ""グループホーム森園"", ""開設状況"": ""未開設（Web開設一覧に掲載なし）""}",matched,exact_name_address,1.000,1,1188,E4342300006121,E4342300006121,グループホーム森園,熊本県南小国町大字赤馬場3366,,,要配慮者,33.091644038272,131.0690581897,"[{""共通ID"": ""E4342300006121"", ""経度"": ""131.0690581897"", ""緯度"": ""33.091644038272""}]",,"[{""NO"": ""1188"", ""その他市町村長が必要と認める事項"": """", ""住所"": ""熊本県南小国町大字赤馬場3366"", ""備考"": """", ""共通ID"": ""E4342300006121"", ""受入対象者"": ""要配慮者"", ""指定緊急避難場所との住所同一"": """", ""施設・場所名"": ""グループホーム森園"", ""経度"": ""131.0690581897"", ""緯度"": ""33.091644038272""}]",[],reference/43000_1.csv,826df538e39b2b9a92263df3923cbb095581fd79ac7a5fb050202dbd899c7c44,,,,,,unmatched,no_candidate,,,,,,unmatched,manual_no_match,,,33.091644038272,131.0690581897,gsi_reference,reference_latitude_longitude,complete
2026-08-24,2026-08-24T00:33:05+09:00,26/08/24 00:33時点の避難所状況の一覧です。,2026-08-24T00:33+09:00,ref:E4342300012121,685f7221b2ed0b28630e,南小国町,悠清苑,未開設(Web開設一覧に掲載なし),false,,,熊本県南小国町大字満願寺5854-1,,unchanged,未開設(Web開設一覧に掲載なし),,,https://portal.bousai.pref.kumamoto.jp/sp.html?p=evacuation%2Fshelter&l=15-0&ll=32.63819999999999%2C130.77610000000004&z=9&municipalityCd=430005,00e46b4d1ea07e69e510b7b685e2da9059e73fc106e2da57e8bb4c7a2d0e988c,"{""ルート検索"": """", ""住所"": ""熊本県南小国町大字満願寺5854-1"", ""市町村"": ""南小国町"", ""混雑状況"": """", ""避難所名"": ""悠清苑"", ""開設状況"": ""未開設（Web開設一覧に掲載なし）""}",matched,exact_name_address,1.000,1,1194,E4342300012121,E4342300012121,悠清苑,熊本県南小国町大字満願寺5854-1,,,要配慮者,33.072616009296,131.12637616418,"[{""共通ID"": ""E4342300012121"", ""経度"": ""131.12637616418"", ""緯度"": ""33.072616009296""}]",,"[{""NO"": ""1194"", ""その他市町村長が必要と認める事項"": """", ""住所"": ""熊本県南小国町大字満願寺5854-1"", ""備考"": """", ""共通ID"": ""E4342300012121"", ""受入対象者"": ""要配慮者"", ""指定緊急避難場所との住所同一"": """", ""施設・場所名"": ""悠清苑"", ""経度"": ""131.12637616418"", ""緯度"": ""33.072616009296""}]",[],reference/43000_1.csv,826df538e39b2b9a92263df3923cbb095581fd79ac7a5fb050202dbd899c7c44,,,,,,unmatched,no_candidate,,,,,,unmatched,manual_no_match,,,33.072616009296,131.12637616418,gsi_reference,reference_latitude_longitude,complete
2026-08-24,2026-08-24T00:33:05+09:00,26/08/24 00:33時点の避難所状況の一覧です。,2026-08-24T00:33+09:00,ref:E4321600020121,23383768dccd6df0bdd5,合志市,保健福祉センター ふれあい館,未開設(Web開設一覧に掲載なし),false,,,熊本県合志市須屋2251-1,,unchanged,未開設(Web開設一覧に掲載なし),,,https://portal.bousai.pref.kumamoto.jp/sp.html?p=evacuation%2Fshelter&l=15-0&ll=32.63819999999999%2C130.77610000000004&z=9&municipalityCd=430005,c555f95f53cfddfb6b1fd490fc0019cabbd1d068bce2ea066685d6793211a2c7,"{""ルート検索"": """", ""住所"": ""熊本県合志市須屋2251-1"", ""市町村"": ""合志市"", ""混雑状況"": """", ""避難所名"": ""保健福祉センター ふれあい館"", ""開設状況"": ""未開設（Web開設一覧に掲載なし）""}",matched,exact_name_address,1.000,1,716,E4321600020121,E4321600020121,保健福祉センター ふれあい館,熊本県合志市須屋2251-1,,,要配慮者とその家族,32.873671335607,130.73347713296,"[{""共通ID"": ""E4321600020121"", ""経度"": ""130.73347713296"", ""緯度"": ""32.873671335607""}]",,"[{""NO"": ""716"", ""その他市町村長が必要と認める事項"": """", ""住所"": ""熊本県合志市須屋2251-1"", ""備考"": """", ""共通ID"": ""E4321600020121"", ""受入対象者"": ""要配慮者とその家族"", ""指定緊急避難場所との住所同一"": """", ""施設・場所名"": ""保健福祉センター ふれあい館"", ""経度"": ""130.73347713296"", ""緯度"": ""32.873671335607""}]",[],reference/43000_1.csv,826df538e39b2b9a92263df3923cbb095581fd79ac7a5fb050202dbd899c7c44,,,,,,unmatched,no_candidate,,,,,,unmatched,manual_no_match,,,32.873671335607,130.73347713296,gsi_reference,reference_latitude_longitude,complete
2026-08-24,2026-08-24T00:33:05+09:00,26/08/24 00:33時点の避難所状況の一覧です。,2026-08-24T00:33+09:00,ref:E4336900026112,00a2e5fb8c4435f89f58,和水町,三加和中学校体育館,未開設(Web開設一覧に掲載なし),false,,,熊本県和水町板楠1001,,unchanged,未開設(Web開設一覧に掲載なし),,,https://portal.bousai.pref.kumamoto.jp/sp.html?p=evacuation%2Fshelter&l=15-0&ll=32.63819999999999%2C130.77610000000004&z=9&municipalityCd=430005,6c6ce1b04efb63a2b5848c1a9b1aef054c17dfee5b27f446b128a1294e258ae3,"{""ルート検索"": """", ""住所"": ""熊本県和水町板楠1001"", ""市町村"": ""和水町"", ""混雑状況"": """", ""避難所名"": ""三加和中学校体育館"", ""開設状況"": ""未開設（Web開設一覧に掲載なし）""}",matched,exact_name_address,1.000,1,1315,E4336900026112,E4336900026112,三加和中学校体育館,熊本県和水町板楠1001,1,,,33.061209,130.621125,"[{""共通ID"": ""E4336900026112"", ""経度"": ""130.621125"", ""緯度"": ""33.061209""}]",,"[{""NO"": ""1315"", ""その他市町村長が必要と認める事項"": """", ""住所"": ""熊本県和水町板楠1001"", ""備考"": """", ""共通ID"": ""E4336900026112"", ""受入対象者"": """", ""指定緊急避難場所との住所同一"": ""1"", ""施設・場所名"": ""三加和中学校体育館"", ""経度"": ""130.621125"", ""緯度"": ""33.061209""}]",[],reference/43000_1.csv,826df538e39b2b9a92263df3923cbb095581fd79ac7a5fb050202dbd899c7c44,,,,,,unmatched,fuzzy_below_threshold,0.909,,,,,unmatched,manual_no_match,,,33.061209,130.621125,gsi_reference,reference_latitude_longitude,complete
2026-08-24,2026-08-24T00:33:05+09:00,26/08/24 00:33時点の避難所状況の一覧です。,2026-08-24T00:33+09:00,ref:E4336900012121,cdc246cfd12d78537f6a,和水町,特別養護老人ホーム きくすい荘,未開設(Web開設一覧に掲載なし),false,,,熊本県和水町江田4025,,unchanged,未開設(Web開設一覧に掲載なし),,,https://portal.bousai.pref.kumamoto.jp/sp.html?p=evacuation%2Fshelter&l=15-0&ll=32.63819999999999%2C130.77610000000004&z=9&municipalityCd=430005,30c5fb1765e5498287c7e40c6b9bdbf57d742b56d588bdfba83fc627ce2f6cae,"{""ルート検索"": """", ""住所"": ""熊本県和水町江田4025"", ""市町村"": ""和水町"", ""混雑状況"": """", ""避難所名"": ""特別養護老人ホーム きくすい荘"", ""開設状況"": ""未開設（Web開設一覧に掲載なし）""}",matched,exact_name_address,1.000,1,1307,E4336900012121,E4336900012121,特別養護老人ホーム きくすい荘,熊本県和水町江田4025,,,要配慮者,32.9818204258935,130.605572556683,"[{""共通ID"": ""E4336900012121"", ""経度"": ""130.605572556683"", ""緯度"": ""32.9818204258935""}]",,"[{""NO"": ""1307"", ""その他市町村長が必要と認める事項"": """", ""住所"": ""熊本県和水町江田4025"", ""備考"": """", ""共通ID"": ""E4336900012121"", ""受入対象者"": ""要配慮者"", ""指定緊急避難場所との住所同一"": """", ""施設・場所名"": ""特別養護老人ホーム きくすい荘"", ""経度"": ""130.605572556683"", ""緯度"": ""32.9818204258935""}]",[],reference/43000_1.csv,826df538e39b2b9a92263df3923cbb095581fd79ac7a5fb050202dbd899c7c44,,,,,,unmatched,no_candidate,,,,,,unmatched,manual_no_match,,,32.9818204258935,130.605572556683,gsi_reference,reference_latitude_longitude,complete
2026-08-24,2026-08-24T00:33:05+09:00,26/08/24 00:33時点の避難所状況の一覧です。,2026-08-24T00:33+09:00,ref:E4336900040121,ba758535da929a8cdabf,和水町,社会福祉法人誠和会 精粋園,未開設(Web開設一覧に掲載なし),false,,,熊本県和水町萩原1172,,unchanged,未開設(Web開設一覧に掲載なし),,,https://portal.bousai.pref.kumamoto.jp/sp.html?p=evacuation%2Fshelter&l=15-0&ll=32.63819999999999%2C130.77610000000004&z=9&municipalityCd=430005,4c185c0fd574f949a713b9530c31b44a50003c19b24dc237ecc3e256b9541053,"{""ルート検索"": """", ""住所"": ""熊本県和水町萩原1172"", ""市町村"": ""和水町"", ""混雑状況"": """", ""避難所名"": ""社会福祉法人誠和会 精粋園"", ""開設状況"": ""未開設（Web開設一覧に掲載なし）""}",matched,exact_name_address,1.000,1,1313,E4336900040121,E4336900040121,社会福祉法人誠和会 精粋園,熊本県和水町萩原1172,,,要配慮者,32.965458,130.64235,"[{""共通ID"": ""E4336900040121"", ""経度"": ""130.64235"", ""緯度"": ""32.965458""}]",,"[{""NO"": ""1313"", ""その他市町村長が必要と認める事項"": """", ""住所"": ""熊本県和水町萩原1172"", ""備考"": """", ""共通ID"": ""E4336900040121"", ""受入対象者"": ""要配慮者"", ""指定緊急避難場所との住所同一"": """", ""施設・場所名"": ""社会福祉法人誠和会 精粋園"", ""経度"": ""130.64235"", ""緯度"": ""32.965458""}]",[],reference/43000_1.csv,826df538e39b2b9a92263df3923cbb095581fd79ac7a5fb050202dbd899c7c44,,,,,,unmatched,no_candidate,,,,,,unmatched,manual_no_match,,,32.965458,130.64235,gsi_reference,reference_latitude_longitude,complete
2026-08-24,2026-08-24T00:33:05+09:00,26/08/24 00:33時点の避難所状況の一覧です。,2026-08-24T00:33+09:00,ref:E4336900041121,fc650f52d62ca87e14c0,和水町,社会福祉法人青いりんごの会 銀河ステーション,未開設(Web開設一覧に掲載なし),false,,,熊本県和水町江田10-1,,unchanged,未開設(Web開設一覧に掲載なし),,,https://portal.bousai.pref.kumamoto.jp/sp.html?p=evacuation%2Fshelter&l=15-0&ll=32.63819999999999%2C130.77610000000004&z=9&municipalityCd=430005,45936e157d01895148a4963f36fb5bb40a4426894ca539ed23351d10e91346e0,"{""ルート検索"": """", ""住所"": ""熊本県和水町江田10-1"", ""市町村"": ""和水町"", ""混雑状況"": """", ""避難所名"": ""社会福祉法人青いりんごの会 銀河ステーション"", ""開設状況"": ""未開設（Web開設一覧に掲載なし）""}",matched,exact_name_address,1.000,1,1304,E4336900041121,E4336900041121,社会福祉法人青いりんごの会 銀河ステーション,熊本県和水町江田10-1,,,要配慮者,32.976718,130.607349,"[{""共通ID"": ""E4336900041121"", ""経度"": ""130.607349"", ""緯度"": ""32.976718""}]",,"[{""NO"": ""1304"", ""その他市町村長が必要と認める事項"": """", ""住所"": ""熊本県和水町江田10-1"", ""備考"": """", ""共通ID"": ""E4336900041121"", ""受入対象者"": ""要配慮者"", ""指定緊急避難場所との住所同一"": """", ""施設・場所名"": ""社会福祉法人青いりんごの会 銀河ステーション"", ""経度"": ""130.607349"", ""緯度"": ""32.976718""}]",[],reference/43000_1.csv,826df538e39b2b9a92263df3923cbb095581fd79ac7a5fb050202dbd899c7c44,,,,,,unmatched,no_candidate,,,,,,unmatched,manual_no_match,,,32.976718,130.607349,gsi_reference,reference_latitude_longitude,complete
2026-08-24,2026-08-24T00:33:05+09:00,26/08/24 00:33時点の避難所状況の一覧です。,2026-08-24T00:33+09:00,ref:E4336900027111,f8bed67c7359e3d2ae64,和水町,緑コミュニティドーム,未開設(Web開設一覧に掲載なし),false,,,熊本県和水町板楠2982,,unchanged,未開設(Web開設一覧に掲載なし),,,https://portal.bousai.pref.kumamoto.jp/sp.html?p=evacuation%2Fshelter&l=15-0&ll=32.63819999999999%2C130.77610000000004&z=9&municipalityCd=430005,4f9f2668cebe7a01a4e9762b2969c84f2b829a8f75d7d51aef6a93063170afc2,"{""ルート検索"": """", ""住所"": ""熊本県和水町板楠2982"", ""市町村"": ""和水町"", ""混雑状況"": """", ""避難所名"": ""緑コミュニティドーム"", ""開設状況"": ""未開設（Web開設一覧に掲載なし）""}",matched,exact_name_address,1.000,1,1316,E4336900027111,E4336900027111,緑コミュニティドーム,熊本県和水町板楠2982,1,,,33.070449,130.62435,"[{""共通ID"": ""E4336900027111"", ""経度"": ""130.62435"", ""緯度"": ""33.070449""}]",,"[{""NO"": ""1316"", ""その他市町村長が必要と認める事項"": """", ""住所"": ""熊本県和水町板楠2982"", ""備考"": """", ""共通ID"": ""E4336900027111"", ""受入対象者"": """", ""指定緊急避難場所との住所同一"": ""1"", ""施設・場所名"": ""緑コミュニティドーム"", ""経度"": ""130.62435"", ""緯度"": ""33.070449""}]",[],reference/43000_1.csv,826df538e39b2b9a92263df3923cbb095581fd79ac7a5fb050202dbd899c7c44,,,,,,unmatched,fuzzy_below_threshold,0.775,,,,,unmatched,manual_no_match,,,33.070449,130.62435,gsi_reference,reference_latitude_longitude,complete
2026-08-24,2026-08-24T00:33:05+09:00,26/08/24 00:33時点の避難所状況の一覧です。,2026-08-24T00:33+09:00,ref:E4350500005111,c09725abb0cc36b1672f,多良木町,ふれあい交流センターえびすの湯,未開設(Web開設一覧に掲載なし),false,,,熊本県多良木町大字多良木1561,,unchanged,未開設(Web開設一覧に掲載なし),,,https://portal.bousai.pref.kumamoto.jp/sp.html?p=evacuation%2Fshelter&l=15-0&ll=32.63819999999999%2C130.77610000000004&z=9&municipalityCd=430005,9de8a498b22f4394e90e1f4b09a80c4088c8696e6c45f434204d846f84ae1a28,"{""ルート検索"": """", ""住所"": ""熊本県多良木町大字多良木1561"", ""市町村"": ""多良木町"", ""混雑状況"": """", ""避難所名"": ""ふれあい交流センターえびすの湯"", ""開設状況"": ""未開設（Web開設一覧に掲載なし）""}",matched,exact_name_address,1.000,1,971,E4350500005111,E4350500005111,ふれあい交流センターえびすの湯,熊本県多良木町大字多良木1561,,,,32.2634257544356,130.933323433767,"[{""共通ID"": ""E4350500005111"", ""経度"": ""130.933323433767"", ""緯度"": ""32.2634257544356""}]",,"[{""NO"": ""971"", ""その他市町村長が必要と認める事項"": """", ""住所"": ""熊本県多良木町大字多良木1561"", ""備考"": """", ""共通ID"": ""E4350500005111"", ""受入対象者"": """", ""指定緊急避難場所との住所同一"": """", ""施設・場所名"": ""ふれあい交流センターえびすの湯"", ""経度"": ""130.933323433767"", ""緯度"": ""32.2634257544356""}]",[],reference/43000_1.csv,826df538e39b2b9a92263df3923cbb095581fd79ac7a5fb050202dbd899c7c44,,,,,,unmatched,no_candidate,,,,,,unmatched,manual_no_match,,,32.2634257544356,130.933323433767,gsi_reference,reference_latitude_longitude,complete
2026-08-24,2026-08-24T00:33:05+09:00,26/08/24 00:33時点の避難所状況の一覧です。,2026-08-24T00:33+09:00,ref:E4321500068111,41cf69b9de591b8f9faf,天草市,山浦公民館,未開設(Web開設一覧に掲載なし),false,,,熊本県天草市五和町手野2-110,,unchanged,未開設(Web開設一覧に掲載なし),,,https://portal.bousai.pref.kumamoto.jp/sp.html?p=evacuation%2Fshelter&l=15-0&ll=32.63819999999999%2C130.77610000000004&z=9&municipalityCd=430005,bdf5e1586d6cbe53c4b1b224fa336e1777bde45b4916e3f4c2dd01917860eadc,"{""ルート検索"": """", ""住所"": ""熊本県天草市五和町手野2-110"", ""市町村"": ""天草市"", ""混雑状況"": """", ""避難所名"": ""山浦公民館"", ""開設状況"": ""未開設（Web開設一覧に掲載なし）""}",matched,exact_name_address,1.000,1,1059,E4321500068111,E4321500068111,山浦公民館,熊本県天草市五和町手野2-110,,,,32.518745617956,130.12599004089,"[{""共通ID"": ""E4321500068111"", ""経度"": ""130.12599004089"", ""緯度"": ""32.518745617956""}]",,"[{""NO"": ""1059"", ""その他市町村長が必要と認める事項"": """", ""住所"": ""熊本県天草市五和町手野2-110"", ""備考"": """", ""共通ID"": ""E4321500068111"", ""受入対象者"": """", ""指定緊急避難場所との住所同一"": """", ""施設・場所名"": ""山浦公民館"", ""経度"": ""130.12599004089"", ""緯度"": ""32.518745617956""}]",[],reference/43000_1.csv,826df538e39b2b9a92263df3923cbb095581fd79ac7a5fb050202dbd899c7c44,,,,,,unmatched,no_candidate,,,,,,unmatched,manual_no_match,,,32.518745617956,130.12599004089,gsi_reference,reference_latitude_longitude,complete
2026-08-24,2026-08-24T00:33:05+09:00,26/08/24 00:33時点の避難所状況の一覧です。,2026-08-24T00:33+09:00,ref:E4321500168111,fc964827f066fa7b3131,天草市,山浦公民館,未開設(Web開設一覧に掲載なし),false,,,熊本県天草市栖本町馬場690-1,,unchanged,未開設(Web開設一覧に掲載なし),,,https://portal.bousai.pref.kumamoto.jp/sp.html?p=evacuation%2Fshelter&l=15-0&ll=32.63819999999999%2C130.77610000000004&z=9&municipalityCd=430005,62a4dd9c2348f5e7fc36fcb3848ccbb804c9661e6e22ef493ae26ebe530d5b11,"{""ルート検索"": """", ""住所"": ""熊本県天草市栖本町馬場690-1"", ""市町村"": ""天草市"", ""混雑状況"": """", ""避難所名"": ""山浦公民館"", ""開設状況"": ""未開設（Web開設一覧に掲載なし）""}",matched,exact_name_address,1.000,1,1117,E4321500168111,E4321500168111,山浦公民館,熊本県天草市栖本町馬場690-1,1,,,32.42715546,130.268548,"[{""共通ID"": ""E4321500168111"", ""経度"": ""130.268548"", ""緯度"": ""32.42715546""}]",,"[{""NO"": ""1117"", ""その他市町村長が必要と認める事項"": """", ""住所"": ""熊本県天草市栖本町馬場690-1"", ""備考"": """", ""共通ID"": ""E4321500168111"", ""受入対象者"": """", ""指定緊急避難場所との住所同一"": ""1"", ""施設・場所名"": ""山浦公民館"", ""経度"": ""130.268548"", ""緯度"": ""32.42715546""}]",[],reference/43000_1.csv,826df538e39b2b9a92263df3923cbb095581fd79ac7a5fb050202dbd899c7c44,,,,,,ambiguous,coordinate_near_tie,,,,,,unmatched,manual_no_match,,,32.42715546,130.268548,gsi_reference,reference_latitude_longitude,complete
2026-08-24,2026-08-24T00:33:05+09:00,26/08/24 00:33時点の避難所状況の一覧です。,2026-08-24T00:33+09:00,ref:E4321500224111,c5ab0d622ffdf5beb489,天草市,本渡北幼稚園,未開設(Web開設一覧に掲載なし),false,,,熊本県天草市浜崎町4-9,,unchanged,未開設(Web開設一覧に掲載なし),,,https://portal.bousai.pref.kumamoto.jp/sp.html?p=evacuation%2Fshelter&l=15-0&ll=32.63819999999999%2C130.77610000000004&z=9&municipalityCd=430005,48131142d09a5e1a7928bb42afc748390c3b87735cfab6174ea620f9596ba1b3,"{""ルート検索"": """", ""住所"": ""熊本県天草市浜崎町4-9"", ""市町村"": ""天草市"", ""混雑状況"": """", ""避難所名"": ""本渡北幼稚園"", ""開設状況"": ""未開設（Web開設一覧に掲載なし）""}",matched,exact_name_address,1.000,1,1145,E4321500224111,E4321500224111,本渡北幼稚園,熊本県天草市浜崎町4-9,,,,32.46253312,130.1881494,"[{""共通ID"": ""E4321500224111"", ""経度"": ""130.1881494"", ""緯度"": ""32.46253312""}]",,"[{""NO"": ""1145"", ""その他市町村長が必要と認める事項"": """", ""住所"": ""熊本県天草市浜崎町4-9"", ""備考"": """", ""共通ID"": ""E4321500224111"", ""受入対象者"": """", ""指定緊急避難場所との住所同一"": """", ""施設・場所名"": ""本渡北幼稚園"", ""経度"": ""130.1881494"", ""緯度"": ""32.46253312""}]",[],reference/43000_1.csv,826df538e39b2b9a92263df3923cbb095581fd79ac7a5fb050202dbd899c7c44,,,,,,unmatched,no_candidate,,,,,,unmatched,manual_no_match,,,32.46253312,130.1881494,gsi_reference,reference_latitude_longitude,complete
2026-08-24,2026-08-24T00:33:05+09:00,26/08/24 00:33時点の避難所状況の一覧です。,2026-08-24T00:33+09:00,ref:E4321500264111,9ea1e6ea5b5efb38e457,天草市,浅海生活改善センター,未開設(Web開設一覧に掲載なし),false,,,熊本県天草市深海町2779-1,,unchanged,未開設(Web開設一覧に掲載なし),,,https://portal.bousai.pref.kumamoto.jp/sp.html?p=evacuation%2Fshelter&l=15-0&ll=32.63819999999999%2C130.77610000000004&z=9&municipalityCd=430005,ac0a9874214da6d59cdc9cdb454d1cd0b899172b3a4a27d3f8edf88c3b703fcf,"{""ルート検索"": """", ""住所"": ""熊本県天草市深海町2779-1"", ""市町村"": ""天草市"", ""混雑状況"": """", ""避難所名"": ""浅海生活改善センター"", ""開設状況"": ""未開設（Web開設一覧に掲載なし）""}",matched,exact_name_address,1.000,1,1097,E4321500264111,E4321500264111,浅海生活改善センター,熊本県天草市深海町2779-1,,,,32.244424,130.082438,"[{""共通ID"": ""E4321500264111"", ""経度"": ""130.082438"", ""緯度"": ""32.244424""}]",,"[{""NO"": ""1097"", ""その他市町村長が必要と認める事項"": """", ""住所"": ""熊本県天草市深海町2779-1"", ""備考"": """", ""共通ID"": ""E4321500264111"", ""受入対象者"": """", ""指定緊急避難場所との住所同一"": """", ""施設・場所名"": ""浅海生活改善センター"", ""経度"": ""130.082438"", ""緯度"": ""32.244424""}]",[],reference/43000_1.csv,826df538e39b2b9a92263df3923cbb095581fd79ac7a5fb050202dbd899c7c44,,,,,,unmatched,no_candidate,,,,,,unmatched,manual_no_match,,,32.244424,130.082438,gsi_reference,reference_latitude_longitude,complete
2026-08-24,2026-08-24T00:33:05+09:00,26/08/24 00:33時点の避難所状況の一覧です。,2026-08-24T00:33+09:00,ref:E4321500277111,d9fab85ae98fccb4c9c0,天草市,鬼塚公民館,未開設(Web開設一覧に掲載なし),false,,,熊本県天草市牛深町2058,,unchanged,未開設(Web開設一覧に掲載なし),,,https://portal.bousai.pref.kumamoto.jp/sp.html?p=evacuation%2Fshelter&l=15-0&ll=32.63819999999999%2C130.77610000000004&z=9&municipalityCd=430005,7cf0310c0efb0c40fee802c2328b99406707d4d6c2220628df58321c04e068a4,"{""ルート検索"": """", ""住所"": ""熊本県天草市牛深町2058"", ""市町村"": ""天草市"", ""混雑状況"": """", ""避難所名"": ""鬼塚公民館"", ""開設状況"": ""未開設（Web開設一覧に掲載なし）""}",matched,exact_name_address,1.000,1,1044,E4321500277111,E4321500277111,鬼塚公民館,熊本県天草市牛深町2058,,,,32.19708,130.016855,"[{""共通ID"": ""E4321500277111"", ""経度"": ""130.016855"", ""緯度"": ""32.19708""}]",,"[{""NO"": ""1044"", ""その他市町村長が必要と認める事項"": """", ""住所"": ""熊本県天草市牛深町2058"", ""備考"": """", ""共通ID"": ""E4321500277111"", ""受入対象者"": """", ""指定緊急避難場所との住所同一"": """", ""施設・場所名"": ""鬼塚公民館"", ""経度"": ""130.016855"", ""緯度"": ""32.19708""}]",[],reference/43000_1.csv,826df538e39b2b9a92263df3923cbb095581fd79ac7a5fb050202dbd899c7c44,,,,,,unmatched,no_candidate,,,,,,unmatched,manual_no_match,,,32.19708,130.016855,gsi_reference,reference_latitude_longitude,complete
2026-08-24,2026-08-24T00:33:05+09:00,26/08/24 00:33時点の避難所状況の一覧です。,2026-08-24T00:33+09:00,ref:E4321100068111,acc2e1957819a0eafb59,宇土市,あじさいの湯,未開設(Web開設一覧に掲載なし),false,,,熊本県宇土市網津町2283,,unchanged,未開設(Web開設一覧に掲載なし),,,https://portal.bousai.pref.kumamoto.jp/sp.html?p=evacuation%2Fshelter&l=15-0&ll=32.63819999999999%2C130.77610000000004&z=9&municipalityCd=430005,a3a0187b95970416283dd4db2d076f62a6a70b36880c31866d1ce8af226e95a3,"{""ルート検索"": """", ""住所"": ""熊本県宇土市網津町2283"", ""市町村"": ""宇土市"", ""混雑状況"": """", ""避難所名"": ""あじさいの湯"", ""開設状況"": ""未開設（Web開設一覧に掲載なし）""}",matched,exact_name_address,1.000,1,174,E4321100068111,E4321100068111,あじさいの湯,熊本県宇土市網津町2283,,,,32.689156634362,130.5983087119,"[{""共通ID"": ""E4321100068111"", ""経度"": ""130.5983087119"", ""緯度"": ""32.689156634362""}]",,"[{""NO"": ""174"", ""その他市町村長が必要と認める事項"": """", ""住所"": ""熊本県宇土市網津町2283"", ""備考"": """", ""共通ID"": ""E4321100068111"", ""受入対象者"": """", ""指定緊急避難場所との住所同一"": """", ""施設・場所名"": ""あじさいの湯"", ""経度"": ""130.5983087119"", ""緯度"": ""32.689156634362""}]",[],reference/43000_1.csv,826df538e39b2b9a92263df3923cbb095581fd79ac7a5fb050202dbd899c7c44,,,,,,unmatched,no_candidate,,,,,,unmatched,manual_no_match,,,32.689156634362,130.5983087119,gsi_reference,reference_latitude_longitude,complete
2026-08-24,2026-08-24T00:33:05+09:00,26/08/24 00:33時点の避難所状況の一覧です。,2026-08-24T00:33+09:00,ref:E4321100044111,efb192994823410ba03e,宇土市,中央公民館,未開設(Web開設一覧に掲載なし),false,,,熊本県宇土市新小路町96-1,,unchanged,未開設(Web開設一覧に掲載なし),,,https://portal.bousai.pref.kumamoto.jp/sp.html?p=evacuation%2Fshelter&l=15-0&ll=32.63819999999999%2C130.77610000000004&z=9&municipalityCd=430005,6306161c55d254f76fa4906cd4f98f8e398621e7f3c47eeb18955fd5e9e88d4e,"{""ルート検索"": """", ""住所"": ""熊本県宇土市新小路町96-1"", ""市町村"": ""宇土市"", ""混雑状況"": """", ""避難所名"": ""中央公民館"", ""開設状況"": ""未開設（Web開設一覧に掲載なし）""}",matched,exact_name_address,1.000,1,158,E4321100044111,E4321100044111,中央公民館,熊本県宇土市新小路町96-1,,,,32.684445765842,130.66177130328,"[{""共通ID"": ""E4321100044111"", ""経度"": ""130.66177130328"", ""緯度"": ""32.684445765842""}]",,"[{""NO"": ""158"", ""その他市町村長が必要と認める事項"": """", ""住所"": ""熊本県宇土市新小路町96-1"", ""備考"": """", ""共通ID"": ""E4321100044111"", ""受入対象者"": """", ""指定緊急避難場所との住所同一"": """", ""施設・場所名"": ""中央公民館"", ""経度"": ""130.66177130328"", ""緯度"": ""32.684445765842""}]",[],reference/43000_1.csv,826df538e39b2b9a92263df3923cbb095581fd79ac7a5fb050202dbd899c7c44,,,,,,unmatched,no_candidate,,,,,,unmatched,manual_no_match,,,32.684445765842,130.66177130328,gsi_reference,reference_latitude_longitude,complete
2026-08-24,2026-08-24T00:33:05+09:00,26/08/24 00:33時点の避難所状況の一覧です。,2026-08-24T00:33+09:00,ref:E4321100014111,9bc1709a450da6ba335d,宇土市,宇土マリーナ会議室,未開設(Web開設一覧に掲載なし),false,,,熊本県宇土市下網田町3084-1,,unchanged,未開設(Web開設一覧に掲載なし),,,https://portal.bousai.pref.kumamoto.jp/sp.html?p=evacuation%2Fshelter&l=15-0&ll=32.63819999999999%2C130.77610000000004&z=9&municipalityCd=430005,3dce9b9d82f96b4b30fd11b926539957c2fb72a1af4ad4d7c7f15f2c6e37755b,"{""ルート検索"": """", ""住所"": ""熊本県宇土市下網田町3084-1"", ""市町村"": ""宇土市"", ""混雑状況"": """", ""避難所名"": ""宇土マリーナ会議室"", ""開設状況"": ""未開設（Web開設一覧に掲載なし）""}",matched,exact_name_address,1.000,1,141,E4321100014111,E4321100014111,宇土マリーナ会議室,熊本県宇土市下網田町3084-1,,,,32.662273278096,130.52273579799,"[{""共通ID"": ""E4321100014111"", ""経度"": ""130.52273579799"", ""緯度"": ""32.662273278096""}]",,"[{""NO"": ""141"", ""その他市町村長が必要と認める事項"": """", ""住所"": ""熊本県宇土市下網田町3084-1"", ""備考"": """", ""共通ID"": ""E4321100014111"", ""受入対象者"": """", ""指定緊急避難場所との住所同一"": """", ""施設・場所名"": ""宇土マリーナ会議室"", ""経度"": ""130.52273579799"", ""緯度"": ""32.662273278096""}]",[],reference/43000_1.csv,826df538e39b2b9a92263df3923cbb095581fd79ac7a5fb050202dbd899c7c44,,,,,,unmatched,no_candidate,,,,,,unmatched,manual_no_match,,,32.662273278096,130.52273579799,gsi_reference,reference_latitude_longitude,complete
2026-08-24,2026-08-24T00:33:05+09:00,26/08/24 00:33時点の避難所状況の一覧です。,2026-08-24T00:33+09:00,ref:E4321100016111,59c08740bb3f3844d6d0,宇土市,網田公民館,未開設(Web開設一覧に掲載なし),false,,,熊本県宇土市下網田町566-1,,unchanged,未開設(Web開設一覧に掲載なし),,,https://portal.bousai.pref.kumamoto.jp/sp.html?p=evacuation%2Fshelter&l=15-0&ll=32.63819999999999%2C130.77610000000004&z=9&municipalityCd=430005,0750012f49283119de4bab265e8d0ad5c4afbca7aba60b5a532d8d90293c90cb,"{""ルート検索"": """", ""住所"": ""熊本県宇土市下網田町566-1"", ""市町村"": ""宇土市"", ""混雑状況"": """", ""避難所名"": ""網田公民館"", ""開設状況"": ""未開設（Web開設一覧に掲載なし）""}",matched,exact_name_address,1.000,1,142,E4321100016111,E4321100016111,網田公民館,熊本県宇土市下網田町566-1,,,,32.670221702565,130.55685811543,"[{""共通ID"": ""E4321100016111"", ""経度"": ""130.55685811543"", ""緯度"": ""32.670221702565""}]",,"[{""NO"": ""142"", ""その他市町村長が必要と認める事項"": """", ""住所"": ""熊本県宇土市下網田町566-1"", ""備考"": """", ""共通ID"": ""E4321100016111"", ""受入対象者"": """", ""指定緊急避難場所との住所同一"": """", ""施設・場所名"": ""網田公民館"", ""経度"": ""130.55685811543"", ""緯度"": ""32.670221702565""}]",[],reference/43000_1.csv,826df538e39b2b9a92263df3923cbb095581fd79ac7a5fb050202dbd899c7c44,,,,,,unmatched,no_candidate,,,,,,unmatched,manual_no_match,,,32.670221702565,130.55685811543,gsi_reference,reference_latitude_longitude,complete
2026-08-24,2026-08-24T00:33:05+09:00,26/08/24 00:33時点の避難所状況の一覧です。,2026-08-24T00:33+09:00,ref:E4321100072111,752d32f41b9e011689f9,宇土市,網田漁業協同組合,未開設(Web開設一覧に掲載なし),false,,,熊本県宇土市長浜町508-5,,unchanged,未開設(Web開設一覧に掲載なし),,,https://portal.bousai.pref.kumamoto.jp/sp.html?p=evacuation%2Fshelter&l=15-0&ll=32.63819999999999%2C130.77610000000004&z=9&municipalityCd=430005,ea7317101e0825891d1585a67f7e78c010bcdafc08d377d100436beef4060322,"{""ルート検索"": """", ""住所"": ""熊本県宇土市長浜町508-5"", ""市町村"": ""宇土市"", ""混雑状況"": """", ""避難所名"": ""網田漁業協同組合"", ""開設状況"": ""未開設（Web開設一覧に掲載なし）""}",matched,exact_name_address,1.000,1,166,E4321100072111,E4321100072111,網田漁業協同組合,熊本県宇土市長浜町508-5,,,,32.667376,130.543416,"[{""共通ID"": ""E4321100072111"", ""経度"": ""130.543416"", ""緯度"": ""32.667376""}]",,"[{""NO"": ""166"", ""その他市町村長が必要と認める事項"": """", ""住所"": ""熊本県宇土市長浜町508-5"", ""備考"": """", ""共通ID"": ""E4321100072111"", ""受入対象者"": """", ""指定緊急避難場所との住所同一"": """", ""施設・場所名"": ""網田漁業協同組合"", ""経度"": ""130.543416"", ""緯度"": ""32.667376""}]",[],reference/43000_1.csv,826df538e39b2b9a92263df3923cbb095581fd79ac7a5fb050202dbd899c7c44,,,,,,ambiguous,coordinate_near_tie,,,,,,unmatched,manual_no_match,,,32.667376,130.543416,gsi_reference,reference_latitude_longitude,complete
2026-08-24,2026-08-24T00:33:05+09:00,26/08/24 00:33時点の避難所状況の一覧です。,2026-08-24T00:33+09:00,ref:E4321100024112,de2ef81d890d6bbd3cd1,宇土市,花っ子学童クラブ,未開設(Web開設一覧に掲載なし),false,,,熊本県宇土市古保里町977,,unchanged,未開設(Web開設一覧に掲載なし),,,https://portal.bousai.pref.kumamoto.jp/sp.html?p=evacuation%2Fshelter&l=15-0&ll=32.63819999999999%2C130.77610000000004&z=9&municipalityCd=430005,ee35c6e8f40a26cde211f7cb2a7ea475ba4af0a5971a70f22f442e8807d87333,"{""ルート検索"": """", ""住所"": ""熊本県宇土市古保里町977"", ""市町村"": ""宇土市"", ""混雑状況"": """", ""避難所名"": ""花っ子学童クラブ"", ""開設状況"": ""未開設（Web開設一覧に掲載なし）""}",matched,exact_name_address,1.000,1,146,E4321100024112,E4321100024112,花っ子学童クラブ,熊本県宇土市古保里町977,,,,32.677162,130.683243,"[{""共通ID"": ""E4321100024112"", ""経度"": ""130.683243"", ""緯度"": ""32.677162""}]",,"[{""NO"": ""146"", ""その他市町村長が必要と認める事項"": """", ""住所"": ""熊本県宇土市古保里町977"", ""備考"": """", ""共通ID"": ""E4321100024112"", ""受入対象者"": """", ""指定緊急避難場所との住所同一"": """", ""施設・場所名"": ""花っ子学童クラブ"", ""経度"": ""130.683243"", ""緯度"": ""32.677162""}]",[],reference/43000_1.csv,826df538e39b2b9a92263df3923cbb095581fd79ac7a5fb050202dbd899c7c44,,,,,,unmatched,no_candidate,,,,,,unmatched,manual_no_match,,,32.677162,130.683243,gsi_reference,reference_latitude_longitude,complete
2026-08-24,2026-08-24T00:33:05+09:00,26/08/24 00:33時点の避難所状況の一覧です。,2026-08-24T00:33+09:00,ref:E4321100054111,c93676c737c005703772,宇土市,走潟公民館,未開設(Web開設一覧に掲載なし),false,,,熊本県宇土市走潟町822,,unchanged,未開設(Web開設一覧に掲載なし),,,https://portal.bousai.pref.kumamoto.jp/sp.html?p=evacuation%2Fshelter&l=15-0&ll=32.63819999999999%2C130.77610000000004&z=9&municipalityCd=430005,a64cb846fbbccfa6b7850a7f64fd3b45573f752845b18a075caed1ba98fa35ef,"{""ルート検索"": """", ""住所"": ""熊本県宇土市走潟町822"", ""市町村"": ""宇土市"", ""混雑状況"": """", ""避難所名"": ""走潟公民館"", ""開設状況"": ""未開設（Web開設一覧に掲載なし）""}",matched,exact_name_address,1.000,1,163,E4321100054111,E4321100054111,走潟公民館,熊本県宇土市走潟町822,,,,32.704135838266,130.64701728602,"[{""共通ID"": ""E4321100054111"", ""経度"": ""130.64701728602"", ""緯度"": ""32.704135838266""}]",,"[{""NO"": ""163"", ""その他市町村長が必要と認める事項"": """", ""住所"": ""熊本県宇土市走潟町822"", ""備考"": """", ""共通ID"": ""E4321100054111"", ""受入対象者"": """", ""指定緊急避難場所との住所同一"": """", ""施設・場所名"": ""走潟公民館"", ""経度"": ""130.64701728602"", ""緯度"": ""32.704135838266""}]",[],reference/43000_1.csv,826df538e39b2b9a92263df3923cbb095581fd79ac7a5fb050202dbd899c7c44,,,,,,unmatched,no_candidate,,,,,,unmatched,manual_no_match,,,32.704135838266,130.64701728602,gsi_reference,reference_latitude_longitude,complete
2026-08-24,2026-08-24T00:33:05+09:00,26/08/24 00:33時点の避難所状況の一覧です。,2026-08-24T00:33+09:00,ref:E4321300007121,763559a62a704f168cc8,宇城市,宇城市三角防災拠点センター,未開設(Web開設一覧に掲載なし),false,,,熊本県宇城市三角町波多619-1,,unchanged,未開設(Web開設一覧に掲載なし),,,https://portal.bousai.pref.kumamoto.jp/sp.html?p=evacuation%2Fshelter&l=15-0&ll=32.63819999999999%2C130.77610000000004&z=9&municipalityCd=430005,ff4b58d998f227b039b529142c83a76509fa2d32dad519973dfdc8fbaec7051c,"{""ルート検索"": """", ""住所"": ""熊本県宇城市三角町波多619-1"", ""市町村"": ""宇城市"", ""混雑状況"": """", ""避難所名"": ""宇城市三角防災拠点センター"", ""開設状況"": ""未開設（Web開設一覧に掲載なし）""}",matched,exact_name_address,1.000,1,92,E4321300007121,E4321300007121,宇城市三角防災拠点センター,熊本県宇城市三角町波多619-1,1,,要配慮者,32.6131670142103,130.478615935428,"[{""共通ID"": ""E4321300007121"", ""経度"": ""130.478615935428"", ""緯度"": ""32.6131670142103""}]",,"[{""NO"": ""92"", ""その他市町村長が必要と認める事項"": """", ""住所"": ""熊本県宇城市三角町波多619-1"", ""備考"": """", ""共通ID"": ""E4321300007121"", ""受入対象者"": ""要配慮者"", ""指定緊急避難場所との住所同一"": ""1"", ""施設・場所名"": ""宇城市三角防災拠点センター"", ""経度"": ""130.478615935428"", ""緯度"": ""32.6131670142103""}]",[],reference/43000_1.csv,826df538e39b2b9a92263df3923cbb095581fd79ac7a5fb050202dbd899c7c44,,,,,,unmatched,fuzzy_below_threshold,0.883,,,,,unmatched,manual_no_match,,,32.6131670142103,130.478615935428,gsi_reference,reference_latitude_longitude,complete
2026-08-24,2026-08-24T00:33:05+09:00,26/08/24 00:33時点の避難所状況の一覧です。,2026-08-24T00:33+09:00,ref:E4321300039112,156a3880a2089cb57a61,宇城市,宇城市不知火支所,未開設(Web開設一覧に掲載なし),false,,,熊本県宇城市不知火町高良2273-1,,unchanged,未開設(Web開設一覧に掲載なし),,,https://portal.bousai.pref.kumamoto.jp/sp.html?p=evacuation%2Fshelter&l=15-0&ll=32.63819999999999%2C130.77610000000004&z=9&municipalityCd=430005,8a77e726844e946d62313b2127d180e15f435918c7e4e429ae15db6fec8db428,"{""ルート検索"": """", ""住所"": ""熊本県宇城市不知火町高良2273-1"", ""市町村"": ""宇城市"", ""混雑状況"": """", ""避難所名"": ""宇城市不知火支所"", ""開設状況"": ""未開設（Web開設一覧に掲載なし）""}",matched,exact_name_address,1.000,1,119,E4321300039112,E4321300039112,宇城市不知火支所,熊本県宇城市不知火町高良2273-1,1,,,32.6467224441265,130.667903790878,"[{""共通ID"": ""E4321300039112"", ""経度"": ""130.667903790878"", ""緯度"": ""32.6467224441265""}]",,"[{""NO"": ""119"", ""その他市町村長が必要と認める事項"": """", ""住所"": ""熊本県宇城市不知火町高良2273-1"", ""備考"": """", ""共通ID"": ""E4321300039112"", ""受入対象者"": """", ""指定緊急避難場所との住所同一"": ""1"", ""施設・場所名"": ""宇城市不知火支所"", ""経度"": ""130.667903790878"", ""緯度"": ""32.6467224441265""}]",[],reference/43000_1.csv,826df538e39b2b9a92263df3923cbb095581fd79ac7a5fb050202dbd899c7c44,,,,,,unmatched,no_candidate,,,,,,unmatched,manual_no_match,,,32.6467224441265,130.667903790878,gsi_reference,reference_latitude_longitude,complete
2026-08-24,2026-08-24T00:33:05+09:00,26/08/24 00:33時点の避難所状況の一覧です。,2026-08-24T00:33+09:00,ref:E4321300010111,b557c54ab198fe6df876,宇城市,宇城市小川防災拠点センター,未開設(Web開設一覧に掲載なし),false,,,熊本県宇城市小川町江頭100,,unchanged,未開設(Web開設一覧に掲載なし),,,https://portal.bousai.pref.kumamoto.jp/sp.html?p=evacuation%2Fshelter&l=15-0&ll=32.63819999999999%2C130.77610000000004&z=9&municipalityCd=430005,f171ee5d5cb7ffe64c062d20e9df3e79754baea4d546d4d469cd633f6f31f1c6,"{""ルート検索"": """", ""住所"": ""熊本県宇城市小川町江頭100"", ""市町村"": ""宇城市"", ""混雑状況"": """", ""避難所名"": ""宇城市小川防災拠点センター"", ""開設状況"": ""未開設（Web開設一覧に掲載なし）""}",matched,exact_name_address,1.000,1,93,E4321300010111,E4321300010111,宇城市小川防災拠点センター,熊本県宇城市小川町江頭100,1,,,32.5925380992227,130.704185991741,"[{""共通ID"": ""E4321300010111"", ""経度"": ""130.704185991741"", ""緯度"": ""32.5925380992227""}]",,"[{""NO"": ""93"", ""その他市町村長が必要と認める事項"": """", ""住所"": ""熊本県宇城市小川町江頭100"", ""備考"": """", ""共通ID"": ""E4321300010111"", ""受入対象者"": """", ""指定緊急避難場所との住所同一"": ""1"", ""施設・場所名"": ""宇城市小川防災拠点センター"", ""経度"": ""130.704185991741"", ""緯度"": ""32.5925380992227""}]",[],reference/43000_1.csv,826df538e39b2b9a92263df3923cbb095581fd79ac7a5fb050202dbd899c7c44,,,,,,unmatched,fuzzy_below_threshold,0.883,,,,,unmatched,manual_no_match,,,32.5925380992227,130.704185991741,gsi_reference,reference_latitude_longitude,complete
2026-08-24,2026-08-24T00:33:05+09:00,26/08/24 00:33時点の避難所状況の一覧です。,2026-08-24T00:33+09:00,ref:E4321300050111,3011f102d00857bb9549,宇城市,宇城市松合地区市民館,未開設(Web開設一覧に掲載なし),false,,,熊本県宇城市不知火町松合168,,unchanged,未開設(Web開設一覧に掲載なし),,,https://portal.bousai.pref.kumamoto.jp/sp.html?p=evacuation%2Fshelter&l=15-0&ll=32.63819999999999%2C130.77610000000004&z=9&municipalityCd=430005,ea24802489b0d144fd40f41dbc193e019a6bf40b51df1f9e6d5f0f50b263ce26,"{""ルート検索"": """", ""住所"": ""熊本県宇城市不知火町松合168"", ""市町村"": ""宇城市"", ""混雑状況"": """", ""避難所名"": ""宇城市松合地区市民館"", ""開設状況"": ""未開設（Web開設一覧に掲載なし）""}",matched,exact_name_address,1.000,1,124,E4321300050111,E4321300050111,宇城市松合地区市民館,熊本県宇城市不知火町松合168,,,,32.630606,130.608016,"[{""共通ID"": ""E4321300050111"", ""経度"": ""130.608016"", ""緯度"": ""32.630606""}]",,"[{""NO"": ""124"", ""その他市町村長が必要と認める事項"": """", ""住所"": ""熊本県宇城市不知火町松合168"", ""備考"": """", ""共通ID"": ""E4321300050111"", ""受入対象者"": """", ""指定緊急避難場所との住所同一"": """", ""施設・場所名"": ""宇城市松合地区市民館"", ""経度"": ""130.608016"", ""緯度"": ""32.630606""}]",[],reference/43000_1.csv,826df538e39b2b9a92263df3923cbb095581fd79ac7a5fb050202dbd899c7c44,,,,,,unmatched,no_candidate,,,,,,unmatched,manual_no_match,,,32.630606,130.608016,gsi_reference,reference_latitude_longitude,complete
2026-08-24,2026-08-24T00:33:05+09:00,26/08/24 00:33時点の避難所状況の一覧です。,2026-08-24T00:33+09:00,ref:E4321300035121,af83f8dff23c80203ff3,宇城市,宇城市松橋東防災拠点センター,未開設(Web開設一覧に掲載なし),false,,,熊本県宇城市松橋町豊福1786,,unchanged,未開設(Web開設一覧に掲載なし),,,https://portal.bousai.pref.kumamoto.jp/sp.html?p=evacuation%2Fshelter&l=15-0&ll=32.63819999999999%2C130.77610000000004&z=9&municipalityCd=430005,2bf54f221f75e8d4247b48c0c04a992e45d8539ba4f859a41f016311aac16fad,"{""ルート検索"": """", ""住所"": ""熊本県宇城市松橋町豊福1786"", ""市町村"": ""宇城市"", ""混雑状況"": """", ""避難所名"": ""宇城市松橋東防災拠点センター"", ""開設状況"": ""未開設（Web開設一覧に掲載なし）""}",matched,exact_name_address,1.000,1,115,E4321300035121,E4321300035121,宇城市松橋東防災拠点センター,熊本県宇城市松橋町豊福1786,1,,要配慮者,32.6429174540355,130.702563105949,"[{""共通ID"": ""E4321300035121"", ""経度"": ""130.702563105949"", ""緯度"": ""32.6429174540355""}]",,"[{""NO"": ""115"", ""その他市町村長が必要と認める事項"": """", ""住所"": ""熊本県宇城市松橋町豊福1786"", ""備考"": """", ""共通ID"": ""E4321300035121"", ""受入対象者"": ""要配慮者"", ""指定緊急避難場所との住所同一"": ""1"", ""施設・場所名"": ""宇城市松橋東防災拠点センター"", ""経度"": ""130.702563105949"", ""緯度"": ""32.6429174540355""}]",[],reference/43000_1.csv,826df538e39b2b9a92263df3923cbb095581fd79ac7a5fb050202dbd899c7c44,,,,,,unmatched,fuzzy_below_threshold,0.867,,,,,unmatched,manual_no_match,,,32.6429174540355,130.702563105949,gsi_reference,reference_latitude_longitude,complete
2026-08-24,2026-08-24T00:33:05+09:00,26/08/24 00:33時点の避難所状況の一覧です。,2026-08-24T00:33+09:00,ref:E4321300028121,50d02e4a012715bd2ede,宇城市,宇城市松橋西防災拠点センター,未開設(Web開設一覧に掲載なし),false,,,熊本県宇城市松橋町松橋564-2,,unchanged,未開設(Web開設一覧に掲載なし),,,https://portal.bousai.pref.kumamoto.jp/sp.html?p=evacuation%2Fshelter&l=15-0&ll=32.63819999999999%2C130.77610000000004&z=9&municipalityCd=430005,1dce3de4538ffdcfa65ba56c7710e0039894b168ef13289c8feb30b09c27cdc1,"{""ルート検索"": """", ""住所"": ""熊本県宇城市松橋町松橋564-2"", ""市町村"": ""宇城市"", ""混雑状況"": """", ""避難所名"": ""宇城市松橋西防災拠点センター"", ""開設状況"": ""未開設（Web開設一覧に掲載なし）""}",matched,exact_name_address,1.000,1,109,E4321300028121,E4321300028121,宇城市松橋西防災拠点センター,熊本県宇城市松橋町松橋564-2,1,,要配慮者,32.6514957274895,130.678948359643,"[{""共通ID"": ""E4321300028121"", ""経度"": ""130.678948359643"", ""緯度"": ""32.6514957274895""}]",,"[{""NO"": ""109"", ""その他市町村長が必要と認める事項"": """", ""住所"": ""熊本県宇城市松橋町松橋564-2"", ""備考"": """", ""共通ID"": ""E4321300028121"", ""受入対象者"": ""要配慮者"", ""指定緊急避難場所との住所同一"": ""1"", ""施設・場所名"": ""宇城市松橋西防災拠点センター"", ""経度"": ""130.678948359643"", ""緯度"": ""32.6514957274895""}]",[],reference/43000_1.csv,826df538e39b2b9a92263df3923cbb095581fd79ac7a5fb050202dbd899c7c44,,,,,,unmatched,fuzzy_below_threshold,0.878,,,,,unmatched,manual_no_match,,,32.6514957274895,130.678948359643,gsi_reference,reference_latitude_longitude,complete
2026-08-24,2026-08-24T00:33:05+09:00,26/08/24 00:33時点の避難所状況の一覧です。,2026-08-24T00:33+09:00,ref:E4321300018111,b3c5a7f9dc455ca12eb0,宇城市,宇城市立小川中学校体育館,未開設(Web開設一覧に掲載なし),false,,,熊本県宇城市小川町南部田287-2,,unchanged,未開設(Web開設一覧に掲載なし),,,https://portal.bousai.pref.kumamoto.jp/sp.html?p=evacuation%2Fshelter&l=15-0&ll=32.63819999999999%2C130.77610000000004&z=9&municipalityCd=430005,42954be3c9a07426a160a799bb68113951b548cefd94f5b6bc5c5f95cdf906e7,"{""ルート検索"": """", ""住所"": ""熊本県宇城市小川町南部田287-2"", ""市町村"": ""宇城市"", ""混雑状況"": """", ""避難所名"": ""宇城市立小川中学校体育館"", ""開設状況"": ""未開設（Web開設一覧に掲載なし）""}",matched,exact_name_address,1.000,1,101,E4321300018111,E4321300018111,宇城市立小川中学校体育館,熊本県宇城市小川町南部田287-2,1,,,32.5902022810048,130.714835531571,"[{""共通ID"": ""E4321300018111"", ""経度"": ""130.714835531571"", ""緯度"": ""32.5902022810048""}]",,"[{""NO"": ""101"", ""その他市町村長が必要と認める事項"": """", ""住所"": ""熊本県宇城市小川町南部田287-2"", ""備考"": """", ""共通ID"": ""E4321300018111"", ""受入対象者"": """", ""指定緊急避難場所との住所同一"": ""1"", ""施設・場所名"": ""宇城市立小川中学校体育館"", ""経度"": ""130.714835531571"", ""緯度"": ""32.5902022810048""}]",[],reference/43000_1.csv,826df538e39b2b9a92263df3923cbb095581fd79ac7a5fb050202dbd899c7c44,,,,,,unmatched,fuzzy_below_threshold,0.836,,,,,unmatched,manual_no_match,,,32.5902022810048,130.714835531571,gsi_reference,reference_latitude_longitude,complete
2026-08-24,2026-08-24T00:33:05+09:00,26/08/24 00:33時点の避難所状況の一覧です。,2026-08-24T00:33+09:00,ref:E4321300042111,42710bf53af300894b8f,宇城市,宇城市立松合体育館,未開設(Web開設一覧に掲載なし),false,,,熊本県宇城市不知火町松合168-1,,unchanged,未開設(Web開設一覧に掲載なし),,,https://portal.bousai.pref.kumamoto.jp/sp.html?p=evacuation%2Fshelter&l=15-0&ll=32.63819999999999%2C130.77610000000004&z=9&municipalityCd=430005,a07011c2f0068132010d24ca2fec45e9b96e6fb528f2f62f899ac1418923a458,"{""ルート検索"": """", ""住所"": ""熊本県宇城市不知火町松合168-1"", ""市町村"": ""宇城市"", ""混雑状況"": """", ""避難所名"": ""宇城市立松合体育館"", ""開設状況"": ""未開設（Web開設一覧に掲載なし）""}",matched,exact_name_address,1.000,1,125,E4321300042111,E4321300042111,宇城市立松合体育館,熊本県宇城市不知火町松合168-1,1,,,32.63063028,130.6077192,"[{""共通ID"": ""E4321300042111"", ""経度"": ""130.6077192"", ""緯度"": ""32.63063028""}]",,"[{""NO"": ""125"", ""その他市町村長が必要と認める事項"": """", ""住所"": ""熊本県宇城市不知火町松合168-1"", ""備考"": """", ""共通ID"": ""E4321300042111"", ""受入対象者"": """", ""指定緊急避難場所との住所同一"": ""1"", ""施設・場所名"": ""宇城市立松合体育館"", ""経度"": ""130.6077192"", ""緯度"": ""32.63063028""}]",[],reference/43000_1.csv,826df538e39b2b9a92263df3923cbb095581fd79ac7a5fb050202dbd899c7c44,,,,,,unmatched,no_candidate,,,,,,unmatched,manual_no_match,,,32.63063028,130.6077192,gsi_reference,reference_latitude_longitude,complete
2026-08-24,2026-08-24T00:33:05+09:00,26/08/24 00:33時点の避難所状況の一覧です。,2026-08-24T00:33+09:00,ref:E4321300041111,e375b1145a8163cd54cf,宇城市,宇城市立松合小学校体育館,未開設(Web開設一覧に掲載なし),false,,,熊本県宇城市不知火町松合1578,,unchanged,未開設(Web開設一覧に掲載なし),,,https://portal.bousai.pref.kumamoto.jp/sp.html?p=evacuation%2Fshelter&l=15-0&ll=32.63819999999999%2C130.77610000000004&z=9&municipalityCd=430005,053ec7cee0feb4d64c661cdd7be2d2dcb581ff56ea4708b9a119b483e27fb798,"{""ルート検索"": """", ""住所"": ""熊本県宇城市不知火町松合1578"", ""市町村"": ""宇城市"", ""混雑状況"": """", ""避難所名"": ""宇城市立松合小学校体育館"", ""開設状況"": ""未開設（Web開設一覧に掲載なし）""}",matched,exact_name_address,1.000,1,123,E4321300041111,E4321300041111,宇城市立松合小学校体育館,熊本県宇城市不知火町松合1578,1,,,32.633744187261,130.60450273916,"[{""共通ID"": ""E4321300041111"", ""経度"": ""130.60450273916"", ""緯度"": ""32.633744187261""}]",,"[{""NO"": ""123"", ""その他市町村長が必要と認める事項"": """", ""住所"": ""熊本県宇城市不知火町松合1578"", ""備考"": """", ""共通ID"": ""E4321300041111"", ""受入対象者"": """", ""指定緊急避難場所との住所同一"": ""1"", ""施設・場所名"": ""宇城市立松合小学校体育館"", ""経度"": ""130.60450273916"", ""緯度"": ""32.633744187261""}]",[],reference/43000_1.csv,826df538e39b2b9a92263df3923cbb095581fd79ac7a5fb050202dbd899c7c44,,,,,,ambiguous,coordinate_near_tie,,,,,,unmatched,manual_no_match,,,32.633744187261,130.60450273916,gsi_reference,reference_latitude_longitude,complete
2026-08-24,2026-08-24T00:33:05+09:00,26/08/24 00:33時点の避難所状況の一覧です。,2026-08-24T00:33+09:00,ref:E4321300026111,c84bedc027c2a4cfade1,宇城市,宇城市立松橋中学校体育館,未開設(Web開設一覧に掲載なし),false,,,熊本県宇城市松橋町松橋522-1,,unchanged,未開設(Web開設一覧に掲載なし),,,https://portal.bousai.pref.kumamoto.jp/sp.html?p=evacuation%2Fshelter&l=15-0&ll=32.63819999999999%2C130.77610000000004&z=9&municipalityCd=430005,25d99431e1776cb8570db6d00256866792e931996c1e7717695fb5788f67fc5b,"{""ルート検索"": """", ""住所"": ""熊本県宇城市松橋町松橋522-1"", ""市町村"": ""宇城市"", ""混雑状況"": """", ""避難所名"": ""宇城市立松橋中学校体育館"", ""開設状況"": ""未開設（Web開設一覧に掲載なし）""}",matched,exact_name_address,1.000,1,107,E4321300026111,E4321300026111,宇城市立松橋中学校体育館,熊本県宇城市松橋町松橋522-1,1,,,32.6504737979814,130.681744567655,"[{""共通ID"": ""E4321300026111"", ""経度"": ""130.681744567655"", ""緯度"": ""32.6504737979814""}]",,"[{""NO"": ""107"", ""その他市町村長が必要と認める事項"": """", ""住所"": ""熊本県宇城市松橋町松橋522-1"", ""備考"": """", ""共通ID"": ""E4321300026111"", ""受入対象者"": """", ""指定緊急避難場所との住所同一"": ""1"", ""施設・場所名"": ""宇城市立松橋中学校体育館"", ""経度"": ""130.681744567655"", ""緯度"": ""32.6504737979814""}]",[],reference/43000_1.csv,826df538e39b2b9a92263df3923cbb095581fd79ac7a5fb050202dbd899c7c44,,,,,,unmatched,fuzzy_below_threshold,0.836,,,,,unmatched,manual_no_match,,,32.6504737979814,130.681744567655,gsi_reference,reference_latitude_longitude,complete
2026-08-24,2026-08-24T00:33:05+09:00,26/08/24 00:33時点の避難所状況の一覧です。,2026-08-24T00:33+09:00,ref:E4321300022111,da73c1cf3cf41cba7d10,宇城市,宇城市立松橋小学校体育館,未開設(Web開設一覧に掲載なし),false,,,熊本県宇城市松橋町松橋1666,,unchanged,未開設(Web開設一覧に掲載なし),,,https://portal.bousai.pref.kumamoto.jp/sp.html?p=evacuation%2Fshelter&l=15-0&ll=32.63819999999999%2C130.77610000000004&z=9&municipalityCd=430005,9a4e76b0f060b7042f0a9ef707292d275dd43fc98e8f5ab505c57b8e1be05698,"{""ルート検索"": """", ""住所"": ""熊本県宇城市松橋町松橋1666"", ""市町村"": ""宇城市"", ""混雑状況"": """", ""避難所名"": ""宇城市立松橋小学校体育館"", ""開設状況"": ""未開設（Web開設一覧に掲載なし）""}",matched,exact_name_address,1.000,1,105,E4321300022111,E4321300022111,宇城市立松橋小学校体育館,熊本県宇城市松橋町松橋1666,1,,,32.6568996602834,130.68596018065,"[{""共通ID"": ""E4321300022111"", ""経度"": ""130.68596018065"", ""緯度"": ""32.6568996602834""}]",,"[{""NO"": ""105"", ""その他市町村長が必要と認める事項"": """", ""住所"": ""熊本県宇城市松橋町松橋1666"", ""備考"": """", ""共通ID"": ""E4321300022111"", ""受入対象者"": """", ""指定緊急避難場所との住所同一"": ""1"", ""施設・場所名"": ""宇城市立松橋小学校体育館"", ""経度"": ""130.68596018065"", ""緯度"": ""32.6568996602834""}]",[],reference/43000_1.csv,826df538e39b2b9a92263df3923cbb095581fd79ac7a5fb050202dbd899c7c44,,,,,,unmatched,fuzzy_below_threshold,0.836,,,,,unmatched,manual_no_match,,,32.6568996602834,130.68596018065,gsi_reference,reference_latitude_longitude,complete
2026-08-24,2026-08-24T00:33:05+09:00,26/08/24 00:33時点の避難所状況の一覧です。,2026-08-24T00:33+09:00,ref:E4321300001111,eed758db4f10af0fe180,宇城市,宇城市立青海小学校体育館,未開設(Web開設一覧に掲載なし),false,,,熊本県宇城市三角町郡浦88,,unchanged,未開設(Web開設一覧に掲載なし),,,https://portal.bousai.pref.kumamoto.jp/sp.html?p=evacuation%2Fshelter&l=15-0&ll=32.63819999999999%2C130.77610000000004&z=9&municipalityCd=430005,76969b099432a6437db42d8aaa251453e85122d2ddeff8e77b349ac05d199196,"{""ルート検索"": """", ""住所"": ""熊本県宇城市三角町郡浦88"", ""市町村"": ""宇城市"", ""混雑状況"": """", ""避難所名"": ""宇城市立青海小学校体育館"", ""開設状況"": ""未開設（Web開設一覧に掲載なし）""}",matched,exact_name_address,1.000,1,86,E4321300001111,E4321300001111,宇城市立青海小学校体育館,熊本県宇城市三角町郡浦88,1,,,32.6235740397574,130.529011538301,"[{""共通ID"": ""E4321300001111"", ""経度"": ""130.529011538301"", ""緯度"": ""32.6235740397574""}]",,"[{""NO"": ""86"", ""その他市町村長が必要と認める事項"": """", ""住所"": ""熊本県宇城市三角町郡浦88"", ""備考"": """", ""共通ID"": ""E4321300001111"", ""受入対象者"": """", ""指定緊急避難場所との住所同一"": ""1"", ""施設・場所名"": ""宇城市立青海小学校体育館"", ""経度"": ""130.529011538301"", ""緯度"": ""32.6235740397574""}]",[],reference/43000_1.csv,826df538e39b2b9a92263df3923cbb095581fd79ac7a5fb050202dbd899c7c44,,,,,,unmatched,fuzzy_below_threshold,0.836,,,,,unmatched,manual_no_match,,,32.6235740397574,130.529011538301,gsi_reference,reference_latitude_longitude,complete
2026-08-24,2026-08-24T00:33:05+09:00,26/08/24 00:33時点の避難所状況の一覧です。,2026-08-24T00:33+09:00,ref:E4321300005111,a863338604312b4380bf,宇城市,宇城市郡浦地区市民館,未開設(Web開設一覧に掲載なし),false,,,熊本県宇城市三角町中村1165,,unchanged,未開設(Web開設一覧に掲載なし),,,https://portal.bousai.pref.kumamoto.jp/sp.html?p=evacuation%2Fshelter&l=15-0&ll=32.63819999999999%2C130.77610000000004&z=9&municipalityCd=430005,3b3678e2055d5405e937e4832a111610caefa33356167f6f266b27f9ef800b64,"{""ルート検索"": """", ""住所"": ""熊本県宇城市三角町中村1165"", ""市町村"": ""宇城市"", ""混雑状況"": """", ""避難所名"": ""宇城市郡浦地区市民館"", ""開設状況"": ""未開設（Web開設一覧に掲載なし）""}",matched,exact_name_address,1.000,1,90,E4321300005111,E4321300005111,宇城市郡浦地区市民館,熊本県宇城市三角町中村1165,1,,,32.6255795,130.5207601,"[{""共通ID"": ""E4321300005111"", ""経度"": ""130.5207601"", ""緯度"": ""32.6255795""}]",,"[{""NO"": ""90"", ""その他市町村長が必要と認める事項"": """", ""住所"": ""熊本県宇城市三角町中村1165"", ""備考"": """", ""共通ID"": ""E4321300005111"", ""受入対象者"": """", ""指定緊急避難場所との住所同一"": ""1"", ""施設・場所名"": ""宇城市郡浦地区市民館"", ""経度"": ""130.5207601"", ""緯度"": ""32.6255795""}]",[],reference/43000_1.csv,826df538e39b2b9a92263df3923cbb095581fd79ac7a5fb050202dbd899c7c44,,,,,,unmatched,fuzzy_below_threshold,0.855,,,,,unmatched,manual_no_match,,,32.6255795,130.5207601,gsi_reference,reference_latitude_longitude,complete
2026-08-24,2026-08-24T00:33:05+09:00,26/08/24 00:33時点の避難所状況の一覧です。,2026-08-24T00:33+09:00,ref:E4321300019111,764322bb3dc0bdb7e57c,宇城市,小川工業高等学校,未開設(Web開設一覧に掲載なし),false,,,熊本県宇城市小川町北新田770,,unchanged,未開設(Web開設一覧に掲載なし),,,https://portal.bousai.pref.kumamoto.jp/sp.html?p=evacuation%2Fshelter&l=15-0&ll=32.63819999999999%2C130.77610000000004&z=9&municipalityCd=430005,c14f5d77e092aef05bc83aee6294291b28bc89351ab72930c9a2ba450851cb3f,"{""ルート検索"": """", ""住所"": ""熊本県宇城市小川町北新田770"", ""市町村"": ""宇城市"", ""混雑状況"": """", ""避難所名"": ""小川工業高等学校"", ""開設状況"": ""未開設（Web開設一覧に掲載なし）""}",matched,exact_name_address,1.000,1,102,E4321300019111,E4321300019111,小川工業高等学校,熊本県宇城市小川町北新田770,1,,,32.604858,130.697691,"[{""共通ID"": ""E4321300019111"", ""経度"": ""130.697691"", ""緯度"": ""32.604858""}]",,"[{""NO"": ""102"", ""その他市町村長が必要と認める事項"": """", ""住所"": ""熊本県宇城市小川町北新田770"", ""備考"": """", ""共通ID"": ""E4321300019111"", ""受入対象者"": """", ""指定緊急避難場所との住所同一"": ""1"", ""施設・場所名"": ""小川工業高等学校"", ""経度"": ""130.697691"", ""緯度"": ""32.604858""}]",[],reference/43000_1.csv,826df538e39b2b9a92263df3923cbb095581fd79ac7a5fb050202dbd899c7c44,,,,,,unmatched,no_candidate,,,,,,unmatched,manual_no_match,,,32.604858,130.697691,gsi_reference,reference_latitude_longitude,complete
2026-08-24,2026-08-24T00:33:05+09:00,26/08/24 00:33時点の避難所状況の一覧です。,2026-08-24T00:33+09:00,ref:E4321300032121,63c01552cf7093b7c0f9,宇城市,松橋支援学校,未開設(Web開設一覧に掲載なし),false,,,熊本県宇城市松橋町南豊崎252,,unchanged,未開設(Web開設一覧に掲載なし),,,https://portal.bousai.pref.kumamoto.jp/sp.html?p=evacuation%2Fshelter&l=15-0&ll=32.63819999999999%2C130.77610000000004&z=9&municipalityCd=430005,8e3d0c3078315b1925949ddba64467317c4eb1ba309e7db4b1e7380d9beb6114,"{""ルート検索"": """", ""住所"": ""熊本県宇城市松橋町南豊崎252"", ""市町村"": ""宇城市"", ""混雑状況"": """", ""避難所名"": ""松橋支援学校"", ""開設状況"": ""未開設（Web開設一覧に掲載なし）""}",matched,exact_name_address,1.000,1,111,E4321300032121,E4321300032121,松橋支援学校,熊本県宇城市松橋町南豊崎252,1,,要配慮者,32.623386,130.682144,"[{""共通ID"": ""E4321300032121"", ""経度"": ""130.682144"", ""緯度"": ""32.623386""}]",,"[{""NO"": ""111"", ""その他市町村長が必要と認める事項"": """", ""住所"": ""熊本県宇城市松橋町南豊崎252"", ""備考"": """", ""共通ID"": ""E4321300032121"", ""受入対象者"": ""要配慮者"", ""指定緊急避難場所との住所同一"": ""1"", ""施設・場所名"": ""松橋支援学校"", ""経度"": ""130.682144"", ""緯度"": ""32.623386""}]",[],reference/43000_1.csv,826df538e39b2b9a92263df3923cbb095581fd79ac7a5fb050202dbd899c7c44,,,,,,unmatched,no_candidate,,,,,,unmatched,manual_no_match,,,32.623386,130.682144,gsi_reference,reference_latitude_longitude,complete
2026-08-24,2026-08-24T00:33:05+09:00,26/08/24 00:33時点の避難所状況の一覧です。,2026-08-24T00:33+09:00,ref:E4321300036121,5bca852c25973587996c,宇城市,松橋東支援学校,未開設(Web開設一覧に掲載なし),false,,,熊本県宇城市松橋町豊福2910,,unchanged,未開設(Web開設一覧に掲載なし),,,https://portal.bousai.pref.kumamoto.jp/sp.html?p=evacuation%2Fshelter&l=15-0&ll=32.63819999999999%2C130.77610000000004&z=9&municipalityCd=430005,02af29155b50ce8d092011dc959cd86e3fccd58314348da172a06cb19681796d,"{""ルート検索"": """", ""住所"": ""熊本県宇城市松橋町豊福2910"", ""市町村"": ""宇城市"", ""混雑状況"": """", ""避難所名"": ""松橋東支援学校"", ""開設状況"": ""未開設（Web開設一覧に掲載なし）""}",matched,exact_name_address,1.000,1,117,E4321300036121,E4321300036121,松橋東支援学校,熊本県宇城市松橋町豊福2910,1,,要配慮者,32.6444388357829,130.700077029674,"[{""共通ID"": ""E4321300036121"", ""経度"": ""130.700077029674"", ""緯度"": ""32.6444388357829""}]",,"[{""NO"": ""117"", ""その他市町村長が必要と認める事項"": """", ""住所"": ""熊本県宇城市松橋町豊福2910"", ""備考"": """", ""共通ID"": ""E4321300036121"", ""受入対象者"": ""要配慮者"", ""指定緊急避難場所との住所同一"": ""1"", ""施設・場所名"": ""松橋東支援学校"", ""経度"": ""130.700077029674"", ""緯度"": ""32.6444388357829""}]",[],reference/43000_1.csv,826df538e39b2b9a92263df3923cbb095581fd79ac7a5fb050202dbd899c7c44,,,,,,unmatched,no_candidate,,,,,,unmatched,manual_no_match,,,32.6444388357829,130.700077029674,gsi_reference,reference_latitude_longitude,complete
2026-08-24,2026-08-24T00:33:05+09:00,26/08/24 00:33時点の避難所状況の一覧です。,2026-08-24T00:33+09:00,ref:E4321300023121,35239723e87b95e3720f,宇城市,松橋西支援学校,未開設(Web開設一覧に掲載なし),false,,,熊本県宇城市松橋町松橋308-1,,unchanged,未開設(Web開設一覧に掲載なし),,,https://portal.bousai.pref.kumamoto.jp/sp.html?p=evacuation%2Fshelter&l=15-0&ll=32.63819999999999%2C130.77610000000004&z=9&municipalityCd=430005,a108ba2091d9daad270c0d73b9946781ab4c9c42e179fd2df27f284e7431eacf,"{""ルート検索"": """", ""住所"": ""熊本県宇城市松橋町松橋308-1"", ""市町村"": ""宇城市"", ""混雑状況"": """", ""避難所名"": ""松橋西支援学校"", ""開設状況"": ""未開設（Web開設一覧に掲載なし）""}",matched,exact_name_address,1.000,1,106,E4321300023121,E4321300023121,松橋西支援学校,熊本県宇城市松橋町松橋308-1,1,,要配慮者,32.647345,130.67912,"[{""共通ID"": ""E4321300023121"", ""経度"": ""130.67912"", ""緯度"": ""32.647345""}]",,"[{""NO"": ""106"", ""その他市町村長が必要と認める事項"": """", ""住所"": ""熊本県宇城市松橋町松橋308-1"", ""備考"": """", ""共通ID"": ""E4321300023121"", ""受入対象者"": ""要配慮者"", ""指定緊急避難場所との住所同一"": ""1"", ""施設・場所名"": ""松橋西支援学校"", ""経度"": ""130.67912"", ""緯度"": ""32.647345""}]",[],reference/43000_1.csv,826df538e39b2b9a92263df3923cbb095581fd79ac7a5fb050202dbd899c7c44,,,,,,unmatched,no_candidate,,,,,,unmatched,manual_no_match,,,32.647345,130.67912,gsi_reference,reference_latitude_longitude,complete
2026-08-24,2026-08-24T00:33:05+09:00,26/08/24 00:33時点の避難所状況の一覧です。,2026-08-24T00:33+09:00,ref:E4321300020111,a93b9f1611186f8269c3,宇城市,松橋高等学校,未開設(Web開設一覧に掲載なし),false,,,熊本県宇城市松橋町久具300,,unchanged,未開設(Web開設一覧に掲載なし),,,https://portal.bousai.pref.kumamoto.jp/sp.html?p=evacuation%2Fshelter&l=15-0&ll=32.63819999999999%2C130.77610000000004&z=9&municipalityCd=430005,bab0042333c595ea4e7d9793a705649a300ab80955da82190822a195bfc5fe6d,"{""ルート検索"": """", ""住所"": ""熊本県宇城市松橋町久具300"", ""市町村"": ""宇城市"", ""混雑状況"": """", ""避難所名"": ""松橋高等学校"", ""開設状況"": ""未開設（Web開設一覧に掲載なし）""}",matched,exact_name_address,1.000,1,103,E4321300020111,E4321300020111,松橋高等学校,熊本県宇城市松橋町久具300,1,,,32.647648,130.685865,"[{""共通ID"": ""E4321300020111"", ""経度"": ""130.685865"", ""緯度"": ""32.647648""}]",,"[{""NO"": ""103"", ""その他市町村長が必要と認める事項"": """", ""住所"": ""熊本県宇城市松橋町久具300"", ""備考"": """", ""共通ID"": ""E4321300020111"", ""受入対象者"": """", ""指定緊急避難場所との住所同一"": ""1"", ""施設・場所名"": ""松橋高等学校"", ""経度"": ""130.685865"", ""緯度"": ""32.647648""}]",[],reference/43000_1.csv,826df538e39b2b9a92263df3923cbb095581fd79ac7a5fb050202dbd899c7c44,,,,,,unmatched,no_candidate,,,,,,unmatched,manual_no_match,,,32.647648,130.685865,gsi_reference,reference_latitude_longitude,complete
2026-08-24,2026-08-24T00:33:05+09:00,26/08/24 00:33時点の避難所状況の一覧です。,2026-08-24T00:33+09:00,ref:E4342400033111,0246a28c6f5802e5963b,小国町,JA情報企画センター,未開設(Web開設一覧に掲載なし),false,,,熊本県小国町大字宮原2300,,unchanged,未開設(Web開設一覧に掲載なし),,,https://portal.bousai.pref.kumamoto.jp/sp.html?p=evacuation%2Fshelter&l=15-0&ll=32.63819999999999%2C130.77610000000004&z=9&municipalityCd=430005,beaafdab14d481fbb9dc51532c822b4999e91bf3907150d9f82412108d4f2da6,"{""ルート検索"": """", ""住所"": ""熊本県小国町大字宮原2300"", ""市町村"": ""小国町"", ""混雑状況"": """", ""避難所名"": ""JA情報企画センター"", ""開設状況"": ""未開設（Web開設一覧に掲載なし）""}",matched,exact_name_address,1.000,1,823,E4342400033111,E4342400033111,JA情報企画センター,熊本県小国町大字宮原2300,1,,,33.111998857386,131.06215970312,"[{""共通ID"": ""E4342400033111"", ""経度"": ""131.06215970312"", ""緯度"": ""33.111998857386""}]",,"[{""NO"": ""823"", ""その他市町村長が必要と認める事項"": """", ""住所"": ""熊本県小国町大字宮原2300"", ""備考"": """", ""共通ID"": ""E4342400033111"", ""受入対象者"": """", ""指定緊急避難場所との住所同一"": ""1"", ""施設・場所名"": ""JA情報企画センター"", ""経度"": ""131.06215970312"", ""緯度"": ""33.111998857386""}]",[],reference/43000_1.csv,826df538e39b2b9a92263df3923cbb095581fd79ac7a5fb050202dbd899c7c44,,,,,,ambiguous,coordinate_near_tie,,,,,,unmatched,manual_no_match,,,33.111998857386,131.06215970312,gsi_reference,reference_latitude_longitude,complete
2026-08-24,2026-08-24T00:33:05+09:00,26/08/24 00:33時点の避難所状況の一覧です。,2026-08-24T00:33+09:00,ref:E4342400029111,762e5f2e8fc316000bd0,小国町,小国中学校体育館,未開設(Web開設一覧に掲載なし),false,,,熊本県小国町大字宮原200-1,,unchanged,未開設(Web開設一覧に掲載なし),,,https://portal.bousai.pref.kumamoto.jp/sp.html?p=evacuation%2Fshelter&l=15-0&ll=32.63819999999999%2C130.77610000000004&z=9&municipalityCd=430005,7d92a9af93ae35fa1ff1272131c9e5f3941887eb99d625af44c6d043f2c6a80c,"{""ルート検索"": """", ""住所"": ""熊本県小国町大字宮原200-1"", ""市町村"": ""小国町"", ""混雑状況"": """", ""避難所名"": ""小国中学校体育館"", ""開設状況"": ""未開設（Web開設一覧に掲載なし）""}",matched,exact_name_address,1.000,1,821,E4342400029111,E4342400029111,小国中学校体育館,熊本県小国町大字宮原200-1,1,,,33.117851965895,131.07333090295,"[{""共通ID"": ""E4342400029111"", ""経度"": ""131.07333090295"", ""緯度"": ""33.117851965895""}]",,"[{""NO"": ""821"", ""その他市町村長が必要と認める事項"": """", ""住所"": ""熊本県小国町大字宮原200-1"", ""備考"": """", ""共通ID"": ""E4342400029111"", ""受入対象者"": """", ""指定緊急避難場所との住所同一"": ""1"", ""施設・場所名"": ""小国中学校体育館"", ""経度"": ""131.07333090295"", ""緯度"": ""33.117851965895""}]",[],reference/43000_1.csv,826df538e39b2b9a92263df3923cbb095581fd79ac7a5fb050202dbd899c7c44,,,,,,unmatched,no_candidate,,,,,,unmatched,manual_no_match,,,33.117851965895,131.07333090295,gsi_reference,reference_latitude_longitude,complete
2026-08-24,2026-08-24T00:33:05+09:00,26/08/24 00:33時点の避難所状況の一覧です。,2026-08-24T00:33+09:00,ref:E4342400024111,6ba7070dd92b76450d4b,小国町,小国小学校体育館,未開設(Web開設一覧に掲載なし),false,,,熊本県小国町大字宮原172-1,,unchanged,未開設(Web開設一覧に掲載なし),,,https://portal.bousai.pref.kumamoto.jp/sp.html?p=evacuation%2Fshelter&l=15-0&ll=32.63819999999999%2C130.77610000000004&z=9&municipalityCd=430005,3cb2fa55a02366751670776aa10aee0ca1c0c8079a238924a870f5967e33ba92,"{""ルート検索"": """", ""住所"": ""熊本県小国町大字宮原172-1"", ""市町村"": ""小国町"", ""混雑状況"": """", ""避難所名"": ""小国小学校体育館"", ""開設状況"": ""未開設（Web開設一覧に掲載なし）""}",matched,exact_name_address,1.000,1,817,E4342400024111,E4342400024111,小国小学校体育館,熊本県小国町大字宮原172-1,1,,,33.119018779878,131.07222583282,"[{""共通ID"": ""E4342400024111"", ""経度"": ""131.07222583282"", ""緯度"": ""33.119018779878""}]",,"[{""NO"": ""817"", ""その他市町村長が必要と認める事項"": """", ""住所"": ""熊本県小国町大字宮原172-1"", ""備考"": """", ""共通ID"": ""E4342400024111"", ""受入対象者"": """", ""指定緊急避難場所との住所同一"": ""1"", ""施設・場所名"": ""小国小学校体育館"", ""経度"": ""131.07222583282"", ""緯度"": ""33.119018779878""}]",[],reference/43000_1.csv,826df538e39b2b9a92263df3923cbb095581fd79ac7a5fb050202dbd899c7c44,,,,,,unmatched,no_candidate,,,,,,unmatched,manual_no_match,,,33.119018779878,131.07222583282,gsi_reference,reference_latitude_longitude,complete
2026-08-24,2026-08-24T00:33:05+09:00,26/08/24 00:33時点の避難所状況の一覧です。,2026-08-24T00:33+09:00,ref:E4342400052111,4e071c689c72a4c2a28c,小国町,西里多目的集会場,未開設(Web開設一覧に掲載なし),false,,,熊本県小国町大字西里1838-3,,unchanged,未開設(Web開設一覧に掲載なし),,,https://portal.bousai.pref.kumamoto.jp/sp.html?p=evacuation%2Fshelter&l=15-0&ll=32.63819999999999%2C130.77610000000004&z=9&municipalityCd=430005,64a4e068e9513dd62e6220bd2fc23a77fc246fe921291fc4c00540e852cb7bda,"{""ルート検索"": """", ""住所"": ""熊本県小国町大字西里1838-3"", ""市町村"": ""小国町"", ""混雑状況"": """", ""避難所名"": ""西里多目的集会場"", ""開設状況"": ""未開設（Web開設一覧に掲載なし）""}",matched,exact_name_address,1.000,1,831,E4342400052111,E4342400052111,西里多目的集会場,熊本県小国町大字西里1838-3,1,,,33.159351939102,131.10963252193,"[{""共通ID"": ""E4342400052111"", ""経度"": ""131.10963252193"", ""緯度"": ""33.159351939102""}]",,"[{""NO"": ""831"", ""その他市町村長が必要と認める事項"": """", ""住所"": ""熊本県小国町大字西里1838-3"", ""備考"": """", ""共通ID"": ""E4342400052111"", ""受入対象者"": """", ""指定緊急避難場所との住所同一"": ""1"", ""施設・場所名"": ""西里多目的集会場"", ""経度"": ""131.10963252193"", ""緯度"": ""33.159351939102""}]",[],reference/43000_1.csv,826df538e39b2b9a92263df3923cbb095581fd79ac7a5fb050202dbd899c7c44,,,,,,unmatched,fuzzy_below_threshold,0.897,,,,,unmatched,manual_no_match,,,33.159351939102,131.10963252193,gsi_reference,reference_latitude_longitude,complete
2026-08-24,2026-08-24T00:33:05+09:00,26/08/24 00:33時点の避難所状況の一覧です。,2026-08-24T00:33+09:00,ref:E4342400040121,70aec68235e97be98d33,小国町,養護老人ホーム悠和の里,未開設(Web開設一覧に掲載なし),false,,,熊本県小国町大字宮原741-3,,unchanged,未開設(Web開設一覧に掲載なし),,,https://portal.bousai.pref.kumamoto.jp/sp.html?p=evacuation%2Fshelter&l=15-0&ll=32.63819999999999%2C130.77610000000004&z=9&municipalityCd=430005,4145f26ce5038f0b306fbfc34a141d677f0298d15e84f1db63113744dffa20bf,"{""ルート検索"": """", ""住所"": ""熊本県小国町大字宮原741-3"", ""市町村"": ""小国町"", ""混雑状況"": """", ""避難所名"": ""養護老人ホーム悠和の里"", ""開設状況"": ""未開設（Web開設一覧に掲載なし）""}",matched,exact_name_address,1.000,1,826,E4342400040121,E4342400040121,養護老人ホーム悠和の里,熊本県小国町大字宮原741-3,,,要配慮者,33.124987441472,131.06778152743,"[{""共通ID"": ""E4342400040121"", ""経度"": ""131.06778152743"", ""緯度"": ""33.124987441472""}]",,"[{""NO"": ""826"", ""その他市町村長が必要と認める事項"": """", ""住所"": ""熊本県小国町大字宮原741-3"", ""備考"": """", ""共通ID"": ""E4342400040121"", ""受入対象者"": ""要配慮者"", ""指定緊急避難場所との住所同一"": """", ""施設・場所名"": ""養護老人ホーム悠和の里"", ""経度"": ""131.06778152743"", ""緯度"": ""33.124987441472""}]",[],reference/43000_1.csv,826df538e39b2b9a92263df3923cbb095581fd79ac7a5fb050202dbd899c7c44,,,,,,unmatched,no_candidate,,,,,,unmatched,manual_no_match,,,33.124987441472,131.06778152743,gsi_reference,reference_latitude_longitude,complete
2026-08-24,2026-08-24T00:33:05+09:00,26/08/24 00:33時点の避難所状況の一覧です。,2026-08-24T00:33+09:00,ref:E4351200018111,d437bde193aff50a9cb9,山江村,丸岡公園農村広場,未開設(Web開設一覧に掲載なし),false,,,熊本県山江村大字万江字丸岡675-3,,unchanged,未開設(Web開設一覧に掲載なし),,,https://portal.bousai.pref.kumamoto.jp/sp.html?p=evacuation%2Fshelter&l=15-0&ll=32.63819999999999%2C130.77610000000004&z=9&municipalityCd=430005,3951744e0cfcf3390ee967358a053029cd1bf904e87e898516f35d700e376aed,"{""ルート検索"": """", ""住所"": ""熊本県山江村大字万江字丸岡675-3"", ""市町村"": ""山江村"", ""混雑状況"": """", ""避難所名"": ""丸岡公園農村広場"", ""開設状況"": ""未開設（Web開設一覧に掲載なし）""}",matched,exact_name_address,1.000,1,742,E4351200018111,E4351200018111,丸岡公園農村広場,熊本県山江村大字万江字丸岡675-3,1,,,32.257328,130.755067,"[{""共通ID"": ""E4351200018111"", ""経度"": ""130.755067"", ""緯度"": ""32.257328""}]",車中泊用避難所,"[{""NO"": ""742"", ""その他市町村長が必要と認める事項"": """", ""住所"": ""熊本県山江村大字万江字丸岡675-3"", ""備考"": ""車中泊用避難所"", ""共通ID"": ""E4351200018111"", ""受入対象者"": """", ""指定緊急避難場所との住所同一"": ""1"", ""施設・場所名"": ""丸岡公園農村広場"", ""経度"": ""130.755067"", ""緯度"": ""32.257328""}]",[],reference/43000_1.csv,826df538e39b2b9a92263df3923cbb095581fd79ac7a5fb050202dbd899c7c44,,,,,,unmatched,no_candidate,,,,,,unmatched,manual_no_match,,,32.257328,130.755067,gsi_reference,reference_latitude_longitude,complete
2026-08-24,2026-08-24T00:33:05+09:00,26/08/24 00:33時点の避難所状況の一覧です。,2026-08-24T00:33+09:00,ref:E4351200011121,3da5d5c0732202dc713f,山江村,小規模多機能ホーム黎明館,未開設(Web開設一覧に掲載なし),false,,,熊本県山江村大字山田丁26,,unchanged,未開設(Web開設一覧に掲載なし),,,https://portal.bousai.pref.kumamoto.jp/sp.html?p=evacuation%2Fshelter&l=15-0&ll=32.63819999999999%2C130.77610000000004&z=9&municipalityCd=430005,0a2b22eeec56f184c74aa8dc2e7ffe4b4bc0a8611d9233c9293f634ae136b102,"{""ルート検索"": """", ""住所"": ""熊本県山江村大字山田丁26"", ""市町村"": ""山江村"", ""混雑状況"": """", ""避難所名"": ""小規模多機能ホーム黎明館"", ""開設状況"": ""未開設（Web開設一覧に掲載なし）""}",matched,exact_name_address,1.000,1,737,E4351200011121,E4351200011121,小規模多機能ホーム黎明館,熊本県山江村大字山田丁26,,,要配慮者,32.250807,130.769539,"[{""共通ID"": ""E4351200011121"", ""経度"": ""130.769539"", ""緯度"": ""32.250807""}]",,"[{""NO"": ""737"", ""その他市町村長が必要と認める事項"": """", ""住所"": ""熊本県山江村大字山田丁26"", ""備考"": """", ""共通ID"": ""E4351200011121"", ""受入対象者"": ""要配慮者"", ""指定緊急避難場所との住所同一"": """", ""施設・場所名"": ""小規模多機能ホーム黎明館"", ""経度"": ""130.769539"", ""緯度"": ""32.250807""}]",[],reference/43000_1.csv,826df538e39b2b9a92263df3923cbb095581fd79ac7a5fb050202dbd899c7c44,,,,,,unmatched,no_candidate,,,,,,unmatched,manual_no_match,,,32.250807,130.769539,gsi_reference,reference_latitude_longitude,complete
2026-08-24,2026-08-24T00:33:05+09:00,26/08/24 00:33時点の避難所状況の一覧です。,2026-08-24T00:33+09:00,ref:E4351200013112,528ea834d13ad21f165a,山江村,山江中学校グラウンド,未開設(Web開設一覧に掲載なし),false,,,熊本県山江村大字山田丁60,,unchanged,未開設(Web開設一覧に掲載なし),,,https://portal.bousai.pref.kumamoto.jp/sp.html?p=evacuation%2Fshelter&l=15-0&ll=32.63819999999999%2C130.77610000000004&z=9&municipalityCd=430005,85e37d9b1b4fbee5b94513e7c445b0c48717ff871d0c1074bdc556a23d8389c5,"{""ルート検索"": """", ""住所"": ""熊本県山江村大字山田丁60"", ""市町村"": ""山江村"", ""混雑状況"": """", ""避難所名"": ""山江中学校グラウンド"", ""開設状況"": ""未開設（Web開設一覧に掲載なし）""}",matched,exact_name_address,1.000,1,738,E4351200013112,E4351200013112,山江中学校グラウンド,熊本県山江村大字山田丁60,1,,,32.251644,130.770341,"[{""共通ID"": ""E4351200013112"", ""経度"": ""130.770341"", ""緯度"": ""32.251644""}]",車中泊用避難所,"[{""NO"": ""738"", ""その他市町村長が必要と認める事項"": """", ""住所"": ""熊本県山江村大字山田丁60"", ""備考"": ""車中泊用避難所"", ""共通ID"": ""E4351200013112"", ""受入対象者"": """", ""指定緊急避難場所との住所同一"": ""1"", ""施設・場所名"": ""山江中学校グラウンド"", ""経度"": ""130.770341"", ""緯度"": ""32.251644""}]",[],reference/43000_1.csv,826df538e39b2b9a92263df3923cbb095581fd79ac7a5fb050202dbd899c7c44,,,,,,unmatched,no_candidate,,,,,,unmatched,manual_no_match,,,32.251644,130.770341,gsi_reference,reference_latitude_longitude,complete
2026-08-24,2026-08-24T00:33:05+09:00,26/08/24 00:33時点の避難所状況の一覧です。,2026-08-24T00:33+09:00,ref:E4351200017111,2c9ade2a4b4c457c7648,山江村,山江保育園,未開設(Web開設一覧に掲載なし),false,,,熊本県山江村大字山田丁189,,unchanged,未開設(Web開設一覧に掲載なし),,,https://portal.bousai.pref.kumamoto.jp/sp.html?p=evacuation%2Fshelter&l=15-0&ll=32.63819999999999%2C130.77610000000004&z=9&municipalityCd=430005,c6765bfefc18bf3b14dbc174819f4dd454e20939b1962781030e52e93e16a48b,"{""ルート検索"": """", ""住所"": ""熊本県山江村大字山田丁189"", ""市町村"": ""山江村"", ""混雑状況"": """", ""避難所名"": ""山江保育園"", ""開設状況"": ""未開設（Web開設一覧に掲載なし）""}",matched,exact_name_address,1.000,1,735,E4351200017111,E4351200017111,山江保育園,熊本県山江村大字山田丁189,1,,,32.252306,130.770995,"[{""共通ID"": ""E4351200017111"", ""経度"": ""130.770995"", ""緯度"": ""32.252306""}]",,"[{""NO"": ""735"", ""その他市町村長が必要と認める事項"": """", ""住所"": ""熊本県山江村大字山田丁189"", ""備考"": """", ""共通ID"": ""E4351200017111"", ""受入対象者"": """", ""指定緊急避難場所との住所同一"": ""1"", ""施設・場所名"": ""山江保育園"", ""経度"": ""130.770995"", ""緯度"": ""32.252306""}]",[],reference/43000_1.csv,826df538e39b2b9a92263df3923cbb095581fd79ac7a5fb050202dbd899c7c44,,,,,,unmatched,no_candidate,,,,,,unmatched,manual_no_match,,,32.252306,130.770995,gsi_reference,reference_latitude_longitude,complete
2026-08-24,2026-08-24T00:33:05+09:00,26/08/24 00:33時点の避難所状況の一覧です。,2026-08-24T00:33+09:00,ref:E4351200003112,2b7d7c3add5de92785de,山江村,山田小学校グラウンド,未開設(Web開設一覧に掲載なし),false,,,熊本県山江村大字山田乙2030,,unchanged,未開設(Web開設一覧に掲載なし),,,https://portal.bousai.pref.kumamoto.jp/sp.html?p=evacuation%2Fshelter&l=15-0&ll=32.63819999999999%2C130.77610000000004&z=9&municipalityCd=430005,26f5407a2e05ae5113118c7d5bcdb8e245663194cbf134f6e6051b4086e55ec8,"{""ルート検索"": """", ""住所"": ""熊本県山江村大字山田乙2030"", ""市町村"": ""山江村"", ""混雑状況"": """", ""避難所名"": ""山田小学校グラウンド"", ""開設状況"": ""未開設（Web開設一覧に掲載なし）""}",matched,exact_name_address,1.000,1,731,E4351200003112,E4351200003112,山田小学校グラウンド,熊本県山江村大字山田乙2030,1,,,32.243164,130.773511,"[{""共通ID"": ""E4351200003112"", ""経度"": ""130.773511"", ""緯度"": ""32.243164""}]",車中泊用避難所,"[{""NO"": ""731"", ""その他市町村長が必要と認める事項"": """", ""住所"": ""熊本県山江村大字山田乙2030"", ""備考"": ""車中泊用避難所"", ""共通ID"": ""E4351200003112"", ""受入対象者"": """", ""指定緊急避難場所との住所同一"": ""1"", ""施設・場所名"": ""山田小学校グラウンド"", ""経度"": ""130.773511"", ""緯度"": ""32.243164""}]",[],reference/43000_1.csv,826df538e39b2b9a92263df3923cbb095581fd79ac7a5fb050202dbd899c7c44,,,,,,unmatched,no_candidate,,,,,,unmatched,manual_no_match,,,32.243164,130.773511,gsi_reference,reference_latitude_longitude,complete
2026-08-24,2026-08-24T00:33:05+09:00,26/08/24 00:33時点の避難所状況の一覧です。,2026-08-24T00:33+09:00,ref:E4344700066121,c8720e610d005f473408,山都町,さくら荘,未開設(Web開設一覧に掲載なし),false,,,熊本県山都町野尻1026-1,,unchanged,未開設(Web開設一覧に掲載なし),,,https://portal.bousai.pref.kumamoto.jp/sp.html?p=evacuation%2Fshelter&l=15-0&ll=32.63819999999999%2C130.77610000000004&z=9&municipalityCd=430005,ae83cbc3f7c52cda4ff6e5a3e9695e86a0176dacbb51fc7fe6ede7d24ddc85c2,"{""ルート検索"": """", ""住所"": ""熊本県山都町野尻1026-1"", ""市町村"": ""山都町"", ""混雑状況"": """", ""避難所名"": ""さくら荘"", ""開設状況"": ""未開設（Web開設一覧に掲載なし）""}",matched,exact_name_address,1.000,1,798,E4344700066121,E4344700066121,さくら荘,熊本県山都町野尻1026-1,,,災害対策基本法第49条の10第1項規定する者,32.684859,131.011539,"[{""共通ID"": ""E4344700066121"", ""経度"": ""131.011539"", ""緯度"": ""32.684859""}]",,"[{""NO"": ""798"", ""その他市町村長が必要と認める事項"": """", ""住所"": ""熊本県山都町野尻1026-1"", ""備考"": """", ""共通ID"": ""E4344700066121"", ""受入対象者"": ""災害対策基本法第49条の10第1項規定する者"", ""指定緊急避難場所との住所同一"": """", ""施設・場所名"": ""さくら荘"", ""経度"": ""131.011539"", ""緯度"": ""32.684859""}]",[],reference/43000_1.csv,826df538e39b2b9a92263df3923cbb095581fd79ac7a5fb050202dbd899c7c44,,,,,,unmatched,no_candidate,,,,,,unmatched,manual_no_match,,,32.684859,131.011539,gsi_reference,reference_latitude_longitude,complete
2026-08-24,2026-08-24T00:33:05+09:00,26/08/24 00:33時点の避難所状況の一覧です。,2026-08-24T00:33+09:00,ref:E4344700042121,826f0cd9a3acde01fd50,山都町,はあとふる,未開設(Web開設一覧に掲載なし),false,,,熊本県山都町馬見原791-4,,unchanged,未開設(Web開設一覧に掲載なし),,,https://portal.bousai.pref.kumamoto.jp/sp.html?p=evacuation%2Fshelter&l=15-0&ll=32.63819999999999%2C130.77610000000004&z=9&municipalityCd=430005,be374a1f4d855b29a16b1841c775c7d92881ab0947c35cdc6c6b56ce2b1fe826,"{""ルート検索"": """", ""住所"": ""熊本県山都町馬見原791-4"", ""市町村"": ""山都町"", ""混雑状況"": """", ""避難所名"": ""はあとふる"", ""開設状況"": ""未開設（Web開設一覧に掲載なし）""}",matched,exact_name_address,1.000,1,792,E4344700042121,E4344700042121,はあとふる,熊本県山都町馬見原791-4,,,災害対策基本法第49条の10第1項規定する者,32.682561,131.1603,"[{""共通ID"": ""E4344700042121"", ""経度"": ""131.1603"", ""緯度"": ""32.682561""}]",,"[{""NO"": ""792"", ""その他市町村長が必要と認める事項"": """", ""住所"": ""熊本県山都町馬見原791-4"", ""備考"": """", ""共通ID"": ""E4344700042121"", ""受入対象者"": ""災害対策基本法第49条の10第1項規定する者"", ""指定緊急避難場所との住所同一"": """", ""施設・場所名"": ""はあとふる"", ""経度"": ""131.1603"", ""緯度"": ""32.682561""}]",[],reference/43000_1.csv,826df538e39b2b9a92263df3923cbb095581fd79ac7a5fb050202dbd899c7c44,,,,,,unmatched,no_candidate,,,,,,unmatched,manual_no_match,,,32.682561,131.1603,gsi_reference,reference_latitude_longitude,complete
2026-08-24,2026-08-24T00:33:05+09:00,26/08/24 00:33時点の避難所状況の一覧です。,2026-08-24T00:33+09:00,ref:E4344700070121,e0b91f5ae9434a48af35,山都町,ケアハウス 光露館,未開設(Web開設一覧に掲載なし),false,,,熊本県山都町北中島2710-15,,unchanged,未開設(Web開設一覧に掲載なし),,,https://portal.bousai.pref.kumamoto.jp/sp.html?p=evacuation%2Fshelter&l=15-0&ll=32.63819999999999%2C130.77610000000004&z=9&municipalityCd=430005,509721fecf001503f8819be3d6bd0614e071ef656c47f9b51a83a64f41714528,"{""ルート検索"": """", ""住所"": ""熊本県山都町北中島2710-15"", ""市町村"": ""山都町"", ""混雑状況"": """", ""避難所名"": ""ケアハウス 光露館"", ""開設状況"": ""未開設（Web開設一覧に掲載なし）""}",matched,exact_name_address,1.000,1,796,E4344700070121,E4344700070121,ケアハウス 光露館,熊本県山都町北中島2710-15,,,災害対策基本法第49条の10第1項規定する者,32.731613,130.937194,"[{""共通ID"": ""E4344700070121"", ""経度"": ""130.937194"", ""緯度"": ""32.731613""}]",,"[{""NO"": ""796"", ""その他市町村長が必要と認める事項"": """", ""住所"": ""熊本県山都町北中島2710-15"", ""備考"": """", ""共通ID"": ""E4344700070121"", ""受入対象者"": ""災害対策基本法第49条の10第1項規定する者"", ""指定緊急避難場所との住所同一"": """", ""施設・場所名"": ""ケアハウス 光露館"", ""経度"": ""130.937194"", ""緯度"": ""32.731613""}]",[],reference/43000_1.csv,826df538e39b2b9a92263df3923cbb095581fd79ac7a5fb050202dbd899c7c44,,,,,,unmatched,no_candidate,,,,,,unmatched,manual_no_match,,,32.731613,130.937194,gsi_reference,reference_latitude_longitude,complete
2026-08-24,2026-08-24T00:33:05+09:00,26/08/24 00:33時点の避難所状況の一覧です。,2026-08-24T00:33+09:00,ref:E4344700071121,2faa8988b8cc3eae37b5,山都町,サポートハウス 明星学園,未開設(Web開設一覧に掲載なし),false,,,熊本県山都町神ノ前241-15,,unchanged,未開設(Web開設一覧に掲載なし),,,https://portal.bousai.pref.kumamoto.jp/sp.html?p=evacuation%2Fshelter&l=15-0&ll=32.63819999999999%2C130.77610000000004&z=9&municipalityCd=430005,ffb307102a66b50bbe5faf88e667c33b1d8514c033a6a919701e5fb0c8c3d613,"{""ルート検索"": """", ""住所"": ""熊本県山都町神ノ前241-15"", ""市町村"": ""山都町"", ""混雑状況"": """", ""避難所名"": ""サポートハウス 明星学園"", ""開設状況"": ""未開設（Web開設一覧に掲載なし）""}",matched,exact_name_address,1.000,1,781,E4344700071121,E4344700071121,サポートハウス 明星学園,熊本県山都町神ノ前241-15,,,災害対策基本法第49条の10第1項規定する者,32.678606,131.119654,"[{""共通ID"": ""E4344700071121"", ""経度"": ""131.119654"", ""緯度"": ""32.678606""}]",,"[{""NO"": ""781"", ""その他市町村長が必要と認める事項"": """", ""住所"": ""熊本県山都町神ノ前241-15"", ""備考"": """", ""共通ID"": ""E4344700071121"", ""受入対象者"": ""災害対策基本法第49条の10第1項規定する者"", ""指定緊急避難場所との住所同一"": """", ""施設・場所名"": ""サポートハウス 明星学園"", ""経度"": ""131.119654"", ""緯度"": ""32.678606""}]",[],reference/43000_1.csv,826df538e39b2b9a92263df3923cbb095581fd79ac7a5fb050202dbd899c7c44,,,,,,unmatched,no_candidate,,,,,,unmatched,manual_no_match,,,32.678606,131.119654,gsi_reference,reference_latitude_longitude,complete
2026-08-24,2026-08-24T00:33:05+09:00,26/08/24 00:33時点の避難所状況の一覧です。,2026-08-24T00:33+09:00,ref:E4344700040121,55913de019e20318d20d,山都町,介護付き有料老人ホーム たんぽぽ,未開設(Web開設一覧に掲載なし),false,,,熊本県山都町下馬尾299-1,,unchanged,未開設(Web開設一覧に掲載なし),,,https://portal.bousai.pref.kumamoto.jp/sp.html?p=evacuation%2Fshelter&l=15-0&ll=32.63819999999999%2C130.77610000000004&z=9&municipalityCd=430005,f2e69b91072691ab2027359b480ae43267e7ece812b459f9920362b344a236c3,"{""ルート検索"": """", ""住所"": ""熊本県山都町下馬尾299-1"", ""市町村"": ""山都町"", ""混雑状況"": """", ""避難所名"": ""介護付き有料老人ホーム たんぽぽ"", ""開設状況"": ""未開設（Web開設一覧に掲載なし）""}",matched,exact_name_address,1.000,1,773,E4344700040121,E4344700040121,介護付き有料老人ホーム たんぽぽ,熊本県山都町下馬尾299-1,,,災害対策基本法第49条の10第1項規定する者,32.685435440032,130.98682710043,"[{""共通ID"": ""E4344700040121"", ""経度"": ""130.98682710043"", ""緯度"": ""32.685435440032""}]",,"[{""NO"": ""773"", ""その他市町村長が必要と認める事項"": """", ""住所"": ""熊本県山都町下馬尾299-1"", ""備考"": """", ""共通ID"": ""E4344700040121"", ""受入対象者"": ""災害対策基本法第49条の10第1項規定する者"", ""指定緊急避難場所との住所同一"": """", ""施設・場所名"": ""介護付き有料老人ホーム たんぽぽ"", ""経度"": ""130.98682710043"", ""緯度"": ""32.685435440032""}]",[],reference/43000_1.csv,826df538e39b2b9a92263df3923cbb095581fd79ac7a5fb050202dbd899c7c44,,,,,,unmatched,no_candidate,,,,,,unmatched,manual_no_match,,,32.685435440032,130.98682710043,gsi_reference,reference_latitude_longitude,complete
2026-08-24,2026-08-24T00:33:05+09:00,26/08/24 00:33時点の避難所状況の一覧です。,2026-08-24T00:33+09:00,ref:E4344700041121,6f64a8d4f3039120cf2d,山都町,優心苑,未開設(Web開設一覧に掲載なし),false,,,熊本県山都町南田221-4,,unchanged,未開設(Web開設一覧に掲載なし),,,https://portal.bousai.pref.kumamoto.jp/sp.html?p=evacuation%2Fshelter&l=15-0&ll=32.63819999999999%2C130.77610000000004&z=9&municipalityCd=430005,02e1db37020939e6980da6656b494e5f3d1863d447c708cf6c258e3be12fee01,"{""ルート検索"": """", ""住所"": ""熊本県山都町南田221-4"", ""市町村"": ""山都町"", ""混雑状況"": """", ""避難所名"": ""優心苑"", ""開設状況"": ""未開設（Web開設一覧に掲載なし）""}",matched,exact_name_address,1.000,1,790,E4344700041121,E4344700041121,優心苑,熊本県山都町南田221-4,,,災害対策基本法第49条の10第1項規定する者,32.685586,130.97872,"[{""共通ID"": ""E4344700041121"", ""経度"": ""130.97872"", ""緯度"": ""32.685586""}]",,"[{""NO"": ""790"", ""その他市町村長が必要と認める事項"": """", ""住所"": ""熊本県山都町南田221-4"", ""備考"": """", ""共通ID"": ""E4344700041121"", ""受入対象者"": ""災害対策基本法第49条の10第1項規定する者"", ""指定緊急避難場所との住所同一"": """", ""施設・場所名"": ""優心苑"", ""経度"": ""130.97872"", ""緯度"": ""32.685586""}]",[],reference/43000_1.csv,826df538e39b2b9a92263df3923cbb095581fd79ac7a5fb050202dbd899c7c44,,,,,,unmatched,no_candidate,,,,,,unmatched,manual_no_match,,,32.685586,130.97872,gsi_reference,reference_latitude_longitude,complete
2026-08-24,2026-08-24T00:33:05+09:00,26/08/24 00:33時点の避難所状況の一覧です。,2026-08-24T00:33+09:00,ref:E4344700037111,4f1d0ad07ffcacc87a37,山都町,清和支所,未開設(Web開設一覧に掲載なし),false,,,熊本県山都町大平385,,unchanged,未開設(Web開設一覧に掲載なし),,,https://portal.bousai.pref.kumamoto.jp/sp.html?p=evacuation%2Fshelter&l=15-0&ll=32.63819999999999%2C130.77610000000004&z=9&municipalityCd=430005,be52ee85c806df07a8ecaf9a3de6067238266580ca600eb6c853c5b3d3d71481,"{""ルート検索"": """", ""住所"": ""熊本県山都町大平385"", ""市町村"": ""山都町"", ""混雑状況"": """", ""避難所名"": ""清和支所"", ""開設状況"": ""未開設（Web開設一覧に掲載なし）""}",matched,exact_name_address,1.000,1,787,E4344700037111,E4344700037111,清和支所,熊本県山都町大平385,1,,,32.691358535349,131.08670066386,"[{""共通ID"": ""E4344700037111"", ""経度"": ""131.08670066386"", ""緯度"": ""32.691358535349""}]",,"[{""NO"": ""787"", ""その他市町村長が必要と認める事項"": """", ""住所"": ""熊本県山都町大平385"", ""備考"": """", ""共通ID"": ""E4344700037111"", ""受入対象者"": """", ""指定緊急避難場所との住所同一"": ""1"", ""施設・場所名"": ""清和支所"", ""経度"": ""131.08670066386"", ""緯度"": ""32.691358535349""}]",[],reference/43000_1.csv,826df538e39b2b9a92263df3923cbb095581fd79ac7a5fb050202dbd899c7c44,,,,,,unmatched,no_candidate,,,,,,unmatched,manual_no_match,,,32.691358535349,131.08670066386,gsi_reference,reference_latitude_longitude,complete
2026-08-24,2026-08-24T00:33:05+09:00,26/08/24 00:33時点の避難所状況の一覧です。,2026-08-24T00:33+09:00,ref:E4344700038121,921137b8c396e2c9b98d,山都町,特別養護老人ホーム そよ風の里“ほたる”,未開設(Web開設一覧に掲載なし),false,,,熊本県山都町今322-1,,unchanged,未開設(Web開設一覧に掲載なし),,,https://portal.bousai.pref.kumamoto.jp/sp.html?p=evacuation%2Fshelter&l=15-0&ll=32.63819999999999%2C130.77610000000004&z=9&municipalityCd=430005,124ecdc6b6540a96b7341ff66bdb93ecec6d1db0153d90ee2d8b67d13e1b3d5d,"{""ルート検索"": """", ""住所"": ""熊本県山都町今322-1"", ""市町村"": ""山都町"", ""混雑状況"": """", ""避難所名"": ""特別養護老人ホーム そよ風の里“ほたる”"", ""開設状況"": ""未開設（Web開設一覧に掲載なし）""}",matched,exact_name_address,1.000,1,776,E4344700038121,E4344700038121,特別養護老人ホーム そよ風の里“ほたる”,熊本県山都町今322-1,,,災害対策基本法第49条の10第1項規定する者,32.729706,131.165246,"[{""共通ID"": ""E4344700038121"", ""経度"": ""131.165246"", ""緯度"": ""32.729706""}]",,"[{""NO"": ""776"", ""その他市町村長が必要と認める事項"": """", ""住所"": ""熊本県山都町今322-1"", ""備考"": """", ""共通ID"": ""E4344700038121"", ""受入対象者"": ""災害対策基本法第49条の10第1項規定する者"", ""指定緊急避難場所との住所同一"": """", ""施設・場所名"": ""特別養護老人ホーム そよ風の里“ほたる”"", ""経度"": ""131.165246"", ""緯度"": ""32.729706""}]",[],reference/43000_1.csv,826df538e39b2b9a92263df3923cbb095581fd79ac7a5fb050202dbd899c7c44,,,,,,unmatched,no_candidate,,,,,,unmatched,manual_no_match,,,32.729706,131.165246,gsi_reference,reference_latitude_longitude,complete
2026-08-24,2026-08-24T00:33:05+09:00,26/08/24 00:33時点の避難所状況の一覧です。,2026-08-24T00:33+09:00,ref:E4344700035121,5352479cb4fd15c6b761,山都町,特別養護老人ホーム 矢部大矢荘,未開設(Web開設一覧に掲載なし),false,,,熊本県山都町北中島268-4,,unchanged,未開設(Web開設一覧に掲載なし),,,https://portal.bousai.pref.kumamoto.jp/sp.html?p=evacuation%2Fshelter&l=15-0&ll=32.63819999999999%2C130.77610000000004&z=9&municipalityCd=430005,6c1cb88ae04bc82df424292bade0e3ff18255be0e388f23098f6f389bea227d0,"{""ルート検索"": """", ""住所"": ""熊本県山都町北中島268-4"", ""市町村"": ""山都町"", ""混雑状況"": """", ""避難所名"": ""特別養護老人ホーム 矢部大矢荘"", ""開設状況"": ""未開設（Web開設一覧に掲載なし）""}",matched,exact_name_address,1.000,1,795,E4344700035121,E4344700035121,特別養護老人ホーム 矢部大矢荘,熊本県山都町北中島268-4,,,災害対策基本法第49条の10第1項規定する者,32.733174,130.937644,"[{""共通ID"": ""E4344700035121"", ""経度"": ""130.937644"", ""緯度"": ""32.733174""}]",,"[{""NO"": ""795"", ""その他市町村長が必要と認める事項"": """", ""住所"": ""熊本県山都町北中島268-4"", ""備考"": """", ""共通ID"": ""E4344700035121"", ""受入対象者"": ""災害対策基本法第49条の10第1項規定する者"", ""指定緊急避難場所との住所同一"": """", ""施設・場所名"": ""特別養護老人ホーム 矢部大矢荘"", ""経度"": ""130.937644"", ""緯度"": ""32.733174""}]",[],reference/43000_1.csv,826df538e39b2b9a92263df3923cbb095581fd79ac7a5fb050202dbd899c7c44,,,,,,unmatched,no_candidate,,,,,,unmatched,manual_no_match,,,32.733174,130.937644,gsi_reference,reference_latitude_longitude,complete
2026-08-24,2026-08-24T00:33:05+09:00,26/08/24 00:33時点の避難所状況の一覧です。,2026-08-24T00:33+09:00,ref:E4344700063121,057b54028836de934340,山都町,特別養護老人ホーム 蘇望苑,未開設(Web開設一覧に掲載なし),false,,,熊本県山都町滝上223-2,,unchanged,未開設(Web開設一覧に掲載なし),,,https://portal.bousai.pref.kumamoto.jp/sp.html?p=evacuation%2Fshelter&l=15-0&ll=32.63819999999999%2C130.77610000000004&z=9&municipalityCd=430005,871ad3dca9d1514cdaefd1ae2971ac25bc0e5680ba2b5628ff498198d7417f20,"{""ルート検索"": """", ""住所"": ""熊本県山都町滝上223-2"", ""市町村"": ""山都町"", ""混雑状況"": """", ""避難所名"": ""特別養護老人ホーム 蘇望苑"", ""開設状況"": ""未開設（Web開設一覧に掲載なし）""}",matched,exact_name_address,1.000,1,788,E4344700063121,E4344700063121,特別養護老人ホーム 蘇望苑,熊本県山都町滝上223-2,,,災害対策基本法第49条の10第1項規定する者,32.688367,131.140199,"[{""共通ID"": ""E4344700063121"", ""経度"": ""131.140199"", ""緯度"": ""32.688367""}]",,"[{""NO"": ""788"", ""その他市町村長が必要と認める事項"": """", ""住所"": ""熊本県山都町滝上223-2"", ""備考"": """", ""共通ID"": ""E4344700063121"", ""受入対象者"": ""災害対策基本法第49条の10第1項規定する者"", ""指定緊急避難場所との住所同一"": """", ""施設・場所名"": ""特別養護老人ホーム 蘇望苑"", ""経度"": ""131.140199"", ""緯度"": ""32.688367""}]",[],reference/43000_1.csv,826df538e39b2b9a92263df3923cbb095581fd79ac7a5fb050202dbd899c7c44,,,,,,unmatched,no_candidate,,,,,,unmatched,manual_no_match,,,32.688367,131.140199,gsi_reference,reference_latitude_longitude,complete
2026-08-24,2026-08-24T00:33:05+09:00,26/08/24 00:33時点の避難所状況の一覧です。,2026-08-24T00:33+09:00,ref:E4344700064121,91c6b511cb581811b067,山都町,特別養護老人ホーム 風ノ木,未開設(Web開設一覧に掲載なし),false,,,熊本県山都町千滝211,,unchanged,未開設(Web開設一覧に掲載なし),,,https://portal.bousai.pref.kumamoto.jp/sp.html?p=evacuation%2Fshelter&l=15-0&ll=32.63819999999999%2C130.77610000000004&z=9&municipalityCd=430005,7e40fdb505302c1a93391d0d27b80afee1f5ca30915a3a10cef039b859ce33de,"{""ルート検索"": """", ""住所"": ""熊本県山都町千滝211"", ""市町村"": ""山都町"", ""混雑状況"": """", ""避難所名"": ""特別養護老人ホーム 風ノ木"", ""開設状況"": ""未開設（Web開設一覧に掲載なし）""}",matched,exact_name_address,1.000,1,783,E4344700064121,E4344700064121,特別養護老人ホーム 風ノ木,熊本県山都町千滝211,,,災害対策基本法第49条の10第1項規定する者,32.680809,130.983875,"[{""共通ID"": ""E4344700064121"", ""経度"": ""130.983875"", ""緯度"": ""32.680809""}]",,"[{""NO"": ""783"", ""その他市町村長が必要と認める事項"": """", ""住所"": ""熊本県山都町千滝211"", ""備考"": """", ""共通ID"": ""E4344700064121"", ""受入対象者"": ""災害対策基本法第49条の10第1項規定する者"", ""指定緊急避難場所との住所同一"": """", ""施設・場所名"": ""特別養護老人ホーム 風ノ木"", ""経度"": ""130.983875"", ""緯度"": ""32.680809""}]",[],reference/43000_1.csv,826df538e39b2b9a92263df3923cbb095581fd79ac7a5fb050202dbd899c7c44,,,,,,unmatched,no_candidate,,,,,,unmatched,manual_no_match,,,32.680809,130.983875,gsi_reference,reference_latitude_longitude,complete
2026-08-24,2026-08-24T00:33:05+09:00,26/08/24 00:33時点の避難所状況の一覧です。,2026-08-24T00:33+09:00,refgroup:6b775917aa34885e3aaf,a2b5716d783e0d72199f,山都町,蘇陽支所,未開設(Web開設一覧に掲載なし),false,,,熊本県山都町今500,,unchanged,未開設(Web開設一覧に掲載なし),,,https://portal.bousai.pref.kumamoto.jp/sp.html?p=evacuation%2Fshelter&l=15-0&ll=32.63819999999999%2C130.77610000000004&z=9&municipalityCd=430005,2ac7656f8e85d387e9ef2aca71fd593ac7eff7dc41557d530afba1f939604b57,"{""ルート検索"": """", ""住所"": ""熊本県山都町今500"", ""市町村"": ""山都町"", ""混雑状況"": """", ""避難所名"": ""蘇陽支所"", ""開設状況"": ""未開設（Web開設一覧に掲載なし）""}",matched_multiple,exact_name_address,1.000,2,778,E4344700019111,E4344700019111;E4344700019121,蘇陽支所,熊本県山都町今500,1,,災害対策基本法第49条の10第1項規定する者,32.72494478,131.1656068,"[{""共通ID"": ""E4344700019111"", ""経度"": ""131.1656068"", ""緯度"": ""32.72494478""}, {""共通ID"": ""E4344700019121"", ""経度"": ""131.1656068"", ""緯度"": ""32.72494478""}]",,"[{""NO"": ""778"", ""その他市町村長が必要と認める事項"": """", ""住所"": ""熊本県山都町今500"", ""備考"": """", ""共通ID"": ""E4344700019111"", ""受入対象者"": """", ""指定緊急避難場所との住所同一"": ""1"", ""施設・場所名"": ""蘇陽支所"", ""経度"": ""131.1656068"", ""緯度"": ""32.72494478""}, {""NO"": ""777"", ""その他市町村長が必要と認める事項"": """", ""住所"": ""熊本県山都町今500"", ""備考"": """", ""共通ID"": ""E4344700019121"", ""受入対象者"": ""災害対策基本法第49条の10第1項規定する者"", ""指定緊急避難場所との住所同一"": ""1"", ""施設・場所名"": ""蘇陽支所"", ""経度"": ""131.1656068"", ""緯度"": ""32.72494478""}]",[],reference/43000_1.csv,826df538e39b2b9a92263df3923cbb095581fd79ac7a5fb050202dbd899c7c44,,,,,,unmatched,no_candidate,,,,,,unmatched,manual_no_match,,,32.72494478,131.1656068,gsi_reference,reference_latitude_longitude,complete
2026-08-24,2026-08-24T00:33:05+09:00,26/08/24 00:33時点の避難所状況の一覧です。,2026-08-24T00:33+09:00,ref:E4344700072121,40eb06a6de09dca8da97,山都町,養護老人ホーム 浜美荘,未開設(Web開設一覧に掲載なし),false,,,熊本県山都町上寺2178-5,,unchanged,未開設(Web開設一覧に掲載なし),,,https://portal.bousai.pref.kumamoto.jp/sp.html?p=evacuation%2Fshelter&l=15-0&ll=32.63819999999999%2C130.77610000000004&z=9&municipalityCd=430005,1c36c151a24cb14e3fd58d4da849518065afa450140f5aa095a4eee4a9c00099,"{""ルート検索"": """", ""住所"": ""熊本県山都町上寺2178-5"", ""市町村"": ""山都町"", ""混雑状況"": """", ""避難所名"": ""養護老人ホーム 浜美荘"", ""開設状況"": ""未開設（Web開設一覧に掲載なし）""}",matched,exact_name_address,1.000,1,779,E4344700072121,E4344700072121,養護老人ホーム 浜美荘,熊本県山都町上寺2178-5,,,災害対策基本法第49条の10第1項規定する者,32.68909,130.976804,"[{""共通ID"": ""E4344700072121"", ""経度"": ""130.976804"", ""緯度"": ""32.68909""}]",,"[{""NO"": ""779"", ""その他市町村長が必要と認める事項"": """", ""住所"": ""熊本県山都町上寺2178-5"", ""備考"": """", ""共通ID"": ""E4344700072121"", ""受入対象者"": ""災害対策基本法第49条の10第1項規定する者"", ""指定緊急避難場所との住所同一"": """", ""施設・場所名"": ""養護老人ホーム 浜美荘"", ""経度"": ""130.976804"", ""緯度"": ""32.68909""}]",[],reference/43000_1.csv,826df538e39b2b9a92263df3923cbb095581fd79ac7a5fb050202dbd899c7c44,,,,,,unmatched,no_candidate,,,,,,unmatched,manual_no_match,,,32.68909,130.976804,gsi_reference,reference_latitude_longitude,complete
2026-08-24,2026-08-24T00:33:05+09:00,26/08/24 00:33時点の避難所状況の一覧です。,2026-08-24T00:33+09:00,ref:E4344100014111,3381c35a693e8f8d8497,御船町,上野分館,未開設(Web開設一覧に掲載なし),false,,,熊本県御船町上野2262,,unchanged,未開設(Web開設一覧に掲載なし),,,https://portal.bousai.pref.kumamoto.jp/sp.html?p=evacuation%2Fshelter&l=15-0&ll=32.63819999999999%2C130.77610000000004&z=9&municipalityCd=430005,a4bc1461b7c5222141cea5ce97b6dbb70e7d3328124a8089f282785281e0022d,"{""ルート検索"": """", ""住所"": ""熊本県御船町上野2262"", ""市町村"": ""御船町"", ""混雑状況"": """", ""避難所名"": ""上野分館"", ""開設状況"": ""未開設（Web開設一覧に掲載なし）""}",matched,exact_name_address,1.000,1,613,E4344100014111,E4344100014111,上野分館,熊本県御船町上野2262,1,,,32.736737,130.859904,"[{""共通ID"": ""E4344100014111"", ""経度"": ""130.859904"", ""緯度"": ""32.736737""}]",,"[{""NO"": ""613"", ""その他市町村長が必要と認める事項"": """", ""住所"": ""熊本県御船町上野2262"", ""備考"": """", ""共通ID"": ""E4344100014111"", ""受入対象者"": """", ""指定緊急避難場所との住所同一"": ""1"", ""施設・場所名"": ""上野分館"", ""経度"": ""130.859904"", ""緯度"": ""32.736737""}]",[],reference/43000_1.csv,826df538e39b2b9a92263df3923cbb095581fd79ac7a5fb050202dbd899c7c44,,,,,,unmatched,no_candidate,,,,,,unmatched,manual_no_match,,,32.736737,130.859904,gsi_reference,reference_latitude_longitude,complete
2026-08-24,2026-08-24T00:33:05+09:00,26/08/24 00:33時点の避難所状況の一覧です。,2026-08-24T00:33+09:00,ref:E4344100002121,1209a7d83462fc8f258d,御船町,御船町子育てふれあい館,未開設(Web開設一覧に掲載なし),false,,,熊本県御船町御船1003-2,,unchanged,未開設(Web開設一覧に掲載なし),,,https://portal.bousai.pref.kumamoto.jp/sp.html?p=evacuation%2Fshelter&l=15-0&ll=32.63819999999999%2C130.77610000000004&z=9&municipalityCd=430005,08f383957f31a6d96604896667b1de1bb17e92d25e93f36a8176cf068480dd5a,"{""ルート検索"": """", ""住所"": ""熊本県御船町御船1003-2"", ""市町村"": ""御船町"", ""混雑状況"": """", ""避難所名"": ""御船町子育てふれあい館"", ""開設状況"": ""未開設（Web開設一覧に掲載なし）""}",matched,exact_name_address,1.000,1,605,E4344100002121,E4344100002121,御船町子育てふれあい館,熊本県御船町御船1003-2,,,乳幼児,32.7139559546396,130.801463864141,"[{""共通ID"": ""E4344100002121"", ""経度"": ""130.801463864141"", ""緯度"": ""32.7139559546396""}]",,"[{""NO"": ""605"", ""その他市町村長が必要と認める事項"": """", ""住所"": ""熊本県御船町御船1003-2"", ""備考"": """", ""共通ID"": ""E4344100002121"", ""受入対象者"": ""乳幼児"", ""指定緊急避難場所との住所同一"": """", ""施設・場所名"": ""御船町子育てふれあい館"", ""経度"": ""130.801463864141"", ""緯度"": ""32.7139559546396""}]",[],reference/43000_1.csv,826df538e39b2b9a92263df3923cbb095581fd79ac7a5fb050202dbd899c7c44,,,,,,unmatched,no_candidate,,,,,,unmatched,manual_no_match,,,32.7139559546396,130.801463864141,gsi_reference,reference_latitude_longitude,complete
2026-08-24,2026-08-24T00:33:05+09:00,26/08/24 00:33時点の避難所状況の一覧です。,2026-08-24T00:33+09:00,ref:E4344100001121,3b4be8013549b05b1412,御船町,御船町観光交流センター,未開設(Web開設一覧に掲載なし),false,,,熊本県御船町御船1003,,unchanged,未開設(Web開設一覧に掲載なし),,,https://portal.bousai.pref.kumamoto.jp/sp.html?p=evacuation%2Fshelter&l=15-0&ll=32.63819999999999%2C130.77610000000004&z=9&municipalityCd=430005,8c6028dca5cfb6ba5fab9cc689e1ddf5bd4c6d865cb051ee99ecc6ab425b13b9,"{""ルート検索"": """", ""住所"": ""熊本県御船町御船1003"", ""市町村"": ""御船町"", ""混雑状況"": """", ""避難所名"": ""御船町観光交流センター"", ""開設状況"": ""未開設（Web開設一覧に掲載なし）""}",matched,exact_name_address,1.000,1,604,E4344100001121,E4344100001121,御船町観光交流センター,熊本県御船町御船1003,,,高齢者,32.7140101167379,130.801581881345,"[{""共通ID"": ""E4344100001121"", ""経度"": ""130.801581881345"", ""緯度"": ""32.7140101167379""}]",,"[{""NO"": ""604"", ""その他市町村長が必要と認める事項"": """", ""住所"": ""熊本県御船町御船1003"", ""備考"": """", ""共通ID"": ""E4344100001121"", ""受入対象者"": ""高齢者"", ""指定緊急避難場所との住所同一"": """", ""施設・場所名"": ""御船町観光交流センター"", ""経度"": ""130.801581881345"", ""緯度"": ""32.7140101167379""}]",[],reference/43000_1.csv,826df538e39b2b9a92263df3923cbb095581fd79ac7a5fb050202dbd899c7c44,,,,,,unmatched,no_candidate,,,,,,unmatched,manual_no_match,,,32.7140101167379,130.801581881345,gsi_reference,reference_latitude_longitude,complete
2026-08-24,2026-08-24T00:33:05+09:00,26/08/24 00:33時点の避難所状況の一覧です。,2026-08-24T00:33+09:00,ref:E4344400003121,3df2498aebebbc79f25d,御船町,社会福祉法人 伸生会養護老人ホーム オアシス,未開設(Web開設一覧に掲載なし),false,,,熊本県御船町大字木倉4780,,unchanged,未開設(Web開設一覧に掲載なし),,,https://portal.bousai.pref.kumamoto.jp/sp.html?p=evacuation%2Fshelter&l=15-0&ll=32.63819999999999%2C130.77610000000004&z=9&municipalityCd=430005,5ec3d5f764c6a0fdecc182d88ebb6224c145f56d81d67bbf13dfc06cdb274b8b,"{""ルート検索"": """", ""住所"": ""熊本県御船町大字木倉4780"", ""市町村"": ""御船町"", ""混雑状況"": """", ""避難所名"": ""社会福祉法人 伸生会養護老人ホーム オアシス"", ""開設状況"": ""未開設（Web開設一覧に掲載なし）""}",matched,exact_name_address,1.000,1,616,E4344400003121,E4344400003121,社会福祉法人 伸生会養護老人ホーム オアシス,熊本県御船町大字木倉4780,,事前に福祉課に要相談,要介護高齢者、障害者、妊産婦、乳幼児等,32.7273500555022,130.812360549522,"[{""共通ID"": ""E4344400003121"", ""経度"": ""130.812360549522"", ""緯度"": ""32.7273500555022""}]",,"[{""NO"": ""616"", ""その他市町村長が必要と認める事項"": ""事前に福祉課に要相談"", ""住所"": ""熊本県御船町大字木倉4780"", ""備考"": """", ""共通ID"": ""E4344400003121"", ""受入対象者"": ""要介護高齢者、障害者、妊産婦、乳幼児等"", ""指定緊急避難場所との住所同一"": """", ""施設・場所名"": ""社会福祉法人 伸生会養護老人ホーム オアシス"", ""経度"": ""130.812360549522"", ""緯度"": ""32.7273500555022""}]",[],reference/43000_1.csv,826df538e39b2b9a92263df3923cbb095581fd79ac7a5fb050202dbd899c7c44,,,,,,unmatched,no_candidate,,,,,,unmatched,manual_no_match,,,32.7273500555022,130.812360549522,gsi_reference,reference_latitude_longitude,complete
2026-08-24,2026-08-24T00:33:05+09:00,26/08/24 00:33時点の避難所状況の一覧です。,2026-08-24T00:33+09:00,ref:E4320500047112,4061b147aa411b037418,水俣市,水俣市企業支援センター深川分室,未開設(Web開設一覧に掲載なし),false,,,熊本県水俣市中鶴539-1,,unchanged,未開設(Web開設一覧に掲載なし),,,https://portal.bousai.pref.kumamoto.jp/sp.html?p=evacuation%2Fshelter&l=15-0&ll=32.63819999999999%2C130.77610000000004&z=9&municipalityCd=430005,957ca8d52a71b80cd969218d7fdd8fecb7ba1d7e117ff68282e606b90648c240,"{""ルート検索"": """", ""住所"": ""熊本県水俣市中鶴539-1"", ""市町村"": ""水俣市"", ""混雑状況"": """", ""避難所名"": ""水俣市企業支援センター深川分室"", ""開設状況"": ""未開設（Web開設一覧に掲載なし）""}",matched,exact_name_address,1.000,1,936,E4320500047112,E4320500047112,水俣市企業支援センター深川分室,熊本県水俣市中鶴539-1,1,,,32.193266,130.438347,"[{""共通ID"": ""E4320500047112"", ""経度"": ""130.438347"", ""緯度"": ""32.193266""}]",,"[{""NO"": ""936"", ""その他市町村長が必要と認める事項"": """", ""住所"": ""熊本県水俣市中鶴539-1"", ""備考"": """", ""共通ID"": ""E4320500047112"", ""受入対象者"": """", ""指定緊急避難場所との住所同一"": ""1"", ""施設・場所名"": ""水俣市企業支援センター深川分室"", ""経度"": ""130.438347"", ""緯度"": ""32.193266""}]",[],reference/43000_1.csv,826df538e39b2b9a92263df3923cbb095581fd79ac7a5fb050202dbd899c7c44,,,,,,unmatched,no_candidate,,,,,,unmatched,manual_no_match,,,32.193266,130.438347,gsi_reference,reference_latitude_longitude,complete
2026-08-24,2026-08-24T00:33:05+09:00,26/08/24 00:33時点の避難所状況の一覧です。,2026-08-24T00:33+09:00,ref:E4320500036112,3d79316ec8b0859de645,水俣市,水俣市高齢者福祉センター,未開設(Web開設一覧に掲載なし),false,,,熊本県水俣市洗切町1-1,,unchanged,未開設(Web開設一覧に掲載なし),,,https://portal.bousai.pref.kumamoto.jp/sp.html?p=evacuation%2Fshelter&l=15-0&ll=32.63819999999999%2C130.77610000000004&z=9&municipalityCd=430005,597b548cd08a7903f89ae79597340b0da0d591143961184fccbe405b2e877533,"{""ルート検索"": """", ""住所"": ""熊本県水俣市洗切町1-1"", ""市町村"": ""水俣市"", ""混雑状況"": """", ""避難所名"": ""水俣市高齢者福祉センター"", ""開設状況"": ""未開設（Web開設一覧に掲載なし）""}",matched,exact_name_address,1.000,1,929,E4320500036112,E4320500036112,水俣市高齢者福祉センター,熊本県水俣市洗切町1-1,1,,,32.213556,130.400902,"[{""共通ID"": ""E4320500036112"", ""経度"": ""130.400902"", ""緯度"": ""32.213556""}]",,"[{""NO"": ""929"", ""その他市町村長が必要と認める事項"": """", ""住所"": ""熊本県水俣市洗切町1-1"", ""備考"": """", ""共通ID"": ""E4320500036112"", ""受入対象者"": """", ""指定緊急避難場所との住所同一"": ""1"", ""施設・場所名"": ""水俣市高齢者福祉センター"", ""経度"": ""130.400902"", ""緯度"": ""32.213556""}]",[],reference/43000_1.csv,826df538e39b2b9a92263df3923cbb095581fd79ac7a5fb050202dbd899c7c44,,,,,,unmatched,no_candidate,,,,,,unmatched,manual_no_match,,,32.213556,130.400902,gsi_reference,reference_latitude_longitude,complete
2026-08-24,2026-08-24T00:33:05+09:00,26/08/24 00:33時点の避難所状況の一覧です。,2026-08-24T00:33+09:00,ref:E4320500004111,d0092bc04b8ae6632141,水俣市,第二小学校体育館(校舎2階),未開設(Web開設一覧に掲載なし),false,,,熊本県水俣市栄町1-2-1,,unchanged,未開設(Web開設一覧に掲載なし),,,https://portal.bousai.pref.kumamoto.jp/sp.html?p=evacuation%2Fshelter&l=15-0&ll=32.63819999999999%2C130.77610000000004&z=9&municipalityCd=430005,424c7f3a3a1b02218f6560fc11b5af812e779dc5e4f42dd4a4fdcb8704250abe,"{""ルート検索"": """", ""住所"": ""熊本県水俣市栄町1-2-1"", ""市町村"": ""水俣市"", ""混雑状況"": """", ""避難所名"": ""第二小学校体育館(校舎2階)"", ""開設状況"": ""未開設（Web開設一覧に掲載なし）""}",matched,exact_name_address,1.000,1,909,E4320500004111,E4320500004111,第二小学校体育館(校舎2階),熊本県水俣市栄町1-2-1,1,,,32.209128,130.397551,"[{""共通ID"": ""E4320500004111"", ""経度"": ""130.397551"", ""緯度"": ""32.209128""}]",,"[{""NO"": ""909"", ""その他市町村長が必要と認める事項"": """", ""住所"": ""熊本県水俣市栄町1-2-1"", ""備考"": """", ""共通ID"": ""E4320500004111"", ""受入対象者"": """", ""指定緊急避難場所との住所同一"": ""1"", ""施設・場所名"": ""第二小学校体育館(校舎2階)"", ""経度"": ""130.397551"", ""緯度"": ""32.209128""}]",[],reference/43000_1.csv,826df538e39b2b9a92263df3923cbb095581fd79ac7a5fb050202dbd899c7c44,,,,,,ambiguous,coordinate_near_tie,,,,,,unmatched,manual_no_match,,,32.209128,130.397551,gsi_reference,reference_latitude_longitude,complete
2026-08-24,2026-08-24T00:33:05+09:00,26/08/24 00:33時点の避難所状況の一覧です。,2026-08-24T00:33+09:00,refgroup:3e857dbc6a3a94f783aa,4e9385cd9aa2ec9b3221,氷川町,竜北福祉センター,未開設(Web開設一覧に掲載なし),false,,,熊本県氷川町島地651,,unchanged,未開設(Web開設一覧に掲載なし),,,https://portal.bousai.pref.kumamoto.jp/sp.html?p=evacuation%2Fshelter&l=15-0&ll=32.63819999999999%2C130.77610000000004&z=9&municipalityCd=430005,029208b175f64decfc220e640d6c283d65b34de75e7f64265c4ac08e6e854d5e,"{""ルート検索"": """", ""住所"": ""熊本県氷川町島地651"", ""市町村"": ""氷川町"", ""混雑状況"": """", ""避難所名"": ""竜北福祉センター"", ""開設状況"": ""未開設（Web開設一覧に掲載なし）""}",matched_multiple,exact_name_address,1.000,2,1280,E4346800010111,E4346800010111;E4346800010121,竜北福祉センター,熊本県氷川町島地651,1,,要配慮者,32.583387811092,130.67411923028,"[{""共通ID"": ""E4346800010111"", ""経度"": ""130.67411923028"", ""緯度"": ""32.583387811092""}, {""共通ID"": ""E4346800010121"", ""経度"": ""130.67390692249"", ""緯度"": ""32.583324585235""}]",,"[{""NO"": ""1280"", ""その他市町村長が必要と認める事項"": """", ""住所"": ""熊本県氷川町島地651"", ""備考"": """", ""共通ID"": ""E4346800010111"", ""受入対象者"": """", ""指定緊急避難場所との住所同一"": ""1"", ""施設・場所名"": ""竜北福祉センター"", ""経度"": ""130.67411923028"", ""緯度"": ""32.583387811092""}, {""NO"": ""1281"", ""その他市町村長が必要と認める事項"": """", ""住所"": ""熊本県氷川町島地651"", ""備考"": """", ""共通ID"": ""E4346800010121"", ""受入対象者"": ""要配慮者"", ""指定緊急避難場所との住所同一"": ""1"", ""施設・場所名"": ""竜北福祉センター"", ""経度"": ""130.67390692249"", ""緯度"": ""32.583324585235""}]",[],reference/43000_1.csv,826df538e39b2b9a92263df3923cbb095581fd79ac7a5fb050202dbd899c7c44,,,,,,unmatched,no_candidate,,,,,,unmatched,manual_no_match,,,32.583387811092,130.67411923028,gsi_reference,reference_latitude_longitude,complete
2026-08-24,2026-08-24T00:33:05+09:00,26/08/24 00:33時点の避難所状況の一覧です。,2026-08-24T00:33+09:00,ref:E4344300002121,1ece47c366c11d38684b,熊本市,くまもと江津湖療育医療センター,未開設(Web開設一覧に掲載なし),false,,,熊本県熊本市東区画図町重富575,,unchanged,未開設(Web開設一覧に掲載なし),,,https://portal.bousai.pref.kumamoto.jp/sp.html?p=evacuation%2Fshelter&l=15-0&ll=32.63819999999999%2C130.77610000000004&z=9&municipalityCd=430005,06457bad8be519cc71f6aedc41f244b85e7a1709af92963ce4627cced86d2685,"{""ルート検索"": """", ""住所"": ""熊本県熊本市東区画図町重富575"", ""市町村"": ""熊本市"", ""混雑状況"": """", ""避難所名"": ""くまもと江津湖療育医療センター"", ""開設状況"": ""未開設（Web開設一覧に掲載なし）""}",matched,exact_name_address,1.000,1,456,E4344300002121,E4344300002121,くまもと江津湖療育医療センター,熊本県熊本市東区画図町重富575,,,町が特定した在宅の身体障がい者、要介護者のうち、一般的な避難所では生活に支障をきたすもの,32.759453444381,130.72937018113,"[{""共通ID"": ""E4344300002121"", ""経度"": ""130.72937018113"", ""緯度"": ""32.759453444381""}]",,"[{""NO"": ""456"", ""その他市町村長が必要と認める事項"": """", ""住所"": ""熊本県熊本市東区画図町重富575"", ""備考"": """", ""共通ID"": ""E4344300002121"", ""受入対象者"": ""町が特定した在宅の身体障がい者、要介護者のうち、一般的な避難所では生活に支障をきたすもの"", ""指定緊急避難場所との住所同一"": """", ""施設・場所名"": ""くまもと江津湖療育医療センター"", ""経度"": ""130.72937018113"", ""緯度"": ""32.759453444381""}]",[],reference/43000_1.csv,826df538e39b2b9a92263df3923cbb095581fd79ac7a5fb050202dbd899c7c44,,,,,,unmatched,no_candidate,,,,,,unmatched,manual_no_match,,,32.759453444381,130.72937018113,gsi_reference,reference_latitude_longitude,complete
2026-08-24,2026-08-24T00:33:05+09:00,26/08/24 00:33時点の避難所状況の一覧です。,2026-08-24T00:33+09:00,ref:E4344300006121,12c48e18beed6d4d1ebb,熊本市,ケアハウスわらべ苑,未開設(Web開設一覧に掲載なし),false,,,熊本県熊本市東区新南部2-1-35,,unchanged,未開設(Web開設一覧に掲載なし),,,https://portal.bousai.pref.kumamoto.jp/sp.html?p=evacuation%2Fshelter&l=15-0&ll=32.63819999999999%2C130.77610000000004&z=9&municipalityCd=430005,7d7c7d75f6fd9fb55b8041c4151d629c28ed64daad9e5af8c139eb90790db927,"{""ルート検索"": """", ""住所"": ""熊本県熊本市東区新南部2-1-35"", ""市町村"": ""熊本市"", ""混雑状況"": """", ""避難所名"": ""ケアハウスわらべ苑"", ""開設状況"": ""未開設（Web開設一覧に掲載なし）""}",matched,exact_name_address,1.000,1,479,E4344300006121,E4344300006121,ケアハウスわらべ苑,熊本県熊本市東区新南部2-1-35,,,町が特定した在宅の身体障がい者、要介護者のうち、一般的な避難所では生活に支障をきたすもの,32.816312558443,130.74606425004,"[{""共通ID"": ""E4344300006121"", ""経度"": ""130.74606425004"", ""緯度"": ""32.816312558443""}]",,"[{""NO"": ""479"", ""その他市町村長が必要と認める事項"": """", ""住所"": ""熊本県熊本市東区新南部2-1-35"", ""備考"": """", ""共通ID"": ""E4344300006121"", ""受入対象者"": ""町が特定した在宅の身体障がい者、要介護者のうち、一般的な避難所では生活に支障をきたすもの"", ""指定緊急避難場所との住所同一"": """", ""施設・場所名"": ""ケアハウスわらべ苑"", ""経度"": ""130.74606425004"", ""緯度"": ""32.816312558443""}]",[],reference/43000_1.csv,826df538e39b2b9a92263df3923cbb095581fd79ac7a5fb050202dbd899c7c44,,,,,,unmatched,no_candidate,,,,,,unmatched,manual_no_match,,,32.816312558443,130.74606425004,gsi_reference,reference_latitude_longitude,complete
2026-08-24,2026-08-24T00:33:05+09:00,26/08/24 00:33時点の避難所状況の一覧です。,2026-08-24T00:33+09:00,ref:E4344300001121,5f311c1525c582b99b27,熊本市,ノットホーム,未開設(Web開設一覧に掲載なし),false,,,熊本県熊本市中央区黒髪5-23-1,,unchanged,未開設(Web開設一覧に掲載なし),,,https://portal.bousai.pref.kumamoto.jp/sp.html?p=evacuation%2Fshelter&l=15-0&ll=32.63819999999999%2C130.77610000000004&z=9&municipalityCd=430005,0b4e840f9cd8f09369aa016b998d71113d5f74361e2cd01e8813eaca49ed3e42,"{""ルート検索"": """", ""住所"": ""熊本県熊本市中央区黒髪5-23-1"", ""市町村"": ""熊本市"", ""混雑状況"": """", ""避難所名"": ""ノットホーム"", ""開設状況"": ""未開設（Web開設一覧に掲載なし）""}",matched,exact_name_address,1.000,1,423,E4344300001121,E4344300001121,ノットホーム,熊本県熊本市中央区黒髪5-23-1,,,町が特定した在宅の身体障がい者、要介護者のうち、一般的な避難所では生活に支障をきたすもの,32.818641628893,130.73083399259,"[{""共通ID"": ""E4344300001121"", ""経度"": ""130.73083399259"", ""緯度"": ""32.818641628893""}]",,"[{""NO"": ""423"", ""その他市町村長が必要と認める事項"": """", ""住所"": ""熊本県熊本市中央区黒髪5-23-1"", ""備考"": """", ""共通ID"": ""E4344300001121"", ""受入対象者"": ""町が特定した在宅の身体障がい者、要介護者のうち、一般的な避難所では生活に支障をきたすもの"", ""指定緊急避難場所との住所同一"": """", ""施設・場所名"": ""ノットホーム"", ""経度"": ""130.73083399259"", ""緯度"": ""32.818641628893""}]",[],reference/43000_1.csv,826df538e39b2b9a92263df3923cbb095581fd79ac7a5fb050202dbd899c7c44,,,,,,unmatched,no_candidate,,,,,,unmatched,manual_no_match,,,32.818641628893,130.73083399259,gsi_reference,reference_latitude_longitude,complete
2026-08-24,2026-08-24T00:33:05+09:00,26/08/24 00:33時点の避難所状況の一覧です。,2026-08-24T00:33+09:00,ref:E4310000202111,4ce4fc868697548166c7,熊本市,城南総合スポーツセンター,未開設(Web開設一覧に掲載なし),false,,,熊本県熊本市南区城南町舞原144-1,,unchanged,未開設(Web開設一覧に掲載なし),,,https://portal.bousai.pref.kumamoto.jp/sp.html?p=evacuation%2Fshelter&l=15-0&ll=32.63819999999999%2C130.77610000000004&z=9&municipalityCd=430005,301d7205c2d736a4f15866214ba76467a25c654b5ddf3f50c414295242e8a41e,"{""ルート検索"": """", ""住所"": ""熊本県熊本市南区城南町舞原144-1"", ""市町村"": ""熊本市"", ""混雑状況"": """", ""避難所名"": ""城南総合スポーツセンター"", ""開設状況"": ""未開設（Web開設一覧に掲載なし）""}",matched,exact_name_address,1.000,1,514,E4310000202111,E4310000202111,城南総合スポーツセンター,熊本県熊本市南区城南町舞原144-1,1,,,32.70785024,130.7481883,"[{""共通ID"": ""E4310000202111"", ""経度"": ""130.7481883"", ""緯度"": ""32.70785024""}]",,"[{""NO"": ""514"", ""その他市町村長が必要と認める事項"": """", ""住所"": ""熊本県熊本市南区城南町舞原144-1"", ""備考"": """", ""共通ID"": ""E4310000202111"", ""受入対象者"": """", ""指定緊急避難場所との住所同一"": ""1"", ""施設・場所名"": ""城南総合スポーツセンター"", ""経度"": ""130.7481883"", ""緯度"": ""32.70785024""}]",[],reference/43000_1.csv,826df538e39b2b9a92263df3923cbb095581fd79ac7a5fb050202dbd899c7c44,,,,,,unmatched,fuzzy_below_threshold,0.828,,,,,unmatched,manual_no_match,,,32.70785024,130.7481883,gsi_reference,reference_latitude_longitude,complete
2026-08-24,2026-08-24T00:33:05+09:00,26/08/24 00:33時点の避難所状況の一覧です。,2026-08-24T00:33+09:00,ref:E4344300007121,efe98bd183ba7c1963e4,熊本市,小規模多機能ホーム 田原ふれあいの家,未開設(Web開設一覧に掲載なし),false,,,熊本県熊本市北区植木町鞍掛1791,,unchanged,未開設(Web開設一覧に掲載なし),,,https://portal.bousai.pref.kumamoto.jp/sp.html?p=evacuation%2Fshelter&l=15-0&ll=32.63819999999999%2C130.77610000000004&z=9&municipalityCd=430005,0350a5ee9796b72ba2ada6ac9c8546ef4e4f51cf14564e5adb634c7fc471be94,"{""ルート検索"": """", ""住所"": ""熊本県熊本市北区植木町鞍掛1791"", ""市町村"": ""熊本市"", ""混雑状況"": """", ""避難所名"": ""小規模多機能ホーム 田原ふれあいの家"", ""開設状況"": ""未開設（Web開設一覧に掲載なし）""}",matched,exact_name_address,1.000,1,541,E4344300007121,E4344300007121,小規模多機能ホーム 田原ふれあいの家,熊本県熊本市北区植木町鞍掛1791,,,町が特定した在宅の身体障がい者、要介護者のうち、一般的な避難所では生活に支障をきたすもの,32.90198664824,130.67576792579,"[{""共通ID"": ""E4344300007121"", ""経度"": ""130.67576792579"", ""緯度"": ""32.90198664824""}]",,"[{""NO"": ""541"", ""その他市町村長が必要と認める事項"": """", ""住所"": ""熊本県熊本市北区植木町鞍掛1791"", ""備考"": """", ""共通ID"": ""E4344300007121"", ""受入対象者"": ""町が特定した在宅の身体障がい者、要介護者のうち、一般的な避難所では生活に支障をきたすもの"", ""指定緊急避難場所との住所同一"": """", ""施設・場所名"": ""小規模多機能ホーム 田原ふれあいの家"", ""経度"": ""130.67576792579"", ""緯度"": ""32.90198664824""}]",[],reference/43000_1.csv,826df538e39b2b9a92263df3923cbb095581fd79ac7a5fb050202dbd899c7c44,,,,,,unmatched,no_candidate,,,,,,unmatched,manual_no_match,,,32.90198664824,130.67576792579,gsi_reference,reference_latitude_longitude,complete
2026-08-24,2026-08-24T00:33:05+09:00,26/08/24 00:33時点の避難所状況の一覧です。,2026-08-24T00:33+09:00,ref:E4310000241111,531484128a8797fdd249,熊本市,植木中央公園運動施設,未開設(Web開設一覧に掲載なし),false,,,熊本県熊本市北区植木町岩野285-35,,unchanged,未開設(Web開設一覧に掲載なし),,,https://portal.bousai.pref.kumamoto.jp/sp.html?p=evacuation%2Fshelter&l=15-0&ll=32.63819999999999%2C130.77610000000004&z=9&municipalityCd=430005,853e9a746dab90c5212745166af97c7189044960cc718f38d8c88d9743865171,"{""ルート検索"": """", ""住所"": ""熊本県熊本市北区植木町岩野285-35"", ""市町村"": ""熊本市"", ""混雑状況"": """", ""避難所名"": ""植木中央公園運動施設"", ""開設状況"": ""未開設（Web開設一覧に掲載なし）""}",matched,exact_name_address,1.000,1,545,E4310000241111,E4310000241111,植木中央公園運動施設,熊本県熊本市北区植木町岩野285-35,1,,,32.902734,130.69985,"[{""共通ID"": ""E4310000241111"", ""経度"": ""130.69985"", ""緯度"": ""32.902734""}]",,"[{""NO"": ""545"", ""その他市町村長が必要と認める事項"": """", ""住所"": ""熊本県熊本市北区植木町岩野285-35"", ""備考"": """", ""共通ID"": ""E4310000241111"", ""受入対象者"": """", ""指定緊急避難場所との住所同一"": ""1"", ""施設・場所名"": ""植木中央公園運動施設"", ""経度"": ""130.69985"", ""緯度"": ""32.902734""}]",[],reference/43000_1.csv,826df538e39b2b9a92263df3923cbb095581fd79ac7a5fb050202dbd899c7c44,,,,,,unmatched,no_candidate,,,,,,unmatched,manual_no_match,,,32.902734,130.69985,gsi_reference,reference_latitude_longitude,complete
2026-08-24,2026-08-24T00:33:05+09:00,26/08/24 00:33時点の避難所状況の一覧です。,2026-08-24T00:33+09:00,ref:E4344300004121,5119f8dcdb28f393ee3b,熊本市,特別養護老人ホームシルバーピアさくら樹,未開設(Web開設一覧に掲載なし),false,,,熊本県熊本市東区佐土原3-12-26,,unchanged,未開設(Web開設一覧に掲載なし),,,https://portal.bousai.pref.kumamoto.jp/sp.html?p=evacuation%2Fshelter&l=15-0&ll=32.63819999999999%2C130.77610000000004&z=9&municipalityCd=430005,28a07b62660a5e5cd568380f66ae029ce9187d43e6150924fcf7589efd46ff47,"{""ルート検索"": """", ""住所"": ""熊本県熊本市東区佐土原3-12-26"", ""市町村"": ""熊本市"", ""混雑状況"": """", ""避難所名"": ""特別養護老人ホームシルバーピアさくら樹"", ""開設状況"": ""未開設（Web開設一覧に掲載なし）""}",matched,exact_name_address,1.000,1,467,E4344300004121,E4344300004121,特別養護老人ホームシルバーピアさくら樹,熊本県熊本市東区佐土原3-12-26,,,町が特定した在宅の身体障がい者、要介護者のうち、一般的な避難所では生活に支障をきたすもの,32.795304276417,130.78245428508,"[{""共通ID"": ""E4344300004121"", ""経度"": ""130.78245428508"", ""緯度"": ""32.795304276417""}]",,"[{""NO"": ""467"", ""その他市町村長が必要と認める事項"": """", ""住所"": ""熊本県熊本市東区佐土原3-12-26"", ""備考"": """", ""共通ID"": ""E4344300004121"", ""受入対象者"": ""町が特定した在宅の身体障がい者、要介護者のうち、一般的な避難所では生活に支障をきたすもの"", ""指定緊急避難場所との住所同一"": """", ""施設・場所名"": ""特別養護老人ホームシルバーピアさくら樹"", ""経度"": ""130.78245428508"", ""緯度"": ""32.795304276417""}]",[],reference/43000_1.csv,826df538e39b2b9a92263df3923cbb095581fd79ac7a5fb050202dbd899c7c44,,,,,,unmatched,no_candidate,,,,,,unmatched,manual_no_match,,,32.795304276417,130.78245428508,gsi_reference,reference_latitude_longitude,complete
2026-08-24,2026-08-24T00:33:05+09:00,26/08/24 00:33時点の避難所状況の一覧です。,2026-08-24T00:33+09:00,ref:E4344300005121,e163223bbceaf60e8ce7,熊本市,盲養護老人ホーム熊本めぐみの園,未開設(Web開設一覧に掲載なし),false,,,熊本県熊本市東区小山1781,,unchanged,未開設(Web開設一覧に掲載なし),,,https://portal.bousai.pref.kumamoto.jp/sp.html?p=evacuation%2Fshelter&l=15-0&ll=32.63819999999999%2C130.77610000000004&z=9&municipalityCd=430005,ef2b0cf1ce9dd886c870f1717925661a9f1357495a3b9fcf76d62ff2a1c171dc,"{""ルート検索"": """", ""住所"": ""熊本県熊本市東区小山1781"", ""市町村"": ""熊本市"", ""混雑状況"": """", ""避難所名"": ""盲養護老人ホーム熊本めぐみの園"", ""開設状況"": ""未開設（Web開設一覧に掲載なし）""}",matched,exact_name_address,1.000,1,475,E4344300005121,E4344300005121,盲養護老人ホーム熊本めぐみの園,熊本県熊本市東区小山1781,,,町が特定した在宅の身体障がい者、要介護者のうち、一般的な避難所では生活に支障をきたすもの,32.831782254471,130.81219998306,"[{""共通ID"": ""E4344300005121"", ""経度"": ""130.81219998306"", ""緯度"": ""32.831782254471""}]",,"[{""NO"": ""475"", ""その他市町村長が必要と認める事項"": """", ""住所"": ""熊本県熊本市東区小山1781"", ""備考"": """", ""共通ID"": ""E4344300005121"", ""受入対象者"": ""町が特定した在宅の身体障がい者、要介護者のうち、一般的な避難所では生活に支障をきたすもの"", ""指定緊急避難場所との住所同一"": """", ""施設・場所名"": ""盲養護老人ホーム熊本めぐみの園"", ""経度"": ""130.81219998306"", ""緯度"": ""32.831782254471""}]",[],reference/43000_1.csv,826df538e39b2b9a92263df3923cbb095581fd79ac7a5fb050202dbd899c7c44,,,,,,unmatched,no_candidate,,,,,,unmatched,manual_no_match,,,32.831782254471,130.81219998306,gsi_reference,reference_latitude_longitude,complete
2026-08-24,2026-08-24T00:33:05+09:00,26/08/24 00:33時点の避難所状況の一覧です。,2026-08-24T00:33+09:00,ref:E4344400002121,f025ac1bb4a835721073,熊本市,社会福祉法人 恵春会特別養護老人ホーム 祥麟館,未開設(Web開設一覧に掲載なし),false,,,熊本県熊本市南区沈目1513,,unchanged,未開設(Web開設一覧に掲載なし),,,https://portal.bousai.pref.kumamoto.jp/sp.html?p=evacuation%2Fshelter&l=15-0&ll=32.63819999999999%2C130.77610000000004&z=9&municipalityCd=430005,774d1f4bb7e63029e5cbe31ede29018abcca8df95e41026351299c3ec03d2b77,"{""ルート検索"": """", ""住所"": ""熊本県熊本市南区沈目1513"", ""市町村"": ""熊本市"", ""混雑状況"": """", ""避難所名"": ""社会福祉法人 恵春会特別養護老人ホーム 祥麟館"", ""開設状況"": ""未開設（Web開設一覧に掲載なし）""}",matched,exact_name_address,1.000,1,520,E4344400002121,E4344400002121,社会福祉法人 恵春会特別養護老人ホーム 祥麟館,熊本県熊本市南区沈目1513,,事前に福祉課に要相談,要介護高齢者、障害者、妊産婦、乳幼児等,32.6970881590132,130.750495830281,"[{""共通ID"": ""E4344400002121"", ""経度"": ""130.750495830281"", ""緯度"": ""32.6970881590132""}]",,"[{""NO"": ""520"", ""その他市町村長が必要と認める事項"": ""事前に福祉課に要相談"", ""住所"": ""熊本県熊本市南区沈目1513"", ""備考"": """", ""共通ID"": ""E4344400002121"", ""受入対象者"": ""要介護高齢者、障害者、妊産婦、乳幼児等"", ""指定緊急避難場所との住所同一"": """", ""施設・場所名"": ""社会福祉法人 恵春会特別養護老人ホーム 祥麟館"", ""経度"": ""130.750495830281"", ""緯度"": ""32.6970881590132""}]",[],reference/43000_1.csv,826df538e39b2b9a92263df3923cbb095581fd79ac7a5fb050202dbd899c7c44,,,,,,unmatched,no_candidate,,,,,,unmatched,manual_no_match,,,32.6970881590132,130.750495830281,gsi_reference,reference_latitude_longitude,complete
2026-08-24,2026-08-24T00:33:05+09:00,26/08/24 00:33時点の避難所状況の一覧です。,2026-08-24T00:33+09:00,ref:E4344300003121,cbdcc2e8101e29978fca,熊本市,軽費老人ホーム あかつき,未開設(Web開設一覧に掲載なし),false,,,熊本県熊本市東区戸島西2-4-50,,unchanged,未開設(Web開設一覧に掲載なし),,,https://portal.bousai.pref.kumamoto.jp/sp.html?p=evacuation%2Fshelter&l=15-0&ll=32.63819999999999%2C130.77610000000004&z=9&municipalityCd=430005,70589038bd3931fd1cea38e57c8357e835ab42e2445135a76dcf82709f0477e3,"{""ルート検索"": """", ""住所"": ""熊本県熊本市東区戸島西2-4-50"", ""市町村"": ""熊本市"", ""混雑状況"": """", ""避難所名"": ""軽費老人ホーム あかつき"", ""開設状況"": ""未開設（Web開設一覧に掲載なし）""}",matched,exact_name_address,1.000,1,464,E4344300003121,E4344300003121,軽費老人ホーム あかつき,熊本県熊本市東区戸島西2-4-50,,,町が特定した在宅の身体障がい者、要介護者のうち、一般的な避難所では生活に支障をきたすもの,32.812583625154,130.78212735448,"[{""共通ID"": ""E4344300003121"", ""経度"": ""130.78212735448"", ""緯度"": ""32.812583625154""}]",,"[{""NO"": ""464"", ""その他市町村長が必要と認める事項"": """", ""住所"": ""熊本県熊本市東区戸島西2-4-50"", ""備考"": """", ""共通ID"": ""E4344300003121"", ""受入対象者"": ""町が特定した在宅の身体障がい者、要介護者のうち、一般的な避難所では生活に支障をきたすもの"", ""指定緊急避難場所との住所同一"": """", ""施設・場所名"": ""軽費老人ホーム あかつき"", ""経度"": ""130.78212735448"", ""緯度"": ""32.812583625154""}]",[],reference/43000_1.csv,826df538e39b2b9a92263df3923cbb095581fd79ac7a5fb050202dbd899c7c44,,,,,,unmatched,no_candidate,,,,,,unmatched,manual_no_match,,,32.812583625154,130.78212735448,gsi_reference,reference_latitude_longitude,complete
2026-08-24,2026-08-24T00:33:05+09:00,26/08/24 00:33時点の避難所状況の一覧です。,2026-08-24T00:33+09:00,ref:E4320600003111,2edc63053f4ae583a097,玉名市,伊倉ふれあいセンター,未開設(Web開設一覧に掲載なし),false,,,熊本県玉名市伊倉北方3230-5,,unchanged,未開設(Web開設一覧に掲載なし),,,https://portal.bousai.pref.kumamoto.jp/sp.html?p=evacuation%2Fshelter&l=15-0&ll=32.63819999999999%2C130.77610000000004&z=9&municipalityCd=430005,14656faf5cbb991292ce133df63e1f13a7a391b74542f99bc99145ad9a580932,"{""ルート検索"": """", ""住所"": ""熊本県玉名市伊倉北方3230-5"", ""市町村"": ""玉名市"", ""混雑状況"": """", ""避難所名"": ""伊倉ふれあいセンター"", ""開設状況"": ""未開設（Web開設一覧に掲載なし）""}",matched,exact_name_address,1.000,1,332,E4320600003111,E4320600003111,伊倉ふれあいセンター,熊本県玉名市伊倉北方3230-5,,,,32.907925,130.569245,"[{""共通ID"": ""E4320600003111"", ""経度"": ""130.569245"", ""緯度"": ""32.907925""}]",,"[{""NO"": ""332"", ""その他市町村長が必要と認める事項"": """", ""住所"": ""熊本県玉名市伊倉北方3230-5"", ""備考"": """", ""共通ID"": ""E4320600003111"", ""受入対象者"": """", ""指定緊急避難場所との住所同一"": """", ""施設・場所名"": ""伊倉ふれあいセンター"", ""経度"": ""130.569245"", ""緯度"": ""32.907925""}]",[],reference/43000_1.csv,826df538e39b2b9a92263df3923cbb095581fd79ac7a5fb050202dbd899c7c44,,,,,,unmatched,no_candidate,,,,,,unmatched,manual_no_match,,,32.907925,130.569245,gsi_reference,reference_latitude_longitude,complete
2026-08-24,2026-08-24T00:33:05+09:00,26/08/24 00:33時点の避難所状況の一覧です。,2026-08-24T00:33+09:00,ref:E4320600007111,8b9db3b7541b9e5550ae,玉名市,横島町体育館,未開設(Web開設一覧に掲載なし),false,,,熊本県玉名市横島町横島3808,,unchanged,未開設(Web開設一覧に掲載なし),,,https://portal.bousai.pref.kumamoto.jp/sp.html?p=evacuation%2Fshelter&l=15-0&ll=32.63819999999999%2C130.77610000000004&z=9&municipalityCd=430005,984e0d937d080a1367f283a60725a15f380f7be255fb9c3dc7ac3a52fabfc82d,"{""ルート検索"": """", ""住所"": ""熊本県玉名市横島町横島3808"", ""市町村"": ""玉名市"", ""混雑状況"": """", ""避難所名"": ""横島町体育館"", ""開設状況"": ""未開設（Web開設一覧に掲載なし）""}",matched,exact_name_address,1.000,1,334,E4320600007111,E4320600007111,横島町体育館,熊本県玉名市横島町横島3808,,,,32.877841,130.553102,"[{""共通ID"": ""E4320600007111"", ""経度"": ""130.553102"", ""緯度"": ""32.877841""}]",,"[{""NO"": ""334"", ""その他市町村長が必要と認める事項"": """", ""住所"": ""熊本県玉名市横島町横島3808"", ""備考"": """", ""共通ID"": ""E4320600007111"", ""受入対象者"": """", ""指定緊急避難場所との住所同一"": """", ""施設・場所名"": ""横島町体育館"", ""経度"": ""130.553102"", ""緯度"": ""32.877841""}]",[],reference/43000_1.csv,826df538e39b2b9a92263df3923cbb095581fd79ac7a5fb050202dbd899c7c44,,,,,,unmatched,fuzzy_below_threshold,0.880,,,,,unmatched,manual_no_match,,,32.877841,130.553102,gsi_reference,reference_latitude_longitude,complete
2026-08-24,2026-08-24T00:33:05+09:00,26/08/24 00:33時点の避難所状況の一覧です。,2026-08-24T00:33+09:00,ref:E4336400013113,c054db02dc8a786e876e,玉東町,玉東町役場(各階あるまちスペース),未開設(Web開設一覧に掲載なし),false,,,熊本県玉東町木葉759,,unchanged,未開設(Web開設一覧に掲載なし),,,https://portal.bousai.pref.kumamoto.jp/sp.html?p=evacuation%2Fshelter&l=15-0&ll=32.63819999999999%2C130.77610000000004&z=9&municipalityCd=430005,3f30965a3a13a05281d72cbe75353e54c7ebf7f8fc46a2c88e8efb6a8ba4dab3,"{""ルート検索"": """", ""住所"": ""熊本県玉東町木葉759"", ""市町村"": ""玉東町"", ""混雑状況"": """", ""避難所名"": ""玉東町役場(各階あるまちスペース)"", ""開設状況"": ""未開設（Web開設一覧に掲載なし）""}",matched,exact_name_address,1.000,1,330,E4336400013113,E4336400013113,玉東町役場(各階あるまちスペース),熊本県玉東町木葉759,1,,,32.919205,130.628542,"[{""共通ID"": ""E4336400013113"", ""経度"": ""130.628542"", ""緯度"": ""32.919205""}]",,"[{""NO"": ""330"", ""その他市町村長が必要と認める事項"": """", ""住所"": ""熊本県玉東町木葉759"", ""備考"": """", ""共通ID"": ""E4336400013113"", ""受入対象者"": """", ""指定緊急避難場所との住所同一"": ""1"", ""施設・場所名"": ""玉東町役場(各階あるまちスペース)"", ""経度"": ""130.628542"", ""緯度"": ""32.919205""}]",[],reference/43000_1.csv,826df538e39b2b9a92263df3923cbb095581fd79ac7a5fb050202dbd899c7c44,,,,,,ambiguous,coordinate_near_tie,,,,,,unmatched,manual_no_match,,,32.919205,130.628542,gsi_reference,reference_latitude_longitude,complete
2026-08-24,2026-08-24T00:33:05+09:00,26/08/24 00:33時点の避難所状況の一覧です。,2026-08-24T00:33+09:00,ref:E4351300028111,3142083a804c9b3d7f49,球磨村,さくらドーム及び周辺施設(千寿園),未開設(Web開設一覧に掲載なし),false,,,熊本県球磨村大字渡乙880-21,,unchanged,未開設(Web開設一覧に掲載なし),,,https://portal.bousai.pref.kumamoto.jp/sp.html?p=evacuation%2Fshelter&l=15-0&ll=32.63819999999999%2C130.77610000000004&z=9&municipalityCd=430005,bc46f6539e8a8218fbf5eac11da9d68b50f209ee56cbcc987e8d5f222e3b4b60,"{""ルート検索"": """", ""住所"": ""熊本県球磨村大字渡乙880-21"", ""市町村"": ""球磨村"", ""混雑状況"": """", ""避難所名"": ""さくらドーム及び周辺施設(千寿園)"", ""開設状況"": ""未開設（Web開設一覧に掲載なし）""}",matched,exact_name_address,1.000,1,311,E4351300028111,E4351300028111,さくらドーム及び周辺施設(千寿園),熊本県球磨村大字渡乙880-21,,,,32.234947,130.703276,"[{""共通ID"": ""E4351300028111"", ""経度"": ""130.703276"", ""緯度"": ""32.234947""}]",,"[{""NO"": ""311"", ""その他市町村長が必要と認める事項"": """", ""住所"": ""熊本県球磨村大字渡乙880-21"", ""備考"": """", ""共通ID"": ""E4351300028111"", ""受入対象者"": """", ""指定緊急避難場所との住所同一"": """", ""施設・場所名"": ""さくらドーム及び周辺施設(千寿園)"", ""経度"": ""130.703276"", ""緯度"": ""32.234947""}]",[],reference/43000_1.csv,826df538e39b2b9a92263df3923cbb095581fd79ac7a5fb050202dbd899c7c44,,,,,,unmatched,no_candidate,,,,,,unmatched,manual_no_match,,,32.234947,130.703276,gsi_reference,reference_latitude_longitude,complete
2026-08-24,2026-08-24T00:33:05+09:00,26/08/24 00:33時点の避難所状況の一覧です。,2026-08-24T00:33+09:00,ref:E4351300017111,83c6dc4282358a0008f9,球磨村,コミニュティセンターたかさわ,未開設(Web開設一覧に掲載なし),false,,,熊本県球磨村大字神瀬丁548-2,,unchanged,未開設(Web開設一覧に掲載なし),,,https://portal.bousai.pref.kumamoto.jp/sp.html?p=evacuation%2Fshelter&l=15-0&ll=32.63819999999999%2C130.77610000000004&z=9&municipalityCd=430005,490eff8922eb85fde893628c6c589664f2d840d76851fc49b23be6069fe286e8,"{""ルート検索"": """", ""住所"": ""熊本県球磨村大字神瀬丁548-2"", ""市町村"": ""球磨村"", ""混雑状況"": """", ""避難所名"": ""コミニュティセンターたかさわ"", ""開設状況"": ""未開設（Web開設一覧に掲載なし）""}",matched,exact_name_address,1.000,1,306,E4351300017111,E4351300017111,コミニュティセンターたかさわ,熊本県球磨村大字神瀬丁548-2,1,,,32.2951714061669,130.64217147848,"[{""共通ID"": ""E4351300017111"", ""経度"": ""130.64217147848"", ""緯度"": ""32.2951714061669""}]",,"[{""NO"": ""306"", ""その他市町村長が必要と認める事項"": """", ""住所"": ""熊本県球磨村大字神瀬丁548-2"", ""備考"": """", ""共通ID"": ""E4351300017111"", ""受入対象者"": """", ""指定緊急避難場所との住所同一"": ""1"", ""施設・場所名"": ""コミニュティセンターたかさわ"", ""経度"": ""130.64217147848"", ""緯度"": ""32.2951714061669""}]",[],reference/43000_1.csv,826df538e39b2b9a92263df3923cbb095581fd79ac7a5fb050202dbd899c7c44,,,,,,unmatched,fuzzy_below_threshold,0.937,,,,,unmatched,manual_no_match,,,32.2951714061669,130.64217147848,gsi_reference,reference_latitude_longitude,complete
2026-08-24,2026-08-24T00:33:05+09:00,26/08/24 00:33時点の避難所状況の一覧です。,2026-08-24T00:33+09:00,ref:E4351300026111,6e6a596afae472338a6e,球磨村,神瀬神照寺,未開設(Web開設一覧に掲載なし),false,,,熊本県球磨村大字神瀬1132,,unchanged,未開設(Web開設一覧に掲載なし),,,https://portal.bousai.pref.kumamoto.jp/sp.html?p=evacuation%2Fshelter&l=15-0&ll=32.63819999999999%2C130.77610000000004&z=9&municipalityCd=430005,c6689efc29baaba2d115cbca013687e02c4a455279cbb0e9567dca8734fc86e1,"{""ルート検索"": """", ""住所"": ""熊本県球磨村大字神瀬1132"", ""市町村"": ""球磨村"", ""混雑状況"": """", ""避難所名"": ""神瀬神照寺"", ""開設状況"": ""未開設（Web開設一覧に掲載なし）""}",matched,exact_name_address,1.000,1,305,E4351300026111,E4351300026111,神瀬神照寺,熊本県球磨村大字神瀬1132,,,,32.31233,130.614599,"[{""共通ID"": ""E4351300026111"", ""経度"": ""130.614599"", ""緯度"": ""32.31233""}]",,"[{""NO"": ""305"", ""その他市町村長が必要と認める事項"": """", ""住所"": ""熊本県球磨村大字神瀬1132"", ""備考"": """", ""共通ID"": ""E4351300026111"", ""受入対象者"": """", ""指定緊急避難場所との住所同一"": """", ""施設・場所名"": ""神瀬神照寺"", ""経度"": ""130.614599"", ""緯度"": ""32.31233""}]",[],reference/43000_1.csv,826df538e39b2b9a92263df3923cbb095581fd79ac7a5fb050202dbd899c7c44,,,,,,unmatched,no_candidate,,,,,,unmatched,manual_no_match,,,32.31233,130.614599,gsi_reference,reference_latitude_longitude,complete
2026-08-24,2026-08-24T00:33:05+09:00,26/08/24 00:33時点の避難所状況の一覧です。,2026-08-24T00:33+09:00,ref:E4342500010111,5316d52929ff6d71da95,産山村,南田尻公民館,未開設(Web開設一覧に掲載なし),false,,,熊本県産山村大字田尻1497-1,,unchanged,未開設(Web開設一覧に掲載なし),,,https://portal.bousai.pref.kumamoto.jp/sp.html?p=evacuation%2Fshelter&l=15-0&ll=32.63819999999999%2C130.77610000000004&z=9&municipalityCd=430005,885a28abfee48f6d4147a1871d2ad5985f0386bcac159bc955ed7d0a231bbbca,"{""ルート検索"": """", ""住所"": ""熊本県産山村大字田尻1497-1"", ""市町村"": ""産山村"", ""混雑状況"": """", ""避難所名"": ""南田尻公民館"", ""開設状況"": ""未開設（Web開設一覧に掲載なし）""}",matched,exact_name_address,1.000,1,809,E4342500010111,E4342500010111,南田尻公民館,熊本県産山村大字田尻1497-1,,,,33.023125213005,131.1757080775,"[{""共通ID"": ""E4342500010111"", ""経度"": ""131.1757080775"", ""緯度"": ""33.023125213005""}]",,"[{""NO"": ""809"", ""その他市町村長が必要と認める事項"": """", ""住所"": ""熊本県産山村大字田尻1497-1"", ""備考"": """", ""共通ID"": ""E4342500010111"", ""受入対象者"": """", ""指定緊急避難場所との住所同一"": """", ""施設・場所名"": ""南田尻公民館"", ""経度"": ""131.1757080775"", ""緯度"": ""33.023125213005""}]",[],reference/43000_1.csv,826df538e39b2b9a92263df3923cbb095581fd79ac7a5fb050202dbd899c7c44,,,,,,unmatched,no_candidate,,,,,,unmatched,manual_no_match,,,33.023125213005,131.1757080775,gsi_reference,reference_latitude_longitude,complete
2026-08-24,2026-08-24T00:33:05+09:00,26/08/24 00:33時点の避難所状況の一覧です。,2026-08-24T00:33+09:00,ref:E4342500001111,b67721af95551312c629,産山村,平川公民館,未開設(Web開設一覧に掲載なし),false,,,熊本県産山村大字山鹿1332-14,,unchanged,未開設(Web開設一覧に掲載なし),,,https://portal.bousai.pref.kumamoto.jp/sp.html?p=evacuation%2Fshelter&l=15-0&ll=32.63819999999999%2C130.77610000000004&z=9&municipalityCd=430005,f8aa5ade1723e9c5ade4d7e1d8425c3c58e1f3a8521d8b80d44c36d23ffd574f,"{""ルート検索"": """", ""住所"": ""熊本県産山村大字山鹿1332-14"", ""市町村"": ""産山村"", ""混雑状況"": """", ""避難所名"": ""平川公民館"", ""開設状況"": ""未開設（Web開設一覧に掲載なし）""}",matched,exact_name_address,1.000,1,799,E4342500001111,E4342500001111,平川公民館,熊本県産山村大字山鹿1332-14,1,,,33.015570922868,131.1823136464,"[{""共通ID"": ""E4342500001111"", ""経度"": ""131.1823136464"", ""緯度"": ""33.015570922868""}]",,"[{""NO"": ""799"", ""その他市町村長が必要と認める事項"": """", ""住所"": ""熊本県産山村大字山鹿1332-14"", ""備考"": """", ""共通ID"": ""E4342500001111"", ""受入対象者"": """", ""指定緊急避難場所との住所同一"": ""1"", ""施設・場所名"": ""平川公民館"", ""経度"": ""131.1823136464"", ""緯度"": ""33.015570922868""}]",[],reference/43000_1.csv,826df538e39b2b9a92263df3923cbb095581fd79ac7a5fb050202dbd899c7c44,,,,,,unmatched,no_candidate,,,,,,unmatched,manual_no_match,,,33.015570922868,131.1823136464,gsi_reference,reference_latitude_longitude,complete
2026-08-24,2026-08-24T00:33:05+09:00,26/08/24 00:33時点の避難所状況の一覧です。,2026-08-24T00:33+09:00,ref:E4342500009111,5c2c1275f774083633a9,産山村,竹の畑公民館,未開設(Web開設一覧に掲載なし),false,,,熊本県産山村大字田尻1111-1,,unchanged,未開設(Web開設一覧に掲載なし),,,https://portal.bousai.pref.kumamoto.jp/sp.html?p=evacuation%2Fshelter&l=15-0&ll=32.63819999999999%2C130.77610000000004&z=9&municipalityCd=430005,6b409086f0b7b0d83cab0d37969b23b98fe00f2a5d64c020c5da6bf1562da69d,"{""ルート検索"": """", ""住所"": ""熊本県産山村大字田尻1111-1"", ""市町村"": ""産山村"", ""混雑状況"": """", ""避難所名"": ""竹の畑公民館"", ""開設状況"": ""未開設（Web開設一覧に掲載なし）""}",matched,exact_name_address,1.000,1,808,E4342500009111,E4342500009111,竹の畑公民館,熊本県産山村大字田尻1111-1,,,,33.031756068481,131.19603922184,"[{""共通ID"": ""E4342500009111"", ""経度"": ""131.19603922184"", ""緯度"": ""33.031756068481""}]",,"[{""NO"": ""808"", ""その他市町村長が必要と認める事項"": """", ""住所"": ""熊本県産山村大字田尻1111-1"", ""備考"": """", ""共通ID"": ""E4342500009111"", ""受入対象者"": """", ""指定緊急避難場所との住所同一"": """", ""施設・場所名"": ""竹の畑公民館"", ""経度"": ""131.19603922184"", ""緯度"": ""33.031756068481""}]",[],reference/43000_1.csv,826df538e39b2b9a92263df3923cbb095581fd79ac7a5fb050202dbd899c7c44,,,,,,unmatched,no_candidate,,,,,,unmatched,manual_no_match,,,33.031756068481,131.19603922184,gsi_reference,reference_latitude_longitude,complete
2026-08-24,2026-08-24T00:33:05+09:00,26/08/24 00:33時点の避難所状況の一覧です。,2026-08-24T00:33+09:00,ref:E4344400029111,afa652778b4e919132a0,甲佐町,上田口公民館,未開設(Web開設一覧に掲載なし),false,,,熊本県甲佐町田口204-1,,unchanged,未開設(Web開設一覧に掲載なし),,,https://portal.bousai.pref.kumamoto.jp/sp.html?p=evacuation%2Fshelter&l=15-0&ll=32.63819999999999%2C130.77610000000004&z=9&municipalityCd=430005,4fd304a20caf8ed63115f73c8a25df5ed080623e4d134b0097b3d39a3bb7cddd,"{""ルート検索"": """", ""住所"": ""熊本県甲佐町田口204-1"", ""市町村"": ""甲佐町"", ""混雑状況"": """", ""避難所名"": ""上田口公民館"", ""開設状況"": ""未開設（Web開設一覧に掲載なし）""}",matched,exact_name_address,1.000,1,648,E4344400029111,E4344400029111,上田口公民館,熊本県甲佐町田口204-1,,,,32.695220354612,130.77698566894,"[{""共通ID"": ""E4344400029111"", ""経度"": ""130.77698566894"", ""緯度"": ""32.695220354612""}]",,"[{""NO"": ""648"", ""その他市町村長が必要と認める事項"": """", ""住所"": ""熊本県甲佐町田口204-1"", ""備考"": """", ""共通ID"": ""E4344400029111"", ""受入対象者"": """", ""指定緊急避難場所との住所同一"": """", ""施設・場所名"": ""上田口公民館"", ""経度"": ""130.77698566894"", ""緯度"": ""32.695220354612""}]",[],reference/43000_1.csv,826df538e39b2b9a92263df3923cbb095581fd79ac7a5fb050202dbd899c7c44,,,,,,unmatched,no_candidate,,,,,,unmatched,manual_no_match,,,32.695220354612,130.77698566894,gsi_reference,reference_latitude_longitude,complete
2026-08-24,2026-08-24T00:33:05+09:00,26/08/24 00:33時点の避難所状況の一覧です。,2026-08-24T00:33+09:00,ref:E4344400016111,32ba587d616788f8409e,甲佐町,上益城農業協同組合第一営農センター,未開設(Web開設一覧に掲載なし),false,,,熊本県甲佐町白旗543-1,,unchanged,未開設(Web開設一覧に掲載なし),,,https://portal.bousai.pref.kumamoto.jp/sp.html?p=evacuation%2Fshelter&l=15-0&ll=32.63819999999999%2C130.77610000000004&z=9&municipalityCd=430005,ad12e59099f868652f770012763a077066733e301e043e418a4e0bc04a6cb9da,"{""ルート検索"": """", ""住所"": ""熊本県甲佐町白旗543-1"", ""市町村"": ""甲佐町"", ""混雑状況"": """", ""避難所名"": ""上益城農業協同組合第一営農センター"", ""開設状況"": ""未開設（Web開設一覧に掲載なし）""}",matched,exact_name_address,1.000,1,653,E4344400016111,E4344400016111,上益城農業協同組合第一営農センター,熊本県甲佐町白旗543-1,1,,,32.701636,130.781648,"[{""共通ID"": ""E4344400016111"", ""経度"": ""130.781648"", ""緯度"": ""32.701636""}]",,"[{""NO"": ""653"", ""その他市町村長が必要と認める事項"": """", ""住所"": ""熊本県甲佐町白旗543-1"", ""備考"": """", ""共通ID"": ""E4344400016111"", ""受入対象者"": """", ""指定緊急避難場所との住所同一"": ""1"", ""施設・場所名"": ""上益城農業協同組合第一営農センター"", ""経度"": ""130.781648"", ""緯度"": ""32.701636""}]",[],reference/43000_1.csv,826df538e39b2b9a92263df3923cbb095581fd79ac7a5fb050202dbd899c7c44,,,,,,unmatched,no_candidate,,,,,,unmatched,manual_no_match,,,32.701636,130.781648,gsi_reference,reference_latitude_longitude,complete
2026-08-24,2026-08-24T00:33:05+09:00,26/08/24 00:33時点の避難所状況の一覧です。,2026-08-24T00:33+09:00,ref:E4344400026111,a06543784e0ce5709fb5,甲佐町,世持公民館,未開設(Web開設一覧に掲載なし),false,,,熊本県甲佐町世持315,,unchanged,未開設(Web開設一覧に掲載なし),,,https://portal.bousai.pref.kumamoto.jp/sp.html?p=evacuation%2Fshelter&l=15-0&ll=32.63819999999999%2C130.77610000000004&z=9&municipalityCd=430005,2ca3e466e5a37b978b851d274ee3ff7b79ac78d592f29724c86c2cd159144ff1,"{""ルート検索"": """", ""住所"": ""熊本県甲佐町世持315"", ""市町村"": ""甲佐町"", ""混雑状況"": """", ""避難所名"": ""世持公民館"", ""開設状況"": ""未開設（Web開設一覧に掲載なし）""}",matched,exact_name_address,1.000,1,636,E4344400026111,E4344400026111,世持公民館,熊本県甲佐町世持315,,,,32.676442,130.789724,"[{""共通ID"": ""E4344400026111"", ""経度"": ""130.789724"", ""緯度"": ""32.676442""}]",,"[{""NO"": ""636"", ""その他市町村長が必要と認める事項"": """", ""住所"": ""熊本県甲佐町世持315"", ""備考"": """", ""共通ID"": ""E4344400026111"", ""受入対象者"": """", ""指定緊急避難場所との住所同一"": """", ""施設・場所名"": ""世持公民館"", ""経度"": ""130.789724"", ""緯度"": ""32.676442""}]",[],reference/43000_1.csv,826df538e39b2b9a92263df3923cbb095581fd79ac7a5fb050202dbd899c7c44,,,,,,unmatched,no_candidate,,,,,,unmatched,manual_no_match,,,32.676442,130.789724,gsi_reference,reference_latitude_longitude,complete
2026-08-24,2026-08-24T00:33:05+09:00,26/08/24 00:33時点の避難所状況の一覧です。,2026-08-24T00:33+09:00,ref:E4344400030111,0e6a29ebbd6ac77e6b5a,甲佐町,六谷公民館,未開設(Web開設一覧に掲載なし),false,,,熊本県甲佐町上早川4496,,unchanged,未開設(Web開設一覧に掲載なし),,,https://portal.bousai.pref.kumamoto.jp/sp.html?p=evacuation%2Fshelter&l=15-0&ll=32.63819999999999%2C130.77610000000004&z=9&municipalityCd=430005,a9d219ef0f703a3032edbb3c4661c1c0b3ecb81e530e8d960cb83e31228b1c20,"{""ルート検索"": """", ""住所"": ""熊本県甲佐町上早川4496"", ""市町村"": ""甲佐町"", ""混雑状況"": """", ""避難所名"": ""六谷公民館"", ""開設状況"": ""未開設（Web開設一覧に掲載なし）""}",matched,exact_name_address,1.000,1,635,E4344400030111,E4344400030111,六谷公民館,熊本県甲佐町上早川4496,,,,32.680423942016,130.85295151616,"[{""共通ID"": ""E4344400030111"", ""経度"": ""130.85295151616"", ""緯度"": ""32.680423942016""}]",,"[{""NO"": ""635"", ""その他市町村長が必要と認める事項"": """", ""住所"": ""熊本県甲佐町上早川4496"", ""備考"": """", ""共通ID"": ""E4344400030111"", ""受入対象者"": """", ""指定緊急避難場所との住所同一"": """", ""施設・場所名"": ""六谷公民館"", ""経度"": ""130.85295151616"", ""緯度"": ""32.680423942016""}]",[],reference/43000_1.csv,826df538e39b2b9a92263df3923cbb095581fd79ac7a5fb050202dbd899c7c44,,,,,,unmatched,no_candidate,,,,,,unmatched,manual_no_match,,,32.680423942016,130.85295151616,gsi_reference,reference_latitude_longitude,complete
2026-08-24,2026-08-24T00:33:05+09:00,26/08/24 00:33時点の避難所状況の一覧です。,2026-08-24T00:33+09:00,ref:E4344400023111,58c3163c612e68af65db,甲佐町,北早川公民館,未開設(Web開設一覧に掲載なし),false,,,熊本県甲佐町早川1942,,unchanged,未開設(Web開設一覧に掲載なし),,,https://portal.bousai.pref.kumamoto.jp/sp.html?p=evacuation%2Fshelter&l=15-0&ll=32.63819999999999%2C130.77610000000004&z=9&municipalityCd=430005,0382c78d57e59692e5562a8045b69632374fcf4f1b1da2fe98c73043e39d0199,"{""ルート検索"": """", ""住所"": ""熊本県甲佐町早川1942"", ""市町村"": ""甲佐町"", ""混雑状況"": """", ""避難所名"": ""北早川公民館"", ""開設状況"": ""未開設（Web開設一覧に掲載なし）""}",matched,exact_name_address,1.000,1,640,E4344400023111,E4344400023111,北早川公民館,熊本県甲佐町早川1942,,,,32.69491656132,130.80082926425,"[{""共通ID"": ""E4344400023111"", ""経度"": ""130.80082926425"", ""緯度"": ""32.69491656132""}]",,"[{""NO"": ""640"", ""その他市町村長が必要と認める事項"": """", ""住所"": ""熊本県甲佐町早川1942"", ""備考"": """", ""共通ID"": ""E4344400023111"", ""受入対象者"": """", ""指定緊急避難場所との住所同一"": """", ""施設・場所名"": ""北早川公民館"", ""経度"": ""130.80082926425"", ""緯度"": ""32.69491656132""}]",[],reference/43000_1.csv,826df538e39b2b9a92263df3923cbb095581fd79ac7a5fb050202dbd899c7c44,,,,,,unmatched,no_candidate,,,,,,unmatched,manual_no_match,,,32.69491656132,130.80082926425,gsi_reference,reference_latitude_longitude,complete
2026-08-24,2026-08-24T00:33:05+09:00,26/08/24 00:33時点の避難所状況の一覧です。,2026-08-24T00:33+09:00,ref:E4344400011121,465f7fe753bfd12d845d,甲佐町,医療法人 荒瀬会 老人保健施設 緑風苑,未開設(Web開設一覧に掲載なし),false,,,熊本県甲佐町大字白旗271,,unchanged,未開設(Web開設一覧に掲載なし),,,https://portal.bousai.pref.kumamoto.jp/sp.html?p=evacuation%2Fshelter&l=15-0&ll=32.63819999999999%2C130.77610000000004&z=9&municipalityCd=430005,ff4bd5b49f2edbe62b480f70ebd22af6c5d6bc3bd7235b289b58971f6a2af850,"{""ルート検索"": """", ""住所"": ""熊本県甲佐町大字白旗271"", ""市町村"": ""甲佐町"", ""混雑状況"": """", ""避難所名"": ""医療法人 荒瀬会 老人保健施設 緑風苑"", ""開設状況"": ""未開設（Web開設一覧に掲載なし）""}",matched,exact_name_address,1.000,1,643,E4344400011121,E4344400011121,医療法人 荒瀬会 老人保健施設 緑風苑,熊本県甲佐町大字白旗271,,事前に福祉課に要相談,要介護高齢者、障害者、妊産婦、乳幼児等,32.6980363711,130.789459798416,"[{""共通ID"": ""E4344400011121"", ""経度"": ""130.789459798416"", ""緯度"": ""32.6980363711""}]",,"[{""NO"": ""643"", ""その他市町村長が必要と認める事項"": ""事前に福祉課に要相談"", ""住所"": ""熊本県甲佐町大字白旗271"", ""備考"": """", ""共通ID"": ""E4344400011121"", ""受入対象者"": ""要介護高齢者、障害者、妊産婦、乳幼児等"", ""指定緊急避難場所との住所同一"": """", ""施設・場所名"": ""医療法人 荒瀬会 老人保健施設 緑風苑"", ""経度"": ""130.789459798416"", ""緯度"": ""32.6980363711""}]",[],reference/43000_1.csv,826df538e39b2b9a92263df3923cbb095581fd79ac7a5fb050202dbd899c7c44,,,,,,unmatched,no_candidate,,,,,,unmatched,manual_no_match,,,32.6980363711,130.789459798416,gsi_reference,reference_latitude_longitude,complete
2026-08-24,2026-08-24T00:33:05+09:00,26/08/24 00:33時点の避難所状況の一覧です。,2026-08-24T00:33+09:00,ref:E4344400028111,f4223efa6a4aa2f444a2,甲佐町,和田内公民館,未開設(Web開設一覧に掲載なし),false,,,熊本県甲佐町田口2745,,unchanged,未開設(Web開設一覧に掲載なし),,,https://portal.bousai.pref.kumamoto.jp/sp.html?p=evacuation%2Fshelter&l=15-0&ll=32.63819999999999%2C130.77610000000004&z=9&municipalityCd=430005,b758e983ca133b103e4224bef853d8564aeef8fd54e759916aa2679dbd9a770c,"{""ルート検索"": """", ""住所"": ""熊本県甲佐町田口2745"", ""市町村"": ""甲佐町"", ""混雑状況"": """", ""避難所名"": ""和田内公民館"", ""開設状況"": ""未開設（Web開設一覧に掲載なし）""}",matched,exact_name_address,1.000,1,649,E4344400028111,E4344400028111,和田内公民館,熊本県甲佐町田口2745,,,,32.699663,130.77205,"[{""共通ID"": ""E4344400028111"", ""経度"": ""130.77205"", ""緯度"": ""32.699663""}]",,"[{""NO"": ""649"", ""その他市町村長が必要と認める事項"": """", ""住所"": ""熊本県甲佐町田口2745"", ""備考"": """", ""共通ID"": ""E4344400028111"", ""受入対象者"": """", ""指定緊急避難場所との住所同一"": """", ""施設・場所名"": ""和田内公民館"", ""経度"": ""130.77205"", ""緯度"": ""32.699663""}]",[],reference/43000_1.csv,826df538e39b2b9a92263df3923cbb095581fd79ac7a5fb050202dbd899c7c44,,,,,,unmatched,no_candidate,,,,,,unmatched,manual_no_match,,,32.699663,130.77205,gsi_reference,reference_latitude_longitude,complete
2026-08-24,2026-08-24T00:33:05+09:00,26/08/24 00:33時点の避難所状況の一覧です。,2026-08-24T00:33+09:00,ref:E4344400022111,632aa718e873eb129283,甲佐町,早川公民館,未開設(Web開設一覧に掲載なし),false,,,熊本県甲佐町早川780,,unchanged,未開設(Web開設一覧に掲載なし),,,https://portal.bousai.pref.kumamoto.jp/sp.html?p=evacuation%2Fshelter&l=15-0&ll=32.63819999999999%2C130.77610000000004&z=9&municipalityCd=430005,08b68e9d70bd4338291bac984819725728fc74e52c794a067b97e78bb24e9837,"{""ルート検索"": """", ""住所"": ""熊本県甲佐町早川780"", ""市町村"": ""甲佐町"", ""混雑状況"": """", ""避難所名"": ""早川公民館"", ""開設状況"": ""未開設（Web開設一覧に掲載なし）""}",matched,exact_name_address,1.000,1,641,E4344400022111,E4344400022111,早川公民館,熊本県甲佐町早川780,,,,32.686538,130.807178,"[{""共通ID"": ""E4344400022111"", ""経度"": ""130.807178"", ""緯度"": ""32.686538""}]",,"[{""NO"": ""641"", ""その他市町村長が必要と認める事項"": """", ""住所"": ""熊本県甲佐町早川780"", ""備考"": """", ""共通ID"": ""E4344400022111"", ""受入対象者"": """", ""指定緊急避難場所との住所同一"": """", ""施設・場所名"": ""早川公民館"", ""経度"": ""130.807178"", ""緯度"": ""32.686538""}]",[],reference/43000_1.csv,826df538e39b2b9a92263df3923cbb095581fd79ac7a5fb050202dbd899c7c44,,,,,,unmatched,no_candidate,,,,,,unmatched,manual_no_match,,,32.686538,130.807178,gsi_reference,reference_latitude_longitude,complete
2026-08-24,2026-08-24T00:33:05+09:00,26/08/24 00:33時点の避難所状況の一覧です。,2026-08-24T00:33+09:00,ref:E4344400027111,7b03c3bd4572aa1c94d0,甲佐町,津志田公民館,未開設(Web開設一覧に掲載なし),false,,,熊本県甲佐町津志田1290,,unchanged,未開設(Web開設一覧に掲載なし),,,https://portal.bousai.pref.kumamoto.jp/sp.html?p=evacuation%2Fshelter&l=15-0&ll=32.63819999999999%2C130.77610000000004&z=9&municipalityCd=430005,9884d701e96b8120b5890f4f97c1f6d57343d9ccf9e5492e63ed507e7e5606ec,"{""ルート検索"": """", ""住所"": ""熊本県甲佐町津志田1290"", ""市町村"": ""甲佐町"", ""混雑状況"": """", ""避難所名"": ""津志田公民館"", ""開設状況"": ""未開設（Web開設一覧に掲載なし）""}",matched,exact_name_address,1.000,1,645,E4344400027111,E4344400027111,津志田公民館,熊本県甲佐町津志田1290,,,,32.688707,130.789396,"[{""共通ID"": ""E4344400027111"", ""経度"": ""130.789396"", ""緯度"": ""32.688707""}]",,"[{""NO"": ""645"", ""その他市町村長が必要と認める事項"": """", ""住所"": ""熊本県甲佐町津志田1290"", ""備考"": """", ""共通ID"": ""E4344400027111"", ""受入対象者"": """", ""指定緊急避難場所との住所同一"": """", ""施設・場所名"": ""津志田公民館"", ""経度"": ""130.789396"", ""緯度"": ""32.688707""}]",[],reference/43000_1.csv,826df538e39b2b9a92263df3923cbb095581fd79ac7a5fb050202dbd899c7c44,,,,,,unmatched,no_candidate,,,,,,unmatched,manual_no_match,,,32.688707,130.789396,gsi_reference,reference_latitude_longitude,complete
2026-08-24,2026-08-24T00:33:05+09:00,26/08/24 00:33時点の避難所状況の一覧です。,2026-08-24T00:33+09:00,ref:E4344400010121,fba3a2ac721cf3d33932,甲佐町,社会福祉法人 五色会ライフサポート あゆの里,未開設(Web開設一覧に掲載なし),false,,,熊本県甲佐町大字津志田2472,,unchanged,未開設(Web開設一覧に掲載なし),,,https://portal.bousai.pref.kumamoto.jp/sp.html?p=evacuation%2Fshelter&l=15-0&ll=32.63819999999999%2C130.77610000000004&z=9&municipalityCd=430005,02c7b725fd63b44b44eae106f7ced0d5352aa25585b5fe1ade4a30bf427bc87e,"{""ルート検索"": """", ""住所"": ""熊本県甲佐町大字津志田2472"", ""市町村"": ""甲佐町"", ""混雑状況"": """", ""避難所名"": ""社会福祉法人 五色会ライフサポート あゆの里"", ""開設状況"": ""未開設（Web開設一覧に掲載なし）""}",matched,exact_name_address,1.000,1,642,E4344400010121,E4344400010121,社会福祉法人 五色会ライフサポート あゆの里,熊本県甲佐町大字津志田2472,,事前に福祉課に要相談,要介護高齢者、障害者、妊産婦、乳幼児等,32.693208847848,130.782620689491,"[{""共通ID"": ""E4344400010121"", ""経度"": ""130.782620689491"", ""緯度"": ""32.693208847848""}]",,"[{""NO"": ""642"", ""その他市町村長が必要と認める事項"": ""事前に福祉課に要相談"", ""住所"": ""熊本県甲佐町大字津志田2472"", ""備考"": """", ""共通ID"": ""E4344400010121"", ""受入対象者"": ""要介護高齢者、障害者、妊産婦、乳幼児等"", ""指定緊急避難場所との住所同一"": """", ""施設・場所名"": ""社会福祉法人 五色会ライフサポート あゆの里"", ""経度"": ""130.782620689491"", ""緯度"": ""32.693208847848""}]",[],reference/43000_1.csv,826df538e39b2b9a92263df3923cbb095581fd79ac7a5fb050202dbd899c7c44,,,,,,unmatched,no_candidate,,,,,,unmatched,manual_no_match,,,32.693208847848,130.782620689491,gsi_reference,reference_latitude_longitude,complete
2026-08-24,2026-08-24T00:33:05+09:00,26/08/24 00:33時点の避難所状況の一覧です。,2026-08-24T00:33+09:00,ref:E4344400031121,1c54a30ebf6c056f5d75,甲佐町,社会福祉法人 五色会養護老人ホーム 緑川荘,未開設(Web開設一覧に掲載なし),false,,,熊本県甲佐町緑町50,,unchanged,未開設(Web開設一覧に掲載なし),,,https://portal.bousai.pref.kumamoto.jp/sp.html?p=evacuation%2Fshelter&l=15-0&ll=32.63819999999999%2C130.77610000000004&z=9&municipalityCd=430005,8cf9f9d11e4a9f56803b05770e159dd3e533037fa59256cff7371b2fcdff918c,"{""ルート検索"": """", ""住所"": ""熊本県甲佐町緑町50"", ""市町村"": ""甲佐町"", ""混雑状況"": """", ""避難所名"": ""社会福祉法人 五色会養護老人ホーム 緑川荘"", ""開設状況"": ""未開設（Web開設一覧に掲載なし）""}",matched,exact_name_address,1.000,1,659,E4344400031121,E4344400031121,社会福祉法人 五色会養護老人ホーム 緑川荘,熊本県甲佐町緑町50,,事前に福祉課に要相談,要介護高齢者、障害者、妊産婦、乳幼児等,32.6453007111065,130.808801319426,"[{""共通ID"": ""E4344400031121"", ""経度"": ""130.808801319426"", ""緯度"": ""32.6453007111065""}]",,"[{""NO"": ""659"", ""その他市町村長が必要と認める事項"": ""事前に福祉課に要相談"", ""住所"": ""熊本県甲佐町緑町50"", ""備考"": """", ""共通ID"": ""E4344400031121"", ""受入対象者"": ""要介護高齢者、障害者、妊産婦、乳幼児等"", ""指定緊急避難場所との住所同一"": """", ""施設・場所名"": ""社会福祉法人 五色会養護老人ホーム 緑川荘"", ""経度"": ""130.808801319426"", ""緯度"": ""32.6453007111065""}]",[],reference/43000_1.csv,826df538e39b2b9a92263df3923cbb095581fd79ac7a5fb050202dbd899c7c44,,,,,,unmatched,no_candidate,,,,,,unmatched,manual_no_match,,,32.6453007111065,130.808801319426,gsi_reference,reference_latitude_longitude,complete
2026-08-24,2026-08-24T00:33:05+09:00,26/08/24 00:33時点の避難所状況の一覧です。,2026-08-24T00:33+09:00,ref:E4344400009121,e20667db6fbda77d943f,甲佐町,社会福祉法人 綾友会特別養護老人ホーム桜の丘,未開設(Web開設一覧に掲載なし),false,,,熊本県甲佐町西寒野1161,,unchanged,未開設(Web開設一覧に掲載なし),,,https://portal.bousai.pref.kumamoto.jp/sp.html?p=evacuation%2Fshelter&l=15-0&ll=32.63819999999999%2C130.77610000000004&z=9&municipalityCd=430005,0d4c33368775cf87d9319f5f7a11649dc8f11ee441480b279da3d5fd8a9163e0,"{""ルート検索"": """", ""住所"": ""熊本県甲佐町西寒野1161"", ""市町村"": ""甲佐町"", ""混雑状況"": """", ""避難所名"": ""社会福祉法人 綾友会特別養護老人ホーム桜の丘"", ""開設状況"": ""未開設（Web開設一覧に掲載なし）""}",matched,exact_name_address,1.000,1,637,E4344400009121,E4344400009121,社会福祉法人 綾友会特別養護老人ホーム桜の丘,熊本県甲佐町西寒野1161,,事前に福祉課に要相談,要介護高齢者、障害者、妊産婦、乳幼児等,32.6382969547004,130.811957823372,"[{""共通ID"": ""E4344400009121"", ""経度"": ""130.811957823372"", ""緯度"": ""32.6382969547004""}]",,"[{""NO"": ""637"", ""その他市町村長が必要と認める事項"": ""事前に福祉課に要相談"", ""住所"": ""熊本県甲佐町西寒野1161"", ""備考"": """", ""共通ID"": ""E4344400009121"", ""受入対象者"": ""要介護高齢者、障害者、妊産婦、乳幼児等"", ""指定緊急避難場所との住所同一"": """", ""施設・場所名"": ""社会福祉法人 綾友会特別養護老人ホーム桜の丘"", ""経度"": ""130.811957823372"", ""緯度"": ""32.6382969547004""}]",[],reference/43000_1.csv,826df538e39b2b9a92263df3923cbb095581fd79ac7a5fb050202dbd899c7c44,,,,,,unmatched,no_candidate,,,,,,unmatched,manual_no_match,,,32.6382969547004,130.811957823372,gsi_reference,reference_latitude_longitude,complete
2026-08-24,2026-08-24T00:33:05+09:00,26/08/24 00:33時点の避難所状況の一覧です。,2026-08-24T00:33+09:00,ref:E4344400025111,798523b03168b441a347,甲佐町,船津公民館,未開設(Web開設一覧に掲載なし),false,,,熊本県甲佐町船津763-2,,unchanged,未開設(Web開設一覧に掲載なし),,,https://portal.bousai.pref.kumamoto.jp/sp.html?p=evacuation%2Fshelter&l=15-0&ll=32.63819999999999%2C130.77610000000004&z=9&municipalityCd=430005,99b24285605cc691647c68615846a578a5aa3e637e132ed8a1a15b0a209c56a5,"{""ルート検索"": """", ""住所"": ""熊本県甲佐町船津763-2"", ""市町村"": ""甲佐町"", ""混雑状況"": """", ""避難所名"": ""船津公民館"", ""開設状況"": ""未開設（Web開設一覧に掲載なし）""}",matched,exact_name_address,1.000,1,639,E4344400025111,E4344400025111,船津公民館,熊本県甲佐町船津763-2,,,,32.665706,130.79706,"[{""共通ID"": ""E4344400025111"", ""経度"": ""130.79706"", ""緯度"": ""32.665706""}]",,"[{""NO"": ""639"", ""その他市町村長が必要と認める事項"": """", ""住所"": ""熊本県甲佐町船津763-2"", ""備考"": """", ""共通ID"": ""E4344400025111"", ""受入対象者"": """", ""指定緊急避難場所との住所同一"": """", ""施設・場所名"": ""船津公民館"", ""経度"": ""130.79706"", ""緯度"": ""32.665706""}]",[],reference/43000_1.csv,826df538e39b2b9a92263df3923cbb095581fd79ac7a5fb050202dbd899c7c44,,,,,,unmatched,no_candidate,,,,,,unmatched,manual_no_match,,,32.665706,130.79706,gsi_reference,reference_latitude_longitude,complete
2026-08-24,2026-08-24T00:33:05+09:00,26/08/24 00:33時点の避難所状況の一覧です。,2026-08-24T00:33+09:00,ref:E4344400020111,1cdedfaaa1ed2921ee43,甲佐町,西寒野公民館,未開設(Web開設一覧に掲載なし),false,,,熊本県甲佐町西寒野247-5,,unchanged,未開設(Web開設一覧に掲載なし),,,https://portal.bousai.pref.kumamoto.jp/sp.html?p=evacuation%2Fshelter&l=15-0&ll=32.63819999999999%2C130.77610000000004&z=9&municipalityCd=430005,10f48456cc9a6031086d12bd16110a2d7e0a881301268829467aaee166db77d9,"{""ルート検索"": """", ""住所"": ""熊本県甲佐町西寒野247-5"", ""市町村"": ""甲佐町"", ""混雑状況"": """", ""避難所名"": ""西寒野公民館"", ""開設状況"": ""未開設（Web開設一覧に掲載なし）""}",matched,exact_name_address,1.000,1,638,E4344400020111,E4344400020111,西寒野公民館,熊本県甲佐町西寒野247-5,,,,32.638987,130.816644,"[{""共通ID"": ""E4344400020111"", ""経度"": ""130.816644"", ""緯度"": ""32.638987""}]",,"[{""NO"": ""638"", ""その他市町村長が必要と認める事項"": """", ""住所"": ""熊本県甲佐町西寒野247-5"", ""備考"": """", ""共通ID"": ""E4344400020111"", ""受入対象者"": """", ""指定緊急避難場所との住所同一"": """", ""施設・場所名"": ""西寒野公民館"", ""経度"": ""130.816644"", ""緯度"": ""32.638987""}]",[],reference/43000_1.csv,826df538e39b2b9a92263df3923cbb095581fd79ac7a5fb050202dbd899c7c44,,,,,,unmatched,no_candidate,,,,,,unmatched,manual_no_match,,,32.638987,130.816644,gsi_reference,reference_latitude_longitude,complete
2026-08-24,2026-08-24T00:33:05+09:00,26/08/24 00:33時点の避難所状況の一覧です。,2026-08-24T00:33+09:00,ref:E4344400019111,5b8d7855957df5bdba11,甲佐町,農業研修センター,未開設(Web開設一覧に掲載なし),false,,,熊本県甲佐町豊内719-2,,unchanged,未開設(Web開設一覧に掲載なし),,,https://portal.bousai.pref.kumamoto.jp/sp.html?p=evacuation%2Fshelter&l=15-0&ll=32.63819999999999%2C130.77610000000004&z=9&municipalityCd=430005,a30e352074111ecf6a6ef23996d49d27ad94f8c391d23f57fca99c7153e3b93d,"{""ルート検索"": """", ""住所"": ""熊本県甲佐町豊内719-2"", ""市町村"": ""甲佐町"", ""混雑状況"": """", ""避難所名"": ""農業研修センター"", ""開設状況"": ""未開設（Web開設一覧に掲載なし）""}",matched,exact_name_address,1.000,1,657,E4344400019111,E4344400019111,農業研修センター,熊本県甲佐町豊内719-2,1,,,32.65059,130.811327,"[{""共通ID"": ""E4344400019111"", ""経度"": ""130.811327"", ""緯度"": ""32.65059""}]",,"[{""NO"": ""657"", ""その他市町村長が必要と認める事項"": """", ""住所"": ""熊本県甲佐町豊内719-2"", ""備考"": """", ""共通ID"": ""E4344400019111"", ""受入対象者"": """", ""指定緊急避難場所との住所同一"": ""1"", ""施設・場所名"": ""農業研修センター"", ""経度"": ""130.811327"", ""緯度"": ""32.65059""}]",[],reference/43000_1.csv,826df538e39b2b9a92263df3923cbb095581fd79ac7a5fb050202dbd899c7c44,,,,,,unmatched,no_candidate,,,,,,unmatched,manual_no_match,,,32.65059,130.811327,gsi_reference,reference_latitude_longitude,complete
2026-08-24,2026-08-24T00:33:05+09:00,26/08/24 00:33時点の避難所状況の一覧です。,2026-08-24T00:33+09:00,ref:E4344300077111,393de96ba0187c271324,益城町,益城町地域共生センター,未開設(Web開設一覧に掲載なし),false,,,熊本県益城町木山592,,unchanged,未開設(Web開設一覧に掲載なし),,,https://portal.bousai.pref.kumamoto.jp/sp.html?p=evacuation%2Fshelter&l=15-0&ll=32.63819999999999%2C130.77610000000004&z=9&municipalityCd=430005,ba03c1766958c8ed9076ac380d146ded0effcc13f4fa64ffd3445638f4a866ff,"{""ルート検索"": """", ""住所"": ""熊本県益城町木山592"", ""市町村"": ""益城町"", ""混雑状況"": """", ""避難所名"": ""益城町地域共生センター"", ""開設状況"": ""未開設（Web開設一覧に掲載なし）""}",matched,exact_name_address,1.000,1,206,E4344300077111,E4344300077111,益城町地域共生センター,熊本県益城町木山592,1,,,32.799507,130.817733,"[{""共通ID"": ""E4344300077111"", ""経度"": ""130.817733"", ""緯度"": ""32.799507""}]",,"[{""NO"": ""206"", ""その他市町村長が必要と認める事項"": """", ""住所"": ""熊本県益城町木山592"", ""備考"": """", ""共通ID"": ""E4344300077111"", ""受入対象者"": """", ""指定緊急避難場所との住所同一"": ""1"", ""施設・場所名"": ""益城町地域共生センター"", ""経度"": ""130.817733"", ""緯度"": ""32.799507""}]",[],reference/43000_1.csv,826df538e39b2b9a92263df3923cbb095581fd79ac7a5fb050202dbd899c7c44,,,,,,unmatched,fuzzy_below_threshold,0.893,,,,,unmatched,manual_no_match,,,32.799507,130.817733,gsi_reference,reference_latitude_longitude,complete
2026-08-24,2026-08-24T00:33:05+09:00,26/08/24 00:33時点の避難所状況の一覧です。,2026-08-24T00:33+09:00,ref:E4344400001121,43717eaca2144e3461f6,美里町,医療法人興和会老人保健施設 なごみの里,未開設(Web開設一覧に掲載なし),false,,,熊本県美里町堅志田192-1,,unchanged,未開設(Web開設一覧に掲載なし),,,https://portal.bousai.pref.kumamoto.jp/sp.html?p=evacuation%2Fshelter&l=15-0&ll=32.63819999999999%2C130.77610000000004&z=9&municipalityCd=430005,8d250126cb17891cec2842f9621c1c501429cc769b33f6d402a290de82364f51,"{""ルート検索"": """", ""住所"": ""熊本県美里町堅志田192-1"", ""市町村"": ""美里町"", ""混雑状況"": """", ""避難所名"": ""医療法人興和会老人保健施設 なごみの里"", ""開設状況"": ""未開設（Web開設一覧に掲載なし）""}",matched,exact_name_address,1.000,1,1263,E4344400001121,E4344400001121,医療法人興和会老人保健施設 なごみの里,熊本県美里町堅志田192-1,,事前に福祉課に要相談,要介護高齢者、障害者、妊産婦、乳幼児等,32.6469713710662,130.790567758281,"[{""共通ID"": ""E4344400001121"", ""経度"": ""130.790567758281"", ""緯度"": ""32.6469713710662""}]",,"[{""NO"": ""1263"", ""その他市町村長が必要と認める事項"": ""事前に福祉課に要相談"", ""住所"": ""熊本県美里町堅志田192-1"", ""備考"": """", ""共通ID"": ""E4344400001121"", ""受入対象者"": ""要介護高齢者、障害者、妊産婦、乳幼児等"", ""指定緊急避難場所との住所同一"": """", ""施設・場所名"": ""医療法人興和会老人保健施設 なごみの里"", ""経度"": ""130.790567758281"", ""緯度"": ""32.6469713710662""}]",[],reference/43000_1.csv,826df538e39b2b9a92263df3923cbb095581fd79ac7a5fb050202dbd899c7c44,,,,,,unmatched,no_candidate,,,,,,unmatched,manual_no_match,,,32.6469713710662,130.790567758281,gsi_reference,reference_latitude_longitude,complete
2026-08-24,2026-08-24T00:33:05+09:00,26/08/24 00:33時点の避難所状況の一覧です。,2026-08-24T00:33+09:00,ref:E4348200017111,78d8518abb51bc9a11c1,芦北町,旧計石小学校(校舎、体育館),未開設(Web開設一覧に掲載なし),false,,,熊本県芦北町大字計石2963,,unchanged,未開設(Web開設一覧に掲載なし),,,https://portal.bousai.pref.kumamoto.jp/sp.html?p=evacuation%2Fshelter&l=15-0&ll=32.63819999999999%2C130.77610000000004&z=9&municipalityCd=430005,2235bbab95c5c657ea1efe535bc49096e0d5631732281a6940c7ff8fc1badffb,"{""ルート検索"": """", ""住所"": ""熊本県芦北町大字計石2963"", ""市町村"": ""芦北町"", ""混雑状況"": """", ""避難所名"": ""旧計石小学校(校舎、体育館)"", ""開設状況"": ""未開設（Web開設一覧に掲載なし）""}",matched,exact_name_address,1.000,1,67,E4348200017111,E4348200017111,旧計石小学校(校舎、体育館),熊本県芦北町大字計石2963,1,,,32.301672,130.478385,"[{""共通ID"": ""E4348200017111"", ""経度"": ""130.478385"", ""緯度"": ""32.301672""}]",,"[{""NO"": ""67"", ""その他市町村長が必要と認める事項"": """", ""住所"": ""熊本県芦北町大字計石2963"", ""備考"": """", ""共通ID"": ""E4348200017111"", ""受入対象者"": """", ""指定緊急避難場所との住所同一"": ""1"", ""施設・場所名"": ""旧計石小学校(校舎、体育館)"", ""経度"": ""130.478385"", ""緯度"": ""32.301672""}]",[],reference/43000_1.csv,826df538e39b2b9a92263df3923cbb095581fd79ac7a5fb050202dbd899c7c44,,,,,,unmatched,fuzzy_below_threshold,0.836,,,,,unmatched,manual_no_match,,,32.301672,130.478385,gsi_reference,reference_latitude_longitude,complete
2026-08-24,2026-08-24T00:33:05+09:00,26/08/24 00:33時点の避難所状況の一覧です。,2026-08-24T00:33+09:00,ref:E4353100024111,ef6e3f40b98901fb1eb6,苓北町,苓北町都呂々体育館,未開設(Web開設一覧に掲載なし),false,,,熊本県苓北町都呂々1245-1,,unchanged,未開設(Web開設一覧に掲載なし),,,https://portal.bousai.pref.kumamoto.jp/sp.html?p=evacuation%2Fshelter&l=15-0&ll=32.63819999999999%2C130.77610000000004&z=9&municipalityCd=430005,ef452581f25d941988fb6daa84f8e624f5bdbf2c6672ad5d7c5ebbe64516844b,"{""ルート検索"": """", ""住所"": ""熊本県苓北町都呂々1245-1"", ""市町村"": ""苓北町"", ""混雑状況"": """", ""避難所名"": ""苓北町都呂々体育館"", ""開設状況"": ""未開設（Web開設一覧に掲載なし）""}",matched,exact_name_address,1.000,1,1298,E4353100024111,E4353100024111,苓北町都呂々体育館,熊本県苓北町都呂々1245-1,1,,,32.4685,130.039615,"[{""共通ID"": ""E4353100024111"", ""経度"": ""130.039615"", ""緯度"": ""32.4685""}]",,"[{""NO"": ""1298"", ""その他市町村長が必要と認める事項"": """", ""住所"": ""熊本県苓北町都呂々1245-1"", ""備考"": """", ""共通ID"": ""E4353100024111"", ""受入対象者"": """", ""指定緊急避難場所との住所同一"": ""1"", ""施設・場所名"": ""苓北町都呂々体育館"", ""経度"": ""130.039615"", ""緯度"": ""32.4685""}]",[],reference/43000_1.csv,826df538e39b2b9a92263df3923cbb095581fd79ac7a5fb050202dbd899c7c44,,,,,,ambiguous,coordinate_near_tie,,,,,,unmatched,manual_no_match,,,32.4685,130.039615,gsi_reference,reference_latitude_longitude,complete
2026-08-24,2026-08-24T00:33:05+09:00,26/08/24 00:33時点の避難所状況の一覧です。,2026-08-24T00:33+09:00,ref:E4320400012111,d7fa57e4901e11236f70,荒尾市,東大谷体育館,未開設(Web開設一覧に掲載なし),false,,,熊本県荒尾市荒尾4409,,unchanged,未開設(Web開設一覧に掲載なし),,,https://portal.bousai.pref.kumamoto.jp/sp.html?p=evacuation%2Fshelter&l=15-0&ll=32.63819999999999%2C130.77610000000004&z=9&municipalityCd=430005,fd44cd394ce212b75eee950e5865e602903a359c1cef10140dea890989bb0057,"{""ルート検索"": """", ""住所"": ""熊本県荒尾市荒尾4409"", ""市町村"": ""荒尾市"", ""混雑状況"": """", ""避難所名"": ""東大谷体育館"", ""開設状況"": ""未開設（Web開設一覧に掲載なし）""}",matched,exact_name_address,1.000,1,671,E4320400012111,E4320400012111,東大谷体育館,熊本県荒尾市荒尾4409,,,,32.9857453936154,130.460966612493,"[{""共通ID"": ""E4320400012111"", ""経度"": ""130.460966612493"", ""緯度"": ""32.9857453936154""}]",,"[{""NO"": ""671"", ""その他市町村長が必要と認める事項"": """", ""住所"": ""熊本県荒尾市荒尾4409"", ""備考"": """", ""共通ID"": ""E4320400012111"", ""受入対象者"": """", ""指定緊急避難場所との住所同一"": """", ""施設・場所名"": ""東大谷体育館"", ""経度"": ""130.460966612493"", ""緯度"": ""32.9857453936154""}]",[],reference/43000_1.csv,826df538e39b2b9a92263df3923cbb095581fd79ac7a5fb050202dbd899c7c44,,,,,,unmatched,no_candidate,,,,,,unmatched,manual_no_match,,,32.9857453936154,130.460966612493,gsi_reference,reference_latitude_longitude,complete
2026-08-24,2026-08-24T00:33:05+09:00,26/08/24 00:33時点の避難所状況の一覧です。,2026-08-24T00:33+09:00,ref:E4321000018111,2e4c34e130a8326df461,菊池市,きくちふるさと水源交流館,未開設(Web開設一覧に掲載なし),false,,,熊本県菊池市原1600,,unchanged,未開設(Web開設一覧に掲載なし),,,https://portal.bousai.pref.kumamoto.jp/sp.html?p=evacuation%2Fshelter&l=15-0&ll=32.63819999999999%2C130.77610000000004&z=9&municipalityCd=430005,902657b8dbe69b3be734ec2f97718cc5b7c495f1242325cd0cf4cb9d6f17f64a,"{""ルート検索"": """", ""住所"": ""熊本県菊池市原1600"", ""市町村"": ""菊池市"", ""混雑状況"": """", ""避難所名"": ""きくちふるさと水源交流館"", ""開設状況"": ""未開設（Web開設一覧に掲載なし）""}",matched,exact_name_address,1.000,1,232,E4321000018111,E4321000018111,きくちふるさと水源交流館,熊本県菊池市原1600,1,,,33.001985,130.872459,"[{""共通ID"": ""E4321000018111"", ""経度"": ""130.872459"", ""緯度"": ""33.001985""}]",,"[{""NO"": ""232"", ""その他市町村長が必要と認める事項"": """", ""住所"": ""熊本県菊池市原1600"", ""備考"": """", ""共通ID"": ""E4321000018111"", ""受入対象者"": """", ""指定緊急避難場所との住所同一"": ""1"", ""施設・場所名"": ""きくちふるさと水源交流館"", ""経度"": ""130.872459"", ""緯度"": ""33.001985""}]",[],reference/43000_1.csv,826df538e39b2b9a92263df3923cbb095581fd79ac7a5fb050202dbd899c7c44,,,,,,ambiguous,coordinate_near_tie,,,,,,unmatched,manual_no_match,,,33.001985,130.872459,gsi_reference,reference_latitude_longitude,complete
2026-08-24,2026-08-24T00:33:05+09:00,26/08/24 00:33時点の避難所状況の一覧です。,2026-08-24T00:33+09:00,ref:E4321000072111,1bc153301400fedb80dd,菊池市,水源支館,未開設(Web開設一覧に掲載なし),false,,,熊本県菊池市原1596-1,,unchanged,未開設(Web開設一覧に掲載なし),,,https://portal.bousai.pref.kumamoto.jp/sp.html?p=evacuation%2Fshelter&l=15-0&ll=32.63819999999999%2C130.77610000000004&z=9&municipalityCd=430005,9a3d645c07710e88921a149473fad8285ecb80d9f5d623da115840928d025a8d,"{""ルート検索"": """", ""住所"": ""熊本県菊池市原1596-1"", ""市町村"": ""菊池市"", ""混雑状況"": """", ""避難所名"": ""水源支館"", ""開設状況"": ""未開設（Web開設一覧に掲載なし）""}",matched,exact_name_address,1.000,1,231,E4321000072111,E4321000072111,水源支館,熊本県菊池市原1596-1,1,,,33.00219,130.872165,"[{""共通ID"": ""E4321000072111"", ""経度"": ""130.872165"", ""緯度"": ""33.00219""}]",,"[{""NO"": ""231"", ""その他市町村長が必要と認める事項"": """", ""住所"": ""熊本県菊池市原1596-1"", ""備考"": """", ""共通ID"": ""E4321000072111"", ""受入対象者"": """", ""指定緊急避難場所との住所同一"": ""1"", ""施設・場所名"": ""水源支館"", ""経度"": ""130.872165"", ""緯度"": ""33.00219""}]",[],reference/43000_1.csv,826df538e39b2b9a92263df3923cbb095581fd79ac7a5fb050202dbd899c7c44,,,,,,ambiguous,coordinate_near_tie,,,,,,unmatched,manual_no_match,,,33.00219,130.872165,gsi_reference,reference_latitude_longitude,complete
2026-08-24,2026-08-24T00:33:05+09:00,26/08/24 00:33時点の避難所状況の一覧です。,2026-08-24T00:33+09:00,ref:E4321000045111,b7f367b9965cd7e5b738,菊池市,菊池市龍門地域活性化支援センター(旧龍門小学校校舎),未開設(Web開設一覧に掲載なし),false,,,熊本県菊池市龍門356,,unchanged,未開設(Web開設一覧に掲載なし),,,https://portal.bousai.pref.kumamoto.jp/sp.html?p=evacuation%2Fshelter&l=15-0&ll=32.63819999999999%2C130.77610000000004&z=9&municipalityCd=430005,317769b1d17a6a38778723904b0e082215df2a4ec5fe8b3988368ffefcbc4c2d,"{""ルート検索"": """", ""住所"": ""熊本県菊池市龍門356"", ""市町村"": ""菊池市"", ""混雑状況"": """", ""避難所名"": ""菊池市龍門地域活性化支援センター(旧龍門小学校校舎)"", ""開設状況"": ""未開設（Web開設一覧に掲載なし）""}",matched,exact_name_address,1.000,1,253,E4321000045111,E4321000045111,菊池市龍門地域活性化支援センター(旧龍門小学校校舎),熊本県菊池市龍門356,1,,,33.02546149,130.8418333,"[{""共通ID"": ""E4321000045111"", ""経度"": ""130.8418333"", ""緯度"": ""33.02546149""}]",,"[{""NO"": ""253"", ""その他市町村長が必要と認める事項"": """", ""住所"": ""熊本県菊池市龍門356"", ""備考"": """", ""共通ID"": ""E4321000045111"", ""受入対象者"": """", ""指定緊急避難場所との住所同一"": ""1"", ""施設・場所名"": ""菊池市龍門地域活性化支援センター(旧龍門小学校校舎)"", ""経度"": ""130.8418333"", ""緯度"": ""33.02546149""}]",[],reference/43000_1.csv,826df538e39b2b9a92263df3923cbb095581fd79ac7a5fb050202dbd899c7c44,,,,,,unmatched,no_candidate,,,,,,unmatched,manual_no_match,,,33.02546149,130.8418333,gsi_reference,reference_latitude_longitude,complete
2026-08-24,2026-08-24T00:33:05+09:00,26/08/24 00:33時点の避難所状況の一覧です。,2026-08-24T00:33+09:00,ref:E4321000035112,6fe74044fc748123bdb9,菊池市,西部市民センター,未開設(Web開設一覧に掲載なし),false,,,熊本県菊池市西寺1371-1,,unchanged,未開設(Web開設一覧に掲載なし),,,https://portal.bousai.pref.kumamoto.jp/sp.html?p=evacuation%2Fshelter&l=15-0&ll=32.63819999999999%2C130.77610000000004&z=9&municipalityCd=430005,cc250662761e3a9343bc5672f1ae22ff12e671eccfccbe309dfb782a48e4c70f,"{""ルート検索"": """", ""住所"": ""熊本県菊池市西寺1371-1"", ""市町村"": ""菊池市"", ""混雑状況"": """", ""避難所名"": ""西部市民センター"", ""開設状況"": ""未開設（Web開設一覧に掲載なし）""}",matched,exact_name_address,1.000,1,245,E4321000035112,E4321000035112,西部市民センター,熊本県菊池市西寺1371-1,,,,32.970526,130.785721,"[{""共通ID"": ""E4321000035112"", ""経度"": ""130.785721"", ""緯度"": ""32.970526""}]",,"[{""NO"": ""245"", ""その他市町村長が必要と認める事項"": """", ""住所"": ""熊本県菊池市西寺1371-1"", ""備考"": """", ""共通ID"": ""E4321000035112"", ""受入対象者"": """", ""指定緊急避難場所との住所同一"": """", ""施設・場所名"": ""西部市民センター"", ""経度"": ""130.785721"", ""緯度"": ""32.970526""}]",[],reference/43000_1.csv,826df538e39b2b9a92263df3923cbb095581fd79ac7a5fb050202dbd899c7c44,,,,,,ambiguous,coordinate_near_tie,,,,,,unmatched,manual_no_match,,,32.970526,130.785721,gsi_reference,reference_latitude_longitude,complete
2026-08-24,2026-08-24T00:33:05+09:00,26/08/24 00:33時点の避難所状況の一覧です。,2026-08-24T00:33+09:00,ref:E4350100002121,74461e7c4e27f52b9ecf,錦町,錦町保健センター,未開設(Web開設一覧に掲載なし),false,,,熊本県錦町大字一武1502-1,,unchanged,未開設(Web開設一覧に掲載なし),,,https://portal.bousai.pref.kumamoto.jp/sp.html?p=evacuation%2Fshelter&l=15-0&ll=32.63819999999999%2C130.77610000000004&z=9&municipalityCd=430005,7c3c3821f855a7c8b777b5487de9e864ce39c4f1eb2409b85ab2b4ecb1ebe41c,"{""ルート検索"": """", ""住所"": ""熊本県錦町大字一武1502-1"", ""市町村"": ""錦町"", ""混雑状況"": """", ""避難所名"": ""錦町保健センター"", ""開設状況"": ""未開設（Web開設一覧に掲載なし）""}",matched,exact_name_address,1.000,1,377,E4350100002121,E4350100002121,錦町保健センター,熊本県錦町大字一武1502-1,,,障害児等,32.199424663407,130.84110835816,"[{""共通ID"": ""E4350100002121"", ""経度"": ""130.84110835816"", ""緯度"": ""32.199424663407""}]",,"[{""NO"": ""377"", ""その他市町村長が必要と認める事項"": """", ""住所"": ""熊本県錦町大字一武1502-1"", ""備考"": """", ""共通ID"": ""E4350100002121"", ""受入対象者"": ""障害児等"", ""指定緊急避難場所との住所同一"": """", ""施設・場所名"": ""錦町保健センター"", ""経度"": ""130.84110835816"", ""緯度"": ""32.199424663407""}]",[],reference/43000_1.csv,826df538e39b2b9a92263df3923cbb095581fd79ac7a5fb050202dbd899c7c44,,,,,,unmatched,no_candidate,,,,,,unmatched,manual_no_match,,,32.199424663407,130.84110835816,gsi_reference,reference_latitude_longitude,complete
2026-08-24,2026-08-24T00:33:05+09:00,26/08/24 00:33時点の避難所状況の一覧です。,2026-08-24T00:33+09:00,ref:E4336800007111,a0d5c42cede1e40c401e,長洲町,長洲町地域福祉センター,未開設(Web開設一覧に掲載なし),false,,,熊本県長洲町大字宮野999,,unchanged,未開設(Web開設一覧に掲載なし),,,https://portal.bousai.pref.kumamoto.jp/sp.html?p=evacuation%2Fshelter&l=15-0&ll=32.63819999999999%2C130.77610000000004&z=9&municipalityCd=430005,bd7cb8cc4c05eaece65a882a32a107efc454e043c3e5f9cb3c6e6e8b4e360471,"{""ルート検索"": """", ""住所"": ""熊本県長洲町大字宮野999"", ""市町村"": ""長洲町"", ""混雑状況"": """", ""避難所名"": ""長洲町地域福祉センター"", ""開設状況"": ""未開設（Web開設一覧に掲載なし）""}",matched,exact_name_address,1.000,1,1008,E4336800007111,E4336800007111,長洲町地域福祉センター,熊本県長洲町大字宮野999,1,,,32.932771,130.479191,"[{""共通ID"": ""E4336800007111"", ""経度"": ""130.479191"", ""緯度"": ""32.932771""}]",,"[{""NO"": ""1008"", ""その他市町村長が必要と認める事項"": """", ""住所"": ""熊本県長洲町大字宮野999"", ""備考"": """", ""共通ID"": ""E4336800007111"", ""受入対象者"": """", ""指定緊急避難場所との住所同一"": ""1"", ""施設・場所名"": ""長洲町地域福祉センター"", ""経度"": ""130.479191"", ""緯度"": ""32.932771""}]",[],reference/43000_1.csv,826df538e39b2b9a92263df3923cbb095581fd79ac7a5fb050202dbd899c7c44,,,,,,unmatched,no_candidate,,,,,,unmatched,manual_no_match,,,32.932771,130.479191,gsi_reference,reference_latitude_longitude,complete
2026-08-24,2026-08-24T00:33:05+09:00,26/08/24 00:33時点の避難所状況の一覧です。,2026-08-24T00:33+09:00,ref:E4321400032111,8424e1b0956c13272486,阿蘇市,跡ケ瀬公民館,未開設(Web開設一覧に掲載なし),false,,,熊本県阿蘇市跡ケ瀬165-4,,unchanged,未開設(Web開設一覧に掲載なし),,,https://portal.bousai.pref.kumamoto.jp/sp.html?p=evacuation%2Fshelter&l=15-0&ll=32.63819999999999%2C130.77610000000004&z=9&municipalityCd=430005,2f2d28d8602fd1e9e506405badd2d760439035f09fe8d759bca9e8f22f563a62,"{""ルート検索"": """", ""住所"": ""熊本県阿蘇市跡ケ瀬165-4"", ""市町村"": ""阿蘇市"", ""混雑状況"": """", ""避難所名"": ""跡ケ瀬公民館"", ""開設状況"": ""未開設（Web開設一覧に掲載なし）""}",matched,exact_name_address,1.000,1,37,E4321400032111,E4321400032111,跡ケ瀬公民館,熊本県阿蘇市跡ケ瀬165-4,1,,,32.933975,131.005212,"[{""共通ID"": ""E4321400032111"", ""経度"": ""131.005212"", ""緯度"": ""32.933975""}]",,"[{""NO"": ""37"", ""その他市町村長が必要と認める事項"": """", ""住所"": ""熊本県阿蘇市跡ケ瀬165-4"", ""備考"": """", ""共通ID"": ""E4321400032111"", ""受入対象者"": """", ""指定緊急避難場所との住所同一"": ""1"", ""施設・場所名"": ""跡ケ瀬公民館"", ""経度"": ""131.005212"", ""緯度"": ""32.933975""}]",[],reference/43000_1.csv,826df538e39b2b9a92263df3923cbb095581fd79ac7a5fb050202dbd899c7c44,,,,,,unmatched,no_candidate,,,,,,unmatched,manual_no_match,,,32.933975,131.005212,gsi_reference,reference_latitude_longitude,complete
