snapshot_date_jst,retrieved_at_jst,source_updated_at_text,source_updated_at_jst,shelter_id,web_shelter_id,municipality,shelter_name,opening_status,is_open,congestion_status,evacuee_count,address,route_search,change_type,previous_opening_status,previous_congestion_status,previous_evacuee_count,source_url,record_hash,raw_row_json,reference_match_status,reference_match_method,reference_match_score,reference_match_count,reference_no,reference_common_id,reference_common_ids,reference_facility_name,reference_address,reference_same_address_as_emergency_site,reference_other_mayor_matters,reference_accepted_persons,reference_latitude,reference_longitude,reference_all_coordinates_json,reference_notes,reference_rows_json,reference_candidates_json,reference_source_file,reference_source_sha256
2026-07-30,2026-07-30T00:13:27+09:00,26/07/30 00:13時点の避難所状況の一覧です。,2026-07-30T00:13+09:00,web:1cbb2717b8b17bc6bd3e,1cbb2717b8b17bc6bd3e,あさぎり町,あさぎり中学校,---,false,---,,あさぎり町上北2144,検索,,,,,https://portal.bousai.pref.kumamoto.jp/sp.html?p=evacuation%2Fshelter&l=15-0&ll=32.63819999999999%2C130.77610000000004&z=9&municipalityCd=430005,17ad238edf061aa9978072f255523526ca2a48d3f5db864de9a0f0599d25e331,"{""ルート検索"": ""検索"", ""住所"": ""あさぎり町上北2144"", ""市町村"": ""あさぎり町"", ""混雑状況"": ""---"", ""避難所名"": ""あさぎり中学校"", ""開設状況"": ""---""}",unmatched,no_candidate,,0,,,,,,,,,,,[],,[],[],reference/43000_1.csv,dd6686fa000c3e720180ba96d02aacff987aec1bba3c9bc69a5867fc0089d10d
2026-07-30,2026-07-30T00:13:27+09:00,26/07/30 00:13時点の避難所状況の一覧です。,2026-07-30T00:13+09:00,web:1b11ebfc9830472e8eb5,1b11ebfc9830472e8eb5,あさぎり町,あさぎり町ヘルシーランド,開設,true,平常,,あさぎり町上北1874,検索,,,,,https://portal.bousai.pref.kumamoto.jp/sp.html?p=evacuation%2Fshelter&l=15-0&ll=32.63819999999999%2C130.77610000000004&z=9&municipalityCd=430005,10eaab5c1d8b268ebe715ae7b87674fd89f1479a993ffc467e2347faabddac67,"{""ルート検索"": ""検索"", ""住所"": ""あさぎり町上北1874"", ""市町村"": ""あさぎり町"", ""混雑状況"": ""平常"", ""避難所名"": ""あさぎり町ヘルシーランド"", ""開設状況"": ""開設""}",unmatched,no_candidate,,0,,,,,,,,,,,[],,[],[],reference/43000_1.csv,dd6686fa000c3e720180ba96d02aacff987aec1bba3c9bc69a5867fc0089d10d
2026-07-30,2026-07-30T00:13:27+09:00,26/07/30 00:13時点の避難所状況の一覧です。,2026-07-30T00:13+09:00,web:cf71af662b219fbbdde5,cf71af662b219fbbdde5,あさぎり町,あさぎり町定住促進センター,---,false,---,,あさぎり町深田東1430,検索,,,,,https://portal.bousai.pref.kumamoto.jp/sp.html?p=evacuation%2Fshelter&l=15-0&ll=32.63819999999999%2C130.77610000000004&z=9&municipalityCd=430005,678d67b386f7dafa894a9284af1e3623b99397c6d9926715ef28bd398fdf6304,"{""ルート検索"": ""検索"", ""住所"": ""あさぎり町深田東1430"", ""市町村"": ""あさぎり町"", ""混雑状況"": ""---"", ""避難所名"": ""あさぎり町定住促進センター"", ""開設状況"": ""---""}",unmatched,no_candidate,,0,,,,,,,,,,,[],,[],[],reference/43000_1.csv,dd6686fa000c3e720180ba96d02aacff987aec1bba3c9bc69a5867fc0089d10d
2026-07-30,2026-07-30T00:13:27+09:00,26/07/30 00:13時点の避難所状況の一覧です。,2026-07-30T00:13+09:00,web:004f009ef73a81acd8e5,004f009ef73a81acd8e5,あさぎり町,せきれい館,開設,true,平常,,あさぎり町深田西955-1,検索,,,,,https://portal.bousai.pref.kumamoto.jp/sp.html?p=evacuation%2Fshelter&l=15-0&ll=32.63819999999999%2C130.77610000000004&z=9&municipalityCd=430005,a06c33577779113e50bf7255f3db01eafa85be5b56f1d19a1f550a5b707c3f62,"{""ルート検索"": ""検索"", ""住所"": ""あさぎり町深田西955-1"", ""市町村"": ""あさぎり町"", ""混雑状況"": ""平常"", ""避難所名"": ""せきれい館"", ""開設状況"": ""開設""}",unmatched,no_candidate,,0,,,,,,,,,,,[],,[],[],reference/43000_1.csv,dd6686fa000c3e720180ba96d02aacff987aec1bba3c9bc69a5867fc0089d10d
2026-07-30,2026-07-30T00:13:27+09:00,26/07/30 00:13時点の避難所状況の一覧です。,2026-07-30T00:13+09:00,web:5fe7f128ed348f1aa193,5fe7f128ed348f1aa193,あさぎり町,もみじ館,---,false,---,,あさぎり町岡原北904,検索,,,,,https://portal.bousai.pref.kumamoto.jp/sp.html?p=evacuation%2Fshelter&l=15-0&ll=32.63819999999999%2C130.77610000000004&z=9&municipalityCd=430005,41a4980e2c84d8d470e1ad5d36db2fbdc21deec519c37c56732f924d1b647fcd,"{""ルート検索"": ""検索"", ""住所"": ""あさぎり町岡原北904"", ""市町村"": ""あさぎり町"", ""混雑状況"": ""---"", ""避難所名"": ""もみじ館"", ""開設状況"": ""---""}",unmatched,no_candidate,,0,,,,,,,,,,,[],,[],[],reference/43000_1.csv,dd6686fa000c3e720180ba96d02aacff987aec1bba3c9bc69a5867fc0089d10d
2026-07-30,2026-07-30T00:13:27+09:00,26/07/30 00:13時点の避難所状況の一覧です。,2026-07-30T00:13+09:00,web:baa646571dbe82b2c649,baa646571dbe82b2c649,あさぎり町,やったろ館,---,false,---,,あさぎり町岡原南1654-1,検索,,,,,https://portal.bousai.pref.kumamoto.jp/sp.html?p=evacuation%2Fshelter&l=15-0&ll=32.63819999999999%2C130.77610000000004&z=9&municipalityCd=430005,588844c755d0b5de614f83df37b807fb9112b8b4f34eb9d894d8ca15185339e5,"{""ルート検索"": ""検索"", ""住所"": ""あさぎり町岡原南1654-1"", ""市町村"": ""あさぎり町"", ""混雑状況"": ""---"", ""避難所名"": ""やったろ館"", ""開設状況"": ""---""}",unmatched,no_candidate,,0,,,,,,,,,,,[],,[],[],reference/43000_1.csv,dd6686fa000c3e720180ba96d02aacff987aec1bba3c9bc69a5867fc0089d10d
2026-07-30,2026-07-30T00:13:27+09:00,26/07/30 00:13時点の避難所状況の一覧です。,2026-07-30T00:13+09:00,web:eebebe302b998b3791fa,eebebe302b998b3791fa,あさぎり町,ポッポー館,開設,true,平常,,あさぎり町免田東1482-2,検索,,,,,https://portal.bousai.pref.kumamoto.jp/sp.html?p=evacuation%2Fshelter&l=15-0&ll=32.63819999999999%2C130.77610000000004&z=9&municipalityCd=430005,aad1365b5fd7a8bc118ceef14bb7791413570bdff43abbb87b9e1dd178661824,"{""ルート検索"": ""検索"", ""住所"": ""あさぎり町免田東1482-2"", ""市町村"": ""あさぎり町"", ""混雑状況"": ""平常"", ""避難所名"": ""ポッポー館"", ""開設状況"": ""開設""}",unmatched,no_candidate,,0,,,,,,,,,,,[],,[],[],reference/43000_1.csv,dd6686fa000c3e720180ba96d02aacff987aec1bba3c9bc69a5867fc0089d10d
2026-07-30,2026-07-30T00:13:27+09:00,26/07/30 00:13時点の避難所状況の一覧です。,2026-07-30T00:13+09:00,web:dcf9e706408ae732a82e,dcf9e706408ae732a82e,あさぎり町,上小学校,---,false,---,,あさぎり町上南2370,検索,,,,,https://portal.bousai.pref.kumamoto.jp/sp.html?p=evacuation%2Fshelter&l=15-0&ll=32.63819999999999%2C130.77610000000004&z=9&municipalityCd=430005,4ddab6c260904e53d0a6520c935c799361cea484fabdc78b61aa31c7c9855c94,"{""ルート検索"": ""検索"", ""住所"": ""あさぎり町上南2370"", ""市町村"": ""あさぎり町"", ""混雑状況"": ""---"", ""避難所名"": ""上小学校"", ""開設状況"": ""---""}",unmatched,exact_name_municipality_conflict,,0,,,,,,,,,,,[],,[],"[{""NO"": ""845"", ""その他市町村長が必要と認める事項"": """", ""住所"": ""熊本県上天草市大矢野町上1119"", ""備考"": """", ""共通ID"": ""E4321200019111"", ""受入対象者"": """", ""指定緊急避難場所との住所同一"": ""1"", ""施設・場所名"": ""上小学校"", ""経度"": ""130.423341"", ""緯度"": ""32.585879""}]",reference/43000_1.csv,dd6686fa000c3e720180ba96d02aacff987aec1bba3c9bc69a5867fc0089d10d
2026-07-30,2026-07-30T00:13:27+09:00,26/07/30 00:13時点の避難所状況の一覧です。,2026-07-30T00:13+09:00,web:9a394236c1ef2a3053d9,9a394236c1ef2a3053d9,あさぎり町,上総合運動公園(体育館・武道場含む),---,false,---,,あさぎり町上東1282,検索,,,,,https://portal.bousai.pref.kumamoto.jp/sp.html?p=evacuation%2Fshelter&l=15-0&ll=32.63819999999999%2C130.77610000000004&z=9&municipalityCd=430005,e325fd8e75776f3993f829a66b7479d22a8f5ade5957fa05a99c05d5b058535f,"{""ルート検索"": ""検索"", ""住所"": ""あさぎり町上東1282"", ""市町村"": ""あさぎり町"", ""混雑状況"": ""---"", ""避難所名"": ""上総合運動公園(体育館・武道場含む)"", ""開設状況"": ""---""}",unmatched,fuzzy_below_threshold,0.847,0,,,,,,,,,,,[],,[],"[{""NO"": ""4"", ""その他市町村長が必要と認める事項"": """", ""住所"": ""熊本県あさぎり町上東128-2"", ""備考"": """", ""共通ID"": ""E4351400004111"", ""受入対象者"": """", ""指定緊急避難場所との住所同一"": """", ""施設・場所名"": ""上総合運動公園体育館(予備:武道場)"", ""経度"": ""130.90970751655"", ""緯度"": ""32.221566156341""}]",reference/43000_1.csv,dd6686fa000c3e720180ba96d02aacff987aec1bba3c9bc69a5867fc0089d10d
2026-07-30,2026-07-30T00:13:27+09:00,26/07/30 00:13時点の避難所状況の一覧です。,2026-07-30T00:13+09:00,web:dabf73052e8e597526a9,dabf73052e8e597526a9,あさぎり町,免田地区体育施設体育館及び武道場(旧免田中学校),---,false,---,,あさぎり町免田東1774,検索,,,,,https://portal.bousai.pref.kumamoto.jp/sp.html?p=evacuation%2Fshelter&l=15-0&ll=32.63819999999999%2C130.77610000000004&z=9&municipalityCd=430005,bd7824543664e44f120b1e7dc7fad68952fbbec761804aee44cf8d5953bb0355,"{""ルート検索"": ""検索"", ""住所"": ""あさぎり町免田東1774"", ""市町村"": ""あさぎり町"", ""混雑状況"": ""---"", ""避難所名"": ""免田地区体育施設体育館及び武道場(旧免田中学校)"", ""開設状況"": ""---""}",unmatched,no_candidate,,0,,,,,,,,,,,[],,[],[],reference/43000_1.csv,dd6686fa000c3e720180ba96d02aacff987aec1bba3c9bc69a5867fc0089d10d
2026-07-30,2026-07-30T00:13:27+09:00,26/07/30 00:13時点の避難所状況の一覧です。,2026-07-30T00:13+09:00,web:07293f8f94fe82295843,07293f8f94fe82295843,あさぎり町,免田小学校,---,false,---,,あさぎり町免田東1719,検索,,,,,https://portal.bousai.pref.kumamoto.jp/sp.html?p=evacuation%2Fshelter&l=15-0&ll=32.63819999999999%2C130.77610000000004&z=9&municipalityCd=430005,fff30998d1d1c15ee30cc290966152392ef7b646aad9bb3e9e90b0c4cc63ec53,"{""ルート検索"": ""検索"", ""住所"": ""あさぎり町免田東1719"", ""市町村"": ""あさぎり町"", ""混雑状況"": ""---"", ""避難所名"": ""免田小学校"", ""開設状況"": ""---""}",unmatched,no_candidate,,0,,,,,,,,,,,[],,[],[],reference/43000_1.csv,dd6686fa000c3e720180ba96d02aacff987aec1bba3c9bc69a5867fc0089d10d
2026-07-30,2026-07-30T00:13:27+09:00,26/07/30 00:13時点の避難所状況の一覧です。,2026-07-30T00:13+09:00,web:39521f79272c9e90389c,39521f79272c9e90389c,あさぎり町,免田総合体育センターグラウンド,---,false,---,,あさぎり町免田東1989-3,検索,,,,,https://portal.bousai.pref.kumamoto.jp/sp.html?p=evacuation%2Fshelter&l=15-0&ll=32.63819999999999%2C130.77610000000004&z=9&municipalityCd=430005,8c9d9a19616137299fdfe0ecd8b048522d801a988332cb619c592f2bb49e0025,"{""ルート検索"": ""検索"", ""住所"": ""あさぎり町免田東1989-3"", ""市町村"": ""あさぎり町"", ""混雑状況"": ""---"", ""避難所名"": ""免田総合体育センターグラウンド"", ""開設状況"": ""---""}",unmatched,no_candidate,,0,,,,,,,,,,,[],,[],[],reference/43000_1.csv,dd6686fa000c3e720180ba96d02aacff987aec1bba3c9bc69a5867fc0089d10d
2026-07-30,2026-07-30T00:13:27+09:00,26/07/30 00:13時点の避難所状況の一覧です。,2026-07-30T00:13+09:00,web:3a8404b0106119c2a485,3a8404b0106119c2a485,あさぎり町,岡原かえで館,開設,true,平常,,あさぎり町岡原北929,検索,,,,,https://portal.bousai.pref.kumamoto.jp/sp.html?p=evacuation%2Fshelter&l=15-0&ll=32.63819999999999%2C130.77610000000004&z=9&municipalityCd=430005,9e25199d9498fa65919063eb2be49fe0bed57a4c3f919f9ba1893e4ccd4220d5,"{""ルート検索"": ""検索"", ""住所"": ""あさぎり町岡原北929"", ""市町村"": ""あさぎり町"", ""混雑状況"": ""平常"", ""避難所名"": ""岡原かえで館"", ""開設状況"": ""開設""}",unmatched,no_candidate,,0,,,,,,,,,,,[],,[],[],reference/43000_1.csv,dd6686fa000c3e720180ba96d02aacff987aec1bba3c9bc69a5867fc0089d10d
2026-07-30,2026-07-30T00:13:27+09:00,26/07/30 00:13時点の避難所状況の一覧です。,2026-07-30T00:13+09:00,web:062a8508005ad9c32b3a,062a8508005ad9c32b3a,あさぎり町,岡原保健センター,---,false,---,,熊本県あさぎり町,検索,,,,,https://portal.bousai.pref.kumamoto.jp/sp.html?p=evacuation%2Fshelter&l=15-0&ll=32.63819999999999%2C130.77610000000004&z=9&municipalityCd=430005,9424f60a0c46f7c4b7bbcdbf17c1c4e5e942c08986c68351ede849537484bd11,"{""ルート検索"": ""検索"", ""住所"": ""熊本県あさぎり町"", ""市町村"": ""あさぎり町"", ""混雑状況"": ""---"", ""避難所名"": ""岡原保健センター"", ""開設状況"": ""---""}",unmatched,no_candidate,,0,,,,,,,,,,,[],,[],[],reference/43000_1.csv,dd6686fa000c3e720180ba96d02aacff987aec1bba3c9bc69a5867fc0089d10d
2026-07-30,2026-07-30T00:13:27+09:00,26/07/30 00:13時点の避難所状況の一覧です。,2026-07-30T00:13+09:00,web:27915c04d32a42d63c85,27915c04d32a42d63c85,あさぎり町,岡原小学校,---,false,---,,あさぎり町岡原北1313,検索,,,,,https://portal.bousai.pref.kumamoto.jp/sp.html?p=evacuation%2Fshelter&l=15-0&ll=32.63819999999999%2C130.77610000000004&z=9&municipalityCd=430005,2f842d6a05605ad9d501886902c580399ba5c1aef6c91673621e4feb3b104880,"{""ルート検索"": ""検索"", ""住所"": ""あさぎり町岡原北1313"", ""市町村"": ""あさぎり町"", ""混雑状況"": ""---"", ""避難所名"": ""岡原小学校"", ""開設状況"": ""---""}",unmatched,no_candidate,,0,,,,,,,,,,,[],,[],[],reference/43000_1.csv,dd6686fa000c3e720180ba96d02aacff987aec1bba3c9bc69a5867fc0089d10d
2026-07-30,2026-07-30T00:13:27+09:00,26/07/30 00:13時点の避難所状況の一覧です。,2026-07-30T00:13+09:00,web:7c3fa5412ccc1ad35e3f,7c3fa5412ccc1ad35e3f,あさぎり町,岡原総合運動公園,---,false,---,,あさぎり町岡原南2236-13,検索,,,,,https://portal.bousai.pref.kumamoto.jp/sp.html?p=evacuation%2Fshelter&l=15-0&ll=32.63819999999999%2C130.77610000000004&z=9&municipalityCd=430005,f6bd4d4a1b8041e4859f8eded1f81bfad58dcb50dba702c39241c7e1de0fd15f,"{""ルート検索"": ""検索"", ""住所"": ""あさぎり町岡原南2236-13"", ""市町村"": ""あさぎり町"", ""混雑状況"": ""---"", ""避難所名"": ""岡原総合運動公園"", ""開設状況"": ""---""}",unmatched,no_candidate,,0,,,,,,,,,,,[],,[],[],reference/43000_1.csv,dd6686fa000c3e720180ba96d02aacff987aec1bba3c9bc69a5867fc0089d10d
2026-07-30,2026-07-30T00:13:27+09:00,26/07/30 00:13時点の避難所状況の一覧です。,2026-07-30T00:13+09:00,web:dc41e7003228def58559,dc41e7003228def58559,あさぎり町,旧深田中学校グラウンド,---,false,---,,あさぎり町深田東2070,検索,,,,,https://portal.bousai.pref.kumamoto.jp/sp.html?p=evacuation%2Fshelter&l=15-0&ll=32.63819999999999%2C130.77610000000004&z=9&municipalityCd=430005,7b1d002f7bb9c339617ba1f65bd5504316ec8573f2a2fb9ff090b15f0d268db2,"{""ルート検索"": ""検索"", ""住所"": ""あさぎり町深田東2070"", ""市町村"": ""あさぎり町"", ""混雑状況"": ""---"", ""避難所名"": ""旧深田中学校グラウンド"", ""開設状況"": ""---""}",unmatched,no_candidate,,0,,,,,,,,,,,[],,[],[],reference/43000_1.csv,dd6686fa000c3e720180ba96d02aacff987aec1bba3c9bc69a5867fc0089d10d
2026-07-30,2026-07-30T00:13:27+09:00,26/07/30 00:13時点の避難所状況の一覧です。,2026-07-30T00:13+09:00,web:f43940bfc20f03e85016,f43940bfc20f03e85016,あさぎり町,旧皆越分校,---,false,---,,あさぎり町皆越307,検索,,,,,https://portal.bousai.pref.kumamoto.jp/sp.html?p=evacuation%2Fshelter&l=15-0&ll=32.63819999999999%2C130.77610000000004&z=9&municipalityCd=430005,50838f42ec665c223340cf4583129a9418cd1feea86ac919516e748b087e8867,"{""ルート検索"": ""検索"", ""住所"": ""あさぎり町皆越307"", ""市町村"": ""あさぎり町"", ""混雑状況"": ""---"", ""避難所名"": ""旧皆越分校"", ""開設状況"": ""---""}",unmatched,no_candidate,,0,,,,,,,,,,,[],,[],[],reference/43000_1.csv,dd6686fa000c3e720180ba96d02aacff987aec1bba3c9bc69a5867fc0089d10d
2026-07-30,2026-07-30T00:13:27+09:00,26/07/30 00:13時点の避難所状況の一覧です。,2026-07-30T00:13+09:00,web:c69d1b1fc3dbcc3aa5ad,c69d1b1fc3dbcc3aa5ad,あさぎり町,深田小学校,---,false,---,,あさぎり町深田東787,検索,,,,,https://portal.bousai.pref.kumamoto.jp/sp.html?p=evacuation%2Fshelter&l=15-0&ll=32.63819999999999%2C130.77610000000004&z=9&municipalityCd=430005,44ec1c7829f6673e1dff94a421ee4f597a65f0b5a1f024da78f2f89d21d02665,"{""ルート検索"": ""検索"", ""住所"": ""あさぎり町深田東787"", ""市町村"": ""あさぎり町"", ""混雑状況"": ""---"", ""避難所名"": ""深田小学校"", ""開設状況"": ""---""}",unmatched,no_candidate,,0,,,,,,,,,,,[],,[],[],reference/43000_1.csv,dd6686fa000c3e720180ba96d02aacff987aec1bba3c9bc69a5867fc0089d10d
2026-07-30,2026-07-30T00:13:27+09:00,26/07/30 00:13時点の避難所状況の一覧です。,2026-07-30T00:13+09:00,web:cac48e03de00e3c0d24d,cac48e03de00e3c0d24d,あさぎり町,白寿荘,---,false,---,,熊本県あさぎり町上北1880,検索,,,,,https://portal.bousai.pref.kumamoto.jp/sp.html?p=evacuation%2Fshelter&l=15-0&ll=32.63819999999999%2C130.77610000000004&z=9&municipalityCd=430005,92e1eec8402100cf5c99bf7c6497e0bf1ac4674b2ff7cb7d0c925df31050a384,"{""ルート検索"": ""検索"", ""住所"": ""熊本県あさぎり町上北1880"", ""市町村"": ""あさぎり町"", ""混雑状況"": ""---"", ""避難所名"": ""白寿荘"", ""開設状況"": ""---""}",unmatched,no_candidate,,0,,,,,,,,,,,[],,[],[],reference/43000_1.csv,dd6686fa000c3e720180ba96d02aacff987aec1bba3c9bc69a5867fc0089d10d
2026-07-30,2026-07-30T00:13:27+09:00,26/07/30 00:13時点の避難所状況の一覧です。,2026-07-30T00:13+09:00,web:a82f31304274886aa511,a82f31304274886aa511,あさぎり町,県立南稜高等学校,---,false,---,,あさぎり町上北310,検索,,,,,https://portal.bousai.pref.kumamoto.jp/sp.html?p=evacuation%2Fshelter&l=15-0&ll=32.63819999999999%2C130.77610000000004&z=9&municipalityCd=430005,de02c8e094f02c6c742ce0aa692341f0c49099afc8f5e1d8c036931fb103d271,"{""ルート検索"": ""検索"", ""住所"": ""あさぎり町上北310"", ""市町村"": ""あさぎり町"", ""混雑状況"": ""---"", ""避難所名"": ""県立南稜高等学校"", ""開設状況"": ""---""}",unmatched,no_candidate,,0,,,,,,,,,,,[],,[],[],reference/43000_1.csv,dd6686fa000c3e720180ba96d02aacff987aec1bba3c9bc69a5867fc0089d10d
2026-07-30,2026-07-30T00:13:27+09:00,26/07/30 00:13時点の避難所状況の一覧です。,2026-07-30T00:13+09:00,web:40820165b6db566deff1,40820165b6db566deff1,あさぎり町,福留コミュニティ消防センター,---,false,---,,あさぎり町岡原南1167,検索,,,,,https://portal.bousai.pref.kumamoto.jp/sp.html?p=evacuation%2Fshelter&l=15-0&ll=32.63819999999999%2C130.77610000000004&z=9&municipalityCd=430005,2c2a06a67799de4578cc8d1d53145303025e680b886e1f1fa73bc7527285ab11,"{""ルート検索"": ""検索"", ""住所"": ""あさぎり町岡原南1167"", ""市町村"": ""あさぎり町"", ""混雑状況"": ""---"", ""避難所名"": ""福留コミュニティ消防センター"", ""開設状況"": ""---""}",unmatched,no_candidate,,0,,,,,,,,,,,[],,[],[],reference/43000_1.csv,dd6686fa000c3e720180ba96d02aacff987aec1bba3c9bc69a5867fc0089d10d
2026-07-30,2026-07-30T00:13:27+09:00,26/07/30 00:13時点の避難所状況の一覧です。,2026-07-30T00:13+09:00,web:a16e89b1d04021cc8f30,a16e89b1d04021cc8f30,あさぎり町,総合福祉センター,---,false,---,,あさぎり町免田東1190-2,検索,,,,,https://portal.bousai.pref.kumamoto.jp/sp.html?p=evacuation%2Fshelter&l=15-0&ll=32.63819999999999%2C130.77610000000004&z=9&municipalityCd=430005,68855f397062b32041ef4298ae8e17bef5355e5a7296af535fc2fc7ea80374f3,"{""ルート検索"": ""検索"", ""住所"": ""あさぎり町免田東1190-2"", ""市町村"": ""あさぎり町"", ""混雑状況"": ""---"", ""避難所名"": ""総合福祉センター"", ""開設状況"": ""---""}",unmatched,no_candidate,,0,,,,,,,,,,,[],,[],[],reference/43000_1.csv,dd6686fa000c3e720180ba96d02aacff987aec1bba3c9bc69a5867fc0089d10d
2026-07-30,2026-07-30T00:13:27+09:00,26/07/30 00:13時点の避難所状況の一覧です。,2026-07-30T00:13+09:00,web:97b22d6a8d3dc7b72a73,97b22d6a8d3dc7b72a73,あさぎり町,須恵小学校,---,false,---,,あさぎり町須恵1230,検索,,,,,https://portal.bousai.pref.kumamoto.jp/sp.html?p=evacuation%2Fshelter&l=15-0&ll=32.63819999999999%2C130.77610000000004&z=9&municipalityCd=430005,d663816fe19435154b7e8afef917dda16cb953f604ad641a4a745e107e295c82,"{""ルート検索"": ""検索"", ""住所"": ""あさぎり町須恵1230"", ""市町村"": ""あさぎり町"", ""混雑状況"": ""---"", ""避難所名"": ""須恵小学校"", ""開設状況"": ""---""}",unmatched,no_candidate,,0,,,,,,,,,,,[],,[],[],reference/43000_1.csv,dd6686fa000c3e720180ba96d02aacff987aec1bba3c9bc69a5867fc0089d10d
2026-07-30,2026-07-30T00:13:27+09:00,26/07/30 00:13時点の避難所状況の一覧です。,2026-07-30T00:13+09:00,web:279a6521403b63e3b4fb,279a6521403b63e3b4fb,あさぎり町,須恵文化ホール,開設,true,不明,,熊本県あさぎり町須恵,検索,,,,,https://portal.bousai.pref.kumamoto.jp/sp.html?p=evacuation%2Fshelter&l=15-0&ll=32.63819999999999%2C130.77610000000004&z=9&municipalityCd=430005,2025e445cff886a2d71f1ce2438876b510a7c3e457fe85e67232866441bc757e,"{""ルート検索"": ""検索"", ""住所"": ""熊本県あさぎり町須恵"", ""市町村"": ""あさぎり町"", ""混雑状況"": ""不明"", ""避難所名"": ""須恵文化ホール"", ""開設状況"": ""開設""}",unmatched,no_candidate,,0,,,,,,,,,,,[],,[],[],reference/43000_1.csv,dd6686fa000c3e720180ba96d02aacff987aec1bba3c9bc69a5867fc0089d10d
2026-07-30,2026-07-30T00:13:27+09:00,26/07/30 00:13時点の避難所状況の一覧です。,2026-07-30T00:13+09:00,web:a24e964e605912c959e0,a24e964e605912c959e0,あさぎり町,須恵文化ホール(大ホールは除く),---,false,---,,あさぎり町須恵1227,検索,,,,,https://portal.bousai.pref.kumamoto.jp/sp.html?p=evacuation%2Fshelter&l=15-0&ll=32.63819999999999%2C130.77610000000004&z=9&municipalityCd=430005,d9f684b26c226957cd59aad670d3eff92272a6e7d9eddee8daed959721e9d950,"{""ルート検索"": ""検索"", ""住所"": ""あさぎり町須恵1227"", ""市町村"": ""あさぎり町"", ""混雑状況"": ""---"", ""避難所名"": ""須恵文化ホール(大ホールは除く)"", ""開設状況"": ""---""}",unmatched,no_candidate,,0,,,,,,,,,,,[],,[],[],reference/43000_1.csv,dd6686fa000c3e720180ba96d02aacff987aec1bba3c9bc69a5867fc0089d10d
2026-07-30,2026-07-30T00:13:27+09:00,26/07/30 00:13時点の避難所状況の一覧です。,2026-07-30T00:13+09:00,web:303db1f0dfa104dbfded,303db1f0dfa104dbfded,あさぎり町,高山総合運動公園(体育館含む),---,false,---,,あさぎり町深田東1404,検索,,,,,https://portal.bousai.pref.kumamoto.jp/sp.html?p=evacuation%2Fshelter&l=15-0&ll=32.63819999999999%2C130.77610000000004&z=9&municipalityCd=430005,14243bd088e338e98b5bad059773eb0090aeb7b817323c9c3e567ebb90291149,"{""ルート検索"": ""検索"", ""住所"": ""あさぎり町深田東1404"", ""市町村"": ""あさぎり町"", ""混雑状況"": ""---"", ""避難所名"": ""高山総合運動公園(体育館含む)"", ""開設状況"": ""---""}",unmatched,no_candidate,,0,,,,,,,,,,,[],,[],[],reference/43000_1.csv,dd6686fa000c3e720180ba96d02aacff987aec1bba3c9bc69a5867fc0089d10d
2026-07-30,2026-07-30T00:13:27+09:00,26/07/30 00:13時点の避難所状況の一覧です。,2026-07-30T00:13+09:00,web:052910e4ad50257f87f2,052910e4ad50257f87f2,上天草市,上公民館,---,false,---,,上天草市大矢野町上386,検索,,,,,https://portal.bousai.pref.kumamoto.jp/sp.html?p=evacuation%2Fshelter&l=15-0&ll=32.63819999999999%2C130.77610000000004&z=9&municipalityCd=430005,13639519976a2038352dad9b4d9a30c8943577c1397fab292551adb44e057749,"{""ルート検索"": ""検索"", ""住所"": ""上天草市大矢野町上386"", ""市町村"": ""上天草市"", ""混雑状況"": ""---"", ""避難所名"": ""上公民館"", ""開設状況"": ""---""}",unmatched,no_candidate,,0,,,,,,,,,,,[],,[],[],reference/43000_1.csv,dd6686fa000c3e720180ba96d02aacff987aec1bba3c9bc69a5867fc0089d10d
2026-07-30,2026-07-30T00:13:27+09:00,26/07/30 00:13時点の避難所状況の一覧です。,2026-07-30T00:13+09:00,web:b61f3b291351bc29e6f4,b61f3b291351bc29e6f4,上天草市,上北体育館,---,false,---,,上天草市大矢野町上3360,検索,,,,,https://portal.bousai.pref.kumamoto.jp/sp.html?p=evacuation%2Fshelter&l=15-0&ll=32.63819999999999%2C130.77610000000004&z=9&municipalityCd=430005,180b7560b1c9af2ada96b5f2f4b5eeebe3ff1059ecc1c07caab8d664ee304b10,"{""ルート検索"": ""検索"", ""住所"": ""上天草市大矢野町上3360"", ""市町村"": ""上天草市"", ""混雑状況"": ""---"", ""避難所名"": ""上北体育館"", ""開設状況"": ""---""}",unmatched,no_candidate,,0,,,,,,,,,,,[],,[],[],reference/43000_1.csv,dd6686fa000c3e720180ba96d02aacff987aec1bba3c9bc69a5867fc0089d10d
2026-07-30,2026-07-30T00:13:27+09:00,26/07/30 00:13時点の避難所状況の一覧です。,2026-07-30T00:13+09:00,web:dd2ca444aa0cfbcf3dc2,dd2ca444aa0cfbcf3dc2,上天草市,上天草市保健センター,---,false,---,,上天草市松島町合津7915-1,検索,,,,,https://portal.bousai.pref.kumamoto.jp/sp.html?p=evacuation%2Fshelter&l=15-0&ll=32.63819999999999%2C130.77610000000004&z=9&municipalityCd=430005,3688a473892a68e21ed0b3a78715c487df82bd55150b7288478cbd775e8ff2cf,"{""ルート検索"": ""検索"", ""住所"": ""上天草市松島町合津7915-1"", ""市町村"": ""上天草市"", ""混雑状況"": ""---"", ""避難所名"": ""上天草市保健センター"", ""開設状況"": ""---""}",unmatched,no_candidate,,0,,,,,,,,,,,[],,[],[],reference/43000_1.csv,dd6686fa000c3e720180ba96d02aacff987aec1bba3c9bc69a5867fc0089d10d
2026-07-30,2026-07-30T00:13:27+09:00,26/07/30 00:13時点の避難所状況の一覧です。,2026-07-30T00:13+09:00,web:f7af91f1025405391caf,f7af91f1025405391caf,上天草市,下桶川地区集会所,---,false,---,,上天草市龍ヶ岳町樋島3530-16,検索,,,,,https://portal.bousai.pref.kumamoto.jp/sp.html?p=evacuation%2Fshelter&l=15-0&ll=32.63819999999999%2C130.77610000000004&z=9&municipalityCd=430005,85442d24bd56b12a9b1b130c38b9c371cfe16ff83d6c8c998d803740488d3ad6,"{""ルート検索"": ""検索"", ""住所"": ""上天草市龍ヶ岳町樋島3530-16"", ""市町村"": ""上天草市"", ""混雑状況"": ""---"", ""避難所名"": ""下桶川地区集会所"", ""開設状況"": ""---""}",unmatched,no_candidate,,0,,,,,,,,,,,[],,[],[],reference/43000_1.csv,dd6686fa000c3e720180ba96d02aacff987aec1bba3c9bc69a5867fc0089d10d
2026-07-30,2026-07-30T00:13:27+09:00,26/07/30 00:13時点の避難所状況の一覧です。,2026-07-30T00:13+09:00,web:d0f088b0ee61130eebb5,d0f088b0ee61130eebb5,上天草市,中公民館,---,false,---,,上天草市大矢野町中8459-1,検索,,,,,https://portal.bousai.pref.kumamoto.jp/sp.html?p=evacuation%2Fshelter&l=15-0&ll=32.63819999999999%2C130.77610000000004&z=9&municipalityCd=430005,649de46467d7d9dbf2a3483cc3e3d6f435424982f20a42b04241d47dc43acea4,"{""ルート検索"": ""検索"", ""住所"": ""上天草市大矢野町中8459-1"", ""市町村"": ""上天草市"", ""混雑状況"": ""---"", ""避難所名"": ""中公民館"", ""開設状況"": ""---""}",unmatched,no_candidate,,0,,,,,,,,,,,[],,[],[],reference/43000_1.csv,dd6686fa000c3e720180ba96d02aacff987aec1bba3c9bc69a5867fc0089d10d
2026-07-30,2026-07-30T00:13:27+09:00,26/07/30 00:13時点の避難所状況の一覧です。,2026-07-30T00:13+09:00,web:33444c920383e92ba465,33444c920383e92ba465,上天草市,二間戸団地自治公民館,---,false,---,,上天草市姫戸町二間戸3576-42,検索,,,,,https://portal.bousai.pref.kumamoto.jp/sp.html?p=evacuation%2Fshelter&l=15-0&ll=32.63819999999999%2C130.77610000000004&z=9&municipalityCd=430005,6276994cbeb31be5a4a0c2f898295bfb3d899d7c3e221511f860fde082ada413,"{""ルート検索"": ""検索"", ""住所"": ""上天草市姫戸町二間戸3576-42"", ""市町村"": ""上天草市"", ""混雑状況"": ""---"", ""避難所名"": ""二間戸団地自治公民館"", ""開設状況"": ""---""}",unmatched,no_candidate,,0,,,,,,,,,,,[],,[],[],reference/43000_1.csv,dd6686fa000c3e720180ba96d02aacff987aec1bba3c9bc69a5867fc0089d10d
2026-07-30,2026-07-30T00:13:27+09:00,26/07/30 00:13時点の避難所状況の一覧です。,2026-07-30T00:13+09:00,web:5bf3cd1bab3f5586f42e,5bf3cd1bab3f5586f42e,上天草市,今泉地区交流センター,---,false,---,,上天草市松島町今泉2510-4,検索,,,,,https://portal.bousai.pref.kumamoto.jp/sp.html?p=evacuation%2Fshelter&l=15-0&ll=32.63819999999999%2C130.77610000000004&z=9&municipalityCd=430005,ca46faaa5ebd1cb1aae0c3a8f31dafe4e505c843b105dbaa16169d4f76ca6e03,"{""ルート検索"": ""検索"", ""住所"": ""上天草市松島町今泉2510-4"", ""市町村"": ""上天草市"", ""混雑状況"": ""---"", ""避難所名"": ""今泉地区交流センター"", ""開設状況"": ""---""}",unmatched,no_candidate,,0,,,,,,,,,,,[],,[],[],reference/43000_1.csv,dd6686fa000c3e720180ba96d02aacff987aec1bba3c9bc69a5867fc0089d10d
2026-07-30,2026-07-30T00:13:27+09:00,26/07/30 00:13時点の避難所状況の一覧です。,2026-07-30T00:13+09:00,web:36f4a43882fb3793126e,36f4a43882fb3793126e,上天草市,今津小学校,---,false,---,,上天草市松島町合津2697,検索,,,,,https://portal.bousai.pref.kumamoto.jp/sp.html?p=evacuation%2Fshelter&l=15-0&ll=32.63819999999999%2C130.77610000000004&z=9&municipalityCd=430005,b6f043f8ad689d6d0d5b671c51b2050021d6ff9a30c7778479bb512f458459c6,"{""ルート検索"": ""検索"", ""住所"": ""上天草市松島町合津2697"", ""市町村"": ""上天草市"", ""混雑状況"": ""---"", ""避難所名"": ""今津小学校"", ""開設状況"": ""---""}",unmatched,no_candidate,,0,,,,,,,,,,,[],,[],[],reference/43000_1.csv,dd6686fa000c3e720180ba96d02aacff987aec1bba3c9bc69a5867fc0089d10d
2026-07-30,2026-07-30T00:13:27+09:00,26/07/30 00:13時点の避難所状況の一覧です。,2026-07-30T00:13+09:00,web:feb26f479e374a68fd09,feb26f479e374a68fd09,上天草市,内野河内コミュニティーセンター,---,false,---,,上天草市松島町内野河内1447,検索,,,,,https://portal.bousai.pref.kumamoto.jp/sp.html?p=evacuation%2Fshelter&l=15-0&ll=32.63819999999999%2C130.77610000000004&z=9&municipalityCd=430005,7f25b7dda442bcadf7f5f3811d2b2978973fce610eaaa8f58d0c34fa46b161e2,"{""ルート検索"": ""検索"", ""住所"": ""上天草市松島町内野河内1447"", ""市町村"": ""上天草市"", ""混雑状況"": ""---"", ""避難所名"": ""内野河内コミュニティーセンター"", ""開設状況"": ""---""}",unmatched,no_candidate,,0,,,,,,,,,,,[],,[],[],reference/43000_1.csv,dd6686fa000c3e720180ba96d02aacff987aec1bba3c9bc69a5867fc0089d10d
2026-07-30,2026-07-30T00:13:27+09:00,26/07/30 00:13時点の避難所状況の一覧です。,2026-07-30T00:13+09:00,web:8570582fd50d30d72f5b,8570582fd50d30d72f5b,上天草市,大作山地区集会所,---,false,---,,上天草市龍ヶ岳町大道3138-10,検索,,,,,https://portal.bousai.pref.kumamoto.jp/sp.html?p=evacuation%2Fshelter&l=15-0&ll=32.63819999999999%2C130.77610000000004&z=9&municipalityCd=430005,a1f99a7225cd8212669cdafd933729014c8913001b1a73acdccb858c806a65b4,"{""ルート検索"": ""検索"", ""住所"": ""上天草市龍ヶ岳町大道3138-10"", ""市町村"": ""上天草市"", ""混雑状況"": ""---"", ""避難所名"": ""大作山地区集会所"", ""開設状況"": ""---""}",unmatched,no_candidate,,0,,,,,,,,,,,[],,[],[],reference/43000_1.csv,dd6686fa000c3e720180ba96d02aacff987aec1bba3c9bc69a5867fc0089d10d
2026-07-30,2026-07-30T00:13:27+09:00,26/07/30 00:13時点の避難所状況の一覧です。,2026-07-30T00:13+09:00,web:8437c0b6431b4b0658b5,8437c0b6431b4b0658b5,上天草市,大矢野公民館(大矢野農村婦人の家),---,false,---,,上天草市大矢野町登立20,検索,,,,,https://portal.bousai.pref.kumamoto.jp/sp.html?p=evacuation%2Fshelter&l=15-0&ll=32.63819999999999%2C130.77610000000004&z=9&municipalityCd=430005,2e9d0d2942c1a3b99046bbd6a0fa9d54bbf368203351906a5e6e997688063c6a,"{""ルート検索"": ""検索"", ""住所"": ""上天草市大矢野町登立20"", ""市町村"": ""上天草市"", ""混雑状況"": ""---"", ""避難所名"": ""大矢野公民館(大矢野農村婦人の家)"", ""開設状況"": ""---""}",unmatched,no_candidate,,0,,,,,,,,,,,[],,[],[],reference/43000_1.csv,dd6686fa000c3e720180ba96d02aacff987aec1bba3c9bc69a5867fc0089d10d
2026-07-30,2026-07-30T00:13:27+09:00,26/07/30 00:13時点の避難所状況の一覧です。,2026-07-30T00:13+09:00,web:49d67d14bd0101f4be4a,49d67d14bd0101f4be4a,上天草市,大道体育館,---,false,---,,上天草市龍ヶ岳町大道3792,検索,,,,,https://portal.bousai.pref.kumamoto.jp/sp.html?p=evacuation%2Fshelter&l=15-0&ll=32.63819999999999%2C130.77610000000004&z=9&municipalityCd=430005,cd93db2acf88ab26dde05801745dc14e30109eb949b17f8c2bf32de1c1af42af,"{""ルート検索"": ""検索"", ""住所"": ""上天草市龍ヶ岳町大道3792"", ""市町村"": ""上天草市"", ""混雑状況"": ""---"", ""避難所名"": ""大道体育館"", ""開設状況"": ""---""}",unmatched,no_candidate,,0,,,,,,,,,,,[],,[],[],reference/43000_1.csv,dd6686fa000c3e720180ba96d02aacff987aec1bba3c9bc69a5867fc0089d10d
2026-07-30,2026-07-30T00:13:27+09:00,26/07/30 00:13時点の避難所状況の一覧です。,2026-07-30T00:13+09:00,web:37756d10196756da0570,37756d10196756da0570,上天草市,姫浦神社,---,false,---,,上天草市姫戸町姫浦2347,検索,,,,,https://portal.bousai.pref.kumamoto.jp/sp.html?p=evacuation%2Fshelter&l=15-0&ll=32.63819999999999%2C130.77610000000004&z=9&municipalityCd=430005,ba6ec756463c820c5dec0760c167d85dc1497ea7f7e47c5fe383389b7484cc30,"{""ルート検索"": ""検索"", ""住所"": ""上天草市姫戸町姫浦2347"", ""市町村"": ""上天草市"", ""混雑状況"": ""---"", ""避難所名"": ""姫浦神社"", ""開設状況"": ""---""}",unmatched,no_candidate,,0,,,,,,,,,,,[],,[],[],reference/43000_1.csv,dd6686fa000c3e720180ba96d02aacff987aec1bba3c9bc69a5867fc0089d10d
2026-07-30,2026-07-30T00:13:27+09:00,26/07/30 00:13時点の避難所状況の一覧です。,2026-07-30T00:13+09:00,web:30e19e87a5b7f1f77292,30e19e87a5b7f1f77292,上天草市,市役所大矢野庁舎,---,false,---,,上天草市大矢野町上1514,検索,,,,,https://portal.bousai.pref.kumamoto.jp/sp.html?p=evacuation%2Fshelter&l=15-0&ll=32.63819999999999%2C130.77610000000004&z=9&municipalityCd=430005,307a060223ad4bd5544b64990f25b2daa0beb67e84f7c4d8da86e70a9fb29715,"{""ルート検索"": ""検索"", ""住所"": ""上天草市大矢野町上1514"", ""市町村"": ""上天草市"", ""混雑状況"": ""---"", ""避難所名"": ""市役所大矢野庁舎"", ""開設状況"": ""---""}",unmatched,no_candidate,,0,,,,,,,,,,,[],,[],[],reference/43000_1.csv,dd6686fa000c3e720180ba96d02aacff987aec1bba3c9bc69a5867fc0089d10d
2026-07-30,2026-07-30T00:13:27+09:00,26/07/30 00:13時点の避難所状況の一覧です。,2026-07-30T00:13+09:00,web:e42624d1160f6df2b798,e42624d1160f6df2b798,上天草市,市役所松島庁舎,開設,true,平常,,上天草市松島町合津7915-1,検索,,,,,https://portal.bousai.pref.kumamoto.jp/sp.html?p=evacuation%2Fshelter&l=15-0&ll=32.63819999999999%2C130.77610000000004&z=9&municipalityCd=430005,02937592feed8e0e95eecceb48ad5aeca73981adcc9c5b4fb962db8d0c09f7b0,"{""ルート検索"": ""検索"", ""住所"": ""上天草市松島町合津7915-1"", ""市町村"": ""上天草市"", ""混雑状況"": ""平常"", ""避難所名"": ""市役所松島庁舎"", ""開設状況"": ""開設""}",unmatched,no_candidate,,0,,,,,,,,,,,[],,[],[],reference/43000_1.csv,dd6686fa000c3e720180ba96d02aacff987aec1bba3c9bc69a5867fc0089d10d
2026-07-30,2026-07-30T00:13:27+09:00,26/07/30 00:13時点の避難所状況の一覧です。,2026-07-30T00:13+09:00,web:6e803f2c5dc571959aaa,6e803f2c5dc571959aaa,上天草市,市役所湯島出張所,---,false,---,,上天草市大矢野町湯島648-3,検索,,,,,https://portal.bousai.pref.kumamoto.jp/sp.html?p=evacuation%2Fshelter&l=15-0&ll=32.63819999999999%2C130.77610000000004&z=9&municipalityCd=430005,dd68ce5019fb07aad5311e9a9f0246792c082dffaad6d0746d54ac0e9f9d9a5a,"{""ルート検索"": ""検索"", ""住所"": ""上天草市大矢野町湯島648-3"", ""市町村"": ""上天草市"", ""混雑状況"": ""---"", ""避難所名"": ""市役所湯島出張所"", ""開設状況"": ""---""}",unmatched,no_candidate,,0,,,,,,,,,,,[],,[],[],reference/43000_1.csv,dd6686fa000c3e720180ba96d02aacff987aec1bba3c9bc69a5867fc0089d10d
2026-07-30,2026-07-30T00:13:27+09:00,26/07/30 00:13時点の避難所状況の一覧です。,2026-07-30T00:13+09:00,web:4fe913ab51d661e18f3f,4fe913ab51d661e18f3f,上天草市,市役所維和出張所,---,false,---,,上天草市大矢野町維和1787,検索,,,,,https://portal.bousai.pref.kumamoto.jp/sp.html?p=evacuation%2Fshelter&l=15-0&ll=32.63819999999999%2C130.77610000000004&z=9&municipalityCd=430005,b5f01eb8160432dfe21839ee2f85a3f25e21aa253f31555fb19d0997610b5b19,"{""ルート検索"": ""検索"", ""住所"": ""上天草市大矢野町維和1787"", ""市町村"": ""上天草市"", ""混雑状況"": ""---"", ""避難所名"": ""市役所維和出張所"", ""開設状況"": ""---""}",unmatched,no_candidate,,0,,,,,,,,,,,[],,[],[],reference/43000_1.csv,dd6686fa000c3e720180ba96d02aacff987aec1bba3c9bc69a5867fc0089d10d
2026-07-30,2026-07-30T00:13:27+09:00,26/07/30 00:13時点の避難所状況の一覧です。,2026-07-30T00:13+09:00,web:37df65098e6684f0f17e,37df65098e6684f0f17e,上天草市,教良木小学校,---,false,---,,上天草市松島町教良木3087,検索,,,,,https://portal.bousai.pref.kumamoto.jp/sp.html?p=evacuation%2Fshelter&l=15-0&ll=32.63819999999999%2C130.77610000000004&z=9&municipalityCd=430005,31782f20430e876fd241e43bfb3be1f589ab0d5e80c16e8f06381a4f4ada604c,"{""ルート検索"": ""検索"", ""住所"": ""上天草市松島町教良木3087"", ""市町村"": ""上天草市"", ""混雑状況"": ""---"", ""避難所名"": ""教良木小学校"", ""開設状況"": ""---""}",unmatched,no_candidate,,0,,,,,,,,,,,[],,[],[],reference/43000_1.csv,dd6686fa000c3e720180ba96d02aacff987aec1bba3c9bc69a5867fc0089d10d
2026-07-30,2026-07-30T00:13:27+09:00,26/07/30 00:13時点の避難所状況の一覧です。,2026-07-30T00:13+09:00,web:b69c49cd737405c04978,b69c49cd737405c04978,上天草市,松島地区清掃センター集会所,---,false,---,,上天草市松島町教良木236-264,検索,,,,,https://portal.bousai.pref.kumamoto.jp/sp.html?p=evacuation%2Fshelter&l=15-0&ll=32.63819999999999%2C130.77610000000004&z=9&municipalityCd=430005,2eb42e7623813616b616a3027421bec57c716a0ac57cd62c1dee217d798f776c,"{""ルート検索"": ""検索"", ""住所"": ""上天草市松島町教良木236-264"", ""市町村"": ""上天草市"", ""混雑状況"": ""---"", ""避難所名"": ""松島地区清掃センター集会所"", ""開設状況"": ""---""}",unmatched,no_candidate,,0,,,,,,,,,,,[],,[],[],reference/43000_1.csv,dd6686fa000c3e720180ba96d02aacff987aec1bba3c9bc69a5867fc0089d10d
2026-07-30,2026-07-30T00:13:27+09:00,26/07/30 00:13時点の避難所状況の一覧です。,2026-07-30T00:13+09:00,web:2c88ecaa01b86e7417e8,2c88ecaa01b86e7417e8,上天草市,樋島公民館,---,false,---,,上天草市龍ヶ岳町樋島3486-5,検索,,,,,https://portal.bousai.pref.kumamoto.jp/sp.html?p=evacuation%2Fshelter&l=15-0&ll=32.63819999999999%2C130.77610000000004&z=9&municipalityCd=430005,7dfb55cde3b5dfed0928b088188d0599c3ff954e5013ef7f246b5a8686f61d53,"{""ルート検索"": ""検索"", ""住所"": ""上天草市龍ヶ岳町樋島3486-5"", ""市町村"": ""上天草市"", ""混雑状況"": ""---"", ""避難所名"": ""樋島公民館"", ""開設状況"": ""---""}",unmatched,no_candidate,,0,,,,,,,,,,,[],,[],[],reference/43000_1.csv,dd6686fa000c3e720180ba96d02aacff987aec1bba3c9bc69a5867fc0089d10d
2026-07-30,2026-07-30T00:13:27+09:00,26/07/30 00:13時点の避難所状況の一覧です。,2026-07-30T00:13+09:00,web:ceeb6e73a8ec3799b453,ceeb6e73a8ec3799b453,上天草市,永目自治公民館,---,false,---,,上天草市姫戸町姫浦3874-2,検索,,,,,https://portal.bousai.pref.kumamoto.jp/sp.html?p=evacuation%2Fshelter&l=15-0&ll=32.63819999999999%2C130.77610000000004&z=9&municipalityCd=430005,262240c55f06ecfc167ec17f621892b1bd5f4ee2a5f78eebe2be1cc54cde07e8,"{""ルート検索"": ""検索"", ""住所"": ""上天草市姫戸町姫浦3874-2"", ""市町村"": ""上天草市"", ""混雑状況"": ""---"", ""避難所名"": ""永目自治公民館"", ""開設状況"": ""---""}",unmatched,no_candidate,,0,,,,,,,,,,,[],,[],[],reference/43000_1.csv,dd6686fa000c3e720180ba96d02aacff987aec1bba3c9bc69a5867fc0089d10d
2026-07-30,2026-07-30T00:13:27+09:00,26/07/30 00:13時点の避難所状況の一覧です。,2026-07-30T00:13+09:00,web:5a9c19d1d48e7e1b5aad,5a9c19d1d48e7e1b5aad,上天草市,湯島つどい処よんなっせ,---,false,---,,上天草市大矢野町湯島485,検索,,,,,https://portal.bousai.pref.kumamoto.jp/sp.html?p=evacuation%2Fshelter&l=15-0&ll=32.63819999999999%2C130.77610000000004&z=9&municipalityCd=430005,8e31bb8d2de9a6294264aa32b54240be4853b7fbf14cfe3b02ef2fb69fa4594c,"{""ルート検索"": ""検索"", ""住所"": ""上天草市大矢野町湯島485"", ""市町村"": ""上天草市"", ""混雑状況"": ""---"", ""避難所名"": ""湯島つどい処よんなっせ"", ""開設状況"": ""---""}",unmatched,no_candidate,,0,,,,,,,,,,,[],,[],[],reference/43000_1.csv,dd6686fa000c3e720180ba96d02aacff987aec1bba3c9bc69a5867fc0089d10d
2026-07-30,2026-07-30T00:13:27+09:00,26/07/30 00:13時点の避難所状況の一覧です。,2026-07-30T00:13+09:00,web:37a21d7c472aa3296ee2,37a21d7c472aa3296ee2,上天草市,牟田自治公民館,---,false,---,,上天草市姫戸町姫浦4996-1,検索,,,,,https://portal.bousai.pref.kumamoto.jp/sp.html?p=evacuation%2Fshelter&l=15-0&ll=32.63819999999999%2C130.77610000000004&z=9&municipalityCd=430005,bc3a5c42098c1406e55593450f3d3d7aad057f1ca3226552df3f158e28e05cd6,"{""ルート検索"": ""検索"", ""住所"": ""上天草市姫戸町姫浦4996-1"", ""市町村"": ""上天草市"", ""混雑状況"": ""---"", ""避難所名"": ""牟田自治公民館"", ""開設状況"": ""---""}",unmatched,no_candidate,,0,,,,,,,,,,,[],,[],[],reference/43000_1.csv,dd6686fa000c3e720180ba96d02aacff987aec1bba3c9bc69a5867fc0089d10d
2026-07-30,2026-07-30T00:13:27+09:00,26/07/30 00:13時点の避難所状況の一覧です。,2026-07-30T00:13+09:00,web:7a57d73dea2da392fc3d,7a57d73dea2da392fc3d,上天草市,白嶽森林公園,---,false,---,,上天草市姫戸町姫浦5395-3,検索,,,,,https://portal.bousai.pref.kumamoto.jp/sp.html?p=evacuation%2Fshelter&l=15-0&ll=32.63819999999999%2C130.77610000000004&z=9&municipalityCd=430005,6a660af2a243442f5bf204a736be04e74a1eb6d8fe230638a21b9df5a92f1666,"{""ルート検索"": ""検索"", ""住所"": ""上天草市姫戸町姫浦5395-3"", ""市町村"": ""上天草市"", ""混雑状況"": ""---"", ""避難所名"": ""白嶽森林公園"", ""開設状況"": ""---""}",unmatched,no_candidate,,0,,,,,,,,,,,[],,[],[],reference/43000_1.csv,dd6686fa000c3e720180ba96d02aacff987aec1bba3c9bc69a5867fc0089d10d
2026-07-30,2026-07-30T00:13:27+09:00,26/07/30 00:13時点の避難所状況の一覧です。,2026-07-30T00:13+09:00,web:b71863918942ef325cef,b71863918942ef325cef,上天草市,白浜地区集会所,---,false,---,,上天草市龍ヶ岳町高戸4350-44,検索,,,,,https://portal.bousai.pref.kumamoto.jp/sp.html?p=evacuation%2Fshelter&l=15-0&ll=32.63819999999999%2C130.77610000000004&z=9&municipalityCd=430005,9e194b4b5494006bb44a07ab853b0d1f3b976dc7549ad68144315d6d18e56f46,"{""ルート検索"": ""検索"", ""住所"": ""上天草市龍ヶ岳町高戸4350-44"", ""市町村"": ""上天草市"", ""混雑状況"": ""---"", ""避難所名"": ""白浜地区集会所"", ""開設状況"": ""---""}",unmatched,no_candidate,,0,,,,,,,,,,,[],,[],[],reference/43000_1.csv,dd6686fa000c3e720180ba96d02aacff987aec1bba3c9bc69a5867fc0089d10d
2026-07-30,2026-07-30T00:13:27+09:00,26/07/30 00:13時点の避難所状況の一覧です。,2026-07-30T00:13+09:00,web:d6c9023108bdd1a6ab3b,d6c9023108bdd1a6ab3b,上天草市,神代自治公民館,---,false,---,,上天草市姫戸町二間戸3862-4,検索,,,,,https://portal.bousai.pref.kumamoto.jp/sp.html?p=evacuation%2Fshelter&l=15-0&ll=32.63819999999999%2C130.77610000000004&z=9&municipalityCd=430005,c62893e6b280b4ab8945d409f655bff1cfbde5fe1f15156edc1f80a20889ab20,"{""ルート検索"": ""検索"", ""住所"": ""上天草市姫戸町二間戸3862-4"", ""市町村"": ""上天草市"", ""混雑状況"": ""---"", ""避難所名"": ""神代自治公民館"", ""開設状況"": ""---""}",unmatched,no_candidate,,0,,,,,,,,,,,[],,[],[],reference/43000_1.csv,dd6686fa000c3e720180ba96d02aacff987aec1bba3c9bc69a5867fc0089d10d
2026-07-30,2026-07-30T00:13:27+09:00,26/07/30 00:13時点の避難所状況の一覧です。,2026-07-30T00:13+09:00,web:229e67bc7bfe55b9315e,229e67bc7bfe55b9315e,上天草市,阿村地区交流センター(阿村出張所),---,false,---,,上天草市松島町阿村841-2,検索,,,,,https://portal.bousai.pref.kumamoto.jp/sp.html?p=evacuation%2Fshelter&l=15-0&ll=32.63819999999999%2C130.77610000000004&z=9&municipalityCd=430005,014b5410026f8ad3b102bc4db0037e9588a1873bd4ccba2eae07177abd0e12b5,"{""ルート検索"": ""検索"", ""住所"": ""上天草市松島町阿村841-2"", ""市町村"": ""上天草市"", ""混雑状況"": ""---"", ""避難所名"": ""阿村地区交流センター(阿村出張所)"", ""開設状況"": ""---""}",unmatched,no_candidate,,0,,,,,,,,,,,[],,[],[],reference/43000_1.csv,dd6686fa000c3e720180ba96d02aacff987aec1bba3c9bc69a5867fc0089d10d
2026-07-30,2026-07-30T00:13:27+09:00,26/07/30 00:13時点の避難所状況の一覧です。,2026-07-30T00:13+09:00,web:5efe229458cf4b5b73d7,5efe229458cf4b5b73d7,上天草市,阿村小学校,---,false,---,,上天草市松島町阿村853,検索,,,,,https://portal.bousai.pref.kumamoto.jp/sp.html?p=evacuation%2Fshelter&l=15-0&ll=32.63819999999999%2C130.77610000000004&z=9&municipalityCd=430005,1335759e10ed239c5b852f19d4750e4dd8328168a11ad5be9baf15053965ddaf,"{""ルート検索"": ""検索"", ""住所"": ""上天草市松島町阿村853"", ""市町村"": ""上天草市"", ""混雑状況"": ""---"", ""避難所名"": ""阿村小学校"", ""開設状況"": ""---""}",unmatched,no_candidate,,0,,,,,,,,,,,[],,[],[],reference/43000_1.csv,dd6686fa000c3e720180ba96d02aacff987aec1bba3c9bc69a5867fc0089d10d
2026-07-30,2026-07-30T00:13:27+09:00,26/07/30 00:13時点の避難所状況の一覧です。,2026-07-30T00:13+09:00,web:8055f333927dedc4b89f,8055f333927dedc4b89f,上天草市,龍ヶ岳小学校,---,false,---,,上天草市龍ヶ岳町高戸2748,検索,,,,,https://portal.bousai.pref.kumamoto.jp/sp.html?p=evacuation%2Fshelter&l=15-0&ll=32.63819999999999%2C130.77610000000004&z=9&municipalityCd=430005,c84f1ae0a49d28d03d5e2570983345902cd00afea4124930d2cb1bc31332e4be,"{""ルート検索"": ""検索"", ""住所"": ""上天草市龍ヶ岳町高戸2748"", ""市町村"": ""上天草市"", ""混雑状況"": ""---"", ""避難所名"": ""龍ヶ岳小学校"", ""開設状況"": ""---""}",unmatched,fuzzy_below_threshold,0.803,0,,,,,,,,,,,[],,[],"[{""NO"": ""867"", ""その他市町村長が必要と認める事項"": """", ""住所"": ""熊本県上天草市龍ヶ岳町高戸3053-1"", ""備考"": """", ""共通ID"": ""E4321200064111"", ""受入対象者"": """", ""指定緊急避難場所との住所同一"": ""1"", ""施設・場所名"": ""龍ヶ岳中学校"", ""経度"": ""130.39999"", ""緯度"": ""32.3966""}]",reference/43000_1.csv,dd6686fa000c3e720180ba96d02aacff987aec1bba3c9bc69a5867fc0089d10d
2026-07-30,2026-07-30T00:13:27+09:00,26/07/30 00:13時点の避難所状況の一覧です。,2026-07-30T00:13+09:00,web:2f20d560689258a0fffe,2f20d560689258a0fffe,上天草市,龍ヶ岳山頂自然公園,---,false,---,,上天草市龍ヶ岳町大道3360-9,検索,,,,,https://portal.bousai.pref.kumamoto.jp/sp.html?p=evacuation%2Fshelter&l=15-0&ll=32.63819999999999%2C130.77610000000004&z=9&municipalityCd=430005,ceafe2ced71c157d7cdc90cca445c2dfdf4eab4dfdafee6c426521e0c7453d02,"{""ルート検索"": ""検索"", ""住所"": ""上天草市龍ヶ岳町大道3360-9"", ""市町村"": ""上天草市"", ""混雑状況"": ""---"", ""避難所名"": ""龍ヶ岳山頂自然公園"", ""開設状況"": ""---""}",unmatched,no_candidate,,0,,,,,,,,,,,[],,[],[],reference/43000_1.csv,dd6686fa000c3e720180ba96d02aacff987aec1bba3c9bc69a5867fc0089d10d
2026-07-30,2026-07-30T00:13:27+09:00,26/07/30 00:13時点の避難所状況の一覧です。,2026-07-30T00:13+09:00,web:4a391cc7af5f4eb30be3,4a391cc7af5f4eb30be3,五木村,宮園体育館,---,false,---,,熊本県五木村甲5667番地,検索,,,,,https://portal.bousai.pref.kumamoto.jp/sp.html?p=evacuation%2Fshelter&l=15-0&ll=32.63819999999999%2C130.77610000000004&z=9&municipalityCd=430005,7fb620fdaffa469323d79153e4b05a177fa5e4a6aa35d82a4fb66bf88b1815d9,"{""ルート検索"": ""検索"", ""住所"": ""熊本県五木村甲5667番地"", ""市町村"": ""五木村"", ""混雑状況"": ""---"", ""避難所名"": ""宮園体育館"", ""開設状況"": ""---""}",unmatched,no_candidate,,0,,,,,,,,,,,[],,[],[],reference/43000_1.csv,dd6686fa000c3e720180ba96d02aacff987aec1bba3c9bc69a5867fc0089d10d
2026-07-30,2026-07-30T00:13:27+09:00,26/07/30 00:13時点の避難所状況の一覧です。,2026-07-30T00:13+09:00,web:960e51bf1e59d65665d0,960e51bf1e59d65665d0,人吉市,カルチャーパレス,---,false,---,,人吉市下城本町1578-1,検索,,,,,https://portal.bousai.pref.kumamoto.jp/sp.html?p=evacuation%2Fshelter&l=15-0&ll=32.63819999999999%2C130.77610000000004&z=9&municipalityCd=430005,1e298ba50fd2c01f22a0b997d3ad908eb363512cd87bd3c13dee4a6c4731d3db,"{""ルート検索"": ""検索"", ""住所"": ""人吉市下城本町1578-1"", ""市町村"": ""人吉市"", ""混雑状況"": ""---"", ""避難所名"": ""カルチャーパレス"", ""開設状況"": ""---""}",unmatched,no_candidate,,0,,,,,,,,,,,[],,[],[],reference/43000_1.csv,dd6686fa000c3e720180ba96d02aacff987aec1bba3c9bc69a5867fc0089d10d
2026-07-30,2026-07-30T00:13:27+09:00,26/07/30 00:13時点の避難所状況の一覧です。,2026-07-30T00:13+09:00,web:f13bd7db9db950761f4b,f13bd7db9db950761f4b,人吉市,中小企業大学校グラウンド,---,false,---,,人吉市鬼木町1769-1,検索,,,,,https://portal.bousai.pref.kumamoto.jp/sp.html?p=evacuation%2Fshelter&l=15-0&ll=32.63819999999999%2C130.77610000000004&z=9&municipalityCd=430005,02e4383d9a0d7f74c1c76959784486838e09ee8809d545ef7c4f8cb38b1a21b1,"{""ルート検索"": ""検索"", ""住所"": ""人吉市鬼木町1769-1"", ""市町村"": ""人吉市"", ""混雑状況"": ""---"", ""避難所名"": ""中小企業大学校グラウンド"", ""開設状況"": ""---""}",unmatched,no_candidate,,0,,,,,,,,,,,[],,[],[],reference/43000_1.csv,dd6686fa000c3e720180ba96d02aacff987aec1bba3c9bc69a5867fc0089d10d
2026-07-30,2026-07-30T00:13:27+09:00,26/07/30 00:13時点の避難所状況の一覧です。,2026-07-30T00:13+09:00,web:9fcf500dc2281ee1ae9d,9fcf500dc2281ee1ae9d,人吉市,人吉城跡ふるさと歴史の広場,---,false,---,,人吉市麓町22-1,検索,,,,,https://portal.bousai.pref.kumamoto.jp/sp.html?p=evacuation%2Fshelter&l=15-0&ll=32.63819999999999%2C130.77610000000004&z=9&municipalityCd=430005,c3ea193953f3a9370de3c0c5bd51c23d6a8ebb2cebbd78e1898aa7e2f488ed56,"{""ルート検索"": ""検索"", ""住所"": ""人吉市麓町22-1"", ""市町村"": ""人吉市"", ""混雑状況"": ""---"", ""避難所名"": ""人吉城跡ふるさと歴史の広場"", ""開設状況"": ""---""}",unmatched,no_candidate,,0,,,,,,,,,,,[],,[],[],reference/43000_1.csv,dd6686fa000c3e720180ba96d02aacff987aec1bba3c9bc69a5867fc0089d10d
2026-07-30,2026-07-30T00:13:27+09:00,26/07/30 00:13時点の避難所状況の一覧です。,2026-07-30T00:13+09:00,web:2ae6855b986656e90791,2ae6855b986656e90791,人吉市,人吉球磨能力開発センター,---,false,---,,人吉市相良町1253-1,検索,,,,,https://portal.bousai.pref.kumamoto.jp/sp.html?p=evacuation%2Fshelter&l=15-0&ll=32.63819999999999%2C130.77610000000004&z=9&municipalityCd=430005,2e3afac1da1eb62e34002a8cd100f0eec330940d1655e005e3d830e649379c4f,"{""ルート検索"": ""検索"", ""住所"": ""人吉市相良町1253-1"", ""市町村"": ""人吉市"", ""混雑状況"": ""---"", ""避難所名"": ""人吉球磨能力開発センター"", ""開設状況"": ""---""}",unmatched,no_candidate,,0,,,,,,,,,,,[],,[],[],reference/43000_1.csv,dd6686fa000c3e720180ba96d02aacff987aec1bba3c9bc69a5867fc0089d10d
2026-07-30,2026-07-30T00:13:27+09:00,26/07/30 00:13時点の避難所状況の一覧です。,2026-07-30T00:13+09:00,web:710b07defd2f70c6b2f8,710b07defd2f70c6b2f8,人吉市,人吉第一市民運動広場,---,false,---,,人吉市上原田町1883,検索,,,,,https://portal.bousai.pref.kumamoto.jp/sp.html?p=evacuation%2Fshelter&l=15-0&ll=32.63819999999999%2C130.77610000000004&z=9&municipalityCd=430005,1a8404c6a6726f9cd1412e003feb7340bd300216b0ff1895c5d2556deecd363d,"{""ルート検索"": ""検索"", ""住所"": ""人吉市上原田町1883"", ""市町村"": ""人吉市"", ""混雑状況"": ""---"", ""避難所名"": ""人吉第一市民運動広場"", ""開設状況"": ""---""}",unmatched,no_candidate,,0,,,,,,,,,,,[],,[],[],reference/43000_1.csv,dd6686fa000c3e720180ba96d02aacff987aec1bba3c9bc69a5867fc0089d10d
2026-07-30,2026-07-30T00:13:27+09:00,26/07/30 00:13時点の避難所状況の一覧です。,2026-07-30T00:13+09:00,web:1a372e481b1f1eb4d1b0,1a372e481b1f1eb4d1b0,人吉市,人吉高校グラウンド,---,false,---,,人吉市北泉田町350,検索,,,,,https://portal.bousai.pref.kumamoto.jp/sp.html?p=evacuation%2Fshelter&l=15-0&ll=32.63819999999999%2C130.77610000000004&z=9&municipalityCd=430005,9b438d70afef6bcd7c9669f5ee57343c3225ee82d2e4bc1bb4755dbdc040c961,"{""ルート検索"": ""検索"", ""住所"": ""人吉市北泉田町350"", ""市町村"": ""人吉市"", ""混雑状況"": ""---"", ""避難所名"": ""人吉高校グラウンド"", ""開設状況"": ""---""}",unmatched,no_candidate,,0,,,,,,,,,,,[],,[],[],reference/43000_1.csv,dd6686fa000c3e720180ba96d02aacff987aec1bba3c9bc69a5867fc0089d10d
2026-07-30,2026-07-30T00:13:27+09:00,26/07/30 00:13時点の避難所状況の一覧です。,2026-07-30T00:13+09:00,web:cb46b0b3165f94046e43,cb46b0b3165f94046e43,人吉市,川上哲治記念球場,---,false,---,,人吉市蟹作町1531-1,検索,,,,,https://portal.bousai.pref.kumamoto.jp/sp.html?p=evacuation%2Fshelter&l=15-0&ll=32.63819999999999%2C130.77610000000004&z=9&municipalityCd=430005,c793acf57cd23f2a112b885d93af20297e9be828fa3ab70fa27263928a9ac835,"{""ルート検索"": ""検索"", ""住所"": ""人吉市蟹作町1531-1"", ""市町村"": ""人吉市"", ""混雑状況"": ""---"", ""避難所名"": ""川上哲治記念球場"", ""開設状況"": ""---""}",unmatched,no_candidate,,0,,,,,,,,,,,[],,[],[],reference/43000_1.csv,dd6686fa000c3e720180ba96d02aacff987aec1bba3c9bc69a5867fc0089d10d
2026-07-30,2026-07-30T00:13:27+09:00,26/07/30 00:13時点の避難所状況の一覧です。,2026-07-30T00:13+09:00,web:3c1ac905de8c10df5cad,3c1ac905de8c10df5cad,人吉市,東西コミュニティセンター,---,false,---,,人吉市城本町1088,検索,,,,,https://portal.bousai.pref.kumamoto.jp/sp.html?p=evacuation%2Fshelter&l=15-0&ll=32.63819999999999%2C130.77610000000004&z=9&municipalityCd=430005,d721946bfc3fe5fbeec66f0d3ad9d688853d736d541f3afad5cb8315c09ad736,"{""ルート検索"": ""検索"", ""住所"": ""人吉市城本町1088"", ""市町村"": ""人吉市"", ""混雑状況"": ""---"", ""避難所名"": ""東西コミュニティセンター"", ""開設状況"": ""---""}",unmatched,fuzzy_below_threshold,0.839,0,,,,,,,,,,,[],,[],"[{""NO"": ""871"", ""その他市町村長が必要と認める事項"": """", ""住所"": ""熊本県人吉市下戸越町1678-1"", ""備考"": """", ""共通ID"": ""E4320300039111"", ""受入対象者"": """", ""指定緊急避難場所との住所同一"": """", ""施設・場所名"": ""西瀬コミュニティセンター"", ""経度"": ""130.73616"", ""緯度"": ""32.207001""}, {""NO"": ""874"", ""その他市町村長が必要と認める事項"": """", ""住所"": ""熊本県人吉市蟹作町1531-1"", ""備考"": """", ""共通ID"": ""E4320300008111"", ""受入対象者"": """", ""指定緊急避難場所との住所同一"": ""1"", ""施設・場所名"": ""東間コミュニティセンター"", ""経度"": ""130.77540201305"", ""緯度"": ""32.196393130208""}, {""NO"": ""889"", ""その他市町村長が必要と認める事項"": """", ""住所"": ""熊本県人吉市大畑町4071-2"", ""備考"": """", ""共通ID"": ""E4320300025111"", ""受入対象者"": """", ""指定緊急避難場所との住所同一"": ""1"", ""施設・場所名"": ""大畑コミュニティセンター"", ""経度"": ""130.8021827"", ""緯度"": ""32.16311136""}]",reference/43000_1.csv,dd6686fa000c3e720180ba96d02aacff987aec1bba3c9bc69a5867fc0089d10d
2026-07-30,2026-07-30T00:13:27+09:00,26/07/30 00:13時点の避難所状況の一覧です。,2026-07-30T00:13+09:00,web:e0aaf880698e46f84e4e,e0aaf880698e46f84e4e,人吉市,東間グラウンド,---,false,---,,人吉市東間下町2683,検索,,,,,https://portal.bousai.pref.kumamoto.jp/sp.html?p=evacuation%2Fshelter&l=15-0&ll=32.63819999999999%2C130.77610000000004&z=9&municipalityCd=430005,a31caa30dd1a45b8c05e8edb97dade1a94c6b7c98fb53370b5ac034b03a1526b,"{""ルート検索"": ""検索"", ""住所"": ""人吉市東間下町2683"", ""市町村"": ""人吉市"", ""混雑状況"": ""---"", ""避難所名"": ""東間グラウンド"", ""開設状況"": ""---""}",unmatched,no_candidate,,0,,,,,,,,,,,[],,[],[],reference/43000_1.csv,dd6686fa000c3e720180ba96d02aacff987aec1bba3c9bc69a5867fc0089d10d
2026-07-30,2026-07-30T00:13:27+09:00,26/07/30 00:13時点の避難所状況の一覧です。,2026-07-30T00:13+09:00,web:13b322d4000469b15188,13b322d4000469b15188,人吉市,梢山多目的グラウンド,---,false,---,,人吉市鬼木町1769-15,検索,,,,,https://portal.bousai.pref.kumamoto.jp/sp.html?p=evacuation%2Fshelter&l=15-0&ll=32.63819999999999%2C130.77610000000004&z=9&municipalityCd=430005,b58527d36413fd4e9d788eafec37e99036e14310618710f865421ed5bb7c80d5,"{""ルート検索"": ""検索"", ""住所"": ""人吉市鬼木町1769-15"", ""市町村"": ""人吉市"", ""混雑状況"": ""---"", ""避難所名"": ""梢山多目的グラウンド"", ""開設状況"": ""---""}",unmatched,no_candidate,,0,,,,,,,,,,,[],,[],[],reference/43000_1.csv,dd6686fa000c3e720180ba96d02aacff987aec1bba3c9bc69a5867fc0089d10d
2026-07-30,2026-07-30T00:13:27+09:00,26/07/30 00:13時点の避難所状況の一覧です。,2026-07-30T00:13+09:00,web:55338e1d21b8cdde3403,55338e1d21b8cdde3403,人吉市,球磨工業高校グラウンド,---,false,---,,人吉市城本町800,検索,,,,,https://portal.bousai.pref.kumamoto.jp/sp.html?p=evacuation%2Fshelter&l=15-0&ll=32.63819999999999%2C130.77610000000004&z=9&municipalityCd=430005,0ae9c297bcb1db8ab4c2bb59fa44d6f124223f224244a80ffcb08cc377b4c281,"{""ルート検索"": ""検索"", ""住所"": ""人吉市城本町800"", ""市町村"": ""人吉市"", ""混雑状況"": ""---"", ""避難所名"": ""球磨工業高校グラウンド"", ""開設状況"": ""---""}",unmatched,no_candidate,,0,,,,,,,,,,,[],,[],[],reference/43000_1.csv,dd6686fa000c3e720180ba96d02aacff987aec1bba3c9bc69a5867fc0089d10d
2026-07-30,2026-07-30T00:13:27+09:00,26/07/30 00:13時点の避難所状況の一覧です。,2026-07-30T00:13+09:00,web:b0ee01dd9ec20c5655f2,b0ee01dd9ec20c5655f2,人吉市,西瀬グラウンド,---,false,---,,人吉市下戸越町1654-1,検索,,,,,https://portal.bousai.pref.kumamoto.jp/sp.html?p=evacuation%2Fshelter&l=15-0&ll=32.63819999999999%2C130.77610000000004&z=9&municipalityCd=430005,666dfb662c64fcecec6cd5791850d35ab39e38236b0db865c7ade0a8e62bcf51,"{""ルート検索"": ""検索"", ""住所"": ""人吉市下戸越町1654-1"", ""市町村"": ""人吉市"", ""混雑状況"": ""---"", ""避難所名"": ""西瀬グラウンド"", ""開設状況"": ""---""}",unmatched,no_candidate,,0,,,,,,,,,,,[],,[],[],reference/43000_1.csv,dd6686fa000c3e720180ba96d02aacff987aec1bba3c9bc69a5867fc0089d10d
2026-07-30,2026-07-30T00:13:27+09:00,26/07/30 00:13時点の避難所状況の一覧です。,2026-07-30T00:13+09:00,web:de7949f4b9fb9c7442c0,de7949f4b9fb9c7442c0,八代市,かやばの里,---,false,---,,八代市泉町柿迫5157,検索,,,,,https://portal.bousai.pref.kumamoto.jp/sp.html?p=evacuation%2Fshelter&l=15-0&ll=32.63819999999999%2C130.77610000000004&z=9&municipalityCd=430005,770ad7cf9cf97493d597da285058e74a540dd045691554dda529eed2c7cf626f,"{""ルート検索"": ""検索"", ""住所"": ""八代市泉町柿迫5157"", ""市町村"": ""八代市"", ""混雑状況"": ""---"", ""避難所名"": ""かやばの里"", ""開設状況"": ""---""}",unmatched,no_candidate,,0,,,,,,,,,,,[],,[],[],reference/43000_1.csv,dd6686fa000c3e720180ba96d02aacff987aec1bba3c9bc69a5867fc0089d10d
2026-07-30,2026-07-30T00:13:27+09:00,26/07/30 00:13時点の避難所状況の一覧です。,2026-07-30T00:13+09:00,web:6bdf452b59b35ca62a5f,6bdf452b59b35ca62a5f,八代市,さかもと温泉センター,---,false,---,,八代市坂本町川岳1091,検索,,,,,https://portal.bousai.pref.kumamoto.jp/sp.html?p=evacuation%2Fshelter&l=15-0&ll=32.63819999999999%2C130.77610000000004&z=9&municipalityCd=430005,9e577a0d874e803137a545fc870eaaa36d42c876cfe4d565169db15db62d3437,"{""ルート検索"": ""検索"", ""住所"": ""八代市坂本町川岳1091"", ""市町村"": ""八代市"", ""混雑状況"": ""---"", ""避難所名"": ""さかもと温泉センター"", ""開設状況"": ""---""}",unmatched,no_candidate,,0,,,,,,,,,,,[],,[],[],reference/43000_1.csv,dd6686fa000c3e720180ba96d02aacff987aec1bba3c9bc69a5867fc0089d10d
2026-07-30,2026-07-30T00:13:27+09:00,26/07/30 00:13時点の避難所状況の一覧です。,2026-07-30T00:13+09:00,web:c9b5d28a0b103a2afed7,c9b5d28a0b103a2afed7,八代市,さかもと青少年センター分館,開設,true,---,,八代市坂本町中谷い1270,検索,,,,,https://portal.bousai.pref.kumamoto.jp/sp.html?p=evacuation%2Fshelter&l=15-0&ll=32.63819999999999%2C130.77610000000004&z=9&municipalityCd=430005,47ac208c3c159ec739a13a1b17986381321db812e6f07100e8f9e43effe8b6d5,"{""ルート検索"": ""検索"", ""住所"": ""八代市坂本町中谷い1270"", ""市町村"": ""八代市"", ""混雑状況"": ""---"", ""避難所名"": ""さかもと青少年センター分館"", ""開設状況"": ""開設""}",unmatched,no_candidate,,0,,,,,,,,,,,[],,[],[],reference/43000_1.csv,dd6686fa000c3e720180ba96d02aacff987aec1bba3c9bc69a5867fc0089d10d
2026-07-30,2026-07-30T00:13:27+09:00,26/07/30 00:13時点の避難所状況の一覧です。,2026-07-30T00:13+09:00,web:8ea216df3abe1685c187,8ea216df3abe1685c187,八代市,みんなの家(中津道),開設,true,---,,熊本県八代市坂本町中津道300,検索,,,,,https://portal.bousai.pref.kumamoto.jp/sp.html?p=evacuation%2Fshelter&l=15-0&ll=32.63819999999999%2C130.77610000000004&z=9&municipalityCd=430005,107d624cd04523d5eeac643d5c8dccedea39aab00ccdbcb6af4d8e425051051a,"{""ルート検索"": ""検索"", ""住所"": ""熊本県八代市坂本町中津道300"", ""市町村"": ""八代市"", ""混雑状況"": ""---"", ""避難所名"": ""みんなの家(中津道)"", ""開設状況"": ""開設""}",unmatched,no_candidate,,0,,,,,,,,,,,[],,[],[],reference/43000_1.csv,dd6686fa000c3e720180ba96d02aacff987aec1bba3c9bc69a5867fc0089d10d
2026-07-30,2026-07-30T00:13:27+09:00,26/07/30 00:13時点の避難所状況の一覧です。,2026-07-30T00:13+09:00,web:bb9884909136fe2a4f5f,bb9884909136fe2a4f5f,八代市,ケアハウスキャッスル八代,---,false,---,,八代市本町三丁目3-41,検索,,,,,https://portal.bousai.pref.kumamoto.jp/sp.html?p=evacuation%2Fshelter&l=15-0&ll=32.63819999999999%2C130.77610000000004&z=9&municipalityCd=430005,79cc4f030159489a27474066c03c8d241ed1afef9f654fef6e084df1aa50b33f,"{""ルート検索"": ""検索"", ""住所"": ""八代市本町三丁目3-41"", ""市町村"": ""八代市"", ""混雑状況"": ""---"", ""避難所名"": ""ケアハウスキャッスル八代"", ""開設状況"": ""---""}",unmatched,no_candidate,,0,,,,,,,,,,,[],,[],[],reference/43000_1.csv,dd6686fa000c3e720180ba96d02aacff987aec1bba3c9bc69a5867fc0089d10d
2026-07-30,2026-07-30T00:13:27+09:00,26/07/30 00:13時点の避難所状況の一覧です。,2026-07-30T00:13+09:00,web:c723a92531462f5aab14,c723a92531462f5aab14,八代市,サンライフ八代,---,false,---,,八代市日置町692-1,検索,,,,,https://portal.bousai.pref.kumamoto.jp/sp.html?p=evacuation%2Fshelter&l=15-0&ll=32.63819999999999%2C130.77610000000004&z=9&municipalityCd=430005,479cb91412332401cc67628d32f098fc255c334551d13a39b3c3003386cce092,"{""ルート検索"": ""検索"", ""住所"": ""八代市日置町692-1"", ""市町村"": ""八代市"", ""混雑状況"": ""---"", ""避難所名"": ""サンライフ八代"", ""開設状況"": ""---""}",unmatched,no_candidate,,0,,,,,,,,,,,[],,[],[],reference/43000_1.csv,dd6686fa000c3e720180ba96d02aacff987aec1bba3c9bc69a5867fc0089d10d
2026-07-30,2026-07-30T00:13:27+09:00,26/07/30 00:13時点の避難所状況の一覧です。,2026-07-30T00:13+09:00,web:3f3c7d820b6056a3e61a,3f3c7d820b6056a3e61a,八代市,上鎌瀬地区公民館,---,false,---,,熊本県八代市坂本町鎌瀬814-1,検索,,,,,https://portal.bousai.pref.kumamoto.jp/sp.html?p=evacuation%2Fshelter&l=15-0&ll=32.63819999999999%2C130.77610000000004&z=9&municipalityCd=430005,d86809cd256cc483fd62da9ed6d8bb1bb6b593be6a70a51c1bff736ab324c4ab,"{""ルート検索"": ""検索"", ""住所"": ""熊本県八代市坂本町鎌瀬814-1"", ""市町村"": ""八代市"", ""混雑状況"": ""---"", ""避難所名"": ""上鎌瀬地区公民館"", ""開設状況"": ""---""}",unmatched,no_candidate,,0,,,,,,,,,,,[],,[],[],reference/43000_1.csv,dd6686fa000c3e720180ba96d02aacff987aec1bba3c9bc69a5867fc0089d10d
2026-07-30,2026-07-30T00:13:27+09:00,26/07/30 00:13時点の避難所状況の一覧です。,2026-07-30T00:13+09:00,web:688a1e27c4862ddc1229,688a1e27c4862ddc1229,八代市,中九州短期大学,---,false,---,,八代市平山新町4438,検索,,,,,https://portal.bousai.pref.kumamoto.jp/sp.html?p=evacuation%2Fshelter&l=15-0&ll=32.63819999999999%2C130.77610000000004&z=9&municipalityCd=430005,98e4993c6ac3dc0ddd6073f2fe6564d691caefc342a1626885e6197aed328797,"{""ルート検索"": ""検索"", ""住所"": ""八代市平山新町4438"", ""市町村"": ""八代市"", ""混雑状況"": ""---"", ""避難所名"": ""中九州短期大学"", ""開設状況"": ""---""}",unmatched,no_candidate,,0,,,,,,,,,,,[],,[],[],reference/43000_1.csv,dd6686fa000c3e720180ba96d02aacff987aec1bba3c9bc69a5867fc0089d10d
2026-07-30,2026-07-30T00:13:27+09:00,26/07/30 00:13時点の避難所状況の一覧です。,2026-07-30T00:13+09:00,web:d85f09016ca88ba5bbc5,d85f09016ca88ba5bbc5,八代市,中九州短期大学(Nakagawaふれ愛アリーナ),---,false,---,,熊本県八代市平山新町4428-1,検索,,,,,https://portal.bousai.pref.kumamoto.jp/sp.html?p=evacuation%2Fshelter&l=15-0&ll=32.63819999999999%2C130.77610000000004&z=9&municipalityCd=430005,a19cea5a171d05982c9104417364a2ee67b1d421214f09a137dfd790725fe763,"{""ルート検索"": ""検索"", ""住所"": ""熊本県八代市平山新町4428-1"", ""市町村"": ""八代市"", ""混雑状況"": ""---"", ""避難所名"": ""中九州短期大学(Nakagawaふれ愛アリーナ)"", ""開設状況"": ""---""}",unmatched,no_candidate,,0,,,,,,,,,,,[],,[],[],reference/43000_1.csv,dd6686fa000c3e720180ba96d02aacff987aec1bba3c9bc69a5867fc0089d10d
2026-07-30,2026-07-30T00:13:27+09:00,26/07/30 00:13時点の避難所状況の一覧です。,2026-07-30T00:13+09:00,web:843372517cc28fb05bb6,843372517cc28fb05bb6,八代市,久多良木多目的集会施設,開設,true,---,,八代市坂本町百済来下694,検索,,,,,https://portal.bousai.pref.kumamoto.jp/sp.html?p=evacuation%2Fshelter&l=15-0&ll=32.63819999999999%2C130.77610000000004&z=9&municipalityCd=430005,4df309d565c5e7f868831c178f9e423b93d452cc2ca8f47e734a6f73b2e722f7,"{""ルート検索"": ""検索"", ""住所"": ""八代市坂本町百済来下694"", ""市町村"": ""八代市"", ""混雑状況"": ""---"", ""避難所名"": ""久多良木多目的集会施設"", ""開設状況"": ""開設""}",unmatched,no_candidate,,0,,,,,,,,,,,[],,[],[],reference/43000_1.csv,dd6686fa000c3e720180ba96d02aacff987aec1bba3c9bc69a5867fc0089d10d
2026-07-30,2026-07-30T00:13:27+09:00,26/07/30 00:13時点の避難所状況の一覧です。,2026-07-30T00:13+09:00,web:acd739db9a12b8796b44,acd739db9a12b8796b44,八代市,久多良木社会教育センター,---,false,---,,八代市坂本町百済来下664,検索,,,,,https://portal.bousai.pref.kumamoto.jp/sp.html?p=evacuation%2Fshelter&l=15-0&ll=32.63819999999999%2C130.77610000000004&z=9&municipalityCd=430005,9e9640eac705c3ce1a174d56c85f0f2ef3cfba159bf1473b563e8082eb4aae2f,"{""ルート検索"": ""検索"", ""住所"": ""八代市坂本町百済来下664"", ""市町村"": ""八代市"", ""混雑状況"": ""---"", ""避難所名"": ""久多良木社会教育センター"", ""開設状況"": ""---""}",unmatched,no_candidate,,0,,,,,,,,,,,[],,[],[],reference/43000_1.csv,dd6686fa000c3e720180ba96d02aacff987aec1bba3c9bc69a5867fc0089d10d
2026-07-30,2026-07-30T00:13:27+09:00,26/07/30 00:13時点の避難所状況の一覧です。,2026-07-30T00:13+09:00,web:e34b5662661edb81e9f1,e34b5662661edb81e9f1,八代市,久連子古代の里,---,false,---,,八代市泉町久連子72,検索,,,,,https://portal.bousai.pref.kumamoto.jp/sp.html?p=evacuation%2Fshelter&l=15-0&ll=32.63819999999999%2C130.77610000000004&z=9&municipalityCd=430005,233d86b47a33706e8161b2afa9fcf39099250204ecef4f6152f36fa585172120,"{""ルート検索"": ""検索"", ""住所"": ""八代市泉町久連子72"", ""市町村"": ""八代市"", ""混雑状況"": ""---"", ""避難所名"": ""久連子古代の里"", ""開設状況"": ""---""}",unmatched,no_candidate,,0,,,,,,,,,,,[],,[],[],reference/43000_1.csv,dd6686fa000c3e720180ba96d02aacff987aec1bba3c9bc69a5867fc0089d10d
2026-07-30,2026-07-30T00:13:27+09:00,26/07/30 00:13時点の避難所状況の一覧です。,2026-07-30T00:13+09:00,web:1b6fa2f886fba25b241b,1b6fa2f886fba25b241b,八代市,二見コミュニティセンター,開設,true,平常,,八代市二見下大野町2432-1,検索,,,,,https://portal.bousai.pref.kumamoto.jp/sp.html?p=evacuation%2Fshelter&l=15-0&ll=32.63819999999999%2C130.77610000000004&z=9&municipalityCd=430005,37abc3cf72a74020ecc737089d3342758f455737c850a9a13ff0ec1044fc4b1a,"{""ルート検索"": ""検索"", ""住所"": ""八代市二見下大野町2432-1"", ""市町村"": ""八代市"", ""混雑状況"": ""平常"", ""避難所名"": ""二見コミュニティセンター"", ""開設状況"": ""開設""}",unmatched,fuzzy_below_threshold,0.761,0,,,,,,,,,,,[],,[],"[{""NO"": ""1223"", ""その他市町村長が必要と認める事項"": """", ""住所"": ""熊本県八代市昭和明徴町730-1"", ""備考"": """", ""共通ID"": ""E4320200054111"", ""受入対象者"": """", ""指定緊急避難場所との住所同一"": ""1"", ""施設・場所名"": ""昭和コミュニティセンター"", ""経度"": ""130.6036164"", ""緯度"": ""32.55967579""}, {""NO"": ""1237"", ""その他市町村長が必要と認める事項"": """", ""住所"": ""熊本県八代市泉町栗木5866"", ""備考"": """", ""共通ID"": ""E4320200081111"", ""受入対象者"": """", ""指定緊急避難場所との住所同一"": ""1"", ""施設・場所名"": ""泉コミュニティセンター"", ""経度"": ""130.808105877186"", ""緯度"": ""32.5457986916214""}, {""NO"": ""1216"", ""その他市町村長が必要と認める事項"": """", ""住所"": ""熊本県八代市古城町2259"", ""備考"": """", ""共通ID"": ""E4320200033111"", ""受入対象者"": """", ""指定緊急避難場所との住所同一"": ""1"", ""施設・場所名"": ""麦島コミュニティセンター"", ""経度"": ""130.5926186"", ""緯度"": ""32.49742503""}]",reference/43000_1.csv,dd6686fa000c3e720180ba96d02aacff987aec1bba3c9bc69a5867fc0089d10d
2026-07-30,2026-07-30T00:13:27+09:00,26/07/30 00:13時点の避難所状況の一覧です。,2026-07-30T00:13+09:00,web:d041a260fd1c907e244b,d041a260fd1c907e244b,八代市,二見中学校,開設,true,---,,八代市二見本町852,検索,,,,,https://portal.bousai.pref.kumamoto.jp/sp.html?p=evacuation%2Fshelter&l=15-0&ll=32.63819999999999%2C130.77610000000004&z=9&municipalityCd=430005,82b6fdaea068ef8c9f6eefbb1468f34dec86d64b8d2eb0dc6f0df6dd7cb0a5e1,"{""ルート検索"": ""検索"", ""住所"": ""八代市二見本町852"", ""市町村"": ""八代市"", ""混雑状況"": ""---"", ""避難所名"": ""二見中学校"", ""開設状況"": ""開設""}",unmatched,no_candidate,,0,,,,,,,,,,,[],,[],[],reference/43000_1.csv,dd6686fa000c3e720180ba96d02aacff987aec1bba3c9bc69a5867fc0089d10d
2026-07-30,2026-07-30T00:13:27+09:00,26/07/30 00:13時点の避難所状況の一覧です。,2026-07-30T00:13+09:00,web:72f6dcdf42be5b1c9c60,72f6dcdf42be5b1c9c60,八代市,二見小学校,開設,true,---,,八代市二見下大野町2258-1,検索,,,,,https://portal.bousai.pref.kumamoto.jp/sp.html?p=evacuation%2Fshelter&l=15-0&ll=32.63819999999999%2C130.77610000000004&z=9&municipalityCd=430005,d3114283cf3132a71112050321a410f6fdf24cf0177eefb816b3cb552064dc26,"{""ルート検索"": ""検索"", ""住所"": ""八代市二見下大野町2258-1"", ""市町村"": ""八代市"", ""混雑状況"": ""---"", ""避難所名"": ""二見小学校"", ""開設状況"": ""開設""}",unmatched,no_candidate,,0,,,,,,,,,,,[],,[],[],reference/43000_1.csv,dd6686fa000c3e720180ba96d02aacff987aec1bba3c9bc69a5867fc0089d10d
2026-07-30,2026-07-30T00:13:27+09:00,26/07/30 00:13時点の避難所状況の一覧です。,2026-07-30T00:13+09:00,web:37483f1b007ec35d7e10,37483f1b007ec35d7e10,八代市,五家荘デイサービスセンター 福寿草,---,false,---,,八代市泉町椎原1-1,検索,,,,,https://portal.bousai.pref.kumamoto.jp/sp.html?p=evacuation%2Fshelter&l=15-0&ll=32.63819999999999%2C130.77610000000004&z=9&municipalityCd=430005,bd2f0a7f704841c2c37e7486f6f2ae87ac565905cf10d96aca1b1edf5e1e5a6f,"{""ルート検索"": ""検索"", ""住所"": ""八代市泉町椎原1-1"", ""市町村"": ""八代市"", ""混雑状況"": ""---"", ""避難所名"": ""五家荘デイサービスセンター 福寿草"", ""開設状況"": ""---""}",unmatched,fuzzy_below_threshold,0.937,0,,,,,,,,,,,[],,[],"[{""NO"": ""1238"", ""その他市町村長が必要と認める事項"": """", ""住所"": ""熊本県八代市泉町椎原又1-1"", ""備考"": """", ""共通ID"": ""E4320200127121"", ""受入対象者"": ""要配慮者"", ""指定緊急避難場所との住所同一"": """", ""施設・場所名"": ""八代五家荘デイサービスセンター福寿草"", ""経度"": ""130.902933"", ""緯度"": ""32.489882""}]",reference/43000_1.csv,dd6686fa000c3e720180ba96d02aacff987aec1bba3c9bc69a5867fc0089d10d
2026-07-30,2026-07-30T00:13:27+09:00,26/07/30 00:13時点の避難所状況の一覧です。,2026-07-30T00:13+09:00,web:26c98e9d6edd59b9df61,26c98e9d6edd59b9df61,八代市,五家荘自然塾,---,false,---,,八代市泉町仁田尾25,検索,,,,,https://portal.bousai.pref.kumamoto.jp/sp.html?p=evacuation%2Fshelter&l=15-0&ll=32.63819999999999%2C130.77610000000004&z=9&municipalityCd=430005,91ca9cc9ef72439f55ca2ce557ce1305f23927ad7941308ee42009ade55a7bd1,"{""ルート検索"": ""検索"", ""住所"": ""八代市泉町仁田尾25"", ""市町村"": ""八代市"", ""混雑状況"": ""---"", ""避難所名"": ""五家荘自然塾"", ""開設状況"": ""---""}",unmatched,no_candidate,,0,,,,,,,,,,,[],,[],[],reference/43000_1.csv,dd6686fa000c3e720180ba96d02aacff987aec1bba3c9bc69a5867fc0089d10d
2026-07-30,2026-07-30T00:13:27+09:00,26/07/30 00:13時点の避難所状況の一覧です。,2026-07-30T00:13+09:00,web:fb3044a2b79afc80e386,fb3044a2b79afc80e386,八代市,今泉地区公民館,開設,true,平常,,熊本県八代市坂本町西部ろ1292番地,検索,,,,,https://portal.bousai.pref.kumamoto.jp/sp.html?p=evacuation%2Fshelter&l=15-0&ll=32.63819999999999%2C130.77610000000004&z=9&municipalityCd=430005,3c1cd08c93a61d23a5fd22b7ac4b69d09e41124b377c9733a2284b553cd5c6f5,"{""ルート検索"": ""検索"", ""住所"": ""熊本県八代市坂本町西部ろ1292番地"", ""市町村"": ""八代市"", ""混雑状況"": ""平常"", ""避難所名"": ""今泉地区公民館"", ""開設状況"": ""開設""}",unmatched,no_candidate,,0,,,,,,,,,,,[],,[],[],reference/43000_1.csv,dd6686fa000c3e720180ba96d02aacff987aec1bba3c9bc69a5867fc0089d10d
2026-07-30,2026-07-30T00:13:27+09:00,26/07/30 00:13時点の避難所状況の一覧です。,2026-07-30T00:13+09:00,web:78670aceb0f1a33db766,78670aceb0f1a33db766,八代市,代陽コミュニティセンター,開設,true,混雑,,八代市西松江城町2-18,検索,,,,,https://portal.bousai.pref.kumamoto.jp/sp.html?p=evacuation%2Fshelter&l=15-0&ll=32.63819999999999%2C130.77610000000004&z=9&municipalityCd=430005,dfa109ea9043c5690cc95f5d71432ec54576703fc7d44ec10f1aafce3aca5f01,"{""ルート検索"": ""検索"", ""住所"": ""八代市西松江城町2-18"", ""市町村"": ""八代市"", ""混雑状況"": ""混雑"", ""避難所名"": ""代陽コミュニティセンター"", ""開設状況"": ""開設""}",unmatched,fuzzy_below_threshold,0.781,0,,,,,,,,,,,[],,[],"[{""NO"": ""1237"", ""その他市町村長が必要と認める事項"": """", ""住所"": ""熊本県八代市泉町栗木5866"", ""備考"": """", ""共通ID"": ""E4320200081111"", ""受入対象者"": """", ""指定緊急避難場所との住所同一"": ""1"", ""施設・場所名"": ""泉コミュニティセンター"", ""経度"": ""130.808105877186"", ""緯度"": ""32.5457986916214""}, {""NO"": ""1216"", ""その他市町村長が必要と認める事項"": """", ""住所"": ""熊本県八代市古城町2259"", ""備考"": """", ""共通ID"": ""E4320200033111"", ""受入対象者"": """", ""指定緊急避難場所との住所同一"": ""1"", ""施設・場所名"": ""麦島コミュニティセンター"", ""経度"": ""130.5926186"", ""緯度"": ""32.49742503""}, {""NO"": ""1223"", ""その他市町村長が必要と認める事項"": """", ""住所"": ""熊本県八代市昭和明徴町730-1"", ""備考"": """", ""共通ID"": ""E4320200054111"", ""受入対象者"": """", ""指定緊急避難場所との住所同一"": ""1"", ""施設・場所名"": ""昭和コミュニティセンター"", ""経度"": ""130.6036164"", ""緯度"": ""32.55967579""}]",reference/43000_1.csv,dd6686fa000c3e720180ba96d02aacff987aec1bba3c9bc69a5867fc0089d10d
2026-07-30,2026-07-30T00:13:27+09:00,26/07/30 00:13時点の避難所状況の一覧です。,2026-07-30T00:13+09:00,web:ca66162b50dcc013b548,ca66162b50dcc013b548,八代市,代陽コミュニティセンター,---,false,---,,熊本県八代市,検索,,,,,https://portal.bousai.pref.kumamoto.jp/sp.html?p=evacuation%2Fshelter&l=15-0&ll=32.63819999999999%2C130.77610000000004&z=9&municipalityCd=430005,29bf1e9e290e556f600b205b60b1b198f843517639804eb68e469d972adc54bf,"{""ルート検索"": ""検索"", ""住所"": ""熊本県八代市"", ""市町村"": ""八代市"", ""混雑状況"": ""---"", ""避難所名"": ""代陽コミュニティセンター"", ""開設状況"": ""---""}",unmatched,fuzzy_below_threshold,0.780,0,,,,,,,,,,,[],,[],"[{""NO"": ""1237"", ""その他市町村長が必要と認める事項"": """", ""住所"": ""熊本県八代市泉町栗木5866"", ""備考"": """", ""共通ID"": ""E4320200081111"", ""受入対象者"": """", ""指定緊急避難場所との住所同一"": ""1"", ""施設・場所名"": ""泉コミュニティセンター"", ""経度"": ""130.808105877186"", ""緯度"": ""32.5457986916214""}, {""NO"": ""1257"", ""その他市町村長が必要と認める事項"": """", ""住所"": ""熊本県八代市本野町505"", ""備考"": """", ""共通ID"": ""E4320200118111"", ""受入対象者"": """", ""指定緊急避難場所との住所同一"": ""1"", ""施設・場所名"": ""高田コミュニティセンター"", ""経度"": ""130.6167216"", ""緯度"": ""32.48708486""}, {""NO"": ""1216"", ""その他市町村長が必要と認める事項"": """", ""住所"": ""熊本県八代市古城町2259"", ""備考"": """", ""共通ID"": ""E4320200033111"", ""受入対象者"": """", ""指定緊急避難場所との住所同一"": ""1"", ""施設・場所名"": ""麦島コミュニティセンター"", ""経度"": ""130.5926186"", ""緯度"": ""32.49742503""}]",reference/43000_1.csv,dd6686fa000c3e720180ba96d02aacff987aec1bba3c9bc69a5867fc0089d10d
2026-07-30,2026-07-30T00:13:27+09:00,26/07/30 00:13時点の避難所状況の一覧です。,2026-07-30T00:13+09:00,web:b276f19a065b0486ded4,b276f19a065b0486ded4,八代市,代陽小学校,開設,true,---,,八代市北の丸町1-7,検索,,,,,https://portal.bousai.pref.kumamoto.jp/sp.html?p=evacuation%2Fshelter&l=15-0&ll=32.63819999999999%2C130.77610000000004&z=9&municipalityCd=430005,9dc0e235c835f422158c8e07db56aa28feafc1be32ae2e2a7b5f652205f63c65,"{""ルート検索"": ""検索"", ""住所"": ""八代市北の丸町1-7"", ""市町村"": ""八代市"", ""混雑状況"": ""---"", ""避難所名"": ""代陽小学校"", ""開設状況"": ""開設""}",unmatched,no_candidate,,0,,,,,,,,,,,[],,[],[],reference/43000_1.csv,dd6686fa000c3e720180ba96d02aacff987aec1bba3c9bc69a5867fc0089d10d
2026-07-30,2026-07-30T00:13:27+09:00,26/07/30 00:13時点の避難所状況の一覧です。,2026-07-30T00:13+09:00,web:10589d65e23235702b4c,10589d65e23235702b4c,八代市,働く婦人の家,---,false,---,,八代市清水町2-94,検索,,,,,https://portal.bousai.pref.kumamoto.jp/sp.html?p=evacuation%2Fshelter&l=15-0&ll=32.63819999999999%2C130.77610000000004&z=9&municipalityCd=430005,b88acc6c786afaad1b79454226d5bf86c7fa57b31286f3c9ef71a89df449c04a,"{""ルート検索"": ""検索"", ""住所"": ""八代市清水町2-94"", ""市町村"": ""八代市"", ""混雑状況"": ""---"", ""避難所名"": ""働く婦人の家"", ""開設状況"": ""---""}",unmatched,no_candidate,,0,,,,,,,,,,,[],,[],[],reference/43000_1.csv,dd6686fa000c3e720180ba96d02aacff987aec1bba3c9bc69a5867fc0089d10d
2026-07-30,2026-07-30T00:13:27+09:00,26/07/30 00:13時点の避難所状況の一覧です。,2026-07-30T00:13+09:00,web:bb62aded1e4ed62ec037,bb62aded1e4ed62ec037,八代市,八代コミュニティセンター,開設,true,---,,八代市新地町6-3,検索,,,,,https://portal.bousai.pref.kumamoto.jp/sp.html?p=evacuation%2Fshelter&l=15-0&ll=32.63819999999999%2C130.77610000000004&z=9&municipalityCd=430005,6988c8e7f85619e417b519a63497e30999cc8642769387cfe4027f18d15868dc,"{""ルート検索"": ""検索"", ""住所"": ""八代市新地町6-3"", ""市町村"": ""八代市"", ""混雑状況"": ""---"", ""避難所名"": ""八代コミュニティセンター"", ""開設状況"": ""開設""}",unmatched,fuzzy_below_threshold,0.799,0,,,,,,,,,,,[],,[],"[{""NO"": ""1228"", ""その他市町村長が必要と認める事項"": """", ""住所"": ""熊本県八代市上野町1193-1"", ""備考"": """", ""共通ID"": ""E4320200059111"", ""受入対象者"": """", ""指定緊急避難場所との住所同一"": ""1"", ""施設・場所名"": ""八千把コミュニティセンター"", ""経度"": ""130.6141942"", ""緯度"": ""32.51841666""}, {""NO"": ""1237"", ""その他市町村長が必要と認める事項"": """", ""住所"": ""熊本県八代市泉町栗木5866"", ""備考"": """", ""共通ID"": ""E4320200081111"", ""受入対象者"": """", ""指定緊急避難場所との住所同一"": ""1"", ""施設・場所名"": ""泉コミュニティセンター"", ""経度"": ""130.808105877186"", ""緯度"": ""32.5457986916214""}, {""NO"": ""1223"", ""その他市町村長が必要と認める事項"": """", ""住所"": ""熊本県八代市昭和明徴町730-1"", ""備考"": """", ""共通ID"": ""E4320200054111"", ""受入対象者"": """", ""指定緊急避難場所との住所同一"": ""1"", ""施設・場所名"": ""昭和コミュニティセンター"", ""経度"": ""130.6036164"", ""緯度"": ""32.55967579""}]",reference/43000_1.csv,dd6686fa000c3e720180ba96d02aacff987aec1bba3c9bc69a5867fc0089d10d
2026-07-30,2026-07-30T00:13:27+09:00,26/07/30 00:13時点の避難所状況の一覧です。,2026-07-30T00:13+09:00,web:65bf649171412198997a,65bf649171412198997a,八代市,八代実業専門学校,---,false,---,,八代市迎町1丁目16-33,検索,,,,,https://portal.bousai.pref.kumamoto.jp/sp.html?p=evacuation%2Fshelter&l=15-0&ll=32.63819999999999%2C130.77610000000004&z=9&municipalityCd=430005,e1890504d67bd1c5cdd61afcc72f1cc33f43a6311c1cfce61a0c6bf69fe9f010,"{""ルート検索"": ""検索"", ""住所"": ""八代市迎町1丁目16-33"", ""市町村"": ""八代市"", ""混雑状況"": ""---"", ""避難所名"": ""八代実業専門学校"", ""開設状況"": ""---""}",unmatched,no_candidate,,0,,,,,,,,,,,[],,[],[],reference/43000_1.csv,dd6686fa000c3e720180ba96d02aacff987aec1bba3c9bc69a5867fc0089d10d
2026-07-30,2026-07-30T00:13:27+09:00,26/07/30 00:13時点の避難所状況の一覧です。,2026-07-30T00:13+09:00,web:452a87fd3b7d540aee9a,452a87fd3b7d540aee9a,八代市,八代小学校,開設,true,---,,八代市新地町4-1,検索,,,,,https://portal.bousai.pref.kumamoto.jp/sp.html?p=evacuation%2Fshelter&l=15-0&ll=32.63819999999999%2C130.77610000000004&z=9&municipalityCd=430005,e492038130ba72be7bf57581ebd7bba2c9cd7bf4afbaf0dbd78cb1c73b167f36,"{""ルート検索"": ""検索"", ""住所"": ""八代市新地町4-1"", ""市町村"": ""八代市"", ""混雑状況"": ""---"", ""避難所名"": ""八代小学校"", ""開設状況"": ""開設""}",unmatched,no_candidate,,0,,,,,,,,,,,[],,[],[],reference/43000_1.csv,dd6686fa000c3e720180ba96d02aacff987aec1bba3c9bc69a5867fc0089d10d
2026-07-30,2026-07-30T00:13:27+09:00,26/07/30 00:13時点の避難所状況の一覧です。,2026-07-30T00:13+09:00,web:911b2f66dcb78e237ba3,911b2f66dcb78e237ba3,八代市,八代工業高校,---,false,---,,八代市大福寺町473,検索,,,,,https://portal.bousai.pref.kumamoto.jp/sp.html?p=evacuation%2Fshelter&l=15-0&ll=32.63819999999999%2C130.77610000000004&z=9&municipalityCd=430005,f3f40edecda3221df54ec2d1e69552071a5b996f691915cd52ce9e5b3d7cd4d9,"{""ルート検索"": ""検索"", ""住所"": ""八代市大福寺町473"", ""市町村"": ""八代市"", ""混雑状況"": ""---"", ""避難所名"": ""八代工業高校"", ""開設状況"": ""---""}",unmatched,no_candidate,,0,,,,,,,,,,,[],,[],[],reference/43000_1.csv,dd6686fa000c3e720180ba96d02aacff987aec1bba3c9bc69a5867fc0089d10d
2026-07-30,2026-07-30T00:13:27+09:00,26/07/30 00:13時点の避難所状況の一覧です。,2026-07-30T00:13+09:00,web:3242a3d71bec6971edac,3242a3d71bec6971edac,八代市,八代工業高等専門学校,---,false,---,,八代市平山新町2627,検索,,,,,https://portal.bousai.pref.kumamoto.jp/sp.html?p=evacuation%2Fshelter&l=15-0&ll=32.63819999999999%2C130.77610000000004&z=9&municipalityCd=430005,1296f42e691c99fd05f21ee9788bca2fb881f2b71e31a3b496f7b7b81f50e747,"{""ルート検索"": ""検索"", ""住所"": ""八代市平山新町2627"", ""市町村"": ""八代市"", ""混雑状況"": ""---"", ""避難所名"": ""八代工業高等専門学校"", ""開設状況"": ""---""}",unmatched,no_candidate,,0,,,,,,,,,,,[],,[],[],reference/43000_1.csv,dd6686fa000c3e720180ba96d02aacff987aec1bba3c9bc69a5867fc0089d10d
2026-07-30,2026-07-30T00:13:27+09:00,26/07/30 00:13時点の避難所状況の一覧です。,2026-07-30T00:13+09:00,web:c54f760f049c17de13de,c54f760f049c17de13de,八代市,八代市定住センター及び東陽交流センターせせらぎ,---,false,---,,八代市東陽町南1058-1,検索,,,,,https://portal.bousai.pref.kumamoto.jp/sp.html?p=evacuation%2Fshelter&l=15-0&ll=32.63819999999999%2C130.77610000000004&z=9&municipalityCd=430005,ba81c3939c56f7e858cd5a18e666fa4f37d9546ff73ffe5a697c17c61e7e5a5a,"{""ルート検索"": ""検索"", ""住所"": ""八代市東陽町南1058-1"", ""市町村"": ""八代市"", ""混雑状況"": ""---"", ""避難所名"": ""八代市定住センター及び東陽交流センターせせらぎ"", ""開設状況"": ""---""}",unmatched,no_candidate,,0,,,,,,,,,,,[],,[],[],reference/43000_1.csv,dd6686fa000c3e720180ba96d02aacff987aec1bba3c9bc69a5867fc0089d10d
2026-07-30,2026-07-30T00:13:27+09:00,26/07/30 00:13時点の避難所状況の一覧です。,2026-07-30T00:13+09:00,web:0b835744d3c0961a7b99,0b835744d3c0961a7b99,八代市,八代支援学校,開設,true,---,,熊本県八代市高島町1-6,検索,,,,,https://portal.bousai.pref.kumamoto.jp/sp.html?p=evacuation%2Fshelter&l=15-0&ll=32.63819999999999%2C130.77610000000004&z=9&municipalityCd=430005,c205a26451ecc6565f5e87795cac2843ba86538cffafe929a7572f20d1bfd59d,"{""ルート検索"": ""検索"", ""住所"": ""熊本県八代市高島町1-6"", ""市町村"": ""八代市"", ""混雑状況"": ""---"", ""避難所名"": ""八代支援学校"", ""開設状況"": ""開設""}",unmatched,no_candidate,,0,,,,,,,,,,,[],,[],[],reference/43000_1.csv,dd6686fa000c3e720180ba96d02aacff987aec1bba3c9bc69a5867fc0089d10d
2026-07-30,2026-07-30T00:13:27+09:00,26/07/30 00:13時点の避難所状況の一覧です。,2026-07-30T00:13+09:00,web:3d0c6b57ae5c683bc7d6,3d0c6b57ae5c683bc7d6,八代市,八代東高校,---,false,---,,八代市鷹辻町4-25,検索,,,,,https://portal.bousai.pref.kumamoto.jp/sp.html?p=evacuation%2Fshelter&l=15-0&ll=32.63819999999999%2C130.77610000000004&z=9&municipalityCd=430005,f1497fea4550e3ef78b1816293c0723d770161d5c888decab5e932c3fa9d66de,"{""ルート検索"": ""検索"", ""住所"": ""八代市鷹辻町4-25"", ""市町村"": ""八代市"", ""混雑状況"": ""---"", ""避難所名"": ""八代東高校"", ""開設状況"": ""---""}",unmatched,no_candidate,,0,,,,,,,,,,,[],,[],[],reference/43000_1.csv,dd6686fa000c3e720180ba96d02aacff987aec1bba3c9bc69a5867fc0089d10d
2026-07-30,2026-07-30T00:13:27+09:00,26/07/30 00:13時点の避難所状況の一覧です。,2026-07-30T00:13+09:00,web:1e883370e7f8af65b6c5,1e883370e7f8af65b6c5,八代市,八代清流高校,---,false,---,,八代市渡町1576,検索,,,,,https://portal.bousai.pref.kumamoto.jp/sp.html?p=evacuation%2Fshelter&l=15-0&ll=32.63819999999999%2C130.77610000000004&z=9&municipalityCd=430005,5472e91678d1beef3dffac641641b87dfb0520aa5e3cf40e638f6770a58bbf30,"{""ルート検索"": ""検索"", ""住所"": ""八代市渡町1576"", ""市町村"": ""八代市"", ""混雑状況"": ""---"", ""避難所名"": ""八代清流高校"", ""開設状況"": ""---""}",unmatched,no_candidate,,0,,,,,,,,,,,[],,[],[],reference/43000_1.csv,dd6686fa000c3e720180ba96d02aacff987aec1bba3c9bc69a5867fc0089d10d
2026-07-30,2026-07-30T00:13:27+09:00,26/07/30 00:13時点の避難所状況の一覧です。,2026-07-30T00:13+09:00,web:860335bca31e5fe63cfd,860335bca31e5fe63cfd,八代市,八代白百合学園高校,---,false,---,,八代市井上町727−1,検索,,,,,https://portal.bousai.pref.kumamoto.jp/sp.html?p=evacuation%2Fshelter&l=15-0&ll=32.63819999999999%2C130.77610000000004&z=9&municipalityCd=430005,3e9821f91bc54602159203fe9c19c7883de7992260d895bec88b5c6149db87de,"{""ルート検索"": ""検索"", ""住所"": ""八代市井上町727−1"", ""市町村"": ""八代市"", ""混雑状況"": ""---"", ""避難所名"": ""八代白百合学園高校"", ""開設状況"": ""---""}",unmatched,no_candidate,,0,,,,,,,,,,,[],,[],[],reference/43000_1.csv,dd6686fa000c3e720180ba96d02aacff987aec1bba3c9bc69a5867fc0089d10d
2026-07-30,2026-07-30T00:13:27+09:00,26/07/30 00:13時点の避難所状況の一覧です。,2026-07-30T00:13+09:00,web:f7b3ec7374abd0c84d49,f7b3ec7374abd0c84d49,八代市,八代農業高校,---,false,---,,八代市鏡町鏡村129,検索,,,,,https://portal.bousai.pref.kumamoto.jp/sp.html?p=evacuation%2Fshelter&l=15-0&ll=32.63819999999999%2C130.77610000000004&z=9&municipalityCd=430005,59c8ca3865ad72917d0fabb7607fad72bef23bccc54f753b6c6f06b6765cb499,"{""ルート検索"": ""検索"", ""住所"": ""八代市鏡町鏡村129"", ""市町村"": ""八代市"", ""混雑状況"": ""---"", ""避難所名"": ""八代農業高校"", ""開設状況"": ""---""}",unmatched,no_candidate,,0,,,,,,,,,,,[],,[],[],reference/43000_1.csv,dd6686fa000c3e720180ba96d02aacff987aec1bba3c9bc69a5867fc0089d10d
2026-07-30,2026-07-30T00:13:27+09:00,26/07/30 00:13時点の避難所状況の一覧です。,2026-07-30T00:13+09:00,web:02889b70129e1999c002,02889b70129e1999c002,八代市,八代高校,---,false,---,,八代市永碇町856,検索,,,,,https://portal.bousai.pref.kumamoto.jp/sp.html?p=evacuation%2Fshelter&l=15-0&ll=32.63819999999999%2C130.77610000000004&z=9&municipalityCd=430005,f70f4a2e153b1f37b986dbae30925bc02a5e6561a7d60b89928474fddd3b43f7,"{""ルート検索"": ""検索"", ""住所"": ""八代市永碇町856"", ""市町村"": ""八代市"", ""混雑状況"": ""---"", ""避難所名"": ""八代高校"", ""開設状況"": ""---""}",unmatched,no_candidate,,0,,,,,,,,,,,[],,[],[],reference/43000_1.csv,dd6686fa000c3e720180ba96d02aacff987aec1bba3c9bc69a5867fc0089d10d
2026-07-30,2026-07-30T00:13:27+09:00,26/07/30 00:13時点の避難所状況の一覧です。,2026-07-30T00:13+09:00,web:cae4b8d3a51af14dcc94,cae4b8d3a51af14dcc94,八代市,八代高等職業訓練校,---,false,---,,八代市清水町2-94,検索,,,,,https://portal.bousai.pref.kumamoto.jp/sp.html?p=evacuation%2Fshelter&l=15-0&ll=32.63819999999999%2C130.77610000000004&z=9&municipalityCd=430005,654e8ff61177014fbfe7217a1c4a909184fe6dfb30771304c63f4a77cabae5f8,"{""ルート検索"": ""検索"", ""住所"": ""八代市清水町2-94"", ""市町村"": ""八代市"", ""混雑状況"": ""---"", ""避難所名"": ""八代高等職業訓練校"", ""開設状況"": ""---""}",unmatched,no_candidate,,0,,,,,,,,,,,[],,[],[],reference/43000_1.csv,dd6686fa000c3e720180ba96d02aacff987aec1bba3c9bc69a5867fc0089d10d
2026-07-30,2026-07-30T00:13:27+09:00,26/07/30 00:13時点の避難所状況の一覧です。,2026-07-30T00:13+09:00,web:a182018f3c8496894ba0,a182018f3c8496894ba0,八代市,八千把小学校,開設,true,---,,八代市上野町1131,検索,,,,,https://portal.bousai.pref.kumamoto.jp/sp.html?p=evacuation%2Fshelter&l=15-0&ll=32.63819999999999%2C130.77610000000004&z=9&municipalityCd=430005,07b6b47048840ff55d94854ce46c8584fd42f25de847d06f125042788ac68828,"{""ルート検索"": ""検索"", ""住所"": ""八代市上野町1131"", ""市町村"": ""八代市"", ""混雑状況"": ""---"", ""避難所名"": ""八千把小学校"", ""開設状況"": ""開設""}",unmatched,no_candidate,,0,,,,,,,,,,,[],,[],[],reference/43000_1.csv,dd6686fa000c3e720180ba96d02aacff987aec1bba3c9bc69a5867fc0089d10d
2026-07-30,2026-07-30T00:13:27+09:00,26/07/30 00:13時点の避難所状況の一覧です。,2026-07-30T00:13+09:00,web:7277528df70c2d00ad20,7277528df70c2d00ad20,八代市,八千把小浜分校,---,false,---,,八代市古閑浜町3287,検索,,,,,https://portal.bousai.pref.kumamoto.jp/sp.html?p=evacuation%2Fshelter&l=15-0&ll=32.63819999999999%2C130.77610000000004&z=9&municipalityCd=430005,efe7c159b88a871b215531a42046b8659db76190a33455f3feae46e57044e847,"{""ルート検索"": ""検索"", ""住所"": ""八代市古閑浜町3287"", ""市町村"": ""八代市"", ""混雑状況"": ""---"", ""避難所名"": ""八千把小浜分校"", ""開設状況"": ""---""}",unmatched,no_candidate,,0,,,,,,,,,,,[],,[],[],reference/43000_1.csv,dd6686fa000c3e720180ba96d02aacff987aec1bba3c9bc69a5867fc0089d10d
2026-07-30,2026-07-30T00:13:27+09:00,26/07/30 00:13時点の避難所状況の一覧です。,2026-07-30T00:13+09:00,web:2ed0149fd4ad36b60b02,2ed0149fd4ad36b60b02,八代市,八竜小学校,---,false,---,,八代市坂本町荒瀬6544,検索,,,,,https://portal.bousai.pref.kumamoto.jp/sp.html?p=evacuation%2Fshelter&l=15-0&ll=32.63819999999999%2C130.77610000000004&z=9&municipalityCd=430005,26e5f33b158437a2d6c5ab923190a7c9ee6f291febec2cfac0c1a8777d901552,"{""ルート検索"": ""検索"", ""住所"": ""八代市坂本町荒瀬6544"", ""市町村"": ""八代市"", ""混雑状況"": ""---"", ""避難所名"": ""八竜小学校"", ""開設状況"": ""---""}",unmatched,no_candidate,,0,,,,,,,,,,,[],,[],[],reference/43000_1.csv,dd6686fa000c3e720180ba96d02aacff987aec1bba3c9bc69a5867fc0089d10d
2026-07-30,2026-07-30T00:13:27+09:00,26/07/30 00:13時点の避難所状況の一覧です。,2026-07-30T00:13+09:00,web:e764e8f9fcbea6a05c8a,e764e8f9fcbea6a05c8a,八代市,千丁コミュニティセンター,---,false,---,,八代市千丁町新牟田1434,検索,,,,,https://portal.bousai.pref.kumamoto.jp/sp.html?p=evacuation%2Fshelter&l=15-0&ll=32.63819999999999%2C130.77610000000004&z=9&municipalityCd=430005,b61b9d68b3eb6c32b7a13ee9c9f51dcec9ec790bf3321dd9723886c3a174e938,"{""ルート検索"": ""検索"", ""住所"": ""八代市千丁町新牟田1434"", ""市町村"": ""八代市"", ""混雑状況"": ""---"", ""避難所名"": ""千丁コミュニティセンター"", ""開設状況"": ""---""}",unmatched,fuzzy_below_threshold,0.799,0,,,,,,,,,,,[],,[],"[{""NO"": ""1228"", ""その他市町村長が必要と認める事項"": """", ""住所"": ""熊本県八代市上野町1193-1"", ""備考"": """", ""共通ID"": ""E4320200059111"", ""受入対象者"": """", ""指定緊急避難場所との住所同一"": ""1"", ""施設・場所名"": ""八千把コミュニティセンター"", ""経度"": ""130.6141942"", ""緯度"": ""32.51841666""}, {""NO"": ""1237"", ""その他市町村長が必要と認める事項"": """", ""住所"": ""熊本県八代市泉町栗木5866"", ""備考"": """", ""共通ID"": ""E4320200081111"", ""受入対象者"": """", ""指定緊急避難場所との住所同一"": ""1"", ""施設・場所名"": ""泉コミュニティセンター"", ""経度"": ""130.808105877186"", ""緯度"": ""32.5457986916214""}, {""NO"": ""1223"", ""その他市町村長が必要と認める事項"": """", ""住所"": ""熊本県八代市昭和明徴町730-1"", ""備考"": """", ""共通ID"": ""E4320200054111"", ""受入対象者"": """", ""指定緊急避難場所との住所同一"": ""1"", ""施設・場所名"": ""昭和コミュニティセンター"", ""経度"": ""130.6036164"", ""緯度"": ""32.55967579""}]",reference/43000_1.csv,dd6686fa000c3e720180ba96d02aacff987aec1bba3c9bc69a5867fc0089d10d
2026-07-30,2026-07-30T00:13:27+09:00,26/07/30 00:13時点の避難所状況の一覧です。,2026-07-30T00:13+09:00,web:e460b06168b521baa567,e460b06168b521baa567,八代市,千丁中学校,---,false,---,,八代市千丁町古閑出2493-1,検索,,,,,https://portal.bousai.pref.kumamoto.jp/sp.html?p=evacuation%2Fshelter&l=15-0&ll=32.63819999999999%2C130.77610000000004&z=9&municipalityCd=430005,c9eac9ca4050d90110ad4d435790ea0ed4966bc018a8c0079cc9f6f9e770dd46,"{""ルート検索"": ""検索"", ""住所"": ""八代市千丁町古閑出2493-1"", ""市町村"": ""八代市"", ""混雑状況"": ""---"", ""避難所名"": ""千丁中学校"", ""開設状況"": ""---""}",unmatched,no_candidate,,0,,,,,,,,,,,[],,[],[],reference/43000_1.csv,dd6686fa000c3e720180ba96d02aacff987aec1bba3c9bc69a5867fc0089d10d
2026-07-30,2026-07-30T00:13:27+09:00,26/07/30 00:13時点の避難所状況の一覧です。,2026-07-30T00:13+09:00,web:8459380af6f6b331b5fb,8459380af6f6b331b5fb,八代市,千丁小学校,---,false,---,,八代市千丁町新牟田1345,検索,,,,,https://portal.bousai.pref.kumamoto.jp/sp.html?p=evacuation%2Fshelter&l=15-0&ll=32.63819999999999%2C130.77610000000004&z=9&municipalityCd=430005,471a6d2c38478048980ae5d0bd3a43e3bdb436812541ed28859c34a6a3fb464d,"{""ルート検索"": ""検索"", ""住所"": ""八代市千丁町新牟田1345"", ""市町村"": ""八代市"", ""混雑状況"": ""---"", ""避難所名"": ""千丁小学校"", ""開設状況"": ""---""}",unmatched,no_candidate,,0,,,,,,,,,,,[],,[],[],reference/43000_1.csv,dd6686fa000c3e720180ba96d02aacff987aec1bba3c9bc69a5867fc0089d10d
2026-07-30,2026-07-30T00:13:27+09:00,26/07/30 00:13時点の避難所状況の一覧です。,2026-07-30T00:13+09:00,web:a0fbdb691ccbe0a07974,a0fbdb691ccbe0a07974,八代市,厚生会館,---,false,---,,八代市西松江城町1-47,検索,,,,,https://portal.bousai.pref.kumamoto.jp/sp.html?p=evacuation%2Fshelter&l=15-0&ll=32.63819999999999%2C130.77610000000004&z=9&municipalityCd=430005,750dc464180bdd6ae01dbd5a07fcd81748e414206249358b7901d232020bcd1e,"{""ルート検索"": ""検索"", ""住所"": ""八代市西松江城町1-47"", ""市町村"": ""八代市"", ""混雑状況"": ""---"", ""避難所名"": ""厚生会館"", ""開設状況"": ""---""}",unmatched,exact_name_municipality_conflict,,0,,,,,,,,,,,[],,[],"[{""NO"": ""920"", ""その他市町村長が必要と認める事項"": """", ""住所"": ""熊本県水俣市古城1-6-88"", ""備考"": """", ""共通ID"": ""E4320500024111"", ""受入対象者"": """", ""指定緊急避難場所との住所同一"": ""1"", ""施設・場所名"": ""厚生会館"", ""経度"": ""130.4154171"", ""緯度"": ""32.20779605""}]",reference/43000_1.csv,dd6686fa000c3e720180ba96d02aacff987aec1bba3c9bc69a5867fc0089d10d
2026-07-30,2026-07-30T00:13:27+09:00,26/07/30 00:13時点の避難所状況の一覧です。,2026-07-30T00:13+09:00,web:ec6b52c61b341fa3f210,ec6b52c61b341fa3f210,八代市,古麓町公民館,---,false,---,,八代市古麓町968,検索,,,,,https://portal.bousai.pref.kumamoto.jp/sp.html?p=evacuation%2Fshelter&l=15-0&ll=32.63819999999999%2C130.77610000000004&z=9&municipalityCd=430005,eb281185aef301ba4fb3473339164f52ea7c3ddafd1d0b5a0322aac2bb029ab4,"{""ルート検索"": ""検索"", ""住所"": ""八代市古麓町968"", ""市町村"": ""八代市"", ""混雑状況"": ""---"", ""避難所名"": ""古麓町公民館"", ""開設状況"": ""---""}",unmatched,no_candidate,,0,,,,,,,,,,,[],,[],[],reference/43000_1.csv,dd6686fa000c3e720180ba96d02aacff987aec1bba3c9bc69a5867fc0089d10d
2026-07-30,2026-07-30T00:13:27+09:00,26/07/30 00:13時点の避難所状況の一覧です。,2026-07-30T00:13+09:00,web:e79d19687486af4f979e,e79d19687486af4f979e,八代市,坂本コミュニティセンター,開設,true,平常,,八代市坂本町坂本4161-1,検索,,,,,https://portal.bousai.pref.kumamoto.jp/sp.html?p=evacuation%2Fshelter&l=15-0&ll=32.63819999999999%2C130.77610000000004&z=9&municipalityCd=430005,9f0e1e81e4ab1837f21b52428b106125de3032a51a4f07e45d225e1376172649,"{""ルート検索"": ""検索"", ""住所"": ""八代市坂本町坂本4161-1"", ""市町村"": ""八代市"", ""混雑状況"": ""平常"", ""避難所名"": ""坂本コミュニティセンター"", ""開設状況"": ""開設""}",unmatched,fuzzy_below_threshold,0.775,0,,,,,,,,,,,[],,[],"[{""NO"": ""1237"", ""その他市町村長が必要と認める事項"": """", ""住所"": ""熊本県八代市泉町栗木5866"", ""備考"": """", ""共通ID"": ""E4320200081111"", ""受入対象者"": """", ""指定緊急避難場所との住所同一"": ""1"", ""施設・場所名"": ""泉コミュニティセンター"", ""経度"": ""130.808105877186"", ""緯度"": ""32.5457986916214""}, {""NO"": ""1223"", ""その他市町村長が必要と認める事項"": """", ""住所"": ""熊本県八代市昭和明徴町730-1"", ""備考"": """", ""共通ID"": ""E4320200054111"", ""受入対象者"": """", ""指定緊急避難場所との住所同一"": ""1"", ""施設・場所名"": ""昭和コミュニティセンター"", ""経度"": ""130.6036164"", ""緯度"": ""32.55967579""}, {""NO"": ""1257"", ""その他市町村長が必要と認める事項"": """", ""住所"": ""熊本県八代市本野町505"", ""備考"": """", ""共通ID"": ""E4320200118111"", ""受入対象者"": """", ""指定緊急避難場所との住所同一"": ""1"", ""施設・場所名"": ""高田コミュニティセンター"", ""経度"": ""130.6167216"", ""緯度"": ""32.48708486""}]",reference/43000_1.csv,dd6686fa000c3e720180ba96d02aacff987aec1bba3c9bc69a5867fc0089d10d
2026-07-30,2026-07-30T00:13:27+09:00,26/07/30 00:13時点の避難所状況の一覧です。,2026-07-30T00:13+09:00,web:4f0f64af329fb89d8093,4f0f64af329fb89d8093,八代市,坂本中学校,---,false,---,,八代市坂本町荒瀬6000,検索,,,,,https://portal.bousai.pref.kumamoto.jp/sp.html?p=evacuation%2Fshelter&l=15-0&ll=32.63819999999999%2C130.77610000000004&z=9&municipalityCd=430005,d7a939ad8b200540be718877d41b830c92fdc46d2e3126dd001ce04bc1dde392,"{""ルート検索"": ""検索"", ""住所"": ""八代市坂本町荒瀬6000"", ""市町村"": ""八代市"", ""混雑状況"": ""---"", ""避難所名"": ""坂本中学校"", ""開設状況"": ""---""}",unmatched,no_candidate,,0,,,,,,,,,,,[],,[],[],reference/43000_1.csv,dd6686fa000c3e720180ba96d02aacff987aec1bba3c9bc69a5867fc0089d10d
2026-07-30,2026-07-30T00:13:27+09:00,26/07/30 00:13時点の避難所状況の一覧です。,2026-07-30T00:13+09:00,web:4cae097d35964cf5b105,4cae097d35964cf5b105,八代市,坂本地域福祉センター,---,false,---,,八代市坂本町荒瀬1307,検索,,,,,https://portal.bousai.pref.kumamoto.jp/sp.html?p=evacuation%2Fshelter&l=15-0&ll=32.63819999999999%2C130.77610000000004&z=9&municipalityCd=430005,ccda6c4762d75d069f1ef974e6c8e8c1cbf58ec0f03d6ea68690f59497883b3e,"{""ルート検索"": ""検索"", ""住所"": ""八代市坂本町荒瀬1307"", ""市町村"": ""八代市"", ""混雑状況"": ""---"", ""避難所名"": ""坂本地域福祉センター"", ""開設状況"": ""---""}",unmatched,no_candidate,,0,,,,,,,,,,,[],,[],[],reference/43000_1.csv,dd6686fa000c3e720180ba96d02aacff987aec1bba3c9bc69a5867fc0089d10d
2026-07-30,2026-07-30T00:13:27+09:00,26/07/30 00:13時点の避難所状況の一覧です。,2026-07-30T00:13+09:00,web:688cdcd42f1af36c30b5,688cdcd42f1af36c30b5,八代市,坂本憩いの家,---,false,---,,八代市坂本町鶴喰893,検索,,,,,https://portal.bousai.pref.kumamoto.jp/sp.html?p=evacuation%2Fshelter&l=15-0&ll=32.63819999999999%2C130.77610000000004&z=9&municipalityCd=430005,5927dbf1bc89e4c579a305cea220399c72dda1e134a3a34aec6f906df288123a,"{""ルート検索"": ""検索"", ""住所"": ""八代市坂本町鶴喰893"", ""市町村"": ""八代市"", ""混雑状況"": ""---"", ""避難所名"": ""坂本憩いの家"", ""開設状況"": ""---""}",unmatched,no_candidate,,0,,,,,,,,,,,[],,[],[],reference/43000_1.csv,dd6686fa000c3e720180ba96d02aacff987aec1bba3c9bc69a5867fc0089d10d
2026-07-30,2026-07-30T00:13:27+09:00,26/07/30 00:13時点の避難所状況の一覧です。,2026-07-30T00:13+09:00,web:877b16d53f9d9ea7ac55,877b16d53f9d9ea7ac55,八代市,坂本支所,---,false,---,,八代市坂本町坂本4228-12,検索,,,,,https://portal.bousai.pref.kumamoto.jp/sp.html?p=evacuation%2Fshelter&l=15-0&ll=32.63819999999999%2C130.77610000000004&z=9&municipalityCd=430005,f03b393a67df199d485da6a856ec3c46fa49e2a6abbca605299b76c3e4aa0efd,"{""ルート検索"": ""検索"", ""住所"": ""八代市坂本町坂本4228-12"", ""市町村"": ""八代市"", ""混雑状況"": ""---"", ""避難所名"": ""坂本支所"", ""開設状況"": ""---""}",unmatched,no_candidate,,0,,,,,,,,,,,[],,[],[],reference/43000_1.csv,dd6686fa000c3e720180ba96d02aacff987aec1bba3c9bc69a5867fc0089d10d
2026-07-30,2026-07-30T00:13:27+09:00,26/07/30 00:13時点の避難所状況の一覧です。,2026-07-30T00:13+09:00,web:4084009d56265678431f,4084009d56265678431f,八代市,大島公民館(大島分校跡),開設,true,---,,八代市大島町4885,検索,,,,,https://portal.bousai.pref.kumamoto.jp/sp.html?p=evacuation%2Fshelter&l=15-0&ll=32.63819999999999%2C130.77610000000004&z=9&municipalityCd=430005,411954eacc155011b4fd6d56f49548d1a636a373edee121325d19571172c394c,"{""ルート検索"": ""検索"", ""住所"": ""八代市大島町4885"", ""市町村"": ""八代市"", ""混雑状況"": ""---"", ""避難所名"": ""大島公民館(大島分校跡)"", ""開設状況"": ""開設""}",unmatched,no_candidate,,0,,,,,,,,,,,[],,[],[],reference/43000_1.csv,dd6686fa000c3e720180ba96d02aacff987aec1bba3c9bc69a5867fc0089d10d
2026-07-30,2026-07-30T00:13:27+09:00,26/07/30 00:13時点の避難所状況の一覧です。,2026-07-30T00:13+09:00,web:d2fa514b14915580392b,d2fa514b14915580392b,八代市,大島石灰事務所,---,false,---,,八代市大島町4883,検索,,,,,https://portal.bousai.pref.kumamoto.jp/sp.html?p=evacuation%2Fshelter&l=15-0&ll=32.63819999999999%2C130.77610000000004&z=9&municipalityCd=430005,2d0c81bbdff2308d3dd6a199424651f1a423cb331f75400fa7254078b55ef4d4,"{""ルート検索"": ""検索"", ""住所"": ""八代市大島町4883"", ""市町村"": ""八代市"", ""混雑状況"": ""---"", ""避難所名"": ""大島石灰事務所"", ""開設状況"": ""---""}",unmatched,no_candidate,,0,,,,,,,,,,,[],,[],[],reference/43000_1.csv,dd6686fa000c3e720180ba96d02aacff987aec1bba3c9bc69a5867fc0089d10d
2026-07-30,2026-07-30T00:13:27+09:00,26/07/30 00:13時点の避難所状況の一覧です。,2026-07-30T00:13+09:00,web:c29df28aaca34a945e9a,c29df28aaca34a945e9a,八代市,太田郷コミュニティセンター,開設,true,混雑,,八代市井上町601-1,検索,,,,,https://portal.bousai.pref.kumamoto.jp/sp.html?p=evacuation%2Fshelter&l=15-0&ll=32.63819999999999%2C130.77610000000004&z=9&municipalityCd=430005,d340a95a40c3b2f66b6271cf336128ad2e1f8c3d42485f86725091c0e206f42e,"{""ルート検索"": ""検索"", ""住所"": ""八代市井上町601-1"", ""市町村"": ""八代市"", ""混雑状況"": ""混雑"", ""避難所名"": ""太田郷コミュニティセンター"", ""開設状況"": ""開設""}",unmatched,fuzzy_below_threshold,0.803,0,,,,,,,,,,,[],,[],"[{""NO"": ""1257"", ""その他市町村長が必要と認める事項"": """", ""住所"": ""熊本県八代市本野町505"", ""備考"": """", ""共通ID"": ""E4320200118111"", ""受入対象者"": """", ""指定緊急避難場所との住所同一"": ""1"", ""施設・場所名"": ""高田コミュニティセンター"", ""経度"": ""130.6167216"", ""緯度"": ""32.48708486""}, {""NO"": ""1237"", ""その他市町村長が必要と認める事項"": """", ""住所"": ""熊本県八代市泉町栗木5866"", ""備考"": """", ""共通ID"": ""E4320200081111"", ""受入対象者"": """", ""指定緊急避難場所との住所同一"": ""1"", ""施設・場所名"": ""泉コミュニティセンター"", ""経度"": ""130.808105877186"", ""緯度"": ""32.5457986916214""}]",reference/43000_1.csv,dd6686fa000c3e720180ba96d02aacff987aec1bba3c9bc69a5867fc0089d10d
2026-07-30,2026-07-30T00:13:27+09:00,26/07/30 00:13時点の避難所状況の一覧です。,2026-07-30T00:13+09:00,web:04a1d693386241a40f79,04a1d693386241a40f79,八代市,太田郷小学校,開設,true,---,,八代市日置町445,検索,,,,,https://portal.bousai.pref.kumamoto.jp/sp.html?p=evacuation%2Fshelter&l=15-0&ll=32.63819999999999%2C130.77610000000004&z=9&municipalityCd=430005,9e957d6effe78470404b4aa10e340478c6b8f0781ef624ec4d16deedfc025daf,"{""ルート検索"": ""検索"", ""住所"": ""八代市日置町445"", ""市町村"": ""八代市"", ""混雑状況"": ""---"", ""避難所名"": ""太田郷小学校"", ""開設状況"": ""開設""}",unmatched,no_candidate,,0,,,,,,,,,,,[],,[],[],reference/43000_1.csv,dd6686fa000c3e720180ba96d02aacff987aec1bba3c9bc69a5867fc0089d10d
2026-07-30,2026-07-30T00:13:27+09:00,26/07/30 00:13時点の避難所状況の一覧です。,2026-07-30T00:13+09:00,web:710404e2616b9e6490cb,710404e2616b9e6490cb,八代市,宮地コミュニティセンター,開設,true,平常,,八代市宮地町383,検索,,,,,https://portal.bousai.pref.kumamoto.jp/sp.html?p=evacuation%2Fshelter&l=15-0&ll=32.63819999999999%2C130.77610000000004&z=9&municipalityCd=430005,ef88bc29893bb5d74b53142fab01eb39d03f8a8f46e1df1e611737a47cafdadf,"{""ルート検索"": ""検索"", ""住所"": ""八代市宮地町383"", ""市町村"": ""八代市"", ""混雑状況"": ""平常"", ""避難所名"": ""宮地コミュニティセンター"", ""開設状況"": ""開設""}",unmatched,fuzzy_below_threshold,0.793,0,,,,,,,,,,,[],,[],"[{""NO"": ""1237"", ""その他市町村長が必要と認める事項"": """", ""住所"": ""熊本県八代市泉町栗木5866"", ""備考"": """", ""共通ID"": ""E4320200081111"", ""受入対象者"": """", ""指定緊急避難場所との住所同一"": ""1"", ""施設・場所名"": ""泉コミュニティセンター"", ""経度"": ""130.808105877186"", ""緯度"": ""32.5457986916214""}, {""NO"": ""1223"", ""その他市町村長が必要と認める事項"": """", ""住所"": ""熊本県八代市昭和明徴町730-1"", ""備考"": """", ""共通ID"": ""E4320200054111"", ""受入対象者"": """", ""指定緊急避難場所との住所同一"": ""1"", ""施設・場所名"": ""昭和コミュニティセンター"", ""経度"": ""130.6036164"", ""緯度"": ""32.55967579""}, {""NO"": ""1257"", ""その他市町村長が必要と認める事項"": """", ""住所"": ""熊本県八代市本野町505"", ""備考"": """", ""共通ID"": ""E4320200118111"", ""受入対象者"": """", ""指定緊急避難場所との住所同一"": ""1"", ""施設・場所名"": ""高田コミュニティセンター"", ""経度"": ""130.6167216"", ""緯度"": ""32.48708486""}]",reference/43000_1.csv,dd6686fa000c3e720180ba96d02aacff987aec1bba3c9bc69a5867fc0089d10d
2026-07-30,2026-07-30T00:13:27+09:00,26/07/30 00:13時点の避難所状況の一覧です。,2026-07-30T00:13+09:00,web:b7c4caf9ce445c310122,b7c4caf9ce445c310122,八代市,宮地小学校,開設,true,---,,八代市宮地町1826,検索,,,,,https://portal.bousai.pref.kumamoto.jp/sp.html?p=evacuation%2Fshelter&l=15-0&ll=32.63819999999999%2C130.77610000000004&z=9&municipalityCd=430005,c3c2840376603b00be937ccfd6c5346518871e8ad6a921fb1163900bff04f5d6,"{""ルート検索"": ""検索"", ""住所"": ""八代市宮地町1826"", ""市町村"": ""八代市"", ""混雑状況"": ""---"", ""避難所名"": ""宮地小学校"", ""開設状況"": ""開設""}",unmatched,no_candidate,,0,,,,,,,,,,,[],,[],[],reference/43000_1.csv,dd6686fa000c3e720180ba96d02aacff987aec1bba3c9bc69a5867fc0089d10d
2026-07-30,2026-07-30T00:13:27+09:00,26/07/30 00:13時点の避難所状況の一覧です。,2026-07-30T00:13+09:00,web:8513d22811c260b7b14f,8513d22811c260b7b14f,八代市,宮地東コミュニティセンター,開設,true,---,,熊本県八代市東町5497-1,検索,,,,,https://portal.bousai.pref.kumamoto.jp/sp.html?p=evacuation%2Fshelter&l=15-0&ll=32.63819999999999%2C130.77610000000004&z=9&municipalityCd=430005,5ce98afc6dc8cda68285e9e7ca855573044473f253985f6106d5941544c2ea12,"{""ルート検索"": ""検索"", ""住所"": ""熊本県八代市東町5497-1"", ""市町村"": ""八代市"", ""混雑状況"": ""---"", ""避難所名"": ""宮地東コミュニティセンター"", ""開設状況"": ""開設""}",unmatched,fuzzy_below_threshold,0.753,0,,,,,,,,,,,[],,[],"[{""NO"": ""1237"", ""その他市町村長が必要と認める事項"": """", ""住所"": ""熊本県八代市泉町栗木5866"", ""備考"": """", ""共通ID"": ""E4320200081111"", ""受入対象者"": """", ""指定緊急避難場所との住所同一"": ""1"", ""施設・場所名"": ""泉コミュニティセンター"", ""経度"": ""130.808105877186"", ""緯度"": ""32.5457986916214""}]",reference/43000_1.csv,dd6686fa000c3e720180ba96d02aacff987aec1bba3c9bc69a5867fc0089d10d
2026-07-30,2026-07-30T00:13:27+09:00,26/07/30 00:13時点の避難所状況の一覧です。,2026-07-30T00:13+09:00,web:70c7f0af3456f15ac74d,70c7f0af3456f15ac74d,八代市,川岳保育園,---,false,---,,八代市坂本町川獄2354,検索,,,,,https://portal.bousai.pref.kumamoto.jp/sp.html?p=evacuation%2Fshelter&l=15-0&ll=32.63819999999999%2C130.77610000000004&z=9&municipalityCd=430005,6164ffa8e5db42a93f99e25612f27a7186121f27b869c1e1b8d84e8207e5f931,"{""ルート検索"": ""検索"", ""住所"": ""八代市坂本町川獄2354"", ""市町村"": ""八代市"", ""混雑状況"": ""---"", ""避難所名"": ""川岳保育園"", ""開設状況"": ""---""}",unmatched,no_candidate,,0,,,,,,,,,,,[],,[],[],reference/43000_1.csv,dd6686fa000c3e720180ba96d02aacff987aec1bba3c9bc69a5867fc0089d10d
2026-07-30,2026-07-30T00:13:27+09:00,26/07/30 00:13時点の避難所状況の一覧です。,2026-07-30T00:13+09:00,web:0a7a647e8d1504c7d247,0a7a647e8d1504c7d247,八代市,市民球場,---,false,---,,八代市古閑中町1495,検索,,,,,https://portal.bousai.pref.kumamoto.jp/sp.html?p=evacuation%2Fshelter&l=15-0&ll=32.63819999999999%2C130.77610000000004&z=9&municipalityCd=430005,570aa8d1595e40a2b9ba52dedaa99d149389cdb7e84ce6a5cb4e39446ae3db0a,"{""ルート検索"": ""検索"", ""住所"": ""八代市古閑中町1495"", ""市町村"": ""八代市"", ""混雑状況"": ""---"", ""避難所名"": ""市民球場"", ""開設状況"": ""---""}",unmatched,no_candidate,,0,,,,,,,,,,,[],,[],[],reference/43000_1.csv,dd6686fa000c3e720180ba96d02aacff987aec1bba3c9bc69a5867fc0089d10d
2026-07-30,2026-07-30T00:13:27+09:00,26/07/30 00:13時点の避難所状況の一覧です。,2026-07-30T00:13+09:00,web:a0080c6f1fba23229f56,a0080c6f1fba23229f56,八代市,希望の里たいよう,---,false,---,,八代市高下西町1704,検索,,,,,https://portal.bousai.pref.kumamoto.jp/sp.html?p=evacuation%2Fshelter&l=15-0&ll=32.63819999999999%2C130.77610000000004&z=9&municipalityCd=430005,75f305cbc01d747114087b25a16d933d9a7bb825a0543a5463c6cb0cadc959c2,"{""ルート検索"": ""検索"", ""住所"": ""八代市高下西町1704"", ""市町村"": ""八代市"", ""混雑状況"": ""---"", ""避難所名"": ""希望の里たいよう"", ""開設状況"": ""---""}",unmatched,no_candidate,,0,,,,,,,,,,,[],,[],[],reference/43000_1.csv,dd6686fa000c3e720180ba96d02aacff987aec1bba3c9bc69a5867fc0089d10d
2026-07-30,2026-07-30T00:13:27+09:00,26/07/30 00:13時点の避難所状況の一覧です。,2026-07-30T00:13+09:00,web:1c592a4f687406be253d,1c592a4f687406be253d,八代市,広域交流センター坂本館,---,false,---,,八代市坂本町荒瀬1239-1,検索,,,,,https://portal.bousai.pref.kumamoto.jp/sp.html?p=evacuation%2Fshelter&l=15-0&ll=32.63819999999999%2C130.77610000000004&z=9&municipalityCd=430005,423119afa07731d879bed9a98e120eb28503ddaac6163024661baabe472accf5,"{""ルート検索"": ""検索"", ""住所"": ""八代市坂本町荒瀬1239-1"", ""市町村"": ""八代市"", ""混雑状況"": ""---"", ""避難所名"": ""広域交流センター坂本館"", ""開設状況"": ""---""}",unmatched,no_candidate,,0,,,,,,,,,,,[],,[],[],reference/43000_1.csv,dd6686fa000c3e720180ba96d02aacff987aec1bba3c9bc69a5867fc0089d10d
2026-07-30,2026-07-30T00:13:27+09:00,26/07/30 00:13時点の避難所状況の一覧です。,2026-07-30T00:13+09:00,web:4575005230b2c09ac404,4575005230b2c09ac404,八代市,文政小学校,開設,true,---,,八代市鏡町両出1371-1,検索,,,,,https://portal.bousai.pref.kumamoto.jp/sp.html?p=evacuation%2Fshelter&l=15-0&ll=32.63819999999999%2C130.77610000000004&z=9&municipalityCd=430005,c38a57f13c95a3a55d829eea93396c1e04088dcfb94909ed0b8cb40ebc99faf6,"{""ルート検索"": ""検索"", ""住所"": ""八代市鏡町両出1371-1"", ""市町村"": ""八代市"", ""混雑状況"": ""---"", ""避難所名"": ""文政小学校"", ""開設状況"": ""開設""}",unmatched,no_candidate,,0,,,,,,,,,,,[],,[],[],reference/43000_1.csv,dd6686fa000c3e720180ba96d02aacff987aec1bba3c9bc69a5867fc0089d10d
2026-07-30,2026-07-30T00:13:27+09:00,26/07/30 00:13時点の避難所状況の一覧です。,2026-07-30T00:13+09:00,web:19f893c64c1707820f6d,19f893c64c1707820f6d,八代市,新開新浜町公民館,---,false,---,,八代市新開町3-36,検索,,,,,https://portal.bousai.pref.kumamoto.jp/sp.html?p=evacuation%2Fshelter&l=15-0&ll=32.63819999999999%2C130.77610000000004&z=9&municipalityCd=430005,3f60d512be01e38f074bf508df4e7b596a23ea99cfe94b7a68c825b25aa62eb3,"{""ルート検索"": ""検索"", ""住所"": ""八代市新開町3-36"", ""市町村"": ""八代市"", ""混雑状況"": ""---"", ""避難所名"": ""新開新浜町公民館"", ""開設状況"": ""---""}",unmatched,no_candidate,,0,,,,,,,,,,,[],,[],[],reference/43000_1.csv,dd6686fa000c3e720180ba96d02aacff987aec1bba3c9bc69a5867fc0089d10d
2026-07-30,2026-07-30T00:13:27+09:00,26/07/30 00:13時点の避難所状況の一覧です。,2026-07-30T00:13+09:00,web:45013d3c698255c52cc1,45013d3c698255c52cc1,八代市,日奈久中学校,開設,true,---,,八代市日奈久竹之内町4332-1,検索,,,,,https://portal.bousai.pref.kumamoto.jp/sp.html?p=evacuation%2Fshelter&l=15-0&ll=32.63819999999999%2C130.77610000000004&z=9&municipalityCd=430005,740cc50f528dfa0de87c7e5b08b672ac4f5eaa38bfc59cab1ef5d7e710e1f1d1,"{""ルート検索"": ""検索"", ""住所"": ""八代市日奈久竹之内町4332-1"", ""市町村"": ""八代市"", ""混雑状況"": ""---"", ""避難所名"": ""日奈久中学校"", ""開設状況"": ""開設""}",unmatched,no_candidate,,0,,,,,,,,,,,[],,[],[],reference/43000_1.csv,dd6686fa000c3e720180ba96d02aacff987aec1bba3c9bc69a5867fc0089d10d
2026-07-30,2026-07-30T00:13:27+09:00,26/07/30 00:13時点の避難所状況の一覧です。,2026-07-30T00:13+09:00,web:815d88420b847e32a5a4,815d88420b847e32a5a4,八代市,日奈久小学校,開設,true,---,,八代市日奈久竹之内町4277-1,検索,,,,,https://portal.bousai.pref.kumamoto.jp/sp.html?p=evacuation%2Fshelter&l=15-0&ll=32.63819999999999%2C130.77610000000004&z=9&municipalityCd=430005,910e6d98868b95413228015bb9b658a2ae7372f5869e42139758e7455fae2a97,"{""ルート検索"": ""検索"", ""住所"": ""八代市日奈久竹之内町4277-1"", ""市町村"": ""八代市"", ""混雑状況"": ""---"", ""避難所名"": ""日奈久小学校"", ""開設状況"": ""開設""}",unmatched,no_candidate,,0,,,,,,,,,,,[],,[],[],reference/43000_1.csv,dd6686fa000c3e720180ba96d02aacff987aec1bba3c9bc69a5867fc0089d10d
2026-07-30,2026-07-30T00:13:27+09:00,26/07/30 00:13時点の避難所状況の一覧です。,2026-07-30T00:13+09:00,web:60026f1efcb4e407beb9,60026f1efcb4e407beb9,八代市,日奈久温泉センター,---,false,---,,八代市日奈久中町316,検索,,,,,https://portal.bousai.pref.kumamoto.jp/sp.html?p=evacuation%2Fshelter&l=15-0&ll=32.63819999999999%2C130.77610000000004&z=9&municipalityCd=430005,7cece31fdf889c82ed9d75b2552ed4ebe7a582b699bbf4686d2fa2dae106cf58,"{""ルート検索"": ""検索"", ""住所"": ""八代市日奈久中町316"", ""市町村"": ""八代市"", ""混雑状況"": ""---"", ""避難所名"": ""日奈久温泉センター"", ""開設状況"": ""---""}",unmatched,no_candidate,,0,,,,,,,,,,,[],,[],[],reference/43000_1.csv,dd6686fa000c3e720180ba96d02aacff987aec1bba3c9bc69a5867fc0089d10d
2026-07-30,2026-07-30T00:13:27+09:00,26/07/30 00:13時点の避難所状況の一覧です。,2026-07-30T00:13+09:00,web:6be2dad6818d45e75652,6be2dad6818d45e75652,八代市,旧宮地東小学校,---,false,---,,八代市東町5468-1,検索,,,,,https://portal.bousai.pref.kumamoto.jp/sp.html?p=evacuation%2Fshelter&l=15-0&ll=32.63819999999999%2C130.77610000000004&z=9&municipalityCd=430005,13ec9d36790bbb51402da1a6923e27f43e32a8e0d6ed8126f1e417dae4207f7b,"{""ルート検索"": ""検索"", ""住所"": ""八代市東町5468-1"", ""市町村"": ""八代市"", ""混雑状況"": ""---"", ""避難所名"": ""旧宮地東小学校"", ""開設状況"": ""---""}",unmatched,no_candidate,,0,,,,,,,,,,,[],,[],[],reference/43000_1.csv,dd6686fa000c3e720180ba96d02aacff987aec1bba3c9bc69a5867fc0089d10d
2026-07-30,2026-07-30T00:13:27+09:00,26/07/30 00:13時点の避難所状況の一覧です。,2026-07-30T00:13+09:00,web:0b596c5ac1632d4083a0,0b596c5ac1632d4083a0,八代市,旧河俣小学校,---,false,---,,八代市東陽町河俣8071,検索,,,,,https://portal.bousai.pref.kumamoto.jp/sp.html?p=evacuation%2Fshelter&l=15-0&ll=32.63819999999999%2C130.77610000000004&z=9&municipalityCd=430005,10b749062ed4b2f8f6342b1aa863f813816ce2881cb361272df80db63f4bf8ac,"{""ルート検索"": ""検索"", ""住所"": ""八代市東陽町河俣8071"", ""市町村"": ""八代市"", ""混雑状況"": ""---"", ""避難所名"": ""旧河俣小学校"", ""開設状況"": ""---""}",unmatched,no_candidate,,0,,,,,,,,,,,[],,[],[],reference/43000_1.csv,dd6686fa000c3e720180ba96d02aacff987aec1bba3c9bc69a5867fc0089d10d
2026-07-30,2026-07-30T00:13:27+09:00,26/07/30 00:13時点の避難所状況の一覧です。,2026-07-30T00:13+09:00,web:67fe04dd73a0111b2220,67fe04dd73a0111b2220,八代市,旧泉第一小学校,開設,true,---,,八代市泉町1960,検索,,,,,https://portal.bousai.pref.kumamoto.jp/sp.html?p=evacuation%2Fshelter&l=15-0&ll=32.63819999999999%2C130.77610000000004&z=9&municipalityCd=430005,88d4309e591a429568b94bffb616d683052ac5844d31a8169f8c45012ecd57d2,"{""ルート検索"": ""検索"", ""住所"": ""八代市泉町1960"", ""市町村"": ""八代市"", ""混雑状況"": ""---"", ""避難所名"": ""旧泉第一小学校"", ""開設状況"": ""開設""}",unmatched,no_candidate,,0,,,,,,,,,,,[],,[],[],reference/43000_1.csv,dd6686fa000c3e720180ba96d02aacff987aec1bba3c9bc69a5867fc0089d10d
2026-07-30,2026-07-30T00:13:27+09:00,26/07/30 00:13時点の避難所状況の一覧です。,2026-07-30T00:13+09:00,web:73509186972ba62f3f09,73509186972ba62f3f09,八代市,昭和小学校,開設,true,---,,八代市昭和明徴町731-2,検索,,,,,https://portal.bousai.pref.kumamoto.jp/sp.html?p=evacuation%2Fshelter&l=15-0&ll=32.63819999999999%2C130.77610000000004&z=9&municipalityCd=430005,5e7b2a6992253a352377c32e6759d63fa174e88a8366d7580020fc67a2cd15dc,"{""ルート検索"": ""検索"", ""住所"": ""八代市昭和明徴町731-2"", ""市町村"": ""八代市"", ""混雑状況"": ""---"", ""避難所名"": ""昭和小学校"", ""開設状況"": ""開設""}",unmatched,no_candidate,,0,,,,,,,,,,,[],,[],[],reference/43000_1.csv,dd6686fa000c3e720180ba96d02aacff987aec1bba3c9bc69a5867fc0089d10d
2026-07-30,2026-07-30T00:13:27+09:00,26/07/30 00:13時点の避難所状況の一覧です。,2026-07-30T00:13+09:00,web:08270fcb0947b18bb99d,08270fcb0947b18bb99d,八代市,有佐小学校,開設,true,平常,,八代市鏡町中島1360-1,検索,,,,,https://portal.bousai.pref.kumamoto.jp/sp.html?p=evacuation%2Fshelter&l=15-0&ll=32.63819999999999%2C130.77610000000004&z=9&municipalityCd=430005,5f22a36b4eb6b2e775e8ae72ae6e66d93ecbe762103cbb3e44e43bef96be5aff,"{""ルート検索"": ""検索"", ""住所"": ""八代市鏡町中島1360-1"", ""市町村"": ""八代市"", ""混雑状況"": ""平常"", ""避難所名"": ""有佐小学校"", ""開設状況"": ""開設""}",unmatched,no_candidate,,0,,,,,,,,,,,[],,[],[],reference/43000_1.csv,dd6686fa000c3e720180ba96d02aacff987aec1bba3c9bc69a5867fc0089d10d
2026-07-30,2026-07-30T00:13:27+09:00,26/07/30 00:13時点の避難所状況の一覧です。,2026-07-30T00:13+09:00,web:8f312d2e0ae8d3e06c7a,8f312d2e0ae8d3e06c7a,八代市,東陽中学校,---,false,---,,八代市東陽町南1869,検索,,,,,https://portal.bousai.pref.kumamoto.jp/sp.html?p=evacuation%2Fshelter&l=15-0&ll=32.63819999999999%2C130.77610000000004&z=9&municipalityCd=430005,6b25b1b1a99380efc3e62e3cbf44a3cce2ba54e3f3970747a625a10261457df8,"{""ルート検索"": ""検索"", ""住所"": ""八代市東陽町南1869"", ""市町村"": ""八代市"", ""混雑状況"": ""---"", ""避難所名"": ""東陽中学校"", ""開設状況"": ""---""}",unmatched,no_candidate,,0,,,,,,,,,,,[],,[],[],reference/43000_1.csv,dd6686fa000c3e720180ba96d02aacff987aec1bba3c9bc69a5867fc0089d10d
2026-07-30,2026-07-30T00:13:27+09:00,26/07/30 00:13時点の避難所状況の一覧です。,2026-07-30T00:13+09:00,web:074eee4f4d3818b44449,074eee4f4d3818b44449,八代市,東陽地域福祉保健センター,---,false,---,,八代市東陽町南1075,検索,,,,,https://portal.bousai.pref.kumamoto.jp/sp.html?p=evacuation%2Fshelter&l=15-0&ll=32.63819999999999%2C130.77610000000004&z=9&municipalityCd=430005,8ed81f073e677156d871fd705974991b4535307e94f44aa61352fd133d124987,"{""ルート検索"": ""検索"", ""住所"": ""八代市東陽町南1075"", ""市町村"": ""八代市"", ""混雑状況"": ""---"", ""避難所名"": ""東陽地域福祉保健センター"", ""開設状況"": ""---""}",unmatched,no_candidate,,0,,,,,,,,,,,[],,[],[],reference/43000_1.csv,dd6686fa000c3e720180ba96d02aacff987aec1bba3c9bc69a5867fc0089d10d
2026-07-30,2026-07-30T00:13:27+09:00,26/07/30 00:13時点の避難所状況の一覧です。,2026-07-30T00:13+09:00,web:0e609694e7399d858e53,0e609694e7399d858e53,八代市,東陽小学校,---,false,---,,八代市東陽町南3405-2,検索,,,,,https://portal.bousai.pref.kumamoto.jp/sp.html?p=evacuation%2Fshelter&l=15-0&ll=32.63819999999999%2C130.77610000000004&z=9&municipalityCd=430005,67993ea94a8696ff434c8e0d91224569756d406f9fa9b8dda91cda11c698fb23,"{""ルート検索"": ""検索"", ""住所"": ""八代市東陽町南3405-2"", ""市町村"": ""八代市"", ""混雑状況"": ""---"", ""避難所名"": ""東陽小学校"", ""開設状況"": ""---""}",unmatched,no_candidate,,0,,,,,,,,,,,[],,[],[],reference/43000_1.csv,dd6686fa000c3e720180ba96d02aacff987aec1bba3c9bc69a5867fc0089d10d
2026-07-30,2026-07-30T00:13:27+09:00,26/07/30 00:13時点の避難所状況の一覧です。,2026-07-30T00:13+09:00,web:b28d0f26d71392cf515e,b28d0f26d71392cf515e,八代市,東陽支所,---,false,---,,八代市東陽町南1105−1,検索,,,,,https://portal.bousai.pref.kumamoto.jp/sp.html?p=evacuation%2Fshelter&l=15-0&ll=32.63819999999999%2C130.77610000000004&z=9&municipalityCd=430005,489105c061a32bb8398e92a143a3924e9dd4532fd61722394a6bcaa001b072a6,"{""ルート検索"": ""検索"", ""住所"": ""八代市東陽町南1105−1"", ""市町村"": ""八代市"", ""混雑状況"": ""---"", ""避難所名"": ""東陽支所"", ""開設状況"": ""---""}",unmatched,no_candidate,,0,,,,,,,,,,,[],,[],[],reference/43000_1.csv,dd6686fa000c3e720180ba96d02aacff987aec1bba3c9bc69a5867fc0089d10d
2026-07-30,2026-07-30T00:13:27+09:00,26/07/30 00:13時点の避難所状況の一覧です。,2026-07-30T00:13+09:00,web:6cc18ab45ac920b097a5,6cc18ab45ac920b097a5,八代市,松橋支援学校氷川分教室,開設,true,---,,八代市鏡町鏡村937,検索,,,,,https://portal.bousai.pref.kumamoto.jp/sp.html?p=evacuation%2Fshelter&l=15-0&ll=32.63819999999999%2C130.77610000000004&z=9&municipalityCd=430005,dd2f90b30b0ffbf9eddb557edfaa334d8463bb83f9115bb41bac7ab5526d970a,"{""ルート検索"": ""検索"", ""住所"": ""八代市鏡町鏡村937"", ""市町村"": ""八代市"", ""混雑状況"": ""---"", ""避難所名"": ""松橋支援学校氷川分教室"", ""開設状況"": ""開設""}",unmatched,no_candidate,,0,,,,,,,,,,,[],,[],[],reference/43000_1.csv,dd6686fa000c3e720180ba96d02aacff987aec1bba3c9bc69a5867fc0089d10d
2026-07-30,2026-07-30T00:13:27+09:00,26/07/30 00:13時点の避難所状況の一覧です。,2026-07-30T00:13+09:00,web:b84833b5c2083bfd9c43,b84833b5c2083bfd9c43,八代市,松高コミュニティセンター,開設,true,平常,,八代市永碇町754-2,検索,,,,,https://portal.bousai.pref.kumamoto.jp/sp.html?p=evacuation%2Fshelter&l=15-0&ll=32.63819999999999%2C130.77610000000004&z=9&municipalityCd=430005,2f5dfb54a4b98ce34c47c1687a1f3e8a1f9d145e1c38bf2c5f4529568e560bc2,"{""ルート検索"": ""検索"", ""住所"": ""八代市永碇町754-2"", ""市町村"": ""八代市"", ""混雑状況"": ""平常"", ""避難所名"": ""松高コミュニティセンター"", ""開設状況"": ""開設""}",unmatched,fuzzy_below_threshold,0.835,0,,,,,,,,,,,[],,[],"[{""NO"": ""1257"", ""その他市町村長が必要と認める事項"": """", ""住所"": ""熊本県八代市本野町505"", ""備考"": """", ""共通ID"": ""E4320200118111"", ""受入対象者"": """", ""指定緊急避難場所との住所同一"": ""1"", ""施設・場所名"": ""高田コミュニティセンター"", ""経度"": ""130.6167216"", ""緯度"": ""32.48708486""}, {""NO"": ""1237"", ""その他市町村長が必要と認める事項"": """", ""住所"": ""熊本県八代市泉町栗木5866"", ""備考"": """", ""共通ID"": ""E4320200081111"", ""受入対象者"": """", ""指定緊急避難場所との住所同一"": ""1"", ""施設・場所名"": ""泉コミュニティセンター"", ""経度"": ""130.808105877186"", ""緯度"": ""32.5457986916214""}, {""NO"": ""1223"", ""その他市町村長が必要と認める事項"": """", ""住所"": ""熊本県八代市昭和明徴町730-1"", ""備考"": """", ""共通ID"": ""E4320200054111"", ""受入対象者"": """", ""指定緊急避難場所との住所同一"": ""1"", ""施設・場所名"": ""昭和コミュニティセンター"", ""経度"": ""130.6036164"", ""緯度"": ""32.55967579""}]",reference/43000_1.csv,dd6686fa000c3e720180ba96d02aacff987aec1bba3c9bc69a5867fc0089d10d
2026-07-30,2026-07-30T00:13:27+09:00,26/07/30 00:13時点の避難所状況の一覧です。,2026-07-30T00:13+09:00,web:b0bf2502c50ff9181c58,b0bf2502c50ff9181c58,八代市,松高小学校,開設,true,---,,八代市永碇町828-1,検索,,,,,https://portal.bousai.pref.kumamoto.jp/sp.html?p=evacuation%2Fshelter&l=15-0&ll=32.63819999999999%2C130.77610000000004&z=9&municipalityCd=430005,8624d6f89757fa7b9cf55cd55ec5842abf13c5515dcbad1e4b0455af258e91bc,"{""ルート検索"": ""検索"", ""住所"": ""八代市永碇町828-1"", ""市町村"": ""八代市"", ""混雑状況"": ""---"", ""避難所名"": ""松高小学校"", ""開設状況"": ""開設""}",unmatched,no_candidate,,0,,,,,,,,,,,[],,[],[],reference/43000_1.csv,dd6686fa000c3e720180ba96d02aacff987aec1bba3c9bc69a5867fc0089d10d
2026-07-30,2026-07-30T00:13:27+09:00,26/07/30 00:13時点の避難所状況の一覧です。,2026-07-30T00:13+09:00,web:0676faa1e5af3ec3f622,0676faa1e5af3ec3f622,八代市,桜十字ホールやつしろ(ハーモニーホール),---,false,---,,八代市新町5−20,検索,,,,,https://portal.bousai.pref.kumamoto.jp/sp.html?p=evacuation%2Fshelter&l=15-0&ll=32.63819999999999%2C130.77610000000004&z=9&municipalityCd=430005,6422ec3b73756ce4469c98963479bb3fac0a2685f06e833e87dedd87edc5e362,"{""ルート検索"": ""検索"", ""住所"": ""八代市新町5−20"", ""市町村"": ""八代市"", ""混雑状況"": ""---"", ""避難所名"": ""桜十字ホールやつしろ(ハーモニーホール)"", ""開設状況"": ""---""}",unmatched,no_candidate,,0,,,,,,,,,,,[],,[],[],reference/43000_1.csv,dd6686fa000c3e720180ba96d02aacff987aec1bba3c9bc69a5867fc0089d10d
2026-07-30,2026-07-30T00:13:27+09:00,26/07/30 00:13時点の避難所状況の一覧です。,2026-07-30T00:13+09:00,web:0c70f9a6030e3856cae7,0c70f9a6030e3856cae7,八代市,植柳コミュニティセンター,開設,true,---,,八代市植柳下町4251-2,検索,,,,,https://portal.bousai.pref.kumamoto.jp/sp.html?p=evacuation%2Fshelter&l=15-0&ll=32.63819999999999%2C130.77610000000004&z=9&municipalityCd=430005,951e8d4aef0308239f39f1bac200f5813b136c6c98d2ca106996d6cbc18ec814,"{""ルート検索"": ""検索"", ""住所"": ""八代市植柳下町4251-2"", ""市町村"": ""八代市"", ""混雑状況"": ""---"", ""避難所名"": ""植柳コミュニティセンター"", ""開設状況"": ""開設""}",unmatched,fuzzy_below_threshold,0.778,0,,,,,,,,,,,[],,[],"[{""NO"": ""1237"", ""その他市町村長が必要と認める事項"": """", ""住所"": ""熊本県八代市泉町栗木5866"", ""備考"": """", ""共通ID"": ""E4320200081111"", ""受入対象者"": """", ""指定緊急避難場所との住所同一"": ""1"", ""施設・場所名"": ""泉コミュニティセンター"", ""経度"": ""130.808105877186"", ""緯度"": ""32.5457986916214""}, {""NO"": ""1216"", ""その他市町村長が必要と認める事項"": """", ""住所"": ""熊本県八代市古城町2259"", ""備考"": """", ""共通ID"": ""E4320200033111"", ""受入対象者"": """", ""指定緊急避難場所との住所同一"": ""1"", ""施設・場所名"": ""麦島コミュニティセンター"", ""経度"": ""130.5926186"", ""緯度"": ""32.49742503""}, {""NO"": ""1257"", ""その他市町村長が必要と認める事項"": """", ""住所"": ""熊本県八代市本野町505"", ""備考"": """", ""共通ID"": ""E4320200118111"", ""受入対象者"": """", ""指定緊急避難場所との住所同一"": ""1"", ""施設・場所名"": ""高田コミュニティセンター"", ""経度"": ""130.6167216"", ""緯度"": ""32.48708486""}]",reference/43000_1.csv,dd6686fa000c3e720180ba96d02aacff987aec1bba3c9bc69a5867fc0089d10d
2026-07-30,2026-07-30T00:13:27+09:00,26/07/30 00:13時点の避難所状況の一覧です。,2026-07-30T00:13+09:00,web:8798ad523c24fcd66dc7,8798ad523c24fcd66dc7,八代市,植柳小学校,開設,true,平常,,八代市植柳上町449,検索,,,,,https://portal.bousai.pref.kumamoto.jp/sp.html?p=evacuation%2Fshelter&l=15-0&ll=32.63819999999999%2C130.77610000000004&z=9&municipalityCd=430005,4d451ace8a123f2ac371d2d2c48503aab8fc337da4c958b97925cdfb7875fa3f,"{""ルート検索"": ""検索"", ""住所"": ""八代市植柳上町449"", ""市町村"": ""八代市"", ""混雑状況"": ""平常"", ""避難所名"": ""植柳小学校"", ""開設状況"": ""開設""}",unmatched,no_candidate,,0,,,,,,,,,,,[],,[],[],reference/43000_1.csv,dd6686fa000c3e720180ba96d02aacff987aec1bba3c9bc69a5867fc0089d10d
2026-07-30,2026-07-30T00:13:27+09:00,26/07/30 00:13時点の避難所状況の一覧です。,2026-07-30T00:13+09:00,web:3015743ecb811ae2b1c1,3015743ecb811ae2b1c1,八代市,泉憩いの家,---,false,---,,八代市泉町椎原1-1,検索,,,,,https://portal.bousai.pref.kumamoto.jp/sp.html?p=evacuation%2Fshelter&l=15-0&ll=32.63819999999999%2C130.77610000000004&z=9&municipalityCd=430005,93c013b05c25e13e2b1546f1c0737b1622368060eabde03be2232252cb167154,"{""ルート検索"": ""検索"", ""住所"": ""八代市泉町椎原1-1"", ""市町村"": ""八代市"", ""混雑状況"": ""---"", ""避難所名"": ""泉憩いの家"", ""開設状況"": ""---""}",unmatched,no_candidate,,0,,,,,,,,,,,[],,[],[],reference/43000_1.csv,dd6686fa000c3e720180ba96d02aacff987aec1bba3c9bc69a5867fc0089d10d
2026-07-30,2026-07-30T00:13:27+09:00,26/07/30 00:13時点の避難所状況の一覧です。,2026-07-30T00:13+09:00,web:6bd12ccc3559d81dad0d,6bd12ccc3559d81dad0d,八代市,泉第八小学校,開設,true,平常,,八代市泉町樅木137-4,検索,,,,,https://portal.bousai.pref.kumamoto.jp/sp.html?p=evacuation%2Fshelter&l=15-0&ll=32.63819999999999%2C130.77610000000004&z=9&municipalityCd=430005,f9a0405d3bce8458c97babe09565dc0bf2c8e602235064e5895602d59fcc2dfa,"{""ルート検索"": ""検索"", ""住所"": ""八代市泉町樅木137-4"", ""市町村"": ""八代市"", ""混雑状況"": ""平常"", ""避難所名"": ""泉第八小学校"", ""開設状況"": ""開設""}",unmatched,no_candidate,,0,,,,,,,,,,,[],,[],[],reference/43000_1.csv,dd6686fa000c3e720180ba96d02aacff987aec1bba3c9bc69a5867fc0089d10d
2026-07-30,2026-07-30T00:13:27+09:00,26/07/30 00:13時点の避難所状況の一覧です。,2026-07-30T00:13+09:00,web:3f81517dc28b19758f5c,3f81517dc28b19758f5c,八代市,深水生活改善センター,開設,true,平常,,八代市坂本町深水い1542-2,検索,,,,,https://portal.bousai.pref.kumamoto.jp/sp.html?p=evacuation%2Fshelter&l=15-0&ll=32.63819999999999%2C130.77610000000004&z=9&municipalityCd=430005,58ed6847bedc05b98a61272975c21d4b1210c1f64fe373537f4031e3fd88f605,"{""ルート検索"": ""検索"", ""住所"": ""八代市坂本町深水い1542-2"", ""市町村"": ""八代市"", ""混雑状況"": ""平常"", ""避難所名"": ""深水生活改善センター"", ""開設状況"": ""開設""}",unmatched,no_candidate,,0,,,,,,,,,,,[],,[],[],reference/43000_1.csv,dd6686fa000c3e720180ba96d02aacff987aec1bba3c9bc69a5867fc0089d10d
2026-07-30,2026-07-30T00:13:27+09:00,26/07/30 00:13時点の避難所状況の一覧です。,2026-07-30T00:13+09:00,web:a57eb1dee7aca39b0ed7,a57eb1dee7aca39b0ed7,八代市,深水社会教育センター,---,false,---,,八代市坂本町坂本い1471,検索,,,,,https://portal.bousai.pref.kumamoto.jp/sp.html?p=evacuation%2Fshelter&l=15-0&ll=32.63819999999999%2C130.77610000000004&z=9&municipalityCd=430005,5cbb180f23f0ef3a5f87ab46905922ea6e72a1343290fa85aaec0ac3350ef135,"{""ルート検索"": ""検索"", ""住所"": ""八代市坂本町坂本い1471"", ""市町村"": ""八代市"", ""混雑状況"": ""---"", ""避難所名"": ""深水社会教育センター"", ""開設状況"": ""---""}",unmatched,no_candidate,,0,,,,,,,,,,,[],,[],[],reference/43000_1.csv,dd6686fa000c3e720180ba96d02aacff987aec1bba3c9bc69a5867fc0089d10d
2026-07-30,2026-07-30T00:13:27+09:00,26/07/30 00:13時点の避難所状況の一覧です。,2026-07-30T00:13+09:00,web:793a5a60deef7966638d,793a5a60deef7966638d,八代市,田上社会教育センター,開設,true,平常,,八代市坂本町田上2006,検索,,,,,https://portal.bousai.pref.kumamoto.jp/sp.html?p=evacuation%2Fshelter&l=15-0&ll=32.63819999999999%2C130.77610000000004&z=9&municipalityCd=430005,a491e489c0b370da48852af8e10d32fe586f27b44fcb58ac2298913b5e23101f,"{""ルート検索"": ""検索"", ""住所"": ""八代市坂本町田上2006"", ""市町村"": ""八代市"", ""混雑状況"": ""平常"", ""避難所名"": ""田上社会教育センター"", ""開設状況"": ""開設""}",unmatched,no_candidate,,0,,,,,,,,,,,[],,[],[],reference/43000_1.csv,dd6686fa000c3e720180ba96d02aacff987aec1bba3c9bc69a5867fc0089d10d
2026-07-30,2026-07-30T00:13:27+09:00,26/07/30 00:13時点の避難所状況の一覧です。,2026-07-30T00:13+09:00,web:1936f767a80ccbc13de8,1936f767a80ccbc13de8,八代市,百済来スポーツセンター,---,false,---,,八代市坂本町田上150,検索,,,,,https://portal.bousai.pref.kumamoto.jp/sp.html?p=evacuation%2Fshelter&l=15-0&ll=32.63819999999999%2C130.77610000000004&z=9&municipalityCd=430005,1bc3f35e2bee430a2500abe439dc8248f2999f6ac08904c119ba49f3b136ee30,"{""ルート検索"": ""検索"", ""住所"": ""八代市坂本町田上150"", ""市町村"": ""八代市"", ""混雑状況"": ""---"", ""避難所名"": ""百済来スポーツセンター"", ""開設状況"": ""---""}",unmatched,no_candidate,,0,,,,,,,,,,,[],,[],[],reference/43000_1.csv,dd6686fa000c3e720180ba96d02aacff987aec1bba3c9bc69a5867fc0089d10d
2026-07-30,2026-07-30T00:13:27+09:00,26/07/30 00:13時点の避難所状況の一覧です。,2026-07-30T00:13+09:00,web:e61ce8cc2f449216429b,e61ce8cc2f449216429b,八代市,秀岳館高校,---,false,---,,八代市興国町1-5,検索,,,,,https://portal.bousai.pref.kumamoto.jp/sp.html?p=evacuation%2Fshelter&l=15-0&ll=32.63819999999999%2C130.77610000000004&z=9&municipalityCd=430005,7c57133dd508428b8423d119975fca2b089e1ea69b92a39cbd3a45b83c52be26,"{""ルート検索"": ""検索"", ""住所"": ""八代市興国町1-5"", ""市町村"": ""八代市"", ""混雑状況"": ""---"", ""避難所名"": ""秀岳館高校"", ""開設状況"": ""---""}",unmatched,no_candidate,,0,,,,,,,,,,,[],,[],[],reference/43000_1.csv,dd6686fa000c3e720180ba96d02aacff987aec1bba3c9bc69a5867fc0089d10d
2026-07-30,2026-07-30T00:13:27+09:00,26/07/30 00:13時点の避難所状況の一覧です。,2026-07-30T00:13+09:00,web:3ff88ff210a8c8e57d64,3ff88ff210a8c8e57d64,八代市,第一中学校,開設,true,---,,八代市北の丸町1-29,検索,,,,,https://portal.bousai.pref.kumamoto.jp/sp.html?p=evacuation%2Fshelter&l=15-0&ll=32.63819999999999%2C130.77610000000004&z=9&municipalityCd=430005,d2be050d62fd02594abbac3b3ec3b21e96588920a37d92983615fcd045d5701d,"{""ルート検索"": ""検索"", ""住所"": ""八代市北の丸町1-29"", ""市町村"": ""八代市"", ""混雑状況"": ""---"", ""避難所名"": ""第一中学校"", ""開設状況"": ""開設""}",unmatched,exact_name_municipality_conflict,,0,,,,,,,,,,,[],,[],"[{""NO"": ""893"", ""その他市町村長が必要と認める事項"": """", ""住所"": ""熊本県人吉市土手町36-3"", ""備考"": """", ""共通ID"": ""E4320300029111"", ""受入対象者"": """", ""指定緊急避難場所との住所同一"": ""1"", ""施設・場所名"": ""第一中学校"", ""経度"": ""130.759332"", ""緯度"": ""32.207752""}]",reference/43000_1.csv,dd6686fa000c3e720180ba96d02aacff987aec1bba3c9bc69a5867fc0089d10d
2026-07-30,2026-07-30T00:13:27+09:00,26/07/30 00:13時点の避難所状況の一覧です。,2026-07-30T00:13+09:00,web:426205013f1c91278659,426205013f1c91278659,八代市,第七中学校,開設,true,---,,八代市郡築七番町41-2,検索,,,,,https://portal.bousai.pref.kumamoto.jp/sp.html?p=evacuation%2Fshelter&l=15-0&ll=32.63819999999999%2C130.77610000000004&z=9&municipalityCd=430005,096df92462b22b061b57f3b71de83ae8fcd4f5cc7130ba3e44fdb3df4984620a,"{""ルート検索"": ""検索"", ""住所"": ""八代市郡築七番町41-2"", ""市町村"": ""八代市"", ""混雑状況"": ""---"", ""避難所名"": ""第七中学校"", ""開設状況"": ""開設""}",unmatched,no_candidate,,0,,,,,,,,,,,[],,[],[],reference/43000_1.csv,dd6686fa000c3e720180ba96d02aacff987aec1bba3c9bc69a5867fc0089d10d
2026-07-30,2026-07-30T00:13:27+09:00,26/07/30 00:13時点の避難所状況の一覧です。,2026-07-30T00:13+09:00,web:09a3707792378feabf9b,09a3707792378feabf9b,八代市,第三中学校,開設,true,---,,八代市中北町3378-5,検索,,,,,https://portal.bousai.pref.kumamoto.jp/sp.html?p=evacuation%2Fshelter&l=15-0&ll=32.63819999999999%2C130.77610000000004&z=9&municipalityCd=430005,02cf79b28e9c9404a49c59e316c73465bd9505daf834aa4d5fb95df464fd1f81,"{""ルート検索"": ""検索"", ""住所"": ""八代市中北町3378-5"", ""市町村"": ""八代市"", ""混雑状況"": ""---"", ""避難所名"": ""第三中学校"", ""開設状況"": ""開設""}",unmatched,exact_name_municipality_conflict,,0,,,,,,,,,,,[],,[],"[{""NO"": ""883"", ""その他市町村長が必要と認める事項"": """", ""住所"": ""熊本県人吉市上田代町2008"", ""備考"": """", ""共通ID"": ""E4320300018111"", ""受入対象者"": """", ""指定緊急避難場所との住所同一"": ""1"", ""施設・場所名"": ""第三中学校"", ""経度"": ""130.8039627"", ""緯度"": ""32.16780161""}]",reference/43000_1.csv,dd6686fa000c3e720180ba96d02aacff987aec1bba3c9bc69a5867fc0089d10d
2026-07-30,2026-07-30T00:13:27+09:00,26/07/30 00:13時点の避難所状況の一覧です。,2026-07-30T00:13+09:00,web:6ffd1b1e85b2aafface8,6ffd1b1e85b2aafface8,八代市,第二中学校,開設,true,平常,,八代市上日置町2248-1,検索,,,,,https://portal.bousai.pref.kumamoto.jp/sp.html?p=evacuation%2Fshelter&l=15-0&ll=32.63819999999999%2C130.77610000000004&z=9&municipalityCd=430005,4d23ba3bb52f0501becf9624096fdb14ba4c56630ad65256fa605c3be1380700,"{""ルート検索"": ""検索"", ""住所"": ""八代市上日置町2248-1"", ""市町村"": ""八代市"", ""混雑状況"": ""平常"", ""避難所名"": ""第二中学校"", ""開設状況"": ""開設""}",unmatched,exact_name_municipality_conflict,,0,,,,,,,,,,,[],,[],"[{""NO"": ""884"", ""その他市町村長が必要と認める事項"": """", ""住所"": ""熊本県人吉市上林町622"", ""備考"": """", ""共通ID"": ""E4320300019111"", ""受入対象者"": """", ""指定緊急避難場所との住所同一"": ""1"", ""施設・場所名"": ""第二中学校"", ""経度"": ""130.744083"", ""緯度"": ""32.22168798""}]",reference/43000_1.csv,dd6686fa000c3e720180ba96d02aacff987aec1bba3c9bc69a5867fc0089d10d
2026-07-30,2026-07-30T00:13:27+09:00,26/07/30 00:13時点の避難所状況の一覧です。,2026-07-30T00:13+09:00,web:64ecc73c663a49ce26f2,64ecc73c663a49ce26f2,八代市,第五中学校,開設,true,平常,,八代市豊原下町3807,検索,,,,,https://portal.bousai.pref.kumamoto.jp/sp.html?p=evacuation%2Fshelter&l=15-0&ll=32.63819999999999%2C130.77610000000004&z=9&municipalityCd=430005,b0dcf818d8916fcaaf1064eb41ce198908d486b4c1bf0e70f5324d99da14eb28,"{""ルート検索"": ""検索"", ""住所"": ""八代市豊原下町3807"", ""市町村"": ""八代市"", ""混雑状況"": ""平常"", ""避難所名"": ""第五中学校"", ""開設状況"": ""開設""}",unmatched,no_candidate,,0,,,,,,,,,,,[],,[],[],reference/43000_1.csv,dd6686fa000c3e720180ba96d02aacff987aec1bba3c9bc69a5867fc0089d10d
2026-07-30,2026-07-30T00:13:27+09:00,26/07/30 00:13時点の避難所状況の一覧です。,2026-07-30T00:13+09:00,web:b23fba6e2757aa4d02da,b23fba6e2757aa4d02da,八代市,第八中学校,開設,true,---,,八代市西宮町656,検索,,,,,https://portal.bousai.pref.kumamoto.jp/sp.html?p=evacuation%2Fshelter&l=15-0&ll=32.63819999999999%2C130.77610000000004&z=9&municipalityCd=430005,e0fa990b8ad4782885734ac3e1d7a20f954f444319131a595c5b8a6cfb60c9d6,"{""ルート検索"": ""検索"", ""住所"": ""八代市西宮町656"", ""市町村"": ""八代市"", ""混雑状況"": ""---"", ""避難所名"": ""第八中学校"", ""開設状況"": ""開設""}",unmatched,no_candidate,,0,,,,,,,,,,,[],,[],[],reference/43000_1.csv,dd6686fa000c3e720180ba96d02aacff987aec1bba3c9bc69a5867fc0089d10d
2026-07-30,2026-07-30T00:13:27+09:00,26/07/30 00:13時点の避難所状況の一覧です。,2026-07-30T00:13+09:00,web:b71403ebb89f13bc5ba9,b71403ebb89f13bc5ba9,八代市,第六中学校,開設,true,---,,八代市水島町2065-4,検索,,,,,https://portal.bousai.pref.kumamoto.jp/sp.html?p=evacuation%2Fshelter&l=15-0&ll=32.63819999999999%2C130.77610000000004&z=9&municipalityCd=430005,b3a3c5e8f289e539d8eb67e693e45f4e3cccc0603c4391cd3b5798381ee290da,"{""ルート検索"": ""検索"", ""住所"": ""八代市水島町2065-4"", ""市町村"": ""八代市"", ""混雑状況"": ""---"", ""避難所名"": ""第六中学校"", ""開設状況"": ""開設""}",unmatched,no_candidate,,0,,,,,,,,,,,[],,[],[],reference/43000_1.csv,dd6686fa000c3e720180ba96d02aacff987aec1bba3c9bc69a5867fc0089d10d
2026-07-30,2026-07-30T00:13:27+09:00,26/07/30 00:13時点の避難所状況の一覧です。,2026-07-30T00:13+09:00,web:960b3eb957d534cb572f,960b3eb957d534cb572f,八代市,第四中学校,開設,true,---,,八代市古閑上町182-2,検索,,,,,https://portal.bousai.pref.kumamoto.jp/sp.html?p=evacuation%2Fshelter&l=15-0&ll=32.63819999999999%2C130.77610000000004&z=9&municipalityCd=430005,2bc0bafeed38f6cc4c1f55ab5edb428419d563278e61cdc7a15cde4f17c07257,"{""ルート検索"": ""検索"", ""住所"": ""八代市古閑上町182-2"", ""市町村"": ""八代市"", ""混雑状況"": ""---"", ""避難所名"": ""第四中学校"", ""開設状況"": ""開設""}",unmatched,no_candidate,,0,,,,,,,,,,,[],,[],[],reference/43000_1.csv,dd6686fa000c3e720180ba96d02aacff987aec1bba3c9bc69a5867fc0089d10d
2026-07-30,2026-07-30T00:13:27+09:00,26/07/30 00:13時点の避難所状況の一覧です。,2026-07-30T00:13+09:00,web:f31118ae5b3ee34be19c,f31118ae5b3ee34be19c,八代市,西部多目的集会施設,---,false,---,,八代市坂本町西部は1896,検索,,,,,https://portal.bousai.pref.kumamoto.jp/sp.html?p=evacuation%2Fshelter&l=15-0&ll=32.63819999999999%2C130.77610000000004&z=9&municipalityCd=430005,f5fd4987fefc992b61c1c967f830f23cf181e2d951e152ffb975dff8f1c17561,"{""ルート検索"": ""検索"", ""住所"": ""八代市坂本町西部は1896"", ""市町村"": ""八代市"", ""混雑状況"": ""---"", ""避難所名"": ""西部多目的集会施設"", ""開設状況"": ""---""}",unmatched,no_candidate,,0,,,,,,,,,,,[],,[],[],reference/43000_1.csv,dd6686fa000c3e720180ba96d02aacff987aec1bba3c9bc69a5867fc0089d10d
2026-07-30,2026-07-30T00:13:27+09:00,26/07/30 00:13時点の避難所状況の一覧です。,2026-07-30T00:13+09:00,web:697f8bc99507270a4335,697f8bc99507270a4335,八代市,身体障がい者療養施設 かんねさこ荘,---,false,---,,八代市二見本町433,検索,,,,,https://portal.bousai.pref.kumamoto.jp/sp.html?p=evacuation%2Fshelter&l=15-0&ll=32.63819999999999%2C130.77610000000004&z=9&municipalityCd=430005,0c9c7449bf71fa5828023d75a4b52cb3072da11aa9bf0ba3533464bc2ae85da4,"{""ルート検索"": ""検索"", ""住所"": ""八代市二見本町433"", ""市町村"": ""八代市"", ""混雑状況"": ""---"", ""避難所名"": ""身体障がい者療養施設 かんねさこ荘"", ""開設状況"": ""---""}",unmatched,fuzzy_below_threshold,0.868,0,,,,,,,,,,,[],,[],"[{""NO"": ""1245"", ""その他市町村長が必要と認める事項"": """", ""住所"": ""熊本県八代市二見本町433"", ""備考"": """", ""共通ID"": ""E4320200101121"", ""受入対象者"": ""要配慮者"", ""指定緊急避難場所との住所同一"": """", ""施設・場所名"": ""身体障害者療護施設 かんねさこ荘"", ""経度"": ""130.552233814486"", ""緯度"": ""32.4022319099105""}]",reference/43000_1.csv,dd6686fa000c3e720180ba96d02aacff987aec1bba3c9bc69a5867fc0089d10d
2026-07-30,2026-07-30T00:13:27+09:00,26/07/30 00:13時点の避難所状況の一覧です。,2026-07-30T00:13+09:00,web:9f37c522cfe941422689,9f37c522cfe941422689,八代市,郡築コミュニティセンター,開設,true,---,,八代市郡築六番町61-2,検索,,,,,https://portal.bousai.pref.kumamoto.jp/sp.html?p=evacuation%2Fshelter&l=15-0&ll=32.63819999999999%2C130.77610000000004&z=9&municipalityCd=430005,7c4c9db2d130f43b0463872b020a125f8032de94bc54cfba6f671da8d70bb6ba,"{""ルート検索"": ""検索"", ""住所"": ""八代市郡築六番町61-2"", ""市町村"": ""八代市"", ""混雑状況"": ""---"", ""避難所名"": ""郡築コミュニティセンター"", ""開設状況"": ""開設""}",unmatched,fuzzy_below_threshold,0.785,0,,,,,,,,,,,[],,[],"[{""NO"": ""1237"", ""その他市町村長が必要と認める事項"": """", ""住所"": ""熊本県八代市泉町栗木5866"", ""備考"": """", ""共通ID"": ""E4320200081111"", ""受入対象者"": """", ""指定緊急避難場所との住所同一"": ""1"", ""施設・場所名"": ""泉コミュニティセンター"", ""経度"": ""130.808105877186"", ""緯度"": ""32.5457986916214""}, {""NO"": ""1216"", ""その他市町村長が必要と認める事項"": """", ""住所"": ""熊本県八代市古城町2259"", ""備考"": """", ""共通ID"": ""E4320200033111"", ""受入対象者"": """", ""指定緊急避難場所との住所同一"": ""1"", ""施設・場所名"": ""麦島コミュニティセンター"", ""経度"": ""130.5926186"", ""緯度"": ""32.49742503""}, {""NO"": ""1223"", ""その他市町村長が必要と認める事項"": """", ""住所"": ""熊本県八代市昭和明徴町730-1"", ""備考"": """", ""共通ID"": ""E4320200054111"", ""受入対象者"": """", ""指定緊急避難場所との住所同一"": ""1"", ""施設・場所名"": ""昭和コミュニティセンター"", ""経度"": ""130.6036164"", ""緯度"": ""32.55967579""}]",reference/43000_1.csv,dd6686fa000c3e720180ba96d02aacff987aec1bba3c9bc69a5867fc0089d10d
2026-07-30,2026-07-30T00:13:27+09:00,26/07/30 00:13時点の避難所状況の一覧です。,2026-07-30T00:13+09:00,web:86ce46626c322703ff7e,86ce46626c322703ff7e,八代市,郡築小学校,開設,true,---,,八代市郡築六番町49-1,検索,,,,,https://portal.bousai.pref.kumamoto.jp/sp.html?p=evacuation%2Fshelter&l=15-0&ll=32.63819999999999%2C130.77610000000004&z=9&municipalityCd=430005,8aafb9d9b6ac028cb839df3f352411f6bb41159015f97d74203e9bfe9af1f08c,"{""ルート検索"": ""検索"", ""住所"": ""八代市郡築六番町49-1"", ""市町村"": ""八代市"", ""混雑状況"": ""---"", ""避難所名"": ""郡築小学校"", ""開設状況"": ""開設""}",unmatched,no_candidate,,0,,,,,,,,,,,[],,[],[],reference/43000_1.csv,dd6686fa000c3e720180ba96d02aacff987aec1bba3c9bc69a5867fc0089d10d
2026-07-30,2026-07-30T00:13:27+09:00,26/07/30 00:13時点の避難所状況の一覧です。,2026-07-30T00:13+09:00,web:285305d25632a76bc41f,285305d25632a76bc41f,八代市,金剛コミュニティセンター,開設,true,平常,,八代市高植本町800-2,検索,,,,,https://portal.bousai.pref.kumamoto.jp/sp.html?p=evacuation%2Fshelter&l=15-0&ll=32.63819999999999%2C130.77610000000004&z=9&municipalityCd=430005,fb0d295f96b63b58d12d04e54fcffa9549976c999bde95654e903bab6ad3859e,"{""ルート検索"": ""検索"", ""住所"": ""八代市高植本町800-2"", ""市町村"": ""八代市"", ""混雑状況"": ""平常"", ""避難所名"": ""金剛コミュニティセンター"", ""開設状況"": ""開設""}",unmatched,fuzzy_below_threshold,0.781,0,,,,,,,,,,,[],,[],"[{""NO"": ""1237"", ""その他市町村長が必要と認める事項"": """", ""住所"": ""熊本県八代市泉町栗木5866"", ""備考"": """", ""共通ID"": ""E4320200081111"", ""受入対象者"": """", ""指定緊急避難場所との住所同一"": ""1"", ""施設・場所名"": ""泉コミュニティセンター"", ""経度"": ""130.808105877186"", ""緯度"": ""32.5457986916214""}, {""NO"": ""1257"", ""その他市町村長が必要と認める事項"": """", ""住所"": ""熊本県八代市本野町505"", ""備考"": """", ""共通ID"": ""E4320200118111"", ""受入対象者"": """", ""指定緊急避難場所との住所同一"": ""1"", ""施設・場所名"": ""高田コミュニティセンター"", ""経度"": ""130.6167216"", ""緯度"": ""32.48708486""}, {""NO"": ""1223"", ""その他市町村長が必要と認める事項"": """", ""住所"": ""熊本県八代市昭和明徴町730-1"", ""備考"": """", ""共通ID"": ""E4320200054111"", ""受入対象者"": """", ""指定緊急避難場所との住所同一"": ""1"", ""施設・場所名"": ""昭和コミュニティセンター"", ""経度"": ""130.6036164"", ""緯度"": ""32.55967579""}]",reference/43000_1.csv,dd6686fa000c3e720180ba96d02aacff987aec1bba3c9bc69a5867fc0089d10d
2026-07-30,2026-07-30T00:13:27+09:00,26/07/30 00:13時点の避難所状況の一覧です。,2026-07-30T00:13+09:00,web:c30e0ba13e12f70b502c,c30e0ba13e12f70b502c,八代市,金剛小学校,開設,true,---,,八代市高植本町1207,検索,,,,,https://portal.bousai.pref.kumamoto.jp/sp.html?p=evacuation%2Fshelter&l=15-0&ll=32.63819999999999%2C130.77610000000004&z=9&municipalityCd=430005,2c5065435041cfce23c4173c9599e405d5f125eaadee1b0b183dce508211d7ea,"{""ルート検索"": ""検索"", ""住所"": ""八代市高植本町1207"", ""市町村"": ""八代市"", ""混雑状況"": ""---"", ""避難所名"": ""金剛小学校"", ""開設状況"": ""開設""}",unmatched,no_candidate,,0,,,,,,,,,,,[],,[],[],reference/43000_1.csv,dd6686fa000c3e720180ba96d02aacff987aec1bba3c9bc69a5867fc0089d10d
2026-07-30,2026-07-30T00:13:27+09:00,26/07/30 00:13時点の避難所状況の一覧です。,2026-07-30T00:13+09:00,web:f09b2dcc180a59faf984,f09b2dcc180a59faf984,八代市,金剛小弥次分校,---,false,---,,八代市三江湖町1472-1,検索,,,,,https://portal.bousai.pref.kumamoto.jp/sp.html?p=evacuation%2Fshelter&l=15-0&ll=32.63819999999999%2C130.77610000000004&z=9&municipalityCd=430005,d5d0a85e6dc8d404bc1c41fcd182a4044089bc55bd53061c4ffd164c7c104f07,"{""ルート検索"": ""検索"", ""住所"": ""八代市三江湖町1472-1"", ""市町村"": ""八代市"", ""混雑状況"": ""---"", ""避難所名"": ""金剛小弥次分校"", ""開設状況"": ""---""}",unmatched,no_candidate,,0,,,,,,,,,,,[],,[],[],reference/43000_1.csv,dd6686fa000c3e720180ba96d02aacff987aec1bba3c9bc69a5867fc0089d10d
2026-07-30,2026-07-30T00:13:27+09:00,26/07/30 00:13時点の避難所状況の一覧です。,2026-07-30T00:13+09:00,web:71f2957e68ed27aa29b3,71f2957e68ed27aa29b3,八代市,鏡コミュニティセンター,開設,true,平常,,八代市鏡町内田1339-1,検索,,,,,https://portal.bousai.pref.kumamoto.jp/sp.html?p=evacuation%2Fshelter&l=15-0&ll=32.63819999999999%2C130.77610000000004&z=9&municipalityCd=430005,7186eae3aeb287e8fab3cb9b9bfb9a57bee41bd309c1a068af73fd1499a23843,"{""ルート検索"": ""検索"", ""住所"": ""八代市鏡町内田1339-1"", ""市町村"": ""八代市"", ""混雑状況"": ""平常"", ""避難所名"": ""鏡コミュニティセンター"", ""開設状況"": ""開設""}",unmatched,fuzzy_below_threshold,0.800,0,,,,,,,,,,,[],,[],"[{""NO"": ""1223"", ""その他市町村長が必要と認める事項"": """", ""住所"": ""熊本県八代市昭和明徴町730-1"", ""備考"": """", ""共通ID"": ""E4320200054111"", ""受入対象者"": """", ""指定緊急避難場所との住所同一"": ""1"", ""施設・場所名"": ""昭和コミュニティセンター"", ""経度"": ""130.6036164"", ""緯度"": ""32.55967579""}, {""NO"": ""1237"", ""その他市町村長が必要と認める事項"": """", ""住所"": ""熊本県八代市泉町栗木5866"", ""備考"": """", ""共通ID"": ""E4320200081111"", ""受入対象者"": """", ""指定緊急避難場所との住所同一"": ""1"", ""施設・場所名"": ""泉コミュニティセンター"", ""経度"": ""130.808105877186"", ""緯度"": ""32.5457986916214""}, {""NO"": ""1228"", ""その他市町村長が必要と認める事項"": """", ""住所"": ""熊本県八代市上野町1193-1"", ""備考"": """", ""共通ID"": ""E4320200059111"", ""受入対象者"": """", ""指定緊急避難場所との住所同一"": ""1"", ""施設・場所名"": ""八千把コミュニティセンター"", ""経度"": ""130.6141942"", ""緯度"": ""32.51841666""}]",reference/43000_1.csv,dd6686fa000c3e720180ba96d02aacff987aec1bba3c9bc69a5867fc0089d10d
2026-07-30,2026-07-30T00:13:27+09:00,26/07/30 00:13時点の避難所状況の一覧です。,2026-07-30T00:13+09:00,web:97a7c66c4ffa0e24bc31,97a7c66c4ffa0e24bc31,八代市,鏡中学校,---,false,---,,八代市鏡町内田1038-1,検索,,,,,https://portal.bousai.pref.kumamoto.jp/sp.html?p=evacuation%2Fshelter&l=15-0&ll=32.63819999999999%2C130.77610000000004&z=9&municipalityCd=430005,2fb236e59aac6497bf4a281cb5efb858d7cf96a284ca9c42f84042f7effefdc1,"{""ルート検索"": ""検索"", ""住所"": ""八代市鏡町内田1038-1"", ""市町村"": ""八代市"", ""混雑状況"": ""---"", ""避難所名"": ""鏡中学校"", ""開設状況"": ""---""}",unmatched,no_candidate,,0,,,,,,,,,,,[],,[],[],reference/43000_1.csv,dd6686fa000c3e720180ba96d02aacff987aec1bba3c9bc69a5867fc0089d10d
2026-07-30,2026-07-30T00:13:27+09:00,26/07/30 00:13時点の避難所状況の一覧です。,2026-07-30T00:13+09:00,web:fc6502ca6ef066282327,fc6502ca6ef066282327,八代市,鏡体育館及び鏡武道館,---,false,---,,八代市鏡町両出1430,検索,,,,,https://portal.bousai.pref.kumamoto.jp/sp.html?p=evacuation%2Fshelter&l=15-0&ll=32.63819999999999%2C130.77610000000004&z=9&municipalityCd=430005,dfa9548ee1eb9b45a172423a7a3813a2692f38b664e90182046b9df2eeacb3e0,"{""ルート検索"": ""検索"", ""住所"": ""八代市鏡町両出1430"", ""市町村"": ""八代市"", ""混雑状況"": ""---"", ""避難所名"": ""鏡体育館及び鏡武道館"", ""開設状況"": ""---""}",unmatched,no_candidate,,0,,,,,,,,,,,[],,[],[],reference/43000_1.csv,dd6686fa000c3e720180ba96d02aacff987aec1bba3c9bc69a5867fc0089d10d
2026-07-30,2026-07-30T00:13:27+09:00,26/07/30 00:13時点の避難所状況の一覧です。,2026-07-30T00:13+09:00,web:fc07d4550a93586b2c73,fc07d4550a93586b2c73,八代市,鏡小学校,開設,true,---,,八代市鏡町鏡村609-1,検索,,,,,https://portal.bousai.pref.kumamoto.jp/sp.html?p=evacuation%2Fshelter&l=15-0&ll=32.63819999999999%2C130.77610000000004&z=9&municipalityCd=430005,521deac16295c6e45c5b06f0521e5cb682a2aaf09739d51bbc6e0aacb085e256,"{""ルート検索"": ""検索"", ""住所"": ""八代市鏡町鏡村609-1"", ""市町村"": ""八代市"", ""混雑状況"": ""---"", ""避難所名"": ""鏡小学校"", ""開設状況"": ""開設""}",unmatched,no_candidate,,0,,,,,,,,,,,[],,[],[],reference/43000_1.csv,dd6686fa000c3e720180ba96d02aacff987aec1bba3c9bc69a5867fc0089d10d
2026-07-30,2026-07-30T00:13:27+09:00,26/07/30 00:13時点の避難所状況の一覧です。,2026-07-30T00:13+09:00,web:6d98b62f76d3916e56a8,6d98b62f76d3916e56a8,八代市,鏡西部小学校,---,false,---,,八代市鏡町野崎217-1,検索,,,,,https://portal.bousai.pref.kumamoto.jp/sp.html?p=evacuation%2Fshelter&l=15-0&ll=32.63819999999999%2C130.77610000000004&z=9&municipalityCd=430005,c268577fd88f5634c973025cc096562b34b81b6d657c363a2cb754b5746cf29a,"{""ルート検索"": ""検索"", ""住所"": ""八代市鏡町野崎217-1"", ""市町村"": ""八代市"", ""混雑状況"": ""---"", ""避難所名"": ""鏡西部小学校"", ""開設状況"": ""---""}",unmatched,no_candidate,,0,,,,,,,,,,,[],,[],[],reference/43000_1.csv,dd6686fa000c3e720180ba96d02aacff987aec1bba3c9bc69a5867fc0089d10d
2026-07-30,2026-07-30T00:13:27+09:00,26/07/30 00:13時点の避難所状況の一覧です。,2026-07-30T00:13+09:00,web:32d814bdcf924bcc0fc3,32d814bdcf924bcc0fc3,八代市,高田小学校,開設,true,---,,八代市豊原中町317,検索,,,,,https://portal.bousai.pref.kumamoto.jp/sp.html?p=evacuation%2Fshelter&l=15-0&ll=32.63819999999999%2C130.77610000000004&z=9&municipalityCd=430005,826f447ef2d7e619475c8ab4c8c405d108f399da423dd528958dd81d6e50797c,"{""ルート検索"": ""検索"", ""住所"": ""八代市豊原中町317"", ""市町村"": ""八代市"", ""混雑状況"": ""---"", ""避難所名"": ""高田小学校"", ""開設状況"": ""開設""}",unmatched,no_candidate,,0,,,,,,,,,,,[],,[],[],reference/43000_1.csv,dd6686fa000c3e720180ba96d02aacff987aec1bba3c9bc69a5867fc0089d10d
2026-07-30,2026-07-30T00:13:27+09:00,26/07/30 00:13時点の避難所状況の一覧です。,2026-07-30T00:13+09:00,web:b365cb657c96c6cc56dd,b365cb657c96c6cc56dd,八代市,鮎帰生活館,---,false,---,,八代市坂本町鮎帰い1299,検索,,,,,https://portal.bousai.pref.kumamoto.jp/sp.html?p=evacuation%2Fshelter&l=15-0&ll=32.63819999999999%2C130.77610000000004&z=9&municipalityCd=430005,77ccc081a131f50cbe8d5d17a86ba89e0d909b0c342275293b98920a8169132a,"{""ルート検索"": ""検索"", ""住所"": ""八代市坂本町鮎帰い1299"", ""市町村"": ""八代市"", ""混雑状況"": ""---"", ""避難所名"": ""鮎帰生活館"", ""開設状況"": ""---""}",unmatched,no_candidate,,0,,,,,,,,,,,[],,[],[],reference/43000_1.csv,dd6686fa000c3e720180ba96d02aacff987aec1bba3c9bc69a5867fc0089d10d
2026-07-30,2026-07-30T00:13:27+09:00,26/07/30 00:13時点の避難所状況の一覧です。,2026-07-30T00:13+09:00,web:b4c2fb8fe9f5ef20e826,b4c2fb8fe9f5ef20e826,八代市,鮎帰社会教育センター,開設,true,平常,,八代市坂本町鮎帰は867,検索,,,,,https://portal.bousai.pref.kumamoto.jp/sp.html?p=evacuation%2Fshelter&l=15-0&ll=32.63819999999999%2C130.77610000000004&z=9&municipalityCd=430005,19000dcf8c0d5c0f03cea90f3f946df0fdc0ae2700a878bc5320ffdca3f8913a,"{""ルート検索"": ""検索"", ""住所"": ""八代市坂本町鮎帰は867"", ""市町村"": ""八代市"", ""混雑状況"": ""平常"", ""避難所名"": ""鮎帰社会教育センター"", ""開設状況"": ""開設""}",unmatched,no_candidate,,0,,,,,,,,,,,[],,[],[],reference/43000_1.csv,dd6686fa000c3e720180ba96d02aacff987aec1bba3c9bc69a5867fc0089d10d
2026-07-30,2026-07-30T00:13:27+09:00,26/07/30 00:13時点の避難所状況の一覧です。,2026-07-30T00:13+09:00,web:13d7725ed2ed18e93c6a,13d7725ed2ed18e93c6a,八代市,鶴喰生活改善センター,---,false,---,,八代市坂本町鶴喰2220,検索,,,,,https://portal.bousai.pref.kumamoto.jp/sp.html?p=evacuation%2Fshelter&l=15-0&ll=32.63819999999999%2C130.77610000000004&z=9&municipalityCd=430005,966235c22f9ea6d0d485457d1c481aacf9b60d9406068701599bbae732a5ce8f,"{""ルート検索"": ""検索"", ""住所"": ""八代市坂本町鶴喰2220"", ""市町村"": ""八代市"", ""混雑状況"": ""---"", ""避難所名"": ""鶴喰生活改善センター"", ""開設状況"": ""---""}",unmatched,no_candidate,,0,,,,,,,,,,,[],,[],[],reference/43000_1.csv,dd6686fa000c3e720180ba96d02aacff987aec1bba3c9bc69a5867fc0089d10d
2026-07-30,2026-07-30T00:13:27+09:00,26/07/30 00:13時点の避難所状況の一覧です。,2026-07-30T00:13+09:00,web:6f7d29af2670d591080d,6f7d29af2670d591080d,八代市,麦島小学校,開設,true,---,,八代市迎町1丁目16-1-1,検索,,,,,https://portal.bousai.pref.kumamoto.jp/sp.html?p=evacuation%2Fshelter&l=15-0&ll=32.63819999999999%2C130.77610000000004&z=9&municipalityCd=430005,58e5306ed730962c576d12938fb1ecf599ac2c10c4e56a1b563b28a56afdbf3a,"{""ルート検索"": ""検索"", ""住所"": ""八代市迎町1丁目16-1-1"", ""市町村"": ""八代市"", ""混雑状況"": ""---"", ""避難所名"": ""麦島小学校"", ""開設状況"": ""開設""}",unmatched,no_candidate,,0,,,,,,,,,,,[],,[],[],reference/43000_1.csv,dd6686fa000c3e720180ba96d02aacff987aec1bba3c9bc69a5867fc0089d10d
2026-07-30,2026-07-30T00:13:27+09:00,26/07/30 00:13時点の避難所状況の一覧です。,2026-07-30T00:13+09:00,web:22c45e37f06400baa80a,22c45e37f06400baa80a,八代市,龍峯コミュニティセンター,開設,true,---,,八代市興善寺町1952,検索,,,,,https://portal.bousai.pref.kumamoto.jp/sp.html?p=evacuation%2Fshelter&l=15-0&ll=32.63819999999999%2C130.77610000000004&z=9&municipalityCd=430005,88200c9bfbbb0fd233090bebb302e02e9c70f2dccdaa5deae6993ef0d0ac8b01,"{""ルート検索"": ""検索"", ""住所"": ""八代市興善寺町1952"", ""市町村"": ""八代市"", ""混雑状況"": ""---"", ""避難所名"": ""龍峯コミュニティセンター"", ""開設状況"": ""開設""}",unmatched,fuzzy_below_threshold,0.785,0,,,,,,,,,,,[],,[],"[{""NO"": ""1237"", ""その他市町村長が必要と認める事項"": """", ""住所"": ""熊本県八代市泉町栗木5866"", ""備考"": """", ""共通ID"": ""E4320200081111"", ""受入対象者"": """", ""指定緊急避難場所との住所同一"": ""1"", ""施設・場所名"": ""泉コミュニティセンター"", ""経度"": ""130.808105877186"", ""緯度"": ""32.5457986916214""}, {""NO"": ""1257"", ""その他市町村長が必要と認める事項"": """", ""住所"": ""熊本県八代市本野町505"", ""備考"": """", ""共通ID"": ""E4320200118111"", ""受入対象者"": """", ""指定緊急避難場所との住所同一"": ""1"", ""施設・場所名"": ""高田コミュニティセンター"", ""経度"": ""130.6167216"", ""緯度"": ""32.48708486""}, {""NO"": ""1216"", ""その他市町村長が必要と認める事項"": """", ""住所"": ""熊本県八代市古城町2259"", ""備考"": """", ""共通ID"": ""E4320200033111"", ""受入対象者"": """", ""指定緊急避難場所との住所同一"": ""1"", ""施設・場所名"": ""麦島コミュニティセンター"", ""経度"": ""130.5926186"", ""緯度"": ""32.49742503""}]",reference/43000_1.csv,dd6686fa000c3e720180ba96d02aacff987aec1bba3c9bc69a5867fc0089d10d
2026-07-30,2026-07-30T00:13:27+09:00,26/07/30 00:13時点の避難所状況の一覧です。,2026-07-30T00:13+09:00,web:5760038c058d3dd10672,5760038c058d3dd10672,八代市,龍峯小学校,---,false,---,,八代市岡町谷川1043,検索,,,,,https://portal.bousai.pref.kumamoto.jp/sp.html?p=evacuation%2Fshelter&l=15-0&ll=32.63819999999999%2C130.77610000000004&z=9&municipalityCd=430005,92c371aa4993231daf8f12f594fb403f137bb35385d36385d42cb15ceb5ba14a,"{""ルート検索"": ""検索"", ""住所"": ""八代市岡町谷川1043"", ""市町村"": ""八代市"", ""混雑状況"": ""---"", ""避難所名"": ""龍峯小学校"", ""開設状況"": ""---""}",unmatched,no_candidate,,0,,,,,,,,,,,[],,[],[],reference/43000_1.csv,dd6686fa000c3e720180ba96d02aacff987aec1bba3c9bc69a5867fc0089d10d
2026-07-30,2026-07-30T00:13:27+09:00,26/07/30 00:13時点の避難所状況の一覧です。,2026-07-30T00:13+09:00,web:eae3050471b3ee4e50c4,eae3050471b3ee4e50c4,南小国町,南小国中学校,---,false,---,,南小国町大字赤馬場1833,検索,,,,,https://portal.bousai.pref.kumamoto.jp/sp.html?p=evacuation%2Fshelter&l=15-0&ll=32.63819999999999%2C130.77610000000004&z=9&municipalityCd=430005,be6b34385e305a289569577da733d6badf6b6143e3033292e38e105dc65a2b54,"{""ルート検索"": ""検索"", ""住所"": ""南小国町大字赤馬場1833"", ""市町村"": ""南小国町"", ""混雑状況"": ""---"", ""避難所名"": ""南小国中学校"", ""開設状況"": ""---""}",unmatched,no_candidate,,0,,,,,,,,,,,[],,[],[],reference/43000_1.csv,dd6686fa000c3e720180ba96d02aacff987aec1bba3c9bc69a5867fc0089d10d
2026-07-30,2026-07-30T00:13:27+09:00,26/07/30 00:13時点の避難所状況の一覧です。,2026-07-30T00:13+09:00,web:031019e5ae40da32df03,031019e5ae40da32df03,南小国町,自然休養村管理センター,---,false,---,,南小国町大字赤馬場144-1,検索,,,,,https://portal.bousai.pref.kumamoto.jp/sp.html?p=evacuation%2Fshelter&l=15-0&ll=32.63819999999999%2C130.77610000000004&z=9&municipalityCd=430005,684f1cd09a4845d82112a7dc79818d1e432d7f6db8ae26f4d4e9c700b0dc1cec,"{""ルート検索"": ""検索"", ""住所"": ""南小国町大字赤馬場144-1"", ""市町村"": ""南小国町"", ""混雑状況"": ""---"", ""避難所名"": ""自然休養村管理センター"", ""開設状況"": ""---""}",unmatched,no_candidate,,0,,,,,,,,,,,[],,[],[],reference/43000_1.csv,dd6686fa000c3e720180ba96d02aacff987aec1bba3c9bc69a5867fc0089d10d
2026-07-30,2026-07-30T00:13:27+09:00,26/07/30 00:13時点の避難所状況の一覧です。,2026-07-30T00:13+09:00,web:4b2570f9835f39a888a6,4b2570f9835f39a888a6,南関町,B&G海洋センター,---,false,---,,南関町大字関東934-2,検索,,,,,https://portal.bousai.pref.kumamoto.jp/sp.html?p=evacuation%2Fshelter&l=15-0&ll=32.63819999999999%2C130.77610000000004&z=9&municipalityCd=430005,7a4041bbc549f211d657c5f71229370f105444172dd8c1c72f53872aeb69068b,"{""ルート検索"": ""検索"", ""住所"": ""南関町大字関東934-2"", ""市町村"": ""南関町"", ""混雑状況"": ""---"", ""避難所名"": ""B&G海洋センター"", ""開設状況"": ""---""}",unmatched,exact_name_municipality_conflict,,0,,,,,,,,,,,[],,[],"[{""NO"": ""352"", ""その他市町村長が必要と認める事項"": """", ""住所"": ""熊本県玉名市岱明町中土590"", ""備考"": """", ""共通ID"": ""E4320600027111"", ""受入対象者"": """", ""指定緊急避難場所との住所同一"": """", ""施設・場所名"": ""B&G海洋センター"", ""経度"": ""130.512992"", ""緯度"": ""32.919205""}]",reference/43000_1.csv,dd6686fa000c3e720180ba96d02aacff987aec1bba3c9bc69a5867fc0089d10d
2026-07-30,2026-07-30T00:13:27+09:00,26/07/30 00:13時点の避難所状況の一覧です。,2026-07-30T00:13+09:00,web:173a58156b4c43ca5c26,173a58156b4c43ca5c26,南関町,ふれあい広場,---,false,---,,南関町大字高久野585,検索,,,,,https://portal.bousai.pref.kumamoto.jp/sp.html?p=evacuation%2Fshelter&l=15-0&ll=32.63819999999999%2C130.77610000000004&z=9&municipalityCd=430005,5e0ba274081778db920c72e035c27e7673541cfa880315cc9fa7d2f007cf8662,"{""ルート検索"": ""検索"", ""住所"": ""南関町大字高久野585"", ""市町村"": ""南関町"", ""混雑状況"": ""---"", ""避難所名"": ""ふれあい広場"", ""開設状況"": ""---""}",unmatched,no_candidate,,0,,,,,,,,,,,[],,[],[],reference/43000_1.csv,dd6686fa000c3e720180ba96d02aacff987aec1bba3c9bc69a5867fc0089d10d
2026-07-30,2026-07-30T00:13:27+09:00,26/07/30 00:13時点の避難所状況の一覧です。,2026-07-30T00:13+09:00,web:e88e6a42a8446fa49294,e88e6a42a8446fa49294,南関町,南町民センター,---,false,---,,南関町大字下坂下160-3,検索,,,,,https://portal.bousai.pref.kumamoto.jp/sp.html?p=evacuation%2Fshelter&l=15-0&ll=32.63819999999999%2C130.77610000000004&z=9&municipalityCd=430005,a3a6f1400b32fbf73effd80ea071da735e302cbff8afa91365650675d45e9717,"{""ルート検索"": ""検索"", ""住所"": ""南関町大字下坂下160-3"", ""市町村"": ""南関町"", ""混雑状況"": ""---"", ""避難所名"": ""南町民センター"", ""開設状況"": ""---""}",unmatched,no_candidate,,0,,,,,,,,,,,[],,[],[],reference/43000_1.csv,dd6686fa000c3e720180ba96d02aacff987aec1bba3c9bc69a5867fc0089d10d
2026-07-30,2026-07-30T00:13:27+09:00,26/07/30 00:13時点の避難所状況の一覧です。,2026-07-30T00:13+09:00,web:281d94be97a9619aba55,281d94be97a9619aba55,南関町,南関町交流拠点施設,---,false,---,,南関町大字関町1230,検索,,,,,https://portal.bousai.pref.kumamoto.jp/sp.html?p=evacuation%2Fshelter&l=15-0&ll=32.63819999999999%2C130.77610000000004&z=9&municipalityCd=430005,d60095e50b3f67ea8911567b34f3942563dd94f5a49cd587d7ddfd344bb58aac,"{""ルート検索"": ""検索"", ""住所"": ""南関町大字関町1230"", ""市町村"": ""南関町"", ""混雑状況"": ""---"", ""避難所名"": ""南関町交流拠点施設"", ""開設状況"": ""---""}",unmatched,no_candidate,,0,,,,,,,,,,,[],,[],[],reference/43000_1.csv,dd6686fa000c3e720180ba96d02aacff987aec1bba3c9bc69a5867fc0089d10d
2026-07-30,2026-07-30T00:13:27+09:00,26/07/30 00:13時点の避難所状況の一覧です。,2026-07-30T00:13+09:00,web:668f8517173f2bbba325,668f8517173f2bbba325,南関町,南関町役場 和室,---,false,---,,南関町大字関町64,検索,,,,,https://portal.bousai.pref.kumamoto.jp/sp.html?p=evacuation%2Fshelter&l=15-0&ll=32.63819999999999%2C130.77610000000004&z=9&municipalityCd=430005,a1e0acb106e8cc45c6c5fb2b10e1f41264604646523277d3304b366ec409aa62,"{""ルート検索"": ""検索"", ""住所"": ""南関町大字関町64"", ""市町村"": ""南関町"", ""混雑状況"": ""---"", ""避難所名"": ""南関町役場 和室"", ""開設状況"": ""---""}",unmatched,no_candidate,,0,,,,,,,,,,,[],,[],[],reference/43000_1.csv,dd6686fa000c3e720180ba96d02aacff987aec1bba3c9bc69a5867fc0089d10d
2026-07-30,2026-07-30T00:13:27+09:00,26/07/30 00:13時点の避難所状況の一覧です。,2026-07-30T00:13+09:00,web:ddca1c6de58c246be740,ddca1c6de58c246be740,南関町,南集会所,---,false,---,,南関町大字上坂下77,検索,,,,,https://portal.bousai.pref.kumamoto.jp/sp.html?p=evacuation%2Fshelter&l=15-0&ll=32.63819999999999%2C130.77610000000004&z=9&municipalityCd=430005,fc6339a09f1ace760bea659d940bdeffdb8fe7aa94cf4871a4918c120af7a04e,"{""ルート検索"": ""検索"", ""住所"": ""南関町大字上坂下77"", ""市町村"": ""南関町"", ""混雑状況"": ""---"", ""避難所名"": ""南集会所"", ""開設状況"": ""---""}",unmatched,no_candidate,,0,,,,,,,,,,,[],,[],[],reference/43000_1.csv,dd6686fa000c3e720180ba96d02aacff987aec1bba3c9bc69a5867fc0089d10d
2026-07-30,2026-07-30T00:13:27+09:00,26/07/30 00:13時点の避難所状況の一覧です。,2026-07-30T00:13+09:00,web:ecaf9b41be23b4829345,ecaf9b41be23b4829345,南関町,四ツ原集会所,---,false,---,,南関町大字四ツ原1116-1,検索,,,,,https://portal.bousai.pref.kumamoto.jp/sp.html?p=evacuation%2Fshelter&l=15-0&ll=32.63819999999999%2C130.77610000000004&z=9&municipalityCd=430005,79819be86e73ebc74071b3ffb0a21f5825b8c45019494a131eccb900bfa64a96,"{""ルート検索"": ""検索"", ""住所"": ""南関町大字四ツ原1116-1"", ""市町村"": ""南関町"", ""混雑状況"": ""---"", ""避難所名"": ""四ツ原集会所"", ""開設状況"": ""---""}",unmatched,no_candidate,,0,,,,,,,,,,,[],,[],[],reference/43000_1.csv,dd6686fa000c3e720180ba96d02aacff987aec1bba3c9bc69a5867fc0089d10d
2026-07-30,2026-07-30T00:13:27+09:00,26/07/30 00:13時点の避難所状況の一覧です。,2026-07-30T00:13+09:00,web:5a047745fac8dedcd926,5a047745fac8dedcd926,南関町,農業就業改善センター,---,false,---,,南関町大字小原1847,検索,,,,,https://portal.bousai.pref.kumamoto.jp/sp.html?p=evacuation%2Fshelter&l=15-0&ll=32.63819999999999%2C130.77610000000004&z=9&municipalityCd=430005,96543f2df8ec17450cb44a9c7469163a57bd25a823d46ab0a169ee3e7de2ef93,"{""ルート検索"": ""検索"", ""住所"": ""南関町大字小原1847"", ""市町村"": ""南関町"", ""混雑状況"": ""---"", ""避難所名"": ""農業就業改善センター"", ""開設状況"": ""---""}",unmatched,exact_name_municipality_conflict,,0,,,,,,,,,,,[],,[],"[{""NO"": ""1018"", ""その他市町村長が必要と認める事項"": """", ""住所"": ""熊本県津奈木町大字小津奈木2123"", ""備考"": """", ""共通ID"": ""E4348400005111"", ""受入対象者"": """", ""指定緊急避難場所との住所同一"": ""1"", ""施設・場所名"": ""農業就業改善センター"", ""経度"": ""130.440077084644"", ""緯度"": ""32.2339290652049""}]",reference/43000_1.csv,dd6686fa000c3e720180ba96d02aacff987aec1bba3c9bc69a5867fc0089d10d
2026-07-30,2026-07-30T00:13:27+09:00,26/07/30 00:13時点の避難所状況の一覧です。,2026-07-30T00:13+09:00,web:dbe25f2659141dcf3096,dbe25f2659141dcf3096,南阿蘇村,(旧)両併小学校体育館及び校舎,---,false,---,,南阿蘇村両併995,検索,,,,,https://portal.bousai.pref.kumamoto.jp/sp.html?p=evacuation%2Fshelter&l=15-0&ll=32.63819999999999%2C130.77610000000004&z=9&municipalityCd=430005,5cd1fa4d71e82322c8f7f535dbf29a2cd8d6ce8dcb65d027f4e330b892f6c1b8,"{""ルート検索"": ""検索"", ""住所"": ""南阿蘇村両併995"", ""市町村"": ""南阿蘇村"", ""混雑状況"": ""---"", ""避難所名"": ""(旧)両併小学校体育館及び校舎"", ""開設状況"": ""---""}",unmatched,fuzzy_below_threshold,0.909,0,,,,,,,,,,,[],,[],"[{""NO"": ""1178"", ""その他市町村長が必要と認める事項"": """", ""住所"": ""熊本県南阿蘇村両併995"", ""備考"": """", ""共通ID"": ""E4343300045111"", ""受入対象者"": """", ""指定緊急避難場所との住所同一"": ""1"", ""施設・場所名"": ""両併小学校体育館及び校舎"", ""経度"": ""131.1010233"", ""緯度"": ""32.81205962""}]",reference/43000_1.csv,dd6686fa000c3e720180ba96d02aacff987aec1bba3c9bc69a5867fc0089d10d
2026-07-30,2026-07-30T00:13:27+09:00,26/07/30 00:13時点の避難所状況の一覧です。,2026-07-30T00:13+09:00,web:530105d0ffa69da1c606,530105d0ffa69da1c606,南阿蘇村,(旧)久木野庁舎,---,false,---,,南阿蘇村河陰145-3,検索,,,,,https://portal.bousai.pref.kumamoto.jp/sp.html?p=evacuation%2Fshelter&l=15-0&ll=32.63819999999999%2C130.77610000000004&z=9&municipalityCd=430005,4cdf9d7495435b755869fea777ee19aa01225e10b6a1e8216156203c5cbcc2a1,"{""ルート検索"": ""検索"", ""住所"": ""南阿蘇村河陰145-3"", ""市町村"": ""南阿蘇村"", ""混雑状況"": ""---"", ""避難所名"": ""(旧)久木野庁舎"", ""開設状況"": ""---""}",unmatched,no_candidate,,0,,,,,,,,,,,[],,[],[],reference/43000_1.csv,dd6686fa000c3e720180ba96d02aacff987aec1bba3c9bc69a5867fc0089d10d
2026-07-30,2026-07-30T00:13:27+09:00,26/07/30 00:13時点の避難所状況の一覧です。,2026-07-30T00:13+09:00,web:585964485418efc9a29c,585964485418efc9a29c,南阿蘇村,(旧)白水小学校体育館,---,false,---,,南阿蘇村吉田1499,検索,,,,,https://portal.bousai.pref.kumamoto.jp/sp.html?p=evacuation%2Fshelter&l=15-0&ll=32.63819999999999%2C130.77610000000004&z=9&municipalityCd=430005,d2c81ce25255054f5390a62b14148ce55dd0a5cecaa0d3146ecca051139d24a2,"{""ルート検索"": ""検索"", ""住所"": ""南阿蘇村吉田1499"", ""市町村"": ""南阿蘇村"", ""混雑状況"": ""---"", ""避難所名"": ""(旧)白水小学校体育館"", ""開設状況"": ""---""}",unmatched,fuzzy_below_threshold,0.817,0,,,,,,,,,,,[],,[],"[{""NO"": ""1173"", ""その他市町村長が必要と認める事項"": """", ""住所"": ""熊本県南阿蘇村大字吉田2301"", ""備考"": """", ""共通ID"": ""E4343300033111"", ""受入対象者"": """", ""指定緊急避難場所との住所同一"": ""1"", ""施設・場所名"": ""白水小学校体育館"", ""経度"": ""131.083166"", ""緯度"": ""32.826556""}, {""NO"": ""1177"", ""その他市町村長が必要と認める事項"": """", ""住所"": ""熊本県南阿蘇村立野1596"", ""備考"": """", ""共通ID"": ""E4343300046111"", ""受入対象者"": """", ""指定緊急避難場所との住所同一"": """", ""施設・場所名"": ""(旧)立野小学校体育館"", ""経度"": ""130.9676839"", ""緯度"": ""32.87794263""}, {""NO"": ""1176"", ""その他市町村長が必要と認める事項"": """", ""住所"": ""熊本県南阿蘇村中松2377"", ""備考"": """", ""共通ID"": ""E4343300056111"", ""受入対象者"": """", ""指定緊急避難場所との住所同一"": """", ""施設・場所名"": ""(旧)中松小学校体育館"", ""経度"": ""131.050565"", ""緯度"": ""32.83052""}]",reference/43000_1.csv,dd6686fa000c3e720180ba96d02aacff987aec1bba3c9bc69a5867fc0089d10d
2026-07-30,2026-07-30T00:13:27+09:00,26/07/30 00:13時点の避難所状況の一覧です。,2026-07-30T00:13+09:00,web:14ca89341326edfb9817,14ca89341326edfb9817,南阿蘇村,(旧)白水小学校校舎,---,false,---,,熊本県南阿蘇村吉田1499,検索,,,,,https://portal.bousai.pref.kumamoto.jp/sp.html?p=evacuation%2Fshelter&l=15-0&ll=32.63819999999999%2C130.77610000000004&z=9&municipalityCd=430005,36e9a7771bc0cac68a6dd66e6ac3805b2e06a669a2397e63d0ce6844fbccf30f,"{""ルート検索"": ""検索"", ""住所"": ""熊本県南阿蘇村吉田1499"", ""市町村"": ""南阿蘇村"", ""混雑状況"": ""---"", ""避難所名"": ""(旧)白水小学校校舎"", ""開設状況"": ""---""}",unmatched,no_candidate,,0,,,,,,,,,,,[],,[],[],reference/43000_1.csv,dd6686fa000c3e720180ba96d02aacff987aec1bba3c9bc69a5867fc0089d10d
2026-07-30,2026-07-30T00:13:27+09:00,26/07/30 00:13時点の避難所状況の一覧です。,2026-07-30T00:13+09:00,web:bcd5356f1806b2905a5f,bcd5356f1806b2905a5f,南阿蘇村,(旧)立野小学校校舎,開設,true,平常,,南阿蘇村大字立野1549-2,検索,,,,,https://portal.bousai.pref.kumamoto.jp/sp.html?p=evacuation%2Fshelter&l=15-0&ll=32.63819999999999%2C130.77610000000004&z=9&municipalityCd=430005,dbe8cbe2315e3f70e91347f26421fa130db73161b62fe9edd53c5546d5b0a89c,"{""ルート検索"": ""検索"", ""住所"": ""南阿蘇村大字立野1549-2"", ""市町村"": ""南阿蘇村"", ""混雑状況"": ""平常"", ""避難所名"": ""(旧)立野小学校校舎"", ""開設状況"": ""開設""}",unmatched,fuzzy_below_threshold,0.876,0,,,,,,,,,,,[],,[],"[{""NO"": ""1174"", ""その他市町村長が必要と認める事項"": """", ""住所"": ""熊本県南阿蘇村大字立野1596"", ""備考"": """", ""共通ID"": ""E4343300051111"", ""受入対象者"": """", ""指定緊急避難場所との住所同一"": """", ""施設・場所名"": ""(旧)立野小学校"", ""経度"": ""130.968176"", ""緯度"": ""32.877786""}]",reference/43000_1.csv,dd6686fa000c3e720180ba96d02aacff987aec1bba3c9bc69a5867fc0089d10d
2026-07-30,2026-07-30T00:13:27+09:00,26/07/30 00:13時点の避難所状況の一覧です。,2026-07-30T00:13+09:00,web:237624b669260fc63b06,237624b669260fc63b06,南阿蘇村,-,---,false,---,,熊本県南阿蘇村立野819-8,検索,,,,,https://portal.bousai.pref.kumamoto.jp/sp.html?p=evacuation%2Fshelter&l=15-0&ll=32.63819999999999%2C130.77610000000004&z=9&municipalityCd=430005,196cd41172f76cc457ee50dc7c94ecd5fa7f221ff2a74063383f7d7dbc6e2aaf,"{""ルート検索"": ""検索"", ""住所"": ""熊本県南阿蘇村立野819-8"", ""市町村"": ""南阿蘇村"", ""混雑状況"": ""---"", ""避難所名"": ""-"", ""開設状況"": ""---""}",unmatched,missing_name,,0,,,,,,,,,,,[],,[],[],reference/43000_1.csv,dd6686fa000c3e720180ba96d02aacff987aec1bba3c9bc69a5867fc0089d10d
2026-07-30,2026-07-30T00:13:27+09:00,26/07/30 00:13時点の避難所状況の一覧です。,2026-07-30T00:13+09:00,web:42e82eb9f2d9fdd8b28e,42e82eb9f2d9fdd8b28e,南阿蘇村,-,---,false,---,,熊本県南阿蘇村久石1-101,検索,,,,,https://portal.bousai.pref.kumamoto.jp/sp.html?p=evacuation%2Fshelter&l=15-0&ll=32.63819999999999%2C130.77610000000004&z=9&municipalityCd=430005,8c45c739d1d5aaa16f9e770932f8ea51dea48fddfb735914d2cc7159afef10e9,"{""ルート検索"": ""検索"", ""住所"": ""熊本県南阿蘇村久石1-101"", ""市町村"": ""南阿蘇村"", ""混雑状況"": ""---"", ""避難所名"": ""-"", ""開設状況"": ""---""}",unmatched,missing_name,,0,,,,,,,,,,,[],,[],[],reference/43000_1.csv,dd6686fa000c3e720180ba96d02aacff987aec1bba3c9bc69a5867fc0089d10d
2026-07-30,2026-07-30T00:13:27+09:00,26/07/30 00:13時点の避難所状況の一覧です。,2026-07-30T00:13+09:00,web:ef256398c7c1058ea019,ef256398c7c1058ea019,南阿蘇村,3区下組公民館,---,false,---,,南阿蘇村河陰1355-2,検索,,,,,https://portal.bousai.pref.kumamoto.jp/sp.html?p=evacuation%2Fshelter&l=15-0&ll=32.63819999999999%2C130.77610000000004&z=9&municipalityCd=430005,6ec88e80426be94b95ac44664072b943f79bc308efd328218e709a09416f077e,"{""ルート検索"": ""検索"", ""住所"": ""南阿蘇村河陰1355-2"", ""市町村"": ""南阿蘇村"", ""混雑状況"": ""---"", ""避難所名"": ""3区下組公民館"", ""開設状況"": ""---""}",unmatched,no_candidate,,0,,,,,,,,,,,[],,[],[],reference/43000_1.csv,dd6686fa000c3e720180ba96d02aacff987aec1bba3c9bc69a5867fc0089d10d
2026-07-30,2026-07-30T00:13:27+09:00,26/07/30 00:13時点の避難所状況の一覧です。,2026-07-30T00:13+09:00,web:ecd747817954edb659e5,ecd747817954edb659e5,南阿蘇村,スパーク白水,---,false,---,,熊本県南阿蘇村吉田1300-2,検索,,,,,https://portal.bousai.pref.kumamoto.jp/sp.html?p=evacuation%2Fshelter&l=15-0&ll=32.63819999999999%2C130.77610000000004&z=9&municipalityCd=430005,2beaf7b64a07651f09fadf8734a4ab260d2cdad0dedb5d4ba94ee44408f59077,"{""ルート検索"": ""検索"", ""住所"": ""熊本県南阿蘇村吉田1300-2"", ""市町村"": ""南阿蘇村"", ""混雑状況"": ""---"", ""避難所名"": ""スパーク白水"", ""開設状況"": ""---""}",unmatched,no_candidate,,0,,,,,,,,,,,[],,[],[],reference/43000_1.csv,dd6686fa000c3e720180ba96d02aacff987aec1bba3c9bc69a5867fc0089d10d
2026-07-30,2026-07-30T00:13:27+09:00,26/07/30 00:13時点の避難所状況の一覧です。,2026-07-30T00:13+09:00,web:e25896026ecc3316899d,e25896026ecc3316899d,南阿蘇村,一関1区公民館,---,false,---,,南阿蘇村一関607-3,検索,,,,,https://portal.bousai.pref.kumamoto.jp/sp.html?p=evacuation%2Fshelter&l=15-0&ll=32.63819999999999%2C130.77610000000004&z=9&municipalityCd=430005,466c35326dfe0f0c118cff7f23401913375e50e293e5be2b30883c655c4b1083,"{""ルート検索"": ""検索"", ""住所"": ""南阿蘇村一関607-3"", ""市町村"": ""南阿蘇村"", ""混雑状況"": ""---"", ""避難所名"": ""一関1区公民館"", ""開設状況"": ""---""}",unmatched,no_candidate,,0,,,,,,,,,,,[],,[],[],reference/43000_1.csv,dd6686fa000c3e720180ba96d02aacff987aec1bba3c9bc69a5867fc0089d10d
2026-07-30,2026-07-30T00:13:27+09:00,26/07/30 00:13時点の避難所状況の一覧です。,2026-07-30T00:13+09:00,web:978b4397d3219cc9c3e5,978b4397d3219cc9c3e5,南阿蘇村,一関2区公民館,---,false,---,,南阿蘇村一関2279-1,検索,,,,,https://portal.bousai.pref.kumamoto.jp/sp.html?p=evacuation%2Fshelter&l=15-0&ll=32.63819999999999%2C130.77610000000004&z=9&municipalityCd=430005,64bb3378d2226223956275e1905a16142f799707eab59b2aa329441bf890e731,"{""ルート検索"": ""検索"", ""住所"": ""南阿蘇村一関2279-1"", ""市町村"": ""南阿蘇村"", ""混雑状況"": ""---"", ""避難所名"": ""一関2区公民館"", ""開設状況"": ""---""}",unmatched,no_candidate,,0,,,,,,,,,,,[],,[],[],reference/43000_1.csv,dd6686fa000c3e720180ba96d02aacff987aec1bba3c9bc69a5867fc0089d10d
2026-07-30,2026-07-30T00:13:27+09:00,26/07/30 00:13時点の避難所状況の一覧です。,2026-07-30T00:13+09:00,web:e9dfd40ba8ed0c64ed09,e9dfd40ba8ed0c64ed09,南阿蘇村,上二子石公民館,---,false,---,,南阿蘇村久石516-1,検索,,,,,https://portal.bousai.pref.kumamoto.jp/sp.html?p=evacuation%2Fshelter&l=15-0&ll=32.63819999999999%2C130.77610000000004&z=9&municipalityCd=430005,5494e96caf99f359e2936dc5484326720dd298fb449f36afac058f0530b83ff5,"{""ルート検索"": ""検索"", ""住所"": ""南阿蘇村久石516-1"", ""市町村"": ""南阿蘇村"", ""混雑状況"": ""---"", ""避難所名"": ""上二子石公民館"", ""開設状況"": ""---""}",unmatched,no_candidate,,0,,,,,,,,,,,[],,[],[],reference/43000_1.csv,dd6686fa000c3e720180ba96d02aacff987aec1bba3c9bc69a5867fc0089d10d
2026-07-30,2026-07-30T00:13:27+09:00,26/07/30 00:13時点の避難所状況の一覧です。,2026-07-30T00:13+09:00,web:157063fa16b8e44c14cb,157063fa16b8e44c14cb,南阿蘇村,下田集落センター,---,false,---,,南阿蘇村河陽1951,検索,,,,,https://portal.bousai.pref.kumamoto.jp/sp.html?p=evacuation%2Fshelter&l=15-0&ll=32.63819999999999%2C130.77610000000004&z=9&municipalityCd=430005,c5c2e5054c453ea79b991b50ad36bec0b9becfa6813f200f732e7c0bd6317102,"{""ルート検索"": ""検索"", ""住所"": ""南阿蘇村河陽1951"", ""市町村"": ""南阿蘇村"", ""混雑状況"": ""---"", ""避難所名"": ""下田集落センター"", ""開設状況"": ""---""}",unmatched,no_candidate,,0,,,,,,,,,,,[],,[],[],reference/43000_1.csv,dd6686fa000c3e720180ba96d02aacff987aec1bba3c9bc69a5867fc0089d10d
2026-07-30,2026-07-30T00:13:27+09:00,26/07/30 00:13時点の避難所状況の一覧です。,2026-07-30T00:13+09:00,web:d38522aa83c2604c6e8f,d38522aa83c2604c6e8f,南阿蘇村,下野公民館,---,false,---,,南阿蘇村下野647-1,検索,,,,,https://portal.bousai.pref.kumamoto.jp/sp.html?p=evacuation%2Fshelter&l=15-0&ll=32.63819999999999%2C130.77610000000004&z=9&municipalityCd=430005,c44ebe1f7d3c2db407e5d8bad2f6973926de5bd8c6dee8a55e067b75a1a1a8dc,"{""ルート検索"": ""検索"", ""住所"": ""南阿蘇村下野647-1"", ""市町村"": ""南阿蘇村"", ""混雑状況"": ""---"", ""避難所名"": ""下野公民館"", ""開設状況"": ""---""}",unmatched,no_candidate,,0,,,,,,,,,,,[],,[],[],reference/43000_1.csv,dd6686fa000c3e720180ba96d02aacff987aec1bba3c9bc69a5867fc0089d10d
2026-07-30,2026-07-30T00:13:27+09:00,26/07/30 00:13時点の避難所状況の一覧です。,2026-07-30T00:13+09:00,web:7d38de809fdf4c999020,7d38de809fdf4c999020,南阿蘇村,両併三区公民館,---,false,---,,南阿蘇村両併866-1,検索,,,,,https://portal.bousai.pref.kumamoto.jp/sp.html?p=evacuation%2Fshelter&l=15-0&ll=32.63819999999999%2C130.77610000000004&z=9&municipalityCd=430005,ce5b3d408ddb594e875d8ee311dd11e9d199de410c3f5234fabcf77eabdcbe88,"{""ルート検索"": ""検索"", ""住所"": ""南阿蘇村両併866-1"", ""市町村"": ""南阿蘇村"", ""混雑状況"": ""---"", ""避難所名"": ""両併三区公民館"", ""開設状況"": ""---""}",unmatched,no_candidate,,0,,,,,,,,,,,[],,[],[],reference/43000_1.csv,dd6686fa000c3e720180ba96d02aacff987aec1bba3c9bc69a5867fc0089d10d
2026-07-30,2026-07-30T00:13:27+09:00,26/07/30 00:13時点の避難所状況の一覧です。,2026-07-30T00:13+09:00,web:012b29e4f8385154aaf3,012b29e4f8385154aaf3,南阿蘇村,中原集会所,---,false,---,,南阿蘇村河陰1619,検索,,,,,https://portal.bousai.pref.kumamoto.jp/sp.html?p=evacuation%2Fshelter&l=15-0&ll=32.63819999999999%2C130.77610000000004&z=9&municipalityCd=430005,aaf7b8299dbfd6109edee1f729cc0ea7c457cff22560dcba04596aea0b1e97f6,"{""ルート検索"": ""検索"", ""住所"": ""南阿蘇村河陰1619"", ""市町村"": ""南阿蘇村"", ""混雑状況"": ""---"", ""避難所名"": ""中原集会所"", ""開設状況"": ""---""}",unmatched,no_candidate,,0,,,,,,,,,,,[],,[],[],reference/43000_1.csv,dd6686fa000c3e720180ba96d02aacff987aec1bba3c9bc69a5867fc0089d10d
2026-07-30,2026-07-30T00:13:27+09:00,26/07/30 00:13時点の避難所状況の一覧です。,2026-07-30T00:13+09:00,web:8250bb459975263ccab5,8250bb459975263ccab5,南阿蘇村,中尾公民館,---,false,---,,南阿蘇村久石2910-2,検索,,,,,https://portal.bousai.pref.kumamoto.jp/sp.html?p=evacuation%2Fshelter&l=15-0&ll=32.63819999999999%2C130.77610000000004&z=9&municipalityCd=430005,c64d771f73b6f492b14e118234c4ddc405c4515ea06ca0cb8a266fb5f5cb963e,"{""ルート検索"": ""検索"", ""住所"": ""南阿蘇村久石2910-2"", ""市町村"": ""南阿蘇村"", ""混雑状況"": ""---"", ""避難所名"": ""中尾公民館"", ""開設状況"": ""---""}",unmatched,no_candidate,,0,,,,,,,,,,,[],,[],[],reference/43000_1.csv,dd6686fa000c3e720180ba96d02aacff987aec1bba3c9bc69a5867fc0089d10d
2026-07-30,2026-07-30T00:13:27+09:00,26/07/30 00:13時点の避難所状況の一覧です。,2026-07-30T00:13+09:00,web:294822fc091738557111,294822fc091738557111,南阿蘇村,中松1区公民館,---,false,---,,南阿蘇村中松268-3,検索,,,,,https://portal.bousai.pref.kumamoto.jp/sp.html?p=evacuation%2Fshelter&l=15-0&ll=32.63819999999999%2C130.77610000000004&z=9&municipalityCd=430005,cb176b28cc5abc85ccb91b569b7083b08fc57b6fd45aa113df7a6df646f5283f,"{""ルート検索"": ""検索"", ""住所"": ""南阿蘇村中松268-3"", ""市町村"": ""南阿蘇村"", ""混雑状況"": ""---"", ""避難所名"": ""中松1区公民館"", ""開設状況"": ""---""}",unmatched,no_candidate,,0,,,,,,,,,,,[],,[],[],reference/43000_1.csv,dd6686fa000c3e720180ba96d02aacff987aec1bba3c9bc69a5867fc0089d10d
2026-07-30,2026-07-30T00:13:27+09:00,26/07/30 00:13時点の避難所状況の一覧です。,2026-07-30T00:13+09:00,web:9815189741e95fd4c304,9815189741e95fd4c304,南阿蘇村,中松2区公民館,---,false,---,,南阿蘇村中松594-1,検索,,,,,https://portal.bousai.pref.kumamoto.jp/sp.html?p=evacuation%2Fshelter&l=15-0&ll=32.63819999999999%2C130.77610000000004&z=9&municipalityCd=430005,ab2a9725754c421292284f47ebe6f4c4ba3fb478c2be0f4af228365db2648920,"{""ルート検索"": ""検索"", ""住所"": ""南阿蘇村中松594-1"", ""市町村"": ""南阿蘇村"", ""混雑状況"": ""---"", ""避難所名"": ""中松2区公民館"", ""開設状況"": ""---""}",unmatched,no_candidate,,0,,,,,,,,,,,[],,[],[],reference/43000_1.csv,dd6686fa000c3e720180ba96d02aacff987aec1bba3c9bc69a5867fc0089d10d
2026-07-30,2026-07-30T00:13:27+09:00,26/07/30 00:13時点の避難所状況の一覧です。,2026-07-30T00:13+09:00,web:0363528e01b50a718852,0363528e01b50a718852,南阿蘇村,中郷公民館,---,false,---,,南阿蘇村両併511-1,検索,,,,,https://portal.bousai.pref.kumamoto.jp/sp.html?p=evacuation%2Fshelter&l=15-0&ll=32.63819999999999%2C130.77610000000004&z=9&municipalityCd=430005,0857db087318de6e6a05ba1e35afaac9f601e15c6a26a8ca5ab4ea91d8b5d37d,"{""ルート検索"": ""検索"", ""住所"": ""南阿蘇村両併511-1"", ""市町村"": ""南阿蘇村"", ""混雑状況"": ""---"", ""避難所名"": ""中郷公民館"", ""開設状況"": ""---""}",unmatched,no_candidate,,0,,,,,,,,,,,[],,[],[],reference/43000_1.csv,dd6686fa000c3e720180ba96d02aacff987aec1bba3c9bc69a5867fc0089d10d
2026-07-30,2026-07-30T00:13:27+09:00,26/07/30 00:13時点の避難所状況の一覧です。,2026-07-30T00:13+09:00,web:00aa5b99711141bc7a5a,00aa5b99711141bc7a5a,南阿蘇村,井手口消防センター,---,false,---,,南阿蘇村久石1685-2,検索,,,,,https://portal.bousai.pref.kumamoto.jp/sp.html?p=evacuation%2Fshelter&l=15-0&ll=32.63819999999999%2C130.77610000000004&z=9&municipalityCd=430005,3366bff949410fa3a5d20cd3b81b9bc4aacc183b812723a16a9dc377ba423348,"{""ルート検索"": ""検索"", ""住所"": ""南阿蘇村久石1685-2"", ""市町村"": ""南阿蘇村"", ""混雑状況"": ""---"", ""避難所名"": ""井手口消防センター"", ""開設状況"": ""---""}",unmatched,no_candidate,,0,,,,,,,,,,,[],,[],[],reference/43000_1.csv,dd6686fa000c3e720180ba96d02aacff987aec1bba3c9bc69a5867fc0089d10d
2026-07-30,2026-07-30T00:13:27+09:00,26/07/30 00:13時点の避難所状況の一覧です。,2026-07-30T00:13+09:00,web:46c99ceab13623577fa7,46c99ceab13623577fa7,南阿蘇村,八里木公民館,---,false,---,,南阿蘇村河陰3215-3,検索,,,,,https://portal.bousai.pref.kumamoto.jp/sp.html?p=evacuation%2Fshelter&l=15-0&ll=32.63819999999999%2C130.77610000000004&z=9&municipalityCd=430005,0873247e6960c8fbb226d8250810292b0f79f4112c0a30ea30ff37eb5b829f97,"{""ルート検索"": ""検索"", ""住所"": ""南阿蘇村河陰3215-3"", ""市町村"": ""南阿蘇村"", ""混雑状況"": ""---"", ""避難所名"": ""八里木公民館"", ""開設状況"": ""---""}",unmatched,no_candidate,,0,,,,,,,,,,,[],,[],[],reference/43000_1.csv,dd6686fa000c3e720180ba96d02aacff987aec1bba3c9bc69a5867fc0089d10d
2026-07-30,2026-07-30T00:13:27+09:00,26/07/30 00:13時点の避難所状況の一覧です。,2026-07-30T00:13+09:00,web:bd521ab90c6e473cea48,bd521ab90c6e473cea48,南阿蘇村,加勢集落センター,---,false,---,,南阿蘇村河陽1757-5,検索,,,,,https://portal.bousai.pref.kumamoto.jp/sp.html?p=evacuation%2Fshelter&l=15-0&ll=32.63819999999999%2C130.77610000000004&z=9&municipalityCd=430005,3ad9ac63a4413340e0a85d2e75c2988b5769d2d9dbac4a79fbe9bb91c838ca56,"{""ルート検索"": ""検索"", ""住所"": ""南阿蘇村河陽1757-5"", ""市町村"": ""南阿蘇村"", ""混雑状況"": ""---"", ""避難所名"": ""加勢集落センター"", ""開設状況"": ""---""}",unmatched,no_candidate,,0,,,,,,,,,,,[],,[],[],reference/43000_1.csv,dd6686fa000c3e720180ba96d02aacff987aec1bba3c9bc69a5867fc0089d10d
2026-07-30,2026-07-30T00:13:27+09:00,26/07/30 00:13時点の避難所状況の一覧です。,2026-07-30T00:13+09:00,web:a49aad4e60b19f3b47c0,a49aad4e60b19f3b47c0,南阿蘇村,吉田一区公民館,---,false,---,,熊本県南阿蘇村吉田1300-2,検索,,,,,https://portal.bousai.pref.kumamoto.jp/sp.html?p=evacuation%2Fshelter&l=15-0&ll=32.63819999999999%2C130.77610000000004&z=9&municipalityCd=430005,9ab2f29171130cb7b51c66dc3fbc8801221054eff7e6f6ed15b4d5b22bd1e1dd,"{""ルート検索"": ""検索"", ""住所"": ""熊本県南阿蘇村吉田1300-2"", ""市町村"": ""南阿蘇村"", ""混雑状況"": ""---"", ""避難所名"": ""吉田一区公民館"", ""開設状況"": ""---""}",unmatched,exact_name_municipality_conflict,,0,,,,,,,,,,,[],,[],"[{""NO"": ""1037"", ""その他市町村長が必要と認める事項"": """", ""住所"": ""熊本県天草市久玉町400-1地先"", ""備考"": """", ""共通ID"": ""E4321500278111"", ""受入対象者"": """", ""指定緊急避難場所との住所同一"": """", ""施設・場所名"": ""吉田一区公民館"", ""経度"": ""130.027011"", ""緯度"": ""32.215792""}]",reference/43000_1.csv,dd6686fa000c3e720180ba96d02aacff987aec1bba3c9bc69a5867fc0089d10d
2026-07-30,2026-07-30T00:13:27+09:00,26/07/30 00:13時点の避難所状況の一覧です。,2026-07-30T00:13+09:00,web:dcafa12721f7f9ae29d6,dcafa12721f7f9ae29d6,南阿蘇村,喜多公民館,---,false,---,,南阿蘇村河陽3425-6,検索,,,,,https://portal.bousai.pref.kumamoto.jp/sp.html?p=evacuation%2Fshelter&l=15-0&ll=32.63819999999999%2C130.77610000000004&z=9&municipalityCd=430005,89c24c8c17bb9ee72e28983b724a539004f47e89a748e206d17e28b72d3e90be,"{""ルート検索"": ""検索"", ""住所"": ""南阿蘇村河陽3425-6"", ""市町村"": ""南阿蘇村"", ""混雑状況"": ""---"", ""避難所名"": ""喜多公民館"", ""開設状況"": ""---""}",unmatched,no_candidate,,0,,,,,,,,,,,[],,[],[],reference/43000_1.csv,dd6686fa000c3e720180ba96d02aacff987aec1bba3c9bc69a5867fc0089d10d
2026-07-30,2026-07-30T00:13:27+09:00,26/07/30 00:13時点の避難所状況の一覧です。,2026-07-30T00:13+09:00,web:861f6a82efdddc20e1da,861f6a82efdddc20e1da,南阿蘇村,堀渡公民館,---,false,---,,南阿蘇村河陰3759-3,検索,,,,,https://portal.bousai.pref.kumamoto.jp/sp.html?p=evacuation%2Fshelter&l=15-0&ll=32.63819999999999%2C130.77610000000004&z=9&municipalityCd=430005,ad099e8f9845bb0105fb642b436def542f523746ced8286a071918a4a1f3ad14,"{""ルート検索"": ""検索"", ""住所"": ""南阿蘇村河陰3759-3"", ""市町村"": ""南阿蘇村"", ""混雑状況"": ""---"", ""避難所名"": ""堀渡公民館"", ""開設状況"": ""---""}",unmatched,no_candidate,,0,,,,,,,,,,,[],,[],[],reference/43000_1.csv,dd6686fa000c3e720180ba96d02aacff987aec1bba3c9bc69a5867fc0089d10d
2026-07-30,2026-07-30T00:13:27+09:00,26/07/30 00:13時点の避難所状況の一覧です。,2026-07-30T00:13+09:00,web:16fb29e765c6c77ddeb7,16fb29e765c6c77ddeb7,南阿蘇村,山田公民館,---,false,---,,南阿蘇村河陰1935-3,検索,,,,,https://portal.bousai.pref.kumamoto.jp/sp.html?p=evacuation%2Fshelter&l=15-0&ll=32.63819999999999%2C130.77610000000004&z=9&municipalityCd=430005,cea3986fa1aa770719d949aa736764857d378fce6c4cc46a0e3ce8684f88c46c,"{""ルート検索"": ""検索"", ""住所"": ""南阿蘇村河陰1935-3"", ""市町村"": ""南阿蘇村"", ""混雑状況"": ""---"", ""避難所名"": ""山田公民館"", ""開設状況"": ""---""}",unmatched,no_candidate,,0,,,,,,,,,,,[],,[],[],reference/43000_1.csv,dd6686fa000c3e720180ba96d02aacff987aec1bba3c9bc69a5867fc0089d10d
2026-07-30,2026-07-30T00:13:27+09:00,26/07/30 00:13時点の避難所状況の一覧です。,2026-07-30T00:13+09:00,web:22d222138a5a9ceb62be,22d222138a5a9ceb62be,南阿蘇村,岸野公民館,---,false,---,,南阿蘇村河陰3869,検索,,,,,https://portal.bousai.pref.kumamoto.jp/sp.html?p=evacuation%2Fshelter&l=15-0&ll=32.63819999999999%2C130.77610000000004&z=9&municipalityCd=430005,6e95fc777c18e4fba71c78471b1b98fe9b322eb2445517d5341397a1ae62ac45,"{""ルート検索"": ""検索"", ""住所"": ""南阿蘇村河陰3869"", ""市町村"": ""南阿蘇村"", ""混雑状況"": ""---"", ""避難所名"": ""岸野公民館"", ""開設状況"": ""---""}",unmatched,no_candidate,,0,,,,,,,,,,,[],,[],[],reference/43000_1.csv,dd6686fa000c3e720180ba96d02aacff987aec1bba3c9bc69a5867fc0089d10d
2026-07-30,2026-07-30T00:13:27+09:00,26/07/30 00:13時点の避難所状況の一覧です。,2026-07-30T00:13+09:00,web:ba76d0419a71b3f861be,ba76d0419a71b3f861be,南阿蘇村,憩いの家,---,false,---,,南阿蘇村,検索,,,,,https://portal.bousai.pref.kumamoto.jp/sp.html?p=evacuation%2Fshelter&l=15-0&ll=32.63819999999999%2C130.77610000000004&z=9&municipalityCd=430005,21cd1cecd9ed04842425433c9f3a0deb87a3deeb04eacf11b55ecb732c882b00,"{""ルート検索"": ""検索"", ""住所"": ""南阿蘇村"", ""市町村"": ""南阿蘇村"", ""混雑状況"": ""---"", ""避難所名"": ""憩いの家"", ""開設状況"": ""---""}",unmatched,no_candidate,,0,,,,,,,,,,,[],,[],[],reference/43000_1.csv,dd6686fa000c3e720180ba96d02aacff987aec1bba3c9bc69a5867fc0089d10d
2026-07-30,2026-07-30T00:13:27+09:00,26/07/30 00:13時点の避難所状況の一覧です。,2026-07-30T00:13+09:00,web:419aca70f22613ef27b3,419aca70f22613ef27b3,南阿蘇村,摺尾公民館,---,false,---,,南阿蘇村河陰4891-3,検索,,,,,https://portal.bousai.pref.kumamoto.jp/sp.html?p=evacuation%2Fshelter&l=15-0&ll=32.63819999999999%2C130.77610000000004&z=9&municipalityCd=430005,6a8cb05a4b8685583ef09d2bbd752d349baf3e3f3e9ab442f51a269ed340f7e7,"{""ルート検索"": ""検索"", ""住所"": ""南阿蘇村河陰4891-3"", ""市町村"": ""南阿蘇村"", ""混雑状況"": ""---"", ""避難所名"": ""摺尾公民館"", ""開設状況"": ""---""}",unmatched,no_candidate,,0,,,,,,,,,,,[],,[],[],reference/43000_1.csv,dd6686fa000c3e720180ba96d02aacff987aec1bba3c9bc69a5867fc0089d10d
2026-07-30,2026-07-30T00:13:27+09:00,26/07/30 00:13時点の避難所状況の一覧です。,2026-07-30T00:13+09:00,web:570595efd12c87e7f17e,570595efd12c87e7f17e,南阿蘇村,東下田公民館,---,false,---,,熊本県南阿蘇村河陽398-3,検索,,,,,https://portal.bousai.pref.kumamoto.jp/sp.html?p=evacuation%2Fshelter&l=15-0&ll=32.63819999999999%2C130.77610000000004&z=9&municipalityCd=430005,c6db7232f08f1b72908b5a88a97b13599ee65691495fc00d1738a5b801d1df2a,"{""ルート検索"": ""検索"", ""住所"": ""熊本県南阿蘇村河陽398-3"", ""市町村"": ""南阿蘇村"", ""混雑状況"": ""---"", ""避難所名"": ""東下田公民館"", ""開設状況"": ""---""}",unmatched,no_candidate,,0,,,,,,,,,,,[],,[],[],reference/43000_1.csv,dd6686fa000c3e720180ba96d02aacff987aec1bba3c9bc69a5867fc0089d10d
2026-07-30,2026-07-30T00:13:27+09:00,26/07/30 00:13時点の避難所状況の一覧です。,2026-07-30T00:13+09:00,web:eabc7ae582b019678d21,eabc7ae582b019678d21,南阿蘇村,松の木公民館,---,false,---,,南阿蘇村中松1947-1,検索,,,,,https://portal.bousai.pref.kumamoto.jp/sp.html?p=evacuation%2Fshelter&l=15-0&ll=32.63819999999999%2C130.77610000000004&z=9&municipalityCd=430005,db86eab1b6b4fa47db145c998bb01ef9ec59946d762b8588d94bf0333974745f,"{""ルート検索"": ""検索"", ""住所"": ""南阿蘇村中松1947-1"", ""市町村"": ""南阿蘇村"", ""混雑状況"": ""---"", ""避難所名"": ""松の木公民館"", ""開設状況"": ""---""}",unmatched,no_candidate,,0,,,,,,,,,,,[],,[],[],reference/43000_1.csv,dd6686fa000c3e720180ba96d02aacff987aec1bba3c9bc69a5867fc0089d10d
2026-07-30,2026-07-30T00:13:27+09:00,26/07/30 00:13時点の避難所状況の一覧です。,2026-07-30T00:13+09:00,web:81d008bb2c46d02342de,81d008bb2c46d02342de,南阿蘇村,柿野公民館,---,false,---,,南阿蘇村河陰4421,検索,,,,,https://portal.bousai.pref.kumamoto.jp/sp.html?p=evacuation%2Fshelter&l=15-0&ll=32.63819999999999%2C130.77610000000004&z=9&municipalityCd=430005,c7b0789281c2f1e90263ad3ce88aa6dd9ea12599fe59c867b17e4948ff19acf4,"{""ルート検索"": ""検索"", ""住所"": ""南阿蘇村河陰4421"", ""市町村"": ""南阿蘇村"", ""混雑状況"": ""---"", ""避難所名"": ""柿野公民館"", ""開設状況"": ""---""}",unmatched,no_candidate,,0,,,,,,,,,,,[],,[],[],reference/43000_1.csv,dd6686fa000c3e720180ba96d02aacff987aec1bba3c9bc69a5867fc0089d10d
2026-07-30,2026-07-30T00:13:27+09:00,26/07/30 00:13時点の避難所状況の一覧です。,2026-07-30T00:13+09:00,web:4fbf1337b4d4c102e744,4fbf1337b4d4c102e744,南阿蘇村,栃木公民館,---,false,---,,南阿蘇村河陽4109-3,検索,,,,,https://portal.bousai.pref.kumamoto.jp/sp.html?p=evacuation%2Fshelter&l=15-0&ll=32.63819999999999%2C130.77610000000004&z=9&municipalityCd=430005,c089b1540ae4ff791eb57df1039d33b883e8d1dad993ad64ed56d19c53f2a155,"{""ルート検索"": ""検索"", ""住所"": ""南阿蘇村河陽4109-3"", ""市町村"": ""南阿蘇村"", ""混雑状況"": ""---"", ""避難所名"": ""栃木公民館"", ""開設状況"": ""---""}",unmatched,no_candidate,,0,,,,,,,,,,,[],,[],[],reference/43000_1.csv,dd6686fa000c3e720180ba96d02aacff987aec1bba3c9bc69a5867fc0089d10d
2026-07-30,2026-07-30T00:13:27+09:00,26/07/30 00:13時点の避難所状況の一覧です。,2026-07-30T00:13+09:00,web:8f6cc3f9ed92f6cbc085,8f6cc3f9ed92f6cbc085,南阿蘇村,沢津野公民館,---,false,---,,南阿蘇村河陽5719-1,検索,,,,,https://portal.bousai.pref.kumamoto.jp/sp.html?p=evacuation%2Fshelter&l=15-0&ll=32.63819999999999%2C130.77610000000004&z=9&municipalityCd=430005,4e73c70c1f84d04d017dca805833ac8b0a8291fb649460f1455ab56c6f4877b7,"{""ルート検索"": ""検索"", ""住所"": ""南阿蘇村河陽5719-1"", ""市町村"": ""南阿蘇村"", ""混雑状況"": ""---"", ""避難所名"": ""沢津野公民館"", ""開設状況"": ""---""}",unmatched,no_candidate,,0,,,,,,,,,,,[],,[],[],reference/43000_1.csv,dd6686fa000c3e720180ba96d02aacff987aec1bba3c9bc69a5867fc0089d10d
2026-07-30,2026-07-30T00:13:27+09:00,26/07/30 00:13時点の避難所状況の一覧です。,2026-07-30T00:13+09:00,web:75378ff82dd687618642,75378ff82dd687618642,南阿蘇村,温泉センターウィナス,---,false,---,,熊本県南阿蘇村河陽4530番地,検索,,,,,https://portal.bousai.pref.kumamoto.jp/sp.html?p=evacuation%2Fshelter&l=15-0&ll=32.63819999999999%2C130.77610000000004&z=9&municipalityCd=430005,405931d033e4a13f9a7461db7d5b234879d95d1e4567187c9a38b66ee15f5eab,"{""ルート検索"": ""検索"", ""住所"": ""熊本県南阿蘇村河陽4530番地"", ""市町村"": ""南阿蘇村"", ""混雑状況"": ""---"", ""避難所名"": ""温泉センターウィナス"", ""開設状況"": ""---""}",unmatched,no_candidate,,0,,,,,,,,,,,[],,[],[],reference/43000_1.csv,dd6686fa000c3e720180ba96d02aacff987aec1bba3c9bc69a5867fc0089d10d
2026-07-30,2026-07-30T00:13:27+09:00,26/07/30 00:13時点の避難所状況の一覧です。,2026-07-30T00:13+09:00,web:900899fb9fe4e4a82744,900899fb9fe4e4a82744,南阿蘇村,猶須公民館,---,false,---,,南阿蘇村河陰631-1,検索,,,,,https://portal.bousai.pref.kumamoto.jp/sp.html?p=evacuation%2Fshelter&l=15-0&ll=32.63819999999999%2C130.77610000000004&z=9&municipalityCd=430005,bf6d98995c11965b9ef2f0a8008df4085ca77d92b3ebc1abcd8bce3702b00606,"{""ルート検索"": ""検索"", ""住所"": ""南阿蘇村河陰631-1"", ""市町村"": ""南阿蘇村"", ""混雑状況"": ""---"", ""避難所名"": ""猶須公民館"", ""開設状況"": ""---""}",unmatched,no_candidate,,0,,,,,,,,,,,[],,[],[],reference/43000_1.csv,dd6686fa000c3e720180ba96d02aacff987aec1bba3c9bc69a5867fc0089d10d
2026-07-30,2026-07-30T00:13:27+09:00,26/07/30 00:13時点の避難所状況の一覧です。,2026-07-30T00:13+09:00,web:24eaa9559a020a0ea72d,24eaa9559a020a0ea72d,南阿蘇村,白川公民館,---,false,---,,南阿蘇村白川2105-2,検索,,,,,https://portal.bousai.pref.kumamoto.jp/sp.html?p=evacuation%2Fshelter&l=15-0&ll=32.63819999999999%2C130.77610000000004&z=9&municipalityCd=430005,02713a3535cf3666f3a4a21b63e8b162eee5b0d9cd2e5d24a2f5399cf4b1292a,"{""ルート検索"": ""検索"", ""住所"": ""南阿蘇村白川2105-2"", ""市町村"": ""南阿蘇村"", ""混雑状況"": ""---"", ""避難所名"": ""白川公民館"", ""開設状況"": ""---""}",unmatched,no_candidate,,0,,,,,,,,,,,[],,[],[],reference/43000_1.csv,dd6686fa000c3e720180ba96d02aacff987aec1bba3c9bc69a5867fc0089d10d
2026-07-30,2026-07-30T00:13:27+09:00,26/07/30 00:13時点の避難所状況の一覧です。,2026-07-30T00:13+09:00,web:94d8c3dcaa8859a798f1,94d8c3dcaa8859a798f1,南阿蘇村,白水中学校,---,false,---,,南阿蘇村吉田2301,検索,,,,,https://portal.bousai.pref.kumamoto.jp/sp.html?p=evacuation%2Fshelter&l=15-0&ll=32.63819999999999%2C130.77610000000004&z=9&municipalityCd=430005,37f38f65b4612c03d4497a9c7aba364f542d00b614b701d866ff2b5a5cc519d9,"{""ルート検索"": ""検索"", ""住所"": ""南阿蘇村吉田2301"", ""市町村"": ""南阿蘇村"", ""混雑状況"": ""---"", ""避難所名"": ""白水中学校"", ""開設状況"": ""---""}",unmatched,no_candidate,,0,,,,,,,,,,,[],,[],[],reference/43000_1.csv,dd6686fa000c3e720180ba96d02aacff987aec1bba3c9bc69a5867fc0089d10d
2026-07-30,2026-07-30T00:13:27+09:00,26/07/30 00:13時点の避難所状況の一覧です。,2026-07-30T00:13+09:00,web:0523c6890fde58b95a5f,0523c6890fde58b95a5f,南阿蘇村,白水保健センター,---,false,---,,南阿蘇村吉田1495,検索,,,,,https://portal.bousai.pref.kumamoto.jp/sp.html?p=evacuation%2Fshelter&l=15-0&ll=32.63819999999999%2C130.77610000000004&z=9&municipalityCd=430005,21cf4e335594e62f753908f6d2fb1198a0f90add051d34aeed741f66a2a1b8a3,"{""ルート検索"": ""検索"", ""住所"": ""南阿蘇村吉田1495"", ""市町村"": ""南阿蘇村"", ""混雑状況"": ""---"", ""避難所名"": ""白水保健センター"", ""開設状況"": ""---""}",unmatched,no_candidate,,0,,,,,,,,,,,[],,[],[],reference/43000_1.csv,dd6686fa000c3e720180ba96d02aacff987aec1bba3c9bc69a5867fc0089d10d
2026-07-30,2026-07-30T00:13:27+09:00,26/07/30 00:13時点の避難所状況の一覧です。,2026-07-30T00:13+09:00,web:e015d73ed17617c42d8b,e015d73ed17617c42d8b,南阿蘇村,白水総合センター,---,false,---,,南阿蘇村吉田1495,検索,,,,,https://portal.bousai.pref.kumamoto.jp/sp.html?p=evacuation%2Fshelter&l=15-0&ll=32.63819999999999%2C130.77610000000004&z=9&municipalityCd=430005,7764f78cbfab9a5ac8ac08497511211f560b71dacfd11ceeb60d88b9bf25115a,"{""ルート検索"": ""検索"", ""住所"": ""南阿蘇村吉田1495"", ""市町村"": ""南阿蘇村"", ""混雑状況"": ""---"", ""避難所名"": ""白水総合センター"", ""開設状況"": ""---""}",unmatched,no_candidate,,0,,,,,,,,,,,[],,[],[],reference/43000_1.csv,dd6686fa000c3e720180ba96d02aacff987aec1bba3c9bc69a5867fc0089d10d
2026-07-30,2026-07-30T00:13:27+09:00,26/07/30 00:13時点の避難所状況の一覧です。,2026-07-30T00:13+09:00,web:329a647f630505b2e32f,329a647f630505b2e32f,南阿蘇村,福祉センター,---,false,---,,南阿蘇村吉田565-1,検索,,,,,https://portal.bousai.pref.kumamoto.jp/sp.html?p=evacuation%2Fshelter&l=15-0&ll=32.63819999999999%2C130.77610000000004&z=9&municipalityCd=430005,a4d5369b17e131ce21a57b35239cb57c6c9aff9cf04484cefadbf85d56ce9bdf,"{""ルート検索"": ""検索"", ""住所"": ""南阿蘇村吉田565-1"", ""市町村"": ""南阿蘇村"", ""混雑状況"": ""---"", ""避難所名"": ""福祉センター"", ""開設状況"": ""---""}",unmatched,exact_name_municipality_conflict,,0,,,,,,,,,,,[],,[],"[{""NO"": ""275"", ""その他市町村長が必要と認める事項"": """", ""住所"": ""熊本県菊陽町大字久保田2623"", ""備考"": """", ""共通ID"": ""E4340400010121"", ""受入対象者"": ""要配慮者"", ""指定緊急避難場所との住所同一"": """", ""施設・場所名"": ""福祉センター"", ""経度"": ""130.82902"", ""緯度"": ""32.860964""}]",reference/43000_1.csv,dd6686fa000c3e720180ba96d02aacff987aec1bba3c9bc69a5867fc0089d10d
2026-07-30,2026-07-30T00:13:27+09:00,26/07/30 00:13時点の避難所状況の一覧です。,2026-07-30T00:13+09:00,web:537deab134fe3264074d,537deab134fe3264074d,南阿蘇村,竹崎集会所,---,false,---,,南阿蘇村両併242,検索,,,,,https://portal.bousai.pref.kumamoto.jp/sp.html?p=evacuation%2Fshelter&l=15-0&ll=32.63819999999999%2C130.77610000000004&z=9&municipalityCd=430005,a756a7b0f70df0e228d4450e5a3fad28297303fe233f833e5cd6c2498aac1b74,"{""ルート検索"": ""検索"", ""住所"": ""南阿蘇村両併242"", ""市町村"": ""南阿蘇村"", ""混雑状況"": ""---"", ""避難所名"": ""竹崎集会所"", ""開設状況"": ""---""}",unmatched,no_candidate,,0,,,,,,,,,,,[],,[],[],reference/43000_1.csv,dd6686fa000c3e720180ba96d02aacff987aec1bba3c9bc69a5867fc0089d10d
2026-07-30,2026-07-30T00:13:27+09:00,26/07/30 00:13時点の避難所状況の一覧です。,2026-07-30T00:13+09:00,web:c1cdb0754599ba7afb63,c1cdb0754599ba7afb63,南阿蘇村,袴野公民館,---,false,---,,南阿蘇村河陽2511-1,検索,,,,,https://portal.bousai.pref.kumamoto.jp/sp.html?p=evacuation%2Fshelter&l=15-0&ll=32.63819999999999%2C130.77610000000004&z=9&municipalityCd=430005,471db563acf8d9f96ecc10d0c22b3df1aa6e85d4d061fa0962ead1524f24ed2d,"{""ルート検索"": ""検索"", ""住所"": ""南阿蘇村河陽2511-1"", ""市町村"": ""南阿蘇村"", ""混雑状況"": ""---"", ""避難所名"": ""袴野公民館"", ""開設状況"": ""---""}",unmatched,no_candidate,,0,,,,,,,,,,,[],,[],[],reference/43000_1.csv,dd6686fa000c3e720180ba96d02aacff987aec1bba3c9bc69a5867fc0089d10d
2026-07-30,2026-07-30T00:13:27+09:00,26/07/30 00:13時点の避難所状況の一覧です。,2026-07-30T00:13+09:00,web:52d743cb001b72d7e9ba,52d743cb001b72d7e9ba,南阿蘇村,長野公民館,---,false,---,,南阿蘇村長野623,検索,,,,,https://portal.bousai.pref.kumamoto.jp/sp.html?p=evacuation%2Fshelter&l=15-0&ll=32.63819999999999%2C130.77610000000004&z=9&municipalityCd=430005,f04209be84e3a97c5ac7911c6718416b403c2a0d1abf4be9b53519e1f027f0ce,"{""ルート検索"": ""検索"", ""住所"": ""南阿蘇村長野623"", ""市町村"": ""南阿蘇村"", ""混雑状況"": ""---"", ""避難所名"": ""長野公民館"", ""開設状況"": ""---""}",unmatched,no_candidate,,0,,,,,,,,,,,[],,[],[],reference/43000_1.csv,dd6686fa000c3e720180ba96d02aacff987aec1bba3c9bc69a5867fc0089d10d
2026-07-30,2026-07-30T00:13:27+09:00,26/07/30 00:13時点の避難所状況の一覧です。,2026-07-30T00:13+09:00,web:70e2447a67df7da31e76,70e2447a67df7da31e76,南阿蘇村,長陽中央公民館,---,false,---,,南阿蘇村河陽3575,検索,,,,,https://portal.bousai.pref.kumamoto.jp/sp.html?p=evacuation%2Fshelter&l=15-0&ll=32.63819999999999%2C130.77610000000004&z=9&municipalityCd=430005,a4dba2a300b532f09fc1ebc3ce2d93327556f687ad04653f9003ecf153eab1f4,"{""ルート検索"": ""検索"", ""住所"": ""南阿蘇村河陽3575"", ""市町村"": ""南阿蘇村"", ""混雑状況"": ""---"", ""避難所名"": ""長陽中央公民館"", ""開設状況"": ""---""}",unmatched,no_candidate,,0,,,,,,,,,,,[],,[],[],reference/43000_1.csv,dd6686fa000c3e720180ba96d02aacff987aec1bba3c9bc69a5867fc0089d10d
2026-07-30,2026-07-30T00:13:27+09:00,26/07/30 00:13時点の避難所状況の一覧です。,2026-07-30T00:13+09:00,web:2785772ac0f7647e995b,2785772ac0f7647e995b,合志市,すずかけ台コミセン,---,false,---,,合志市豊岡2527-529,検索,,,,,https://portal.bousai.pref.kumamoto.jp/sp.html?p=evacuation%2Fshelter&l=15-0&ll=32.63819999999999%2C130.77610000000004&z=9&municipalityCd=430005,2824c263a5be819cb8ad96d7ac18162f82c715cac7bcd24a0c4b2c9e06afce76,"{""ルート検索"": ""検索"", ""住所"": ""合志市豊岡2527-529"", ""市町村"": ""合志市"", ""混雑状況"": ""---"", ""避難所名"": ""すずかけ台コミセン"", ""開設状況"": ""---""}",unmatched,no_candidate,,0,,,,,,,,,,,[],,[],[],reference/43000_1.csv,dd6686fa000c3e720180ba96d02aacff987aec1bba3c9bc69a5867fc0089d10d
2026-07-30,2026-07-30T00:13:27+09:00,26/07/30 00:13時点の避難所状況の一覧です。,2026-07-30T00:13+09:00,web:7bd7234feb9d46fc1ae6,7bd7234feb9d46fc1ae6,合志市,すずかけ台中央公園,---,false,---,,合志市豊岡2527-504,検索,,,,,https://portal.bousai.pref.kumamoto.jp/sp.html?p=evacuation%2Fshelter&l=15-0&ll=32.63819999999999%2C130.77610000000004&z=9&municipalityCd=430005,7d47b4b4b7fa766aec8c843e13b338a3d004155f1000c3e546a7c80b5c97a672,"{""ルート検索"": ""検索"", ""住所"": ""合志市豊岡2527-504"", ""市町村"": ""合志市"", ""混雑状況"": ""---"", ""避難所名"": ""すずかけ台中央公園"", ""開設状況"": ""---""}",unmatched,no_candidate,,0,,,,,,,,,,,[],,[],[],reference/43000_1.csv,dd6686fa000c3e720180ba96d02aacff987aec1bba3c9bc69a5867fc0089d10d
2026-07-30,2026-07-30T00:13:27+09:00,26/07/30 00:13時点の避難所状況の一覧です。,2026-07-30T00:13+09:00,web:48f87531ed0773b78cc7,48f87531ed0773b78cc7,合志市,すずかけ台北公園,---,false,---,,合志市豊岡2000-770,検索,,,,,https://portal.bousai.pref.kumamoto.jp/sp.html?p=evacuation%2Fshelter&l=15-0&ll=32.63819999999999%2C130.77610000000004&z=9&municipalityCd=430005,c914824ba482b065cbb5b3d791e9e818d009a21393ca9b9e51242be7d5787640,"{""ルート検索"": ""検索"", ""住所"": ""合志市豊岡2000-770"", ""市町村"": ""合志市"", ""混雑状況"": ""---"", ""避難所名"": ""すずかけ台北公園"", ""開設状況"": ""---""}",unmatched,no_candidate,,0,,,,,,,,,,,[],,[],[],reference/43000_1.csv,dd6686fa000c3e720180ba96d02aacff987aec1bba3c9bc69a5867fc0089d10d
2026-07-30,2026-07-30T00:13:27+09:00,26/07/30 00:13時点の避難所状況の一覧です。,2026-07-30T00:13+09:00,web:5dfb58734d3783ce8645,5dfb58734d3783ce8645,合志市,すずかけ台南公園,---,false,---,,合志市豊岡2527-73,検索,,,,,https://portal.bousai.pref.kumamoto.jp/sp.html?p=evacuation%2Fshelter&l=15-0&ll=32.63819999999999%2C130.77610000000004&z=9&municipalityCd=430005,3810d0c1f5243a21ca8360e5eb6947d19ec71dafdb7c03bb835e10e9db269f76,"{""ルート検索"": ""検索"", ""住所"": ""合志市豊岡2527-73"", ""市町村"": ""合志市"", ""混雑状況"": ""---"", ""避難所名"": ""すずかけ台南公園"", ""開設状況"": ""---""}",unmatched,no_candidate,,0,,,,,,,,,,,[],,[],[],reference/43000_1.csv,dd6686fa000c3e720180ba96d02aacff987aec1bba3c9bc69a5867fc0089d10d
2026-07-30,2026-07-30T00:13:27+09:00,26/07/30 00:13時点の避難所状況の一覧です。,2026-07-30T00:13+09:00,web:a934bd11c761940feb28,a934bd11c761940feb28,合志市,すずかけ台西公園,---,false,---,,合志市豊岡2000-927,検索,,,,,https://portal.bousai.pref.kumamoto.jp/sp.html?p=evacuation%2Fshelter&l=15-0&ll=32.63819999999999%2C130.77610000000004&z=9&municipalityCd=430005,75d2f57955f747d1652dfc7480e25e87a5a5f6831047a0db6357660840682dd6,"{""ルート検索"": ""検索"", ""住所"": ""合志市豊岡2000-927"", ""市町村"": ""合志市"", ""混雑状況"": ""---"", ""避難所名"": ""すずかけ台西公園"", ""開設状況"": ""---""}",unmatched,no_candidate,,0,,,,,,,,,,,[],,[],[],reference/43000_1.csv,dd6686fa000c3e720180ba96d02aacff987aec1bba3c9bc69a5867fc0089d10d
2026-07-30,2026-07-30T00:13:27+09:00,26/07/30 00:13時点の避難所状況の一覧です。,2026-07-30T00:13+09:00,web:82f0678cae5cbf52a02a,82f0678cae5cbf52a02a,合志市,みずき台グラウンド,---,false,---,,合志市須屋2811-2,検索,,,,,https://portal.bousai.pref.kumamoto.jp/sp.html?p=evacuation%2Fshelter&l=15-0&ll=32.63819999999999%2C130.77610000000004&z=9&municipalityCd=430005,4ae8b88ec471f57fdc8565b5d18c87406230030eaee8929212c6824a8ee76ad0,"{""ルート検索"": ""検索"", ""住所"": ""合志市須屋2811-2"", ""市町村"": ""合志市"", ""混雑状況"": ""---"", ""避難所名"": ""みずき台グラウンド"", ""開設状況"": ""---""}",unmatched,no_candidate,,0,,,,,,,,,,,[],,[],[],reference/43000_1.csv,dd6686fa000c3e720180ba96d02aacff987aec1bba3c9bc69a5867fc0089d10d
2026-07-30,2026-07-30T00:13:27+09:00,26/07/30 00:13時点の避難所状況の一覧です。,2026-07-30T00:13+09:00,web:7748133a028d1426227d,7748133a028d1426227d,合志市,わんぱく広場,---,false,---,,合志市竹迫1749,検索,,,,,https://portal.bousai.pref.kumamoto.jp/sp.html?p=evacuation%2Fshelter&l=15-0&ll=32.63819999999999%2C130.77610000000004&z=9&municipalityCd=430005,21216247c38df11b86fd54b7a178e6dcf0e7e3d56d100559d92f5730682a73ae,"{""ルート検索"": ""検索"", ""住所"": ""合志市竹迫1749"", ""市町村"": ""合志市"", ""混雑状況"": ""---"", ""避難所名"": ""わんぱく広場"", ""開設状況"": ""---""}",unmatched,no_candidate,,0,,,,,,,,,,,[],,[],[],reference/43000_1.csv,dd6686fa000c3e720180ba96d02aacff987aec1bba3c9bc69a5867fc0089d10d
2026-07-30,2026-07-30T00:13:27+09:00,26/07/30 00:13時点の避難所状況の一覧です。,2026-07-30T00:13+09:00,web:f144483f476dd07add20,f144483f476dd07add20,合志市,中央運動公園グラウンド,---,false,---,,合志市野々島5500,検索,,,,,https://portal.bousai.pref.kumamoto.jp/sp.html?p=evacuation%2Fshelter&l=15-0&ll=32.63819999999999%2C130.77610000000004&z=9&municipalityCd=430005,3024b22dd5e0ab1a3894624a1f73782e9c2b694a0dd0927c44f66038ee8e40e5,"{""ルート検索"": ""検索"", ""住所"": ""合志市野々島5500"", ""市町村"": ""合志市"", ""混雑状況"": ""---"", ""避難所名"": ""中央運動公園グラウンド"", ""開設状況"": ""---""}",unmatched,no_candidate,,0,,,,,,,,,,,[],,[],[],reference/43000_1.csv,dd6686fa000c3e720180ba96d02aacff987aec1bba3c9bc69a5867fc0089d10d
2026-07-30,2026-07-30T00:13:27+09:00,26/07/30 00:13時点の避難所状況の一覧です。,2026-07-30T00:13+09:00,web:61ca50f6ff72b5ca9750,61ca50f6ff72b5ca9750,合志市,元気の森公園,---,false,---,,合志市幾久富1913-1,検索,,,,,https://portal.bousai.pref.kumamoto.jp/sp.html?p=evacuation%2Fshelter&l=15-0&ll=32.63819999999999%2C130.77610000000004&z=9&municipalityCd=430005,33749b9eb971890c2d75d6e9deb8d1270b6d469b7b70f44bfcfde949406a5826,"{""ルート検索"": ""検索"", ""住所"": ""合志市幾久富1913-1"", ""市町村"": ""合志市"", ""混雑状況"": ""---"", ""避難所名"": ""元気の森公園"", ""開設状況"": ""---""}",unmatched,no_candidate,,0,,,,,,,,,,,[],,[],[],reference/43000_1.csv,dd6686fa000c3e720180ba96d02aacff987aec1bba3c9bc69a5867fc0089d10d
2026-07-30,2026-07-30T00:13:27+09:00,26/07/30 00:13時点の避難所状況の一覧です。,2026-07-30T00:13+09:00,web:f3448d6ff3b4c0628e22,f3448d6ff3b4c0628e22,合志市,合志市栄グラウンド,---,false,---,,合志市栄2295-138,検索,,,,,https://portal.bousai.pref.kumamoto.jp/sp.html?p=evacuation%2Fshelter&l=15-0&ll=32.63819999999999%2C130.77610000000004&z=9&municipalityCd=430005,38089cb3ab779f58e7dbdf953ccb79150bf577441453f58de7393bf00a063b23,"{""ルート検索"": ""検索"", ""住所"": ""合志市栄2295-138"", ""市町村"": ""合志市"", ""混雑状況"": ""---"", ""避難所名"": ""合志市栄グラウンド"", ""開設状況"": ""---""}",unmatched,no_candidate,,0,,,,,,,,,,,[],,[],[],reference/43000_1.csv,dd6686fa000c3e720180ba96d02aacff987aec1bba3c9bc69a5867fc0089d10d
2026-07-30,2026-07-30T00:13:27+09:00,26/07/30 00:13時点の避難所状況の一覧です。,2026-07-30T00:13+09:00,web:8ee0249a9b346f9ed9d4,8ee0249a9b346f9ed9d4,合志市,合志市西合志体育館,---,false,---,,合志市野々島4440,検索,,,,,https://portal.bousai.pref.kumamoto.jp/sp.html?p=evacuation%2Fshelter&l=15-0&ll=32.63819999999999%2C130.77610000000004&z=9&municipalityCd=430005,f5748e553d0123c691bda99d3e27cd0560b750c64f50aaae13a0954959c35483,"{""ルート検索"": ""検索"", ""住所"": ""合志市野々島4440"", ""市町村"": ""合志市"", ""混雑状況"": ""---"", ""避難所名"": ""合志市西合志体育館"", ""開設状況"": ""---""}",unmatched,no_candidate,,0,,,,,,,,,,,[],,[],[],reference/43000_1.csv,dd6686fa000c3e720180ba96d02aacff987aec1bba3c9bc69a5867fc0089d10d
2026-07-30,2026-07-30T00:13:27+09:00,26/07/30 00:13時点の避難所状況の一覧です。,2026-07-30T00:13+09:00,web:a40a10af057414b9f416,a40a10af057414b9f416,合志市,杉並台中央公園,---,false,---,,合志市幾久富1647-95,検索,,,,,https://portal.bousai.pref.kumamoto.jp/sp.html?p=evacuation%2Fshelter&l=15-0&ll=32.63819999999999%2C130.77610000000004&z=9&municipalityCd=430005,742dd7586f2c6ba3da2fb3c4dac3044cf382003e4fcff9d234e3140245f89017,"{""ルート検索"": ""検索"", ""住所"": ""合志市幾久富1647-95"", ""市町村"": ""合志市"", ""混雑状況"": ""---"", ""避難所名"": ""杉並台中央公園"", ""開設状況"": ""---""}",unmatched,no_candidate,,0,,,,,,,,,,,[],,[],[],reference/43000_1.csv,dd6686fa000c3e720180ba96d02aacff987aec1bba3c9bc69a5867fc0089d10d
2026-07-30,2026-07-30T00:13:27+09:00,26/07/30 00:13時点の避難所状況の一覧です。,2026-07-30T00:13+09:00,web:c1a69f25e0d98de24a45,c1a69f25e0d98de24a45,合志市,楓の森小・中学校,---,false,---,,熊本県合志市栄3793-5,検索,,,,,https://portal.bousai.pref.kumamoto.jp/sp.html?p=evacuation%2Fshelter&l=15-0&ll=32.63819999999999%2C130.77610000000004&z=9&municipalityCd=430005,e6c61c7c24a1e51a4464fef397a003a73ba61a6da79cd62c70ea221aa758e953,"{""ルート検索"": ""検索"", ""住所"": ""熊本県合志市栄3793-5"", ""市町村"": ""合志市"", ""混雑状況"": ""---"", ""避難所名"": ""楓の森小・中学校"", ""開設状況"": ""---""}",unmatched,fuzzy_below_threshold,0.897,0,,,,,,,,,,,[],,[],"[{""NO"": ""705"", ""その他市町村長が必要と認める事項"": """", ""住所"": ""熊本県合志市栄3793-5"", ""備考"": """", ""共通ID"": ""E4321600050113"", ""受入対象者"": """", ""指定緊急避難場所との住所同一"": ""1"", ""施設・場所名"": ""合志楓の森小・中学校"", ""経度"": ""130.756366"", ""緯度"": ""32.878614""}]",reference/43000_1.csv,dd6686fa000c3e720180ba96d02aacff987aec1bba3c9bc69a5867fc0089d10d
2026-07-30,2026-07-30T00:13:27+09:00,26/07/30 00:13時点の避難所状況の一覧です。,2026-07-30T00:13+09:00,web:425dd8fa86dde064a862,425dd8fa86dde064a862,合志市,永江団地中央公園,---,false,---,,合志市幾久富1758-38,検索,,,,,https://portal.bousai.pref.kumamoto.jp/sp.html?p=evacuation%2Fshelter&l=15-0&ll=32.63819999999999%2C130.77610000000004&z=9&municipalityCd=430005,8110300c989a57934f7eb5f11639da75b87f9aa328a27a0c351947d448c5797a,"{""ルート検索"": ""検索"", ""住所"": ""合志市幾久富1758-38"", ""市町村"": ""合志市"", ""混雑状況"": ""---"", ""避難所名"": ""永江団地中央公園"", ""開設状況"": ""---""}",unmatched,no_candidate,,0,,,,,,,,,,,[],,[],[],reference/43000_1.csv,dd6686fa000c3e720180ba96d02aacff987aec1bba3c9bc69a5867fc0089d10d
2026-07-30,2026-07-30T00:13:27+09:00,26/07/30 00:13時点の避難所状況の一覧です。,2026-07-30T00:13+09:00,web:cd8907bc9c6429c9cfef,cd8907bc9c6429c9cfef,合志市,永江団地西公園,---,false,---,,合志市幾久富1866-870,検索,,,,,https://portal.bousai.pref.kumamoto.jp/sp.html?p=evacuation%2Fshelter&l=15-0&ll=32.63819999999999%2C130.77610000000004&z=9&municipalityCd=430005,7914e7790091f2a4240ab571df0304db5b4e2d36dfdfef01fe29679c0be03a36,"{""ルート検索"": ""検索"", ""住所"": ""合志市幾久富1866-870"", ""市町村"": ""合志市"", ""混雑状況"": ""---"", ""避難所名"": ""永江団地西公園"", ""開設状況"": ""---""}",unmatched,no_candidate,,0,,,,,,,,,,,[],,[],[],reference/43000_1.csv,dd6686fa000c3e720180ba96d02aacff987aec1bba3c9bc69a5867fc0089d10d
2026-07-30,2026-07-30T00:13:27+09:00,26/07/30 00:13時点の避難所状況の一覧です。,2026-07-30T00:13+09:00,web:2f189d0eb027dea71597,2f189d0eb027dea71597,合志市,沖野台公園,---,false,---,,合志市幾久富1866-1185,検索,,,,,https://portal.bousai.pref.kumamoto.jp/sp.html?p=evacuation%2Fshelter&l=15-0&ll=32.63819999999999%2C130.77610000000004&z=9&municipalityCd=430005,0258685e96d9b5aaa2714215fff3c036a549fc31b5814a33cca525aa3d785882,"{""ルート検索"": ""検索"", ""住所"": ""合志市幾久富1866-1185"", ""市町村"": ""合志市"", ""混雑状況"": ""---"", ""避難所名"": ""沖野台公園"", ""開設状況"": ""---""}",unmatched,no_candidate,,0,,,,,,,,,,,[],,[],[],reference/43000_1.csv,dd6686fa000c3e720180ba96d02aacff987aec1bba3c9bc69a5867fc0089d10d
2026-07-30,2026-07-30T00:13:27+09:00,26/07/30 00:13時点の避難所状況の一覧です。,2026-07-30T00:13+09:00,web:c72c69877dfe83bcaec3,c72c69877dfe83bcaec3,合志市,泉ヶ丘中央公園,---,false,---,,合志市豊岡2022-3,検索,,,,,https://portal.bousai.pref.kumamoto.jp/sp.html?p=evacuation%2Fshelter&l=15-0&ll=32.63819999999999%2C130.77610000000004&z=9&municipalityCd=430005,b962cce69c8d637a98ffe785623e2094bdbdd587a5f9b806d84bfc4155132bda,"{""ルート検索"": ""検索"", ""住所"": ""合志市豊岡2022-3"", ""市町村"": ""合志市"", ""混雑状況"": ""---"", ""避難所名"": ""泉ヶ丘中央公園"", ""開設状況"": ""---""}",unmatched,no_candidate,,0,,,,,,,,,,,[],,[],[],reference/43000_1.csv,dd6686fa000c3e720180ba96d02aacff987aec1bba3c9bc69a5867fc0089d10d
2026-07-30,2026-07-30T00:13:27+09:00,26/07/30 00:13時点の避難所状況の一覧です。,2026-07-30T00:13+09:00,web:7b4b15bec884dd85f64d,7b4b15bec884dd85f64d,合志市,泉ヶ丘北公園,---,false,---,,合志市豊岡2023-3,検索,,,,,https://portal.bousai.pref.kumamoto.jp/sp.html?p=evacuation%2Fshelter&l=15-0&ll=32.63819999999999%2C130.77610000000004&z=9&municipalityCd=430005,addff04fe9bd829fc5aa0bbd7c6f5a555dd9d0ae20b79c4f0ffbc615d2f37aab,"{""ルート検索"": ""検索"", ""住所"": ""合志市豊岡2023-3"", ""市町村"": ""合志市"", ""混雑状況"": ""---"", ""避難所名"": ""泉ヶ丘北公園"", ""開設状況"": ""---""}",unmatched,no_candidate,,0,,,,,,,,,,,[],,[],[],reference/43000_1.csv,dd6686fa000c3e720180ba96d02aacff987aec1bba3c9bc69a5867fc0089d10d
2026-07-30,2026-07-30T00:13:27+09:00,26/07/30 00:13時点の避難所状況の一覧です。,2026-07-30T00:13+09:00,web:fbe7022388c7c4a82e04,fbe7022388c7c4a82e04,合志市,泉ヶ丘南公園,---,false,---,,合志市豊岡2013-3,検索,,,,,https://portal.bousai.pref.kumamoto.jp/sp.html?p=evacuation%2Fshelter&l=15-0&ll=32.63819999999999%2C130.77610000000004&z=9&municipalityCd=430005,18e644b1f72f4360c72bb672719268ee4d80ca82ba11a6afc1277231422c8158,"{""ルート検索"": ""検索"", ""住所"": ""合志市豊岡2013-3"", ""市町村"": ""合志市"", ""混雑状況"": ""---"", ""避難所名"": ""泉ヶ丘南公園"", ""開設状況"": ""---""}",unmatched,no_candidate,,0,,,,,,,,,,,[],,[],[],reference/43000_1.csv,dd6686fa000c3e720180ba96d02aacff987aec1bba3c9bc69a5867fc0089d10d
2026-07-30,2026-07-30T00:13:27+09:00,26/07/30 00:13時点の避難所状況の一覧です。,2026-07-30T00:13+09:00,web:42faa6d8d56e5551285c,42faa6d8d56e5551285c,合志市,泉ヶ丘東公園,---,false,---,,合志市豊岡2052-3,検索,,,,,https://portal.bousai.pref.kumamoto.jp/sp.html?p=evacuation%2Fshelter&l=15-0&ll=32.63819999999999%2C130.77610000000004&z=9&municipalityCd=430005,062ee0bf7e6f02a9905ac6d3722bd103223a0d7dc493c0f72a3e81bb43293d44,"{""ルート検索"": ""検索"", ""住所"": ""合志市豊岡2052-3"", ""市町村"": ""合志市"", ""混雑状況"": ""---"", ""避難所名"": ""泉ヶ丘東公園"", ""開設状況"": ""---""}",unmatched,no_candidate,,0,,,,,,,,,,,[],,[],[],reference/43000_1.csv,dd6686fa000c3e720180ba96d02aacff987aec1bba3c9bc69a5867fc0089d10d
2026-07-30,2026-07-30T00:13:27+09:00,26/07/30 00:13時点の避難所状況の一覧です。,2026-07-30T00:13+09:00,web:0c002b4ecdf2bda0ff3f,0c002b4ecdf2bda0ff3f,合志市,泉ヶ丘東北公園,---,false,---,,合志市豊岡2054-3,検索,,,,,https://portal.bousai.pref.kumamoto.jp/sp.html?p=evacuation%2Fshelter&l=15-0&ll=32.63819999999999%2C130.77610000000004&z=9&municipalityCd=430005,6e7d66c7690e5c03fe32823d17ef19aab93555b0b932733f3fdccbb78c741ddd,"{""ルート検索"": ""検索"", ""住所"": ""合志市豊岡2054-3"", ""市町村"": ""合志市"", ""混雑状況"": ""---"", ""避難所名"": ""泉ヶ丘東北公園"", ""開設状況"": ""---""}",unmatched,no_candidate,,0,,,,,,,,,,,[],,[],[],reference/43000_1.csv,dd6686fa000c3e720180ba96d02aacff987aec1bba3c9bc69a5867fc0089d10d
2026-07-30,2026-07-30T00:13:27+09:00,26/07/30 00:13時点の避難所状況の一覧です。,2026-07-30T00:13+09:00,web:19e3f6775802494d2b91,19e3f6775802494d2b91,合志市,熊本県立ひのくに高等支援学校,---,false,---,,合志市合生4360-7,検索,,,,,https://portal.bousai.pref.kumamoto.jp/sp.html?p=evacuation%2Fshelter&l=15-0&ll=32.63819999999999%2C130.77610000000004&z=9&municipalityCd=430005,47cf06ab3d9747ee227026fd6004736e1cc2e67da171768b8719e374c654e092,"{""ルート検索"": ""検索"", ""住所"": ""合志市合生4360-7"", ""市町村"": ""合志市"", ""混雑状況"": ""---"", ""避難所名"": ""熊本県立ひのくに高等支援学校"", ""開設状況"": ""---""}",unmatched,no_candidate,,0,,,,,,,,,,,[],,[],[],reference/43000_1.csv,dd6686fa000c3e720180ba96d02aacff987aec1bba3c9bc69a5867fc0089d10d
2026-07-30,2026-07-30T00:13:27+09:00,26/07/30 00:13時点の避難所状況の一覧です。,2026-07-30T00:13+09:00,web:6b96078b469861cddb2a,6b96078b469861cddb2a,合志市,熊本県立菊池支援学校,---,false,---,,合志市合生4300,検索,,,,,https://portal.bousai.pref.kumamoto.jp/sp.html?p=evacuation%2Fshelter&l=15-0&ll=32.63819999999999%2C130.77610000000004&z=9&municipalityCd=430005,e35e9e738739ce8ae08dcaca827a9448591d4ac3001e03394e74a10757867e84,"{""ルート検索"": ""検索"", ""住所"": ""合志市合生4300"", ""市町村"": ""合志市"", ""混雑状況"": ""---"", ""避難所名"": ""熊本県立菊池支援学校"", ""開設状況"": ""---""}",unmatched,no_candidate,,0,,,,,,,,,,,[],,[],[],reference/43000_1.csv,dd6686fa000c3e720180ba96d02aacff987aec1bba3c9bc69a5867fc0089d10d
2026-07-30,2026-07-30T00:13:27+09:00,26/07/30 00:13時点の避難所状況の一覧です。,2026-07-30T00:13+09:00,web:fa4859f13b3d128aef53,fa4859f13b3d128aef53,合志市,熊本県立農業公園,---,false,---,,合志市栄3802-4,検索,,,,,https://portal.bousai.pref.kumamoto.jp/sp.html?p=evacuation%2Fshelter&l=15-0&ll=32.63819999999999%2C130.77610000000004&z=9&municipalityCd=430005,826c515773b418d1c118089663323aa96f2880e1ae513e8c4f521159b2721262,"{""ルート検索"": ""検索"", ""住所"": ""合志市栄3802-4"", ""市町村"": ""合志市"", ""混雑状況"": ""---"", ""避難所名"": ""熊本県立農業公園"", ""開設状況"": ""---""}",unmatched,no_candidate,,0,,,,,,,,,,,[],,[],[],reference/43000_1.csv,dd6686fa000c3e720180ba96d02aacff987aec1bba3c9bc69a5867fc0089d10d
2026-07-30,2026-07-30T00:13:27+09:00,26/07/30 00:13時点の避難所状況の一覧です。,2026-07-30T00:13+09:00,web:8308dadaf2d3796bc8f3,8308dadaf2d3796bc8f3,合志市,熊本県立農業大学校,---,false,---,,合志市栄3805,検索,,,,,https://portal.bousai.pref.kumamoto.jp/sp.html?p=evacuation%2Fshelter&l=15-0&ll=32.63819999999999%2C130.77610000000004&z=9&municipalityCd=430005,5eb0ed7ff6732c3c82c80b8547810c1f987b131737515eb8ae8774eb15b0f284,"{""ルート検索"": ""検索"", ""住所"": ""合志市栄3805"", ""市町村"": ""合志市"", ""混雑状況"": ""---"", ""避難所名"": ""熊本県立農業大学校"", ""開設状況"": ""---""}",unmatched,no_candidate,,0,,,,,,,,,,,[],,[],[],reference/43000_1.csv,dd6686fa000c3e720180ba96d02aacff987aec1bba3c9bc69a5867fc0089d10d
2026-07-30,2026-07-30T00:13:27+09:00,26/07/30 00:13時点の避難所状況の一覧です。,2026-07-30T00:13+09:00,web:2631435f7aacb57af049,2631435f7aacb57af049,合志市,熊本県立黒石原支援学校,---,false,---,,合志市須屋2659,検索,,,,,https://portal.bousai.pref.kumamoto.jp/sp.html?p=evacuation%2Fshelter&l=15-0&ll=32.63819999999999%2C130.77610000000004&z=9&municipalityCd=430005,f2c37950c109bf58fc97da89e81c6e17d05865f0a5586b010af5b635fcf54145,"{""ルート検索"": ""検索"", ""住所"": ""合志市須屋2659"", ""市町村"": ""合志市"", ""混雑状況"": ""---"", ""避難所名"": ""熊本県立黒石原支援学校"", ""開設状況"": ""---""}",unmatched,no_candidate,,0,,,,,,,,,,,[],,[],[],reference/43000_1.csv,dd6686fa000c3e720180ba96d02aacff987aec1bba3c9bc69a5867fc0089d10d
2026-07-30,2026-07-30T00:13:27+09:00,26/07/30 00:13時点の避難所状況の一覧です。,2026-07-30T00:13+09:00,web:2e2014ad5a7b5343b3f7,2e2014ad5a7b5343b3f7,合志市,独立行政法人国立高等専門学校機構熊本高等専門学校(熊本キャンパス),---,false,---,,合志市須屋2659-2,検索,,,,,https://portal.bousai.pref.kumamoto.jp/sp.html?p=evacuation%2Fshelter&l=15-0&ll=32.63819999999999%2C130.77610000000004&z=9&municipalityCd=430005,789cefb2a22ef71b842161e98a1c1f4f0dfd2277f53df1738d93ca591fb00cdf,"{""ルート検索"": ""検索"", ""住所"": ""合志市須屋2659-2"", ""市町村"": ""合志市"", ""混雑状況"": ""---"", ""避難所名"": ""独立行政法人国立高等専門学校機構熊本高等専門学校(熊本キャンパス)"", ""開設状況"": ""---""}",unmatched,no_candidate,,0,,,,,,,,,,,[],,[],[],reference/43000_1.csv,dd6686fa000c3e720180ba96d02aacff987aec1bba3c9bc69a5867fc0089d10d
2026-07-30,2026-07-30T00:13:27+09:00,26/07/30 00:13時点の避難所状況の一覧です。,2026-07-30T00:13+09:00,web:ff5c356afc908dce9046,ff5c356afc908dce9046,合志市,福原グラウンド,---,false,---,,合志市福原1027,検索,,,,,https://portal.bousai.pref.kumamoto.jp/sp.html?p=evacuation%2Fshelter&l=15-0&ll=32.63819999999999%2C130.77610000000004&z=9&municipalityCd=430005,ece523b0de27bfbdd781b2ba513ae84c982c4aaa37475523106e8f8151a7fd4b,"{""ルート検索"": ""検索"", ""住所"": ""合志市福原1027"", ""市町村"": ""合志市"", ""混雑状況"": ""---"", ""避難所名"": ""福原グラウンド"", ""開設状況"": ""---""}",unmatched,no_candidate,,0,,,,,,,,,,,[],,[],[],reference/43000_1.csv,dd6686fa000c3e720180ba96d02aacff987aec1bba3c9bc69a5867fc0089d10d
2026-07-30,2026-07-30T00:13:27+09:00,26/07/30 00:13時点の避難所状況の一覧です。,2026-07-30T00:13+09:00,web:68e43d1776ad1af83cf5,68e43d1776ad1af83cf5,合志市,野付グラウンド,---,false,---,,合志市福原2674,検索,,,,,https://portal.bousai.pref.kumamoto.jp/sp.html?p=evacuation%2Fshelter&l=15-0&ll=32.63819999999999%2C130.77610000000004&z=9&municipalityCd=430005,27ccce25ee62e906fdd24b12c20a65d02087e8bc90b6e85527eba8087c23c654,"{""ルート検索"": ""検索"", ""住所"": ""合志市福原2674"", ""市町村"": ""合志市"", ""混雑状況"": ""---"", ""避難所名"": ""野付グラウンド"", ""開設状況"": ""---""}",unmatched,no_candidate,,0,,,,,,,,,,,[],,[],[],reference/43000_1.csv,dd6686fa000c3e720180ba96d02aacff987aec1bba3c9bc69a5867fc0089d10d
2026-07-30,2026-07-30T00:13:27+09:00,26/07/30 00:13時点の避難所状況の一覧です。,2026-07-30T00:13+09:00,web:2d4889edcd0d11b56100,2d4889edcd0d11b56100,合志市,須屋浄化センター,---,false,---,,合志市須屋607-2,検索,,,,,https://portal.bousai.pref.kumamoto.jp/sp.html?p=evacuation%2Fshelter&l=15-0&ll=32.63819999999999%2C130.77610000000004&z=9&municipalityCd=430005,b3f18f514bfc11d2be06735437783e13408566adee2b9521309cbd1e67e6637d,"{""ルート検索"": ""検索"", ""住所"": ""合志市須屋607-2"", ""市町村"": ""合志市"", ""混雑状況"": ""---"", ""避難所名"": ""須屋浄化センター"", ""開設状況"": ""---""}",unmatched,no_candidate,,0,,,,,,,,,,,[],,[],[],reference/43000_1.csv,dd6686fa000c3e720180ba96d02aacff987aec1bba3c9bc69a5867fc0089d10d
2026-07-30,2026-07-30T00:13:27+09:00,26/07/30 00:13時点の避難所状況の一覧です。,2026-07-30T00:13+09:00,web:563ac55850cbcf98740d,563ac55850cbcf98740d,和水町,三加和温泉ふるさと交流センター,---,false,---,,熊本県和水町大田黒789,検索,,,,,https://portal.bousai.pref.kumamoto.jp/sp.html?p=evacuation%2Fshelter&l=15-0&ll=32.63819999999999%2C130.77610000000004&z=9&municipalityCd=430005,5e945c39f5f40aa27531bd7322f1867fd0a1f055eb2092406f126561dd747313,"{""ルート検索"": ""検索"", ""住所"": ""熊本県和水町大田黒789"", ""市町村"": ""和水町"", ""混雑状況"": ""---"", ""避難所名"": ""三加和温泉ふるさと交流センター"", ""開設状況"": ""---""}",unmatched,no_candidate,,0,,,,,,,,,,,[],,[],[],reference/43000_1.csv,dd6686fa000c3e720180ba96d02aacff987aec1bba3c9bc69a5867fc0089d10d
2026-07-30,2026-07-30T00:13:27+09:00,26/07/30 00:13時点の避難所状況の一覧です。,2026-07-30T00:13+09:00,web:d8bd34b289247735f467,d8bd34b289247735f467,和水町,和水町役場(本庁)職員駐車場,---,false,---,,和水町江田,検索,,,,,https://portal.bousai.pref.kumamoto.jp/sp.html?p=evacuation%2Fshelter&l=15-0&ll=32.63819999999999%2C130.77610000000004&z=9&municipalityCd=430005,deb13e71d7507418a861fe734eed4612f36e0f0f3a9ef0c36959223559792ab7,"{""ルート検索"": ""検索"", ""住所"": ""和水町江田"", ""市町村"": ""和水町"", ""混雑状況"": ""---"", ""避難所名"": ""和水町役場(本庁)職員駐車場"", ""開設状況"": ""---""}",unmatched,no_candidate,,0,,,,,,,,,,,[],,[],[],reference/43000_1.csv,dd6686fa000c3e720180ba96d02aacff987aec1bba3c9bc69a5867fc0089d10d
2026-07-30,2026-07-30T00:13:27+09:00,26/07/30 00:13時点の避難所状況の一覧です。,2026-07-30T00:13+09:00,web:ecb932493caa95d51c48,ecb932493caa95d51c48,和水町,和水町役場三加和総合支所裏 多目的広場,---,false,---,,和水町板楠70,検索,,,,,https://portal.bousai.pref.kumamoto.jp/sp.html?p=evacuation%2Fshelter&l=15-0&ll=32.63819999999999%2C130.77610000000004&z=9&municipalityCd=430005,147af733910b6c02c138674996b4ddc8bf924fa753cd6806baa002ee57d96ab1,"{""ルート検索"": ""検索"", ""住所"": ""和水町板楠70"", ""市町村"": ""和水町"", ""混雑状況"": ""---"", ""避難所名"": ""和水町役場三加和総合支所裏 多目的広場"", ""開設状況"": ""---""}",unmatched,no_candidate,,0,,,,,,,,,,,[],,[],[],reference/43000_1.csv,dd6686fa000c3e720180ba96d02aacff987aec1bba3c9bc69a5867fc0089d10d
2026-07-30,2026-07-30T00:13:27+09:00,26/07/30 00:13時点の避難所状況の一覧です。,2026-07-30T00:13+09:00,web:fb776a492aff39194869,fb776a492aff39194869,和水町,春富コミュニティドーム,---,false,---,,和水町和仁781,検索,,,,,https://portal.bousai.pref.kumamoto.jp/sp.html?p=evacuation%2Fshelter&l=15-0&ll=32.63819999999999%2C130.77610000000004&z=9&municipalityCd=430005,212e5993c20f784176a8e520c69a7ba466e3c015ab5a222a59a425d106133a0c,"{""ルート検索"": ""検索"", ""住所"": ""和水町和仁781"", ""市町村"": ""和水町"", ""混雑状況"": ""---"", ""避難所名"": ""春富コミュニティドーム"", ""開設状況"": ""---""}",unmatched,no_candidate,,0,,,,,,,,,,,[],,[],[],reference/43000_1.csv,dd6686fa000c3e720180ba96d02aacff987aec1bba3c9bc69a5867fc0089d10d
2026-07-30,2026-07-30T00:13:27+09:00,26/07/30 00:13時点の避難所状況の一覧です。,2026-07-30T00:13+09:00,web:7ceb1addfe5867830de6,7ceb1addfe5867830de6,和水町,菊水ロマン館,---,false,---,,熊本県和水町江田455,検索,,,,,https://portal.bousai.pref.kumamoto.jp/sp.html?p=evacuation%2Fshelter&l=15-0&ll=32.63819999999999%2C130.77610000000004&z=9&municipalityCd=430005,f600621d78218e78c99ec4524114e24c8ceaeade0ea78affbb72364a298f9b3e,"{""ルート検索"": ""検索"", ""住所"": ""熊本県和水町江田455"", ""市町村"": ""和水町"", ""混雑状況"": ""---"", ""避難所名"": ""菊水ロマン館"", ""開設状況"": ""---""}",unmatched,no_candidate,,0,,,,,,,,,,,[],,[],[],reference/43000_1.csv,dd6686fa000c3e720180ba96d02aacff987aec1bba3c9bc69a5867fc0089d10d
2026-07-30,2026-07-30T00:13:27+09:00,26/07/30 00:13時点の避難所状況の一覧です。,2026-07-30T00:13+09:00,web:327d3d47f6d883ed69f8,327d3d47f6d883ed69f8,嘉島町,下六嘉コミュニティセンター,---,false,---,,上益城郡嘉島町下六嘉3287,検索,,,,,https://portal.bousai.pref.kumamoto.jp/sp.html?p=evacuation%2Fshelter&l=15-0&ll=32.63819999999999%2C130.77610000000004&z=9&municipalityCd=430005,58387e78e21b963a574c600b26560c021e0cea497b4c98c4af499548a5dd8944,"{""ルート検索"": ""検索"", ""住所"": ""上益城郡嘉島町下六嘉3287"", ""市町村"": ""嘉島町"", ""混雑状況"": ""---"", ""避難所名"": ""下六嘉コミュニティセンター"", ""開設状況"": ""---""}",unmatched,no_candidate,,0,,,,,,,,,,,[],,[],[],reference/43000_1.csv,dd6686fa000c3e720180ba96d02aacff987aec1bba3c9bc69a5867fc0089d10d
2026-07-30,2026-07-30T00:13:27+09:00,26/07/30 00:13時点の避難所状況の一覧です。,2026-07-30T00:13+09:00,web:e4a70bb890e5241f70e7,e4a70bb890e5241f70e7,嘉島町,井寺公民館,---,false,---,,上益城郡嘉島町井寺2889-1,検索,,,,,https://portal.bousai.pref.kumamoto.jp/sp.html?p=evacuation%2Fshelter&l=15-0&ll=32.63819999999999%2C130.77610000000004&z=9&municipalityCd=430005,3822da1b1a8ffc3693baba67be7ab7af028dde0d3d39b1c75ebd516dc5ab8f38,"{""ルート検索"": ""検索"", ""住所"": ""上益城郡嘉島町井寺2889-1"", ""市町村"": ""嘉島町"", ""混雑状況"": ""---"", ""避難所名"": ""井寺公民館"", ""開設状況"": ""---""}",unmatched,no_candidate,,0,,,,,,,,,,,[],,[],[],reference/43000_1.csv,dd6686fa000c3e720180ba96d02aacff987aec1bba3c9bc69a5867fc0089d10d
2026-07-30,2026-07-30T00:13:27+09:00,26/07/30 00:13時点の避難所状況の一覧です。,2026-07-30T00:13+09:00,web:f3cc36c81bf666ad6da4,f3cc36c81bf666ad6da4,嘉島町,北甘木公民館,---,false,---,,上益城郡嘉島町北甘木1967-2,検索,,,,,https://portal.bousai.pref.kumamoto.jp/sp.html?p=evacuation%2Fshelter&l=15-0&ll=32.63819999999999%2C130.77610000000004&z=9&municipalityCd=430005,9074fcdbe78c2526449f07ec0a6686ee206348030d91744bab008ccef1c55fde,"{""ルート検索"": ""検索"", ""住所"": ""上益城郡嘉島町北甘木1967-2"", ""市町村"": ""嘉島町"", ""混雑状況"": ""---"", ""避難所名"": ""北甘木公民館"", ""開設状況"": ""---""}",unmatched,no_candidate,,0,,,,,,,,,,,[],,[],[],reference/43000_1.csv,dd6686fa000c3e720180ba96d02aacff987aec1bba3c9bc69a5867fc0089d10d
2026-07-30,2026-07-30T00:13:27+09:00,26/07/30 00:13時点の避難所状況の一覧です。,2026-07-30T00:13+09:00,web:5b98821b98c0eff6282a,5b98821b98c0eff6282a,多良木町,元下槻木小学校体育館,---,false,---,,多良木町大字槻木583,検索,,,,,https://portal.bousai.pref.kumamoto.jp/sp.html?p=evacuation%2Fshelter&l=15-0&ll=32.63819999999999%2C130.77610000000004&z=9&municipalityCd=430005,256e983a9e9a5c4143c5656cbd87beae7ce2dab6a19046ecb633f0f0530b83f0,"{""ルート検索"": ""検索"", ""住所"": ""多良木町大字槻木583"", ""市町村"": ""多良木町"", ""混雑状況"": ""---"", ""避難所名"": ""元下槻木小学校体育館"", ""開設状況"": ""---""}",unmatched,no_candidate,,0,,,,,,,,,,,[],,[],[],reference/43000_1.csv,dd6686fa000c3e720180ba96d02aacff987aec1bba3c9bc69a5867fc0089d10d
2026-07-30,2026-07-30T00:13:27+09:00,26/07/30 00:13時点の避難所状況の一覧です。,2026-07-30T00:13+09:00,web:1df004a49b8598954642,1df004a49b8598954642,多良木町,八日原運動広場,---,false,---,,熊本県球磨郡多良木町大字多良木980,検索,,,,,https://portal.bousai.pref.kumamoto.jp/sp.html?p=evacuation%2Fshelter&l=15-0&ll=32.63819999999999%2C130.77610000000004&z=9&municipalityCd=430005,c7a86c18b7e434736c2e07b337af97c925a7534ee56d453a937255b19bda2670,"{""ルート検索"": ""検索"", ""住所"": ""熊本県球磨郡多良木町大字多良木980"", ""市町村"": ""多良木町"", ""混雑状況"": ""---"", ""避難所名"": ""八日原運動広場"", ""開設状況"": ""---""}",unmatched,no_candidate,,0,,,,,,,,,,,[],,[],[],reference/43000_1.csv,dd6686fa000c3e720180ba96d02aacff987aec1bba3c9bc69a5867fc0089d10d
2026-07-30,2026-07-30T00:13:27+09:00,26/07/30 00:13時点の避難所状況の一覧です。,2026-07-30T00:13+09:00,web:03efe17dcf1d34a992c6,03efe17dcf1d34a992c6,多良木町,多良木中学校運動場,---,false,---,,熊本県球磨郡多良木町大字多良木1736,検索,,,,,https://portal.bousai.pref.kumamoto.jp/sp.html?p=evacuation%2Fshelter&l=15-0&ll=32.63819999999999%2C130.77610000000004&z=9&municipalityCd=430005,0069551df615c92fef7efc8bf9fc0498aa97c261d65067c779f995640435aa2c,"{""ルート検索"": ""検索"", ""住所"": ""熊本県球磨郡多良木町大字多良木1736"", ""市町村"": ""多良木町"", ""混雑状況"": ""---"", ""避難所名"": ""多良木中学校運動場"", ""開設状況"": ""---""}",unmatched,no_candidate,,0,,,,,,,,,,,[],,[],[],reference/43000_1.csv,dd6686fa000c3e720180ba96d02aacff987aec1bba3c9bc69a5867fc0089d10d
2026-07-30,2026-07-30T00:13:27+09:00,26/07/30 00:13時点の避難所状況の一覧です。,2026-07-30T00:13+09:00,web:039f803371fc64892857,039f803371fc64892857,多良木町,多良木小学校運動場,---,false,---,,熊本県球磨郡多良木町大字多良木876,検索,,,,,https://portal.bousai.pref.kumamoto.jp/sp.html?p=evacuation%2Fshelter&l=15-0&ll=32.63819999999999%2C130.77610000000004&z=9&municipalityCd=430005,5e9da9d87c6a3fc9b2dcf0663509706a0aa603eb7e19c1ee9fc90e4b2498efe5,"{""ルート検索"": ""検索"", ""住所"": ""熊本県球磨郡多良木町大字多良木876"", ""市町村"": ""多良木町"", ""混雑状況"": ""---"", ""避難所名"": ""多良木小学校運動場"", ""開設状況"": ""---""}",unmatched,no_candidate,,0,,,,,,,,,,,[],,[],[],reference/43000_1.csv,dd6686fa000c3e720180ba96d02aacff987aec1bba3c9bc69a5867fc0089d10d
2026-07-30,2026-07-30T00:13:27+09:00,26/07/30 00:13時点の避難所状況の一覧です。,2026-07-30T00:13+09:00,web:a08ad2ea3828e96874ca,a08ad2ea3828e96874ca,多良木町,多良木町保健センター,---,false,---,,多良木町大字多良木1586,検索,,,,,https://portal.bousai.pref.kumamoto.jp/sp.html?p=evacuation%2Fshelter&l=15-0&ll=32.63819999999999%2C130.77610000000004&z=9&municipalityCd=430005,a6cefecd6247d41f507a739b5c3c84c8c40f9ed67b848d53fd7091cf58f8be1e,"{""ルート検索"": ""検索"", ""住所"": ""多良木町大字多良木1586"", ""市町村"": ""多良木町"", ""混雑状況"": ""---"", ""避難所名"": ""多良木町保健センター"", ""開設状況"": ""---""}",unmatched,no_candidate,,0,,,,,,,,,,,[],,[],[],reference/43000_1.csv,dd6686fa000c3e720180ba96d02aacff987aec1bba3c9bc69a5867fc0089d10d
2026-07-30,2026-07-30T00:13:27+09:00,26/07/30 00:13時点の避難所状況の一覧です。,2026-07-30T00:13+09:00,web:b912d681932266ed6f15,b912d681932266ed6f15,多良木町,槻木小学校体育館,---,false,---,,多良木町大字槻木713-1,検索,,,,,https://portal.bousai.pref.kumamoto.jp/sp.html?p=evacuation%2Fshelter&l=15-0&ll=32.63819999999999%2C130.77610000000004&z=9&municipalityCd=430005,25d6909999272dffa376baaa562043b9481f06dc18ff1febfe16c07ee7383ab5,"{""ルート検索"": ""検索"", ""住所"": ""多良木町大字槻木713-1"", ""市町村"": ""多良木町"", ""混雑状況"": ""---"", ""避難所名"": ""槻木小学校体育館"", ""開設状況"": ""---""}",unmatched,fuzzy_below_threshold,0.778,0,,,,,,,,,,,[],,[],"[{""NO"": ""973"", ""その他市町村長が必要と認める事項"": """", ""住所"": ""熊本県多良木町大字多良木876"", ""備考"": """", ""共通ID"": ""E4350500010111"", ""受入対象者"": """", ""指定緊急避難場所との住所同一"": ""1"", ""施設・場所名"": ""多良木小学校体育館"", ""経度"": ""130.9399558"", ""緯度"": ""32.26269614""}]",reference/43000_1.csv,dd6686fa000c3e720180ba96d02aacff987aec1bba3c9bc69a5867fc0089d10d
2026-07-30,2026-07-30T00:13:27+09:00,26/07/30 00:13時点の避難所状況の一覧です。,2026-07-30T00:13+09:00,web:9ee9707593a1f8e51ea4,9ee9707593a1f8e51ea4,多良木町,町民広場,---,false,---,,熊本県球磨郡多良木町大字多良木850-1,検索,,,,,https://portal.bousai.pref.kumamoto.jp/sp.html?p=evacuation%2Fshelter&l=15-0&ll=32.63819999999999%2C130.77610000000004&z=9&municipalityCd=430005,2c4804806f85184ab0fe1d31070b1c36179189ee5d77de06eb3d1775c3df1b91,"{""ルート検索"": ""検索"", ""住所"": ""熊本県球磨郡多良木町大字多良木850-1"", ""市町村"": ""多良木町"", ""混雑状況"": ""---"", ""避難所名"": ""町民広場"", ""開設状況"": ""---""}",unmatched,no_candidate,,0,,,,,,,,,,,[],,[],[],reference/43000_1.csv,dd6686fa000c3e720180ba96d02aacff987aec1bba3c9bc69a5867fc0089d10d
2026-07-30,2026-07-30T00:13:27+09:00,26/07/30 00:13時点の避難所状況の一覧です。,2026-07-30T00:13+09:00,web:4f64ddaadf30479cf0e0,4f64ddaadf30479cf0e0,多良木町,祓川運動広場,---,false,---,,熊本県球磨郡多良木町大字黒肥地4939-1,検索,,,,,https://portal.bousai.pref.kumamoto.jp/sp.html?p=evacuation%2Fshelter&l=15-0&ll=32.63819999999999%2C130.77610000000004&z=9&municipalityCd=430005,ac3551731464642bc5c0c3cfbeae7b579c7cda3166426c3a879eb2fb5d0ce8bb,"{""ルート検索"": ""検索"", ""住所"": ""熊本県球磨郡多良木町大字黒肥地4939-1"", ""市町村"": ""多良木町"", ""混雑状況"": ""---"", ""避難所名"": ""祓川運動広場"", ""開設状況"": ""---""}",unmatched,no_candidate,,0,,,,,,,,,,,[],,[],[],reference/43000_1.csv,dd6686fa000c3e720180ba96d02aacff987aec1bba3c9bc69a5867fc0089d10d
2026-07-30,2026-07-30T00:13:27+09:00,26/07/30 00:13時点の避難所状況の一覧です。,2026-07-30T00:13+09:00,web:f50176c37ce2c20f53c9,f50176c37ce2c20f53c9,多良木町,黒肥地小学校運動場,---,false,---,,熊本県球磨郡多良木町大字黒肥地1629,検索,,,,,https://portal.bousai.pref.kumamoto.jp/sp.html?p=evacuation%2Fshelter&l=15-0&ll=32.63819999999999%2C130.77610000000004&z=9&municipalityCd=430005,4844d07317dd4bd52869d34126a1d4c3b0472a0f4e355b0618c50c51ffd0f884,"{""ルート検索"": ""検索"", ""住所"": ""熊本県球磨郡多良木町大字黒肥地1629"", ""市町村"": ""多良木町"", ""混雑状況"": ""---"", ""避難所名"": ""黒肥地小学校運動場"", ""開設状況"": ""---""}",unmatched,no_candidate,,0,,,,,,,,,,,[],,[],[],reference/43000_1.csv,dd6686fa000c3e720180ba96d02aacff987aec1bba3c9bc69a5867fc0089d10d
2026-07-30,2026-07-30T00:13:27+09:00,26/07/30 00:13時点の避難所状況の一覧です。,2026-07-30T00:13+09:00,web:69c060934145c3fd258b,69c060934145c3fd258b,大津町,つくしの里,---,false,---,,熊本県大津町平川400,検索,,,,,https://portal.bousai.pref.kumamoto.jp/sp.html?p=evacuation%2Fshelter&l=15-0&ll=32.63819999999999%2C130.77610000000004&z=9&municipalityCd=430005,efc60ee4cb2b96b2e75ec14f9a13357f084b2a43c16e63ed97504f9e279f9f42,"{""ルート検索"": ""検索"", ""住所"": ""熊本県大津町平川400"", ""市町村"": ""大津町"", ""混雑状況"": ""---"", ""避難所名"": ""つくしの里"", ""開設状況"": ""---""}",unmatched,no_candidate,,0,,,,,,,,,,,[],,[],[],reference/43000_1.csv,dd6686fa000c3e720180ba96d02aacff987aec1bba3c9bc69a5867fc0089d10d
2026-07-30,2026-07-30T00:13:27+09:00,26/07/30 00:13時点の避難所状況の一覧です。,2026-07-30T00:13+09:00,web:a915544c95d362662f16,a915544c95d362662f16,大津町,ふれあい広場,---,false,---,,大津町大字外牧31-1,検索,,,,,https://portal.bousai.pref.kumamoto.jp/sp.html?p=evacuation%2Fshelter&l=15-0&ll=32.63819999999999%2C130.77610000000004&z=9&municipalityCd=430005,98ed53be6799d89bfcce187b611d0213ab3d168dfc15492bddbbf082b2a5a1d4,"{""ルート検索"": ""検索"", ""住所"": ""大津町大字外牧31-1"", ""市町村"": ""大津町"", ""混雑状況"": ""---"", ""避難所名"": ""ふれあい広場"", ""開設状況"": ""---""}",unmatched,no_candidate,,0,,,,,,,,,,,[],,[],[],reference/43000_1.csv,dd6686fa000c3e720180ba96d02aacff987aec1bba3c9bc69a5867fc0089d10d
2026-07-30,2026-07-30T00:13:27+09:00,26/07/30 00:13時点の避難所状況の一覧です。,2026-07-30T00:13+09:00,web:6e59209969419abcc1c5,6e59209969419abcc1c5,大津町,大津中央公園,---,false,---,,大津町大字大津1156-3,検索,,,,,https://portal.bousai.pref.kumamoto.jp/sp.html?p=evacuation%2Fshelter&l=15-0&ll=32.63819999999999%2C130.77610000000004&z=9&municipalityCd=430005,c685d23b87a978cace59043c91587fdff47a20160dadce0136d24278231cd3a9,"{""ルート検索"": ""検索"", ""住所"": ""大津町大字大津1156-3"", ""市町村"": ""大津町"", ""混雑状況"": ""---"", ""避難所名"": ""大津中央公園"", ""開設状況"": ""---""}",unmatched,no_candidate,,0,,,,,,,,,,,[],,[],[],reference/43000_1.csv,dd6686fa000c3e720180ba96d02aacff987aec1bba3c9bc69a5867fc0089d10d
2026-07-30,2026-07-30T00:13:27+09:00,26/07/30 00:13時点の避難所状況の一覧です。,2026-07-30T00:13+09:00,web:fb4313ed81c842bd0e61,fb4313ed81c842bd0e61,大津町,大津町山村広場,---,false,---,,大津町大字吹田570,検索,,,,,https://portal.bousai.pref.kumamoto.jp/sp.html?p=evacuation%2Fshelter&l=15-0&ll=32.63819999999999%2C130.77610000000004&z=9&municipalityCd=430005,24833dfd4677fec870e66ae5583477fccc256691508c6f24a87e0a7eeaea04eb,"{""ルート検索"": ""検索"", ""住所"": ""大津町大字吹田570"", ""市町村"": ""大津町"", ""混雑状況"": ""---"", ""避難所名"": ""大津町山村広場"", ""開設状況"": ""---""}",unmatched,no_candidate,,0,,,,,,,,,,,[],,[],[],reference/43000_1.csv,dd6686fa000c3e720180ba96d02aacff987aec1bba3c9bc69a5867fc0089d10d
2026-07-30,2026-07-30T00:13:27+09:00,26/07/30 00:13時点の避難所状況の一覧です。,2026-07-30T00:13+09:00,web:79e9b3a65e140b2a9cf8,79e9b3a65e140b2a9cf8,大津町,大津町町民グランド,---,false,---,,大津町大字大津2035,検索,,,,,https://portal.bousai.pref.kumamoto.jp/sp.html?p=evacuation%2Fshelter&l=15-0&ll=32.63819999999999%2C130.77610000000004&z=9&municipalityCd=430005,ff455523a76816d3ad1fa7cc863ad85afca2eb5f72c32455de4720ae80ed4470,"{""ルート検索"": ""検索"", ""住所"": ""大津町大字大津2035"", ""市町村"": ""大津町"", ""混雑状況"": ""---"", ""避難所名"": ""大津町町民グランド"", ""開設状況"": ""---""}",unmatched,no_candidate,,0,,,,,,,,,,,[],,[],[],reference/43000_1.csv,dd6686fa000c3e720180ba96d02aacff987aec1bba3c9bc69a5867fc0089d10d
2026-07-30,2026-07-30T00:13:27+09:00,26/07/30 00:13時点の避難所状況の一覧です。,2026-07-30T00:13+09:00,web:cdd79f3975c0ccd8ea30,cdd79f3975c0ccd8ea30,大津町,昭和園,---,false,---,,大津町大字室1249,検索,,,,,https://portal.bousai.pref.kumamoto.jp/sp.html?p=evacuation%2Fshelter&l=15-0&ll=32.63819999999999%2C130.77610000000004&z=9&municipalityCd=430005,0a5dd6441ec9745f25021efb4bad3e9c744ebf0b9d0dc030699d78584a163b5b,"{""ルート検索"": ""検索"", ""住所"": ""大津町大字室1249"", ""市町村"": ""大津町"", ""混雑状況"": ""---"", ""避難所名"": ""昭和園"", ""開設状況"": ""---""}",unmatched,no_candidate,,0,,,,,,,,,,,[],,[],[],reference/43000_1.csv,dd6686fa000c3e720180ba96d02aacff987aec1bba3c9bc69a5867fc0089d10d
2026-07-30,2026-07-30T00:13:27+09:00,26/07/30 00:13時点の避難所状況の一覧です。,2026-07-30T00:13+09:00,web:f296c6c17bfe5ccf32d4,f296c6c17bfe5ccf32d4,大津町,高尾野公園,---,false,---,,大津町大字高尾野272-28,検索,,,,,https://portal.bousai.pref.kumamoto.jp/sp.html?p=evacuation%2Fshelter&l=15-0&ll=32.63819999999999%2C130.77610000000004&z=9&municipalityCd=430005,cf71949c4cb657ec551cab56b27313e4ec0a8b2728632c29275bff9cbdec260d,"{""ルート検索"": ""検索"", ""住所"": ""大津町大字高尾野272-28"", ""市町村"": ""大津町"", ""混雑状況"": ""---"", ""避難所名"": ""高尾野公園"", ""開設状況"": ""---""}",unmatched,no_candidate,,0,,,,,,,,,,,[],,[],[],reference/43000_1.csv,dd6686fa000c3e720180ba96d02aacff987aec1bba3c9bc69a5867fc0089d10d
2026-07-30,2026-07-30T00:13:27+09:00,26/07/30 00:13時点の避難所状況の一覧です。,2026-07-30T00:13+09:00,web:ebe190daf1d422fd4849,ebe190daf1d422fd4849,天草市,あまくさ幼稚園,---,false,---,,天草市浜崎町 4-9,検索,,,,,https://portal.bousai.pref.kumamoto.jp/sp.html?p=evacuation%2Fshelter&l=15-0&ll=32.63819999999999%2C130.77610000000004&z=9&municipalityCd=430005,48612c606d994d6dff488d750663ab4dad8ca9e726a45e8341da0c85ba3dd372,"{""ルート検索"": ""検索"", ""住所"": ""天草市浜崎町 4-9"", ""市町村"": ""天草市"", ""混雑状況"": ""---"", ""避難所名"": ""あまくさ幼稚園"", ""開設状況"": ""---""}",unmatched,no_candidate,,0,,,,,,,,,,,[],,[],[],reference/43000_1.csv,dd6686fa000c3e720180ba96d02aacff987aec1bba3c9bc69a5867fc0089d10d
2026-07-30,2026-07-30T00:13:27+09:00,26/07/30 00:13時点の避難所状況の一覧です。,2026-07-30T00:13+09:00,web:78bdf0b950e358b45a89,78bdf0b950e358b45a89,天草市,うしぶか公園,---,false,---,,天草市牛深町 1942,検索,,,,,https://portal.bousai.pref.kumamoto.jp/sp.html?p=evacuation%2Fshelter&l=15-0&ll=32.63819999999999%2C130.77610000000004&z=9&municipalityCd=430005,6ae7c01ed1151d9939cde2ef72d69ed6cdfa395f4cc09a24e522cb97a5832a68,"{""ルート検索"": ""検索"", ""住所"": ""天草市牛深町 1942"", ""市町村"": ""天草市"", ""混雑状況"": ""---"", ""避難所名"": ""うしぶか公園"", ""開設状況"": ""---""}",unmatched,no_candidate,,0,,,,,,,,,,,[],,[],[],reference/43000_1.csv,dd6686fa000c3e720180ba96d02aacff987aec1bba3c9bc69a5867fc0089d10d
2026-07-30,2026-07-30T00:13:27+09:00,26/07/30 00:13時点の避難所状況の一覧です。,2026-07-30T00:13+09:00,web:93d29892794dbebc1de6,93d29892794dbebc1de6,天草市,きのどん様高台,---,false,---,,天草市有明町須子 2829,検索,,,,,https://portal.bousai.pref.kumamoto.jp/sp.html?p=evacuation%2Fshelter&l=15-0&ll=32.63819999999999%2C130.77610000000004&z=9&municipalityCd=430005,0411f3224099f1fa8f1005be05755f08404fabc5251f54d443da2f0d8e18b486,"{""ルート検索"": ""検索"", ""住所"": ""天草市有明町須子 2829"", ""市町村"": ""天草市"", ""混雑状況"": ""---"", ""避難所名"": ""きのどん様高台"", ""開設状況"": ""---""}",unmatched,no_candidate,,0,,,,,,,,,,,[],,[],[],reference/43000_1.csv,dd6686fa000c3e720180ba96d02aacff987aec1bba3c9bc69a5867fc0089d10d
2026-07-30,2026-07-30T00:13:27+09:00,26/07/30 00:13時点の避難所状況の一覧です。,2026-07-30T00:13+09:00,web:bdd9493ab9dbfe1164ad,bdd9493ab9dbfe1164ad,天草市,わくわく本渡児童館,---,false,---,,天草市丸尾町 16-14,検索,,,,,https://portal.bousai.pref.kumamoto.jp/sp.html?p=evacuation%2Fshelter&l=15-0&ll=32.63819999999999%2C130.77610000000004&z=9&municipalityCd=430005,a6298e7e16a493e799c61615f0ea669ff90968eea12dff346ca473d2f2751fd3,"{""ルート検索"": ""検索"", ""住所"": ""天草市丸尾町 16-14"", ""市町村"": ""天草市"", ""混雑状況"": ""---"", ""避難所名"": ""わくわく本渡児童館"", ""開設状況"": ""---""}",unmatched,no_candidate,,0,,,,,,,,,,,[],,[],[],reference/43000_1.csv,dd6686fa000c3e720180ba96d02aacff987aec1bba3c9bc69a5867fc0089d10d
2026-07-30,2026-07-30T00:13:27+09:00,26/07/30 00:13時点の避難所状況の一覧です。,2026-07-30T00:13+09:00,web:8b30590034248550ecaf,8b30590034248550ecaf,天草市,オダイシサン広場,---,false,---,,天草市新和町中田 416-2,検索,,,,,https://portal.bousai.pref.kumamoto.jp/sp.html?p=evacuation%2Fshelter&l=15-0&ll=32.63819999999999%2C130.77610000000004&z=9&municipalityCd=430005,2a3c2ed091bf5d2eb194a32552c760c184595475a336854b45125dffda7125d9,"{""ルート検索"": ""検索"", ""住所"": ""天草市新和町中田 416-2"", ""市町村"": ""天草市"", ""混雑状況"": ""---"", ""避難所名"": ""オダイシサン広場"", ""開設状況"": ""---""}",unmatched,no_candidate,,0,,,,,,,,,,,[],,[],[],reference/43000_1.csv,dd6686fa000c3e720180ba96d02aacff987aec1bba3c9bc69a5867fc0089d10d
2026-07-30,2026-07-30T00:13:27+09:00,26/07/30 00:13時点の避難所状況の一覧です。,2026-07-30T00:13+09:00,web:fa3d8215cbba53b6d971,fa3d8215cbba53b6d971,天草市,サテライト施設おにき,開設,true,平常,,熊本県天草市魚貫町5536-1,検索,,,,,https://portal.bousai.pref.kumamoto.jp/sp.html?p=evacuation%2Fshelter&l=15-0&ll=32.63819999999999%2C130.77610000000004&z=9&municipalityCd=430005,2dd8d9cda210719599178e04d784f198737dac8076fb32905a88f15ebce08b43,"{""ルート検索"": ""検索"", ""住所"": ""熊本県天草市魚貫町5536-1"", ""市町村"": ""天草市"", ""混雑状況"": ""平常"", ""避難所名"": ""サテライト施設おにき"", ""開設状況"": ""開設""}",unmatched,no_candidate,,0,,,,,,,,,,,[],,[],[],reference/43000_1.csv,dd6686fa000c3e720180ba96d02aacff987aec1bba3c9bc69a5867fc0089d10d
2026-07-30,2026-07-30T00:13:27+09:00,26/07/30 00:13時点の避難所状況の一覧です。,2026-07-30T00:13+09:00,web:943ef29ca2b078dbc7da,943ef29ca2b078dbc7da,天草市,チャペルの鐘展望公園高台,---,false,---,,天草市河浦町﨑津 295,検索,,,,,https://portal.bousai.pref.kumamoto.jp/sp.html?p=evacuation%2Fshelter&l=15-0&ll=32.63819999999999%2C130.77610000000004&z=9&municipalityCd=430005,81eddf550176188e0841631a92b36ca9b6e61a240b8190bf3a68c9a278b776a3,"{""ルート検索"": ""検索"", ""住所"": ""天草市河浦町﨑津 295"", ""市町村"": ""天草市"", ""混雑状況"": ""---"", ""避難所名"": ""チャペルの鐘展望公園高台"", ""開設状況"": ""---""}",unmatched,no_candidate,,0,,,,,,,,,,,[],,[],[],reference/43000_1.csv,dd6686fa000c3e720180ba96d02aacff987aec1bba3c9bc69a5867fc0089d10d
2026-07-30,2026-07-30T00:13:27+09:00,26/07/30 00:13時点の避難所状況の一覧です。,2026-07-30T00:13+09:00,web:8384acaa141a0a6d1bef,8384acaa141a0a6d1bef,天草市,リップルランド芝生広場,---,false,---,,天草市有明町上津浦 1955,検索,,,,,https://portal.bousai.pref.kumamoto.jp/sp.html?p=evacuation%2Fshelter&l=15-0&ll=32.63819999999999%2C130.77610000000004&z=9&municipalityCd=430005,da58f2f9f6d71bee0ee6524473fee2a9dab01de5f86c1953f86048cee2c2d97b,"{""ルート検索"": ""検索"", ""住所"": ""天草市有明町上津浦 1955"", ""市町村"": ""天草市"", ""混雑状況"": ""---"", ""避難所名"": ""リップルランド芝生広場"", ""開設状況"": ""---""}",unmatched,no_candidate,,0,,,,,,,,,,,[],,[],[],reference/43000_1.csv,dd6686fa000c3e720180ba96d02aacff987aec1bba3c9bc69a5867fc0089d10d
2026-07-30,2026-07-30T00:13:27+09:00,26/07/30 00:13時点の避難所状況の一覧です。,2026-07-30T00:13+09:00,web:443cdf5b3e96151052e6,443cdf5b3e96151052e6,天草市,一町田体育館,---,false,---,,天草市河浦町河浦 217,検索,,,,,https://portal.bousai.pref.kumamoto.jp/sp.html?p=evacuation%2Fshelter&l=15-0&ll=32.63819999999999%2C130.77610000000004&z=9&municipalityCd=430005,0695fc3b8c8bbda0ef3f87d7065e1bd1b5fbda1292a49e95bf37cdd958cd411d,"{""ルート検索"": ""検索"", ""住所"": ""天草市河浦町河浦 217"", ""市町村"": ""天草市"", ""混雑状況"": ""---"", ""避難所名"": ""一町田体育館"", ""開設状況"": ""---""}",unmatched,no_candidate,,0,,,,,,,,,,,[],,[],[],reference/43000_1.csv,dd6686fa000c3e720180ba96d02aacff987aec1bba3c9bc69a5867fc0089d10d
2026-07-30,2026-07-30T00:13:27+09:00,26/07/30 00:13時点の避難所状況の一覧です。,2026-07-30T00:13+09:00,web:538f3dd7db69bdb538d2,538f3dd7db69bdb538d2,天草市,上平十五社宮高台,---,false,---,,天草市河浦町宮野河内 257,検索,,,,,https://portal.bousai.pref.kumamoto.jp/sp.html?p=evacuation%2Fshelter&l=15-0&ll=32.63819999999999%2C130.77610000000004&z=9&municipalityCd=430005,ac9639237e515fdf80547f29c43faa9994e6b8f391f73334c603ace7211056e4,"{""ルート検索"": ""検索"", ""住所"": ""天草市河浦町宮野河内 257"", ""市町村"": ""天草市"", ""混雑状況"": ""---"", ""避難所名"": ""上平十五社宮高台"", ""開設状況"": ""---""}",unmatched,no_candidate,,0,,,,,,,,,,,[],,[],[],reference/43000_1.csv,dd6686fa000c3e720180ba96d02aacff987aec1bba3c9bc69a5867fc0089d10d
2026-07-30,2026-07-30T00:13:27+09:00,26/07/30 00:13時点の避難所状況の一覧です。,2026-07-30T00:13+09:00,web:98683def4025910ef8df,98683def4025910ef8df,天草市,上津浦地区コミュニティセンター,開設,true,平常,,天草市有明町上津浦 3706-4,検索,,,,,https://portal.bousai.pref.kumamoto.jp/sp.html?p=evacuation%2Fshelter&l=15-0&ll=32.63819999999999%2C130.77610000000004&z=9&municipalityCd=430005,cf2b143873681622b53ba5b2986d6d7cd87282f37cc7739b6b3bb0967a73e19a,"{""ルート検索"": ""検索"", ""住所"": ""天草市有明町上津浦 3706-4"", ""市町村"": ""天草市"", ""混雑状況"": ""平常"", ""避難所名"": ""上津浦地区コミュニティセンター"", ""開設状況"": ""開設""}",unmatched,fuzzy_below_threshold,0.767,0,,,,,,,,,,,[],,[],"[{""NO"": ""1126"", ""その他市町村長が必要と認める事項"": """", ""住所"": ""熊本県天草市倉岳町棚底1786-4"", ""備考"": """", ""共通ID"": ""E4321500185111"", ""受入対象者"": """", ""指定緊急避難場所との住所同一"": """", ""施設・場所名"": ""棚底地区コミュニティセンター"", ""経度"": ""130.3438864"", ""緯度"": ""32.41067919""}, {""NO"": ""1054"", ""その他市町村長が必要と認める事項"": """", ""住所"": ""熊本県天草市五和町御領6692-1"", ""備考"": """", ""共通ID"": ""E4321500060121"", ""受入対象者"": ""要配慮者"", ""指定緊急避難場所との住所同一"": ""1"", ""施設・場所名"": ""御領地区コミュニティセンター"", ""経度"": ""130.18888259453"", ""緯度"": ""32.517830538891""}, {""NO"": ""1136"", ""その他市町村長が必要と認める事項"": """", ""住所"": ""熊本県天草市天草町高浜南501-1"", ""備考"": """", ""共通ID"": ""E4321500202121"", ""受入対象者"": ""要配慮者"", ""指定緊急避難場所との住所同一"": ""1"", ""施設・場所名"": ""高浜地区コミュニティセンター"", ""経度"": ""129.9975277"", ""緯度"": ""32.37838933""}]",reference/43000_1.csv,dd6686fa000c3e720180ba96d02aacff987aec1bba3c9bc69a5867fc0089d10d
2026-07-30,2026-07-30T00:13:27+09:00,26/07/30 00:13時点の避難所状況の一覧です。,2026-07-30T00:13+09:00,web:0e9a03b19531909b12ea,0e9a03b19531909b12ea,天草市,下津浦地区コミュニティセンター,開設,true,平常,,天草市有明町下津浦 2505-2,検索,,,,,https://portal.bousai.pref.kumamoto.jp/sp.html?p=evacuation%2Fshelter&l=15-0&ll=32.63819999999999%2C130.77610000000004&z=9&municipalityCd=430005,698491b3cf3fdbbf7dc11dc0bc7f673186ad9193ae696e98b27e91826996b310,"{""ルート検索"": ""検索"", ""住所"": ""天草市有明町下津浦 2505-2"", ""市町村"": ""天草市"", ""混雑状況"": ""平常"", ""避難所名"": ""下津浦地区コミュニティセンター"", ""開設状況"": ""開設""}",unmatched,fuzzy_below_threshold,0.790,0,,,,,,,,,,,[],,[],"[{""NO"": ""1133"", ""その他市町村長が必要と認める事項"": """", ""住所"": ""熊本県天草市天草町下田北534-1"", ""備考"": """", ""共通ID"": ""E4321500199111"", ""受入対象者"": """", ""指定緊急避難場所との住所同一"": ""1"", ""施設・場所名"": ""下田北地区コミュニティセンター"", ""経度"": ""130.0137819"", ""緯度"": ""32.42497725""}, {""NO"": ""1041"", ""その他市町村長が必要と認める事項"": """", ""住所"": ""熊本県天草市牛深町122-2"", ""備考"": """", ""共通ID"": ""E4321500276121"", ""受入対象者"": ""要配慮者"", ""指定緊急避難場所との住所同一"": """", ""施設・場所名"": ""牛深地区コミュニティセンター"", ""経度"": ""130.025668"", ""緯度"": ""32.195712""}, {""NO"": ""1076"", ""その他市町村長が必要と認める事項"": """", ""住所"": ""熊本県天草市御所浦町牧島625-7"", ""備考"": """", ""共通ID"": ""E4321500102111"", ""受入対象者"": """", ""指定緊急避難場所との住所同一"": """", ""施設・場所名"": ""牧島地区コミュニティセンター"", ""経度"": ""130.3279952"", ""緯度"": ""32.3474935""}]",reference/43000_1.csv,dd6686fa000c3e720180ba96d02aacff987aec1bba3c9bc69a5867fc0089d10d
2026-07-30,2026-07-30T00:13:27+09:00,26/07/30 00:13時点の避難所状況の一覧です。,2026-07-30T00:13+09:00,web:64800689ee3d2477991b,64800689ee3d2477991b,天草市,下津浦平団地広場,---,false,---,,天草市有明町下津浦 2349-2,検索,,,,,https://portal.bousai.pref.kumamoto.jp/sp.html?p=evacuation%2Fshelter&l=15-0&ll=32.63819999999999%2C130.77610000000004&z=9&municipalityCd=430005,959f7db816fc07c57da3a4f6986e86d6f10e884cd1ab7f4f4d8b9f89b8a99661,"{""ルート検索"": ""検索"", ""住所"": ""天草市有明町下津浦 2349-2"", ""市町村"": ""天草市"", ""混雑状況"": ""---"", ""避難所名"": ""下津浦平団地広場"", ""開設状況"": ""---""}",unmatched,no_candidate,,0,,,,,,,,,,,[],,[],[],reference/43000_1.csv,dd6686fa000c3e720180ba96d02aacff987aec1bba3c9bc69a5867fc0089d10d
2026-07-30,2026-07-30T00:13:27+09:00,26/07/30 00:13時点の避難所状況の一覧です。,2026-07-30T00:13+09:00,web:39528be2c34fd5d958ba,39528be2c34fd5d958ba,天草市,下田北運動広場,---,false,---,,天草市天草町下田北 1489,検索,,,,,https://portal.bousai.pref.kumamoto.jp/sp.html?p=evacuation%2Fshelter&l=15-0&ll=32.63819999999999%2C130.77610000000004&z=9&municipalityCd=430005,0064b057ea875fc96f77018c016aed7d6d107859d149afbc2126d7ce35fb8959,"{""ルート検索"": ""検索"", ""住所"": ""天草市天草町下田北 1489"", ""市町村"": ""天草市"", ""混雑状況"": ""---"", ""避難所名"": ""下田北運動広場"", ""開設状況"": ""---""}",unmatched,no_candidate,,0,,,,,,,,,,,[],,[],[],reference/43000_1.csv,dd6686fa000c3e720180ba96d02aacff987aec1bba3c9bc69a5867fc0089d10d
2026-07-30,2026-07-30T00:13:27+09:00,26/07/30 00:13時点の避難所状況の一覧です。,2026-07-30T00:13+09:00,web:f72b946e737cf91522ee,f72b946e737cf91522ee,天草市,下田南地区コミュニティセンター,---,false,---,,天草市天草町下田南 3040-1,検索,,,,,https://portal.bousai.pref.kumamoto.jp/sp.html?p=evacuation%2Fshelter&l=15-0&ll=32.63819999999999%2C130.77610000000004&z=9&municipalityCd=430005,c5108db1c1deb9a9692551d9d6e52da03b4ee2b8ce6c5dd9ddaa1f513e50e6a5,"{""ルート検索"": ""検索"", ""住所"": ""天草市天草町下田南 3040-1"", ""市町村"": ""天草市"", ""混雑状況"": ""---"", ""避難所名"": ""下田南地区コミュニティセンター"", ""開設状況"": ""---""}",unmatched,fuzzy_below_threshold,0.910,0,,,,,,,,,,,[],,[],"[{""NO"": ""1133"", ""その他市町村長が必要と認める事項"": """", ""住所"": ""熊本県天草市天草町下田北534-1"", ""備考"": """", ""共通ID"": ""E4321500199111"", ""受入対象者"": """", ""指定緊急避難場所との住所同一"": ""1"", ""施設・場所名"": ""下田北地区コミュニティセンター"", ""経度"": ""130.0137819"", ""緯度"": ""32.42497725""}, {""NO"": ""1136"", ""その他市町村長が必要と認める事項"": """", ""住所"": ""熊本県天草市天草町高浜南501-1"", ""備考"": """", ""共通ID"": ""E4321500202121"", ""受入対象者"": ""要配慮者"", ""指定緊急避難場所との住所同一"": ""1"", ""施設・場所名"": ""高浜地区コミュニティセンター"", ""経度"": ""129.9975277"", ""緯度"": ""32.37838933""}, {""NO"": ""1054"", ""その他市町村長が必要と認める事項"": """", ""住所"": ""熊本県天草市五和町御領6692-1"", ""備考"": """", ""共通ID"": ""E4321500060121"", ""受入対象者"": ""要配慮者"", ""指定緊急避難場所との住所同一"": ""1"", ""施設・場所名"": ""御領地区コミュニティセンター"", ""経度"": ""130.18888259453"", ""緯度"": ""32.517830538891""}]",reference/43000_1.csv,dd6686fa000c3e720180ba96d02aacff987aec1bba3c9bc69a5867fc0089d10d
2026-07-30,2026-07-30T00:13:27+09:00,26/07/30 00:13時点の避難所状況の一覧です。,2026-07-30T00:13+09:00,web:19291ac9e35b15620f2a,19291ac9e35b15620f2a,天草市,下田南運動広場,---,false,---,,天草市天草町下田南 737-1,検索,,,,,https://portal.bousai.pref.kumamoto.jp/sp.html?p=evacuation%2Fshelter&l=15-0&ll=32.63819999999999%2C130.77610000000004&z=9&municipalityCd=430005,cce12d809efb57186aeb9f70acd918fe490ed3e3da38c117a1d18628a505e92c,"{""ルート検索"": ""検索"", ""住所"": ""天草市天草町下田南 737-1"", ""市町村"": ""天草市"", ""混雑状況"": ""---"", ""避難所名"": ""下田南運動広場"", ""開設状況"": ""---""}",unmatched,no_candidate,,0,,,,,,,,,,,[],,[],[],reference/43000_1.csv,dd6686fa000c3e720180ba96d02aacff987aec1bba3c9bc69a5867fc0089d10d
2026-07-30,2026-07-30T00:13:27+09:00,26/07/30 00:13時点の避難所状況の一覧です。,2026-07-30T00:13+09:00,web:7a5946c6c10b2198e37d,7a5946c6c10b2198e37d,天草市,中田十五社宮付近高台,---,false,---,,天草市新和町中田2322付近,検索,,,,,https://portal.bousai.pref.kumamoto.jp/sp.html?p=evacuation%2Fshelter&l=15-0&ll=32.63819999999999%2C130.77610000000004&z=9&municipalityCd=430005,54e94b0db50134abb9aa7b2b681e03a768e2362278818a5de5b0cc5106bfe9b7,"{""ルート検索"": ""検索"", ""住所"": ""天草市新和町中田2322付近"", ""市町村"": ""天草市"", ""混雑状況"": ""---"", ""避難所名"": ""中田十五社宮付近高台"", ""開設状況"": ""---""}",unmatched,no_candidate,,0,,,,,,,,,,,[],,[],[],reference/43000_1.csv,dd6686fa000c3e720180ba96d02aacff987aec1bba3c9bc69a5867fc0089d10d
2026-07-30,2026-07-30T00:13:27+09:00,26/07/30 00:13時点の避難所状況の一覧です。,2026-07-30T00:13+09:00,web:a4a449b7ef3f8b56ccc4,a4a449b7ef3f8b56ccc4,天草市,中田地区コミュニティセンター,---,false,---,,天草市新和町中田 2770,検索,,,,,https://portal.bousai.pref.kumamoto.jp/sp.html?p=evacuation%2Fshelter&l=15-0&ll=32.63819999999999%2C130.77610000000004&z=9&municipalityCd=430005,8b0783b9ade0372ec7d16e31d959d5bccd3df707397f625b016056fcc208f911,"{""ルート検索"": ""検索"", ""住所"": ""天草市新和町中田 2770"", ""市町村"": ""天草市"", ""混雑状況"": ""---"", ""避難所名"": ""中田地区コミュニティセンター"", ""開設状況"": ""---""}",unmatched,fuzzy_below_threshold,0.798,0,,,,,,,,,,,[],,[],"[{""NO"": ""1133"", ""その他市町村長が必要と認める事項"": """", ""住所"": ""熊本県天草市天草町下田北534-1"", ""備考"": """", ""共通ID"": ""E4321500199111"", ""受入対象者"": """", ""指定緊急避難場所との住所同一"": ""1"", ""施設・場所名"": ""下田北地区コミュニティセンター"", ""経度"": ""130.0137819"", ""緯度"": ""32.42497725""}, {""NO"": ""1054"", ""その他市町村長が必要と認める事項"": """", ""住所"": ""熊本県天草市五和町御領6692-1"", ""備考"": """", ""共通ID"": ""E4321500060121"", ""受入対象者"": ""要配慮者"", ""指定緊急避難場所との住所同一"": ""1"", ""施設・場所名"": ""御領地区コミュニティセンター"", ""経度"": ""130.18888259453"", ""緯度"": ""32.517830538891""}, {""NO"": ""1076"", ""その他市町村長が必要と認める事項"": """", ""住所"": ""熊本県天草市御所浦町牧島625-7"", ""備考"": """", ""共通ID"": ""E4321500102111"", ""受入対象者"": """", ""指定緊急避難場所との住所同一"": """", ""施設・場所名"": ""牧島地区コミュニティセンター"", ""経度"": ""130.3279952"", ""緯度"": ""32.3474935""}]",reference/43000_1.csv,dd6686fa000c3e720180ba96d02aacff987aec1bba3c9bc69a5867fc0089d10d
2026-07-30,2026-07-30T00:13:27+09:00,26/07/30 00:13時点の避難所状況の一覧です。,2026-07-30T00:13+09:00,web:cff6fd113ee3a7def422,cff6fd113ee3a7def422,天草市,久玉地区コミュニティセンター,開設,true,平常,,天草市久玉町 1412-12,検索,,,,,https://portal.bousai.pref.kumamoto.jp/sp.html?p=evacuation%2Fshelter&l=15-0&ll=32.63819999999999%2C130.77610000000004&z=9&municipalityCd=430005,cf2132613e833970c263806a7dbb0839cc82a3091ad9043fab5c6f4a889d4e38,"{""ルート検索"": ""検索"", ""住所"": ""天草市久玉町 1412-12"", ""市町村"": ""天草市"", ""混雑状況"": ""平常"", ""避難所名"": ""久玉地区コミュニティセンター"", ""開設状況"": ""開設""}",unmatched,fuzzy_below_threshold,0.814,0,,,,,,,,,,,[],,[],"[{""NO"": ""1041"", ""その他市町村長が必要と認める事項"": """", ""住所"": ""熊本県天草市牛深町122-2"", ""備考"": """", ""共通ID"": ""E4321500276121"", ""受入対象者"": ""要配慮者"", ""指定緊急避難場所との住所同一"": """", ""施設・場所名"": ""牛深地区コミュニティセンター"", ""経度"": ""130.025668"", ""緯度"": ""32.195712""}, {""NO"": ""1049"", ""その他市町村長が必要と認める事項"": """", ""住所"": ""熊本県天草市魚貫町2129"", ""備考"": """", ""共通ID"": ""E4321500050111"", ""受入対象者"": """", ""指定緊急避難場所との住所同一"": """", ""施設・場所名"": ""魚貫地区コミュニティセンター"", ""経度"": ""130.0109142"", ""緯度"": ""32.23957339""}, {""NO"": ""1054"", ""その他市町村長が必要と認める事項"": """", ""住所"": ""熊本県天草市五和町御領6692-1"", ""備考"": """", ""共通ID"": ""E4321500060121"", ""受入対象者"": ""要配慮者"", ""指定緊急避難場所との住所同一"": ""1"", ""施設・場所名"": ""御領地区コミュニティセンター"", ""経度"": ""130.18888259453"", ""緯度"": ""32.517830538891""}]",reference/43000_1.csv,dd6686fa000c3e720180ba96d02aacff987aec1bba3c9bc69a5867fc0089d10d
2026-07-30,2026-07-30T00:13:27+09:00,26/07/30 00:13時点の避難所状況の一覧です。,2026-07-30T00:13+09:00,web:21920af5effebd9d82e4,21920af5effebd9d82e4,天草市,二江地区コミュニティセンター,開設,true,平常,,天草市五和町二江 3066,検索,,,,,https://portal.bousai.pref.kumamoto.jp/sp.html?p=evacuation%2Fshelter&l=15-0&ll=32.63819999999999%2C130.77610000000004&z=9&municipalityCd=430005,6f67ea73f7cbbacb6063afe55e310cfb4266d971db3c121f7c6e81b86c6fd965,"{""ルート検索"": ""検索"", ""住所"": ""天草市五和町二江 3066"", ""市町村"": ""天草市"", ""混雑状況"": ""平常"", ""避難所名"": ""二江地区コミュニティセンター"", ""開設状況"": ""開設""}",unmatched,fuzzy_below_threshold,0.805,0,,,,,,,,,,,[],,[],"[{""NO"": ""1054"", ""その他市町村長が必要と認める事項"": """", ""住所"": ""熊本県天草市五和町御領6692-1"", ""備考"": """", ""共通ID"": ""E4321500060121"", ""受入対象者"": ""要配慮者"", ""指定緊急避難場所との住所同一"": ""1"", ""施設・場所名"": ""御領地区コミュニティセンター"", ""経度"": ""130.18888259453"", ""緯度"": ""32.517830538891""}, {""NO"": ""1076"", ""その他市町村長が必要と認める事項"": """", ""住所"": ""熊本県天草市御所浦町牧島625-7"", ""備考"": """", ""共通ID"": ""E4321500102111"", ""受入対象者"": """", ""指定緊急避難場所との住所同一"": """", ""施設・場所名"": ""牧島地区コミュニティセンター"", ""経度"": ""130.3279952"", ""緯度"": ""32.3474935""}, {""NO"": ""1126"", ""その他市町村長が必要と認める事項"": """", ""住所"": ""熊本県天草市倉岳町棚底1786-4"", ""備考"": """", ""共通ID"": ""E4321500185111"", ""受入対象者"": """", ""指定緊急避難場所との住所同一"": """", ""施設・場所名"": ""棚底地区コミュニティセンター"", ""経度"": ""130.3438864"", ""緯度"": ""32.41067919""}]",reference/43000_1.csv,dd6686fa000c3e720180ba96d02aacff987aec1bba3c9bc69a5867fc0089d10d
2026-07-30,2026-07-30T00:13:27+09:00,26/07/30 00:13時点の避難所状況の一覧です。,2026-07-30T00:13+09:00,web:5371354cde3c4202f341,5371354cde3c4202f341,天草市,二浦地区コミュニティセンター,開設,true,平常,,天草市二浦町亀浦 1035-11,検索,,,,,https://portal.bousai.pref.kumamoto.jp/sp.html?p=evacuation%2Fshelter&l=15-0&ll=32.63819999999999%2C130.77610000000004&z=9&municipalityCd=430005,cbfedae8c1857704a2424e712f032efae5df997c686c9ea496281cc1c411f324,"{""ルート検索"": ""検索"", ""住所"": ""天草市二浦町亀浦 1035-11"", ""市町村"": ""天草市"", ""混雑状況"": ""平常"", ""避難所名"": ""二浦地区コミュニティセンター"", ""開設状況"": ""開設""}",unmatched,fuzzy_below_threshold,0.781,0,,,,,,,,,,,[],,[],"[{""NO"": ""1076"", ""その他市町村長が必要と認める事項"": """", ""住所"": ""熊本県天草市御所浦町牧島625-7"", ""備考"": """", ""共通ID"": ""E4321500102111"", ""受入対象者"": """", ""指定緊急避難場所との住所同一"": """", ""施設・場所名"": ""牧島地区コミュニティセンター"", ""経度"": ""130.3279952"", ""緯度"": ""32.3474935""}, {""NO"": ""1136"", ""その他市町村長が必要と認める事項"": """", ""住所"": ""熊本県天草市天草町高浜南501-1"", ""備考"": """", ""共通ID"": ""E4321500202121"", ""受入対象者"": ""要配慮者"", ""指定緊急避難場所との住所同一"": ""1"", ""施設・場所名"": ""高浜地区コミュニティセンター"", ""経度"": ""129.9975277"", ""緯度"": ""32.37838933""}, {""NO"": ""1041"", ""その他市町村長が必要と認める事項"": """", ""住所"": ""熊本県天草市牛深町122-2"", ""備考"": """", ""共通ID"": ""E4321500276121"", ""受入対象者"": ""要配慮者"", ""指定緊急避難場所との住所同一"": """", ""施設・場所名"": ""牛深地区コミュニティセンター"", ""経度"": ""130.025668"", ""緯度"": ""32.195712""}]",reference/43000_1.csv,dd6686fa000c3e720180ba96d02aacff987aec1bba3c9bc69a5867fc0089d10d
2026-07-30,2026-07-30T00:13:27+09:00,26/07/30 00:13時点の避難所状況の一覧です。,2026-07-30T00:13+09:00,web:28db10c1c920d1311a75,28db10c1c920d1311a75,天草市,五和中学校屋上,---,false,---,,天草市五和町御領9607-2,検索,,,,,https://portal.bousai.pref.kumamoto.jp/sp.html?p=evacuation%2Fshelter&l=15-0&ll=32.63819999999999%2C130.77610000000004&z=9&municipalityCd=430005,a9d9a5d4043d7bf4a186c8921d1cf2b91f13b373d51c9d77055c3c07d52ea962,"{""ルート検索"": ""検索"", ""住所"": ""天草市五和町御領9607-2"", ""市町村"": ""天草市"", ""混雑状況"": ""---"", ""避難所名"": ""五和中学校屋上"", ""開設状況"": ""---""}",unmatched,no_candidate,,0,,,,,,,,,,,[],,[],[],reference/43000_1.csv,dd6686fa000c3e720180ba96d02aacff987aec1bba3c9bc69a5867fc0089d10d
2026-07-30,2026-07-30T00:13:27+09:00,26/07/30 00:13時点の避難所状況の一覧です。,2026-07-30T00:13+09:00,web:04ce8f920c6e5d72d079,04ce8f920c6e5d72d079,天草市,五和小学校屋上,---,false,---,,天草市五和町御領9608-1,検索,,,,,https://portal.bousai.pref.kumamoto.jp/sp.html?p=evacuation%2Fshelter&l=15-0&ll=32.63819999999999%2C130.77610000000004&z=9&municipalityCd=430005,be4d77097750ebb7a0eab501fff0f8551377680e23463642d2ba213862cfea3b,"{""ルート検索"": ""検索"", ""住所"": ""天草市五和町御領9608-1"", ""市町村"": ""天草市"", ""混雑状況"": ""---"", ""避難所名"": ""五和小学校屋上"", ""開設状況"": ""---""}",unmatched,no_candidate,,0,,,,,,,,,,,[],,[],[],reference/43000_1.csv,dd6686fa000c3e720180ba96d02aacff987aec1bba3c9bc69a5867fc0089d10d
2026-07-30,2026-07-30T00:13:27+09:00,26/07/30 00:13時点の避難所状況の一覧です。,2026-07-30T00:13+09:00,web:770510cd9db5fd824f6c,770510cd9db5fd824f6c,天草市,五和漁村センター,---,false,---,,天草市五和町二江3150-3,検索,,,,,https://portal.bousai.pref.kumamoto.jp/sp.html?p=evacuation%2Fshelter&l=15-0&ll=32.63819999999999%2C130.77610000000004&z=9&municipalityCd=430005,76c79efa3255b775e4249c32cf539057750714d9a169d34fe14d713b51ec2894,"{""ルート検索"": ""検索"", ""住所"": ""天草市五和町二江3150-3"", ""市町村"": ""天草市"", ""混雑状況"": ""---"", ""避難所名"": ""五和漁村センター"", ""開設状況"": ""---""}",unmatched,no_candidate,,0,,,,,,,,,,,[],,[],[],reference/43000_1.csv,dd6686fa000c3e720180ba96d02aacff987aec1bba3c9bc69a5867fc0089d10d
2026-07-30,2026-07-30T00:13:27+09:00,26/07/30 00:13時点の避難所状況の一覧です。,2026-07-30T00:13+09:00,web:a1c49a3b192ff0ccf90c,a1c49a3b192ff0ccf90c,天草市,五和漁村広場,---,false,---,,天草市五和町二江 4321,検索,,,,,https://portal.bousai.pref.kumamoto.jp/sp.html?p=evacuation%2Fshelter&l=15-0&ll=32.63819999999999%2C130.77610000000004&z=9&municipalityCd=430005,28d427474144b859e05e452e5320f9c2a028693a3f9735b4a6d5d7a0257666f1,"{""ルート検索"": ""検索"", ""住所"": ""天草市五和町二江 4321"", ""市町村"": ""天草市"", ""混雑状況"": ""---"", ""避難所名"": ""五和漁村広場"", ""開設状況"": ""---""}",unmatched,no_candidate,,0,,,,,,,,,,,[],,[],[],reference/43000_1.csv,dd6686fa000c3e720180ba96d02aacff987aec1bba3c9bc69a5867fc0089d10d
2026-07-30,2026-07-30T00:13:27+09:00,26/07/30 00:13時点の避難所状況の一覧です。,2026-07-30T00:13+09:00,web:e4eb24df0fa65955bc7c,e4eb24df0fa65955bc7c,天草市,五和農業情報センター,---,false,---,,天草市五和町御領2943,検索,,,,,https://portal.bousai.pref.kumamoto.jp/sp.html?p=evacuation%2Fshelter&l=15-0&ll=32.63819999999999%2C130.77610000000004&z=9&municipalityCd=430005,879507e6ba654e87d7055db358c0790bf3b5a40203f4a2e4655c08ff4c183de8,"{""ルート検索"": ""検索"", ""住所"": ""天草市五和町御領2943"", ""市町村"": ""天草市"", ""混雑状況"": ""---"", ""避難所名"": ""五和農業情報センター"", ""開設状況"": ""---""}",unmatched,no_candidate,,0,,,,,,,,,,,[],,[],[],reference/43000_1.csv,dd6686fa000c3e720180ba96d02aacff987aec1bba3c9bc69a5867fc0089d10d
2026-07-30,2026-07-30T00:13:27+09:00,26/07/30 00:13時点の避難所状況の一覧です。,2026-07-30T00:13+09:00,web:e0defca83de1532c85d4,e0defca83de1532c85d4,天草市,仮俣自治公民館,---,false,---,,天草市枦宇土町302-3,検索,,,,,https://portal.bousai.pref.kumamoto.jp/sp.html?p=evacuation%2Fshelter&l=15-0&ll=32.63819999999999%2C130.77610000000004&z=9&municipalityCd=430005,0fbbce291dc7c023480c7e09e9b91618a1f54c8f73095e3a53066d270b709dd9,"{""ルート検索"": ""検索"", ""住所"": ""天草市枦宇土町302-3"", ""市町村"": ""天草市"", ""混雑状況"": ""---"", ""避難所名"": ""仮俣自治公民館"", ""開設状況"": ""---""}",unmatched,no_candidate,,0,,,,,,,,,,,[],,[],[],reference/43000_1.csv,dd6686fa000c3e720180ba96d02aacff987aec1bba3c9bc69a5867fc0089d10d
2026-07-30,2026-07-30T00:13:27+09:00,26/07/30 00:13時点の避難所状況の一覧です。,2026-07-30T00:13+09:00,web:e987cf7183870315496f,e987cf7183870315496f,天草市,佐伊津地区コミュニティセンター,開設,true,平常,,天草市佐伊津町 2258,検索,,,,,https://portal.bousai.pref.kumamoto.jp/sp.html?p=evacuation%2Fshelter&l=15-0&ll=32.63819999999999%2C130.77610000000004&z=9&municipalityCd=430005,f56012df9469fba25883840da62f729e5f2b5f581d6fa9bac921185797c78a58,"{""ルート検索"": ""検索"", ""住所"": ""天草市佐伊津町 2258"", ""市町村"": ""天草市"", ""混雑状況"": ""平常"", ""避難所名"": ""佐伊津地区コミュニティセンター"", ""開設状況"": ""開設""}",unmatched,fuzzy_below_threshold,0.771,0,,,,,,,,,,,[],,[],"[{""NO"": ""1049"", ""その他市町村長が必要と認める事項"": """", ""住所"": ""熊本県天草市魚貫町2129"", ""備考"": """", ""共通ID"": ""E4321500050111"", ""受入対象者"": """", ""指定緊急避難場所との住所同一"": """", ""施設・場所名"": ""魚貫地区コミュニティセンター"", ""経度"": ""130.0109142"", ""緯度"": ""32.23957339""}, {""NO"": ""1041"", ""その他市町村長が必要と認める事項"": """", ""住所"": ""熊本県天草市牛深町122-2"", ""備考"": """", ""共通ID"": ""E4321500276121"", ""受入対象者"": ""要配慮者"", ""指定緊急避難場所との住所同一"": """", ""施設・場所名"": ""牛深地区コミュニティセンター"", ""経度"": ""130.025668"", ""緯度"": ""32.195712""}, {""NO"": ""1076"", ""その他市町村長が必要と認める事項"": """", ""住所"": ""熊本県天草市御所浦町牧島625-7"", ""備考"": """", ""共通ID"": ""E4321500102111"", ""受入対象者"": """", ""指定緊急避難場所との住所同一"": """", ""施設・場所名"": ""牧島地区コミュニティセンター"", ""経度"": ""130.3279952"", ""緯度"": ""32.3474935""}]",reference/43000_1.csv,dd6686fa000c3e720180ba96d02aacff987aec1bba3c9bc69a5867fc0089d10d
2026-07-30,2026-07-30T00:13:27+09:00,26/07/30 00:13時点の避難所状況の一覧です。,2026-07-30T00:13+09:00,web:8a7e58a1da944bdf5ba5,8a7e58a1da944bdf5ba5,天草市,作物選別所,---,false,---,,天草市新和町小宮地 785,検索,,,,,https://portal.bousai.pref.kumamoto.jp/sp.html?p=evacuation%2Fshelter&l=15-0&ll=32.63819999999999%2C130.77610000000004&z=9&municipalityCd=430005,67fd13462fbe3c5a192507d9d3817ffc80ed62eaa657f2ba047fbdd397bb094b,"{""ルート検索"": ""検索"", ""住所"": ""天草市新和町小宮地 785"", ""市町村"": ""天草市"", ""混雑状況"": ""---"", ""避難所名"": ""作物選別所"", ""開設状況"": ""---""}",unmatched,no_candidate,,0,,,,,,,,,,,[],,[],[],reference/43000_1.csv,dd6686fa000c3e720180ba96d02aacff987aec1bba3c9bc69a5867fc0089d10d
2026-07-30,2026-07-30T00:13:27+09:00,26/07/30 00:13時点の避難所状況の一覧です。,2026-07-30T00:13+09:00,web:00d8539b32151cdbe8a1,00d8539b32151cdbe8a1,天草市,倉岳中学校体育館,---,false,---,,天草市倉岳町棚底 2691,検索,,,,,https://portal.bousai.pref.kumamoto.jp/sp.html?p=evacuation%2Fshelter&l=15-0&ll=32.63819999999999%2C130.77610000000004&z=9&municipalityCd=430005,ac8999aa93890f57a0bff528aadd82fc1959501f4e0950bad67628070a6a0398,"{""ルート検索"": ""検索"", ""住所"": ""天草市倉岳町棚底 2691"", ""市町村"": ""天草市"", ""混雑状況"": ""---"", ""避難所名"": ""倉岳中学校体育館"", ""開設状況"": ""---""}",unmatched,fuzzy_below_threshold,0.867,0,,,,,,,,,,,[],,[],"[{""NO"": ""1128"", ""その他市町村長が必要と認める事項"": """", ""住所"": ""熊本県天草市倉岳町棚底2114"", ""備考"": """", ""共通ID"": ""E4321500189111"", ""受入対象者"": """", ""指定緊急避難場所との住所同一"": """", ""施設・場所名"": ""倉岳小学校体育館"", ""経度"": ""130.337888"", ""緯度"": ""32.4111622""}]",reference/43000_1.csv,dd6686fa000c3e720180ba96d02aacff987aec1bba3c9bc69a5867fc0089d10d
2026-07-30,2026-07-30T00:13:27+09:00,26/07/30 00:13時点の避難所状況の一覧です。,2026-07-30T00:13+09:00,web:b122db720d6939148c67,b122db720d6939148c67,天草市,倉岳小学校グラウンド,---,false,---,,天草市倉岳町棚底 2091,検索,,,,,https://portal.bousai.pref.kumamoto.jp/sp.html?p=evacuation%2Fshelter&l=15-0&ll=32.63819999999999%2C130.77610000000004&z=9&municipalityCd=430005,fa0e37dea2b3c9cc96063c15216d9391922e5b115728553ac3437ce67d3f910e,"{""ルート検索"": ""検索"", ""住所"": ""天草市倉岳町棚底 2091"", ""市町村"": ""天草市"", ""混雑状況"": ""---"", ""避難所名"": ""倉岳小学校グラウンド"", ""開設状況"": ""---""}",unmatched,no_candidate,,0,,,,,,,,,,,[],,[],[],reference/43000_1.csv,dd6686fa000c3e720180ba96d02aacff987aec1bba3c9bc69a5867fc0089d10d
2026-07-30,2026-07-30T00:13:27+09:00,26/07/30 00:13時点の避難所状況の一覧です。,2026-07-30T00:13+09:00,web:8c21ea503a73c4f780a9,8c21ea503a73c4f780a9,天草市,倉岳老人福祉センター,---,false,---,,天草市倉岳町棚底 1997-1,検索,,,,,https://portal.bousai.pref.kumamoto.jp/sp.html?p=evacuation%2Fshelter&l=15-0&ll=32.63819999999999%2C130.77610000000004&z=9&municipalityCd=430005,a57a8848a72c02318f8831a08e744cedb4679a1d8a2bf0ec7f84c75d9f740705,"{""ルート検索"": ""検索"", ""住所"": ""天草市倉岳町棚底 1997-1"", ""市町村"": ""天草市"", ""混雑状況"": ""---"", ""避難所名"": ""倉岳老人福祉センター"", ""開設状況"": ""---""}",unmatched,no_candidate,,0,,,,,,,,,,,[],,[],[],reference/43000_1.csv,dd6686fa000c3e720180ba96d02aacff987aec1bba3c9bc69a5867fc0089d10d
2026-07-30,2026-07-30T00:13:27+09:00,26/07/30 00:13時点の避難所状況の一覧です。,2026-07-30T00:13+09:00,web:8bf42d8d32d3cff43b37,8bf42d8d32d3cff43b37,天草市,元零吟庵付近高台,---,false,---,,天草市新和町大宮地 879-1,検索,,,,,https://portal.bousai.pref.kumamoto.jp/sp.html?p=evacuation%2Fshelter&l=15-0&ll=32.63819999999999%2C130.77610000000004&z=9&municipalityCd=430005,16ad0a80eb4ee823740c158b08d5f93c10523d2da21054acb03a921e32fc121e,"{""ルート検索"": ""検索"", ""住所"": ""天草市新和町大宮地 879-1"", ""市町村"": ""天草市"", ""混雑状況"": ""---"", ""避難所名"": ""元零吟庵付近高台"", ""開設状況"": ""---""}",unmatched,no_candidate,,0,,,,,,,,,,,[],,[],[],reference/43000_1.csv,dd6686fa000c3e720180ba96d02aacff987aec1bba3c9bc69a5867fc0089d10d
2026-07-30,2026-07-30T00:13:27+09:00,26/07/30 00:13時点の避難所状況の一覧です。,2026-07-30T00:13+09:00,web:eb4c2333e18054f0c5bd,eb4c2333e18054f0c5bd,天草市,内の原体育館跡地,---,false,---,,天草市久玉町 340-2,検索,,,,,https://portal.bousai.pref.kumamoto.jp/sp.html?p=evacuation%2Fshelter&l=15-0&ll=32.63819999999999%2C130.77610000000004&z=9&municipalityCd=430005,4be943076725a7dfde763fd24f05dbf9832d4ecd12d15d903e3ce98fa5192ea7,"{""ルート検索"": ""検索"", ""住所"": ""天草市久玉町 340-2"", ""市町村"": ""天草市"", ""混雑状況"": ""---"", ""避難所名"": ""内の原体育館跡地"", ""開設状況"": ""---""}",unmatched,no_candidate,,0,,,,,,,,,,,[],,[],[],reference/43000_1.csv,dd6686fa000c3e720180ba96d02aacff987aec1bba3c9bc69a5867fc0089d10d
2026-07-30,2026-07-30T00:13:27+09:00,26/07/30 00:13時点の避難所状況の一覧です。,2026-07-30T00:13+09:00,web:db4bb09c4f61e1547bce,db4bb09c4f61e1547bce,天草市,内の原公民館,---,false,---,,天草市久玉町 219-1,検索,,,,,https://portal.bousai.pref.kumamoto.jp/sp.html?p=evacuation%2Fshelter&l=15-0&ll=32.63819999999999%2C130.77610000000004&z=9&municipalityCd=430005,03f53d320c9120331b7fb4ab2b9f9c5cd29a9bccd4ffc50269126805e9f3cf59,"{""ルート検索"": ""検索"", ""住所"": ""天草市久玉町 219-1"", ""市町村"": ""天草市"", ""混雑状況"": ""---"", ""避難所名"": ""内の原公民館"", ""開設状況"": ""---""}",unmatched,no_candidate,,0,,,,,,,,,,,[],,[],[],reference/43000_1.csv,dd6686fa000c3e720180ba96d02aacff987aec1bba3c9bc69a5867fc0089d10d
2026-07-30,2026-07-30T00:13:27+09:00,26/07/30 00:13時点の避難所状況の一覧です。,2026-07-30T00:13+09:00,web:6a9160f6cc21cb4a14ed,6a9160f6cc21cb4a14ed,天草市,前島高台,---,false,---,,天草市有明町大浦 4224-13,検索,,,,,https://portal.bousai.pref.kumamoto.jp/sp.html?p=evacuation%2Fshelter&l=15-0&ll=32.63819999999999%2C130.77610000000004&z=9&municipalityCd=430005,20a162dcb48e8f8cb34c1d86aa5e12263bba9b29f228ea91fed875c186fc1c38,"{""ルート検索"": ""検索"", ""住所"": ""天草市有明町大浦 4224-13"", ""市町村"": ""天草市"", ""混雑状況"": ""---"", ""避難所名"": ""前島高台"", ""開設状況"": ""---""}",unmatched,no_candidate,,0,,,,,,,,,,,[],,[],[],reference/43000_1.csv,dd6686fa000c3e720180ba96d02aacff987aec1bba3c9bc69a5867fc0089d10d
2026-07-30,2026-07-30T00:13:27+09:00,26/07/30 00:13時点の避難所状況の一覧です。,2026-07-30T00:13+09:00,web:7a4b65bd5a82a1566c0b,7a4b65bd5a82a1566c0b,天草市,功徳寺高台,---,false,---,,天草市有明町小島子 673,検索,,,,,https://portal.bousai.pref.kumamoto.jp/sp.html?p=evacuation%2Fshelter&l=15-0&ll=32.63819999999999%2C130.77610000000004&z=9&municipalityCd=430005,57d9257aa63dcff9af8a262b5806e0d885dc43e2abf772c0b9db7b277ba84555,"{""ルート検索"": ""検索"", ""住所"": ""天草市有明町小島子 673"", ""市町村"": ""天草市"", ""混雑状況"": ""---"", ""避難所名"": ""功徳寺高台"", ""開設状況"": ""---""}",unmatched,no_candidate,,0,,,,,,,,,,,[],,[],[],reference/43000_1.csv,dd6686fa000c3e720180ba96d02aacff987aec1bba3c9bc69a5867fc0089d10d
2026-07-30,2026-07-30T00:13:27+09:00,26/07/30 00:13時点の避難所状況の一覧です。,2026-07-30T00:13+09:00,web:309aebc14999a8b685a0,309aebc14999a8b685a0,天草市,勇志国際高等学校,開設,true,平常,,天草市御所浦町牧島 1065-3,検索,,,,,https://portal.bousai.pref.kumamoto.jp/sp.html?p=evacuation%2Fshelter&l=15-0&ll=32.63819999999999%2C130.77610000000004&z=9&municipalityCd=430005,94fd5f25f1202f13319c97d72b4c2c3898a8dc55cd74191e1529a45126fb8940,"{""ルート検索"": ""検索"", ""住所"": ""天草市御所浦町牧島 1065-3"", ""市町村"": ""天草市"", ""混雑状況"": ""平常"", ""避難所名"": ""勇志国際高等学校"", ""開設状況"": ""開設""}",unmatched,no_candidate,,0,,,,,,,,,,,[],,[],[],reference/43000_1.csv,dd6686fa000c3e720180ba96d02aacff987aec1bba3c9bc69a5867fc0089d10d
2026-07-30,2026-07-30T00:13:27+09:00,26/07/30 00:13時点の避難所状況の一覧です。,2026-07-30T00:13+09:00,web:0f8353300688adbf40c7,0f8353300688adbf40c7,天草市,南公園,---,false,---,,天草市南町372-1,検索,,,,,https://portal.bousai.pref.kumamoto.jp/sp.html?p=evacuation%2Fshelter&l=15-0&ll=32.63819999999999%2C130.77610000000004&z=9&municipalityCd=430005,d04aecd77a009ec14173e514d5abeb68dcd1bcb088f9e067e1724949383f12fc,"{""ルート検索"": ""検索"", ""住所"": ""天草市南町372-1"", ""市町村"": ""天草市"", ""混雑状況"": ""---"", ""避難所名"": ""南公園"", ""開設状況"": ""---""}",unmatched,no_candidate,,0,,,,,,,,,,,[],,[],[],reference/43000_1.csv,dd6686fa000c3e720180ba96d02aacff987aec1bba3c9bc69a5867fc0089d10d
2026-07-30,2026-07-30T00:13:27+09:00,26/07/30 00:13時点の避難所状況の一覧です。,2026-07-30T00:13+09:00,web:fe0a557f02e0358c7ac3,fe0a557f02e0358c7ac3,天草市,向辺田公民館,---,false,---,,天草市天草町大江向 284-6,検索,,,,,https://portal.bousai.pref.kumamoto.jp/sp.html?p=evacuation%2Fshelter&l=15-0&ll=32.63819999999999%2C130.77610000000004&z=9&municipalityCd=430005,965985b07206034e9ad95802f10ae45fbde0aa5cb84897eaf19cda96181295c7,"{""ルート検索"": ""検索"", ""住所"": ""天草市天草町大江向 284-6"", ""市町村"": ""天草市"", ""混雑状況"": ""---"", ""避難所名"": ""向辺田公民館"", ""開設状況"": ""---""}",unmatched,no_candidate,,0,,,,,,,,,,,[],,[],[],reference/43000_1.csv,dd6686fa000c3e720180ba96d02aacff987aec1bba3c9bc69a5867fc0089d10d
2026-07-30,2026-07-30T00:13:27+09:00,26/07/30 00:13時点の避難所状況の一覧です。,2026-07-30T00:13+09:00,web:75b1e871484c698ab36c,75b1e871484c698ab36c,天草市,地域交流センターおおくす,---,false,---,,天草市五和町手野一丁目 367-1,検索,,,,,https://portal.bousai.pref.kumamoto.jp/sp.html?p=evacuation%2Fshelter&l=15-0&ll=32.63819999999999%2C130.77610000000004&z=9&municipalityCd=430005,ed9e4e9b6feffe0c878617a99f1d7f4f3706e30fa9c6c7e82d6bae5533539824,"{""ルート検索"": ""検索"", ""住所"": ""天草市五和町手野一丁目 367-1"", ""市町村"": ""天草市"", ""混雑状況"": ""---"", ""避難所名"": ""地域交流センターおおくす"", ""開設状況"": ""---""}",unmatched,no_candidate,,0,,,,,,,,,,,[],,[],[],reference/43000_1.csv,dd6686fa000c3e720180ba96d02aacff987aec1bba3c9bc69a5867fc0089d10d
2026-07-30,2026-07-30T00:13:27+09:00,26/07/30 00:13時点の避難所状況の一覧です。,2026-07-30T00:13+09:00,web:19071ee2226c0e2a9301,19071ee2226c0e2a9301,天草市,城河原地区コミュニティセンター,---,false,---,,天草市五和町城河原一丁目 17-1,検索,,,,,https://portal.bousai.pref.kumamoto.jp/sp.html?p=evacuation%2Fshelter&l=15-0&ll=32.63819999999999%2C130.77610000000004&z=9&municipalityCd=430005,2ad772afbdaf878c63ebb1348ea4b45d07327c33b8c7057cd9f023a826f1379e,"{""ルート検索"": ""検索"", ""住所"": ""天草市五和町城河原一丁目 17-1"", ""市町村"": ""天草市"", ""混雑状況"": ""---"", ""避難所名"": ""城河原地区コミュニティセンター"", ""開設状況"": ""---""}",unmatched,fuzzy_below_threshold,0.764,0,,,,,,,,,,,[],,[],"[{""NO"": ""1054"", ""その他市町村長が必要と認める事項"": """", ""住所"": ""熊本県天草市五和町御領6692-1"", ""備考"": """", ""共通ID"": ""E4321500060121"", ""受入対象者"": ""要配慮者"", ""指定緊急避難場所との住所同一"": ""1"", ""施設・場所名"": ""御領地区コミュニティセンター"", ""経度"": ""130.18888259453"", ""緯度"": ""32.517830538891""}, {""NO"": ""1126"", ""その他市町村長が必要と認める事項"": """", ""住所"": ""熊本県天草市倉岳町棚底1786-4"", ""備考"": """", ""共通ID"": ""E4321500185111"", ""受入対象者"": """", ""指定緊急避難場所との住所同一"": """", ""施設・場所名"": ""棚底地区コミュニティセンター"", ""経度"": ""130.3438864"", ""緯度"": ""32.41067919""}, {""NO"": ""1136"", ""その他市町村長が必要と認める事項"": """", ""住所"": ""熊本県天草市天草町高浜南501-1"", ""備考"": """", ""共通ID"": ""E4321500202121"", ""受入対象者"": ""要配慮者"", ""指定緊急避難場所との住所同一"": ""1"", ""施設・場所名"": ""高浜地区コミュニティセンター"", ""経度"": ""129.9975277"", ""緯度"": ""32.37838933""}]",reference/43000_1.csv,dd6686fa000c3e720180ba96d02aacff987aec1bba3c9bc69a5867fc0089d10d
2026-07-30,2026-07-30T00:13:27+09:00,26/07/30 00:13時点の避難所状況の一覧です。,2026-07-30T00:13+09:00,web:eaa3de8ba291d72c6b20,eaa3de8ba291d72c6b20,天草市,大の浦公民館,---,false,---,,天草市久玉町 4689-4,検索,,,,,https://portal.bousai.pref.kumamoto.jp/sp.html?p=evacuation%2Fshelter&l=15-0&ll=32.63819999999999%2C130.77610000000004&z=9&municipalityCd=430005,18ea945e5d95b9b940d5c07ef0fdb9e3c8876218c0eb61af95717892dede5d9e,"{""ルート検索"": ""検索"", ""住所"": ""天草市久玉町 4689-4"", ""市町村"": ""天草市"", ""混雑状況"": ""---"", ""避難所名"": ""大の浦公民館"", ""開設状況"": ""---""}",unmatched,no_candidate,,0,,,,,,,,,,,[],,[],[],reference/43000_1.csv,dd6686fa000c3e720180ba96d02aacff987aec1bba3c9bc69a5867fc0089d10d
2026-07-30,2026-07-30T00:13:27+09:00,26/07/30 00:13時点の避難所状況の一覧です。,2026-07-30T00:13+09:00,web:f4edaa09a8a82addb372,f4edaa09a8a82addb372,天草市,大多尾地区コミュニティセンター,開設,true,平常,,天草市新和町大多尾 2852-1,検索,,,,,https://portal.bousai.pref.kumamoto.jp/sp.html?p=evacuation%2Fshelter&l=15-0&ll=32.63819999999999%2C130.77610000000004&z=9&municipalityCd=430005,090cae8b5131f7d9a7ff60b6b1e9621b356726f4adfe32ff954aa6747a65b974,"{""ルート検索"": ""検索"", ""住所"": ""天草市新和町大多尾 2852-1"", ""市町村"": ""天草市"", ""混雑状況"": ""平常"", ""避難所名"": ""大多尾地区コミュニティセンター"", ""開設状況"": ""開設""}",unmatched,fuzzy_below_threshold,0.835,0,,,,,,,,,,,[],,[],"[{""NO"": ""1091"", ""その他市町村長が必要と認める事項"": """", ""住所"": ""熊本県天草市新和町大宮地4275-1"", ""備考"": """", ""共通ID"": ""E4321500127111"", ""受入対象者"": """", ""指定緊急避難場所との住所同一"": ""1"", ""施設・場所名"": ""大宮地地区コミュニティセンター"", ""経度"": ""130.17352812433"", ""緯度"": ""32.390500221112""}, {""NO"": ""1054"", ""その他市町村長が必要と認める事項"": """", ""住所"": ""熊本県天草市五和町御領6692-1"", ""備考"": """", ""共通ID"": ""E4321500060121"", ""受入対象者"": ""要配慮者"", ""指定緊急避難場所との住所同一"": ""1"", ""施設・場所名"": ""御領地区コミュニティセンター"", ""経度"": ""130.18888259453"", ""緯度"": ""32.517830538891""}, {""NO"": ""1041"", ""その他市町村長が必要と認める事項"": """", ""住所"": ""熊本県天草市牛深町122-2"", ""備考"": """", ""共通ID"": ""E4321500276121"", ""受入対象者"": ""要配慮者"", ""指定緊急避難場所との住所同一"": """", ""施設・場所名"": ""牛深地区コミュニティセンター"", ""経度"": ""130.025668"", ""緯度"": ""32.195712""}]",reference/43000_1.csv,dd6686fa000c3e720180ba96d02aacff987aec1bba3c9bc69a5867fc0089d10d
2026-07-30,2026-07-30T00:13:27+09:00,26/07/30 00:13時点の避難所状況の一覧です。,2026-07-30T00:13+09:00,web:b05b72578037af49b3f3,b05b72578037af49b3f3,天草市,大宮地グラウンド,---,false,---,,天草市新和町大宮地 4275-1,検索,,,,,https://portal.bousai.pref.kumamoto.jp/sp.html?p=evacuation%2Fshelter&l=15-0&ll=32.63819999999999%2C130.77610000000004&z=9&municipalityCd=430005,7e58341647a1c8016b81bce4981dc82b57142d036c222189725bc803b6a8a9a6,"{""ルート検索"": ""検索"", ""住所"": ""天草市新和町大宮地 4275-1"", ""市町村"": ""天草市"", ""混雑状況"": ""---"", ""避難所名"": ""大宮地グラウンド"", ""開設状況"": ""---""}",unmatched,no_candidate,,0,,,,,,,,,,,[],,[],[],reference/43000_1.csv,dd6686fa000c3e720180ba96d02aacff987aec1bba3c9bc69a5867fc0089d10d
2026-07-30,2026-07-30T00:13:27+09:00,26/07/30 00:13時点の避難所状況の一覧です。,2026-07-30T00:13+09:00,web:1f6a8f59058ef7b79849,1f6a8f59058ef7b79849,天草市,大江シルバーコミュニティセンター,開設,true,平常,,天草市天草町大江 2967-1,検索,,,,,https://portal.bousai.pref.kumamoto.jp/sp.html?p=evacuation%2Fshelter&l=15-0&ll=32.63819999999999%2C130.77610000000004&z=9&municipalityCd=430005,376e5b03a879f43683125bc228552b85db84551735b6737cdf63ddc88af5f0df,"{""ルート検索"": ""検索"", ""住所"": ""天草市天草町大江 2967-1"", ""市町村"": ""天草市"", ""混雑状況"": ""平常"", ""避難所名"": ""大江シルバーコミュニティセンター"", ""開設状況"": ""開設""}",unmatched,no_candidate,,0,,,,,,,,,,,[],,[],[],reference/43000_1.csv,dd6686fa000c3e720180ba96d02aacff987aec1bba3c9bc69a5867fc0089d10d
2026-07-30,2026-07-30T00:13:27+09:00,26/07/30 00:13時点の避難所状況の一覧です。,2026-07-30T00:13+09:00,web:09f985b7ee22e82db8cc,09f985b7ee22e82db8cc,天草市,大江地区コミュニティセンター,---,false,---,,天草市天草町大江 7480-5,検索,,,,,https://portal.bousai.pref.kumamoto.jp/sp.html?p=evacuation%2Fshelter&l=15-0&ll=32.63819999999999%2C130.77610000000004&z=9&municipalityCd=430005,b942a3ffed002b4df541332b98afeaf644b4246a60338e59d273e7f684d4f7c8,"{""ルート検索"": ""検索"", ""住所"": ""天草市天草町大江 7480-5"", ""市町村"": ""天草市"", ""混雑状況"": ""---"", ""避難所名"": ""大江地区コミュニティセンター"", ""開設状況"": ""---""}",unmatched,fuzzy_below_threshold,0.816,0,,,,,,,,,,,[],,[],"[{""NO"": ""1091"", ""その他市町村長が必要と認める事項"": """", ""住所"": ""熊本県天草市新和町大宮地4275-1"", ""備考"": """", ""共通ID"": ""E4321500127111"", ""受入対象者"": """", ""指定緊急避難場所との住所同一"": ""1"", ""施設・場所名"": ""大宮地地区コミュニティセンター"", ""経度"": ""130.17352812433"", ""緯度"": ""32.390500221112""}, {""NO"": ""1136"", ""その他市町村長が必要と認める事項"": """", ""住所"": ""熊本県天草市天草町高浜南501-1"", ""備考"": """", ""共通ID"": ""E4321500202121"", ""受入対象者"": ""要配慮者"", ""指定緊急避難場所との住所同一"": ""1"", ""施設・場所名"": ""高浜地区コミュニティセンター"", ""経度"": ""129.9975277"", ""緯度"": ""32.37838933""}, {""NO"": ""1133"", ""その他市町村長が必要と認める事項"": """", ""住所"": ""熊本県天草市天草町下田北534-1"", ""備考"": """", ""共通ID"": ""E4321500199111"", ""受入対象者"": """", ""指定緊急避難場所との住所同一"": ""1"", ""施設・場所名"": ""下田北地区コミュニティセンター"", ""経度"": ""130.0137819"", ""緯度"": ""32.42497725""}]",reference/43000_1.csv,dd6686fa000c3e720180ba96d02aacff987aec1bba3c9bc69a5867fc0089d10d
2026-07-30,2026-07-30T00:13:27+09:00,26/07/30 00:13時点の避難所状況の一覧です。,2026-07-30T00:13+09:00,web:bd3931498d6d1b739204,bd3931498d6d1b739204,天草市,大江農村広場,---,false,---,,天草市天草町大江 1003,検索,,,,,https://portal.bousai.pref.kumamoto.jp/sp.html?p=evacuation%2Fshelter&l=15-0&ll=32.63819999999999%2C130.77610000000004&z=9&municipalityCd=430005,31f4596cc728bba70d0f638f9ece6f1c10aeded7014b2dc7bfba1bc764f6c4d6,"{""ルート検索"": ""検索"", ""住所"": ""天草市天草町大江 1003"", ""市町村"": ""天草市"", ""混雑状況"": ""---"", ""避難所名"": ""大江農村広場"", ""開設状況"": ""---""}",unmatched,no_candidate,,0,,,,,,,,,,,[],,[],[],reference/43000_1.csv,dd6686fa000c3e720180ba96d02aacff987aec1bba3c9bc69a5867fc0089d10d
2026-07-30,2026-07-30T00:13:27+09:00,26/07/30 00:13時点の避難所状況の一覧です。,2026-07-30T00:13+09:00,web:f79932a3d0c66960d538,f79932a3d0c66960d538,天草市,大浦地区コミュニティセンター,開設,true,平常,,天草市有明町大浦 1723-1,検索,,,,,https://portal.bousai.pref.kumamoto.jp/sp.html?p=evacuation%2Fshelter&l=15-0&ll=32.63819999999999%2C130.77610000000004&z=9&municipalityCd=430005,4e9c63185e87b96579e65024c184ef4589451d3b793b9c33ba81b5ae1af8db93,"{""ルート検索"": ""検索"", ""住所"": ""天草市有明町大浦 1723-1"", ""市町村"": ""天草市"", ""混雑状況"": ""平常"", ""避難所名"": ""大浦地区コミュニティセンター"", ""開設状況"": ""開設""}",unmatched,fuzzy_below_threshold,0.828,0,,,,,,,,,,,[],,[],"[{""NO"": ""1091"", ""その他市町村長が必要と認める事項"": """", ""住所"": ""熊本県天草市新和町大宮地4275-1"", ""備考"": """", ""共通ID"": ""E4321500127111"", ""受入対象者"": """", ""指定緊急避難場所との住所同一"": ""1"", ""施設・場所名"": ""大宮地地区コミュニティセンター"", ""経度"": ""130.17352812433"", ""緯度"": ""32.390500221112""}, {""NO"": ""1041"", ""その他市町村長が必要と認める事項"": """", ""住所"": ""熊本県天草市牛深町122-2"", ""備考"": """", ""共通ID"": ""E4321500276121"", ""受入対象者"": ""要配慮者"", ""指定緊急避難場所との住所同一"": """", ""施設・場所名"": ""牛深地区コミュニティセンター"", ""経度"": ""130.025668"", ""緯度"": ""32.195712""}, {""NO"": ""1049"", ""その他市町村長が必要と認める事項"": """", ""住所"": ""熊本県天草市魚貫町2129"", ""備考"": """", ""共通ID"": ""E4321500050111"", ""受入対象者"": """", ""指定緊急避難場所との住所同一"": """", ""施設・場所名"": ""魚貫地区コミュニティセンター"", ""経度"": ""130.0109142"", ""緯度"": ""32.23957339""}]",reference/43000_1.csv,dd6686fa000c3e720180ba96d02aacff987aec1bba3c9bc69a5867fc0089d10d
2026-07-30,2026-07-30T00:13:27+09:00,26/07/30 00:13時点の避難所状況の一覧です。,2026-07-30T00:13+09:00,web:022171b8b9b2712285a5,022171b8b9b2712285a5,天草市,大浦神社境内,---,false,---,,天草市御所浦町御所浦 6176,検索,,,,,https://portal.bousai.pref.kumamoto.jp/sp.html?p=evacuation%2Fshelter&l=15-0&ll=32.63819999999999%2C130.77610000000004&z=9&municipalityCd=430005,f672df109064fd0d4809d232f9b26255fbf33c8e667cec7719a1aba40bda9e57,"{""ルート検索"": ""検索"", ""住所"": ""天草市御所浦町御所浦 6176"", ""市町村"": ""天草市"", ""混雑状況"": ""---"", ""避難所名"": ""大浦神社境内"", ""開設状況"": ""---""}",unmatched,no_candidate,,0,,,,,,,,,,,[],,[],[],reference/43000_1.csv,dd6686fa000c3e720180ba96d02aacff987aec1bba3c9bc69a5867fc0089d10d
2026-07-30,2026-07-30T00:13:27+09:00,26/07/30 00:13時点の避難所状況の一覧です。,2026-07-30T00:13+09:00,web:e9eec9728a4e54afd06e,e9eec9728a4e54afd06e,天草市,天草中央保健福祉センター(ここらす内),---,false,---,,熊本県天草市浄南町4-15,検索,,,,,https://portal.bousai.pref.kumamoto.jp/sp.html?p=evacuation%2Fshelter&l=15-0&ll=32.63819999999999%2C130.77610000000004&z=9&municipalityCd=430005,d351b36c351001e66e77728838e3183d1b89f89a631a7e4ba0cb39188d59a9e5,"{""ルート検索"": ""検索"", ""住所"": ""熊本県天草市浄南町4-15"", ""市町村"": ""天草市"", ""混雑状況"": ""---"", ""避難所名"": ""天草中央保健福祉センター(ここらす内)"", ""開設状況"": ""---""}",unmatched,no_candidate,,0,,,,,,,,,,,[],,[],[],reference/43000_1.csv,dd6686fa000c3e720180ba96d02aacff987aec1bba3c9bc69a5867fc0089d10d
2026-07-30,2026-07-30T00:13:27+09:00,26/07/30 00:13時点の避難所状況の一覧です。,2026-07-30T00:13+09:00,web:5d558bb2599ac97022ea,5d558bb2599ac97022ea,天草市,天草小学校グラウンド,---,false,---,,天草市天草町高浜南2714,検索,,,,,https://portal.bousai.pref.kumamoto.jp/sp.html?p=evacuation%2Fshelter&l=15-0&ll=32.63819999999999%2C130.77610000000004&z=9&municipalityCd=430005,babed35fc3034f22ed62a43bab65df43555da66646d8164c7b1788fbe6b01199,"{""ルート検索"": ""検索"", ""住所"": ""天草市天草町高浜南2714"", ""市町村"": ""天草市"", ""混雑状況"": ""---"", ""避難所名"": ""天草小学校グラウンド"", ""開設状況"": ""---""}",unmatched,no_candidate,,0,,,,,,,,,,,[],,[],[],reference/43000_1.csv,dd6686fa000c3e720180ba96d02aacff987aec1bba3c9bc69a5867fc0089d10d
2026-07-30,2026-07-30T00:13:27+09:00,26/07/30 00:13時点の避難所状況の一覧です。,2026-07-30T00:13+09:00,web:9eec49013ea36417ffe2,9eec49013ea36417ffe2,天草市,天草市民センター,開設,true,平常,,天草市東町 3,検索,,,,,https://portal.bousai.pref.kumamoto.jp/sp.html?p=evacuation%2Fshelter&l=15-0&ll=32.63819999999999%2C130.77610000000004&z=9&municipalityCd=430005,1848249002e5e951125c9fccbbfc4e34b88a37e914d87b8d38bd4b17215d8eac,"{""ルート検索"": ""検索"", ""住所"": ""天草市東町 3"", ""市町村"": ""天草市"", ""混雑状況"": ""平常"", ""避難所名"": ""天草市民センター"", ""開設状況"": ""開設""}",unmatched,no_candidate,,0,,,,,,,,,,,[],,[],[],reference/43000_1.csv,dd6686fa000c3e720180ba96d02aacff987aec1bba3c9bc69a5867fc0089d10d
2026-07-30,2026-07-30T00:13:27+09:00,26/07/30 00:13時点の避難所状況の一覧です。,2026-07-30T00:13+09:00,web:d901a372561e1ad35dc0,d901a372561e1ad35dc0,天草市,天草拓心高校体育館,---,false,---,,天草市本渡町本戸馬場 495,検索,,,,,https://portal.bousai.pref.kumamoto.jp/sp.html?p=evacuation%2Fshelter&l=15-0&ll=32.63819999999999%2C130.77610000000004&z=9&municipalityCd=430005,a002620bb02c77cbe012572222a98fbbb6debac49ebc5e84185a9e31a3ea8164,"{""ルート検索"": ""検索"", ""住所"": ""天草市本渡町本戸馬場 495"", ""市町村"": ""天草市"", ""混雑状況"": ""---"", ""避難所名"": ""天草拓心高校体育館"", ""開設状況"": ""---""}",unmatched,fuzzy_below_threshold,0.918,0,,,,,,,,,,,[],,[],"[{""NO"": ""1148"", ""その他市町村長が必要と認める事項"": """", ""住所"": ""熊本県天草市本渡町本戸馬場495"", ""備考"": """", ""共通ID"": ""E4321500230111"", ""受入対象者"": """", ""指定緊急避難場所との住所同一"": """", ""施設・場所名"": ""天草拓心高等学校体育館"", ""経度"": ""130.1822483"", ""緯度"": ""32.46828045""}]",reference/43000_1.csv,dd6686fa000c3e720180ba96d02aacff987aec1bba3c9bc69a5867fc0089d10d
2026-07-30,2026-07-30T00:13:27+09:00,26/07/30 00:13時点の避難所状況の一覧です。,2026-07-30T00:13+09:00,web:fc7117f03a3508c668cf,fc7117f03a3508c668cf,天草市,天草高校倉岳校グラウンド,---,false,---,,天草市倉岳町棚底 2680-2,検索,,,,,https://portal.bousai.pref.kumamoto.jp/sp.html?p=evacuation%2Fshelter&l=15-0&ll=32.63819999999999%2C130.77610000000004&z=9&municipalityCd=430005,af09922353bd726c3d86b9be54ce2c4603696d9c74655cc0e16b526e2a85b302,"{""ルート検索"": ""検索"", ""住所"": ""天草市倉岳町棚底 2680-2"", ""市町村"": ""天草市"", ""混雑状況"": ""---"", ""避難所名"": ""天草高校倉岳校グラウンド"", ""開設状況"": ""---""}",unmatched,no_candidate,,0,,,,,,,,,,,[],,[],[],reference/43000_1.csv,dd6686fa000c3e720180ba96d02aacff987aec1bba3c9bc69a5867fc0089d10d
2026-07-30,2026-07-30T00:13:27+09:00,26/07/30 00:13時点の避難所状況の一覧です。,2026-07-30T00:13+09:00,web:a97c115fad5f229d29a5,a97c115fad5f229d29a5,天草市,天附体育館,---,false,---,,天草市牛深町 3275-11,検索,,,,,https://portal.bousai.pref.kumamoto.jp/sp.html?p=evacuation%2Fshelter&l=15-0&ll=32.63819999999999%2C130.77610000000004&z=9&municipalityCd=430005,81e5bc496dce3bf3de8b5c1f7e50c1d3a2a735ac17ea6fbb87f3d6afde467c8f,"{""ルート検索"": ""検索"", ""住所"": ""天草市牛深町 3275-11"", ""市町村"": ""天草市"", ""混雑状況"": ""---"", ""避難所名"": ""天附体育館"", ""開設状況"": ""---""}",unmatched,no_candidate,,0,,,,,,,,,,,[],,[],[],reference/43000_1.csv,dd6686fa000c3e720180ba96d02aacff987aec1bba3c9bc69a5867fc0089d10d
2026-07-30,2026-07-30T00:13:27+09:00,26/07/30 00:13時点の避難所状況の一覧です。,2026-07-30T00:13+09:00,web:b7b50d329644b05e0dee,b7b50d329644b05e0dee,天草市,宮南グラウンド,---,false,---,,天草市新和町小宮地 10813-2,検索,,,,,https://portal.bousai.pref.kumamoto.jp/sp.html?p=evacuation%2Fshelter&l=15-0&ll=32.63819999999999%2C130.77610000000004&z=9&municipalityCd=430005,d7951635bdcbcd27179594414efc9ad5c4f7015b2ee89da103b7f2b1216828aa,"{""ルート検索"": ""検索"", ""住所"": ""天草市新和町小宮地 10813-2"", ""市町村"": ""天草市"", ""混雑状況"": ""---"", ""避難所名"": ""宮南グラウンド"", ""開設状況"": ""---""}",unmatched,no_candidate,,0,,,,,,,,,,,[],,[],[],reference/43000_1.csv,dd6686fa000c3e720180ba96d02aacff987aec1bba3c9bc69a5867fc0089d10d
2026-07-30,2026-07-30T00:13:27+09:00,26/07/30 00:13時点の避難所状況の一覧です。,2026-07-30T00:13+09:00,web:9bf092aa4fe4a1ed18c5,9bf092aa4fe4a1ed18c5,天草市,宮南地区コミュニティセンター,開設,true,平常,,天草市新和町小宮地 10821-1,検索,,,,,https://portal.bousai.pref.kumamoto.jp/sp.html?p=evacuation%2Fshelter&l=15-0&ll=32.63819999999999%2C130.77610000000004&z=9&municipalityCd=430005,66fe5b0d54a3f2ecbd5a156d4444ada1ecc2e2f81b05e45deec3d746ecacde69,"{""ルート検索"": ""検索"", ""住所"": ""天草市新和町小宮地 10821-1"", ""市町村"": ""天草市"", ""混雑状況"": ""平常"", ""避難所名"": ""宮南地区コミュニティセンター"", ""開設状況"": ""開設""}",unmatched,fuzzy_below_threshold,0.857,0,,,,,,,,,,,[],,[],"[{""NO"": ""1091"", ""その他市町村長が必要と認める事項"": """", ""住所"": ""熊本県天草市新和町大宮地4275-1"", ""備考"": """", ""共通ID"": ""E4321500127111"", ""受入対象者"": """", ""指定緊急避難場所との住所同一"": ""1"", ""施設・場所名"": ""大宮地地区コミュニティセンター"", ""経度"": ""130.17352812433"", ""緯度"": ""32.390500221112""}, {""NO"": ""1054"", ""その他市町村長が必要と認める事項"": """", ""住所"": ""熊本県天草市五和町御領6692-1"", ""備考"": """", ""共通ID"": ""E4321500060121"", ""受入対象者"": ""要配慮者"", ""指定緊急避難場所との住所同一"": ""1"", ""施設・場所名"": ""御領地区コミュニティセンター"", ""経度"": ""130.18888259453"", ""緯度"": ""32.517830538891""}, {""NO"": ""1136"", ""その他市町村長が必要と認める事項"": """", ""住所"": ""熊本県天草市天草町高浜南501-1"", ""備考"": """", ""共通ID"": ""E4321500202121"", ""受入対象者"": ""要配慮者"", ""指定緊急避難場所との住所同一"": ""1"", ""施設・場所名"": ""高浜地区コミュニティセンター"", ""経度"": ""129.9975277"", ""緯度"": ""32.37838933""}]",reference/43000_1.csv,dd6686fa000c3e720180ba96d02aacff987aec1bba3c9bc69a5867fc0089d10d
2026-07-30,2026-07-30T00:13:27+09:00,26/07/30 00:13時点の避難所状況の一覧です。,2026-07-30T00:13+09:00,web:b89a860ebc4ad695ccc5,b89a860ebc4ad695ccc5,天草市,宮地岳地区コミュニティセンター,---,false,---,,天草市宮地岳町5616-2,検索,,,,,https://portal.bousai.pref.kumamoto.jp/sp.html?p=evacuation%2Fshelter&l=15-0&ll=32.63819999999999%2C130.77610000000004&z=9&municipalityCd=430005,ff24e1492689d6e2f57a0e551343eca33e807311d69dcb9dae7a45d11c36fd77,"{""ルート検索"": ""検索"", ""住所"": ""天草市宮地岳町5616-2"", ""市町村"": ""天草市"", ""混雑状況"": ""---"", ""避難所名"": ""宮地岳地区コミュニティセンター"", ""開設状況"": ""---""}",unmatched,fuzzy_below_threshold,0.851,0,,,,,,,,,,,[],,[],"[{""NO"": ""1091"", ""その他市町村長が必要と認める事項"": """", ""住所"": ""熊本県天草市新和町大宮地4275-1"", ""備考"": """", ""共通ID"": ""E4321500127111"", ""受入対象者"": """", ""指定緊急避難場所との住所同一"": ""1"", ""施設・場所名"": ""大宮地地区コミュニティセンター"", ""経度"": ""130.17352812433"", ""緯度"": ""32.390500221112""}, {""NO"": ""1126"", ""その他市町村長が必要と認める事項"": """", ""住所"": ""熊本県天草市倉岳町棚底1786-4"", ""備考"": """", ""共通ID"": ""E4321500185111"", ""受入対象者"": """", ""指定緊急避難場所との住所同一"": """", ""施設・場所名"": ""棚底地区コミュニティセンター"", ""経度"": ""130.3438864"", ""緯度"": ""32.41067919""}, {""NO"": ""1041"", ""その他市町村長が必要と認める事項"": """", ""住所"": ""熊本県天草市牛深町122-2"", ""備考"": """", ""共通ID"": ""E4321500276121"", ""受入対象者"": ""要配慮者"", ""指定緊急避難場所との住所同一"": """", ""施設・場所名"": ""牛深地区コミュニティセンター"", ""経度"": ""130.025668"", ""緯度"": ""32.195712""}]",reference/43000_1.csv,dd6686fa000c3e720180ba96d02aacff987aec1bba3c9bc69a5867fc0089d10d
2026-07-30,2026-07-30T00:13:27+09:00,26/07/30 00:13時点の避難所状況の一覧です。,2026-07-30T00:13+09:00,web:de7462ed678dfc2f1a90,de7462ed678dfc2f1a90,天草市,宮田体育館,---,false,---,,天草市倉岳町宮田1327-1,検索,,,,,https://portal.bousai.pref.kumamoto.jp/sp.html?p=evacuation%2Fshelter&l=15-0&ll=32.63819999999999%2C130.77610000000004&z=9&municipalityCd=430005,752517ea3fc0ba33b9223a326848c2fec44f8ffa9095b4dff9e747766518968f,"{""ルート検索"": ""検索"", ""住所"": ""天草市倉岳町宮田1327-1"", ""市町村"": ""天草市"", ""混雑状況"": ""---"", ""避難所名"": ""宮田体育館"", ""開設状況"": ""---""}",unmatched,fuzzy_below_threshold,0.764,0,,,,,,,,,,,[],,[],"[{""NO"": ""1083"", ""その他市町村長が必要と認める事項"": """", ""住所"": ""熊本県天草市新和町小宮地10821-1"", ""備考"": """", ""共通ID"": ""E4321500117111"", ""受入対象者"": """", ""指定緊急避難場所との住所同一"": ""1"", ""施設・場所名"": ""宮南体育館"", ""経度"": ""130.1763737"", ""緯度"": ""32.31444129""}]",reference/43000_1.csv,dd6686fa000c3e720180ba96d02aacff987aec1bba3c9bc69a5867fc0089d10d
2026-07-30,2026-07-30T00:13:27+09:00,26/07/30 00:13時点の避難所状況の一覧です。,2026-07-30T00:13+09:00,web:6bb6ff04b4df791c27be,6bb6ff04b4df791c27be,天草市,宮田八幡宮,---,false,---,,天草市倉岳町宮田 1092,検索,,,,,https://portal.bousai.pref.kumamoto.jp/sp.html?p=evacuation%2Fshelter&l=15-0&ll=32.63819999999999%2C130.77610000000004&z=9&municipalityCd=430005,38213e98ac4116c7f89a9f3434136fab18a62f66bfdd99ffaeda4fda5a983e9d,"{""ルート検索"": ""検索"", ""住所"": ""天草市倉岳町宮田 1092"", ""市町村"": ""天草市"", ""混雑状況"": ""---"", ""避難所名"": ""宮田八幡宮"", ""開設状況"": ""---""}",unmatched,no_candidate,,0,,,,,,,,,,,[],,[],[],reference/43000_1.csv,dd6686fa000c3e720180ba96d02aacff987aec1bba3c9bc69a5867fc0089d10d
2026-07-30,2026-07-30T00:13:27+09:00,26/07/30 00:13時点の避難所状況の一覧です。,2026-07-30T00:13+09:00,web:2a1c5a3cfe8332492c5b,2a1c5a3cfe8332492c5b,天草市,宮田地区コミュニティセンター,開設,true,平常,,天草市倉岳町宮田 1327-1,検索,,,,,https://portal.bousai.pref.kumamoto.jp/sp.html?p=evacuation%2Fshelter&l=15-0&ll=32.63819999999999%2C130.77610000000004&z=9&municipalityCd=430005,3580bad25f12a9e569481e6bd9e0fa7fd6f56a532de66d3f2e09143f630d4d9d,"{""ルート検索"": ""検索"", ""住所"": ""天草市倉岳町宮田 1327-1"", ""市町村"": ""天草市"", ""混雑状況"": ""平常"", ""避難所名"": ""宮田地区コミュニティセンター"", ""開設状況"": ""開設""}",unmatched,fuzzy_below_threshold,0.841,0,,,,,,,,,,,[],,[],"[{""NO"": ""1091"", ""その他市町村長が必要と認める事項"": """", ""住所"": ""熊本県天草市新和町大宮地4275-1"", ""備考"": """", ""共通ID"": ""E4321500127111"", ""受入対象者"": """", ""指定緊急避難場所との住所同一"": ""1"", ""施設・場所名"": ""大宮地地区コミュニティセンター"", ""経度"": ""130.17352812433"", ""緯度"": ""32.390500221112""}, {""NO"": ""1133"", ""その他市町村長が必要と認める事項"": """", ""住所"": ""熊本県天草市天草町下田北534-1"", ""備考"": """", ""共通ID"": ""E4321500199111"", ""受入対象者"": """", ""指定緊急避難場所との住所同一"": ""1"", ""施設・場所名"": ""下田北地区コミュニティセンター"", ""経度"": ""130.0137819"", ""緯度"": ""32.42497725""}, {""NO"": ""1126"", ""その他市町村長が必要と認める事項"": """", ""住所"": ""熊本県天草市倉岳町棚底1786-4"", ""備考"": """", ""共通ID"": ""E4321500185111"", ""受入対象者"": """", ""指定緊急避難場所との住所同一"": """", ""施設・場所名"": ""棚底地区コミュニティセンター"", ""経度"": ""130.3438864"", ""緯度"": ""32.41067919""}]",reference/43000_1.csv,dd6686fa000c3e720180ba96d02aacff987aec1bba3c9bc69a5867fc0089d10d
2026-07-30,2026-07-30T00:13:27+09:00,26/07/30 00:13時点の避難所状況の一覧です。,2026-07-30T00:13+09:00,web:d232697bd9411d5c5871,d232697bd9411d5c5871,天草市,宮野河内地区コミュニティセンター,開設,true,平常,,天草市河浦町宮野河内337-6,検索,,,,,https://portal.bousai.pref.kumamoto.jp/sp.html?p=evacuation%2Fshelter&l=15-0&ll=32.63819999999999%2C130.77610000000004&z=9&municipalityCd=430005,9bf8cfe486dbbe3559da3e691b117b0031bc94cc6c1948ae957f3a36a56e35f2,"{""ルート検索"": ""検索"", ""住所"": ""天草市河浦町宮野河内337-6"", ""市町村"": ""天草市"", ""混雑状況"": ""平常"", ""避難所名"": ""宮野河内地区コミュニティセンター"", ""開設状況"": ""開設""}",unmatched,fuzzy_below_threshold,0.763,0,,,,,,,,,,,[],,[],"[{""NO"": ""1091"", ""その他市町村長が必要と認める事項"": """", ""住所"": ""熊本県天草市新和町大宮地4275-1"", ""備考"": """", ""共通ID"": ""E4321500127111"", ""受入対象者"": """", ""指定緊急避難場所との住所同一"": ""1"", ""施設・場所名"": ""大宮地地区コミュニティセンター"", ""経度"": ""130.17352812433"", ""緯度"": ""32.390500221112""}]",reference/43000_1.csv,dd6686fa000c3e720180ba96d02aacff987aec1bba3c9bc69a5867fc0089d10d
2026-07-30,2026-07-30T00:13:27+09:00,26/07/30 00:13時点の避難所状況の一覧です。,2026-07-30T00:13+09:00,web:9ca1949a4012e9530591,9ca1949a4012e9530591,天草市,富津地区コミュニティセンター,開設,true,平常,,天草市河浦町﨑津 1117-2,検索,,,,,https://portal.bousai.pref.kumamoto.jp/sp.html?p=evacuation%2Fshelter&l=15-0&ll=32.63819999999999%2C130.77610000000004&z=9&municipalityCd=430005,7a8be82f43ef29c754904b65080bafc2d7ed3084bd5609876dc1f8c147ab6c8f,"{""ルート検索"": ""検索"", ""住所"": ""天草市河浦町﨑津 1117-2"", ""市町村"": ""天草市"", ""混雑状況"": ""平常"", ""避難所名"": ""富津地区コミュニティセンター"", ""開設状況"": ""開設""}",unmatched,fuzzy_below_threshold,0.795,0,,,,,,,,,,,[],,[],"[{""NO"": ""1041"", ""その他市町村長が必要と認める事項"": """", ""住所"": ""熊本県天草市牛深町122-2"", ""備考"": """", ""共通ID"": ""E4321500276121"", ""受入対象者"": ""要配慮者"", ""指定緊急避難場所との住所同一"": """", ""施設・場所名"": ""牛深地区コミュニティセンター"", ""経度"": ""130.025668"", ""緯度"": ""32.195712""}, {""NO"": ""1049"", ""その他市町村長が必要と認める事項"": """", ""住所"": ""熊本県天草市魚貫町2129"", ""備考"": """", ""共通ID"": ""E4321500050111"", ""受入対象者"": """", ""指定緊急避難場所との住所同一"": """", ""施設・場所名"": ""魚貫地区コミュニティセンター"", ""経度"": ""130.0109142"", ""緯度"": ""32.23957339""}, {""NO"": ""1126"", ""その他市町村長が必要と認める事項"": """", ""住所"": ""熊本県天草市倉岳町棚底1786-4"", ""備考"": """", ""共通ID"": ""E4321500185111"", ""受入対象者"": """", ""指定緊急避難場所との住所同一"": """", ""施設・場所名"": ""棚底地区コミュニティセンター"", ""経度"": ""130.3438864"", ""緯度"": ""32.41067919""}]",reference/43000_1.csv,dd6686fa000c3e720180ba96d02aacff987aec1bba3c9bc69a5867fc0089d10d
2026-07-30,2026-07-30T00:13:27+09:00,26/07/30 00:13時点の避難所状況の一覧です。,2026-07-30T00:13+09:00,web:85f56695653aada74623,85f56695653aada74623,天草市,小宮地地区コミュニティセンター,開設,true,平常,,天草市新和町小宮地 669-1,検索,,,,,https://portal.bousai.pref.kumamoto.jp/sp.html?p=evacuation%2Fshelter&l=15-0&ll=32.63819999999999%2C130.77610000000004&z=9&municipalityCd=430005,e22e849c5c45df8fb7cdaa6ba9a8cd4bb43e80dffd3d23ff9297854b8da77783,"{""ルート検索"": ""検索"", ""住所"": ""天草市新和町小宮地 669-1"", ""市町村"": ""天草市"", ""混雑状況"": ""平常"", ""避難所名"": ""小宮地地区コミュニティセンター"", ""開設状況"": ""開設""}",unmatched,fuzzy_below_threshold,0.886,0,,,,,,,,,,,[],,[],"[{""NO"": ""1091"", ""その他市町村長が必要と認める事項"": """", ""住所"": ""熊本県天草市新和町大宮地4275-1"", ""備考"": """", ""共通ID"": ""E4321500127111"", ""受入対象者"": """", ""指定緊急避難場所との住所同一"": ""1"", ""施設・場所名"": ""大宮地地区コミュニティセンター"", ""経度"": ""130.17352812433"", ""緯度"": ""32.390500221112""}, {""NO"": ""1054"", ""その他市町村長が必要と認める事項"": """", ""住所"": ""熊本県天草市五和町御領6692-1"", ""備考"": """", ""共通ID"": ""E4321500060121"", ""受入対象者"": ""要配慮者"", ""指定緊急避難場所との住所同一"": ""1"", ""施設・場所名"": ""御領地区コミュニティセンター"", ""経度"": ""130.18888259453"", ""緯度"": ""32.517830538891""}, {""NO"": ""1076"", ""その他市町村長が必要と認める事項"": """", ""住所"": ""熊本県天草市御所浦町牧島625-7"", ""備考"": """", ""共通ID"": ""E4321500102111"", ""受入対象者"": """", ""指定緊急避難場所との住所同一"": """", ""施設・場所名"": ""牧島地区コミュニティセンター"", ""経度"": ""130.3279952"", ""緯度"": ""32.3474935""}]",reference/43000_1.csv,dd6686fa000c3e720180ba96d02aacff987aec1bba3c9bc69a5867fc0089d10d
2026-07-30,2026-07-30T00:13:27+09:00,26/07/30 00:13時点の避難所状況の一覧です。,2026-07-30T00:13+09:00,web:e9acb346ce557505db36,e9acb346ce557505db36,天草市,小峰公民分館付近高台,---,false,---,,天草市新和町大多尾 439-1,検索,,,,,https://portal.bousai.pref.kumamoto.jp/sp.html?p=evacuation%2Fshelter&l=15-0&ll=32.63819999999999%2C130.77610000000004&z=9&municipalityCd=430005,d631c5cd64be07ecfec9f731d7bb21ae346d5f4d1d3f40f9850fbff599108051,"{""ルート検索"": ""検索"", ""住所"": ""天草市新和町大多尾 439-1"", ""市町村"": ""天草市"", ""混雑状況"": ""---"", ""避難所名"": ""小峰公民分館付近高台"", ""開設状況"": ""---""}",unmatched,no_candidate,,0,,,,,,,,,,,[],,[],[],reference/43000_1.csv,dd6686fa000c3e720180ba96d02aacff987aec1bba3c9bc69a5867fc0089d10d
2026-07-30,2026-07-30T00:13:27+09:00,26/07/30 00:13時点の避難所状況の一覧です。,2026-07-30T00:13+09:00,web:70c376e0c23aca3bad2b,70c376e0c23aca3bad2b,天草市,山の上の旧御所浦北小学校跡地,---,false,---,,天草市御所浦町横浦 231-6,検索,,,,,https://portal.bousai.pref.kumamoto.jp/sp.html?p=evacuation%2Fshelter&l=15-0&ll=32.63819999999999%2C130.77610000000004&z=9&municipalityCd=430005,f296687fa7da724521404e42c1813f7080fafd41b1a264fc98e0d5e3be0313ac,"{""ルート検索"": ""検索"", ""住所"": ""天草市御所浦町横浦 231-6"", ""市町村"": ""天草市"", ""混雑状況"": ""---"", ""避難所名"": ""山の上の旧御所浦北小学校跡地"", ""開設状況"": ""---""}",unmatched,no_candidate,,0,,,,,,,,,,,[],,[],[],reference/43000_1.csv,dd6686fa000c3e720180ba96d02aacff987aec1bba3c9bc69a5867fc0089d10d
2026-07-30,2026-07-30T00:13:27+09:00,26/07/30 00:13時点の避難所状況の一覧です。,2026-07-30T00:13+09:00,web:5b10de99b4de6d5a3db3,5b10de99b4de6d5a3db3,天草市,山浦公民館(五和地区),---,false,---,,天草市五和町手野二丁目 110,検索,,,,,https://portal.bousai.pref.kumamoto.jp/sp.html?p=evacuation%2Fshelter&l=15-0&ll=32.63819999999999%2C130.77610000000004&z=9&municipalityCd=430005,fbc783f0b906d0e330523e0c743a6752409063b8f0461c44bc9cac9b8006a6f8,"{""ルート検索"": ""検索"", ""住所"": ""天草市五和町手野二丁目 110"", ""市町村"": ""天草市"", ""混雑状況"": ""---"", ""避難所名"": ""山浦公民館(五和地区)"", ""開設状況"": ""---""}",unmatched,no_candidate,,0,,,,,,,,,,,[],,[],[],reference/43000_1.csv,dd6686fa000c3e720180ba96d02aacff987aec1bba3c9bc69a5867fc0089d10d
2026-07-30,2026-07-30T00:13:27+09:00,26/07/30 00:13時点の避難所状況の一覧です。,2026-07-30T00:13+09:00,web:9f20337b3faf10957f24,9f20337b3faf10957f24,天草市,山浦公民館(栖本地区),---,false,---,,天草市栖本町馬場 690-1,検索,,,,,https://portal.bousai.pref.kumamoto.jp/sp.html?p=evacuation%2Fshelter&l=15-0&ll=32.63819999999999%2C130.77610000000004&z=9&municipalityCd=430005,b1ceea1c32f0b37d1700ba38e8a73c92103901d4fc8c8200c47df85f4a3ee9a0,"{""ルート検索"": ""検索"", ""住所"": ""天草市栖本町馬場 690-1"", ""市町村"": ""天草市"", ""混雑状況"": ""---"", ""避難所名"": ""山浦公民館(栖本地区)"", ""開設状況"": ""---""}",unmatched,no_candidate,,0,,,,,,,,,,,[],,[],[],reference/43000_1.csv,dd6686fa000c3e720180ba96d02aacff987aec1bba3c9bc69a5867fc0089d10d
2026-07-30,2026-07-30T00:13:27+09:00,26/07/30 00:13時点の避難所状況の一覧です。,2026-07-30T00:13+09:00,web:2fc7e21eff827c8940c0,2fc7e21eff827c8940c0,天草市,島子八幡宮広場,---,false,---,,天草市有明町大島子2404,検索,,,,,https://portal.bousai.pref.kumamoto.jp/sp.html?p=evacuation%2Fshelter&l=15-0&ll=32.63819999999999%2C130.77610000000004&z=9&municipalityCd=430005,09098de0a84b6814629c426b189ff984bde9d35f0ff6b559b11a78d70877a957,"{""ルート検索"": ""検索"", ""住所"": ""天草市有明町大島子2404"", ""市町村"": ""天草市"", ""混雑状況"": ""---"", ""避難所名"": ""島子八幡宮広場"", ""開設状況"": ""---""}",unmatched,no_candidate,,0,,,,,,,,,,,[],,[],[],reference/43000_1.csv,dd6686fa000c3e720180ba96d02aacff987aec1bba3c9bc69a5867fc0089d10d
2026-07-30,2026-07-30T00:13:27+09:00,26/07/30 00:13時点の避難所状況の一覧です。,2026-07-30T00:13+09:00,web:7660df5b9bbf9b7a3204,7660df5b9bbf9b7a3204,天草市,島子地区コミュニティセンター,開設,true,平常,,天草市有明町大島子2669,検索,,,,,https://portal.bousai.pref.kumamoto.jp/sp.html?p=evacuation%2Fshelter&l=15-0&ll=32.63819999999999%2C130.77610000000004&z=9&municipalityCd=430005,3ce23b666ec01d11f53b400c74ac2d74ab5d803b66ef3e79f095744f4c4fd565,"{""ルート検索"": ""検索"", ""住所"": ""天草市有明町大島子2669"", ""市町村"": ""天草市"", ""混雑状況"": ""平常"", ""避難所名"": ""島子地区コミュニティセンター"", ""開設状況"": ""開設""}",unmatched,fuzzy_below_threshold,0.837,0,,,,,,,,,,,[],,[],"[{""NO"": ""1076"", ""その他市町村長が必要と認める事項"": """", ""住所"": ""熊本県天草市御所浦町牧島625-7"", ""備考"": """", ""共通ID"": ""E4321500102111"", ""受入対象者"": """", ""指定緊急避難場所との住所同一"": """", ""施設・場所名"": ""牧島地区コミュニティセンター"", ""経度"": ""130.3279952"", ""緯度"": ""32.3474935""}, {""NO"": ""1049"", ""その他市町村長が必要と認める事項"": """", ""住所"": ""熊本県天草市魚貫町2129"", ""備考"": """", ""共通ID"": ""E4321500050111"", ""受入対象者"": """", ""指定緊急避難場所との住所同一"": """", ""施設・場所名"": ""魚貫地区コミュニティセンター"", ""経度"": ""130.0109142"", ""緯度"": ""32.23957339""}, {""NO"": ""1054"", ""その他市町村長が必要と認める事項"": """", ""住所"": ""熊本県天草市五和町御領6692-1"", ""備考"": """", ""共通ID"": ""E4321500060121"", ""受入対象者"": ""要配慮者"", ""指定緊急避難場所との住所同一"": ""1"", ""施設・場所名"": ""御領地区コミュニティセンター"", ""経度"": ""130.18888259453"", ""緯度"": ""32.517830538891""}]",reference/43000_1.csv,dd6686fa000c3e720180ba96d02aacff987aec1bba3c9bc69a5867fc0089d10d
2026-07-30,2026-07-30T00:13:27+09:00,26/07/30 00:13時点の避難所状況の一覧です。,2026-07-30T00:13+09:00,web:251ac472a7c659055e8e,251ac472a7c659055e8e,天草市,川原新町区高台(自治公民館隣接),---,false,---,,天草市川原新町19,検索,,,,,https://portal.bousai.pref.kumamoto.jp/sp.html?p=evacuation%2Fshelter&l=15-0&ll=32.63819999999999%2C130.77610000000004&z=9&municipalityCd=430005,5eafb42e9ace0cecf89a7a1029e440565ae8b3afe327d0e0727f702d28023096,"{""ルート検索"": ""検索"", ""住所"": ""天草市川原新町19"", ""市町村"": ""天草市"", ""混雑状況"": ""---"", ""避難所名"": ""川原新町区高台(自治公民館隣接)"", ""開設状況"": ""---""}",unmatched,no_candidate,,0,,,,,,,,,,,[],,[],[],reference/43000_1.csv,dd6686fa000c3e720180ba96d02aacff987aec1bba3c9bc69a5867fc0089d10d
2026-07-30,2026-07-30T00:13:27+09:00,26/07/30 00:13時点の避難所状況の一覧です。,2026-07-30T00:13+09:00,web:02bdb832691c0fd6cc77,02bdb832691c0fd6cc77,天草市,市天草支所,開設,true,平常,,天草市天草町高浜南 488-1,検索,,,,,https://portal.bousai.pref.kumamoto.jp/sp.html?p=evacuation%2Fshelter&l=15-0&ll=32.63819999999999%2C130.77610000000004&z=9&municipalityCd=430005,9cceeb5461ce66cc835174685c9e8a8c01ad7ac46bcfc69b45eef2cb20683f39,"{""ルート検索"": ""検索"", ""住所"": ""天草市天草町高浜南 488-1"", ""市町村"": ""天草市"", ""混雑状況"": ""平常"", ""避難所名"": ""市天草支所"", ""開設状況"": ""開設""}",unmatched,no_candidate,,0,,,,,,,,,,,[],,[],[],reference/43000_1.csv,dd6686fa000c3e720180ba96d02aacff987aec1bba3c9bc69a5867fc0089d10d
2026-07-30,2026-07-30T00:13:27+09:00,26/07/30 00:13時点の避難所状況の一覧です。,2026-07-30T00:13+09:00,web:1055a7d6968ccd950988,1055a7d6968ccd950988,天草市,市御所浦支所,開設,true,平常,,熊本県天草市御所浦町御所浦3527,検索,,,,,https://portal.bousai.pref.kumamoto.jp/sp.html?p=evacuation%2Fshelter&l=15-0&ll=32.63819999999999%2C130.77610000000004&z=9&municipalityCd=430005,70f4eba4b6ddcc6b5690ab5282ea46f190318bf040d6c130da023462ed3c0933,"{""ルート検索"": ""検索"", ""住所"": ""熊本県天草市御所浦町御所浦3527"", ""市町村"": ""天草市"", ""混雑状況"": ""平常"", ""避難所名"": ""市御所浦支所"", ""開設状況"": ""開設""}",unmatched,no_candidate,,0,,,,,,,,,,,[],,[],[],reference/43000_1.csv,dd6686fa000c3e720180ba96d02aacff987aec1bba3c9bc69a5867fc0089d10d
2026-07-30,2026-07-30T00:13:27+09:00,26/07/30 00:13時点の避難所状況の一覧です。,2026-07-30T00:13+09:00,web:b86a38b5f389ddb0270b,b86a38b5f389ddb0270b,天草市,市栖本支所,開設,true,平常,,天草市栖本町馬場 179,検索,,,,,https://portal.bousai.pref.kumamoto.jp/sp.html?p=evacuation%2Fshelter&l=15-0&ll=32.63819999999999%2C130.77610000000004&z=9&municipalityCd=430005,ec3b6335e73ca4ca097db184cb5ebaea6bca188164e0d12e6971981e271a7ec0,"{""ルート検索"": ""検索"", ""住所"": ""天草市栖本町馬場 179"", ""市町村"": ""天草市"", ""混雑状況"": ""平常"", ""避難所名"": ""市栖本支所"", ""開設状況"": ""開設""}",unmatched,no_candidate,,0,,,,,,,,,,,[],,[],[],reference/43000_1.csv,dd6686fa000c3e720180ba96d02aacff987aec1bba3c9bc69a5867fc0089d10d
2026-07-30,2026-07-30T00:13:27+09:00,26/07/30 00:13時点の避難所状況の一覧です。,2026-07-30T00:13+09:00,web:bdaf5fd9ebb26ea73d8b,bdaf5fd9ebb26ea73d8b,天草市,市河浦支所,開設,true,平常,,天草市河浦町河浦 5253,検索,,,,,https://portal.bousai.pref.kumamoto.jp/sp.html?p=evacuation%2Fshelter&l=15-0&ll=32.63819999999999%2C130.77610000000004&z=9&municipalityCd=430005,55820a8e47c6f1a88800c44819f001c9c572a41f785b838c9111448c56bedd36,"{""ルート検索"": ""検索"", ""住所"": ""天草市河浦町河浦 5253"", ""市町村"": ""天草市"", ""混雑状況"": ""平常"", ""避難所名"": ""市河浦支所"", ""開設状況"": ""開設""}",unmatched,no_candidate,,0,,,,,,,,,,,[],,[],[],reference/43000_1.csv,dd6686fa000c3e720180ba96d02aacff987aec1bba3c9bc69a5867fc0089d10d
2026-07-30,2026-07-30T00:13:27+09:00,26/07/30 00:13時点の避難所状況の一覧です。,2026-07-30T00:13+09:00,web:fdff57d49d7e06154c96,fdff57d49d7e06154c96,天草市,広瀬公園,---,false,---,,熊本県天草市本渡町広瀬587-2,検索,,,,,https://portal.bousai.pref.kumamoto.jp/sp.html?p=evacuation%2Fshelter&l=15-0&ll=32.63819999999999%2C130.77610000000004&z=9&municipalityCd=430005,340276fbe2e6694b3a20fd9ae2ea4b731f0fae21b50b2ef6b2f5db7eb30ebe48,"{""ルート検索"": ""検索"", ""住所"": ""熊本県天草市本渡町広瀬587-2"", ""市町村"": ""天草市"", ""混雑状況"": ""---"", ""避難所名"": ""広瀬公園"", ""開設状況"": ""---""}",unmatched,no_candidate,,0,,,,,,,,,,,[],,[],[],reference/43000_1.csv,dd6686fa000c3e720180ba96d02aacff987aec1bba3c9bc69a5867fc0089d10d
2026-07-30,2026-07-30T00:13:27+09:00,26/07/30 00:13時点の避難所状況の一覧です。,2026-07-30T00:13+09:00,web:8700ae4060074dc01491,8700ae4060074dc01491,天草市,御所浦交流センター,開設,true,平常,,天草市御所浦町御所浦 5875-2,検索,,,,,https://portal.bousai.pref.kumamoto.jp/sp.html?p=evacuation%2Fshelter&l=15-0&ll=32.63819999999999%2C130.77610000000004&z=9&municipalityCd=430005,8c2e2b09a90dbc36627102738fc012e1879fb48d98b9be59288d4c46ad2d2d64,"{""ルート検索"": ""検索"", ""住所"": ""天草市御所浦町御所浦 5875-2"", ""市町村"": ""天草市"", ""混雑状況"": ""平常"", ""避難所名"": ""御所浦交流センター"", ""開設状況"": ""開設""}",unmatched,no_candidate,,0,,,,,,,,,,,[],,[],[],reference/43000_1.csv,dd6686fa000c3e720180ba96d02aacff987aec1bba3c9bc69a5867fc0089d10d
2026-07-30,2026-07-30T00:13:27+09:00,26/07/30 00:13時点の避難所状況の一覧です。,2026-07-30T00:13+09:00,web:6ae9986106e91934a5c1,6ae9986106e91934a5c1,天草市,御所浦北地区コミュニティセンター,開設,true,平常,,天草市御所浦町横浦 383-6,検索,,,,,https://portal.bousai.pref.kumamoto.jp/sp.html?p=evacuation%2Fshelter&l=15-0&ll=32.63819999999999%2C130.77610000000004&z=9&municipalityCd=430005,1314b66810bda724a334780f6dddeb932a85dedb6716fddcff3acc08ad4ff0ef,"{""ルート検索"": ""検索"", ""住所"": ""天草市御所浦町横浦 383-6"", ""市町村"": ""天草市"", ""混雑状況"": ""平常"", ""避難所名"": ""御所浦北地区コミュニティセンター"", ""開設状況"": ""開設""}",unmatched,fuzzy_below_threshold,0.767,0,,,,,,,,,,,[],,[],"[{""NO"": ""1054"", ""その他市町村長が必要と認める事項"": """", ""住所"": ""熊本県天草市五和町御領6692-1"", ""備考"": """", ""共通ID"": ""E4321500060121"", ""受入対象者"": ""要配慮者"", ""指定緊急避難場所との住所同一"": ""1"", ""施設・場所名"": ""御領地区コミュニティセンター"", ""経度"": ""130.18888259453"", ""緯度"": ""32.517830538891""}, {""NO"": ""1133"", ""その他市町村長が必要と認める事項"": """", ""住所"": ""熊本県天草市天草町下田北534-1"", ""備考"": """", ""共通ID"": ""E4321500199111"", ""受入対象者"": """", ""指定緊急避難場所との住所同一"": ""1"", ""施設・場所名"": ""下田北地区コミュニティセンター"", ""経度"": ""130.0137819"", ""緯度"": ""32.42497725""}]",reference/43000_1.csv,dd6686fa000c3e720180ba96d02aacff987aec1bba3c9bc69a5867fc0089d10d
2026-07-30,2026-07-30T00:13:27+09:00,26/07/30 00:13時点の避難所状況の一覧です。,2026-07-30T00:13+09:00,web:7bf8dc8d7cd8af7c6bdd,7bf8dc8d7cd8af7c6bdd,天草市,御所浦苑付近,---,false,---,,天草市御所浦町御所浦 4398-1,検索,,,,,https://portal.bousai.pref.kumamoto.jp/sp.html?p=evacuation%2Fshelter&l=15-0&ll=32.63819999999999%2C130.77610000000004&z=9&municipalityCd=430005,2bf650c5a77a78c03bd6e913ad155e900041a2aa6452316f08e2eea3e2204bc5,"{""ルート検索"": ""検索"", ""住所"": ""天草市御所浦町御所浦 4398-1"", ""市町村"": ""天草市"", ""混雑状況"": ""---"", ""避難所名"": ""御所浦苑付近"", ""開設状況"": ""---""}",unmatched,no_candidate,,0,,,,,,,,,,,[],,[],[],reference/43000_1.csv,dd6686fa000c3e720180ba96d02aacff987aec1bba3c9bc69a5867fc0089d10d
2026-07-30,2026-07-30T00:13:27+09:00,26/07/30 00:13時点の避難所状況の一覧です。,2026-07-30T00:13+09:00,web:f732297c0534a2a3a814,f732297c0534a2a3a814,天草市,御所浦診療所,開設,true,---,,天草市御所浦町御所浦 2081-13,検索,,,,,https://portal.bousai.pref.kumamoto.jp/sp.html?p=evacuation%2Fshelter&l=15-0&ll=32.63819999999999%2C130.77610000000004&z=9&municipalityCd=430005,a4523f609b193f1dcc00762b70f7f7372d729ca346552620c3d093da63c8daee,"{""ルート検索"": ""検索"", ""住所"": ""天草市御所浦町御所浦 2081-13"", ""市町村"": ""天草市"", ""混雑状況"": ""---"", ""避難所名"": ""御所浦診療所"", ""開設状況"": ""開設""}",unmatched,no_candidate,,0,,,,,,,,,,,[],,[],[],reference/43000_1.csv,dd6686fa000c3e720180ba96d02aacff987aec1bba3c9bc69a5867fc0089d10d
2026-07-30,2026-07-30T00:13:27+09:00,26/07/30 00:13時点の避難所状況の一覧です。,2026-07-30T00:13+09:00,web:ae2264e78e28f7832d96,ae2264e78e28f7832d96,天草市,志柿地区コミュニティセンター,---,false,---,,天草市志柿町 3390-10,検索,,,,,https://portal.bousai.pref.kumamoto.jp/sp.html?p=evacuation%2Fshelter&l=15-0&ll=32.63819999999999%2C130.77610000000004&z=9&municipalityCd=430005,015ce37cf333cceab748324b7446bf48e0bbfd9c45375608a42d72393595bbd3,"{""ルート検索"": ""検索"", ""住所"": ""天草市志柿町 3390-10"", ""市町村"": ""天草市"", ""混雑状況"": ""---"", ""避難所名"": ""志柿地区コミュニティセンター"", ""開設状況"": ""---""}",unmatched,fuzzy_below_threshold,0.787,0,,,,,,,,,,,[],,[],"[{""NO"": ""1054"", ""その他市町村長が必要と認める事項"": """", ""住所"": ""熊本県天草市五和町御領6692-1"", ""備考"": """", ""共通ID"": ""E4321500060121"", ""受入対象者"": ""要配慮者"", ""指定緊急避難場所との住所同一"": ""1"", ""施設・場所名"": ""御領地区コミュニティセンター"", ""経度"": ""130.18888259453"", ""緯度"": ""32.517830538891""}, {""NO"": ""1136"", ""その他市町村長が必要と認める事項"": """", ""住所"": ""熊本県天草市天草町高浜南501-1"", ""備考"": """", ""共通ID"": ""E4321500202121"", ""受入対象者"": ""要配慮者"", ""指定緊急避難場所との住所同一"": ""1"", ""施設・場所名"": ""高浜地区コミュニティセンター"", ""経度"": ""129.9975277"", ""緯度"": ""32.37838933""}, {""NO"": ""1049"", ""その他市町村長が必要と認める事項"": """", ""住所"": ""熊本県天草市魚貫町2129"", ""備考"": """", ""共通ID"": ""E4321500050111"", ""受入対象者"": """", ""指定緊急避難場所との住所同一"": """", ""施設・場所名"": ""魚貫地区コミュニティセンター"", ""経度"": ""130.0109142"", ""緯度"": ""32.23957339""}]",reference/43000_1.csv,dd6686fa000c3e720180ba96d02aacff987aec1bba3c9bc69a5867fc0089d10d
2026-07-30,2026-07-30T00:13:27+09:00,26/07/30 00:13時点の避難所状況の一覧です。,2026-07-30T00:13+09:00,web:8406d0deae27366984bf,8406d0deae27366984bf,天草市,志柿町瀬戸地区コミュニティセンター,---,false,---,,天草市志柿町 6623-1,検索,,,,,https://portal.bousai.pref.kumamoto.jp/sp.html?p=evacuation%2Fshelter&l=15-0&ll=32.63819999999999%2C130.77610000000004&z=9&municipalityCd=430005,362455d9603e2865ce0d6e07dd630fb622fd7259f09cdedf3258c8248a3b6abb,"{""ルート検索"": ""検索"", ""住所"": ""天草市志柿町 6623-1"", ""市町村"": ""天草市"", ""混雑状況"": ""---"", ""避難所名"": ""志柿町瀬戸地区コミュニティセンター"", ""開設状況"": ""---""}",unmatched,no_candidate,,0,,,,,,,,,,,[],,[],[],reference/43000_1.csv,dd6686fa000c3e720180ba96d02aacff987aec1bba3c9bc69a5867fc0089d10d
2026-07-30,2026-07-30T00:13:27+09:00,26/07/30 00:13時点の避難所状況の一覧です。,2026-07-30T00:13+09:00,web:ec9a3008f7789eeaa8fd,ec9a3008f7789eeaa8fd,天草市,手野地区コミュニティセンター,開設,true,平常,,天草市五和町手野一丁目 3768-3,検索,,,,,https://portal.bousai.pref.kumamoto.jp/sp.html?p=evacuation%2Fshelter&l=15-0&ll=32.63819999999999%2C130.77610000000004&z=9&municipalityCd=430005,1f14571e1eaad64d9cd1c4036c8d3024328e50b6fca9699bfb8b8dc65da20a0b,"{""ルート検索"": ""検索"", ""住所"": ""天草市五和町手野一丁目 3768-3"", ""市町村"": ""天草市"", ""混雑状況"": ""平常"", ""避難所名"": ""手野地区コミュニティセンター"", ""開設状況"": ""開設""}",unmatched,fuzzy_below_threshold,0.787,0,,,,,,,,,,,[],,[],"[{""NO"": ""1054"", ""その他市町村長が必要と認める事項"": """", ""住所"": ""熊本県天草市五和町御領6692-1"", ""備考"": """", ""共通ID"": ""E4321500060121"", ""受入対象者"": ""要配慮者"", ""指定緊急避難場所との住所同一"": ""1"", ""施設・場所名"": ""御領地区コミュニティセンター"", ""経度"": ""130.18888259453"", ""緯度"": ""32.517830538891""}, {""NO"": ""1126"", ""その他市町村長が必要と認める事項"": """", ""住所"": ""熊本県天草市倉岳町棚底1786-4"", ""備考"": """", ""共通ID"": ""E4321500185111"", ""受入対象者"": """", ""指定緊急避難場所との住所同一"": """", ""施設・場所名"": ""棚底地区コミュニティセンター"", ""経度"": ""130.3438864"", ""緯度"": ""32.41067919""}, {""NO"": ""1041"", ""その他市町村長が必要と認める事項"": """", ""住所"": ""熊本県天草市牛深町122-2"", ""備考"": """", ""共通ID"": ""E4321500276121"", ""受入対象者"": ""要配慮者"", ""指定緊急避難場所との住所同一"": """", ""施設・場所名"": ""牛深地区コミュニティセンター"", ""経度"": ""130.025668"", ""緯度"": ""32.195712""}]",reference/43000_1.csv,dd6686fa000c3e720180ba96d02aacff987aec1bba3c9bc69a5867fc0089d10d
2026-07-30,2026-07-30T00:13:27+09:00,26/07/30 00:13時点の避難所状況の一覧です。,2026-07-30T00:13+09:00,web:e21456c52016af4e6f13,e21456c52016af4e6f13,天草市,新合地区コミュニティセンター,開設,true,平常,,天草市河浦町新合 2004-1,検索,,,,,https://portal.bousai.pref.kumamoto.jp/sp.html?p=evacuation%2Fshelter&l=15-0&ll=32.63819999999999%2C130.77610000000004&z=9&municipalityCd=430005,ce1d8f427bb6292bcfe140561f60067621d8374aa25d38eaf101d1a17b0a2871,"{""ルート検索"": ""検索"", ""住所"": ""天草市河浦町新合 2004-1"", ""市町村"": ""天草市"", ""混雑状況"": ""平常"", ""避難所名"": ""新合地区コミュニティセンター"", ""開設状況"": ""開設""}",unmatched,fuzzy_below_threshold,0.784,0,,,,,,,,,,,[],,[],"[{""NO"": ""1049"", ""その他市町村長が必要と認める事項"": """", ""住所"": ""熊本県天草市魚貫町2129"", ""備考"": """", ""共通ID"": ""E4321500050111"", ""受入対象者"": """", ""指定緊急避難場所との住所同一"": """", ""施設・場所名"": ""魚貫地区コミュニティセンター"", ""経度"": ""130.0109142"", ""緯度"": ""32.23957339""}, {""NO"": ""1054"", ""その他市町村長が必要と認める事項"": """", ""住所"": ""熊本県天草市五和町御領6692-1"", ""備考"": """", ""共通ID"": ""E4321500060121"", ""受入対象者"": ""要配慮者"", ""指定緊急避難場所との住所同一"": ""1"", ""施設・場所名"": ""御領地区コミュニティセンター"", ""経度"": ""130.18888259453"", ""緯度"": ""32.517830538891""}, {""NO"": ""1076"", ""その他市町村長が必要と認める事項"": """", ""住所"": ""熊本県天草市御所浦町牧島625-7"", ""備考"": """", ""共通ID"": ""E4321500102111"", ""受入対象者"": """", ""指定緊急避難場所との住所同一"": """", ""施設・場所名"": ""牧島地区コミュニティセンター"", ""経度"": ""130.3279952"", ""緯度"": ""32.3474935""}]",reference/43000_1.csv,dd6686fa000c3e720180ba96d02aacff987aec1bba3c9bc69a5867fc0089d10d
2026-07-30,2026-07-30T00:13:27+09:00,26/07/30 00:13時点の避難所状況の一覧です。,2026-07-30T00:13+09:00,web:606cc7bdd9e194444fc1,606cc7bdd9e194444fc1,天草市,新合地区コミュニティセンター前広場,---,false,---,,天草市河浦町新合 2004-1,検索,,,,,https://portal.bousai.pref.kumamoto.jp/sp.html?p=evacuation%2Fshelter&l=15-0&ll=32.63819999999999%2C130.77610000000004&z=9&municipalityCd=430005,60a56510e19b1b964d3ffc32d328fff7949b351d8265b9f24b001bc5ff7a3389,"{""ルート検索"": ""検索"", ""住所"": ""天草市河浦町新合 2004-1"", ""市町村"": ""天草市"", ""混雑状況"": ""---"", ""避難所名"": ""新合地区コミュニティセンター前広場"", ""開設状況"": ""---""}",unmatched,no_candidate,,0,,,,,,,,,,,[],,[],[],reference/43000_1.csv,dd6686fa000c3e720180ba96d02aacff987aec1bba3c9bc69a5867fc0089d10d
2026-07-30,2026-07-30T00:13:27+09:00,26/07/30 00:13時点の避難所状況の一覧です。,2026-07-30T00:13+09:00,web:2af74c06b73791083908,2af74c06b73791083908,天草市,新和グラウンド,---,false,---,,天草市新和町小宮地 713,検索,,,,,https://portal.bousai.pref.kumamoto.jp/sp.html?p=evacuation%2Fshelter&l=15-0&ll=32.63819999999999%2C130.77610000000004&z=9&municipalityCd=430005,f24c948d70c5284ebec4c581b392a665d96a65efe61df92c7999439b4208ceab,"{""ルート検索"": ""検索"", ""住所"": ""天草市新和町小宮地 713"", ""市町村"": ""天草市"", ""混雑状況"": ""---"", ""避難所名"": ""新和グラウンド"", ""開設状況"": ""---""}",unmatched,no_candidate,,0,,,,,,,,,,,[],,[],[],reference/43000_1.csv,dd6686fa000c3e720180ba96d02aacff987aec1bba3c9bc69a5867fc0089d10d
2026-07-30,2026-07-30T00:13:27+09:00,26/07/30 00:13時点の避難所状況の一覧です。,2026-07-30T00:13+09:00,web:8870719e349dda28cb2e,8870719e349dda28cb2e,天草市,旧亀場幼稚園,---,false,---,,天草市亀場町亀川 1538-1,検索,,,,,https://portal.bousai.pref.kumamoto.jp/sp.html?p=evacuation%2Fshelter&l=15-0&ll=32.63819999999999%2C130.77610000000004&z=9&municipalityCd=430005,4924b5905c322c5a4dfca119269a1ddecbb1e984e6f3333782794f68f46d1c31,"{""ルート検索"": ""検索"", ""住所"": ""天草市亀場町亀川 1538-1"", ""市町村"": ""天草市"", ""混雑状況"": ""---"", ""避難所名"": ""旧亀場幼稚園"", ""開設状況"": ""---""}",unmatched,fuzzy_below_threshold,0.925,0,,,,,,,,,,,[],,[],"[{""NO"": ""1030"", ""その他市町村長が必要と認める事項"": """", ""住所"": ""熊本県天草市亀場町亀川1538-1"", ""備考"": """", ""共通ID"": ""E4321500022111"", ""受入対象者"": """", ""指定緊急避難場所との住所同一"": """", ""施設・場所名"": ""亀場幼稚園"", ""経度"": ""130.1941486"", ""緯度"": ""32.43747539""}]",reference/43000_1.csv,dd6686fa000c3e720180ba96d02aacff987aec1bba3c9bc69a5867fc0089d10d
2026-07-30,2026-07-30T00:13:27+09:00,26/07/30 00:13時点の避難所状況の一覧です。,2026-07-30T00:13+09:00,web:00ecf12b6c482a88a8b5,00ecf12b6c482a88a8b5,天草市,旧嵐口小学校跡地,---,false,---,,天草市御所浦町御所浦 2554,検索,,,,,https://portal.bousai.pref.kumamoto.jp/sp.html?p=evacuation%2Fshelter&l=15-0&ll=32.63819999999999%2C130.77610000000004&z=9&municipalityCd=430005,4db36a37dcdc96aa0177f96a944a79fe4f5ea5ec4ed8de777f224582c3df525c,"{""ルート検索"": ""検索"", ""住所"": ""天草市御所浦町御所浦 2554"", ""市町村"": ""天草市"", ""混雑状況"": ""---"", ""避難所名"": ""旧嵐口小学校跡地"", ""開設状況"": ""---""}",unmatched,no_candidate,,0,,,,,,,,,,,[],,[],[],reference/43000_1.csv,dd6686fa000c3e720180ba96d02aacff987aec1bba3c9bc69a5867fc0089d10d
2026-07-30,2026-07-30T00:13:27+09:00,26/07/30 00:13時点の避難所状況の一覧です。,2026-07-30T00:13+09:00,web:09ad61e353e96c62ab2b,09ad61e353e96c62ab2b,天草市,旧御領小学校グラウンド,---,false,---,,天草市五和町御領 6874,検索,,,,,https://portal.bousai.pref.kumamoto.jp/sp.html?p=evacuation%2Fshelter&l=15-0&ll=32.63819999999999%2C130.77610000000004&z=9&municipalityCd=430005,b1cd53b6b66459096f92b83ebadff63320800173dba8bb8b4f0be99086b178f1,"{""ルート検索"": ""検索"", ""住所"": ""天草市五和町御領 6874"", ""市町村"": ""天草市"", ""混雑状況"": ""---"", ""避難所名"": ""旧御領小学校グラウンド"", ""開設状況"": ""---""}",unmatched,no_candidate,,0,,,,,,,,,,,[],,[],[],reference/43000_1.csv,dd6686fa000c3e720180ba96d02aacff987aec1bba3c9bc69a5867fc0089d10d
2026-07-30,2026-07-30T00:13:27+09:00,26/07/30 00:13時点の避難所状況の一覧です。,2026-07-30T00:13+09:00,web:21f9e587cff58c2492b8,21f9e587cff58c2492b8,天草市,旧福連木山村広場,---,false,---,,天草市天草町福連木 3646,検索,,,,,https://portal.bousai.pref.kumamoto.jp/sp.html?p=evacuation%2Fshelter&l=15-0&ll=32.63819999999999%2C130.77610000000004&z=9&municipalityCd=430005,0ee87c9c613d09754ddaded5eee043fe481311e3c356bf7f623143fd34313e4f,"{""ルート検索"": ""検索"", ""住所"": ""天草市天草町福連木 3646"", ""市町村"": ""天草市"", ""混雑状況"": ""---"", ""避難所名"": ""旧福連木山村広場"", ""開設状況"": ""---""}",unmatched,no_candidate,,0,,,,,,,,,,,[],,[],[],reference/43000_1.csv,dd6686fa000c3e720180ba96d02aacff987aec1bba3c9bc69a5867fc0089d10d
2026-07-30,2026-07-30T00:13:27+09:00,26/07/30 00:13時点の避難所状況の一覧です。,2026-07-30T00:13+09:00,web:44de0d6a04bb4b3ed422,44de0d6a04bb4b3ed422,天草市,本渡児童センター,---,false,---,,天草市本渡町本渡 1054-7,検索,,,,,https://portal.bousai.pref.kumamoto.jp/sp.html?p=evacuation%2Fshelter&l=15-0&ll=32.63819999999999%2C130.77610000000004&z=9&municipalityCd=430005,30185e64e8979aedccaf8a6c94a4d61948345b9129d5a9ddd6f4579280148015,"{""ルート検索"": ""検索"", ""住所"": ""天草市本渡町本渡 1054-7"", ""市町村"": ""天草市"", ""混雑状況"": ""---"", ""避難所名"": ""本渡児童センター"", ""開設状況"": ""---""}",unmatched,no_candidate,,0,,,,,,,,,,,[],,[],[],reference/43000_1.csv,dd6686fa000c3e720180ba96d02aacff987aec1bba3c9bc69a5867fc0089d10d
2026-07-30,2026-07-30T00:13:27+09:00,26/07/30 00:13時点の避難所状況の一覧です。,2026-07-30T00:13+09:00,web:4cf6e3bc9f959d3db6de,4cf6e3bc9f959d3db6de,天草市,本渡北地区コミュニティセンター,---,false,---,,天草市今釜町 10-43,検索,,,,,https://portal.bousai.pref.kumamoto.jp/sp.html?p=evacuation%2Fshelter&l=15-0&ll=32.63819999999999%2C130.77610000000004&z=9&municipalityCd=430005,2fab0bfd71fafebc4320c3409a392a482034a589a90066d5201f78feea09a490,"{""ルート検索"": ""検索"", ""住所"": ""天草市今釜町 10-43"", ""市町村"": ""天草市"", ""混雑状況"": ""---"", ""避難所名"": ""本渡北地区コミュニティセンター"", ""開設状況"": ""---""}",unmatched,fuzzy_below_threshold,0.775,0,,,,,,,,,,,[],,[],"[{""NO"": ""1133"", ""その他市町村長が必要と認める事項"": """", ""住所"": ""熊本県天草市天草町下田北534-1"", ""備考"": """", ""共通ID"": ""E4321500199111"", ""受入対象者"": """", ""指定緊急避難場所との住所同一"": ""1"", ""施設・場所名"": ""下田北地区コミュニティセンター"", ""経度"": ""130.0137819"", ""緯度"": ""32.42497725""}, {""NO"": ""1126"", ""その他市町村長が必要と認める事項"": """", ""住所"": ""熊本県天草市倉岳町棚底1786-4"", ""備考"": """", ""共通ID"": ""E4321500185111"", ""受入対象者"": """", ""指定緊急避難場所との住所同一"": """", ""施設・場所名"": ""棚底地区コミュニティセンター"", ""経度"": ""130.3438864"", ""緯度"": ""32.41067919""}, {""NO"": ""1041"", ""その他市町村長が必要と認める事項"": """", ""住所"": ""熊本県天草市牛深町122-2"", ""備考"": """", ""共通ID"": ""E4321500276121"", ""受入対象者"": ""要配慮者"", ""指定緊急避難場所との住所同一"": """", ""施設・場所名"": ""牛深地区コミュニティセンター"", ""経度"": ""130.025668"", ""緯度"": ""32.195712""}]",reference/43000_1.csv,dd6686fa000c3e720180ba96d02aacff987aec1bba3c9bc69a5867fc0089d10d
2026-07-30,2026-07-30T00:13:27+09:00,26/07/30 00:13時点の避難所状況の一覧です。,2026-07-30T00:13+09:00,web:74c4f2b4cbcc843fda48,74c4f2b4cbcc843fda48,天草市,本渡南地区コミュニティセンター,---,false,---,,天草市港町 13-5,検索,,,,,https://portal.bousai.pref.kumamoto.jp/sp.html?p=evacuation%2Fshelter&l=15-0&ll=32.63819999999999%2C130.77610000000004&z=9&municipalityCd=430005,1de30bb13e9e22087a827c738fa6c86b21c53b0687af465d3b7a67eb952bab77,"{""ルート検索"": ""検索"", ""住所"": ""天草市港町 13-5"", ""市町村"": ""天草市"", ""混雑状況"": ""---"", ""避難所名"": ""本渡南地区コミュニティセンター"", ""開設状況"": ""---""}",unmatched,fuzzy_below_threshold,0.776,0,,,,,,,,,,,[],,[],"[{""NO"": ""1041"", ""その他市町村長が必要と認める事項"": """", ""住所"": ""熊本県天草市牛深町122-2"", ""備考"": """", ""共通ID"": ""E4321500276121"", ""受入対象者"": ""要配慮者"", ""指定緊急避難場所との住所同一"": """", ""施設・場所名"": ""牛深地区コミュニティセンター"", ""経度"": ""130.025668"", ""緯度"": ""32.195712""}, {""NO"": ""1049"", ""その他市町村長が必要と認める事項"": """", ""住所"": ""熊本県天草市魚貫町2129"", ""備考"": """", ""共通ID"": ""E4321500050111"", ""受入対象者"": """", ""指定緊急避難場所との住所同一"": """", ""施設・場所名"": ""魚貫地区コミュニティセンター"", ""経度"": ""130.0109142"", ""緯度"": ""32.23957339""}, {""NO"": ""1126"", ""その他市町村長が必要と認める事項"": """", ""住所"": ""熊本県天草市倉岳町棚底1786-4"", ""備考"": """", ""共通ID"": ""E4321500185111"", ""受入対象者"": """", ""指定緊急避難場所との住所同一"": """", ""施設・場所名"": ""棚底地区コミュニティセンター"", ""経度"": ""130.3438864"", ""緯度"": ""32.41067919""}]",reference/43000_1.csv,dd6686fa000c3e720180ba96d02aacff987aec1bba3c9bc69a5867fc0089d10d
2026-07-30,2026-07-30T00:13:27+09:00,26/07/30 00:13時点の避難所状況の一覧です。,2026-07-30T00:13+09:00,web:ba48a0460ac8e38d591a,ba48a0460ac8e38d591a,天草市,本渡老人福祉センター,---,false,---,,天草市船之尾町11-5,検索,,,,,https://portal.bousai.pref.kumamoto.jp/sp.html?p=evacuation%2Fshelter&l=15-0&ll=32.63819999999999%2C130.77610000000004&z=9&municipalityCd=430005,1371e5ba469c475d61bdd43b8e2c50aa3b9bed4a7af2135dd0034297870dcd56,"{""ルート検索"": ""検索"", ""住所"": ""天草市船之尾町11-5"", ""市町村"": ""天草市"", ""混雑状況"": ""---"", ""避難所名"": ""本渡老人福祉センター"", ""開設状況"": ""---""}",unmatched,no_candidate,,0,,,,,,,,,,,[],,[],[],reference/43000_1.csv,dd6686fa000c3e720180ba96d02aacff987aec1bba3c9bc69a5867fc0089d10d
2026-07-30,2026-07-30T00:13:27+09:00,26/07/30 00:13時点の避難所状況の一覧です。,2026-07-30T00:13+09:00,web:146e99abec4ebfe4e970,146e99abec4ebfe4e970,天草市,本町地区コミュニティセンター,開設,true,平常,,天草市本町本 832,検索,,,,,https://portal.bousai.pref.kumamoto.jp/sp.html?p=evacuation%2Fshelter&l=15-0&ll=32.63819999999999%2C130.77610000000004&z=9&municipalityCd=430005,d7fd9dcc672469917ce02873f1a408293584be3f1a4ba3d1f14403f641c5dbd2,"{""ルート検索"": ""検索"", ""住所"": ""天草市本町本 832"", ""市町村"": ""天草市"", ""混雑状況"": ""平常"", ""避難所名"": ""本町地区コミュニティセンター"", ""開設状況"": ""開設""}",unmatched,fuzzy_below_threshold,0.789,0,,,,,,,,,,,[],,[],"[{""NO"": ""1049"", ""その他市町村長が必要と認める事項"": """", ""住所"": ""熊本県天草市魚貫町2129"", ""備考"": """", ""共通ID"": ""E4321500050111"", ""受入対象者"": """", ""指定緊急避難場所との住所同一"": """", ""施設・場所名"": ""魚貫地区コミュニティセンター"", ""経度"": ""130.0109142"", ""緯度"": ""32.23957339""}, {""NO"": ""1041"", ""その他市町村長が必要と認める事項"": """", ""住所"": ""熊本県天草市牛深町122-2"", ""備考"": """", ""共通ID"": ""E4321500276121"", ""受入対象者"": ""要配慮者"", ""指定緊急避難場所との住所同一"": """", ""施設・場所名"": ""牛深地区コミュニティセンター"", ""経度"": ""130.025668"", ""緯度"": ""32.195712""}, {""NO"": ""1054"", ""その他市町村長が必要と認める事項"": """", ""住所"": ""熊本県天草市五和町御領6692-1"", ""備考"": """", ""共通ID"": ""E4321500060121"", ""受入対象者"": ""要配慮者"", ""指定緊急避難場所との住所同一"": ""1"", ""施設・場所名"": ""御領地区コミュニティセンター"", ""経度"": ""130.18888259453"", ""緯度"": ""32.517830538891""}]",reference/43000_1.csv,dd6686fa000c3e720180ba96d02aacff987aec1bba3c9bc69a5867fc0089d10d
2026-07-30,2026-07-30T00:13:27+09:00,26/07/30 00:13時点の避難所状況の一覧です。,2026-07-30T00:13+09:00,web:7346bbc88d1b91cb0f87,7346bbc88d1b91cb0f87,天草市,枦宇土地区コミュニティセンター,---,false,---,,天草市枦宇土町 1711,検索,,,,,https://portal.bousai.pref.kumamoto.jp/sp.html?p=evacuation%2Fshelter&l=15-0&ll=32.63819999999999%2C130.77610000000004&z=9&municipalityCd=430005,2fe169a626e28b5e5f71a742357424344d44b30c3e01ece069de92f11af89454,"{""ルート検索"": ""検索"", ""住所"": ""天草市枦宇土町 1711"", ""市町村"": ""天草市"", ""混雑状況"": ""---"", ""避難所名"": ""枦宇土地区コミュニティセンター"", ""開設状況"": ""---""}",unmatched,fuzzy_below_threshold,0.755,0,,,,,,,,,,,[],,[],"[{""NO"": ""1126"", ""その他市町村長が必要と認める事項"": """", ""住所"": ""熊本県天草市倉岳町棚底1786-4"", ""備考"": """", ""共通ID"": ""E4321500185111"", ""受入対象者"": """", ""指定緊急避難場所との住所同一"": """", ""施設・場所名"": ""棚底地区コミュニティセンター"", ""経度"": ""130.3438864"", ""緯度"": ""32.41067919""}, {""NO"": ""1136"", ""その他市町村長が必要と認める事項"": """", ""住所"": ""熊本県天草市天草町高浜南501-1"", ""備考"": """", ""共通ID"": ""E4321500202121"", ""受入対象者"": ""要配慮者"", ""指定緊急避難場所との住所同一"": ""1"", ""施設・場所名"": ""高浜地区コミュニティセンター"", ""経度"": ""129.9975277"", ""緯度"": ""32.37838933""}, {""NO"": ""1049"", ""その他市町村長が必要と認める事項"": """", ""住所"": ""熊本県天草市魚貫町2129"", ""備考"": """", ""共通ID"": ""E4321500050111"", ""受入対象者"": """", ""指定緊急避難場所との住所同一"": """", ""施設・場所名"": ""魚貫地区コミュニティセンター"", ""経度"": ""130.0109142"", ""緯度"": ""32.23957339""}]",reference/43000_1.csv,dd6686fa000c3e720180ba96d02aacff987aec1bba3c9bc69a5867fc0089d10d
2026-07-30,2026-07-30T00:13:27+09:00,26/07/30 00:13時点の避難所状況の一覧です。,2026-07-30T00:13+09:00,web:cf493c040a3bbb7fbe8f,cf493c040a3bbb7fbe8f,天草市,栖本地区コミュニティセンター,開設,true,平常,,天草市栖本町河内 4414-1,検索,,,,,https://portal.bousai.pref.kumamoto.jp/sp.html?p=evacuation%2Fshelter&l=15-0&ll=32.63819999999999%2C130.77610000000004&z=9&municipalityCd=430005,45fc208f8163f07e148afb3234b4a43d671711f99c416766167d0ad6c8eeb82b,"{""ルート検索"": ""検索"", ""住所"": ""天草市栖本町河内 4414-1"", ""市町村"": ""天草市"", ""混雑状況"": ""平常"", ""避難所名"": ""栖本地区コミュニティセンター"", ""開設状況"": ""開設""}",unmatched,fuzzy_below_threshold,0.784,0,,,,,,,,,,,[],,[],"[{""NO"": ""1136"", ""その他市町村長が必要と認める事項"": """", ""住所"": ""熊本県天草市天草町高浜南501-1"", ""備考"": """", ""共通ID"": ""E4321500202121"", ""受入対象者"": ""要配慮者"", ""指定緊急避難場所との住所同一"": ""1"", ""施設・場所名"": ""高浜地区コミュニティセンター"", ""経度"": ""129.9975277"", ""緯度"": ""32.37838933""}, {""NO"": ""1041"", ""その他市町村長が必要と認める事項"": """", ""住所"": ""熊本県天草市牛深町122-2"", ""備考"": """", ""共通ID"": ""E4321500276121"", ""受入対象者"": ""要配慮者"", ""指定緊急避難場所との住所同一"": """", ""施設・場所名"": ""牛深地区コミュニティセンター"", ""経度"": ""130.025668"", ""緯度"": ""32.195712""}, {""NO"": ""1054"", ""その他市町村長が必要と認める事項"": """", ""住所"": ""熊本県天草市五和町御領6692-1"", ""備考"": """", ""共通ID"": ""E4321500060121"", ""受入対象者"": ""要配慮者"", ""指定緊急避難場所との住所同一"": ""1"", ""施設・場所名"": ""御領地区コミュニティセンター"", ""経度"": ""130.18888259453"", ""緯度"": ""32.517830538891""}]",reference/43000_1.csv,dd6686fa000c3e720180ba96d02aacff987aec1bba3c9bc69a5867fc0089d10d
2026-07-30,2026-07-30T00:13:27+09:00,26/07/30 00:13時点の避難所状況の一覧です。,2026-07-30T00:13+09:00,web:a873d5c8f353380f6324,a873d5c8f353380f6324,天草市,楠浦地区コミュニティセンター,---,false,---,,天草市楠浦町 2366,検索,,,,,https://portal.bousai.pref.kumamoto.jp/sp.html?p=evacuation%2Fshelter&l=15-0&ll=32.63819999999999%2C130.77610000000004&z=9&municipalityCd=430005,6bbdfcbd1001ccad62e32a35cf80e2dfbb1a169e10b9591a0e266ba1cebe42ab,"{""ルート検索"": ""検索"", ""住所"": ""天草市楠浦町 2366"", ""市町村"": ""天草市"", ""混雑状況"": ""---"", ""避難所名"": ""楠浦地区コミュニティセンター"", ""開設状況"": ""---""}",unmatched,fuzzy_below_threshold,0.784,0,,,,,,,,,,,[],,[],"[{""NO"": ""1049"", ""その他市町村長が必要と認める事項"": """", ""住所"": ""熊本県天草市魚貫町2129"", ""備考"": """", ""共通ID"": ""E4321500050111"", ""受入対象者"": """", ""指定緊急避難場所との住所同一"": """", ""施設・場所名"": ""魚貫地区コミュニティセンター"", ""経度"": ""130.0109142"", ""緯度"": ""32.23957339""}, {""NO"": ""1054"", ""その他市町村長が必要と認める事項"": """", ""住所"": ""熊本県天草市五和町御領6692-1"", ""備考"": """", ""共通ID"": ""E4321500060121"", ""受入対象者"": ""要配慮者"", ""指定緊急避難場所との住所同一"": ""1"", ""施設・場所名"": ""御領地区コミュニティセンター"", ""経度"": ""130.18888259453"", ""緯度"": ""32.517830538891""}, {""NO"": ""1076"", ""その他市町村長が必要と認める事項"": """", ""住所"": ""熊本県天草市御所浦町牧島625-7"", ""備考"": """", ""共通ID"": ""E4321500102111"", ""受入対象者"": """", ""指定緊急避難場所との住所同一"": """", ""施設・場所名"": ""牧島地区コミュニティセンター"", ""経度"": ""130.3279952"", ""緯度"": ""32.3474935""}]",reference/43000_1.csv,dd6686fa000c3e720180ba96d02aacff987aec1bba3c9bc69a5867fc0089d10d
2026-07-30,2026-07-30T00:13:27+09:00,26/07/30 00:13時点の避難所状況の一覧です。,2026-07-30T00:13+09:00,web:f674e88b9cc1931a8ab3,f674e88b9cc1931a8ab3,天草市,楠甫地区コミュニティセンター,開設,true,平常,,天草市有明町楠甫 4629-7,検索,,,,,https://portal.bousai.pref.kumamoto.jp/sp.html?p=evacuation%2Fshelter&l=15-0&ll=32.63819999999999%2C130.77610000000004&z=9&municipalityCd=430005,813ef4e48dd43f773ba015674047efd0e52d906cccc5e04e4bb0613048935a1c,"{""ルート検索"": ""検索"", ""住所"": ""天草市有明町楠甫 4629-7"", ""市町村"": ""天草市"", ""混雑状況"": ""平常"", ""避難所名"": ""楠甫地区コミュニティセンター"", ""開設状況"": ""開設""}",unmatched,fuzzy_below_threshold,0.797,0,,,,,,,,,,,[],,[],"[{""NO"": ""1076"", ""その他市町村長が必要と認める事項"": """", ""住所"": ""熊本県天草市御所浦町牧島625-7"", ""備考"": """", ""共通ID"": ""E4321500102111"", ""受入対象者"": """", ""指定緊急避難場所との住所同一"": """", ""施設・場所名"": ""牧島地区コミュニティセンター"", ""経度"": ""130.3279952"", ""緯度"": ""32.3474935""}, {""NO"": ""1049"", ""その他市町村長が必要と認める事項"": """", ""住所"": ""熊本県天草市魚貫町2129"", ""備考"": """", ""共通ID"": ""E4321500050111"", ""受入対象者"": """", ""指定緊急避難場所との住所同一"": """", ""施設・場所名"": ""魚貫地区コミュニティセンター"", ""経度"": ""130.0109142"", ""緯度"": ""32.23957339""}, {""NO"": ""1054"", ""その他市町村長が必要と認める事項"": """", ""住所"": ""熊本県天草市五和町御領6692-1"", ""備考"": """", ""共通ID"": ""E4321500060121"", ""受入対象者"": ""要配慮者"", ""指定緊急避難場所との住所同一"": ""1"", ""施設・場所名"": ""御領地区コミュニティセンター"", ""経度"": ""130.18888259453"", ""緯度"": ""32.517830538891""}]",reference/43000_1.csv,dd6686fa000c3e720180ba96d02aacff987aec1bba3c9bc69a5867fc0089d10d
2026-07-30,2026-07-30T00:13:27+09:00,26/07/30 00:13時点の避難所状況の一覧です。,2026-07-30T00:13+09:00,web:4515bcc2130740b95f09,4515bcc2130740b95f09,天草市,権六山高台,---,false,---,,天草市有明町下津浦 2955-3,検索,,,,,https://portal.bousai.pref.kumamoto.jp/sp.html?p=evacuation%2Fshelter&l=15-0&ll=32.63819999999999%2C130.77610000000004&z=9&municipalityCd=430005,6df2558d5e9cf56dcc7a14ae717674bb8556feda5dd70ad9c5da0062e2779b9f,"{""ルート検索"": ""検索"", ""住所"": ""天草市有明町下津浦 2955-3"", ""市町村"": ""天草市"", ""混雑状況"": ""---"", ""避難所名"": ""権六山高台"", ""開設状況"": ""---""}",unmatched,no_candidate,,0,,,,,,,,,,,[],,[],[],reference/43000_1.csv,dd6686fa000c3e720180ba96d02aacff987aec1bba3c9bc69a5867fc0089d10d
2026-07-30,2026-07-30T00:13:27+09:00,26/07/30 00:13時点の避難所状況の一覧です。,2026-07-30T00:13+09:00,web:69f85d312519d18fe162,69f85d312519d18fe162,天草市,池田公民館,---,false,---,,天草市魚貫町 4699-16,検索,,,,,https://portal.bousai.pref.kumamoto.jp/sp.html?p=evacuation%2Fshelter&l=15-0&ll=32.63819999999999%2C130.77610000000004&z=9&municipalityCd=430005,2e685eb7d167219684375694889b090b415bc60f09ae2ce757afc31a345b6a21,"{""ルート検索"": ""検索"", ""住所"": ""天草市魚貫町 4699-16"", ""市町村"": ""天草市"", ""混雑状況"": ""---"", ""避難所名"": ""池田公民館"", ""開設状況"": ""---""}",unmatched,fuzzy_below_threshold,0.757,0,,,,,,,,,,,[],,[],"[{""NO"": ""1065"", ""その他市町村長が必要と認める事項"": """", ""住所"": ""熊本県天草市五和町二江19-1"", ""備考"": """", ""共通ID"": ""E4321500076111"", ""受入対象者"": """", ""指定緊急避難場所との住所同一"": """", ""施設・場所名"": ""田向公民館"", ""経度"": ""130.1407576"", ""緯度"": ""32.5366986""}, {""NO"": ""1105"", ""その他市町村長が必要と認める事項"": """", ""住所"": ""熊本県天草市栖本町打田315"", ""備考"": """", ""共通ID"": ""E4321500155111"", ""受入対象者"": """", ""指定緊急避難場所との住所同一"": """", ""施設・場所名"": ""打田公民館"", ""経度"": ""130.2787524"", ""緯度"": ""32.42478687""}, {""NO"": ""1062"", ""その他市町村長が必要と認める事項"": """", ""住所"": ""熊本県天草市五和町城河原2-2083-4"", ""備考"": """", ""共通ID"": ""E4321500073111"", ""受入対象者"": """", ""指定緊急避難場所との住所同一"": """", ""施設・場所名"": ""田代公民館"", ""経度"": ""130.123846"", ""緯度"": ""32.48732704""}]",reference/43000_1.csv,dd6686fa000c3e720180ba96d02aacff987aec1bba3c9bc69a5867fc0089d10d
2026-07-30,2026-07-30T00:13:27+09:00,26/07/30 00:13時点の避難所状況の一覧です。,2026-07-30T00:13+09:00,web:6dc5f240a1f882ed5eed,6dc5f240a1f882ed5eed,天草市,池田林業跡地,---,false,---,,天草市新和町中田 1615-1,検索,,,,,https://portal.bousai.pref.kumamoto.jp/sp.html?p=evacuation%2Fshelter&l=15-0&ll=32.63819999999999%2C130.77610000000004&z=9&municipalityCd=430005,5a03052e5a16153e8b70ec1f6dc6b19313c1de817b9b9755c74f472e0b282a3a,"{""ルート検索"": ""検索"", ""住所"": ""天草市新和町中田 1615-1"", ""市町村"": ""天草市"", ""混雑状況"": ""---"", ""避難所名"": ""池田林業跡地"", ""開設状況"": ""---""}",unmatched,no_candidate,,0,,,,,,,,,,,[],,[],[],reference/43000_1.csv,dd6686fa000c3e720180ba96d02aacff987aec1bba3c9bc69a5867fc0089d10d
2026-07-30,2026-07-30T00:13:27+09:00,26/07/30 00:13時点の避難所状況の一覧です。,2026-07-30T00:13+09:00,web:dfe4ba46023cd3d5f3bf,dfe4ba46023cd3d5f3bf,天草市,沖ノ田高台,---,false,---,,天草市有明町大島子 3215-1,検索,,,,,https://portal.bousai.pref.kumamoto.jp/sp.html?p=evacuation%2Fshelter&l=15-0&ll=32.63819999999999%2C130.77610000000004&z=9&municipalityCd=430005,6bde7ec12325c05d4e098d7141e7b0df322c03063d8da95e67dd04bcca9853a0,"{""ルート検索"": ""検索"", ""住所"": ""天草市有明町大島子 3215-1"", ""市町村"": ""天草市"", ""混雑状況"": ""---"", ""避難所名"": ""沖ノ田高台"", ""開設状況"": ""---""}",unmatched,no_candidate,,0,,,,,,,,,,,[],,[],[],reference/43000_1.csv,dd6686fa000c3e720180ba96d02aacff987aec1bba3c9bc69a5867fc0089d10d
2026-07-30,2026-07-30T00:13:27+09:00,26/07/30 00:13時点の避難所状況の一覧です。,2026-07-30T00:13+09:00,web:791cf410969a6b70c493,791cf410969a6b70c493,天草市,河浦病院高台,---,false,---,,天草市河浦町河浦 223-11,検索,,,,,https://portal.bousai.pref.kumamoto.jp/sp.html?p=evacuation%2Fshelter&l=15-0&ll=32.63819999999999%2C130.77610000000004&z=9&municipalityCd=430005,8ace239da47c7ba300dc3c61185eb701479a75f887e47ae55ad38c82669c87b5,"{""ルート検索"": ""検索"", ""住所"": ""天草市河浦町河浦 223-11"", ""市町村"": ""天草市"", ""混雑状況"": ""---"", ""避難所名"": ""河浦病院高台"", ""開設状況"": ""---""}",unmatched,no_candidate,,0,,,,,,,,,,,[],,[],[],reference/43000_1.csv,dd6686fa000c3e720180ba96d02aacff987aec1bba3c9bc69a5867fc0089d10d
2026-07-30,2026-07-30T00:13:27+09:00,26/07/30 00:13時点の避難所状況の一覧です。,2026-07-30T00:13+09:00,web:7abbafaa57dc3972f63e,7abbafaa57dc3972f63e,天草市,浦グラウンド(浦地区コミュニティセンター),---,false,---,,天草市倉岳町浦 3064-1,検索,,,,,https://portal.bousai.pref.kumamoto.jp/sp.html?p=evacuation%2Fshelter&l=15-0&ll=32.63819999999999%2C130.77610000000004&z=9&municipalityCd=430005,59019d1d321798beece9a04a3fa8f997ed4a4fc7681933fb53aec45f21bc1e46,"{""ルート検索"": ""検索"", ""住所"": ""天草市倉岳町浦 3064-1"", ""市町村"": ""天草市"", ""混雑状況"": ""---"", ""避難所名"": ""浦グラウンド(浦地区コミュニティセンター)"", ""開設状況"": ""---""}",unmatched,no_candidate,,0,,,,,,,,,,,[],,[],[],reference/43000_1.csv,dd6686fa000c3e720180ba96d02aacff987aec1bba3c9bc69a5867fc0089d10d
2026-07-30,2026-07-30T00:13:27+09:00,26/07/30 00:13時点の避難所状況の一覧です。,2026-07-30T00:13+09:00,web:70b115b93cbe9fb47bd1,70b115b93cbe9fb47bd1,天草市,浦体育館,---,false,---,,天草市倉岳町浦3064-1,検索,,,,,https://portal.bousai.pref.kumamoto.jp/sp.html?p=evacuation%2Fshelter&l=15-0&ll=32.63819999999999%2C130.77610000000004&z=9&municipalityCd=430005,5d98b97ea06834d330c605bf742031d45648a0ca80404027d71d4e53f8206a2e,"{""ルート検索"": ""検索"", ""住所"": ""天草市倉岳町浦3064-1"", ""市町村"": ""天草市"", ""混雑状況"": ""---"", ""避難所名"": ""浦体育館"", ""開設状況"": ""---""}",unmatched,fuzzy_below_threshold,0.822,0,,,,,,,,,,,[],,[],"[{""NO"": ""1141"", ""その他市町村長が必要と認める事項"": """", ""住所"": ""熊本県天草市二浦町亀浦4403-8"", ""備考"": """", ""共通ID"": ""E4321500221111"", ""受入対象者"": """", ""指定緊急避難場所との住所同一"": """", ""施設・場所名"": ""二浦体育館"", ""経度"": ""130.0371113"", ""緯度"": ""32.27715268""}]",reference/43000_1.csv,dd6686fa000c3e720180ba96d02aacff987aec1bba3c9bc69a5867fc0089d10d
2026-07-30,2026-07-30T00:13:27+09:00,26/07/30 00:13時点の避難所状況の一覧です。,2026-07-30T00:13+09:00,web:e2a045fd15db997557ea,e2a045fd15db997557ea,天草市,浦和体育館,---,false,---,,天草市有明町上津浦 551,検索,,,,,https://portal.bousai.pref.kumamoto.jp/sp.html?p=evacuation%2Fshelter&l=15-0&ll=32.63819999999999%2C130.77610000000004&z=9&municipalityCd=430005,9dc37baf77c8ff8762213c2e4cc63fdf72a92d5eea76c8d3140710fc392f68c5,"{""ルート検索"": ""検索"", ""住所"": ""天草市有明町上津浦 551"", ""市町村"": ""天草市"", ""混雑状況"": ""---"", ""避難所名"": ""浦和体育館"", ""開設状況"": ""---""}",unmatched,fuzzy_below_threshold,0.725,0,,,,,,,,,,,[],,[],"[{""NO"": ""1141"", ""その他市町村長が必要と認める事項"": """", ""住所"": ""熊本県天草市二浦町亀浦4403-8"", ""備考"": """", ""共通ID"": ""E4321500221111"", ""受入対象者"": """", ""指定緊急避難場所との住所同一"": """", ""施設・場所名"": ""二浦体育館"", ""経度"": ""130.0371113"", ""緯度"": ""32.27715268""}, {""NO"": ""1086"", ""その他市町村長が必要と認める事項"": """", ""住所"": ""熊本県天草市新和町小宮地722"", ""備考"": """", ""共通ID"": ""E4321500123111"", ""受入対象者"": """", ""指定緊急避難場所との住所同一"": """", ""施設・場所名"": ""新和体育館"", ""経度"": ""130.1818521"", ""緯度"": ""32.36647807""}]",reference/43000_1.csv,dd6686fa000c3e720180ba96d02aacff987aec1bba3c9bc69a5867fc0089d10d
2026-07-30,2026-07-30T00:13:27+09:00,26/07/30 00:13時点の避難所状況の一覧です。,2026-07-30T00:13+09:00,web:53fa579853f8876d5401,53fa579853f8876d5401,天草市,浦地区コミュニティセンター,開設,true,平常,,天草市倉岳町浦 3089-1,検索,,,,,https://portal.bousai.pref.kumamoto.jp/sp.html?p=evacuation%2Fshelter&l=15-0&ll=32.63819999999999%2C130.77610000000004&z=9&municipalityCd=430005,1ef4ac8423d4b9d7f51ca1648da86b53adb5aa3dd222e1ba8c7db7649426c569,"{""ルート検索"": ""検索"", ""住所"": ""天草市倉岳町浦 3089-1"", ""市町村"": ""天草市"", ""混雑状況"": ""平常"", ""避難所名"": ""浦地区コミュニティセンター"", ""開設状況"": ""開設""}",unmatched,fuzzy_below_threshold,0.828,0,,,,,,,,,,,[],,[],"[{""NO"": ""1126"", ""その他市町村長が必要と認める事項"": """", ""住所"": ""熊本県天草市倉岳町棚底1786-4"", ""備考"": """", ""共通ID"": ""E4321500185111"", ""受入対象者"": """", ""指定緊急避難場所との住所同一"": """", ""施設・場所名"": ""棚底地区コミュニティセンター"", ""経度"": ""130.3438864"", ""緯度"": ""32.41067919""}, {""NO"": ""1054"", ""その他市町村長が必要と認める事項"": """", ""住所"": ""熊本県天草市五和町御領6692-1"", ""備考"": """", ""共通ID"": ""E4321500060121"", ""受入対象者"": ""要配慮者"", ""指定緊急避難場所との住所同一"": ""1"", ""施設・場所名"": ""御領地区コミュニティセンター"", ""経度"": ""130.18888259453"", ""緯度"": ""32.517830538891""}, {""NO"": ""1136"", ""その他市町村長が必要と認める事項"": """", ""住所"": ""熊本県天草市天草町高浜南501-1"", ""備考"": """", ""共通ID"": ""E4321500202121"", ""受入対象者"": ""要配慮者"", ""指定緊急避難場所との住所同一"": ""1"", ""施設・場所名"": ""高浜地区コミュニティセンター"", ""経度"": ""129.9975277"", ""緯度"": ""32.37838933""}]",reference/43000_1.csv,dd6686fa000c3e720180ba96d02aacff987aec1bba3c9bc69a5867fc0089d10d
2026-07-30,2026-07-30T00:13:27+09:00,26/07/30 00:13時点の避難所状況の一覧です。,2026-07-30T00:13+09:00,web:9735414b0c4b868f64ab,9735414b0c4b868f64ab,天草市,海潮寺付近高台,---,false,---,,天草市新和町大多尾 2801,検索,,,,,https://portal.bousai.pref.kumamoto.jp/sp.html?p=evacuation%2Fshelter&l=15-0&ll=32.63819999999999%2C130.77610000000004&z=9&municipalityCd=430005,0757c09d0caf0a89164501cba6a25eb9055acb35307f23319a70be2abeba56ab,"{""ルート検索"": ""検索"", ""住所"": ""天草市新和町大多尾 2801"", ""市町村"": ""天草市"", ""混雑状況"": ""---"", ""避難所名"": ""海潮寺付近高台"", ""開設状況"": ""---""}",unmatched,no_candidate,,0,,,,,,,,,,,[],,[],[],reference/43000_1.csv,dd6686fa000c3e720180ba96d02aacff987aec1bba3c9bc69a5867fc0089d10d
2026-07-30,2026-07-30T00:13:27+09:00,26/07/30 00:13時点の避難所状況の一覧です。,2026-07-30T00:13+09:00,web:f1bd1b7a251d1624f125,f1bd1b7a251d1624f125,天草市,深海地区コミュニティセンター,開設,true,平常,,天草市深海町 1842-42,検索,,,,,https://portal.bousai.pref.kumamoto.jp/sp.html?p=evacuation%2Fshelter&l=15-0&ll=32.63819999999999%2C130.77610000000004&z=9&municipalityCd=430005,279e7f5c3cbf3f0d271464d69ab15e1431a27efebcfcb3adb61d3ffcde4b0e94,"{""ルート検索"": ""検索"", ""住所"": ""天草市深海町 1842-42"", ""市町村"": ""天草市"", ""混雑状況"": ""平常"", ""避難所名"": ""深海地区コミュニティセンター"", ""開設状況"": ""開設""}",unmatched,fuzzy_below_threshold,0.892,0,,,,,,,,,,,[],,[],"[{""NO"": ""1041"", ""その他市町村長が必要と認める事項"": """", ""住所"": ""熊本県天草市牛深町122-2"", ""備考"": """", ""共通ID"": ""E4321500276121"", ""受入対象者"": ""要配慮者"", ""指定緊急避難場所との住所同一"": """", ""施設・場所名"": ""牛深地区コミュニティセンター"", ""経度"": ""130.025668"", ""緯度"": ""32.195712""}, {""NO"": ""1126"", ""その他市町村長が必要と認める事項"": """", ""住所"": ""熊本県天草市倉岳町棚底1786-4"", ""備考"": """", ""共通ID"": ""E4321500185111"", ""受入対象者"": """", ""指定緊急避難場所との住所同一"": """", ""施設・場所名"": ""棚底地区コミュニティセンター"", ""経度"": ""130.3438864"", ""緯度"": ""32.41067919""}, {""NO"": ""1049"", ""その他市町村長が必要と認める事項"": """", ""住所"": ""熊本県天草市魚貫町2129"", ""備考"": """", ""共通ID"": ""E4321500050111"", ""受入対象者"": """", ""指定緊急避難場所との住所同一"": """", ""施設・場所名"": ""魚貫地区コミュニティセンター"", ""経度"": ""130.0109142"", ""緯度"": ""32.23957339""}]",reference/43000_1.csv,dd6686fa000c3e720180ba96d02aacff987aec1bba3c9bc69a5867fc0089d10d
2026-07-30,2026-07-30T00:13:27+09:00,26/07/30 00:13時点の避難所状況の一覧です。,2026-07-30T00:13+09:00,web:089cd909f2441ff377ed,089cd909f2441ff377ed,天草市,瀬戸町区自治公民館,---,false,---,,天草市瀬戸町28-1,検索,,,,,https://portal.bousai.pref.kumamoto.jp/sp.html?p=evacuation%2Fshelter&l=15-0&ll=32.63819999999999%2C130.77610000000004&z=9&municipalityCd=430005,681e9ebc4e736d355ae6cfd9c5cbfce18311220771cc87a7cda6b0afadcaad9a,"{""ルート検索"": ""検索"", ""住所"": ""天草市瀬戸町28-1"", ""市町村"": ""天草市"", ""混雑状況"": ""---"", ""避難所名"": ""瀬戸町区自治公民館"", ""開設状況"": ""---""}",unmatched,no_candidate,,0,,,,,,,,,,,[],,[],[],reference/43000_1.csv,dd6686fa000c3e720180ba96d02aacff987aec1bba3c9bc69a5867fc0089d10d
2026-07-30,2026-07-30T00:13:27+09:00,26/07/30 00:13時点の避難所状況の一覧です。,2026-07-30T00:13+09:00,web:e0cea628b65fef7535e3,e0cea628b65fef7535e3,天草市,牛深市民病院駐車場,---,false,---,,天草市牛深町 3050,検索,,,,,https://portal.bousai.pref.kumamoto.jp/sp.html?p=evacuation%2Fshelter&l=15-0&ll=32.63819999999999%2C130.77610000000004&z=9&municipalityCd=430005,f22ec7e826ba276bf51bfc0e0eac8bea9beec3a223b5d63143c47165e5316510,"{""ルート検索"": ""検索"", ""住所"": ""天草市牛深町 3050"", ""市町村"": ""天草市"", ""混雑状況"": ""---"", ""避難所名"": ""牛深市民病院駐車場"", ""開設状況"": ""---""}",unmatched,no_candidate,,0,,,,,,,,,,,[],,[],[],reference/43000_1.csv,dd6686fa000c3e720180ba96d02aacff987aec1bba3c9bc69a5867fc0089d10d
2026-07-30,2026-07-30T00:13:27+09:00,26/07/30 00:13時点の避難所状況の一覧です。,2026-07-30T00:13+09:00,web:84ec5df458bca185a214,84ec5df458bca185a214,天草市,牛深総合センター,---,false,---,,天草市牛深町 160,検索,,,,,https://portal.bousai.pref.kumamoto.jp/sp.html?p=evacuation%2Fshelter&l=15-0&ll=32.63819999999999%2C130.77610000000004&z=9&municipalityCd=430005,be25d41a1aa89753911bf325f6063687f6223d05e3e6ca8d039f2acf958a0d4a,"{""ルート検索"": ""検索"", ""住所"": ""天草市牛深町 160"", ""市町村"": ""天草市"", ""混雑状況"": ""---"", ""避難所名"": ""牛深総合センター"", ""開設状況"": ""---""}",unmatched,no_candidate,,0,,,,,,,,,,,[],,[],[],reference/43000_1.csv,dd6686fa000c3e720180ba96d02aacff987aec1bba3c9bc69a5867fc0089d10d
2026-07-30,2026-07-30T00:13:27+09:00,26/07/30 00:13時点の避難所状況の一覧です。,2026-07-30T00:13+09:00,web:7339f23b7bf9063d466a,7339f23b7bf9063d466a,天草市,牧島神社境内,---,false,---,,天草市御所浦町牧島 275-1,検索,,,,,https://portal.bousai.pref.kumamoto.jp/sp.html?p=evacuation%2Fshelter&l=15-0&ll=32.63819999999999%2C130.77610000000004&z=9&municipalityCd=430005,627c6f87424e538d26ce1a9c2b046341993e3424e42fa1a5a138312027613e00,"{""ルート検索"": ""検索"", ""住所"": ""天草市御所浦町牧島 275-1"", ""市町村"": ""天草市"", ""混雑状況"": ""---"", ""避難所名"": ""牧島神社境内"", ""開設状況"": ""---""}",unmatched,no_candidate,,0,,,,,,,,,,,[],,[],[],reference/43000_1.csv,dd6686fa000c3e720180ba96d02aacff987aec1bba3c9bc69a5867fc0089d10d
2026-07-30,2026-07-30T00:13:27+09:00,26/07/30 00:13時点の避難所状況の一覧です。,2026-07-30T00:13+09:00,web:f54add703e5b26e8b98e,f54add703e5b26e8b98e,天草市,知ヶ崎集会所,---,false,---,,天草市志柿町5304-86,検索,,,,,https://portal.bousai.pref.kumamoto.jp/sp.html?p=evacuation%2Fshelter&l=15-0&ll=32.63819999999999%2C130.77610000000004&z=9&municipalityCd=430005,43e1b1eb087498a644cb5150d39ca3c12cf47fd2709d63568fbd3f4f26fa1d22,"{""ルート検索"": ""検索"", ""住所"": ""天草市志柿町5304-86"", ""市町村"": ""天草市"", ""混雑状況"": ""---"", ""避難所名"": ""知ヶ崎集会所"", ""開設状況"": ""---""}",unmatched,no_candidate,,0,,,,,,,,,,,[],,[],[],reference/43000_1.csv,dd6686fa000c3e720180ba96d02aacff987aec1bba3c9bc69a5867fc0089d10d
2026-07-30,2026-07-30T00:13:27+09:00,26/07/30 00:13時点の避難所状況の一覧です。,2026-07-30T00:13+09:00,web:98166cf60b4a8ba1902e,98166cf60b4a8ba1902e,天草市,石本家等利用者駐車場,---,false,---,,天草市五和町御領 6651,検索,,,,,https://portal.bousai.pref.kumamoto.jp/sp.html?p=evacuation%2Fshelter&l=15-0&ll=32.63819999999999%2C130.77610000000004&z=9&municipalityCd=430005,191d40e2d2c9120953d069e1b8e2cf4905cc8c7b2d0f3525b636731cf2559338,"{""ルート検索"": ""検索"", ""住所"": ""天草市五和町御領 6651"", ""市町村"": ""天草市"", ""混雑状況"": ""---"", ""避難所名"": ""石本家等利用者駐車場"", ""開設状況"": ""---""}",unmatched,no_candidate,,0,,,,,,,,,,,[],,[],[],reference/43000_1.csv,dd6686fa000c3e720180ba96d02aacff987aec1bba3c9bc69a5867fc0089d10d
2026-07-30,2026-07-30T00:13:27+09:00,26/07/30 00:13時点の避難所状況の一覧です。,2026-07-30T00:13+09:00,web:fd71f4717a7450727e7f,fd71f4717a7450727e7f,天草市,碇石グラウンド,---,false,---,,天草市新和町碇石 957-1,検索,,,,,https://portal.bousai.pref.kumamoto.jp/sp.html?p=evacuation%2Fshelter&l=15-0&ll=32.63819999999999%2C130.77610000000004&z=9&municipalityCd=430005,49627d447a7d70415acf9ed496b39f2301460d97adf95d01b3360f003f18dde6,"{""ルート検索"": ""検索"", ""住所"": ""天草市新和町碇石 957-1"", ""市町村"": ""天草市"", ""混雑状況"": ""---"", ""避難所名"": ""碇石グラウンド"", ""開設状況"": ""---""}",unmatched,no_candidate,,0,,,,,,,,,,,[],,[],[],reference/43000_1.csv,dd6686fa000c3e720180ba96d02aacff987aec1bba3c9bc69a5867fc0089d10d
2026-07-30,2026-07-30T00:13:27+09:00,26/07/30 00:13時点の避難所状況の一覧です。,2026-07-30T00:13+09:00,web:51fab8e86e066c808c1a,51fab8e86e066c808c1a,天草市,碇石地区コミュニティセンター,開設,true,平常,,天草市新和町碇石 959,検索,,,,,https://portal.bousai.pref.kumamoto.jp/sp.html?p=evacuation%2Fshelter&l=15-0&ll=32.63819999999999%2C130.77610000000004&z=9&municipalityCd=430005,0c5eb2301cbd08bdc39fa91694ba548eb3c91fcec67f77124f2c855a76a416ba,"{""ルート検索"": ""検索"", ""住所"": ""天草市新和町碇石 959"", ""市町村"": ""天草市"", ""混雑状況"": ""平常"", ""避難所名"": ""碇石地区コミュニティセンター"", ""開設状況"": ""開設""}",unmatched,fuzzy_below_threshold,0.780,0,,,,,,,,,,,[],,[],"[{""NO"": ""1054"", ""その他市町村長が必要と認める事項"": """", ""住所"": ""熊本県天草市五和町御領6692-1"", ""備考"": """", ""共通ID"": ""E4321500060121"", ""受入対象者"": ""要配慮者"", ""指定緊急避難場所との住所同一"": ""1"", ""施設・場所名"": ""御領地区コミュニティセンター"", ""経度"": ""130.18888259453"", ""緯度"": ""32.517830538891""}, {""NO"": ""1049"", ""その他市町村長が必要と認める事項"": """", ""住所"": ""熊本県天草市魚貫町2129"", ""備考"": """", ""共通ID"": ""E4321500050111"", ""受入対象者"": """", ""指定緊急避難場所との住所同一"": """", ""施設・場所名"": ""魚貫地区コミュニティセンター"", ""経度"": ""130.0109142"", ""緯度"": ""32.23957339""}, {""NO"": ""1076"", ""その他市町村長が必要と認める事項"": """", ""住所"": ""熊本県天草市御所浦町牧島625-7"", ""備考"": """", ""共通ID"": ""E4321500102111"", ""受入対象者"": """", ""指定緊急避難場所との住所同一"": """", ""施設・場所名"": ""牧島地区コミュニティセンター"", ""経度"": ""130.3279952"", ""緯度"": ""32.3474935""}]",reference/43000_1.csv,dd6686fa000c3e720180ba96d02aacff987aec1bba3c9bc69a5867fc0089d10d
2026-07-30,2026-07-30T00:13:27+09:00,26/07/30 00:13時点の避難所状況の一覧です。,2026-07-30T00:13+09:00,web:d990d39fefbf6bffa864,d990d39fefbf6bffa864,天草市,祇園山高台,---,false,---,,天草市有明町赤崎 1810-1,検索,,,,,https://portal.bousai.pref.kumamoto.jp/sp.html?p=evacuation%2Fshelter&l=15-0&ll=32.63819999999999%2C130.77610000000004&z=9&municipalityCd=430005,91383df9996c1a9d1a49dc62213ae90d9660b98f1ff6a6c0638d8ac4768f2c8f,"{""ルート検索"": ""検索"", ""住所"": ""天草市有明町赤崎 1810-1"", ""市町村"": ""天草市"", ""混雑状況"": ""---"", ""避難所名"": ""祇園山高台"", ""開設状況"": ""---""}",unmatched,no_candidate,,0,,,,,,,,,,,[],,[],[],reference/43000_1.csv,dd6686fa000c3e720180ba96d02aacff987aec1bba3c9bc69a5867fc0089d10d
2026-07-30,2026-07-30T00:13:27+09:00,26/07/30 00:13時点の避難所状況の一覧です。,2026-07-30T00:13+09:00,web:104f546d61af08bcde3e,104f546d61af08bcde3e,天草市,祇園社,---,false,---,,天草市御所浦町御所浦 3873-1,検索,,,,,https://portal.bousai.pref.kumamoto.jp/sp.html?p=evacuation%2Fshelter&l=15-0&ll=32.63819999999999%2C130.77610000000004&z=9&municipalityCd=430005,ca89a3735c10b4870a8a5efb0765f713a74927f74bac23a4f452cfb7548687f9,"{""ルート検索"": ""検索"", ""住所"": ""天草市御所浦町御所浦 3873-1"", ""市町村"": ""天草市"", ""混雑状況"": ""---"", ""避難所名"": ""祇園社"", ""開設状況"": ""---""}",unmatched,no_candidate,,0,,,,,,,,,,,[],,[],[],reference/43000_1.csv,dd6686fa000c3e720180ba96d02aacff987aec1bba3c9bc69a5867fc0089d10d
2026-07-30,2026-07-30T00:13:27+09:00,26/07/30 00:13時点の避難所状況の一覧です。,2026-07-30T00:13+09:00,web:ab4c53620c7feb185626,ab4c53620c7feb185626,天草市,福津生活改善センター,---,false,---,,天草市魚貫町 3075-1,検索,,,,,https://portal.bousai.pref.kumamoto.jp/sp.html?p=evacuation%2Fshelter&l=15-0&ll=32.63819999999999%2C130.77610000000004&z=9&municipalityCd=430005,c5bd836f707aafa18df2b21e5af17fbdefcc5fe433e7c44fef5861a6078b9578,"{""ルート検索"": ""検索"", ""住所"": ""天草市魚貫町 3075-1"", ""市町村"": ""天草市"", ""混雑状況"": ""---"", ""避難所名"": ""福津生活改善センター"", ""開設状況"": ""---""}",unmatched,no_candidate,,0,,,,,,,,,,,[],,[],[],reference/43000_1.csv,dd6686fa000c3e720180ba96d02aacff987aec1bba3c9bc69a5867fc0089d10d
2026-07-30,2026-07-30T00:13:27+09:00,26/07/30 00:13時点の避難所状況の一覧です。,2026-07-30T00:13+09:00,web:e5183aee4b4e8011db6b,e5183aee4b4e8011db6b,天草市,福連木地区コミュニティセンター,開設,true,平常,,天草市天草町福連木 3645-2,検索,,,,,https://portal.bousai.pref.kumamoto.jp/sp.html?p=evacuation%2Fshelter&l=15-0&ll=32.63819999999999%2C130.77610000000004&z=9&municipalityCd=430005,60201684f19a0042430942db62f6d23df84aa380bc16e1bd03366e316ef99711,"{""ルート検索"": ""検索"", ""住所"": ""天草市天草町福連木 3645-2"", ""市町村"": ""天草市"", ""混雑状況"": ""平常"", ""避難所名"": ""福連木地区コミュニティセンター"", ""開設状況"": ""開設""}",unmatched,fuzzy_below_threshold,0.767,0,,,,,,,,,,,[],,[],"[{""NO"": ""1136"", ""その他市町村長が必要と認める事項"": """", ""住所"": ""熊本県天草市天草町高浜南501-1"", ""備考"": """", ""共通ID"": ""E4321500202121"", ""受入対象者"": ""要配慮者"", ""指定緊急避難場所との住所同一"": ""1"", ""施設・場所名"": ""高浜地区コミュニティセンター"", ""経度"": ""129.9975277"", ""緯度"": ""32.37838933""}, {""NO"": ""1076"", ""その他市町村長が必要と認める事項"": """", ""住所"": ""熊本県天草市御所浦町牧島625-7"", ""備考"": """", ""共通ID"": ""E4321500102111"", ""受入対象者"": """", ""指定緊急避難場所との住所同一"": """", ""施設・場所名"": ""牧島地区コミュニティセンター"", ""経度"": ""130.3279952"", ""緯度"": ""32.3474935""}, {""NO"": ""1041"", ""その他市町村長が必要と認める事項"": """", ""住所"": ""熊本県天草市牛深町122-2"", ""備考"": """", ""共通ID"": ""E4321500276121"", ""受入対象者"": ""要配慮者"", ""指定緊急避難場所との住所同一"": """", ""施設・場所名"": ""牛深地区コミュニティセンター"", ""経度"": ""130.025668"", ""緯度"": ""32.195712""}]",reference/43000_1.csv,dd6686fa000c3e720180ba96d02aacff987aec1bba3c9bc69a5867fc0089d10d
2026-07-30,2026-07-30T00:13:27+09:00,26/07/30 00:13時点の避難所状況の一覧です。,2026-07-30T00:13+09:00,web:49599b6a5a8d6c3ed8a1,49599b6a5a8d6c3ed8a1,天草市,立運動広場,---,false,---,,天草市新和町小宮地 11209-1,検索,,,,,https://portal.bousai.pref.kumamoto.jp/sp.html?p=evacuation%2Fshelter&l=15-0&ll=32.63819999999999%2C130.77610000000004&z=9&municipalityCd=430005,2f74a490bd3cb17bb9027e18d739c704a6e0c15da04372d10b7ecced02d5fc46,"{""ルート検索"": ""検索"", ""住所"": ""天草市新和町小宮地 11209-1"", ""市町村"": ""天草市"", ""混雑状況"": ""---"", ""避難所名"": ""立運動広場"", ""開設状況"": ""---""}",unmatched,no_candidate,,0,,,,,,,,,,,[],,[],[],reference/43000_1.csv,dd6686fa000c3e720180ba96d02aacff987aec1bba3c9bc69a5867fc0089d10d
2026-07-30,2026-07-30T00:13:27+09:00,26/07/30 00:13時点の避難所状況の一覧です。,2026-07-30T00:13+09:00,web:9331891ebf782d0f1c04,9331891ebf782d0f1c04,天草市,茂串区普門院付近高台,---,false,---,,天草市牛深町 1522,検索,,,,,https://portal.bousai.pref.kumamoto.jp/sp.html?p=evacuation%2Fshelter&l=15-0&ll=32.63819999999999%2C130.77610000000004&z=9&municipalityCd=430005,6575175095614734504aa38beded035c0ff2268e9a08a825a8df2cc8f1cf9b2a,"{""ルート検索"": ""検索"", ""住所"": ""天草市牛深町 1522"", ""市町村"": ""天草市"", ""混雑状況"": ""---"", ""避難所名"": ""茂串区普門院付近高台"", ""開設状況"": ""---""}",unmatched,no_candidate,,0,,,,,,,,,,,[],,[],[],reference/43000_1.csv,dd6686fa000c3e720180ba96d02aacff987aec1bba3c9bc69a5867fc0089d10d
2026-07-30,2026-07-30T00:13:27+09:00,26/07/30 00:13時点の避難所状況の一覧です。,2026-07-30T00:13+09:00,web:524e8673c603aaa6cfc9,524e8673c603aaa6cfc9,天草市,蛤里高台,---,false,---,,天草市有明町楠甫 5404,検索,,,,,https://portal.bousai.pref.kumamoto.jp/sp.html?p=evacuation%2Fshelter&l=15-0&ll=32.63819999999999%2C130.77610000000004&z=9&municipalityCd=430005,ba5168bb382fc42e6eec235d3eaa6a7ea18eff48a20ea95816b47fb3a713ba36,"{""ルート検索"": ""検索"", ""住所"": ""天草市有明町楠甫 5404"", ""市町村"": ""天草市"", ""混雑状況"": ""---"", ""避難所名"": ""蛤里高台"", ""開設状況"": ""---""}",unmatched,no_candidate,,0,,,,,,,,,,,[],,[],[],reference/43000_1.csv,dd6686fa000c3e720180ba96d02aacff987aec1bba3c9bc69a5867fc0089d10d
2026-07-30,2026-07-30T00:13:27+09:00,26/07/30 00:13時点の避難所状況の一覧です。,2026-07-30T00:13+09:00,web:20f30f4d976c295dd5d1,20f30f4d976c295dd5d1,天草市,複合施設ここらす,開設,true,平常,,天草市浄南町4-15,検索,,,,,https://portal.bousai.pref.kumamoto.jp/sp.html?p=evacuation%2Fshelter&l=15-0&ll=32.63819999999999%2C130.77610000000004&z=9&municipalityCd=430005,0076a41b3464fe7712d7736b459e745ce902e224a232af22d59b7236c7f52885,"{""ルート検索"": ""検索"", ""住所"": ""天草市浄南町4-15"", ""市町村"": ""天草市"", ""混雑状況"": ""平常"", ""避難所名"": ""複合施設ここらす"", ""開設状況"": ""開設""}",unmatched,no_candidate,,0,,,,,,,,,,,[],,[],[],reference/43000_1.csv,dd6686fa000c3e720180ba96d02aacff987aec1bba3c9bc69a5867fc0089d10d
2026-07-30,2026-07-30T00:13:27+09:00,26/07/30 00:13時点の避難所状況の一覧です。,2026-07-30T00:13+09:00,web:bb3ddc9c05220a13d6f6,bb3ddc9c05220a13d6f6,天草市,赤崎地区コミュニティセンター,開設,true,平常,,天草市有明町赤崎 1801-1,検索,,,,,https://portal.bousai.pref.kumamoto.jp/sp.html?p=evacuation%2Fshelter&l=15-0&ll=32.63819999999999%2C130.77610000000004&z=9&municipalityCd=430005,80b202dabf8c1fdd054794429cac246a3ef0fd1125117fc901e41f7781221d87,"{""ルート検索"": ""検索"", ""住所"": ""天草市有明町赤崎 1801-1"", ""市町村"": ""天草市"", ""混雑状況"": ""平常"", ""避難所名"": ""赤崎地区コミュニティセンター"", ""開設状況"": ""開設""}",unmatched,fuzzy_below_threshold,0.797,0,,,,,,,,,,,[],,[],"[{""NO"": ""1136"", ""その他市町村長が必要と認める事項"": """", ""住所"": ""熊本県天草市天草町高浜南501-1"", ""備考"": """", ""共通ID"": ""E4321500202121"", ""受入対象者"": ""要配慮者"", ""指定緊急避難場所との住所同一"": ""1"", ""施設・場所名"": ""高浜地区コミュニティセンター"", ""経度"": ""129.9975277"", ""緯度"": ""32.37838933""}, {""NO"": ""1126"", ""その他市町村長が必要と認める事項"": """", ""住所"": ""熊本県天草市倉岳町棚底1786-4"", ""備考"": """", ""共通ID"": ""E4321500185111"", ""受入対象者"": """", ""指定緊急避難場所との住所同一"": """", ""施設・場所名"": ""棚底地区コミュニティセンター"", ""経度"": ""130.3438864"", ""緯度"": ""32.41067919""}, {""NO"": ""1041"", ""その他市町村長が必要と認める事項"": """", ""住所"": ""熊本県天草市牛深町122-2"", ""備考"": """", ""共通ID"": ""E4321500276121"", ""受入対象者"": ""要配慮者"", ""指定緊急避難場所との住所同一"": """", ""施設・場所名"": ""牛深地区コミュニティセンター"", ""経度"": ""130.025668"", ""緯度"": ""32.195712""}]",reference/43000_1.csv,dd6686fa000c3e720180ba96d02aacff987aec1bba3c9bc69a5867fc0089d10d
2026-07-30,2026-07-30T00:13:27+09:00,26/07/30 00:13時点の避難所状況の一覧です。,2026-07-30T00:13+09:00,web:bfe941325ce2e4442215,bfe941325ce2e4442215,天草市,路木十五社宮,---,false,---,,天草市河浦町路木 2777-1,検索,,,,,https://portal.bousai.pref.kumamoto.jp/sp.html?p=evacuation%2Fshelter&l=15-0&ll=32.63819999999999%2C130.77610000000004&z=9&municipalityCd=430005,a0d97048a8935c3d68badb0a3920d2ea1887f8432dd8f22333d0a478f99647b0,"{""ルート検索"": ""検索"", ""住所"": ""天草市河浦町路木 2777-1"", ""市町村"": ""天草市"", ""混雑状況"": ""---"", ""避難所名"": ""路木十五社宮"", ""開設状況"": ""---""}",unmatched,no_candidate,,0,,,,,,,,,,,[],,[],[],reference/43000_1.csv,dd6686fa000c3e720180ba96d02aacff987aec1bba3c9bc69a5867fc0089d10d
2026-07-30,2026-07-30T00:13:27+09:00,26/07/30 00:13時点の避難所状況の一覧です。,2026-07-30T00:13+09:00,web:5b13d232c9325afffd81,5b13d232c9325afffd81,天草市,通天公園,---,false,---,,天草市牛深町 54-1,検索,,,,,https://portal.bousai.pref.kumamoto.jp/sp.html?p=evacuation%2Fshelter&l=15-0&ll=32.63819999999999%2C130.77610000000004&z=9&municipalityCd=430005,9c23302cfc45b3971ce4343c8d95fa7b58769314ccd88f4b729dccd8cdc3e906,"{""ルート検索"": ""検索"", ""住所"": ""天草市牛深町 54-1"", ""市町村"": ""天草市"", ""混雑状況"": ""---"", ""避難所名"": ""通天公園"", ""開設状況"": ""---""}",unmatched,no_candidate,,0,,,,,,,,,,,[],,[],[],reference/43000_1.csv,dd6686fa000c3e720180ba96d02aacff987aec1bba3c9bc69a5867fc0089d10d
2026-07-30,2026-07-30T00:13:27+09:00,26/07/30 00:13時点の避難所状況の一覧です。,2026-07-30T00:13+09:00,web:0599b686f90aee4ca24b,0599b686f90aee4ca24b,天草市,須子体育館,---,false,---,,天草市有明町須子 1226-2,検索,,,,,https://portal.bousai.pref.kumamoto.jp/sp.html?p=evacuation%2Fshelter&l=15-0&ll=32.63819999999999%2C130.77610000000004&z=9&municipalityCd=430005,21255204ef4aa4ef6cfbbb4f1000e40e9b14e09e75a3925cbb76504fa88e9b1b,"{""ルート検索"": ""検索"", ""住所"": ""天草市有明町須子 1226-2"", ""市町村"": ""天草市"", ""混雑状況"": ""---"", ""避難所名"": ""須子体育館"", ""開設状況"": ""---""}",unmatched,fuzzy_below_threshold,0.776,0,,,,,,,,,,,[],,[],"[{""NO"": ""1155"", ""その他市町村長が必要と認める事項"": """", ""住所"": ""熊本県天草市有明町大島子2669"", ""備考"": """", ""共通ID"": ""E4321500255111"", ""受入対象者"": """", ""指定緊急避難場所との住所同一"": ""1"", ""施設・場所名"": ""島子体育館"", ""経度"": ""130.25749272897"", ""緯度"": ""32.474382465165""}]",reference/43000_1.csv,dd6686fa000c3e720180ba96d02aacff987aec1bba3c9bc69a5867fc0089d10d
2026-07-30,2026-07-30T00:13:27+09:00,26/07/30 00:13時点の避難所状況の一覧です。,2026-07-30T00:13+09:00,web:002fb4abee3c5a856833,002fb4abee3c5a856833,天草市,須子地区コミュニティセンター(大会議室),開設,true,やや混雑,,天草市有明町須子 2082-3,検索,,,,,https://portal.bousai.pref.kumamoto.jp/sp.html?p=evacuation%2Fshelter&l=15-0&ll=32.63819999999999%2C130.77610000000004&z=9&municipalityCd=430005,786bfe56fd363afe9c5d048bdddc1adffeca1a0953204add03414e64b8063a4b,"{""ルート検索"": ""検索"", ""住所"": ""天草市有明町須子 2082-3"", ""市町村"": ""天草市"", ""混雑状況"": ""やや混雑"", ""避難所名"": ""須子地区コミュニティセンター(大会議室)"", ""開設状況"": ""開設""}",unmatched,no_candidate,,0,,,,,,,,,,,[],,[],[],reference/43000_1.csv,dd6686fa000c3e720180ba96d02aacff987aec1bba3c9bc69a5867fc0089d10d
2026-07-30,2026-07-30T00:13:27+09:00,26/07/30 00:13時点の避難所状況の一覧です。,2026-07-30T00:13+09:00,web:5ccd397c19e62d77a15f,5ccd397c19e62d77a15f,天草市,須子桜公園広場,---,false,---,,天草市有明町須子 1198,検索,,,,,https://portal.bousai.pref.kumamoto.jp/sp.html?p=evacuation%2Fshelter&l=15-0&ll=32.63819999999999%2C130.77610000000004&z=9&municipalityCd=430005,21edbcecc5ee4336e95d971a4d4c03544c8b7673a25163cb478f4109e2510343,"{""ルート検索"": ""検索"", ""住所"": ""天草市有明町須子 1198"", ""市町村"": ""天草市"", ""混雑状況"": ""---"", ""避難所名"": ""須子桜公園広場"", ""開設状況"": ""---""}",unmatched,no_candidate,,0,,,,,,,,,,,[],,[],[],reference/43000_1.csv,dd6686fa000c3e720180ba96d02aacff987aec1bba3c9bc69a5867fc0089d10d
2026-07-30,2026-07-30T00:13:27+09:00,26/07/30 00:13時点の避難所状況の一覧です。,2026-07-30T00:13+09:00,web:616ecf25266156e7d3e3,616ecf25266156e7d3e3,天草市,鬼池地区コミュニティセンター,---,false,---,,天草市五和町鬼池 1184,検索,,,,,https://portal.bousai.pref.kumamoto.jp/sp.html?p=evacuation%2Fshelter&l=15-0&ll=32.63819999999999%2C130.77610000000004&z=9&municipalityCd=430005,caf0610f04b47fc691d297925a97aba6365cf7e3ed67c1dfadad1c2a4d56847d,"{""ルート検索"": ""検索"", ""住所"": ""天草市五和町鬼池 1184"", ""市町村"": ""天草市"", ""混雑状況"": ""---"", ""避難所名"": ""鬼池地区コミュニティセンター"", ""開設状況"": ""---""}",unmatched,fuzzy_below_threshold,0.791,0,,,,,,,,,,,[],,[],"[{""NO"": ""1054"", ""その他市町村長が必要と認める事項"": """", ""住所"": ""熊本県天草市五和町御領6692-1"", ""備考"": """", ""共通ID"": ""E4321500060121"", ""受入対象者"": ""要配慮者"", ""指定緊急避難場所との住所同一"": ""1"", ""施設・場所名"": ""御領地区コミュニティセンター"", ""経度"": ""130.18888259453"", ""緯度"": ""32.517830538891""}, {""NO"": ""1126"", ""その他市町村長が必要と認める事項"": """", ""住所"": ""熊本県天草市倉岳町棚底1786-4"", ""備考"": """", ""共通ID"": ""E4321500185111"", ""受入対象者"": """", ""指定緊急避難場所との住所同一"": """", ""施設・場所名"": ""棚底地区コミュニティセンター"", ""経度"": ""130.3438864"", ""緯度"": ""32.41067919""}, {""NO"": ""1136"", ""その他市町村長が必要と認める事項"": """", ""住所"": ""熊本県天草市天草町高浜南501-1"", ""備考"": """", ""共通ID"": ""E4321500202121"", ""受入対象者"": ""要配慮者"", ""指定緊急避難場所との住所同一"": ""1"", ""施設・場所名"": ""高浜地区コミュニティセンター"", ""経度"": ""129.9975277"", ""緯度"": ""32.37838933""}]",reference/43000_1.csv,dd6686fa000c3e720180ba96d02aacff987aec1bba3c9bc69a5867fc0089d10d
2026-07-30,2026-07-30T00:13:27+09:00,26/07/30 00:13時点の避難所状況の一覧です。,2026-07-30T00:13+09:00,web:e11149a15737403e6b20,e11149a15737403e6b20,天草市,魚浦グラウンド,---,false,---,,天草市二浦町亀浦 3443-1,検索,,,,,https://portal.bousai.pref.kumamoto.jp/sp.html?p=evacuation%2Fshelter&l=15-0&ll=32.63819999999999%2C130.77610000000004&z=9&municipalityCd=430005,ddd444a76be31b596686e8cefb3028ff28684f26564e3dd8d88062bc70ffb319,"{""ルート検索"": ""検索"", ""住所"": ""天草市二浦町亀浦 3443-1"", ""市町村"": ""天草市"", ""混雑状況"": ""---"", ""避難所名"": ""魚浦グラウンド"", ""開設状況"": ""---""}",unmatched,no_candidate,,0,,,,,,,,,,,[],,[],[],reference/43000_1.csv,dd6686fa000c3e720180ba96d02aacff987aec1bba3c9bc69a5867fc0089d10d
2026-07-30,2026-07-30T00:13:27+09:00,26/07/30 00:13時点の避難所状況の一覧です。,2026-07-30T00:13+09:00,web:92e86a2060da4dbc6336,92e86a2060da4dbc6336,宇土市,三角線を超えて山手方面,---,false,---,,宇土市新開町,検索,,,,,https://portal.bousai.pref.kumamoto.jp/sp.html?p=evacuation%2Fshelter&l=15-0&ll=32.63819999999999%2C130.77610000000004&z=9&municipalityCd=430005,289bfebafe4f09e052d8fbe0b7af3b6a783b67e689ec352289deacfdf04b5cb4,"{""ルート検索"": ""検索"", ""住所"": ""宇土市新開町"", ""市町村"": ""宇土市"", ""混雑状況"": ""---"", ""避難所名"": ""三角線を超えて山手方面"", ""開設状況"": ""---""}",unmatched,no_candidate,,0,,,,,,,,,,,[],,[],[],reference/43000_1.csv,dd6686fa000c3e720180ba96d02aacff987aec1bba3c9bc69a5867fc0089d10d
2026-07-30,2026-07-30T00:13:27+09:00,26/07/30 00:13時点の避難所状況の一覧です。,2026-07-30T00:13+09:00,web:b18a1911250c35f42ef4,b18a1911250c35f42ef4,宇土市,五色山グラウンド,---,false,---,,宇土市松山町,検索,,,,,https://portal.bousai.pref.kumamoto.jp/sp.html?p=evacuation%2Fshelter&l=15-0&ll=32.63819999999999%2C130.77610000000004&z=9&municipalityCd=430005,f64e438c750359eefa8998dd535832361e35c02f862cec1abda38c5411668ade,"{""ルート検索"": ""検索"", ""住所"": ""宇土市松山町"", ""市町村"": ""宇土市"", ""混雑状況"": ""---"", ""避難所名"": ""五色山グラウンド"", ""開設状況"": ""---""}",unmatched,no_candidate,,0,,,,,,,,,,,[],,[],[],reference/43000_1.csv,dd6686fa000c3e720180ba96d02aacff987aec1bba3c9bc69a5867fc0089d10d
2026-07-30,2026-07-30T00:13:27+09:00,26/07/30 00:13時点の避難所状況の一覧です。,2026-07-30T00:13+09:00,web:af42e6609e0dd6c2b808,af42e6609e0dd6c2b808,宇土市,住吉中学校グラウンド,---,false,---,,宇土市笹原町1700,検索,,,,,https://portal.bousai.pref.kumamoto.jp/sp.html?p=evacuation%2Fshelter&l=15-0&ll=32.63819999999999%2C130.77610000000004&z=9&municipalityCd=430005,e21b3c98fe67c9908528467c67bf4b2046c4779852249063bfa8962934be9bb0,"{""ルート検索"": ""検索"", ""住所"": ""宇土市笹原町1700"", ""市町村"": ""宇土市"", ""混雑状況"": ""---"", ""避難所名"": ""住吉中学校グラウンド"", ""開設状況"": ""---""}",unmatched,no_candidate,,0,,,,,,,,,,,[],,[],[],reference/43000_1.csv,dd6686fa000c3e720180ba96d02aacff987aec1bba3c9bc69a5867fc0089d10d
2026-07-30,2026-07-30T00:13:27+09:00,26/07/30 00:13時点の避難所状況の一覧です。,2026-07-30T00:13+09:00,web:ac5df517d25f587c555f,ac5df517d25f587c555f,宇土市,住吉神社,---,false,---,,宇土市住吉町2067,検索,,,,,https://portal.bousai.pref.kumamoto.jp/sp.html?p=evacuation%2Fshelter&l=15-0&ll=32.63819999999999%2C130.77610000000004&z=9&municipalityCd=430005,95da7794630cc169104258d07bce8c194b971bb2215178929566d0d331dedda7,"{""ルート検索"": ""検索"", ""住所"": ""宇土市住吉町2067"", ""市町村"": ""宇土市"", ""混雑状況"": ""---"", ""避難所名"": ""住吉神社"", ""開設状況"": ""---""}",unmatched,no_candidate,,0,,,,,,,,,,,[],,[],[],reference/43000_1.csv,dd6686fa000c3e720180ba96d02aacff987aec1bba3c9bc69a5867fc0089d10d
2026-07-30,2026-07-30T00:13:27+09:00,26/07/30 00:13時点の避難所状況の一覧です。,2026-07-30T00:13+09:00,web:5b9a48a14b60d7d5951a,5b9a48a14b60d7d5951a,宇土市,城山公園,---,false,---,,宇土市古城町139,検索,,,,,https://portal.bousai.pref.kumamoto.jp/sp.html?p=evacuation%2Fshelter&l=15-0&ll=32.63819999999999%2C130.77610000000004&z=9&municipalityCd=430005,51ee54efaf194fa389ea5f3a4257d191eb2f7686065a39b1f0250138d9219953,"{""ルート検索"": ""検索"", ""住所"": ""宇土市古城町139"", ""市町村"": ""宇土市"", ""混雑状況"": ""---"", ""避難所名"": ""城山公園"", ""開設状況"": ""---""}",unmatched,no_candidate,,0,,,,,,,,,,,[],,[],[],reference/43000_1.csv,dd6686fa000c3e720180ba96d02aacff987aec1bba3c9bc69a5867fc0089d10d
2026-07-30,2026-07-30T00:13:27+09:00,26/07/30 00:13時点の避難所状況の一覧です。,2026-07-30T00:13+09:00,web:0c9092ed47e745f50168,0c9092ed47e745f50168,宇土市,天満宮上へ通じる道路,---,false,---,,宇土市上網田町,検索,,,,,https://portal.bousai.pref.kumamoto.jp/sp.html?p=evacuation%2Fshelter&l=15-0&ll=32.63819999999999%2C130.77610000000004&z=9&municipalityCd=430005,9ece504722f90baeac2393528e29b96b369319282c3181e0dbf17fe70507e989,"{""ルート検索"": ""検索"", ""住所"": ""宇土市上網田町"", ""市町村"": ""宇土市"", ""混雑状況"": ""---"", ""避難所名"": ""天満宮上へ通じる道路"", ""開設状況"": ""---""}",unmatched,no_candidate,,0,,,,,,,,,,,[],,[],[],reference/43000_1.csv,dd6686fa000c3e720180ba96d02aacff987aec1bba3c9bc69a5867fc0089d10d
2026-07-30,2026-07-30T00:13:27+09:00,26/07/30 00:13時点の避難所状況の一覧です。,2026-07-30T00:13+09:00,web:2c9e2525e83e9996b2ab,2c9e2525e83e9996b2ab,宇土市,宇土小学校グラウンド,---,false,---,,宇土市高柳町104-1,検索,,,,,https://portal.bousai.pref.kumamoto.jp/sp.html?p=evacuation%2Fshelter&l=15-0&ll=32.63819999999999%2C130.77610000000004&z=9&municipalityCd=430005,a2759131dfa58c27dbebbe58651d0d3c7b4a117c26a244d61d5616ed6f1e9c64,"{""ルート検索"": ""検索"", ""住所"": ""宇土市高柳町104-1"", ""市町村"": ""宇土市"", ""混雑状況"": ""---"", ""避難所名"": ""宇土小学校グラウンド"", ""開設状況"": ""---""}",unmatched,no_candidate,,0,,,,,,,,,,,[],,[],[],reference/43000_1.csv,dd6686fa000c3e720180ba96d02aacff987aec1bba3c9bc69a5867fc0089d10d
2026-07-30,2026-07-30T00:13:27+09:00,26/07/30 00:13時点の避難所状況の一覧です。,2026-07-30T00:13+09:00,web:3a72d6e5957fbcf3759f,3a72d6e5957fbcf3759f,宇土市,宇土市運動公園グラウンド,---,false,---,,宇土市旭町375,検索,,,,,https://portal.bousai.pref.kumamoto.jp/sp.html?p=evacuation%2Fshelter&l=15-0&ll=32.63819999999999%2C130.77610000000004&z=9&municipalityCd=430005,1cde87cee14aa5755cd48f62b52085d491113a1de257ae32edda20b5323b6ed3,"{""ルート検索"": ""検索"", ""住所"": ""宇土市旭町375"", ""市町村"": ""宇土市"", ""混雑状況"": ""---"", ""避難所名"": ""宇土市運動公園グラウンド"", ""開設状況"": ""---""}",unmatched,no_candidate,,0,,,,,,,,,,,[],,[],[],reference/43000_1.csv,dd6686fa000c3e720180ba96d02aacff987aec1bba3c9bc69a5867fc0089d10d
2026-07-30,2026-07-30T00:13:27+09:00,26/07/30 00:13時点の避難所状況の一覧です。,2026-07-30T00:13+09:00,web:9049dc5512bf12b2beb6,9049dc5512bf12b2beb6,宇土市,宇土東小学校グラウンド,---,false,---,,宇土市築籠町46,検索,,,,,https://portal.bousai.pref.kumamoto.jp/sp.html?p=evacuation%2Fshelter&l=15-0&ll=32.63819999999999%2C130.77610000000004&z=9&municipalityCd=430005,47efffe2d8fc725eb04aee71315826ce3e999a3bc6738f8b1ab727366d73dc21,"{""ルート検索"": ""検索"", ""住所"": ""宇土市築籠町46"", ""市町村"": ""宇土市"", ""混雑状況"": ""---"", ""避難所名"": ""宇土東小学校グラウンド"", ""開設状況"": ""---""}",unmatched,no_candidate,,0,,,,,,,,,,,[],,[],[],reference/43000_1.csv,dd6686fa000c3e720180ba96d02aacff987aec1bba3c9bc69a5867fc0089d10d
2026-07-30,2026-07-30T00:13:27+09:00,26/07/30 00:13時点の避難所状況の一覧です。,2026-07-30T00:13+09:00,web:01645505fad1d03f099f,01645505fad1d03f099f,宇土市,宇土高校グラウンド,---,false,---,,宇土市古城町63,検索,,,,,https://portal.bousai.pref.kumamoto.jp/sp.html?p=evacuation%2Fshelter&l=15-0&ll=32.63819999999999%2C130.77610000000004&z=9&municipalityCd=430005,c965bbcb07e41bfa33891cbb5a2f1f9f08270b8e62aac694eccc631c8cddfbd7,"{""ルート検索"": ""検索"", ""住所"": ""宇土市古城町63"", ""市町村"": ""宇土市"", ""混雑状況"": ""---"", ""避難所名"": ""宇土高校グラウンド"", ""開設状況"": ""---""}",unmatched,no_candidate,,0,,,,,,,,,,,[],,[],[],reference/43000_1.csv,dd6686fa000c3e720180ba96d02aacff987aec1bba3c9bc69a5867fc0089d10d
2026-07-30,2026-07-30T00:13:27+09:00,26/07/30 00:13時点の避難所状況の一覧です。,2026-07-30T00:13+09:00,web:7f57421627379f5f88dd,7f57421627379f5f88dd,宇土市,宇土高校第3グラウンド,---,false,---,,宇土市神馬町山下364-1,検索,,,,,https://portal.bousai.pref.kumamoto.jp/sp.html?p=evacuation%2Fshelter&l=15-0&ll=32.63819999999999%2C130.77610000000004&z=9&municipalityCd=430005,b72dbafa1d5bfece856a29112865aa7a737117b77808442088f38cf940a4a22f,"{""ルート検索"": ""検索"", ""住所"": ""宇土市神馬町山下364-1"", ""市町村"": ""宇土市"", ""混雑状況"": ""---"", ""避難所名"": ""宇土高校第3グラウンド"", ""開設状況"": ""---""}",unmatched,no_candidate,,0,,,,,,,,,,,[],,[],[],reference/43000_1.csv,dd6686fa000c3e720180ba96d02aacff987aec1bba3c9bc69a5867fc0089d10d
2026-07-30,2026-07-30T00:13:27+09:00,26/07/30 00:13時点の避難所状況の一覧です。,2026-07-30T00:13+09:00,web:6ccbc44ed2bee95eae1c,6ccbc44ed2bee95eae1c,宇土市,小池納骨堂横,---,false,---,,宇土市長浜町,検索,,,,,https://portal.bousai.pref.kumamoto.jp/sp.html?p=evacuation%2Fshelter&l=15-0&ll=32.63819999999999%2C130.77610000000004&z=9&municipalityCd=430005,6f2ebb6e4543011a9f383609c76775c359ca5502eddd8e30020dff16ea4e08af,"{""ルート検索"": ""検索"", ""住所"": ""宇土市長浜町"", ""市町村"": ""宇土市"", ""混雑状況"": ""---"", ""避難所名"": ""小池納骨堂横"", ""開設状況"": ""---""}",unmatched,no_candidate,,0,,,,,,,,,,,[],,[],[],reference/43000_1.csv,dd6686fa000c3e720180ba96d02aacff987aec1bba3c9bc69a5867fc0089d10d
2026-07-30,2026-07-30T00:13:27+09:00,26/07/30 00:13時点の避難所状況の一覧です。,2026-07-30T00:13+09:00,web:67fa605a5954f168b2af,67fa605a5954f168b2af,宇土市,小部田避難路,---,false,---,,宇土市住吉町,検索,,,,,https://portal.bousai.pref.kumamoto.jp/sp.html?p=evacuation%2Fshelter&l=15-0&ll=32.63819999999999%2C130.77610000000004&z=9&municipalityCd=430005,43a140f1d1d577403a49800643f502d27ab7986558999402bda99b6c0e1c15fb,"{""ルート検索"": ""検索"", ""住所"": ""宇土市住吉町"", ""市町村"": ""宇土市"", ""混雑状況"": ""---"", ""避難所名"": ""小部田避難路"", ""開設状況"": ""---""}",unmatched,no_candidate,,0,,,,,,,,,,,[],,[],[],reference/43000_1.csv,dd6686fa000c3e720180ba96d02aacff987aec1bba3c9bc69a5867fc0089d10d
2026-07-30,2026-07-30T00:13:27+09:00,26/07/30 00:13時点の避難所状況の一覧です。,2026-07-30T00:13+09:00,web:355272be3e0d81d23881,355272be3e0d81d23881,宇土市,島山,---,false,---,,宇土市戸口町,検索,,,,,https://portal.bousai.pref.kumamoto.jp/sp.html?p=evacuation%2Fshelter&l=15-0&ll=32.63819999999999%2C130.77610000000004&z=9&municipalityCd=430005,67ecf9765d58798adc25012bfd0be9b6bf0797735d983053f75b50b23099a42e,"{""ルート検索"": ""検索"", ""住所"": ""宇土市戸口町"", ""市町村"": ""宇土市"", ""混雑状況"": ""---"", ""避難所名"": ""島山"", ""開設状況"": ""---""}",unmatched,no_candidate,,0,,,,,,,,,,,[],,[],[],reference/43000_1.csv,dd6686fa000c3e720180ba96d02aacff987aec1bba3c9bc69a5867fc0089d10d
2026-07-30,2026-07-30T00:13:27+09:00,26/07/30 00:13時点の避難所状況の一覧です。,2026-07-30T00:13+09:00,web:9dfabe386dac60a8df6d,9dfabe386dac60a8df6d,宇土市,平岩踏切から古屋敷地区へ通じる道路,---,false,---,,宇土市赤瀬町,検索,,,,,https://portal.bousai.pref.kumamoto.jp/sp.html?p=evacuation%2Fshelter&l=15-0&ll=32.63819999999999%2C130.77610000000004&z=9&municipalityCd=430005,adae0ed8e0ce1dd7df38488b771b08e58f911ff905f3538b412b44fa58d83eff,"{""ルート検索"": ""検索"", ""住所"": ""宇土市赤瀬町"", ""市町村"": ""宇土市"", ""混雑状況"": ""---"", ""避難所名"": ""平岩踏切から古屋敷地区へ通じる道路"", ""開設状況"": ""---""}",unmatched,no_candidate,,0,,,,,,,,,,,[],,[],[],reference/43000_1.csv,dd6686fa000c3e720180ba96d02aacff987aec1bba3c9bc69a5867fc0089d10d
2026-07-30,2026-07-30T00:13:27+09:00,26/07/30 00:13時点の避難所状況の一覧です。,2026-07-30T00:13+09:00,web:d6fc08e14d56ca9177c7,d6fc08e14d56ca9177c7,宇土市,平成走潟大橋から三角線を超えて山手方面,---,false,---,,宇土市走潟町・馬之瀬町,検索,,,,,https://portal.bousai.pref.kumamoto.jp/sp.html?p=evacuation%2Fshelter&l=15-0&ll=32.63819999999999%2C130.77610000000004&z=9&municipalityCd=430005,944bbbe1affcc730a6b6444a9e55c242ea1039e6245a6ddb8ef71a11324cb775,"{""ルート検索"": ""検索"", ""住所"": ""宇土市走潟町・馬之瀬町"", ""市町村"": ""宇土市"", ""混雑状況"": ""---"", ""避難所名"": ""平成走潟大橋から三角線を超えて山手方面"", ""開設状況"": ""---""}",unmatched,no_candidate,,0,,,,,,,,,,,[],,[],[],reference/43000_1.csv,dd6686fa000c3e720180ba96d02aacff987aec1bba3c9bc69a5867fc0089d10d
2026-07-30,2026-07-30T00:13:27+09:00,26/07/30 00:13時点の避難所状況の一覧です。,2026-07-30T00:13+09:00,web:21d6460e0180046a358a,21d6460e0180046a358a,宇土市,広刈地区上へ通じる道路,---,false,---,,宇土市赤瀬町,検索,,,,,https://portal.bousai.pref.kumamoto.jp/sp.html?p=evacuation%2Fshelter&l=15-0&ll=32.63819999999999%2C130.77610000000004&z=9&municipalityCd=430005,8c29dc61d4bae80fc54d18debe0ade706badee0064eb7c78c8cb4603cdd72203,"{""ルート検索"": ""検索"", ""住所"": ""宇土市赤瀬町"", ""市町村"": ""宇土市"", ""混雑状況"": ""---"", ""避難所名"": ""広刈地区上へ通じる道路"", ""開設状況"": ""---""}",unmatched,no_candidate,,0,,,,,,,,,,,[],,[],[],reference/43000_1.csv,dd6686fa000c3e720180ba96d02aacff987aec1bba3c9bc69a5867fc0089d10d
2026-07-30,2026-07-30T00:13:27+09:00,26/07/30 00:13時点の避難所状況の一覧です。,2026-07-30T00:13+09:00,web:517804c78657c6162a01,517804c78657c6162a01,宇土市,御輿来地区上へ通じる道路,---,false,---,,宇土市下網田町,検索,,,,,https://portal.bousai.pref.kumamoto.jp/sp.html?p=evacuation%2Fshelter&l=15-0&ll=32.63819999999999%2C130.77610000000004&z=9&municipalityCd=430005,39b0c886f59c875c1881ba59f0120b27e63683f1bb318951d018188f3c2607e0,"{""ルート検索"": ""検索"", ""住所"": ""宇土市下網田町"", ""市町村"": ""宇土市"", ""混雑状況"": ""---"", ""避難所名"": ""御輿来地区上へ通じる道路"", ""開設状況"": ""---""}",unmatched,no_candidate,,0,,,,,,,,,,,[],,[],[],reference/43000_1.csv,dd6686fa000c3e720180ba96d02aacff987aec1bba3c9bc69a5867fc0089d10d
2026-07-30,2026-07-30T00:13:27+09:00,26/07/30 00:13時点の避難所状況の一覧です。,2026-07-30T00:13+09:00,web:98b762a5f62519088c9e,98b762a5f62519088c9e,宇土市,戸口避難路,---,false,---,,宇土市戸口町,検索,,,,,https://portal.bousai.pref.kumamoto.jp/sp.html?p=evacuation%2Fshelter&l=15-0&ll=32.63819999999999%2C130.77610000000004&z=9&municipalityCd=430005,e1bd6d1b1843e047ef07f577539c6ccc8ebd669f96ae694463a0fb2ffd62a22c,"{""ルート検索"": ""検索"", ""住所"": ""宇土市戸口町"", ""市町村"": ""宇土市"", ""混雑状況"": ""---"", ""避難所名"": ""戸口避難路"", ""開設状況"": ""---""}",unmatched,no_candidate,,0,,,,,,,,,,,[],,[],[],reference/43000_1.csv,dd6686fa000c3e720180ba96d02aacff987aec1bba3c9bc69a5867fc0089d10d
2026-07-30,2026-07-30T00:13:27+09:00,26/07/30 00:13時点の避難所状況の一覧です。,2026-07-30T00:13+09:00,web:a40a4bbe9a4ad459eaef,a40a4bbe9a4ad459eaef,宇土市,新川東・西避難路,---,false,---,,宇土市網津町,検索,,,,,https://portal.bousai.pref.kumamoto.jp/sp.html?p=evacuation%2Fshelter&l=15-0&ll=32.63819999999999%2C130.77610000000004&z=9&municipalityCd=430005,22d23bf077dc9d8948019a08db05b9f6fbfc3c95bcc049624ab3f33f5f87baaa,"{""ルート検索"": ""検索"", ""住所"": ""宇土市網津町"", ""市町村"": ""宇土市"", ""混雑状況"": ""---"", ""避難所名"": ""新川東・西避難路"", ""開設状況"": ""---""}",unmatched,no_candidate,,0,,,,,,,,,,,[],,[],[],reference/43000_1.csv,dd6686fa000c3e720180ba96d02aacff987aec1bba3c9bc69a5867fc0089d10d
2026-07-30,2026-07-30T00:13:27+09:00,26/07/30 00:13時点の避難所状況の一覧です。,2026-07-30T00:13+09:00,web:2fb3274392cc16745d18,2fb3274392cc16745d18,宇土市,梅咲避難路,---,false,---,,宇土市網津町,検索,,,,,https://portal.bousai.pref.kumamoto.jp/sp.html?p=evacuation%2Fshelter&l=15-0&ll=32.63819999999999%2C130.77610000000004&z=9&municipalityCd=430005,d91505b0a0f388183605925043057134e67ba31a13e8cbd3c7d837fb81b8bb40,"{""ルート検索"": ""検索"", ""住所"": ""宇土市網津町"", ""市町村"": ""宇土市"", ""混雑状況"": ""---"", ""避難所名"": ""梅咲避難路"", ""開設状況"": ""---""}",unmatched,no_candidate,,0,,,,,,,,,,,[],,[],[],reference/43000_1.csv,dd6686fa000c3e720180ba96d02aacff987aec1bba3c9bc69a5867fc0089d10d
2026-07-30,2026-07-30T00:13:27+09:00,26/07/30 00:13時点の避難所状況の一覧です。,2026-07-30T00:13+09:00,web:473ecc0bc49b3f627e2a,473ecc0bc49b3f627e2a,宇土市,椿原公民館,開設,true,不明,,熊本県宇土市椿原町581,検索,,,,,https://portal.bousai.pref.kumamoto.jp/sp.html?p=evacuation%2Fshelter&l=15-0&ll=32.63819999999999%2C130.77610000000004&z=9&municipalityCd=430005,effbcf4bf02c28e2d191215abd2258c100590c36ddf436e34f358abf33a1764f,"{""ルート検索"": ""検索"", ""住所"": ""熊本県宇土市椿原町581"", ""市町村"": ""宇土市"", ""混雑状況"": ""不明"", ""避難所名"": ""椿原公民館"", ""開設状況"": ""開設""}",unmatched,no_candidate,,0,,,,,,,,,,,[],,[],[],reference/43000_1.csv,dd6686fa000c3e720180ba96d02aacff987aec1bba3c9bc69a5867fc0089d10d
2026-07-30,2026-07-30T00:13:27+09:00,26/07/30 00:13時点の避難所状況の一覧です。,2026-07-30T00:13+09:00,web:a3b85e75d8ba0d151aaa,a3b85e75d8ba0d151aaa,宇土市,次郎平橋から三角線を超えて山手方面,---,false,---,,宇土市走潟町・新開町,検索,,,,,https://portal.bousai.pref.kumamoto.jp/sp.html?p=evacuation%2Fshelter&l=15-0&ll=32.63819999999999%2C130.77610000000004&z=9&municipalityCd=430005,f54ee82d029a7c9ac63533fc9b3f784b68efeef3d607c3a85730106b6a6076d5,"{""ルート検索"": ""検索"", ""住所"": ""宇土市走潟町・新開町"", ""市町村"": ""宇土市"", ""混雑状況"": ""---"", ""避難所名"": ""次郎平橋から三角線を超えて山手方面"", ""開設状況"": ""---""}",unmatched,no_candidate,,0,,,,,,,,,,,[],,[],[],reference/43000_1.csv,dd6686fa000c3e720180ba96d02aacff987aec1bba3c9bc69a5867fc0089d10d
2026-07-30,2026-07-30T00:13:27+09:00,26/07/30 00:13時点の避難所状況の一覧です。,2026-07-30T00:13+09:00,web:3a1a5578fd42de3222eb,3a1a5578fd42de3222eb,宇土市,浦神社,---,false,---,,宇土市長浜町,検索,,,,,https://portal.bousai.pref.kumamoto.jp/sp.html?p=evacuation%2Fshelter&l=15-0&ll=32.63819999999999%2C130.77610000000004&z=9&municipalityCd=430005,395618c256b4c611eea09ae40e837ce2910dbc470daaeabfd312698ee4f6c8aa,"{""ルート検索"": ""検索"", ""住所"": ""宇土市長浜町"", ""市町村"": ""宇土市"", ""混雑状況"": ""---"", ""避難所名"": ""浦神社"", ""開設状況"": ""---""}",unmatched,no_candidate,,0,,,,,,,,,,,[],,[],[],reference/43000_1.csv,dd6686fa000c3e720180ba96d02aacff987aec1bba3c9bc69a5867fc0089d10d
2026-07-30,2026-07-30T00:13:27+09:00,26/07/30 00:13時点の避難所状況の一覧です。,2026-07-30T00:13+09:00,web:12d93f152149d6396495,12d93f152149d6396495,宇土市,火の国屋横の道,---,false,---,,宇土市長浜町,検索,,,,,https://portal.bousai.pref.kumamoto.jp/sp.html?p=evacuation%2Fshelter&l=15-0&ll=32.63819999999999%2C130.77610000000004&z=9&municipalityCd=430005,77bea2758e9d9cca5067dc20afcd9192c8ce7c6f86f05a01b42de3b4ce46dc0e,"{""ルート検索"": ""検索"", ""住所"": ""宇土市長浜町"", ""市町村"": ""宇土市"", ""混雑状況"": ""---"", ""避難所名"": ""火の国屋横の道"", ""開設状況"": ""---""}",unmatched,no_candidate,,0,,,,,,,,,,,[],,[],[],reference/43000_1.csv,dd6686fa000c3e720180ba96d02aacff987aec1bba3c9bc69a5867fc0089d10d
2026-07-30,2026-07-30T00:13:27+09:00,26/07/30 00:13時点の避難所状況の一覧です。,2026-07-30T00:13+09:00,web:9d77803f05ae7316d6e6,9d77803f05ae7316d6e6,宇土市,田平地区道路,---,false,---,,宇土市上網田町,検索,,,,,https://portal.bousai.pref.kumamoto.jp/sp.html?p=evacuation%2Fshelter&l=15-0&ll=32.63819999999999%2C130.77610000000004&z=9&municipalityCd=430005,f4e766cf7efb3cae97a84661669db4823a6071baceb47ed5be405c56543a0215,"{""ルート検索"": ""検索"", ""住所"": ""宇土市上網田町"", ""市町村"": ""宇土市"", ""混雑状況"": ""---"", ""避難所名"": ""田平地区道路"", ""開設状況"": ""---""}",unmatched,no_candidate,,0,,,,,,,,,,,[],,[],[],reference/43000_1.csv,dd6686fa000c3e720180ba96d02aacff987aec1bba3c9bc69a5867fc0089d10d
2026-07-30,2026-07-30T00:13:27+09:00,26/07/30 00:13時点の避難所状況の一覧です。,2026-07-30T00:13+09:00,web:4de9ac221edc9e52475b,4de9ac221edc9e52475b,宇土市,直築避難路,---,false,---,,宇土市網津町,検索,,,,,https://portal.bousai.pref.kumamoto.jp/sp.html?p=evacuation%2Fshelter&l=15-0&ll=32.63819999999999%2C130.77610000000004&z=9&municipalityCd=430005,d32ad55ac15375af9643bc443a3a090d63f5cb2dceac63b586ce65e1acf1cbc8,"{""ルート検索"": ""検索"", ""住所"": ""宇土市網津町"", ""市町村"": ""宇土市"", ""混雑状況"": ""---"", ""避難所名"": ""直築避難路"", ""開設状況"": ""---""}",unmatched,no_candidate,,0,,,,,,,,,,,[],,[],[],reference/43000_1.csv,dd6686fa000c3e720180ba96d02aacff987aec1bba3c9bc69a5867fc0089d10d
2026-07-30,2026-07-30T00:13:27+09:00,26/07/30 00:13時点の避難所状況の一覧です。,2026-07-30T00:13+09:00,web:a57ed055604547f9249e,a57ed055604547f9249e,宇土市,立岡総合グラウンド,---,false,---,,宇土市花園町523-2,検索,,,,,https://portal.bousai.pref.kumamoto.jp/sp.html?p=evacuation%2Fshelter&l=15-0&ll=32.63819999999999%2C130.77610000000004&z=9&municipalityCd=430005,cdb5b3c6d3e8d44db2c02cb1d0955c0223a0350d2509697beaa651a467c11492,"{""ルート検索"": ""検索"", ""住所"": ""宇土市花園町523-2"", ""市町村"": ""宇土市"", ""混雑状況"": ""---"", ""避難所名"": ""立岡総合グラウンド"", ""開設状況"": ""---""}",unmatched,no_candidate,,0,,,,,,,,,,,[],,[],[],reference/43000_1.csv,dd6686fa000c3e720180ba96d02aacff987aec1bba3c9bc69a5867fc0089d10d
2026-07-30,2026-07-30T00:13:27+09:00,26/07/30 00:13時点の避難所状況の一覧です。,2026-07-30T00:13+09:00,web:1d6984ad36f0c14f278c,1d6984ad36f0c14f278c,宇土市,網津地区グラウンド,---,false,---,,宇土市網津町1961,検索,,,,,https://portal.bousai.pref.kumamoto.jp/sp.html?p=evacuation%2Fshelter&l=15-0&ll=32.63819999999999%2C130.77610000000004&z=9&municipalityCd=430005,121a174f19d62b92960bd5032d43c645a0f489625edab15ce66734d266091554,"{""ルート検索"": ""検索"", ""住所"": ""宇土市網津町1961"", ""市町村"": ""宇土市"", ""混雑状況"": ""---"", ""避難所名"": ""網津地区グラウンド"", ""開設状況"": ""---""}",unmatched,no_candidate,,0,,,,,,,,,,,[],,[],[],reference/43000_1.csv,dd6686fa000c3e720180ba96d02aacff987aec1bba3c9bc69a5867fc0089d10d
2026-07-30,2026-07-30T00:13:27+09:00,26/07/30 00:13時点の避難所状況の一覧です。,2026-07-30T00:13+09:00,web:a6b7b347c60ae5f10235,a6b7b347c60ae5f10235,宇土市,網津小学校グラウンド,---,false,---,,宇土市網津町2082-3,検索,,,,,https://portal.bousai.pref.kumamoto.jp/sp.html?p=evacuation%2Fshelter&l=15-0&ll=32.63819999999999%2C130.77610000000004&z=9&municipalityCd=430005,037d006685a7f83d9c9f5634f5597c7de8899db85a1e850b20b954340c4533a7,"{""ルート検索"": ""検索"", ""住所"": ""宇土市網津町2082-3"", ""市町村"": ""宇土市"", ""混雑状況"": ""---"", ""避難所名"": ""網津小学校グラウンド"", ""開設状況"": ""---""}",unmatched,no_candidate,,0,,,,,,,,,,,[],,[],[],reference/43000_1.csv,dd6686fa000c3e720180ba96d02aacff987aec1bba3c9bc69a5867fc0089d10d
2026-07-30,2026-07-30T00:13:27+09:00,26/07/30 00:13時点の避難所状況の一覧です。,2026-07-30T00:13+09:00,web:83719ce40b8ec4c04df0,83719ce40b8ec4c04df0,宇土市,網田コミュニティーセンター,開設,true,平常,,熊本県宇土市下網田町1819番地,検索,,,,,https://portal.bousai.pref.kumamoto.jp/sp.html?p=evacuation%2Fshelter&l=15-0&ll=32.63819999999999%2C130.77610000000004&z=9&municipalityCd=430005,1074a6d2f9cc3366c2394f2aa093db75e3d25809e4bf271a800f77b808db08da,"{""ルート検索"": ""検索"", ""住所"": ""熊本県宇土市下網田町1819番地"", ""市町村"": ""宇土市"", ""混雑状況"": ""平常"", ""避難所名"": ""網田コミュニティーセンター"", ""開設状況"": ""開設""}",unmatched,fuzzy_below_threshold,0.757,0,,,,,,,,,,,[],,[],"[{""NO"": ""146"", ""その他市町村長が必要と認める事項"": """", ""住所"": ""熊本県宇土市古保里町977"", ""備考"": """", ""共通ID"": ""E4321100024111"", ""受入対象者"": """", ""指定緊急避難場所との住所同一"": """", ""施設・場所名"": ""花園コミュニティセンター"", ""経度"": ""130.6833043"", ""緯度"": ""32.67637751""}]",reference/43000_1.csv,dd6686fa000c3e720180ba96d02aacff987aec1bba3c9bc69a5867fc0089d10d
2026-07-30,2026-07-30T00:13:27+09:00,26/07/30 00:13時点の避難所状況の一覧です。,2026-07-30T00:13+09:00,web:0ebc9876fed72f921773,0ebc9876fed72f921773,宇土市,網田中学校グラウンド,---,false,---,,宇土市下網田町1120,検索,,,,,https://portal.bousai.pref.kumamoto.jp/sp.html?p=evacuation%2Fshelter&l=15-0&ll=32.63819999999999%2C130.77610000000004&z=9&municipalityCd=430005,15ddb4cb01a11b8b04a20b2800dac44d932c4fefce2f50eb07ccd806d81ec467,"{""ルート検索"": ""検索"", ""住所"": ""宇土市下網田町1120"", ""市町村"": ""宇土市"", ""混雑状況"": ""---"", ""避難所名"": ""網田中学校グラウンド"", ""開設状況"": ""---""}",unmatched,no_candidate,,0,,,,,,,,,,,[],,[],[],reference/43000_1.csv,dd6686fa000c3e720180ba96d02aacff987aec1bba3c9bc69a5867fc0089d10d
2026-07-30,2026-07-30T00:13:27+09:00,26/07/30 00:13時点の避難所状況の一覧です。,2026-07-30T00:13+09:00,web:e33d802a9e61ad2a672f,e33d802a9e61ad2a672f,宇土市,網田地区グラウンド,---,false,---,,宇土市下網田町710-1,検索,,,,,https://portal.bousai.pref.kumamoto.jp/sp.html?p=evacuation%2Fshelter&l=15-0&ll=32.63819999999999%2C130.77610000000004&z=9&municipalityCd=430005,6a60e4c6496e2a62d8fe13e87a55cb04bce2dd97232812d293b1c86403fbe9e9,"{""ルート検索"": ""検索"", ""住所"": ""宇土市下網田町710-1"", ""市町村"": ""宇土市"", ""混雑状況"": ""---"", ""避難所名"": ""網田地区グラウンド"", ""開設状況"": ""---""}",unmatched,no_candidate,,0,,,,,,,,,,,[],,[],[],reference/43000_1.csv,dd6686fa000c3e720180ba96d02aacff987aec1bba3c9bc69a5867fc0089d10d
2026-07-30,2026-07-30T00:13:27+09:00,26/07/30 00:13時点の避難所状況の一覧です。,2026-07-30T00:13+09:00,web:c1b0cd95c460e9b153fd,c1b0cd95c460e9b153fd,宇土市,網田小学校グラウンド,---,false,---,,宇土市下網田町1842,検索,,,,,https://portal.bousai.pref.kumamoto.jp/sp.html?p=evacuation%2Fshelter&l=15-0&ll=32.63819999999999%2C130.77610000000004&z=9&municipalityCd=430005,59b59e94aa2e4eb96eb6471371c215fdf2cee00d57a395114e6c5968dfec45a5,"{""ルート検索"": ""検索"", ""住所"": ""宇土市下網田町1842"", ""市町村"": ""宇土市"", ""混雑状況"": ""---"", ""避難所名"": ""網田小学校グラウンド"", ""開設状況"": ""---""}",unmatched,no_candidate,,0,,,,,,,,,,,[],,[],[],reference/43000_1.csv,dd6686fa000c3e720180ba96d02aacff987aec1bba3c9bc69a5867fc0089d10d
2026-07-30,2026-07-30T00:13:27+09:00,26/07/30 00:13時点の避難所状況の一覧です。,2026-07-30T00:13+09:00,web:6f323366e89615534dce,6f323366e89615534dce,宇土市,網田漁協,---,false,---,,宇土市長浜町508番地5,検索,,,,,https://portal.bousai.pref.kumamoto.jp/sp.html?p=evacuation%2Fshelter&l=15-0&ll=32.63819999999999%2C130.77610000000004&z=9&municipalityCd=430005,e6158ab6870d9605638c623c1809b2265aacab4e410356a1d70d4dcc699e885d,"{""ルート検索"": ""検索"", ""住所"": ""宇土市長浜町508番地5"", ""市町村"": ""宇土市"", ""混雑状況"": ""---"", ""避難所名"": ""網田漁協"", ""開設状況"": ""---""}",unmatched,no_candidate,,0,,,,,,,,,,,[],,[],[],reference/43000_1.csv,dd6686fa000c3e720180ba96d02aacff987aec1bba3c9bc69a5867fc0089d10d
2026-07-30,2026-07-30T00:13:27+09:00,26/07/30 00:13時点の避難所状況の一覧です。,2026-07-30T00:13+09:00,web:e4bec01ec52a6b897eab,e4bec01ec52a6b897eab,宇土市,緑川地区グラウンド,---,false,---,,宇土市笹原町1257,検索,,,,,https://portal.bousai.pref.kumamoto.jp/sp.html?p=evacuation%2Fshelter&l=15-0&ll=32.63819999999999%2C130.77610000000004&z=9&municipalityCd=430005,253519ac83f896cb7fffa4b84834aca30b93a57e5d778b2fb25ab9937e06fcd9,"{""ルート検索"": ""検索"", ""住所"": ""宇土市笹原町1257"", ""市町村"": ""宇土市"", ""混雑状況"": ""---"", ""避難所名"": ""緑川地区グラウンド"", ""開設状況"": ""---""}",unmatched,no_candidate,,0,,,,,,,,,,,[],,[],[],reference/43000_1.csv,dd6686fa000c3e720180ba96d02aacff987aec1bba3c9bc69a5867fc0089d10d
2026-07-30,2026-07-30T00:13:27+09:00,26/07/30 00:13時点の避難所状況の一覧です。,2026-07-30T00:13+09:00,web:ba31cc9969364f8c424d,ba31cc9969364f8c424d,宇土市,緑川地区公民館,---,false,---,,宇土市野鶴町294-1,検索,,,,,https://portal.bousai.pref.kumamoto.jp/sp.html?p=evacuation%2Fshelter&l=15-0&ll=32.63819999999999%2C130.77610000000004&z=9&municipalityCd=430005,7c5cecf1ac5caccf061e8f9fc44100990784475507c210ddc11eb1c24244d0f5,"{""ルート検索"": ""検索"", ""住所"": ""宇土市野鶴町294-1"", ""市町村"": ""宇土市"", ""混雑状況"": ""---"", ""避難所名"": ""緑川地区公民館"", ""開設状況"": ""---""}",unmatched,fuzzy_below_threshold,0.863,0,,,,,,,,,,,[],,[],"[{""NO"": ""177"", ""その他市町村長が必要と認める事項"": """", ""住所"": ""熊本県宇土市野鶴町294-1"", ""備考"": """", ""共通ID"": ""E4321100071111"", ""受入対象者"": """", ""指定緊急避難場所との住所同一"": """", ""施設・場所名"": ""緑川公民館"", ""経度"": ""130.63007046223"", ""緯度"": ""32.694112307837""}]",reference/43000_1.csv,dd6686fa000c3e720180ba96d02aacff987aec1bba3c9bc69a5867fc0089d10d
2026-07-30,2026-07-30T00:13:27+09:00,26/07/30 00:13時点の避難所状況の一覧です。,2026-07-30T00:13+09:00,web:f3d90eaf9be8ee315066,f3d90eaf9be8ee315066,宇土市,緑川小学校グラウンド,---,false,---,,宇土市野鶴町246,検索,,,,,https://portal.bousai.pref.kumamoto.jp/sp.html?p=evacuation%2Fshelter&l=15-0&ll=32.63819999999999%2C130.77610000000004&z=9&municipalityCd=430005,f0d1518a18974be2510685f5f5dc2f2b68b5102898eb58a25e3cb8fb5fb6a959,"{""ルート検索"": ""検索"", ""住所"": ""宇土市野鶴町246"", ""市町村"": ""宇土市"", ""混雑状況"": ""---"", ""避難所名"": ""緑川小学校グラウンド"", ""開設状況"": ""---""}",unmatched,no_candidate,,0,,,,,,,,,,,[],,[],[],reference/43000_1.csv,dd6686fa000c3e720180ba96d02aacff987aec1bba3c9bc69a5867fc0089d10d
2026-07-30,2026-07-30T00:13:27+09:00,26/07/30 00:13時点の避難所状況の一覧です。,2026-07-30T00:13+09:00,web:c1db9bdaf14086caf61e,c1db9bdaf14086caf61e,宇土市,花園小学校グラウンド,---,false,---,,宇土市古保里町695,検索,,,,,https://portal.bousai.pref.kumamoto.jp/sp.html?p=evacuation%2Fshelter&l=15-0&ll=32.63819999999999%2C130.77610000000004&z=9&municipalityCd=430005,5ed9f8eba0e0e68d1fe49ca15359ac3fe8912c476363f85e9e4bee915d89231f,"{""ルート検索"": ""検索"", ""住所"": ""宇土市古保里町695"", ""市町村"": ""宇土市"", ""混雑状況"": ""---"", ""避難所名"": ""花園小学校グラウンド"", ""開設状況"": ""---""}",unmatched,no_candidate,,0,,,,,,,,,,,[],,[],[],reference/43000_1.csv,dd6686fa000c3e720180ba96d02aacff987aec1bba3c9bc69a5867fc0089d10d
2026-07-30,2026-07-30T00:13:27+09:00,26/07/30 00:13時点の避難所状況の一覧です。,2026-07-30T00:13+09:00,web:1a4d8bed419e061eca60,1a4d8bed419e061eca60,宇土市,赤瀬駅,---,false,---,,宇土市赤瀬町,検索,,,,,https://portal.bousai.pref.kumamoto.jp/sp.html?p=evacuation%2Fshelter&l=15-0&ll=32.63819999999999%2C130.77610000000004&z=9&municipalityCd=430005,beac55dbf74503bb0ae84667664ab9aa79454f09a5908eb3c31ea388ca740532,"{""ルート検索"": ""検索"", ""住所"": ""宇土市赤瀬町"", ""市町村"": ""宇土市"", ""混雑状況"": ""---"", ""避難所名"": ""赤瀬駅"", ""開設状況"": ""---""}",unmatched,no_candidate,,0,,,,,,,,,,,[],,[],[],reference/43000_1.csv,dd6686fa000c3e720180ba96d02aacff987aec1bba3c9bc69a5867fc0089d10d
2026-07-30,2026-07-30T00:13:27+09:00,26/07/30 00:13時点の避難所状況の一覧です。,2026-07-30T00:13+09:00,web:d44d6a537e0c985af15c,d44d6a537e0c985af15c,宇土市,走潟小学校グラウンド,---,false,---,,宇土市走潟町743,検索,,,,,https://portal.bousai.pref.kumamoto.jp/sp.html?p=evacuation%2Fshelter&l=15-0&ll=32.63819999999999%2C130.77610000000004&z=9&municipalityCd=430005,081405e7f0d692fab610984c18632e1df66d1f4542cf4daf8211e53785550cf8,"{""ルート検索"": ""検索"", ""住所"": ""宇土市走潟町743"", ""市町村"": ""宇土市"", ""混雑状況"": ""---"", ""避難所名"": ""走潟小学校グラウンド"", ""開設状況"": ""---""}",unmatched,no_candidate,,0,,,,,,,,,,,[],,[],[],reference/43000_1.csv,dd6686fa000c3e720180ba96d02aacff987aec1bba3c9bc69a5867fc0089d10d
2026-07-30,2026-07-30T00:13:27+09:00,26/07/30 00:13時点の避難所状況の一覧です。,2026-07-30T00:13+09:00,web:94c32b15895c8b27ddbf,94c32b15895c8b27ddbf,宇土市,走潟小学校屋上,---,false,---,,宇土市走潟町743,検索,,,,,https://portal.bousai.pref.kumamoto.jp/sp.html?p=evacuation%2Fshelter&l=15-0&ll=32.63819999999999%2C130.77610000000004&z=9&municipalityCd=430005,af08fcc9f860feeeb851d0b8246daadc15aa3051142e86bb934b0c223cd31f0e,"{""ルート検索"": ""検索"", ""住所"": ""宇土市走潟町743"", ""市町村"": ""宇土市"", ""混雑状況"": ""---"", ""避難所名"": ""走潟小学校屋上"", ""開設状況"": ""---""}",unmatched,no_candidate,,0,,,,,,,,,,,[],,[],[],reference/43000_1.csv,dd6686fa000c3e720180ba96d02aacff987aec1bba3c9bc69a5867fc0089d10d
2026-07-30,2026-07-30T00:13:27+09:00,26/07/30 00:13時点の避難所状況の一覧です。,2026-07-30T00:13+09:00,web:91cdf6151474bf18ea39,91cdf6151474bf18ea39,宇土市,轟地区グラウンド,---,false,---,,宇土市石橋町10-1,検索,,,,,https://portal.bousai.pref.kumamoto.jp/sp.html?p=evacuation%2Fshelter&l=15-0&ll=32.63819999999999%2C130.77610000000004&z=9&municipalityCd=430005,cd2f886b20008df631124160ed24931fe0f3382d6c57958d249a9e8f4e4fb058,"{""ルート検索"": ""検索"", ""住所"": ""宇土市石橋町10-1"", ""市町村"": ""宇土市"", ""混雑状況"": ""---"", ""避難所名"": ""轟地区グラウンド"", ""開設状況"": ""---""}",unmatched,no_candidate,,0,,,,,,,,,,,[],,[],[],reference/43000_1.csv,dd6686fa000c3e720180ba96d02aacff987aec1bba3c9bc69a5867fc0089d10d
2026-07-30,2026-07-30T00:13:27+09:00,26/07/30 00:13時点の避難所状況の一覧です。,2026-07-30T00:13+09:00,web:e21ca88ab7ccdafa6b1b,e21ca88ab7ccdafa6b1b,宇土市,轟地区公民館,---,false,---,,宇土市石橋町10-2,検索,,,,,https://portal.bousai.pref.kumamoto.jp/sp.html?p=evacuation%2Fshelter&l=15-0&ll=32.63819999999999%2C130.77610000000004&z=9&municipalityCd=430005,24d44dfbaa7da4512f5bfa7fecfaf7295e4e308f0762a072f1ce61ca93eb788e,"{""ルート検索"": ""検索"", ""住所"": ""宇土市石橋町10-2"", ""市町村"": ""宇土市"", ""混雑状況"": ""---"", ""避難所名"": ""轟地区公民館"", ""開設状況"": ""---""}",unmatched,fuzzy_below_threshold,0.836,0,,,,,,,,,,,[],,[],"[{""NO"": ""160"", ""その他市町村長が必要と認める事項"": """", ""住所"": ""熊本県宇土市石橋町10-2"", ""備考"": """", ""共通ID"": ""E4321100048111"", ""受入対象者"": """", ""指定緊急避難場所との住所同一"": """", ""施設・場所名"": ""轟公民館"", ""経度"": ""130.644851"", ""緯度"": ""32.676495""}]",reference/43000_1.csv,dd6686fa000c3e720180ba96d02aacff987aec1bba3c9bc69a5867fc0089d10d
2026-07-30,2026-07-30T00:13:27+09:00,26/07/30 00:13時点の避難所状況の一覧です。,2026-07-30T00:13+09:00,web:914702293f6ce75df8a0,914702293f6ce75df8a0,宇土市,辺田目東避難路,---,false,---,,宇土市下網田町,検索,,,,,https://portal.bousai.pref.kumamoto.jp/sp.html?p=evacuation%2Fshelter&l=15-0&ll=32.63819999999999%2C130.77610000000004&z=9&municipalityCd=430005,7456f64776a2684f5db7699c9fe5ef7187ba605f92642378ae3cd85b61b9f7b9,"{""ルート検索"": ""検索"", ""住所"": ""宇土市下網田町"", ""市町村"": ""宇土市"", ""混雑状況"": ""---"", ""避難所名"": ""辺田目東避難路"", ""開設状況"": ""---""}",unmatched,no_candidate,,0,,,,,,,,,,,[],,[],[],reference/43000_1.csv,dd6686fa000c3e720180ba96d02aacff987aec1bba3c9bc69a5867fc0089d10d
2026-07-30,2026-07-30T00:13:27+09:00,26/07/30 00:13時点の避難所状況の一覧です。,2026-07-30T00:13+09:00,web:8358aa3ef8329a742edd,8358aa3ef8329a742edd,宇土市,辺田避難路から高台へ,---,false,---,,宇土市網津町,検索,,,,,https://portal.bousai.pref.kumamoto.jp/sp.html?p=evacuation%2Fshelter&l=15-0&ll=32.63819999999999%2C130.77610000000004&z=9&municipalityCd=430005,243e8eb8895eb1d6ad9d32ae34ea8e5c41caf0e9cd6cd87a33844d5502d6e110,"{""ルート検索"": ""検索"", ""住所"": ""宇土市網津町"", ""市町村"": ""宇土市"", ""混雑状況"": ""---"", ""避難所名"": ""辺田避難路から高台へ"", ""開設状況"": ""---""}",unmatched,no_candidate,,0,,,,,,,,,,,[],,[],[],reference/43000_1.csv,dd6686fa000c3e720180ba96d02aacff987aec1bba3c9bc69a5867fc0089d10d
2026-07-30,2026-07-30T00:13:27+09:00,26/07/30 00:13時点の避難所状況の一覧です。,2026-07-30T00:13+09:00,web:b89dbd20985c8df5ba1c,b89dbd20985c8df5ba1c,宇土市,配水地,---,false,---,,宇土市上網田町,検索,,,,,https://portal.bousai.pref.kumamoto.jp/sp.html?p=evacuation%2Fshelter&l=15-0&ll=32.63819999999999%2C130.77610000000004&z=9&municipalityCd=430005,2246effe5c44a3d04317f764cf466d2a56433d54bdfb5a6ec257510fd283de02,"{""ルート検索"": ""検索"", ""住所"": ""宇土市上網田町"", ""市町村"": ""宇土市"", ""混雑状況"": ""---"", ""避難所名"": ""配水地"", ""開設状況"": ""---""}",unmatched,no_candidate,,0,,,,,,,,,,,[],,[],[],reference/43000_1.csv,dd6686fa000c3e720180ba96d02aacff987aec1bba3c9bc69a5867fc0089d10d
2026-07-30,2026-07-30T00:13:27+09:00,26/07/30 00:13時点の避難所状況の一覧です。,2026-07-30T00:13+09:00,web:4d73687b2d57bcc067f7,4d73687b2d57bcc067f7,宇土市,長浜東避難路から山へ,---,false,---,,宇土市長浜町,検索,,,,,https://portal.bousai.pref.kumamoto.jp/sp.html?p=evacuation%2Fshelter&l=15-0&ll=32.63819999999999%2C130.77610000000004&z=9&municipalityCd=430005,9c781ad7a1e5d50a4cab5220b17de845daa25f3711c75bdeaf17a830379e71e2,"{""ルート検索"": ""検索"", ""住所"": ""宇土市長浜町"", ""市町村"": ""宇土市"", ""混雑状況"": ""---"", ""避難所名"": ""長浜東避難路から山へ"", ""開設状況"": ""---""}",unmatched,no_candidate,,0,,,,,,,,,,,[],,[],[],reference/43000_1.csv,dd6686fa000c3e720180ba96d02aacff987aec1bba3c9bc69a5867fc0089d10d
2026-07-30,2026-07-30T00:13:27+09:00,26/07/30 00:13時点の避難所状況の一覧です。,2026-07-30T00:13+09:00,web:4ea5ef523e07bd3892f8,4ea5ef523e07bd3892f8,宇土市,長浜西避難路から山へ,---,false,---,,宇土市長浜町,検索,,,,,https://portal.bousai.pref.kumamoto.jp/sp.html?p=evacuation%2Fshelter&l=15-0&ll=32.63819999999999%2C130.77610000000004&z=9&municipalityCd=430005,cf7b2fc99fd3ec4d0812495f0ea7d82474cbc9edb0f4525c63da0a3b0d0235f1,"{""ルート検索"": ""検索"", ""住所"": ""宇土市長浜町"", ""市町村"": ""宇土市"", ""混雑状況"": ""---"", ""避難所名"": ""長浜西避難路から山へ"", ""開設状況"": ""---""}",unmatched,no_candidate,,0,,,,,,,,,,,[],,[],[],reference/43000_1.csv,dd6686fa000c3e720180ba96d02aacff987aec1bba3c9bc69a5867fc0089d10d
2026-07-30,2026-07-30T00:13:27+09:00,26/07/30 00:13時点の避難所状況の一覧です。,2026-07-30T00:13+09:00,web:4b22f123c1b4a8251bbc,4b22f123c1b4a8251bbc,宇土市,鶴城中学校グラウンド,---,false,---,,宇土市新小路町151,検索,,,,,https://portal.bousai.pref.kumamoto.jp/sp.html?p=evacuation%2Fshelter&l=15-0&ll=32.63819999999999%2C130.77610000000004&z=9&municipalityCd=430005,2b582c5e607a1231760af987ebeae7735a3ee6ee43c5916a370a423c5cb8bb05,"{""ルート検索"": ""検索"", ""住所"": ""宇土市新小路町151"", ""市町村"": ""宇土市"", ""混雑状況"": ""---"", ""避難所名"": ""鶴城中学校グラウンド"", ""開設状況"": ""---""}",unmatched,no_candidate,,0,,,,,,,,,,,[],,[],[],reference/43000_1.csv,dd6686fa000c3e720180ba96d02aacff987aec1bba3c9bc69a5867fc0089d10d
2026-07-30,2026-07-30T00:13:27+09:00,26/07/30 00:13時点の避難所状況の一覧です。,2026-07-30T00:13+09:00,web:8985d043d5eaf7cf3cb6,8985d043d5eaf7cf3cb6,宇城市,三角小学校体育館,---,false,---,,宇城市三角町三角浦574ー1,検索,,,,,https://portal.bousai.pref.kumamoto.jp/sp.html?p=evacuation%2Fshelter&l=15-0&ll=32.63819999999999%2C130.77610000000004&z=9&municipalityCd=430005,9b8fd0abe56b6aa37e0e5be232cc6bd8b4c183ffd975a0b10dba3b8fec7a9e35,"{""ルート検索"": ""検索"", ""住所"": ""宇城市三角町三角浦574ー1"", ""市町村"": ""宇城市"", ""混雑状況"": ""---"", ""避難所名"": ""三角小学校体育館"", ""開設状況"": ""---""}",unmatched,fuzzy_below_threshold,0.836,0,,,,,,,,,,,[],,[],"[{""NO"": ""89"", ""その他市町村長が必要と認める事項"": """", ""住所"": ""熊本県宇城市三角町三角浦574-1"", ""備考"": """", ""共通ID"": ""E4321300004111"", ""受入対象者"": """", ""指定緊急避難場所との住所同一"": ""1"", ""施設・場所名"": ""宇城市立三角小学校体育館"", ""経度"": ""130.4681920924"", ""緯度"": ""32.6109572980432""}]",reference/43000_1.csv,dd6686fa000c3e720180ba96d02aacff987aec1bba3c9bc69a5867fc0089d10d
2026-07-30,2026-07-30T00:13:27+09:00,26/07/30 00:13時点の避難所状況の一覧です。,2026-07-30T00:13+09:00,web:17c68345bd03093ab282,17c68345bd03093ab282,宇城市,三角東地区生涯学習センター体育館,---,false,---,,宇城市三角町波多1756,検索,,,,,https://portal.bousai.pref.kumamoto.jp/sp.html?p=evacuation%2Fshelter&l=15-0&ll=32.63819999999999%2C130.77610000000004&z=9&municipalityCd=430005,40756dcafe3bf0e55c76b7665c2f3dd663b5cee8de7e509fc222bdb695744fae,"{""ルート検索"": ""検索"", ""住所"": ""宇城市三角町波多1756"", ""市町村"": ""宇城市"", ""混雑状況"": ""---"", ""避難所名"": ""三角東地区生涯学習センター体育館"", ""開設状況"": ""---""}",unmatched,fuzzy_below_threshold,0.925,0,,,,,,,,,,,[],,[],"[{""NO"": ""91"", ""その他市町村長が必要と認める事項"": """", ""住所"": ""熊本県宇城市三角町波多1756"", ""備考"": """", ""共通ID"": ""E4321300006111"", ""受入対象者"": """", ""指定緊急避難場所との住所同一"": ""1"", ""施設・場所名"": ""宇城市三角東地区生涯学習センター体育館"", ""経度"": ""130.488323393424"", ""緯度"": ""32.6191810345925""}]",reference/43000_1.csv,dd6686fa000c3e720180ba96d02aacff987aec1bba3c9bc69a5867fc0089d10d
2026-07-30,2026-07-30T00:13:27+09:00,26/07/30 00:13時点の避難所状況の一覧です。,2026-07-30T00:13+09:00,web:d86e52a30a796c564a94,d86e52a30a796c564a94,宇城市,三角防災拠点センター,開設,true,平常,,熊本県宇城市三角町波多619−1,検索,,,,,https://portal.bousai.pref.kumamoto.jp/sp.html?p=evacuation%2Fshelter&l=15-0&ll=32.63819999999999%2C130.77610000000004&z=9&municipalityCd=430005,1b1a29759368b4428c4e884c120985ff1bdc01f7db088f86c58981811ce2aadb,"{""ルート検索"": ""検索"", ""住所"": ""熊本県宇城市三角町波多619−1"", ""市町村"": ""宇城市"", ""混雑状況"": ""平常"", ""避難所名"": ""三角防災拠点センター"", ""開設状況"": ""開設""}",unmatched,fuzzy_below_threshold,0.883,0,,,,,,,,,,,[],,[],"[{""NO"": ""92"", ""その他市町村長が必要と認める事項"": """", ""住所"": ""熊本県宇城市三角町波多619-1"", ""備考"": """", ""共通ID"": ""E4321300007121"", ""受入対象者"": ""要配慮者"", ""指定緊急避難場所との住所同一"": ""1"", ""施設・場所名"": ""宇城市三角防災拠点センター"", ""経度"": ""130.478615935428"", ""緯度"": ""32.6131670142103""}]",reference/43000_1.csv,dd6686fa000c3e720180ba96d02aacff987aec1bba3c9bc69a5867fc0089d10d
2026-07-30,2026-07-30T00:13:27+09:00,26/07/30 00:13時点の避難所状況の一覧です。,2026-07-30T00:13+09:00,web:a0e678e71d95452378fd,a0e678e71d95452378fd,宇城市,不知火中学校体育館,---,false,---,,宇城市不知火町長崎45,検索,,,,,https://portal.bousai.pref.kumamoto.jp/sp.html?p=evacuation%2Fshelter&l=15-0&ll=32.63819999999999%2C130.77610000000004&z=9&municipalityCd=430005,8977f9629e40ecbf14950491e4d06c4a8194525bd9ed35c221bc13cb876936e3,"{""ルート検索"": ""検索"", ""住所"": ""宇城市不知火町長崎45"", ""市町村"": ""宇城市"", ""混雑状況"": ""---"", ""避難所名"": ""不知火中学校体育館"", ""開設状況"": ""---""}",unmatched,fuzzy_below_threshold,0.851,0,,,,,,,,,,,[],,[],"[{""NO"": ""126"", ""その他市町村長が必要と認める事項"": """", ""住所"": ""熊本県宇城市不知火町長崎45"", ""備考"": """", ""共通ID"": ""E4321300044111"", ""受入対象者"": """", ""指定緊急避難場所との住所同一"": ""1"", ""施設・場所名"": ""宇城市立不知火中学校体育館"", ""経度"": ""130.656776324877"", ""緯度"": ""32.6467377913213""}, {""NO"": ""118"", ""その他市町村長が必要と認める事項"": """", ""住所"": ""熊本県宇城市不知火町高良1952"", ""備考"": """", ""共通ID"": ""E4321300037111"", ""受入対象者"": """", ""指定緊急避難場所との住所同一"": ""1"", ""施設・場所名"": ""不知火小学校体育館"", ""経度"": ""130.662448265905"", ""緯度"": ""32.6449282132326""}]",reference/43000_1.csv,dd6686fa000c3e720180ba96d02aacff987aec1bba3c9bc69a5867fc0089d10d
2026-07-30,2026-07-30T00:13:27+09:00,26/07/30 00:13時点の避難所状況の一覧です。,2026-07-30T00:13+09:00,web:73eaa7b5e800fbfeede6,73eaa7b5e800fbfeede6,宇城市,不知火体育館,---,false,---,,宇城市不知火町高良2273ー1,検索,,,,,https://portal.bousai.pref.kumamoto.jp/sp.html?p=evacuation%2Fshelter&l=15-0&ll=32.63819999999999%2C130.77610000000004&z=9&municipalityCd=430005,486199aa55e559fa32661999aa96e5889600064b44fd1e620c5d124c12533860,"{""ルート検索"": ""検索"", ""住所"": ""宇城市不知火町高良2273ー1"", ""市町村"": ""宇城市"", ""混雑状況"": ""---"", ""避難所名"": ""不知火体育館"", ""開設状況"": ""---""}",unmatched,fuzzy_below_threshold,0.785,0,,,,,,,,,,,[],,[],"[{""NO"": ""118"", ""その他市町村長が必要と認める事項"": """", ""住所"": ""熊本県宇城市不知火町高良1952"", ""備考"": """", ""共通ID"": ""E4321300037111"", ""受入対象者"": """", ""指定緊急避難場所との住所同一"": ""1"", ""施設・場所名"": ""不知火小学校体育館"", ""経度"": ""130.662448265905"", ""緯度"": ""32.6449282132326""}]",reference/43000_1.csv,dd6686fa000c3e720180ba96d02aacff987aec1bba3c9bc69a5867fc0089d10d
2026-07-30,2026-07-30T00:13:27+09:00,26/07/30 00:13時点の避難所状況の一覧です。,2026-07-30T00:13+09:00,web:43830e16c39970102ba5,43830e16c39970102ba5,宇城市,不知火支所,---,false,---,,宇城市不知火町高良2273ー1,検索,,,,,https://portal.bousai.pref.kumamoto.jp/sp.html?p=evacuation%2Fshelter&l=15-0&ll=32.63819999999999%2C130.77610000000004&z=9&municipalityCd=430005,72fbae4434762d7d837bc1fd5589a73b351d3a479c6e36453a45f44890e3324e,"{""ルート検索"": ""検索"", ""住所"": ""宇城市不知火町高良2273ー1"", ""市町村"": ""宇城市"", ""混雑状況"": ""---"", ""避難所名"": ""不知火支所"", ""開設状況"": ""---""}",unmatched,no_candidate,,0,,,,,,,,,,,[],,[],[],reference/43000_1.csv,dd6686fa000c3e720180ba96d02aacff987aec1bba3c9bc69a5867fc0089d10d
2026-07-30,2026-07-30T00:13:27+09:00,26/07/30 00:13時点の避難所状況の一覧です。,2026-07-30T00:13+09:00,web:c49d287f125a11c54dcd,c49d287f125a11c54dcd,宇城市,不知火防災拠点センター,開設,true,やや混雑,,熊本県宇城市高良2273ー1,検索,,,,,https://portal.bousai.pref.kumamoto.jp/sp.html?p=evacuation%2Fshelter&l=15-0&ll=32.63819999999999%2C130.77610000000004&z=9&municipalityCd=430005,9eb79be16f012e6edb1681a597eafbaf364acbccd0870d606054ecb758676d93,"{""ルート検索"": ""検索"", ""住所"": ""熊本県宇城市高良2273ー1"", ""市町村"": ""宇城市"", ""混雑状況"": ""やや混雑"", ""避難所名"": ""不知火防災拠点センター"", ""開設状況"": ""開設""}",unmatched,fuzzy_below_threshold,0.865,0,,,,,,,,,,,[],,[],"[{""NO"": ""120"", ""その他市町村長が必要と認める事項"": """", ""住所"": ""熊本県宇城市不知火町高良2273-1"", ""備考"": """", ""共通ID"": ""E4321300039121"", ""受入対象者"": ""要配慮者"", ""指定緊急避難場所との住所同一"": ""1"", ""施設・場所名"": ""宇城市不知火防災拠点センター"", ""経度"": ""130.668192"", ""緯度"": ""32.646306""}]",reference/43000_1.csv,dd6686fa000c3e720180ba96d02aacff987aec1bba3c9bc69a5867fc0089d10d
2026-07-30,2026-07-30T00:13:27+09:00,26/07/30 00:13時点の避難所状況の一覧です。,2026-07-30T00:13+09:00,web:fbb5d523fe7c8d2b0fb2,fbb5d523fe7c8d2b0fb2,宇城市,宇城市保健福祉センター,---,false,---,,宇城市松橋町松橋396ー1,検索,,,,,https://portal.bousai.pref.kumamoto.jp/sp.html?p=evacuation%2Fshelter&l=15-0&ll=32.63819999999999%2C130.77610000000004&z=9&municipalityCd=430005,cb019f468fd27bf611dbfe3266c27bdfb6133c9cb456622d4942ed98432c48e6,"{""ルート検索"": ""検索"", ""住所"": ""宇城市松橋町松橋396ー1"", ""市町村"": ""宇城市"", ""混雑状況"": ""---"", ""避難所名"": ""宇城市保健福祉センター"", ""開設状況"": ""---""}",unmatched,no_candidate,,0,,,,,,,,,,,[],,[],[],reference/43000_1.csv,dd6686fa000c3e720180ba96d02aacff987aec1bba3c9bc69a5867fc0089d10d
2026-07-30,2026-07-30T00:13:27+09:00,26/07/30 00:13時点の避難所状況の一覧です。,2026-07-30T00:13+09:00,web:04f90ec7a386ae55c765,04f90ec7a386ae55c765,宇城市,宇城市松橋公民館(旧働く女性の家),---,false,---,,宇城市松橋町松橋564,検索,,,,,https://portal.bousai.pref.kumamoto.jp/sp.html?p=evacuation%2Fshelter&l=15-0&ll=32.63819999999999%2C130.77610000000004&z=9&municipalityCd=430005,7cb4bc12ed09d37bac2ab15b5e04972873275315995e7f7ebacefe4f4be815a1,"{""ルート検索"": ""検索"", ""住所"": ""宇城市松橋町松橋564"", ""市町村"": ""宇城市"", ""混雑状況"": ""---"", ""避難所名"": ""宇城市松橋公民館(旧働く女性の家)"", ""開設状況"": ""---""}",unmatched,no_candidate,,0,,,,,,,,,,,[],,[],[],reference/43000_1.csv,dd6686fa000c3e720180ba96d02aacff987aec1bba3c9bc69a5867fc0089d10d
2026-07-30,2026-07-30T00:13:27+09:00,26/07/30 00:13時点の避難所状況の一覧です。,2026-07-30T00:13+09:00,web:f2bb48ce720aab7859af,f2bb48ce720aab7859af,宇城市,宇城市豊野公民館,---,false,---,,宇城市豊野町糸石2996ー1,検索,,,,,https://portal.bousai.pref.kumamoto.jp/sp.html?p=evacuation%2Fshelter&l=15-0&ll=32.63819999999999%2C130.77610000000004&z=9&municipalityCd=430005,7184a3adc6c2adb4dea1e5eda934a0be244c3604e9ba0b3f0eb58cc94dc57eb3,"{""ルート検索"": ""検索"", ""住所"": ""宇城市豊野町糸石2996ー1"", ""市町村"": ""宇城市"", ""混雑状況"": ""---"", ""避難所名"": ""宇城市豊野公民館"", ""開設状況"": ""---""}",unmatched,no_candidate,,0,,,,,,,,,,,[],,[],[],reference/43000_1.csv,dd6686fa000c3e720180ba96d02aacff987aec1bba3c9bc69a5867fc0089d10d
2026-07-30,2026-07-30T00:13:27+09:00,26/07/30 00:13時点の避難所状況の一覧です。,2026-07-30T00:13+09:00,web:19f5564d5d7694ba6443,19f5564d5d7694ba6443,宇城市,小川中学校体育館,---,false,---,,宇城市小川町南部田287ー2,検索,,,,,https://portal.bousai.pref.kumamoto.jp/sp.html?p=evacuation%2Fshelter&l=15-0&ll=32.63819999999999%2C130.77610000000004&z=9&municipalityCd=430005,0e525ab1481ba21e8c327b0b7416b8e50d68c8a4b1544514944a39ee4991960e,"{""ルート検索"": ""検索"", ""住所"": ""宇城市小川町南部田287ー2"", ""市町村"": ""宇城市"", ""混雑状況"": ""---"", ""避難所名"": ""小川中学校体育館"", ""開設状況"": ""---""}",unmatched,fuzzy_below_threshold,0.836,0,,,,,,,,,,,[],,[],"[{""NO"": ""101"", ""その他市町村長が必要と認める事項"": """", ""住所"": ""熊本県宇城市小川町南部田287-2"", ""備考"": """", ""共通ID"": ""E4321300018111"", ""受入対象者"": """", ""指定緊急避難場所との住所同一"": ""1"", ""施設・場所名"": ""宇城市立小川中学校体育館"", ""経度"": ""130.714835531571"", ""緯度"": ""32.5902022810048""}]",reference/43000_1.csv,dd6686fa000c3e720180ba96d02aacff987aec1bba3c9bc69a5867fc0089d10d
2026-07-30,2026-07-30T00:13:27+09:00,26/07/30 00:13時点の避難所状況の一覧です。,2026-07-30T00:13+09:00,web:c3e4fd81cfb16c24d06b,c3e4fd81cfb16c24d06b,宇城市,小川小学校体育館,---,false,---,,宇城市小川町西北小川1,検索,,,,,https://portal.bousai.pref.kumamoto.jp/sp.html?p=evacuation%2Fshelter&l=15-0&ll=32.63819999999999%2C130.77610000000004&z=9&municipalityCd=430005,b55a88bdbff1414269086eef70b72b343212be39235ce5d39e234d3ed5851d14,"{""ルート検索"": ""検索"", ""住所"": ""宇城市小川町西北小川1"", ""市町村"": ""宇城市"", ""混雑状況"": ""---"", ""避難所名"": ""小川小学校体育館"", ""開設状況"": ""---""}",unmatched,fuzzy_below_threshold,0.836,0,,,,,,,,,,,[],,[],"[{""NO"": ""96"", ""その他市町村長が必要と認める事項"": """", ""住所"": ""熊本県宇城市小川町西北小川1"", ""備考"": """", ""共通ID"": ""E4321300013111"", ""受入対象者"": """", ""指定緊急避難場所との住所同一"": ""1"", ""施設・場所名"": ""宇城市立小川小学校体育館"", ""経度"": ""130.710801595961"", ""緯度"": ""32.5814572440176""}]",reference/43000_1.csv,dd6686fa000c3e720180ba96d02aacff987aec1bba3c9bc69a5867fc0089d10d
2026-07-30,2026-07-30T00:13:27+09:00,26/07/30 00:13時点の避難所状況の一覧です。,2026-07-30T00:13+09:00,web:5c8aee7f9d598d2ba1cb,5c8aee7f9d598d2ba1cb,宇城市,小川防災拠点センター,開設,true,混雑,,熊本県宇城市小川町江頭100番地,検索,,,,,https://portal.bousai.pref.kumamoto.jp/sp.html?p=evacuation%2Fshelter&l=15-0&ll=32.63819999999999%2C130.77610000000004&z=9&municipalityCd=430005,b9fe28e8b5f8422c2b2de9b86565e9aeb61341fa8fb8272b053c09801f25400b,"{""ルート検索"": ""検索"", ""住所"": ""熊本県宇城市小川町江頭100番地"", ""市町村"": ""宇城市"", ""混雑状況"": ""混雑"", ""避難所名"": ""小川防災拠点センター"", ""開設状況"": ""開設""}",unmatched,fuzzy_below_threshold,0.883,0,,,,,,,,,,,[],,[],"[{""NO"": ""93"", ""その他市町村長が必要と認める事項"": """", ""住所"": ""熊本県宇城市小川町江頭100"", ""備考"": """", ""共通ID"": ""E4321300010111"", ""受入対象者"": """", ""指定緊急避難場所との住所同一"": ""1"", ""施設・場所名"": ""宇城市小川防災拠点センター"", ""経度"": ""130.704185991741"", ""緯度"": ""32.5925380992227""}]",reference/43000_1.csv,dd6686fa000c3e720180ba96d02aacff987aec1bba3c9bc69a5867fc0089d10d
2026-07-30,2026-07-30T00:13:27+09:00,26/07/30 00:13時点の避難所状況の一覧です。,2026-07-30T00:13+09:00,web:ba087cedee03e98df6c9,ba087cedee03e98df6c9,宇城市,小野部田小学校体育館,開設,true,平常,,宇城市小川町南小野1402,検索,,,,,https://portal.bousai.pref.kumamoto.jp/sp.html?p=evacuation%2Fshelter&l=15-0&ll=32.63819999999999%2C130.77610000000004&z=9&municipalityCd=430005,0fe676fa9eb9b3d1da9b097c28315a73f5eb5bc92865f4f579f8e1586dd3899b,"{""ルート検索"": ""検索"", ""住所"": ""宇城市小川町南小野1402"", ""市町村"": ""宇城市"", ""混雑状況"": ""平常"", ""避難所名"": ""小野部田小学校体育館"", ""開設状況"": ""開設""}",unmatched,fuzzy_below_threshold,0.863,0,,,,,,,,,,,[],,[],"[{""NO"": ""99"", ""その他市町村長が必要と認める事項"": """", ""住所"": ""熊本県宇城市小川町南小野1402"", ""備考"": """", ""共通ID"": ""E4321300016111"", ""受入対象者"": """", ""指定緊急避難場所との住所同一"": ""1"", ""施設・場所名"": ""宇城市立小野部田小学校体育館"", ""経度"": ""130.718762612847"", ""緯度"": ""32.6072179634021""}]",reference/43000_1.csv,dd6686fa000c3e720180ba96d02aacff987aec1bba3c9bc69a5867fc0089d10d
2026-07-30,2026-07-30T00:13:27+09:00,26/07/30 00:13時点の避難所状況の一覧です。,2026-07-30T00:13+09:00,web:708081dbcec8c47cf7fc,708081dbcec8c47cf7fc,宇城市,岡岳公園,---,false,---,,宇城市松橋町松山3725,検索,,,,,https://portal.bousai.pref.kumamoto.jp/sp.html?p=evacuation%2Fshelter&l=15-0&ll=32.63819999999999%2C130.77610000000004&z=9&municipalityCd=430005,2e26c76d679cf8682586a532b0a24f52901e4e0862b35d325f2502fcfa97404a,"{""ルート検索"": ""検索"", ""住所"": ""宇城市松橋町松山3725"", ""市町村"": ""宇城市"", ""混雑状況"": ""---"", ""避難所名"": ""岡岳公園"", ""開設状況"": ""---""}",unmatched,no_candidate,,0,,,,,,,,,,,[],,[],[],reference/43000_1.csv,dd6686fa000c3e720180ba96d02aacff987aec1bba3c9bc69a5867fc0089d10d
2026-07-30,2026-07-30T00:13:27+09:00,26/07/30 00:13時点の避難所状況の一覧です。,2026-07-30T00:13+09:00,web:e5b989fe6ed2ddd44a85,e5b989fe6ed2ddd44a85,宇城市,御領五区児童公園,---,false,---,,宇城市不知火町御領33,検索,,,,,https://portal.bousai.pref.kumamoto.jp/sp.html?p=evacuation%2Fshelter&l=15-0&ll=32.63819999999999%2C130.77610000000004&z=9&municipalityCd=430005,ee9fa03eead4573d27c29a11b40d8b806b90cbf7977e38ffa0cb5c6245a6bc69,"{""ルート検索"": ""検索"", ""住所"": ""宇城市不知火町御領33"", ""市町村"": ""宇城市"", ""混雑状況"": ""---"", ""避難所名"": ""御領五区児童公園"", ""開設状況"": ""---""}",unmatched,no_candidate,,0,,,,,,,,,,,[],,[],[],reference/43000_1.csv,dd6686fa000c3e720180ba96d02aacff987aec1bba3c9bc69a5867fc0089d10d
2026-07-30,2026-07-30T00:13:27+09:00,26/07/30 00:13時点の避難所状況の一覧です。,2026-07-30T00:13+09:00,web:6341242ec17ba4be0e4f,6341242ec17ba4be0e4f,宇城市,戸馳地区生涯学習センター体育館,---,false,---,,宇城市三角町戸馳5151,検索,,,,,https://portal.bousai.pref.kumamoto.jp/sp.html?p=evacuation%2Fshelter&l=15-0&ll=32.63819999999999%2C130.77610000000004&z=9&municipalityCd=430005,b90d88b04fc4a5d7c644592c0d803bad0367be61b64b5fa72829307f6b65b3b8,"{""ルート検索"": ""検索"", ""住所"": ""宇城市三角町戸馳5151"", ""市町村"": ""宇城市"", ""混雑状況"": ""---"", ""避難所名"": ""戸馳地区生涯学習センター体育館"", ""開設状況"": ""---""}",unmatched,fuzzy_below_threshold,0.921,0,,,,,,,,,,,[],,[],"[{""NO"": ""88"", ""その他市町村長が必要と認める事項"": """", ""住所"": ""熊本県宇城市三角町戸馳5151"", ""備考"": """", ""共通ID"": ""E4321300003111"", ""受入対象者"": """", ""指定緊急避難場所との住所同一"": ""1"", ""施設・場所名"": ""宇城市戸馳地区生涯学習センター体育館"", ""経度"": ""130.49209368373"", ""緯度"": ""32.5988549903297""}]",reference/43000_1.csv,dd6686fa000c3e720180ba96d02aacff987aec1bba3c9bc69a5867fc0089d10d
2026-07-30,2026-07-30T00:13:27+09:00,26/07/30 00:13時点の避難所状況の一覧です。,2026-07-30T00:13+09:00,web:27815b862b83abd56ff4,27815b862b83abd56ff4,宇城市,松合体育館,---,false,---,,宇城市不知火町松合168ー1,検索,,,,,https://portal.bousai.pref.kumamoto.jp/sp.html?p=evacuation%2Fshelter&l=15-0&ll=32.63819999999999%2C130.77610000000004&z=9&municipalityCd=430005,eb658ca3367f909059575ea4d973bae0c920731bc3351d98a6228c5586d2c6e2,"{""ルート検索"": ""検索"", ""住所"": ""宇城市不知火町松合168ー1"", ""市町村"": ""宇城市"", ""混雑状況"": ""---"", ""避難所名"": ""松合体育館"", ""開設状況"": ""---""}",unmatched,no_candidate,,0,,,,,,,,,,,[],,[],[],reference/43000_1.csv,dd6686fa000c3e720180ba96d02aacff987aec1bba3c9bc69a5867fc0089d10d
2026-07-30,2026-07-30T00:13:27+09:00,26/07/30 00:13時点の避難所状況の一覧です。,2026-07-30T00:13+09:00,web:40904442f5561d212d8a,40904442f5561d212d8a,宇城市,松合小学校体育館,---,false,---,,熊本県宇城市不知火町松合1578,検索,,,,,https://portal.bousai.pref.kumamoto.jp/sp.html?p=evacuation%2Fshelter&l=15-0&ll=32.63819999999999%2C130.77610000000004&z=9&municipalityCd=430005,b6ff6d4e1613f075b7cb0caad081144df272b9d2a236b0c5e14c5e4b12362eba,"{""ルート検索"": ""検索"", ""住所"": ""熊本県宇城市不知火町松合1578"", ""市町村"": ""宇城市"", ""混雑状況"": ""---"", ""避難所名"": ""松合小学校体育館"", ""開設状況"": ""---""}",unmatched,fuzzy_below_threshold,0.836,0,,,,,,,,,,,[],,[],"[{""NO"": ""123"", ""その他市町村長が必要と認める事項"": """", ""住所"": ""熊本県宇城市不知火町松合1578"", ""備考"": """", ""共通ID"": ""E4321300041111"", ""受入対象者"": """", ""指定緊急避難場所との住所同一"": ""1"", ""施設・場所名"": ""宇城市立松合小学校体育館"", ""経度"": ""130.60450273916"", ""緯度"": ""32.633744187261""}]",reference/43000_1.csv,dd6686fa000c3e720180ba96d02aacff987aec1bba3c9bc69a5867fc0089d10d
2026-07-30,2026-07-30T00:13:27+09:00,26/07/30 00:13時点の避難所状況の一覧です。,2026-07-30T00:13+09:00,web:eb77d1184af8b5ea8ba1,eb77d1184af8b5ea8ba1,宇城市,松合小学校体育館,---,false,---,,宇城市不知火町松合1578,検索,,,,,https://portal.bousai.pref.kumamoto.jp/sp.html?p=evacuation%2Fshelter&l=15-0&ll=32.63819999999999%2C130.77610000000004&z=9&municipalityCd=430005,32649cc488cc25f998c54d7648c0497b0ca76300d98aeeaeb8c17341bd5110e5,"{""ルート検索"": ""検索"", ""住所"": ""宇城市不知火町松合1578"", ""市町村"": ""宇城市"", ""混雑状況"": ""---"", ""避難所名"": ""松合小学校体育館"", ""開設状況"": ""---""}",unmatched,fuzzy_below_threshold,0.836,0,,,,,,,,,,,[],,[],"[{""NO"": ""123"", ""その他市町村長が必要と認める事項"": """", ""住所"": ""熊本県宇城市不知火町松合1578"", ""備考"": """", ""共通ID"": ""E4321300041111"", ""受入対象者"": """", ""指定緊急避難場所との住所同一"": ""1"", ""施設・場所名"": ""宇城市立松合小学校体育館"", ""経度"": ""130.60450273916"", ""緯度"": ""32.633744187261""}]",reference/43000_1.csv,dd6686fa000c3e720180ba96d02aacff987aec1bba3c9bc69a5867fc0089d10d
2026-07-30,2026-07-30T00:13:27+09:00,26/07/30 00:13時点の避難所状況の一覧です。,2026-07-30T00:13+09:00,web:111ee5e8e19e91165dd2,111ee5e8e19e91165dd2,宇城市,松橋中学校体育館,---,false,---,,宇城市松橋町松橋522ー1,検索,,,,,https://portal.bousai.pref.kumamoto.jp/sp.html?p=evacuation%2Fshelter&l=15-0&ll=32.63819999999999%2C130.77610000000004&z=9&municipalityCd=430005,532467585b7abb8edc47a5a5c15900ee97502ae09a718d18fb80e594bf41165b,"{""ルート検索"": ""検索"", ""住所"": ""宇城市松橋町松橋522ー1"", ""市町村"": ""宇城市"", ""混雑状況"": ""---"", ""避難所名"": ""松橋中学校体育館"", ""開設状況"": ""---""}",unmatched,fuzzy_below_threshold,0.836,0,,,,,,,,,,,[],,[],"[{""NO"": ""107"", ""その他市町村長が必要と認める事項"": """", ""住所"": ""熊本県宇城市松橋町松橋522-1"", ""備考"": """", ""共通ID"": ""E4321300026111"", ""受入対象者"": """", ""指定緊急避難場所との住所同一"": ""1"", ""施設・場所名"": ""宇城市立松橋中学校体育館"", ""経度"": ""130.681744567655"", ""緯度"": ""32.6504737979814""}]",reference/43000_1.csv,dd6686fa000c3e720180ba96d02aacff987aec1bba3c9bc69a5867fc0089d10d
2026-07-30,2026-07-30T00:13:27+09:00,26/07/30 00:13時点の避難所状況の一覧です。,2026-07-30T00:13+09:00,web:57bd9eab6442bcd87cb5,57bd9eab6442bcd87cb5,宇城市,松橋小学校体育館,---,false,---,,宇城市松橋町松橋1666,検索,,,,,https://portal.bousai.pref.kumamoto.jp/sp.html?p=evacuation%2Fshelter&l=15-0&ll=32.63819999999999%2C130.77610000000004&z=9&municipalityCd=430005,85b513260b6fd987c6a295b917a30df4c95d2421ee123a74e1af7cbbd0d23d10,"{""ルート検索"": ""検索"", ""住所"": ""宇城市松橋町松橋1666"", ""市町村"": ""宇城市"", ""混雑状況"": ""---"", ""避難所名"": ""松橋小学校体育館"", ""開設状況"": ""---""}",unmatched,fuzzy_below_threshold,0.836,0,,,,,,,,,,,[],,[],"[{""NO"": ""105"", ""その他市町村長が必要と認める事項"": """", ""住所"": ""熊本県宇城市松橋町松橋1666"", ""備考"": """", ""共通ID"": ""E4321300022111"", ""受入対象者"": """", ""指定緊急避難場所との住所同一"": ""1"", ""施設・場所名"": ""宇城市立松橋小学校体育館"", ""経度"": ""130.68596018065"", ""緯度"": ""32.6568996602834""}]",reference/43000_1.csv,dd6686fa000c3e720180ba96d02aacff987aec1bba3c9bc69a5867fc0089d10d
2026-07-30,2026-07-30T00:13:27+09:00,26/07/30 00:13時点の避難所状況の一覧です。,2026-07-30T00:13+09:00,web:87a410b68cfb404f6035,87a410b68cfb404f6035,宇城市,松橋東防災拠点センター,開設,true,混雑,,熊本県宇城市豊福1786番地,検索,,,,,https://portal.bousai.pref.kumamoto.jp/sp.html?p=evacuation%2Fshelter&l=15-0&ll=32.63819999999999%2C130.77610000000004&z=9&municipalityCd=430005,0922c06a1a96c69dd2f8333f8dfe6d4ad2ba9b10c647e7eb030f21f1ac8d530d,"{""ルート検索"": ""検索"", ""住所"": ""熊本県宇城市豊福1786番地"", ""市町村"": ""宇城市"", ""混雑状況"": ""混雑"", ""避難所名"": ""松橋東防災拠点センター"", ""開設状況"": ""開設""}",unmatched,fuzzy_below_threshold,0.867,0,,,,,,,,,,,[],,[],"[{""NO"": ""116"", ""その他市町村長が必要と認める事項"": """", ""住所"": ""熊本県宇城市松橋町豊福1786"", ""備考"": """", ""共通ID"": ""E4321300035121"", ""受入対象者"": ""要配慮者"", ""指定緊急避難場所との住所同一"": ""1"", ""施設・場所名"": ""宇城市松橋東防災拠点センター"", ""経度"": ""130.702563105949"", ""緯度"": ""32.6429174540355""}]",reference/43000_1.csv,dd6686fa000c3e720180ba96d02aacff987aec1bba3c9bc69a5867fc0089d10d
2026-07-30,2026-07-30T00:13:27+09:00,26/07/30 00:13時点の避難所状況の一覧です。,2026-07-30T00:13+09:00,web:38cdaae343f39d2a3d4e,38cdaae343f39d2a3d4e,宇城市,松橋西防災拠点センター,開設,true,やや混雑,,熊本県宇城市松橋町松橋564番地,検索,,,,,https://portal.bousai.pref.kumamoto.jp/sp.html?p=evacuation%2Fshelter&l=15-0&ll=32.63819999999999%2C130.77610000000004&z=9&municipalityCd=430005,32686a198aedf1dee0999585064471513d63b135c2d3c02a70d5e303dcc93416,"{""ルート検索"": ""検索"", ""住所"": ""熊本県宇城市松橋町松橋564番地"", ""市町村"": ""宇城市"", ""混雑状況"": ""やや混雑"", ""避難所名"": ""松橋西防災拠点センター"", ""開設状況"": ""開設""}",unmatched,fuzzy_below_threshold,0.878,0,,,,,,,,,,,[],,[],"[{""NO"": ""109"", ""その他市町村長が必要と認める事項"": """", ""住所"": ""熊本県宇城市松橋町松橋564-2"", ""備考"": """", ""共通ID"": ""E4321300028121"", ""受入対象者"": ""要配慮者"", ""指定緊急避難場所との住所同一"": ""1"", ""施設・場所名"": ""宇城市松橋西防災拠点センター"", ""経度"": ""130.678948359643"", ""緯度"": ""32.6514957274895""}]",reference/43000_1.csv,dd6686fa000c3e720180ba96d02aacff987aec1bba3c9bc69a5867fc0089d10d
2026-07-30,2026-07-30T00:13:27+09:00,26/07/30 00:13時点の避難所状況の一覧です。,2026-07-30T00:13+09:00,web:14fdbab2d2629e874175,14fdbab2d2629e874175,宇城市,河江地区コミュニティセンター,---,false,---,,宇城市小川町南新田476,検索,,,,,https://portal.bousai.pref.kumamoto.jp/sp.html?p=evacuation%2Fshelter&l=15-0&ll=32.63819999999999%2C130.77610000000004&z=9&municipalityCd=430005,456fbda7d79969451f938c9b4a1dd470618f89a6e0ad8fb0d7f4d7593806867e,"{""ルート検索"": ""検索"", ""住所"": ""宇城市小川町南新田476"", ""市町村"": ""宇城市"", ""混雑状況"": ""---"", ""避難所名"": ""河江地区コミュニティセンター"", ""開設状況"": ""---""}",unmatched,fuzzy_below_threshold,0.891,0,,,,,,,,,,,[],,[],"[{""NO"": ""100"", ""その他市町村長が必要と認める事項"": """", ""住所"": ""熊本県宇城市小川町南新田476"", ""備考"": """", ""共通ID"": ""E4321300017111"", ""受入対象者"": """", ""指定緊急避難場所との住所同一"": ""1"", ""施設・場所名"": ""宇城市立河江地区コミュニティセンター"", ""経度"": ""130.6937355"", ""緯度"": ""32.59871699""}]",reference/43000_1.csv,dd6686fa000c3e720180ba96d02aacff987aec1bba3c9bc69a5867fc0089d10d
2026-07-30,2026-07-30T00:13:27+09:00,26/07/30 00:13時点の避難所状況の一覧です。,2026-07-30T00:13+09:00,web:2adc9023b6b30e3594b2,2adc9023b6b30e3594b2,宇城市,河江小学校体育館,---,false,---,,宇城市小川町新田1675ー1,検索,,,,,https://portal.bousai.pref.kumamoto.jp/sp.html?p=evacuation%2Fshelter&l=15-0&ll=32.63819999999999%2C130.77610000000004&z=9&municipalityCd=430005,6ec56d4ed5d16e93bc960b3d12dbe24c0614cd93f9bfba520fbcd36644a4e2fa,"{""ルート検索"": ""検索"", ""住所"": ""宇城市小川町新田1675ー1"", ""市町村"": ""宇城市"", ""混雑状況"": ""---"", ""避難所名"": ""河江小学校体育館"", ""開設状況"": ""---""}",unmatched,fuzzy_below_threshold,0.836,0,,,,,,,,,,,[],,[],"[{""NO"": ""95"", ""その他市町村長が必要と認める事項"": """", ""住所"": ""熊本県宇城市小川町新田1675-1"", ""備考"": """", ""共通ID"": ""E4321300012111"", ""受入対象者"": """", ""指定緊急避難場所との住所同一"": ""1"", ""施設・場所名"": ""宇城市立河江小学校体育館"", ""経度"": ""130.689715421156"", ""緯度"": ""32.599299082465""}]",reference/43000_1.csv,dd6686fa000c3e720180ba96d02aacff987aec1bba3c9bc69a5867fc0089d10d
2026-07-30,2026-07-30T00:13:27+09:00,26/07/30 00:13時点の避難所状況の一覧です。,2026-07-30T00:13+09:00,web:8b1655abbaebeb4e3fd2,8b1655abbaebeb4e3fd2,宇城市,海東小学校体育館,---,false,---,,宇城市小川町南海東2050,検索,,,,,https://portal.bousai.pref.kumamoto.jp/sp.html?p=evacuation%2Fshelter&l=15-0&ll=32.63819999999999%2C130.77610000000004&z=9&municipalityCd=430005,f8b3eb71020befe8a2dc97960b21f6d6c0df034a8aaa527ef47a8cbbad2df03c,"{""ルート検索"": ""検索"", ""住所"": ""宇城市小川町南海東2050"", ""市町村"": ""宇城市"", ""混雑状況"": ""---"", ""避難所名"": ""海東小学校体育館"", ""開設状況"": ""---""}",unmatched,fuzzy_below_threshold,0.836,0,,,,,,,,,,,[],,[],"[{""NO"": ""98"", ""その他市町村長が必要と認める事項"": """", ""住所"": ""熊本県宇城市小川町南海東2050"", ""備考"": """", ""共通ID"": ""E4321300015111"", ""受入対象者"": """", ""指定緊急避難場所との住所同一"": ""1"", ""施設・場所名"": ""宇城市立海東小学校体育館"", ""経度"": ""130.74478400516"", ""緯度"": ""32.5834389151813""}]",reference/43000_1.csv,dd6686fa000c3e720180ba96d02aacff987aec1bba3c9bc69a5867fc0089d10d
2026-07-30,2026-07-30T00:13:27+09:00,26/07/30 00:13時点の避難所状況の一覧です。,2026-07-30T00:13+09:00,web:6c1b54b526ed1ade8474,6c1b54b526ed1ade8474,宇城市,豊川小学校体育館,---,false,---,,宇城市松橋町南豊崎582,検索,,,,,https://portal.bousai.pref.kumamoto.jp/sp.html?p=evacuation%2Fshelter&l=15-0&ll=32.63819999999999%2C130.77610000000004&z=9&municipalityCd=430005,01d0e5a9c2accf35313572ca6e58f2957360088721ca414297e1df5fed8cce3f,"{""ルート検索"": ""検索"", ""住所"": ""宇城市松橋町南豊崎582"", ""市町村"": ""宇城市"", ""混雑状況"": ""---"", ""避難所名"": ""豊川小学校体育館"", ""開設状況"": ""---""}",unmatched,fuzzy_below_threshold,0.836,0,,,,,,,,,,,[],,[],"[{""NO"": ""112"", ""その他市町村長が必要と認める事項"": """", ""住所"": ""熊本県宇城市松橋町南豊崎582"", ""備考"": """", ""共通ID"": ""E4321300033111"", ""受入対象者"": """", ""指定緊急避難場所との住所同一"": ""1"", ""施設・場所名"": ""宇城市立豊川小学校体育館"", ""経度"": ""130.679586655861"", ""緯度"": ""32.6248622708748""}]",reference/43000_1.csv,dd6686fa000c3e720180ba96d02aacff987aec1bba3c9bc69a5867fc0089d10d
2026-07-30,2026-07-30T00:13:27+09:00,26/07/30 00:13時点の避難所状況の一覧です。,2026-07-30T00:13+09:00,web:7c82fa1590eb0307c61d,7c82fa1590eb0307c61d,宇城市,豊福小学校体育館,---,false,---,,宇城市松橋町豊福1604,検索,,,,,https://portal.bousai.pref.kumamoto.jp/sp.html?p=evacuation%2Fshelter&l=15-0&ll=32.63819999999999%2C130.77610000000004&z=9&municipalityCd=430005,10bd4e2eb331ce598aca5dc44e02595e9f76bfc34a7653dc182cee3dc0a0e57d,"{""ルート検索"": ""検索"", ""住所"": ""宇城市松橋町豊福1604"", ""市町村"": ""宇城市"", ""混雑状況"": ""---"", ""避難所名"": ""豊福小学校体育館"", ""開設状況"": ""---""}",unmatched,fuzzy_below_threshold,0.836,0,,,,,,,,,,,[],,[],"[{""NO"": ""113"", ""その他市町村長が必要と認める事項"": """", ""住所"": ""熊本県宇城市松橋町豊福1604"", ""備考"": """", ""共通ID"": ""E4321300034111"", ""受入対象者"": """", ""指定緊急避難場所との住所同一"": ""1"", ""施設・場所名"": ""宇城市立豊福小学校体育館"", ""経度"": ""130.700735048647"", ""緯度"": ""32.6344819772043""}]",reference/43000_1.csv,dd6686fa000c3e720180ba96d02aacff987aec1bba3c9bc69a5867fc0089d10d
2026-07-30,2026-07-30T00:13:27+09:00,26/07/30 00:13時点の避難所状況の一覧です。,2026-07-30T00:13+09:00,web:b03e5a6277cfff3ad9b9,b03e5a6277cfff3ad9b9,宇城市,豊野小・中学校体育館,---,false,---,,宇城市豊野町糸石3536,検索,,,,,https://portal.bousai.pref.kumamoto.jp/sp.html?p=evacuation%2Fshelter&l=15-0&ll=32.63819999999999%2C130.77610000000004&z=9&municipalityCd=430005,93d8c1bd1528d97255b2836cc5c6797b1f279ad87d8ccb848a9196ba918497ec,"{""ルート検索"": ""検索"", ""住所"": ""宇城市豊野町糸石3536"", ""市町村"": ""宇城市"", ""混雑状況"": ""---"", ""避難所名"": ""豊野小・中学校体育館"", ""開設状況"": ""---""}",unmatched,fuzzy_below_threshold,0.851,0,,,,,,,,,,,[],,[],"[{""NO"": ""129"", ""その他市町村長が必要と認める事項"": """", ""住所"": ""熊本県宇城市豊野町糸石3536"", ""備考"": """", ""共通ID"": ""E4321300048111"", ""受入対象者"": """", ""指定緊急避難場所との住所同一"": ""1"", ""施設・場所名"": ""宇城市立豊野小・中学校体育館"", ""経度"": ""130.74956849476"", ""緯度"": ""32.6369667453818""}]",reference/43000_1.csv,dd6686fa000c3e720180ba96d02aacff987aec1bba3c9bc69a5867fc0089d10d
2026-07-30,2026-07-30T00:13:27+09:00,26/07/30 00:13時点の避難所状況の一覧です。,2026-07-30T00:13+09:00,web:e7d62f3c5f0cd7e0cfc2,e7d62f3c5f0cd7e0cfc2,宇城市,豊野町コミュニティセンター,---,false,---,,宇城市豊野町巣林309ー1,検索,,,,,https://portal.bousai.pref.kumamoto.jp/sp.html?p=evacuation%2Fshelter&l=15-0&ll=32.63819999999999%2C130.77610000000004&z=9&municipalityCd=430005,b20994b0a408016e07075a67e3bb78deadb4aac2d6e447363297bc4e473c2e51,"{""ルート検索"": ""検索"", ""住所"": ""宇城市豊野町巣林309ー1"", ""市町村"": ""宇城市"", ""混雑状況"": ""---"", ""避難所名"": ""豊野町コミュニティセンター"", ""開設状況"": ""---""}",unmatched,fuzzy_below_threshold,0.909,0,,,,,,,,,,,[],,[],"[{""NO"": ""130"", ""その他市町村長が必要と認める事項"": """", ""住所"": ""熊本県宇城市豊野町巣林309-1"", ""備考"": """", ""共通ID"": ""E4321300049111"", ""受入対象者"": """", ""指定緊急避難場所との住所同一"": ""1"", ""施設・場所名"": ""宇城市豊野町コミュニティセンター"", ""経度"": ""130.7687133"", ""緯度"": ""32.64405179""}]",reference/43000_1.csv,dd6686fa000c3e720180ba96d02aacff987aec1bba3c9bc69a5867fc0089d10d
2026-07-30,2026-07-30T00:13:27+09:00,26/07/30 00:13時点の避難所状況の一覧です。,2026-07-30T00:13+09:00,web:2432a4669e6369817c34,2432a4669e6369817c34,宇城市,豊野防災拠点センター,---,false,---,,熊本県宇城市糸石3140番地3,検索,,,,,https://portal.bousai.pref.kumamoto.jp/sp.html?p=evacuation%2Fshelter&l=15-0&ll=32.63819999999999%2C130.77610000000004&z=9&municipalityCd=430005,5169911988f7165996c16ed7b08b9be23ce61a17548fb1a37ab19d413418b83c,"{""ルート検索"": ""検索"", ""住所"": ""熊本県宇城市糸石3140番地3"", ""市町村"": ""宇城市"", ""混雑状況"": ""---"", ""避難所名"": ""豊野防災拠点センター"", ""開設状況"": ""---""}",unmatched,fuzzy_below_threshold,0.853,0,,,,,,,,,,,[],,[],"[{""NO"": ""128"", ""その他市町村長が必要と認める事項"": """", ""住所"": ""熊本県宇城市豊野町糸石3140-3"", ""備考"": """", ""共通ID"": ""E4321300046121"", ""受入対象者"": ""要配慮者"", ""指定緊急避難場所との住所同一"": ""1"", ""施設・場所名"": ""宇城市豊野防災拠点センター"", ""経度"": ""130.750995437858"", ""緯度"": ""32.6358303264775""}]",reference/43000_1.csv,dd6686fa000c3e720180ba96d02aacff987aec1bba3c9bc69a5867fc0089d10d
2026-07-30,2026-07-30T00:13:27+09:00,26/07/30 00:13時点の避難所状況の一覧です。,2026-07-30T00:13+09:00,web:6b70a4b557e0f3fe9175,6b70a4b557e0f3fe9175,宇城市,農村環境改善センター,---,false,---,,宇城市三角町戸馳2861,検索,,,,,https://portal.bousai.pref.kumamoto.jp/sp.html?p=evacuation%2Fshelter&l=15-0&ll=32.63819999999999%2C130.77610000000004&z=9&municipalityCd=430005,65cb5070897957ee6a85b22a18f3ddce2c9cd450336eee192624e04133c98829,"{""ルート検索"": ""検索"", ""住所"": ""宇城市三角町戸馳2861"", ""市町村"": ""宇城市"", ""混雑状況"": ""---"", ""避難所名"": ""農村環境改善センター"", ""開設状況"": ""---""}",unmatched,exact_name_municipality_conflict,,0,,,,,,,,,,,[],,[],"[{""NO"": ""41"", ""その他市町村長が必要と認める事項"": """", ""住所"": ""熊本県阿蘇市内牧976-2"", ""備考"": """", ""共通ID"": ""E4321400038111"", ""受入対象者"": """", ""指定緊急避難場所との住所同一"": ""1"", ""施設・場所名"": ""農村環境改善センター"", ""経度"": ""131.0427"", ""緯度"": ""32.970303""}]",reference/43000_1.csv,dd6686fa000c3e720180ba96d02aacff987aec1bba3c9bc69a5867fc0089d10d
2026-07-30,2026-07-30T00:13:27+09:00,26/07/30 00:13時点の避難所状況の一覧です。,2026-07-30T00:13+09:00,web:eb1e74dfec36bd910fca,eb1e74dfec36bd910fca,宇城市,農業就業改善センター(松合出張所),---,false,---,,宇城市不知火町松合168ー1,検索,,,,,https://portal.bousai.pref.kumamoto.jp/sp.html?p=evacuation%2Fshelter&l=15-0&ll=32.63819999999999%2C130.77610000000004&z=9&municipalityCd=430005,23c47d34a4b3ab45e990034c5cbc790b1cfd40a768ce1de4ec6017376be86e4c,"{""ルート検索"": ""検索"", ""住所"": ""宇城市不知火町松合168ー1"", ""市町村"": ""宇城市"", ""混雑状況"": ""---"", ""避難所名"": ""農業就業改善センター(松合出張所)"", ""開設状況"": ""---""}",unmatched,no_candidate,,0,,,,,,,,,,,[],,[],[],reference/43000_1.csv,dd6686fa000c3e720180ba96d02aacff987aec1bba3c9bc69a5867fc0089d10d
2026-07-30,2026-07-30T00:13:27+09:00,26/07/30 00:13時点の避難所状況の一覧です。,2026-07-30T00:13+09:00,web:93815646da934df10adb,93815646da934df10adb,宇城市,農業者トレーニングセンター,---,false,---,,宇城市豊野町糸石3029,検索,,,,,https://portal.bousai.pref.kumamoto.jp/sp.html?p=evacuation%2Fshelter&l=15-0&ll=32.63819999999999%2C130.77610000000004&z=9&municipalityCd=430005,b6e4749b32efbe7b75eb4927105c8c16df7ef9d77069d0f931e0a744f23126b4,"{""ルート検索"": ""検索"", ""住所"": ""宇城市豊野町糸石3029"", ""市町村"": ""宇城市"", ""混雑状況"": ""---"", ""避難所名"": ""農業者トレーニングセンター"", ""開設状況"": ""---""}",unmatched,fuzzy_below_threshold,0.902,0,,,,,,,,,,,[],,[],"[{""NO"": ""127"", ""その他市町村長が必要と認める事項"": """", ""住所"": ""熊本県宇城市豊野町糸石3029"", ""備考"": """", ""共通ID"": ""E4321300045111"", ""受入対象者"": """", ""指定緊急避難場所との住所同一"": ""1"", ""施設・場所名"": ""宇城市農業者トレーニングセンター"", ""経度"": ""130.7536628"", ""緯度"": ""32.63493408""}]",reference/43000_1.csv,dd6686fa000c3e720180ba96d02aacff987aec1bba3c9bc69a5867fc0089d10d
2026-07-30,2026-07-30T00:13:27+09:00,26/07/30 00:13時点の避難所状況の一覧です。,2026-07-30T00:13+09:00,web:9761a9102669cfe6ae1e,9761a9102669cfe6ae1e,宇城市,郡浦地区市民館,---,false,---,,宇城市三角町中村1165,検索,,,,,https://portal.bousai.pref.kumamoto.jp/sp.html?p=evacuation%2Fshelter&l=15-0&ll=32.63819999999999%2C130.77610000000004&z=9&municipalityCd=430005,f38ebc8175c6fb247026a31176f8c236bc404f57f909a7731e279e22a58dc878,"{""ルート検索"": ""検索"", ""住所"": ""宇城市三角町中村1165"", ""市町村"": ""宇城市"", ""混雑状況"": ""---"", ""避難所名"": ""郡浦地区市民館"", ""開設状況"": ""---""}",unmatched,fuzzy_below_threshold,0.855,0,,,,,,,,,,,[],,[],"[{""NO"": ""90"", ""その他市町村長が必要と認める事項"": """", ""住所"": ""熊本県宇城市三角町中村1165"", ""備考"": """", ""共通ID"": ""E4321300005111"", ""受入対象者"": """", ""指定緊急避難場所との住所同一"": ""1"", ""施設・場所名"": ""宇城市郡浦地区市民館"", ""経度"": ""130.5207601"", ""緯度"": ""32.6255795""}]",reference/43000_1.csv,dd6686fa000c3e720180ba96d02aacff987aec1bba3c9bc69a5867fc0089d10d
2026-07-30,2026-07-30T00:13:27+09:00,26/07/30 00:13時点の避難所状況の一覧です。,2026-07-30T00:13+09:00,web:c6277a6fc609193d6cb1,c6277a6fc609193d6cb1,宇城市,青海小学校体育館,---,false,---,,宇城市三角町郡浦88,検索,,,,,https://portal.bousai.pref.kumamoto.jp/sp.html?p=evacuation%2Fshelter&l=15-0&ll=32.63819999999999%2C130.77610000000004&z=9&municipalityCd=430005,e87b86c5a1ff43cd54e484877d22aa119e1d7cd51584b20ee66a10fc012ed739,"{""ルート検索"": ""検索"", ""住所"": ""宇城市三角町郡浦88"", ""市町村"": ""宇城市"", ""混雑状況"": ""---"", ""避難所名"": ""青海小学校体育館"", ""開設状況"": ""---""}",unmatched,fuzzy_below_threshold,0.836,0,,,,,,,,,,,[],,[],"[{""NO"": ""86"", ""その他市町村長が必要と認める事項"": """", ""住所"": ""熊本県宇城市三角町郡浦88"", ""備考"": """", ""共通ID"": ""E4321300001111"", ""受入対象者"": """", ""指定緊急避難場所との住所同一"": ""1"", ""施設・場所名"": ""宇城市立青海小学校体育館"", ""経度"": ""130.529011538301"", ""緯度"": ""32.6235740397574""}]",reference/43000_1.csv,dd6686fa000c3e720180ba96d02aacff987aec1bba3c9bc69a5867fc0089d10d
2026-07-30,2026-07-30T00:13:27+09:00,26/07/30 00:13時点の避難所状況の一覧です。,2026-07-30T00:13+09:00,web:103196f64621c06dc250,103196f64621c06dc250,宇城市,龍燈公園,---,false,---,,宇城市不知火町高良696,検索,,,,,https://portal.bousai.pref.kumamoto.jp/sp.html?p=evacuation%2Fshelter&l=15-0&ll=32.63819999999999%2C130.77610000000004&z=9&municipalityCd=430005,6e5fe92f279ec063999d9571ef29bcc6660f3b724693aaf0edd5ed896d28990d,"{""ルート検索"": ""検索"", ""住所"": ""宇城市不知火町高良696"", ""市町村"": ""宇城市"", ""混雑状況"": ""---"", ""避難所名"": ""龍燈公園"", ""開設状況"": ""---""}",unmatched,no_candidate,,0,,,,,,,,,,,[],,[],[],reference/43000_1.csv,dd6686fa000c3e720180ba96d02aacff987aec1bba3c9bc69a5867fc0089d10d
2026-07-30,2026-07-30T00:13:27+09:00,26/07/30 00:13時点の避難所状況の一覧です。,2026-07-30T00:13+09:00,web:2fcf4f8ec719da32a5e5,2fcf4f8ec719da32a5e5,小国町,けやき広場,---,false,---,,小国町大字宮原1754-14,検索,,,,,https://portal.bousai.pref.kumamoto.jp/sp.html?p=evacuation%2Fshelter&l=15-0&ll=32.63819999999999%2C130.77610000000004&z=9&municipalityCd=430005,fe89cc69834207914ee0b705e7f12ae519e55068144f423bc6b67fad741c0e64,"{""ルート検索"": ""検索"", ""住所"": ""小国町大字宮原1754-14"", ""市町村"": ""小国町"", ""混雑状況"": ""---"", ""避難所名"": ""けやき広場"", ""開設状況"": ""---""}",unmatched,no_candidate,,0,,,,,,,,,,,[],,[],[],reference/43000_1.csv,dd6686fa000c3e720180ba96d02aacff987aec1bba3c9bc69a5867fc0089d10d
2026-07-30,2026-07-30T00:13:27+09:00,26/07/30 00:13時点の避難所状況の一覧です。,2026-07-30T00:13+09:00,web:bb541c5be6640c2fdbdd,bb541c5be6640c2fdbdd,小国町,サポートセンター悠愛,---,false,---,,小国町大字宮原2635-2,検索,,,,,https://portal.bousai.pref.kumamoto.jp/sp.html?p=evacuation%2Fshelter&l=15-0&ll=32.63819999999999%2C130.77610000000004&z=9&municipalityCd=430005,2fd3cadf2e46d77d1fcc2a65620c53d7363c5972dfd1b4606422e6dc1e74dd26,"{""ルート検索"": ""検索"", ""住所"": ""小国町大字宮原2635-2"", ""市町村"": ""小国町"", ""混雑状況"": ""---"", ""避難所名"": ""サポートセンター悠愛"", ""開設状況"": ""---""}",unmatched,no_candidate,,0,,,,,,,,,,,[],,[],[],reference/43000_1.csv,dd6686fa000c3e720180ba96d02aacff987aec1bba3c9bc69a5867fc0089d10d
2026-07-30,2026-07-30T00:13:27+09:00,26/07/30 00:13時点の避難所状況の一覧です。,2026-07-30T00:13+09:00,web:36e1f0c5df350049cc4c,36e1f0c5df350049cc4c,小国町,ホテル大自然,---,false,---,,小国町大字下城4223,検索,,,,,https://portal.bousai.pref.kumamoto.jp/sp.html?p=evacuation%2Fshelter&l=15-0&ll=32.63819999999999%2C130.77610000000004&z=9&municipalityCd=430005,7e7ffe818032134765f684b0eafac964de341b78b4fff770aec7216e426cb61f,"{""ルート検索"": ""検索"", ""住所"": ""小国町大字下城4223"", ""市町村"": ""小国町"", ""混雑状況"": ""---"", ""避難所名"": ""ホテル大自然"", ""開設状況"": ""---""}",unmatched,no_candidate,,0,,,,,,,,,,,[],,[],[],reference/43000_1.csv,dd6686fa000c3e720180ba96d02aacff987aec1bba3c9bc69a5867fc0089d10d
2026-07-30,2026-07-30T00:13:27+09:00,26/07/30 00:13時点の避難所状況の一覧です。,2026-07-30T00:13+09:00,web:2bbaefd6b5649e87a0d4,2bbaefd6b5649e87a0d4,小国町,ライスセンター(旧家畜市場),---,false,---,,小国町大字宮原1080-2,検索,,,,,https://portal.bousai.pref.kumamoto.jp/sp.html?p=evacuation%2Fshelter&l=15-0&ll=32.63819999999999%2C130.77610000000004&z=9&municipalityCd=430005,c07b2750f53995e6c707a4c4e79d0df9a96e7a760a56181b47fe2d5c70acbe7e,"{""ルート検索"": ""検索"", ""住所"": ""小国町大字宮原1080-2"", ""市町村"": ""小国町"", ""混雑状況"": ""---"", ""避難所名"": ""ライスセンター(旧家畜市場)"", ""開設状況"": ""---""}",unmatched,no_candidate,,0,,,,,,,,,,,[],,[],[],reference/43000_1.csv,dd6686fa000c3e720180ba96d02aacff987aec1bba3c9bc69a5867fc0089d10d
2026-07-30,2026-07-30T00:13:27+09:00,26/07/30 00:13時点の避難所状況の一覧です。,2026-07-30T00:13+09:00,web:d15ccb85d1a2508cf1f1,d15ccb85d1a2508cf1f1,小国町,七日市公民館,---,false,---,,小国町大字北里字七日市,検索,,,,,https://portal.bousai.pref.kumamoto.jp/sp.html?p=evacuation%2Fshelter&l=15-0&ll=32.63819999999999%2C130.77610000000004&z=9&municipalityCd=430005,788e67ca762614ba4931b343b232cf258150f11aa4118dee233a7b6e94a14304,"{""ルート検索"": ""検索"", ""住所"": ""小国町大字北里字七日市"", ""市町村"": ""小国町"", ""混雑状況"": ""---"", ""避難所名"": ""七日市公民館"", ""開設状況"": ""---""}",unmatched,no_candidate,,0,,,,,,,,,,,[],,[],[],reference/43000_1.csv,dd6686fa000c3e720180ba96d02aacff987aec1bba3c9bc69a5867fc0089d10d
2026-07-30,2026-07-30T00:13:27+09:00,26/07/30 00:13時点の避難所状況の一覧です。,2026-07-30T00:13+09:00,web:5d133ee132c4c65e4dd9,5d133ee132c4c65e4dd9,小国町,中尾集会場,---,false,---,,小国町大字西里2817,検索,,,,,https://portal.bousai.pref.kumamoto.jp/sp.html?p=evacuation%2Fshelter&l=15-0&ll=32.63819999999999%2C130.77610000000004&z=9&municipalityCd=430005,d8f0a6dcc79bab7be2712ff21250fee44b813a0555153a41fe971d4e8e124320,"{""ルート検索"": ""検索"", ""住所"": ""小国町大字西里2817"", ""市町村"": ""小国町"", ""混雑状況"": ""---"", ""避難所名"": ""中尾集会場"", ""開設状況"": ""---""}",unmatched,no_candidate,,0,,,,,,,,,,,[],,[],[],reference/43000_1.csv,dd6686fa000c3e720180ba96d02aacff987aec1bba3c9bc69a5867fc0089d10d
2026-07-30,2026-07-30T00:13:27+09:00,26/07/30 00:13時点の避難所状況の一覧です。,2026-07-30T00:13+09:00,web:550039e272b8de66c152,550039e272b8de66c152,小国町,九州産交小国営業所駐車場,---,false,---,,小国町大字宮原906-4,検索,,,,,https://portal.bousai.pref.kumamoto.jp/sp.html?p=evacuation%2Fshelter&l=15-0&ll=32.63819999999999%2C130.77610000000004&z=9&municipalityCd=430005,562b9d3bb8e836d9b471a57e9c8c61a18897a8edb7a1e5ff4952e373f2d0293e,"{""ルート検索"": ""検索"", ""住所"": ""小国町大字宮原906-4"", ""市町村"": ""小国町"", ""混雑状況"": ""---"", ""避難所名"": ""九州産交小国営業所駐車場"", ""開設状況"": ""---""}",unmatched,no_candidate,,0,,,,,,,,,,,[],,[],[],reference/43000_1.csv,dd6686fa000c3e720180ba96d02aacff987aec1bba3c9bc69a5867fc0089d10d
2026-07-30,2026-07-30T00:13:27+09:00,26/07/30 00:13時点の避難所状況の一覧です。,2026-07-30T00:13+09:00,web:8217d8bdeacb0ffb2c36,8217d8bdeacb0ffb2c36,小国町,倉本公民館,---,false,---,,小国町大字西里字倉本,検索,,,,,https://portal.bousai.pref.kumamoto.jp/sp.html?p=evacuation%2Fshelter&l=15-0&ll=32.63819999999999%2C130.77610000000004&z=9&municipalityCd=430005,b557b54ef59f3ff975dc4da72698c970a49ab24c8394a707e325bfc9687823dc,"{""ルート検索"": ""検索"", ""住所"": ""小国町大字西里字倉本"", ""市町村"": ""小国町"", ""混雑状況"": ""---"", ""避難所名"": ""倉本公民館"", ""開設状況"": ""---""}",unmatched,no_candidate,,0,,,,,,,,,,,[],,[],[],reference/43000_1.csv,dd6686fa000c3e720180ba96d02aacff987aec1bba3c9bc69a5867fc0089d10d
2026-07-30,2026-07-30T00:13:27+09:00,26/07/30 00:13時点の避難所状況の一覧です。,2026-07-30T00:13+09:00,web:c1a0e28680517f696c5e,c1a0e28680517f696c5e,小国町,児童公園,---,false,---,,小国町大字下城字田原,検索,,,,,https://portal.bousai.pref.kumamoto.jp/sp.html?p=evacuation%2Fshelter&l=15-0&ll=32.63819999999999%2C130.77610000000004&z=9&municipalityCd=430005,a55dd3ccea167ab3444d51fa5f64d49ec1f6979f1a0f5b2bcededd6821af08fd,"{""ルート検索"": ""検索"", ""住所"": ""小国町大字下城字田原"", ""市町村"": ""小国町"", ""混雑状況"": ""---"", ""避難所名"": ""児童公園"", ""開設状況"": ""---""}",unmatched,no_candidate,,0,,,,,,,,,,,[],,[],[],reference/43000_1.csv,dd6686fa000c3e720180ba96d02aacff987aec1bba3c9bc69a5867fc0089d10d
2026-07-30,2026-07-30T00:13:27+09:00,26/07/30 00:13時点の避難所状況の一覧です。,2026-07-30T00:13+09:00,web:aa87bf5b830b7fc9f369,aa87bf5b830b7fc9f369,小国町,切原土場,---,false,---,,小国町大字宮原字切原,検索,,,,,https://portal.bousai.pref.kumamoto.jp/sp.html?p=evacuation%2Fshelter&l=15-0&ll=32.63819999999999%2C130.77610000000004&z=9&municipalityCd=430005,d57a8a7beed33432887af5849e9a936ab150d2ef9e42d39cc5c7d142ebeb0782,"{""ルート検索"": ""検索"", ""住所"": ""小国町大字宮原字切原"", ""市町村"": ""小国町"", ""混雑状況"": ""---"", ""避難所名"": ""切原土場"", ""開設状況"": ""---""}",unmatched,no_candidate,,0,,,,,,,,,,,[],,[],[],reference/43000_1.csv,dd6686fa000c3e720180ba96d02aacff987aec1bba3c9bc69a5867fc0089d10d
2026-07-30,2026-07-30T00:13:27+09:00,26/07/30 00:13時点の避難所状況の一覧です。,2026-07-30T00:13+09:00,web:fe5d6d3bb4bc81b65e1a,fe5d6d3bb4bc81b65e1a,小国町,原山商店,---,false,---,,小国町大字下城字坂下70-2,検索,,,,,https://portal.bousai.pref.kumamoto.jp/sp.html?p=evacuation%2Fshelter&l=15-0&ll=32.63819999999999%2C130.77610000000004&z=9&municipalityCd=430005,2be565c68de49880633069d139bec624efb794a00134cc1ff52439ce55143a0e,"{""ルート検索"": ""検索"", ""住所"": ""小国町大字下城字坂下70-2"", ""市町村"": ""小国町"", ""混雑状況"": ""---"", ""避難所名"": ""原山商店"", ""開設状況"": ""---""}",unmatched,no_candidate,,0,,,,,,,,,,,[],,[],[],reference/43000_1.csv,dd6686fa000c3e720180ba96d02aacff987aec1bba3c9bc69a5867fc0089d10d
2026-07-30,2026-07-30T00:13:27+09:00,26/07/30 00:13時点の避難所状況の一覧です。,2026-07-30T00:13+09:00,web:bceb42d22031e8d02c6a,bceb42d22031e8d02c6a,小国町,国道387緑地帯,---,false,---,,小国町大字宮原字下広瀬,検索,,,,,https://portal.bousai.pref.kumamoto.jp/sp.html?p=evacuation%2Fshelter&l=15-0&ll=32.63819999999999%2C130.77610000000004&z=9&municipalityCd=430005,6e98aed14bf5caffc52bc8b8526c8729fd7162b8dddf46a83cf8918abe880611,"{""ルート検索"": ""検索"", ""住所"": ""小国町大字宮原字下広瀬"", ""市町村"": ""小国町"", ""混雑状況"": ""---"", ""避難所名"": ""国道387緑地帯"", ""開設状況"": ""---""}",unmatched,no_candidate,,0,,,,,,,,,,,[],,[],[],reference/43000_1.csv,dd6686fa000c3e720180ba96d02aacff987aec1bba3c9bc69a5867fc0089d10d
2026-07-30,2026-07-30T00:13:27+09:00,26/07/30 00:13時点の避難所状況の一覧です。,2026-07-30T00:13+09:00,web:0d7265e7b233b77b7fac,0d7265e7b233b77b7fac,小国町,土田公民館,---,false,---,,小国町大字宮原1198,検索,,,,,https://portal.bousai.pref.kumamoto.jp/sp.html?p=evacuation%2Fshelter&l=15-0&ll=32.63819999999999%2C130.77610000000004&z=9&municipalityCd=430005,3fda2410c949f3c5cd30b9bad552938ee35804b05d118b3acdefd4fd839a12d7,"{""ルート検索"": ""検索"", ""住所"": ""小国町大字宮原1198"", ""市町村"": ""小国町"", ""混雑状況"": ""---"", ""避難所名"": ""土田公民館"", ""開設状況"": ""---""}",unmatched,no_candidate,,0,,,,,,,,,,,[],,[],[],reference/43000_1.csv,dd6686fa000c3e720180ba96d02aacff987aec1bba3c9bc69a5867fc0089d10d
2026-07-30,2026-07-30T00:13:27+09:00,26/07/30 00:13時点の避難所状況の一覧です。,2026-07-30T00:13+09:00,web:8ef5a406ecb6dfd19217,8ef5a406ecb6dfd19217,小国町,坂下公民館,---,false,---,,小国町大字下城字坂下,検索,,,,,https://portal.bousai.pref.kumamoto.jp/sp.html?p=evacuation%2Fshelter&l=15-0&ll=32.63819999999999%2C130.77610000000004&z=9&municipalityCd=430005,ea988b8e41c768092aa5bbdacfcaffe756d79892c873b7a4393f820d2aed4ef5,"{""ルート検索"": ""検索"", ""住所"": ""小国町大字下城字坂下"", ""市町村"": ""小国町"", ""混雑状況"": ""---"", ""避難所名"": ""坂下公民館"", ""開設状況"": ""---""}",unmatched,no_candidate,,0,,,,,,,,,,,[],,[],[],reference/43000_1.csv,dd6686fa000c3e720180ba96d02aacff987aec1bba3c9bc69a5867fc0089d10d
2026-07-30,2026-07-30T00:13:27+09:00,26/07/30 00:13時点の避難所状況の一覧です。,2026-07-30T00:13+09:00,web:7a4adb5d89880d61c3c6,7a4adb5d89880d61c3c6,小国町,多目的広場消防会館,---,false,---,,小国町大字下城字湯鶴,検索,,,,,https://portal.bousai.pref.kumamoto.jp/sp.html?p=evacuation%2Fshelter&l=15-0&ll=32.63819999999999%2C130.77610000000004&z=9&municipalityCd=430005,f2995fa12212dfc689eef89c1322e28c1fcde87516d34d345579c64c5e530029,"{""ルート検索"": ""検索"", ""住所"": ""小国町大字下城字湯鶴"", ""市町村"": ""小国町"", ""混雑状況"": ""---"", ""避難所名"": ""多目的広場消防会館"", ""開設状況"": ""---""}",unmatched,no_candidate,,0,,,,,,,,,,,[],,[],[],reference/43000_1.csv,dd6686fa000c3e720180ba96d02aacff987aec1bba3c9bc69a5867fc0089d10d
2026-07-30,2026-07-30T00:13:27+09:00,26/07/30 00:13時点の避難所状況の一覧です。,2026-07-30T00:13+09:00,web:d9be1c2165524f204435,d9be1c2165524f204435,小国町,宮原7部集会場,---,false,---,,小国町大字宮原2236,検索,,,,,https://portal.bousai.pref.kumamoto.jp/sp.html?p=evacuation%2Fshelter&l=15-0&ll=32.63819999999999%2C130.77610000000004&z=9&municipalityCd=430005,9a6d6c790a7dfc82b41a2682e6c5f59c6fd2475ba7552061e3604e8372435604,"{""ルート検索"": ""検索"", ""住所"": ""小国町大字宮原2236"", ""市町村"": ""小国町"", ""混雑状況"": ""---"", ""避難所名"": ""宮原7部集会場"", ""開設状況"": ""---""}",unmatched,no_candidate,,0,,,,,,,,,,,[],,[],[],reference/43000_1.csv,dd6686fa000c3e720180ba96d02aacff987aec1bba3c9bc69a5867fc0089d10d
2026-07-30,2026-07-30T00:13:27+09:00,26/07/30 00:13時点の避難所状況の一覧です。,2026-07-30T00:13+09:00,web:10d70c55df27c57d21b3,10d70c55df27c57d21b3,小国町,小国両神社御仮屋,---,false,---,,小国町大字宮原1732,検索,,,,,https://portal.bousai.pref.kumamoto.jp/sp.html?p=evacuation%2Fshelter&l=15-0&ll=32.63819999999999%2C130.77610000000004&z=9&municipalityCd=430005,89b76fd2af5ce31041ad90898bf6a47b34d070de96b2f00e394c9d6727af8aaa,"{""ルート検索"": ""検索"", ""住所"": ""小国町大字宮原1732"", ""市町村"": ""小国町"", ""混雑状況"": ""---"", ""避難所名"": ""小国両神社御仮屋"", ""開設状況"": ""---""}",unmatched,no_candidate,,0,,,,,,,,,,,[],,[],[],reference/43000_1.csv,dd6686fa000c3e720180ba96d02aacff987aec1bba3c9bc69a5867fc0089d10d
2026-07-30,2026-07-30T00:13:27+09:00,26/07/30 00:13時点の避難所状況の一覧です。,2026-07-30T00:13+09:00,web:c7e45f1ced721cbf20e1,c7e45f1ced721cbf20e1,小国町,小国中学校,---,false,---,,小国町大字宮原200-1,検索,,,,,https://portal.bousai.pref.kumamoto.jp/sp.html?p=evacuation%2Fshelter&l=15-0&ll=32.63819999999999%2C130.77610000000004&z=9&municipalityCd=430005,897756cb1813e7aacf0779f435fd8b44364abdd794500a10ec87ef747707c164,"{""ルート検索"": ""検索"", ""住所"": ""小国町大字宮原200-1"", ""市町村"": ""小国町"", ""混雑状況"": ""---"", ""避難所名"": ""小国中学校"", ""開設状況"": ""---""}",unmatched,no_candidate,,0,,,,,,,,,,,[],,[],[],reference/43000_1.csv,dd6686fa000c3e720180ba96d02aacff987aec1bba3c9bc69a5867fc0089d10d
2026-07-30,2026-07-30T00:13:27+09:00,26/07/30 00:13時点の避難所状況の一覧です。,2026-07-30T00:13+09:00,web:2d320c81aea3fb186da3,2d320c81aea3fb186da3,小国町,小国小学校,---,false,---,,小国町大字宮原172-1,検索,,,,,https://portal.bousai.pref.kumamoto.jp/sp.html?p=evacuation%2Fshelter&l=15-0&ll=32.63819999999999%2C130.77610000000004&z=9&municipalityCd=430005,0bd0b4bd1c95e4dde607ac77d0d752f5535cbf566c06c8d8924d47fb880cf999,"{""ルート検索"": ""検索"", ""住所"": ""小国町大字宮原172-1"", ""市町村"": ""小国町"", ""混雑状況"": ""---"", ""避難所名"": ""小国小学校"", ""開設状況"": ""---""}",unmatched,no_candidate,,0,,,,,,,,,,,[],,[],[],reference/43000_1.csv,dd6686fa000c3e720180ba96d02aacff987aec1bba3c9bc69a5867fc0089d10d
2026-07-30,2026-07-30T00:13:27+09:00,26/07/30 00:13時点の避難所状況の一覧です。,2026-07-30T00:13+09:00,web:fb70d4edc19af3369c6e,fb70d4edc19af3369c6e,小国町,小国町役場駐車場,---,false,---,,小国町大字宮原1567-1,検索,,,,,https://portal.bousai.pref.kumamoto.jp/sp.html?p=evacuation%2Fshelter&l=15-0&ll=32.63819999999999%2C130.77610000000004&z=9&municipalityCd=430005,0083ac0c12df6a10a59121e4abf728131f5bcdd18bb17d3969ec04e17b760cac,"{""ルート検索"": ""検索"", ""住所"": ""小国町大字宮原1567-1"", ""市町村"": ""小国町"", ""混雑状況"": ""---"", ""避難所名"": ""小国町役場駐車場"", ""開設状況"": ""---""}",unmatched,no_candidate,,0,,,,,,,,,,,[],,[],[],reference/43000_1.csv,dd6686fa000c3e720180ba96d02aacff987aec1bba3c9bc69a5867fc0089d10d
2026-07-30,2026-07-30T00:13:27+09:00,26/07/30 00:13時点の避難所状況の一覧です。,2026-07-30T00:13+09:00,web:3edd65ba9c24ca4ff254,3edd65ba9c24ca4ff254,小国町,小国町社会福祉協議会 悠ゆう館,---,false,---,,小国町大字宮原1530-2,検索,,,,,https://portal.bousai.pref.kumamoto.jp/sp.html?p=evacuation%2Fshelter&l=15-0&ll=32.63819999999999%2C130.77610000000004&z=9&municipalityCd=430005,582797fa0d5fd85910378b54db9b0e657ba270f25219bb25586653ae910cc985,"{""ルート検索"": ""検索"", ""住所"": ""小国町大字宮原1530-2"", ""市町村"": ""小国町"", ""混雑状況"": ""---"", ""避難所名"": ""小国町社会福祉協議会 悠ゆう館"", ""開設状況"": ""---""}",unmatched,no_candidate,,0,,,,,,,,,,,[],,[],[],reference/43000_1.csv,dd6686fa000c3e720180ba96d02aacff987aec1bba3c9bc69a5867fc0089d10d
2026-07-30,2026-07-30T00:13:27+09:00,26/07/30 00:13時点の避難所状況の一覧です。,2026-07-30T00:13+09:00,web:f2c286365cb6ca0d7a81,f2c286365cb6ca0d7a81,小国町,小国貨物前,---,false,---,,小国町大字宮原1042-2,検索,,,,,https://portal.bousai.pref.kumamoto.jp/sp.html?p=evacuation%2Fshelter&l=15-0&ll=32.63819999999999%2C130.77610000000004&z=9&municipalityCd=430005,85623fbdb020ce0a23d522424db266d9faf981accf62073b99896acd3ddb5079,"{""ルート検索"": ""検索"", ""住所"": ""小国町大字宮原1042-2"", ""市町村"": ""小国町"", ""混雑状況"": ""---"", ""避難所名"": ""小国貨物前"", ""開設状況"": ""---""}",unmatched,no_candidate,,0,,,,,,,,,,,[],,[],[],reference/43000_1.csv,dd6686fa000c3e720180ba96d02aacff987aec1bba3c9bc69a5867fc0089d10d
2026-07-30,2026-07-30T00:13:27+09:00,26/07/30 00:13時点の避難所状況の一覧です。,2026-07-30T00:13+09:00,web:9ba70a8e6acf868ab344,9ba70a8e6acf868ab344,小国町,小田一馬宅,---,false,---,,小国町大字宮原1898-14,検索,,,,,https://portal.bousai.pref.kumamoto.jp/sp.html?p=evacuation%2Fshelter&l=15-0&ll=32.63819999999999%2C130.77610000000004&z=9&municipalityCd=430005,67bddafe554e3e2317ac048c54b714a99aff1b7e511e47f316238779ed68e997,"{""ルート検索"": ""検索"", ""住所"": ""小国町大字宮原1898-14"", ""市町村"": ""小国町"", ""混雑状況"": ""---"", ""避難所名"": ""小田一馬宅"", ""開設状況"": ""---""}",unmatched,no_candidate,,0,,,,,,,,,,,[],,[],[],reference/43000_1.csv,dd6686fa000c3e720180ba96d02aacff987aec1bba3c9bc69a5867fc0089d10d
2026-07-30,2026-07-30T00:13:27+09:00,26/07/30 00:13時点の避難所状況の一覧です。,2026-07-30T00:13+09:00,web:3187fa4abaf81b75e10f,3187fa4abaf81b75e10f,小国町,尻江田公民館,---,false,---,,小国町大字北里尻江田,検索,,,,,https://portal.bousai.pref.kumamoto.jp/sp.html?p=evacuation%2Fshelter&l=15-0&ll=32.63819999999999%2C130.77610000000004&z=9&municipalityCd=430005,df5eb04fb94395515206becb5eba943a7dc20f04497407826ae39f8fb135ba65,"{""ルート検索"": ""検索"", ""住所"": ""小国町大字北里尻江田"", ""市町村"": ""小国町"", ""混雑状況"": ""---"", ""避難所名"": ""尻江田公民館"", ""開設状況"": ""---""}",unmatched,no_candidate,,0,,,,,,,,,,,[],,[],[],reference/43000_1.csv,dd6686fa000c3e720180ba96d02aacff987aec1bba3c9bc69a5867fc0089d10d
2026-07-30,2026-07-30T00:13:27+09:00,26/07/30 00:13時点の避難所状況の一覧です。,2026-07-30T00:13+09:00,web:20669c68b347764c8eca,20669c68b347764c8eca,小国町,岩下スクールバス停,---,false,---,,小国町大字宮原3811,検索,,,,,https://portal.bousai.pref.kumamoto.jp/sp.html?p=evacuation%2Fshelter&l=15-0&ll=32.63819999999999%2C130.77610000000004&z=9&municipalityCd=430005,038c63b42dd3808541c09f10f4d4ecf730dc96031105ec1fe8e28de2aa0ee41c,"{""ルート検索"": ""検索"", ""住所"": ""小国町大字宮原3811"", ""市町村"": ""小国町"", ""混雑状況"": ""---"", ""避難所名"": ""岩下スクールバス停"", ""開設状況"": ""---""}",unmatched,no_candidate,,0,,,,,,,,,,,[],,[],[],reference/43000_1.csv,dd6686fa000c3e720180ba96d02aacff987aec1bba3c9bc69a5867fc0089d10d
2026-07-30,2026-07-30T00:13:27+09:00,26/07/30 00:13時点の避難所状況の一覧です。,2026-07-30T00:13+09:00,web:6988d1afcdb582ef10b3,6988d1afcdb582ef10b3,小国町,岳之湯ゆけむりの館,---,false,---,,小国町大字西里2816,検索,,,,,https://portal.bousai.pref.kumamoto.jp/sp.html?p=evacuation%2Fshelter&l=15-0&ll=32.63819999999999%2C130.77610000000004&z=9&municipalityCd=430005,8d64beb379f437677be2d84bf2401f1e3475a949bde49bd3f09fbcbd2b11b50d,"{""ルート検索"": ""検索"", ""住所"": ""小国町大字西里2816"", ""市町村"": ""小国町"", ""混雑状況"": ""---"", ""避難所名"": ""岳之湯ゆけむりの館"", ""開設状況"": ""---""}",unmatched,no_candidate,,0,,,,,,,,,,,[],,[],[],reference/43000_1.csv,dd6686fa000c3e720180ba96d02aacff987aec1bba3c9bc69a5867fc0089d10d
2026-07-30,2026-07-30T00:13:27+09:00,26/07/30 00:13時点の避難所状況の一覧です。,2026-07-30T00:13+09:00,web:b6726af053d722595baf,b6726af053d722595baf,小国町,市井野駐車場,---,false,---,,小国町大字下城字市井野,検索,,,,,https://portal.bousai.pref.kumamoto.jp/sp.html?p=evacuation%2Fshelter&l=15-0&ll=32.63819999999999%2C130.77610000000004&z=9&municipalityCd=430005,e3211e276ac667cb537c86b11e0e136b6269b3e6618f1496140961aad291d704,"{""ルート検索"": ""検索"", ""住所"": ""小国町大字下城字市井野"", ""市町村"": ""小国町"", ""混雑状況"": ""---"", ""避難所名"": ""市井野駐車場"", ""開設状況"": ""---""}",unmatched,no_candidate,,0,,,,,,,,,,,[],,[],[],reference/43000_1.csv,dd6686fa000c3e720180ba96d02aacff987aec1bba3c9bc69a5867fc0089d10d
2026-07-30,2026-07-30T00:13:27+09:00,26/07/30 00:13時点の避難所状況の一覧です。,2026-07-30T00:13+09:00,web:90eb38115f5847078665,90eb38115f5847078665,小国町,弓田集会場,---,false,---,,小国町大字下城字弓田,検索,,,,,https://portal.bousai.pref.kumamoto.jp/sp.html?p=evacuation%2Fshelter&l=15-0&ll=32.63819999999999%2C130.77610000000004&z=9&municipalityCd=430005,a7af24d019945e1cb4add0bb4abe466ce521b3dfa8fd2352a877984c0e57452e,"{""ルート検索"": ""検索"", ""住所"": ""小国町大字下城字弓田"", ""市町村"": ""小国町"", ""混雑状況"": ""---"", ""避難所名"": ""弓田集会場"", ""開設状況"": ""---""}",unmatched,no_candidate,,0,,,,,,,,,,,[],,[],[],reference/43000_1.csv,dd6686fa000c3e720180ba96d02aacff987aec1bba3c9bc69a5867fc0089d10d
2026-07-30,2026-07-30T00:13:27+09:00,26/07/30 00:13時点の避難所状況の一覧です。,2026-07-30T00:13+09:00,web:173dbcc5646f7439f28c,173dbcc5646f7439f28c,小国町,旧蓬莱小学校,---,false,---,,小国町大字黒渕2545,検索,,,,,https://portal.bousai.pref.kumamoto.jp/sp.html?p=evacuation%2Fshelter&l=15-0&ll=32.63819999999999%2C130.77610000000004&z=9&municipalityCd=430005,4cdca9a6f8ea9034a5acba7932b6514f2295bf440d254f3e3392834d8f60cc6c,"{""ルート検索"": ""検索"", ""住所"": ""小国町大字黒渕2545"", ""市町村"": ""小国町"", ""混雑状況"": ""---"", ""避難所名"": ""旧蓬莱小学校"", ""開設状況"": ""---""}",unmatched,fuzzy_below_threshold,0.782,0,,,,,,,,,,,[],,[],"[{""NO"": ""826"", ""その他市町村長が必要と認める事項"": """", ""住所"": ""熊本県小国町大字黒渕2499-1"", ""備考"": """", ""共通ID"": ""E4342400043111"", ""受入対象者"": """", ""指定緊急避難場所との住所同一"": ""1"", ""施設・場所名"": ""旧蓬莱小学校体育館"", ""経度"": ""131.03665432954"", ""緯度"": ""33.129728950133""}]",reference/43000_1.csv,dd6686fa000c3e720180ba96d02aacff987aec1bba3c9bc69a5867fc0089d10d
2026-07-30,2026-07-30T00:13:27+09:00,26/07/30 00:13時点の避難所状況の一覧です。,2026-07-30T00:13+09:00,web:a328cfc377c80b8430cb,a328cfc377c80b8430cb,小国町,時松建具駐車場,---,false,---,,小国町大字宮原字松原,検索,,,,,https://portal.bousai.pref.kumamoto.jp/sp.html?p=evacuation%2Fshelter&l=15-0&ll=32.63819999999999%2C130.77610000000004&z=9&municipalityCd=430005,84476881a06a095337f01314ebd0757a0509895e7e9dc511a657155670c120b5,"{""ルート検索"": ""検索"", ""住所"": ""小国町大字宮原字松原"", ""市町村"": ""小国町"", ""混雑状況"": ""---"", ""避難所名"": ""時松建具駐車場"", ""開設状況"": ""---""}",unmatched,no_candidate,,0,,,,,,,,,,,[],,[],[],reference/43000_1.csv,dd6686fa000c3e720180ba96d02aacff987aec1bba3c9bc69a5867fc0089d10d
2026-07-30,2026-07-30T00:13:27+09:00,26/07/30 00:13時点の避難所状況の一覧です。,2026-07-30T00:13+09:00,web:af4d82c3b77ab1197ba5,af4d82c3b77ab1197ba5,小国町,木魂館グラウンド,---,false,---,,小国町大字北里371-1,検索,,,,,https://portal.bousai.pref.kumamoto.jp/sp.html?p=evacuation%2Fshelter&l=15-0&ll=32.63819999999999%2C130.77610000000004&z=9&municipalityCd=430005,437182d8b077300864784721d6865aed2c22e5d6943e920c238f36da2a3ad5f4,"{""ルート検索"": ""検索"", ""住所"": ""小国町大字北里371-1"", ""市町村"": ""小国町"", ""混雑状況"": ""---"", ""避難所名"": ""木魂館グラウンド"", ""開設状況"": ""---""}",unmatched,no_candidate,,0,,,,,,,,,,,[],,[],[],reference/43000_1.csv,dd6686fa000c3e720180ba96d02aacff987aec1bba3c9bc69a5867fc0089d10d
2026-07-30,2026-07-30T00:13:27+09:00,26/07/30 00:13時点の避難所状況の一覧です。,2026-07-30T00:13+09:00,web:4ed4d537335739042679,4ed4d537335739042679,小国町,杖立薬師堂,---,false,---,,小国町大字下城字杖立,検索,,,,,https://portal.bousai.pref.kumamoto.jp/sp.html?p=evacuation%2Fshelter&l=15-0&ll=32.63819999999999%2C130.77610000000004&z=9&municipalityCd=430005,c322b2a2c04212c24f1eb310ae0c3748f0f0bfbb5d26421e7bf21512543cb322,"{""ルート検索"": ""検索"", ""住所"": ""小国町大字下城字杖立"", ""市町村"": ""小国町"", ""混雑状況"": ""---"", ""避難所名"": ""杖立薬師堂"", ""開設状況"": ""---""}",unmatched,no_candidate,,0,,,,,,,,,,,[],,[],[],reference/43000_1.csv,dd6686fa000c3e720180ba96d02aacff987aec1bba3c9bc69a5867fc0089d10d
2026-07-30,2026-07-30T00:13:27+09:00,26/07/30 00:13時点の避難所状況の一覧です。,2026-07-30T00:13+09:00,web:44ba149846ccaf20c882,44ba149846ccaf20c882,小国町,杖立郵便局,---,false,---,,小国町大字下城3399-1,検索,,,,,https://portal.bousai.pref.kumamoto.jp/sp.html?p=evacuation%2Fshelter&l=15-0&ll=32.63819999999999%2C130.77610000000004&z=9&municipalityCd=430005,25689e9714dd5ca9e031c63de24ea059901cad19321f682ce0b4ab4bb7fe2175,"{""ルート検索"": ""検索"", ""住所"": ""小国町大字下城3399-1"", ""市町村"": ""小国町"", ""混雑状況"": ""---"", ""避難所名"": ""杖立郵便局"", ""開設状況"": ""---""}",unmatched,no_candidate,,0,,,,,,,,,,,[],,[],[],reference/43000_1.csv,dd6686fa000c3e720180ba96d02aacff987aec1bba3c9bc69a5867fc0089d10d
2026-07-30,2026-07-30T00:13:27+09:00,26/07/30 00:13時点の避難所状況の一覧です。,2026-07-30T00:13+09:00,web:2a78ed73ff20abe56652,2a78ed73ff20abe56652,小国町,柏田住宅集会場,---,false,---,,小国町大字宮原1520-1,検索,,,,,https://portal.bousai.pref.kumamoto.jp/sp.html?p=evacuation%2Fshelter&l=15-0&ll=32.63819999999999%2C130.77610000000004&z=9&municipalityCd=430005,5fccef1cad9c8592af5c5be51d4091f0f50783f186a02965d13064bc3cfa97f4,"{""ルート検索"": ""検索"", ""住所"": ""小国町大字宮原1520-1"", ""市町村"": ""小国町"", ""混雑状況"": ""---"", ""避難所名"": ""柏田住宅集会場"", ""開設状況"": ""---""}",unmatched,no_candidate,,0,,,,,,,,,,,[],,[],[],reference/43000_1.csv,dd6686fa000c3e720180ba96d02aacff987aec1bba3c9bc69a5867fc0089d10d
2026-07-30,2026-07-30T00:13:27+09:00,26/07/30 00:13時点の避難所状況の一覧です。,2026-07-30T00:13+09:00,web:ff555c2ca2a4846d1a3f,ff555c2ca2a4846d1a3f,小国町,桜ヶ丘集会場,---,false,---,,小国町大字宮原613,検索,,,,,https://portal.bousai.pref.kumamoto.jp/sp.html?p=evacuation%2Fshelter&l=15-0&ll=32.63819999999999%2C130.77610000000004&z=9&municipalityCd=430005,160c503c6c8c45e74232453a9e2314fa42738b8ec63a0eb6b6ab1fb2e0d44cf0,"{""ルート検索"": ""検索"", ""住所"": ""小国町大字宮原613"", ""市町村"": ""小国町"", ""混雑状況"": ""---"", ""避難所名"": ""桜ヶ丘集会場"", ""開設状況"": ""---""}",unmatched,no_candidate,,0,,,,,,,,,,,[],,[],[],reference/43000_1.csv,dd6686fa000c3e720180ba96d02aacff987aec1bba3c9bc69a5867fc0089d10d
2026-07-30,2026-07-30T00:13:27+09:00,26/07/30 00:13時点の避難所状況の一覧です。,2026-07-30T00:13+09:00,web:f5e491a1b9859e98cfd3,f5e491a1b9859e98cfd3,小国町,森林組合土場,---,false,---,,小国町大字宮原2865,検索,,,,,https://portal.bousai.pref.kumamoto.jp/sp.html?p=evacuation%2Fshelter&l=15-0&ll=32.63819999999999%2C130.77610000000004&z=9&municipalityCd=430005,4d373f1b74884c55e25949acfb104b8edcbe0aa396e62ddd8f71655244448798,"{""ルート検索"": ""検索"", ""住所"": ""小国町大字宮原2865"", ""市町村"": ""小国町"", ""混雑状況"": ""---"", ""避難所名"": ""森林組合土場"", ""開設状況"": ""---""}",unmatched,no_candidate,,0,,,,,,,,,,,[],,[],[],reference/43000_1.csv,dd6686fa000c3e720180ba96d02aacff987aec1bba3c9bc69a5867fc0089d10d
2026-07-30,2026-07-30T00:13:27+09:00,26/07/30 00:13時点の避難所状況の一覧です。,2026-07-30T00:13+09:00,web:6e7d36d152336ee0d30e,6e7d36d152336ee0d30e,小国町,構造改善センター,---,false,---,,小国町大字西里字下明里,検索,,,,,https://portal.bousai.pref.kumamoto.jp/sp.html?p=evacuation%2Fshelter&l=15-0&ll=32.63819999999999%2C130.77610000000004&z=9&municipalityCd=430005,f2d95e774dde77e926b769bdf9f2a56cef63d24adf69f61a6342d2fec3ccd1ac,"{""ルート検索"": ""検索"", ""住所"": ""小国町大字西里字下明里"", ""市町村"": ""小国町"", ""混雑状況"": ""---"", ""避難所名"": ""構造改善センター"", ""開設状況"": ""---""}",unmatched,no_candidate,,0,,,,,,,,,,,[],,[],[],reference/43000_1.csv,dd6686fa000c3e720180ba96d02aacff987aec1bba3c9bc69a5867fc0089d10d
2026-07-30,2026-07-30T00:13:27+09:00,26/07/30 00:13時点の避難所状況の一覧です。,2026-07-30T00:13+09:00,web:9a81f358724bd5ed2559,9a81f358724bd5ed2559,小国町,橋本繁男宅,---,false,---,,小国町大字上田3618,検索,,,,,https://portal.bousai.pref.kumamoto.jp/sp.html?p=evacuation%2Fshelter&l=15-0&ll=32.63819999999999%2C130.77610000000004&z=9&municipalityCd=430005,5844915c95170b2c2f9165bb28b85b8c2f8df33d7415defe91a5253f0417f157,"{""ルート検索"": ""検索"", ""住所"": ""小国町大字上田3618"", ""市町村"": ""小国町"", ""混雑状況"": ""---"", ""避難所名"": ""橋本繁男宅"", ""開設状況"": ""---""}",unmatched,no_candidate,,0,,,,,,,,,,,[],,[],[],reference/43000_1.csv,dd6686fa000c3e720180ba96d02aacff987aec1bba3c9bc69a5867fc0089d10d
2026-07-30,2026-07-30T00:13:27+09:00,26/07/30 00:13時点の避難所状況の一覧です。,2026-07-30T00:13+09:00,web:bd2e465826513be6c395,bd2e465826513be6c395,小国町,江古尾公民館,---,false,---,,小国町大字上田字江古尾,検索,,,,,https://portal.bousai.pref.kumamoto.jp/sp.html?p=evacuation%2Fshelter&l=15-0&ll=32.63819999999999%2C130.77610000000004&z=9&municipalityCd=430005,ff9a7d5cb78d35ab62709c83a7342de0107e4a98faaf3bc6c1c41ad5c0f28c79,"{""ルート検索"": ""検索"", ""住所"": ""小国町大字上田字江古尾"", ""市町村"": ""小国町"", ""混雑状況"": ""---"", ""避難所名"": ""江古尾公民館"", ""開設状況"": ""---""}",unmatched,no_candidate,,0,,,,,,,,,,,[],,[],[],reference/43000_1.csv,dd6686fa000c3e720180ba96d02aacff987aec1bba3c9bc69a5867fc0089d10d
2026-07-30,2026-07-30T00:13:27+09:00,26/07/30 00:13時点の避難所状況の一覧です。,2026-07-30T00:13+09:00,web:eeee57dd917ea4f6eeb3,eeee57dd917ea4f6eeb3,小国町,浄明寺,---,false,---,,小国町大字北里字桑鶴653,検索,,,,,https://portal.bousai.pref.kumamoto.jp/sp.html?p=evacuation%2Fshelter&l=15-0&ll=32.63819999999999%2C130.77610000000004&z=9&municipalityCd=430005,89119de68e66e5f1a6c85ca193bec31b6994f6f7c91a38f7aa5b8633050be7e5,"{""ルート検索"": ""検索"", ""住所"": ""小国町大字北里字桑鶴653"", ""市町村"": ""小国町"", ""混雑状況"": ""---"", ""避難所名"": ""浄明寺"", ""開設状況"": ""---""}",unmatched,no_candidate,,0,,,,,,,,,,,[],,[],[],reference/43000_1.csv,dd6686fa000c3e720180ba96d02aacff987aec1bba3c9bc69a5867fc0089d10d
2026-07-30,2026-07-30T00:13:27+09:00,26/07/30 00:13時点の避難所状況の一覧です。,2026-07-30T00:13+09:00,web:990816b28e1257f457b1,990816b28e1257f457b1,小国町,渡辺敬治宅,---,false,---,,小国町大字上田3995,検索,,,,,https://portal.bousai.pref.kumamoto.jp/sp.html?p=evacuation%2Fshelter&l=15-0&ll=32.63819999999999%2C130.77610000000004&z=9&municipalityCd=430005,276a7127fee71ca19eea3e662d88b90acdd2cf57579f54f0a2dd7a17297dd70a,"{""ルート検索"": ""検索"", ""住所"": ""小国町大字上田3995"", ""市町村"": ""小国町"", ""混雑状況"": ""---"", ""避難所名"": ""渡辺敬治宅"", ""開設状況"": ""---""}",unmatched,no_candidate,,0,,,,,,,,,,,[],,[],[],reference/43000_1.csv,dd6686fa000c3e720180ba96d02aacff987aec1bba3c9bc69a5867fc0089d10d
2026-07-30,2026-07-30T00:13:27+09:00,26/07/30 00:13時点の避難所状況の一覧です。,2026-07-30T00:13+09:00,web:9b894d3a9f129951a949,9b894d3a9f129951a949,小国町,田代石材店,---,false,---,,小国町大字下城73,検索,,,,,https://portal.bousai.pref.kumamoto.jp/sp.html?p=evacuation%2Fshelter&l=15-0&ll=32.63819999999999%2C130.77610000000004&z=9&municipalityCd=430005,d13f3c3f6486e609c8756d185487d358ca6b244e8497a91b28d28a980f546486,"{""ルート検索"": ""検索"", ""住所"": ""小国町大字下城73"", ""市町村"": ""小国町"", ""混雑状況"": ""---"", ""避難所名"": ""田代石材店"", ""開設状況"": ""---""}",unmatched,no_candidate,,0,,,,,,,,,,,[],,[],[],reference/43000_1.csv,dd6686fa000c3e720180ba96d02aacff987aec1bba3c9bc69a5867fc0089d10d
2026-07-30,2026-07-30T00:13:27+09:00,26/07/30 00:13時点の避難所状況の一覧です。,2026-07-30T00:13+09:00,web:122c33df955819aae6d3,122c33df955819aae6d3,小国町,田原公民館,---,false,---,,小国町大字下城字田原,検索,,,,,https://portal.bousai.pref.kumamoto.jp/sp.html?p=evacuation%2Fshelter&l=15-0&ll=32.63819999999999%2C130.77610000000004&z=9&municipalityCd=430005,80246f502d314092bdeb580b24e4b00eb59458e8bcc62e42c653e2204e045d3c,"{""ルート検索"": ""検索"", ""住所"": ""小国町大字下城字田原"", ""市町村"": ""小国町"", ""混雑状況"": ""---"", ""避難所名"": ""田原公民館"", ""開設状況"": ""---""}",unmatched,no_candidate,,0,,,,,,,,,,,[],,[],[],reference/43000_1.csv,dd6686fa000c3e720180ba96d02aacff987aec1bba3c9bc69a5867fc0089d10d
2026-07-30,2026-07-30T00:13:27+09:00,26/07/30 00:13時点の避難所状況の一覧です。,2026-07-30T00:13+09:00,web:a721abb8815fe506a3dd,a721abb8815fe506a3dd,小国町,秋原公民館,---,false,---,,小国町大字下城字秋原,検索,,,,,https://portal.bousai.pref.kumamoto.jp/sp.html?p=evacuation%2Fshelter&l=15-0&ll=32.63819999999999%2C130.77610000000004&z=9&municipalityCd=430005,4ef067203b6fff2e7e439976658131c84e1a39b43631b98939175cff184aa334,"{""ルート検索"": ""検索"", ""住所"": ""小国町大字下城字秋原"", ""市町村"": ""小国町"", ""混雑状況"": ""---"", ""避難所名"": ""秋原公民館"", ""開設状況"": ""---""}",unmatched,no_candidate,,0,,,,,,,,,,,[],,[],[],reference/43000_1.csv,dd6686fa000c3e720180ba96d02aacff987aec1bba3c9bc69a5867fc0089d10d
2026-07-30,2026-07-30T00:13:27+09:00,26/07/30 00:13時点の避難所状況の一覧です。,2026-07-30T00:13+09:00,web:237065cc7064274ddc95,237065cc7064274ddc95,小国町,童子院公民館,---,false,---,,小国町大字北里字童子院,検索,,,,,https://portal.bousai.pref.kumamoto.jp/sp.html?p=evacuation%2Fshelter&l=15-0&ll=32.63819999999999%2C130.77610000000004&z=9&municipalityCd=430005,867e75f9ffaead50df54f65b8e046a61b6ea19e3fdf29fc9637ac30a1b7fa1b6,"{""ルート検索"": ""検索"", ""住所"": ""小国町大字北里字童子院"", ""市町村"": ""小国町"", ""混雑状況"": ""---"", ""避難所名"": ""童子院公民館"", ""開設状況"": ""---""}",unmatched,no_candidate,,0,,,,,,,,,,,[],,[],[],reference/43000_1.csv,dd6686fa000c3e720180ba96d02aacff987aec1bba3c9bc69a5867fc0089d10d
2026-07-30,2026-07-30T00:13:27+09:00,26/07/30 00:13時点の避難所状況の一覧です。,2026-07-30T00:13+09:00,web:a530d171533f6d491605,a530d171533f6d491605,小国町,蓬莱団地公民館,---,false,---,,小国町大字黒渕字奥山,検索,,,,,https://portal.bousai.pref.kumamoto.jp/sp.html?p=evacuation%2Fshelter&l=15-0&ll=32.63819999999999%2C130.77610000000004&z=9&municipalityCd=430005,c4ac0ea25811224dc211a6a39335726ba847036b3e1703fa05941c576aa9024d,"{""ルート検索"": ""検索"", ""住所"": ""小国町大字黒渕字奥山"", ""市町村"": ""小国町"", ""混雑状況"": ""---"", ""避難所名"": ""蓬莱団地公民館"", ""開設状況"": ""---""}",unmatched,no_candidate,,0,,,,,,,,,,,[],,[],[],reference/43000_1.csv,dd6686fa000c3e720180ba96d02aacff987aec1bba3c9bc69a5867fc0089d10d
2026-07-30,2026-07-30T00:13:27+09:00,26/07/30 00:13時点の避難所状況の一覧です。,2026-07-30T00:13+09:00,web:e7e7d384b49d8a8011c6,e7e7d384b49d8a8011c6,小国町,蔵園公民館,---,false,---,,小国町大字上田字蔵園,検索,,,,,https://portal.bousai.pref.kumamoto.jp/sp.html?p=evacuation%2Fshelter&l=15-0&ll=32.63819999999999%2C130.77610000000004&z=9&municipalityCd=430005,d3037978072cb518ac85b38bc0fa63d1dd6cb18bb65be6780d9306cb41837534,"{""ルート検索"": ""検索"", ""住所"": ""小国町大字上田字蔵園"", ""市町村"": ""小国町"", ""混雑状況"": ""---"", ""避難所名"": ""蔵園公民館"", ""開設状況"": ""---""}",unmatched,no_candidate,,0,,,,,,,,,,,[],,[],[],reference/43000_1.csv,dd6686fa000c3e720180ba96d02aacff987aec1bba3c9bc69a5867fc0089d10d
2026-07-30,2026-07-30T00:13:27+09:00,26/07/30 00:13時点の避難所状況の一覧です。,2026-07-30T00:13+09:00,web:72b26ee6d354d7ddd5a6,72b26ee6d354d7ddd5a6,小国町,西村公民館,---,false,---,,小国町大字北里西村,検索,,,,,https://portal.bousai.pref.kumamoto.jp/sp.html?p=evacuation%2Fshelter&l=15-0&ll=32.63819999999999%2C130.77610000000004&z=9&municipalityCd=430005,59223b6fc8d130d68f808df6a990a787d7d4e209cf2849c756bc2f1f09028e79,"{""ルート検索"": ""検索"", ""住所"": ""小国町大字北里西村"", ""市町村"": ""小国町"", ""混雑状況"": ""---"", ""避難所名"": ""西村公民館"", ""開設状況"": ""---""}",unmatched,no_candidate,,0,,,,,,,,,,,[],,[],[],reference/43000_1.csv,dd6686fa000c3e720180ba96d02aacff987aec1bba3c9bc69a5867fc0089d10d
2026-07-30,2026-07-30T00:13:27+09:00,26/07/30 00:13時点の避難所状況の一覧です。,2026-07-30T00:13+09:00,web:1aa4d96964a5f4cb18d3,1aa4d96964a5f4cb18d3,小国町,西里多目的集会所,---,false,---,,小国町大字西里1838-3,検索,,,,,https://portal.bousai.pref.kumamoto.jp/sp.html?p=evacuation%2Fshelter&l=15-0&ll=32.63819999999999%2C130.77610000000004&z=9&municipalityCd=430005,9e40970bc21aae3688fc79d5c62ee266e494597437830c93d4f47dc6976dbb17,"{""ルート検索"": ""検索"", ""住所"": ""小国町大字西里1838-3"", ""市町村"": ""小国町"", ""混雑状況"": ""---"", ""避難所名"": ""西里多目的集会所"", ""開設状況"": ""---""}",unmatched,fuzzy_below_threshold,0.897,0,,,,,,,,,,,[],,[],"[{""NO"": ""830"", ""その他市町村長が必要と認める事項"": """", ""住所"": ""熊本県小国町大字西里1838-3"", ""備考"": """", ""共通ID"": ""E4342400052111"", ""受入対象者"": """", ""指定緊急避難場所との住所同一"": ""1"", ""施設・場所名"": ""西里多目的集会場"", ""経度"": ""131.10963252193"", ""緯度"": ""33.159351939102""}]",reference/43000_1.csv,dd6686fa000c3e720180ba96d02aacff987aec1bba3c9bc69a5867fc0089d10d
2026-07-30,2026-07-30T00:13:27+09:00,26/07/30 00:13時点の避難所状況の一覧です。,2026-07-30T00:13+09:00,web:8eaa495699f30aba2c52,8eaa495699f30aba2c52,小国町,関田住宅集会場,---,false,---,,小国町大字宮原2320,検索,,,,,https://portal.bousai.pref.kumamoto.jp/sp.html?p=evacuation%2Fshelter&l=15-0&ll=32.63819999999999%2C130.77610000000004&z=9&municipalityCd=430005,64c5046dd0decdc640aaf7c066ea3803b1b585fb1c3b127e2654975eaa66361e,"{""ルート検索"": ""検索"", ""住所"": ""小国町大字宮原2320"", ""市町村"": ""小国町"", ""混雑状況"": ""---"", ""避難所名"": ""関田住宅集会場"", ""開設状況"": ""---""}",unmatched,no_candidate,,0,,,,,,,,,,,[],,[],[],reference/43000_1.csv,dd6686fa000c3e720180ba96d02aacff987aec1bba3c9bc69a5867fc0089d10d
2026-07-30,2026-07-30T00:13:27+09:00,26/07/30 00:13時点の避難所状況の一覧です。,2026-07-30T00:13+09:00,web:1737e98d13f33cca8430,1737e98d13f33cca8430,山江村,一丸公民館,---,false,---,,山江村大字山田丁472-1,検索,,,,,https://portal.bousai.pref.kumamoto.jp/sp.html?p=evacuation%2Fshelter&l=15-0&ll=32.63819999999999%2C130.77610000000004&z=9&municipalityCd=430005,2ecd3b94b472e23647b40969adb6ccf7e06c2a9737c149c1a8ece9c936027ff4,"{""ルート検索"": ""検索"", ""住所"": ""山江村大字山田丁472-1"", ""市町村"": ""山江村"", ""混雑状況"": ""---"", ""避難所名"": ""一丸公民館"", ""開設状況"": ""---""}",unmatched,no_candidate,,0,,,,,,,,,,,[],,[],[],reference/43000_1.csv,dd6686fa000c3e720180ba96d02aacff987aec1bba3c9bc69a5867fc0089d10d
2026-07-30,2026-07-30T00:13:27+09:00,26/07/30 00:13時点の避難所状況の一覧です。,2026-07-30T00:13+09:00,web:230a399485cf1ca01db8,230a399485cf1ca01db8,山江村,北永シ切集会所,---,false,---,,山江村大字山田乙1728-17,検索,,,,,https://portal.bousai.pref.kumamoto.jp/sp.html?p=evacuation%2Fshelter&l=15-0&ll=32.63819999999999%2C130.77610000000004&z=9&municipalityCd=430005,a843006333994da3857b8a18d615eda66f420ff6b2f91492318c10f626dea018,"{""ルート検索"": ""検索"", ""住所"": ""山江村大字山田乙1728-17"", ""市町村"": ""山江村"", ""混雑状況"": ""---"", ""避難所名"": ""北永シ切集会所"", ""開設状況"": ""---""}",unmatched,no_candidate,,0,,,,,,,,,,,[],,[],[],reference/43000_1.csv,dd6686fa000c3e720180ba96d02aacff987aec1bba3c9bc69a5867fc0089d10d
2026-07-30,2026-07-30T00:13:27+09:00,26/07/30 00:13時点の避難所状況の一覧です。,2026-07-30T00:13+09:00,web:bfb775f3d891f57e38ca,bfb775f3d891f57e38ca,山江村,合戦峰公民館,---,false,---,,山江村大字山田乙2851,検索,,,,,https://portal.bousai.pref.kumamoto.jp/sp.html?p=evacuation%2Fshelter&l=15-0&ll=32.63819999999999%2C130.77610000000004&z=9&municipalityCd=430005,15258f32846a12697b8d5c7cae52168f970c330a4264e8bd422c8edc2d4201ec,"{""ルート検索"": ""検索"", ""住所"": ""山江村大字山田乙2851"", ""市町村"": ""山江村"", ""混雑状況"": ""---"", ""避難所名"": ""合戦峰公民館"", ""開設状況"": ""---""}",unmatched,no_candidate,,0,,,,,,,,,,,[],,[],[],reference/43000_1.csv,dd6686fa000c3e720180ba96d02aacff987aec1bba3c9bc69a5867fc0089d10d
2026-07-30,2026-07-30T00:13:27+09:00,26/07/30 00:13時点の避難所状況の一覧です。,2026-07-30T00:13+09:00,web:0d5d52000060bc9b8d95,0d5d52000060bc9b8d95,山江村,寺山公民館,---,false,---,,山江村大字山田甲2733-35,検索,,,,,https://portal.bousai.pref.kumamoto.jp/sp.html?p=evacuation%2Fshelter&l=15-0&ll=32.63819999999999%2C130.77610000000004&z=9&municipalityCd=430005,7eba0a6efbbc7d9ecd1746ae0f6b4cb530b7654405079520804980305e9cd62b,"{""ルート検索"": ""検索"", ""住所"": ""山江村大字山田甲2733-35"", ""市町村"": ""山江村"", ""混雑状況"": ""---"", ""避難所名"": ""寺山公民館"", ""開設状況"": ""---""}",unmatched,no_candidate,,0,,,,,,,,,,,[],,[],[],reference/43000_1.csv,dd6686fa000c3e720180ba96d02aacff987aec1bba3c9bc69a5867fc0089d10d
2026-07-30,2026-07-30T00:13:27+09:00,26/07/30 00:13時点の避難所状況の一覧です。,2026-07-30T00:13+09:00,web:513f1d7c316d074309c2,513f1d7c316d074309c2,山江村,小山田公民館,---,false,---,,山江村大字山田乙690,検索,,,,,https://portal.bousai.pref.kumamoto.jp/sp.html?p=evacuation%2Fshelter&l=15-0&ll=32.63819999999999%2C130.77610000000004&z=9&municipalityCd=430005,99011c4f7b0b24a07b096e723cb664c23be366be6417fa99536c871e2d6372b6,"{""ルート検索"": ""検索"", ""住所"": ""山江村大字山田乙690"", ""市町村"": ""山江村"", ""混雑状況"": ""---"", ""避難所名"": ""小山田公民館"", ""開設状況"": ""---""}",unmatched,no_candidate,,0,,,,,,,,,,,[],,[],[],reference/43000_1.csv,dd6686fa000c3e720180ba96d02aacff987aec1bba3c9bc69a5867fc0089d10d
2026-07-30,2026-07-30T00:13:27+09:00,26/07/30 00:13時点の避難所状況の一覧です。,2026-07-30T00:13+09:00,web:c3bfa9094d42d36bfb9d,c3bfa9094d42d36bfb9d,山江村,湯の原自治会館,---,false,---,,山江村大字山田丙1078,検索,,,,,https://portal.bousai.pref.kumamoto.jp/sp.html?p=evacuation%2Fshelter&l=15-0&ll=32.63819999999999%2C130.77610000000004&z=9&municipalityCd=430005,3510069f890c8f424002aafbb130411188c5087aeca4541b73561d30d138e99b,"{""ルート検索"": ""検索"", ""住所"": ""山江村大字山田丙1078"", ""市町村"": ""山江村"", ""混雑状況"": ""---"", ""避難所名"": ""湯の原自治会館"", ""開設状況"": ""---""}",unmatched,no_candidate,,0,,,,,,,,,,,[],,[],[],reference/43000_1.csv,dd6686fa000c3e720180ba96d02aacff987aec1bba3c9bc69a5867fc0089d10d
2026-07-30,2026-07-30T00:13:27+09:00,26/07/30 00:13時点の避難所状況の一覧です。,2026-07-30T00:13+09:00,web:312225b15f9f1628921b,312225b15f9f1628921b,山江村,福祉保健センター 健康の駅,---,false,---,,山江村大字山田甲1373-1,検索,,,,,https://portal.bousai.pref.kumamoto.jp/sp.html?p=evacuation%2Fshelter&l=15-0&ll=32.63819999999999%2C130.77610000000004&z=9&municipalityCd=430005,80bab60df4b1659b6c9cc3c07a5de83e5de0ec4676100c7b7cea03c7367543c2,"{""ルート検索"": ""検索"", ""住所"": ""山江村大字山田甲1373-1"", ""市町村"": ""山江村"", ""混雑状況"": ""---"", ""避難所名"": ""福祉保健センター 健康の駅"", ""開設状況"": ""---""}",unmatched,no_candidate,,0,,,,,,,,,,,[],,[],[],reference/43000_1.csv,dd6686fa000c3e720180ba96d02aacff987aec1bba3c9bc69a5867fc0089d10d
2026-07-30,2026-07-30T00:13:27+09:00,26/07/30 00:13時点の避難所状況の一覧です。,2026-07-30T00:13+09:00,web:856b616c1e4c5df1f3c3,856b616c1e4c5df1f3c3,山江村,秋丸地区農業構造改善センター,---,false,---,,山江村大字山田乙2403,検索,,,,,https://portal.bousai.pref.kumamoto.jp/sp.html?p=evacuation%2Fshelter&l=15-0&ll=32.63819999999999%2C130.77610000000004&z=9&municipalityCd=430005,a5518d16bfb70462b54b3d9edba6e91bca31a02b6bfd511c2df3a18663905afb,"{""ルート検索"": ""検索"", ""住所"": ""山江村大字山田乙2403"", ""市町村"": ""山江村"", ""混雑状況"": ""---"", ""避難所名"": ""秋丸地区農業構造改善センター"", ""開設状況"": ""---""}",unmatched,no_candidate,,0,,,,,,,,,,,[],,[],[],reference/43000_1.csv,dd6686fa000c3e720180ba96d02aacff987aec1bba3c9bc69a5867fc0089d10d
2026-07-30,2026-07-30T00:13:27+09:00,26/07/30 00:13時点の避難所状況の一覧です。,2026-07-30T00:13+09:00,web:a305080aef8162bb8d6e,a305080aef8162bb8d6e,山都町,-,---,false,---,,山都町上川井野540,検索,,,,,https://portal.bousai.pref.kumamoto.jp/sp.html?p=evacuation%2Fshelter&l=15-0&ll=32.63819999999999%2C130.77610000000004&z=9&municipalityCd=430005,3550991da1ea426207d26c951c44c58c6db079efff8533492e15eea78f042093,"{""ルート検索"": ""検索"", ""住所"": ""山都町上川井野540"", ""市町村"": ""山都町"", ""混雑状況"": ""---"", ""避難所名"": ""-"", ""開設状況"": ""---""}",unmatched,missing_name,,0,,,,,,,,,,,[],,[],[],reference/43000_1.csv,dd6686fa000c3e720180ba96d02aacff987aec1bba3c9bc69a5867fc0089d10d
2026-07-30,2026-07-30T00:13:27+09:00,26/07/30 00:13時点の避難所状況の一覧です。,2026-07-30T00:13+09:00,web:ac5ca925458d285fcbb0,ac5ca925458d285fcbb0,山都町,はるか保育園,---,false,---,,山都町上寺1993-1,検索,,,,,https://portal.bousai.pref.kumamoto.jp/sp.html?p=evacuation%2Fshelter&l=15-0&ll=32.63819999999999%2C130.77610000000004&z=9&municipalityCd=430005,a55e49ea9682ae7745ad64ecac7dbf6f335c8d6b9c9bfe3abf21afc012d9cfc1,"{""ルート検索"": ""検索"", ""住所"": ""山都町上寺1993-1"", ""市町村"": ""山都町"", ""混雑状況"": ""---"", ""避難所名"": ""はるか保育園"", ""開設状況"": ""---""}",unmatched,no_candidate,,0,,,,,,,,,,,[],,[],[],reference/43000_1.csv,dd6686fa000c3e720180ba96d02aacff987aec1bba3c9bc69a5867fc0089d10d
2026-07-30,2026-07-30T00:13:27+09:00,26/07/30 00:13時点の避難所状況の一覧です。,2026-07-30T00:13+09:00,web:e8c956cc797da0a5edd9,e8c956cc797da0a5edd9,山都町,ふれあいセンター原野郷,---,false,---,,山都町郷野原1451,検索,,,,,https://portal.bousai.pref.kumamoto.jp/sp.html?p=evacuation%2Fshelter&l=15-0&ll=32.63819999999999%2C130.77610000000004&z=9&municipalityCd=430005,46a49fb2472c4928593b0b5d62d7742425f54fc4b2fe302f6a59a5439f83534e,"{""ルート検索"": ""検索"", ""住所"": ""山都町郷野原1451"", ""市町村"": ""山都町"", ""混雑状況"": ""---"", ""避難所名"": ""ふれあいセンター原野郷"", ""開設状況"": ""---""}",unmatched,no_candidate,,0,,,,,,,,,,,[],,[],[],reference/43000_1.csv,dd6686fa000c3e720180ba96d02aacff987aec1bba3c9bc69a5867fc0089d10d
2026-07-30,2026-07-30T00:13:27+09:00,26/07/30 00:13時点の避難所状況の一覧です。,2026-07-30T00:13+09:00,web:57ea544414e6f8fd3eff,57ea544414e6f8fd3eff,山都町,上差尾地区交流館,---,false,---,,山都町上差尾1028-1,検索,,,,,https://portal.bousai.pref.kumamoto.jp/sp.html?p=evacuation%2Fshelter&l=15-0&ll=32.63819999999999%2C130.77610000000004&z=9&municipalityCd=430005,8b1c0b1ae213976d91b13d98a5f35e5276ab8e93514c8b9a7eaf7178a26457d6,"{""ルート検索"": ""検索"", ""住所"": ""山都町上差尾1028-1"", ""市町村"": ""山都町"", ""混雑状況"": ""---"", ""避難所名"": ""上差尾地区交流館"", ""開設状況"": ""---""}",unmatched,no_candidate,,0,,,,,,,,,,,[],,[],[],reference/43000_1.csv,dd6686fa000c3e720180ba96d02aacff987aec1bba3c9bc69a5867fc0089d10d
2026-07-30,2026-07-30T00:13:27+09:00,26/07/30 00:13時点の避難所状況の一覧です。,2026-07-30T00:13+09:00,web:f54981a9e2d7aae9d07a,f54981a9e2d7aae9d07a,山都町,下山公民館,---,false,---,,山都町下山447-4,検索,,,,,https://portal.bousai.pref.kumamoto.jp/sp.html?p=evacuation%2Fshelter&l=15-0&ll=32.63819999999999%2C130.77610000000004&z=9&municipalityCd=430005,f6bd24301e862937ee4179ebcbfb80d340293cea2b026bd3d3807efb5d35acbf,"{""ルート検索"": ""検索"", ""住所"": ""山都町下山447-4"", ""市町村"": ""山都町"", ""混雑状況"": ""---"", ""避難所名"": ""下山公民館"", ""開設状況"": ""---""}",unmatched,no_candidate,,0,,,,,,,,,,,[],,[],[],reference/43000_1.csv,dd6686fa000c3e720180ba96d02aacff987aec1bba3c9bc69a5867fc0089d10d
2026-07-30,2026-07-30T00:13:27+09:00,26/07/30 00:13時点の避難所状況の一覧です。,2026-07-30T00:13+09:00,web:370dafcb485a9bff177f,370dafcb485a9bff177f,山都町,下川井野公民館,---,false,---,,山都町下川井野1286,検索,,,,,https://portal.bousai.pref.kumamoto.jp/sp.html?p=evacuation%2Fshelter&l=15-0&ll=32.63819999999999%2C130.77610000000004&z=9&municipalityCd=430005,4cafff03332c473f660464324df91b49f51bf5984f4f60d2ff16d09299d2e55b,"{""ルート検索"": ""検索"", ""住所"": ""山都町下川井野1286"", ""市町村"": ""山都町"", ""混雑状況"": ""---"", ""避難所名"": ""下川井野公民館"", ""開設状況"": ""---""}",unmatched,no_candidate,,0,,,,,,,,,,,[],,[],[],reference/43000_1.csv,dd6686fa000c3e720180ba96d02aacff987aec1bba3c9bc69a5867fc0089d10d
2026-07-30,2026-07-30T00:13:27+09:00,26/07/30 00:13時点の避難所状況の一覧です。,2026-07-30T00:13+09:00,web:37e481d7cf7eb27e2d14,37e481d7cf7eb27e2d14,山都町,下矢部西部体育館,---,false,---,,山都町猿渡1850,検索,,,,,https://portal.bousai.pref.kumamoto.jp/sp.html?p=evacuation%2Fshelter&l=15-0&ll=32.63819999999999%2C130.77610000000004&z=9&municipalityCd=430005,10ec446b5ea3bfa3399b0f25f434be74a2dc36fae68044ef88b730c6da35c46c,"{""ルート検索"": ""検索"", ""住所"": ""山都町猿渡1850"", ""市町村"": ""山都町"", ""混雑状況"": ""---"", ""避難所名"": ""下矢部西部体育館"", ""開設状況"": ""---""}",unmatched,fuzzy_below_threshold,0.817,0,,,,,,,,,,,[],,[],"[{""NO"": ""792"", ""その他市町村長が必要と認める事項"": """", ""住所"": ""熊本県山都町白小野168"", ""備考"": """", ""共通ID"": ""E4344700051111"", ""受入対象者"": """", ""指定緊急避難場所との住所同一"": ""1"", ""施設・場所名"": ""下矢部東部体育館"", ""経度"": ""130.96800283193"", ""緯度"": ""32.66273397""}]",reference/43000_1.csv,dd6686fa000c3e720180ba96d02aacff987aec1bba3c9bc69a5867fc0089d10d
2026-07-30,2026-07-30T00:13:27+09:00,26/07/30 00:13時点の避難所状況の一覧です。,2026-07-30T00:13+09:00,web:a4c861d4470505528e93,a4c861d4470505528e93,山都町,中央公民館,---,false,---,,山都町下市33-1,検索,,,,,https://portal.bousai.pref.kumamoto.jp/sp.html?p=evacuation%2Fshelter&l=15-0&ll=32.63819999999999%2C130.77610000000004&z=9&municipalityCd=430005,ee916e2d087f36008f6f9a68e4667a1e002a97f08996276c7f48c89934036ea1,"{""ルート検索"": ""検索"", ""住所"": ""山都町下市33-1"", ""市町村"": ""山都町"", ""混雑状況"": ""---"", ""避難所名"": ""中央公民館"", ""開設状況"": ""---""}",ambiguous,exact_name_multiple_addresses,,0,,,,,,,,,,,[],,[],"[{""NO"": ""158"", ""その他市町村長が必要と認める事項"": """", ""住所"": ""熊本県宇土市新小路町96-1"", ""備考"": """", ""共通ID"": ""E4321100044111"", ""受入対象者"": """", ""指定緊急避難場所との住所同一"": """", ""施設・場所名"": ""中央公民館"", ""経度"": ""130.66177130328"", ""緯度"": ""32.684445765842""}, {""NO"": ""438"", ""その他市町村長が必要と認める事項"": """", ""住所"": ""熊本県熊本市中央区草葉町5-1"", ""備考"": """", ""共通ID"": ""E4310000084111"", ""受入対象者"": """", ""指定緊急避難場所との住所同一"": ""1"", ""施設・場所名"": ""中央公民館"", ""経度"": ""130.715552"", ""緯度"": ""32.804732""}, {""NO"": ""675"", ""その他市町村長が必要と認める事項"": """", ""住所"": ""熊本県荒尾市増永633"", ""備考"": """", ""共通ID"": ""E4320400017111"", ""受入対象者"": """", ""指定緊急避難場所との住所同一"": """", ""施設・場所名"": ""中央公民館"", ""経度"": ""130.436191103861"", ""緯度"": ""32.9732375350827""}]",reference/43000_1.csv,dd6686fa000c3e720180ba96d02aacff987aec1bba3c9bc69a5867fc0089d10d
2026-07-30,2026-07-30T00:13:27+09:00,26/07/30 00:13時点の避難所状況の一覧です。,2026-07-30T00:13+09:00,web:3187af691f356be95baa,3187af691f356be95baa,山都町,中島東部体育館,---,false,---,,山都町金内188,検索,,,,,https://portal.bousai.pref.kumamoto.jp/sp.html?p=evacuation%2Fshelter&l=15-0&ll=32.63819999999999%2C130.77610000000004&z=9&municipalityCd=430005,5b6e8d12e3209b6976dc31f8ca5b183475efcaebefacc8a9a4276bb5eac21806,"{""ルート検索"": ""検索"", ""住所"": ""山都町金内188"", ""市町村"": ""山都町"", ""混雑状況"": ""---"", ""避難所名"": ""中島東部体育館"", ""開設状況"": ""---""}",unmatched,fuzzy_below_threshold,0.743,0,,,,,,,,,,,[],,[],"[{""NO"": ""793"", ""その他市町村長が必要と認める事項"": """", ""住所"": ""熊本県山都町北中島2536"", ""備考"": """", ""共通ID"": ""E4344700054111"", ""受入対象者"": """", ""指定緊急避難場所との住所同一"": ""1"", ""施設・場所名"": ""中島体育館"", ""経度"": ""130.9285569"", ""緯度"": ""32.73215119""}]",reference/43000_1.csv,dd6686fa000c3e720180ba96d02aacff987aec1bba3c9bc69a5867fc0089d10d
2026-07-30,2026-07-30T00:13:27+09:00,26/07/30 00:13時点の避難所状況の一覧です。,2026-07-30T00:13+09:00,web:c9be9887587156b92cc0,c9be9887587156b92cc0,山都町,中島西部体育館,---,false,---,,山都町北中島1717,検索,,,,,https://portal.bousai.pref.kumamoto.jp/sp.html?p=evacuation%2Fshelter&l=15-0&ll=32.63819999999999%2C130.77610000000004&z=9&municipalityCd=430005,7a817ef8f61f643dd8412649ce8890f476ae6dd7f00c53f9148c06e3a30a6dbf,"{""ルート検索"": ""検索"", ""住所"": ""山都町北中島1717"", ""市町村"": ""山都町"", ""混雑状況"": ""---"", ""避難所名"": ""中島西部体育館"", ""開設状況"": ""---""}",unmatched,fuzzy_below_threshold,0.791,0,,,,,,,,,,,[],,[],"[{""NO"": ""793"", ""その他市町村長が必要と認める事項"": """", ""住所"": ""熊本県山都町北中島2536"", ""備考"": """", ""共通ID"": ""E4344700054111"", ""受入対象者"": """", ""指定緊急避難場所との住所同一"": ""1"", ""施設・場所名"": ""中島体育館"", ""経度"": ""130.9285569"", ""緯度"": ""32.73215119""}]",reference/43000_1.csv,dd6686fa000c3e720180ba96d02aacff987aec1bba3c9bc69a5867fc0089d10d
2026-07-30,2026-07-30T00:13:27+09:00,26/07/30 00:13時点の避難所状況の一覧です。,2026-07-30T00:13+09:00,web:4bb37e7c03df947d7a7d,4bb37e7c03df947d7a7d,山都町,中島西部地区ふれあいセンター,---,false,---,,山都町北中島688,検索,,,,,https://portal.bousai.pref.kumamoto.jp/sp.html?p=evacuation%2Fshelter&l=15-0&ll=32.63819999999999%2C130.77610000000004&z=9&municipalityCd=430005,9fae5048cb9e23cc98f7a8f37226dfc39dd8ed7f382591ceda5692aad0f52145,"{""ルート検索"": ""検索"", ""住所"": ""山都町北中島688"", ""市町村"": ""山都町"", ""混雑状況"": ""---"", ""避難所名"": ""中島西部地区ふれあいセンター"", ""開設状況"": ""---""}",unmatched,no_candidate,,0,,,,,,,,,,,[],,[],[],reference/43000_1.csv,dd6686fa000c3e720180ba96d02aacff987aec1bba3c9bc69a5867fc0089d10d
2026-07-30,2026-07-30T00:13:27+09:00,26/07/30 00:13時点の避難所状況の一覧です。,2026-07-30T00:13+09:00,web:6b6ec005550e83de89cf,6b6ec005550e83de89cf,山都町,二瀬本コミュニティセンター,---,false,---,,山都町二瀬本27,検索,,,,,https://portal.bousai.pref.kumamoto.jp/sp.html?p=evacuation%2Fshelter&l=15-0&ll=32.63819999999999%2C130.77610000000004&z=9&municipalityCd=430005,61743097e10c7175d1d51f825099fe64795087bd7a8c8029137b03acbf03658a,"{""ルート検索"": ""検索"", ""住所"": ""山都町二瀬本27"", ""市町村"": ""山都町"", ""混雑状況"": ""---"", ""避難所名"": ""二瀬本コミュニティセンター"", ""開設状況"": ""---""}",unmatched,no_candidate,,0,,,,,,,,,,,[],,[],[],reference/43000_1.csv,dd6686fa000c3e720180ba96d02aacff987aec1bba3c9bc69a5867fc0089d10d
2026-07-30,2026-07-30T00:13:27+09:00,26/07/30 00:13時点の避難所状況の一覧です。,2026-07-30T00:13+09:00,web:47157f9c92e7072ea0e2,47157f9c92e7072ea0e2,山都町,井無田公民館,---,false,---,,山都町井無田1385-3,検索,,,,,https://portal.bousai.pref.kumamoto.jp/sp.html?p=evacuation%2Fshelter&l=15-0&ll=32.63819999999999%2C130.77610000000004&z=9&municipalityCd=430005,5dc745fa7ceee658559c39d90d6e317aa106e19cb1b7da7356826fbcdd47b53b,"{""ルート検索"": ""検索"", ""住所"": ""山都町井無田1385-3"", ""市町村"": ""山都町"", ""混雑状況"": ""---"", ""避難所名"": ""井無田公民館"", ""開設状況"": ""---""}",unmatched,no_candidate,,0,,,,,,,,,,,[],,[],[],reference/43000_1.csv,dd6686fa000c3e720180ba96d02aacff987aec1bba3c9bc69a5867fc0089d10d
2026-07-30,2026-07-30T00:13:27+09:00,26/07/30 00:13時点の避難所状況の一覧です。,2026-07-30T00:13+09:00,web:75b54be61393a9112bf1,75b54be61393a9112bf1,山都町,人権センター,---,false,---,,山都町浜町30-1,検索,,,,,https://portal.bousai.pref.kumamoto.jp/sp.html?p=evacuation%2Fshelter&l=15-0&ll=32.63819999999999%2C130.77610000000004&z=9&municipalityCd=430005,44e4c64a82de7414a8053118b965588f489296d25ce2d2e9d45cf122f0d04e8b,"{""ルート検索"": ""検索"", ""住所"": ""山都町浜町30-1"", ""市町村"": ""山都町"", ""混雑状況"": ""---"", ""避難所名"": ""人権センター"", ""開設状況"": ""---""}",unmatched,no_candidate,,0,,,,,,,,,,,[],,[],[],reference/43000_1.csv,dd6686fa000c3e720180ba96d02aacff987aec1bba3c9bc69a5867fc0089d10d
2026-07-30,2026-07-30T00:13:27+09:00,26/07/30 00:13時点の避難所状況の一覧です。,2026-07-30T00:13+09:00,web:882450c424ff030d6cee,882450c424ff030d6cee,山都町,保健福祉センター千寿苑,開設,true,平常,,山都町千滝232,検索,,,,,https://portal.bousai.pref.kumamoto.jp/sp.html?p=evacuation%2Fshelter&l=15-0&ll=32.63819999999999%2C130.77610000000004&z=9&municipalityCd=430005,37b0357bfb09d3a3f129b1bd8ad3cafed0e74238f7437ba194f1072ad14d1741,"{""ルート検索"": ""検索"", ""住所"": ""山都町千滝232"", ""市町村"": ""山都町"", ""混雑状況"": ""平常"", ""避難所名"": ""保健福祉センター千寿苑"", ""開設状況"": ""開設""}",unmatched,fuzzy_below_threshold,0.925,0,,,,,,,,,,,[],,[],"[{""NO"": ""783"", ""その他市町村長が必要と認める事項"": """", ""住所"": ""熊本県山都町千滝232"", ""備考"": """", ""共通ID"": ""E4344700034121"", ""受入対象者"": ""災害対策基本法第49条の10第1項に規定する者"", ""指定緊急避難場所との住所同一"": ""1"", ""施設・場所名"": ""矢部保健福祉センター千寿苑"", ""経度"": ""130.98571161376"", ""緯度"": ""32.679611963699""}]",reference/43000_1.csv,dd6686fa000c3e720180ba96d02aacff987aec1bba3c9bc69a5867fc0089d10d
2026-07-30,2026-07-30T00:13:27+09:00,26/07/30 00:13時点の避難所状況の一覧です。,2026-07-30T00:13+09:00,web:f67589fb41198729dc7c,f67589fb41198729dc7c,山都町,北浜館,---,false,---,,山都町杉木472-1,検索,,,,,https://portal.bousai.pref.kumamoto.jp/sp.html?p=evacuation%2Fshelter&l=15-0&ll=32.63819999999999%2C130.77610000000004&z=9&municipalityCd=430005,6dd7548a42b5f94030077bec42104acd219a4489d75b38b8e2b7fdf8f9c83abc,"{""ルート検索"": ""検索"", ""住所"": ""山都町杉木472-1"", ""市町村"": ""山都町"", ""混雑状況"": ""---"", ""避難所名"": ""北浜館"", ""開設状況"": ""---""}",unmatched,no_candidate,,0,,,,,,,,,,,[],,[],[],reference/43000_1.csv,dd6686fa000c3e720180ba96d02aacff987aec1bba3c9bc69a5867fc0089d10d
2026-07-30,2026-07-30T00:13:27+09:00,26/07/30 00:13時点の避難所状況の一覧です。,2026-07-30T00:13+09:00,web:4ef40221595ec71e4ec7,4ef40221595ec71e4ec7,山都町,原コミュニティ施設,---,false,---,,山都町原304,検索,,,,,https://portal.bousai.pref.kumamoto.jp/sp.html?p=evacuation%2Fshelter&l=15-0&ll=32.63819999999999%2C130.77610000000004&z=9&municipalityCd=430005,def8498f973fc952478cd1f15465354d67d1f406ce0aadf973b34a4e4ef56c0e,"{""ルート検索"": ""検索"", ""住所"": ""山都町原304"", ""市町村"": ""山都町"", ""混雑状況"": ""---"", ""避難所名"": ""原コミュニティ施設"", ""開設状況"": ""---""}",unmatched,no_candidate,,0,,,,,,,,,,,[],,[],[],reference/43000_1.csv,dd6686fa000c3e720180ba96d02aacff987aec1bba3c9bc69a5867fc0089d10d
2026-07-30,2026-07-30T00:13:27+09:00,26/07/30 00:13時点の避難所状況の一覧です。,2026-07-30T00:13+09:00,web:bfd0c84095972c8cb033,bfd0c84095972c8cb033,山都町,安方婦人若者等活動促進施設,---,false,---,,山都町安方171,検索,,,,,https://portal.bousai.pref.kumamoto.jp/sp.html?p=evacuation%2Fshelter&l=15-0&ll=32.63819999999999%2C130.77610000000004&z=9&municipalityCd=430005,87b9fdf98ee7de199e1a9e02f3169dcbcccf7b10f8c1bc60df1d0fb153302717,"{""ルート検索"": ""検索"", ""住所"": ""山都町安方171"", ""市町村"": ""山都町"", ""混雑状況"": ""---"", ""避難所名"": ""安方婦人若者等活動促進施設"", ""開設状況"": ""---""}",unmatched,no_candidate,,0,,,,,,,,,,,[],,[],[],reference/43000_1.csv,dd6686fa000c3e720180ba96d02aacff987aec1bba3c9bc69a5867fc0089d10d
2026-07-30,2026-07-30T00:13:27+09:00,26/07/30 00:13時点の避難所状況の一覧です。,2026-07-30T00:13+09:00,web:ab5ee370924113a5769d,ab5ee370924113a5769d,山都町,寺川公民館,---,false,---,,熊本県山都町上寺740-1,検索,,,,,https://portal.bousai.pref.kumamoto.jp/sp.html?p=evacuation%2Fshelter&l=15-0&ll=32.63819999999999%2C130.77610000000004&z=9&municipalityCd=430005,86a9ee6b5ac78ee56adf4d1eacc3d17369950b62b2204e1b13f9a905a478c96c,"{""ルート検索"": ""検索"", ""住所"": ""熊本県山都町上寺740-1"", ""市町村"": ""山都町"", ""混雑状況"": ""---"", ""避難所名"": ""寺川公民館"", ""開設状況"": ""---""}",unmatched,no_candidate,,0,,,,,,,,,,,[],,[],[],reference/43000_1.csv,dd6686fa000c3e720180ba96d02aacff987aec1bba3c9bc69a5867fc0089d10d
2026-07-30,2026-07-30T00:13:27+09:00,26/07/30 00:13時点の避難所状況の一覧です。,2026-07-30T00:13+09:00,web:3e724e838f074a44fd89,3e724e838f074a44fd89,山都町,小峰体育館,---,false,---,,山都町小峰1385,検索,,,,,https://portal.bousai.pref.kumamoto.jp/sp.html?p=evacuation%2Fshelter&l=15-0&ll=32.63819999999999%2C130.77610000000004&z=9&municipalityCd=430005,1883e9fc05b3a29392673c00d74485fa97edceee2c33f81734ff8ffb898e141e,"{""ルート検索"": ""検索"", ""住所"": ""山都町小峰1385"", ""市町村"": ""山都町"", ""混雑状況"": ""---"", ""避難所名"": ""小峰体育館"", ""開設状況"": ""---""}",unmatched,no_candidate,,0,,,,,,,,,,,[],,[],[],reference/43000_1.csv,dd6686fa000c3e720180ba96d02aacff987aec1bba3c9bc69a5867fc0089d10d
2026-07-30,2026-07-30T00:13:27+09:00,26/07/30 00:13時点の避難所状況の一覧です。,2026-07-30T00:13+09:00,web:694ce11a6f02603504c2,694ce11a6f02603504c2,山都町,山都町役場清和支所,開設,true,平常,,山都町大平385,検索,,,,,https://portal.bousai.pref.kumamoto.jp/sp.html?p=evacuation%2Fshelter&l=15-0&ll=32.63819999999999%2C130.77610000000004&z=9&municipalityCd=430005,b2ed0bd1012fc6102c69537dfdcfd3d2e24d6cee3a6ff9c3ac0adb8a8d1b1bea,"{""ルート検索"": ""検索"", ""住所"": ""山都町大平385"", ""市町村"": ""山都町"", ""混雑状況"": ""平常"", ""避難所名"": ""山都町役場清和支所"", ""開設状況"": ""開設""}",unmatched,no_candidate,,0,,,,,,,,,,,[],,[],[],reference/43000_1.csv,dd6686fa000c3e720180ba96d02aacff987aec1bba3c9bc69a5867fc0089d10d
2026-07-30,2026-07-30T00:13:27+09:00,26/07/30 00:13時点の避難所状況の一覧です。,2026-07-30T00:13+09:00,web:4d80aaace65ddb98683c,4d80aaace65ddb98683c,山都町,山都町役場蘇陽支所,開設,true,平常,,山都町今500,検索,,,,,https://portal.bousai.pref.kumamoto.jp/sp.html?p=evacuation%2Fshelter&l=15-0&ll=32.63819999999999%2C130.77610000000004&z=9&municipalityCd=430005,8e175a9c4fe0bf8343588f53111fad04dbf1b0cc6824a60ff0a7aaf446ea5794,"{""ルート検索"": ""検索"", ""住所"": ""山都町今500"", ""市町村"": ""山都町"", ""混雑状況"": ""平常"", ""避難所名"": ""山都町役場蘇陽支所"", ""開設状況"": ""開設""}",unmatched,no_candidate,,0,,,,,,,,,,,[],,[],[],reference/43000_1.csv,dd6686fa000c3e720180ba96d02aacff987aec1bba3c9bc69a5867fc0089d10d
2026-07-30,2026-07-30T00:13:27+09:00,26/07/30 00:13時点の避難所状況の一覧です。,2026-07-30T00:13+09:00,web:57447e14c26b35ee942b,57447e14c26b35ee942b,山都町,山都総合体育館パスレル,---,false,---,,熊本県上益城郡山都町長原739-3,検索,,,,,https://portal.bousai.pref.kumamoto.jp/sp.html?p=evacuation%2Fshelter&l=15-0&ll=32.63819999999999%2C130.77610000000004&z=9&municipalityCd=430005,04c86764e1b863de1362f41d64ac21620de1b0f4f4afdc8e5555ae694fba50f1,"{""ルート検索"": ""検索"", ""住所"": ""熊本県上益城郡山都町長原739-3"", ""市町村"": ""山都町"", ""混雑状況"": ""---"", ""避難所名"": ""山都総合体育館パスレル"", ""開設状況"": ""---""}",unmatched,no_candidate,,0,,,,,,,,,,,[],,[],[],reference/43000_1.csv,dd6686fa000c3e720180ba96d02aacff987aec1bba3c9bc69a5867fc0089d10d
2026-07-30,2026-07-30T00:13:27+09:00,26/07/30 00:13時点の避難所状況の一覧です。,2026-07-30T00:13+09:00,web:82b416f92c07cdc687e8,82b416f92c07cdc687e8,山都町,島木改善センター,---,false,---,,山都町島木2391-2,検索,,,,,https://portal.bousai.pref.kumamoto.jp/sp.html?p=evacuation%2Fshelter&l=15-0&ll=32.63819999999999%2C130.77610000000004&z=9&municipalityCd=430005,dd6a39910ef4706db0220b8e4a45c96de521da21c7b521351d495043560ecb5e,"{""ルート検索"": ""検索"", ""住所"": ""山都町島木2391-2"", ""市町村"": ""山都町"", ""混雑状況"": ""---"", ""避難所名"": ""島木改善センター"", ""開設状況"": ""---""}",unmatched,no_candidate,,0,,,,,,,,,,,[],,[],[],reference/43000_1.csv,dd6686fa000c3e720180ba96d02aacff987aec1bba3c9bc69a5867fc0089d10d
2026-07-30,2026-07-30T00:13:27+09:00,26/07/30 00:13時点の避難所状況の一覧です。,2026-07-30T00:13+09:00,web:ebcbf481bd27362dba84,ebcbf481bd27362dba84,山都町,川内公民館,---,false,---,,山都町川野1751-1,検索,,,,,https://portal.bousai.pref.kumamoto.jp/sp.html?p=evacuation%2Fshelter&l=15-0&ll=32.63819999999999%2C130.77610000000004&z=9&municipalityCd=430005,203796b12aa012b7b203beeca761013c8580d4474018f1ad550832f5455f46f4,"{""ルート検索"": ""検索"", ""住所"": ""山都町川野1751-1"", ""市町村"": ""山都町"", ""混雑状況"": ""---"", ""避難所名"": ""川内公民館"", ""開設状況"": ""---""}",unmatched,no_candidate,,0,,,,,,,,,,,[],,[],[],reference/43000_1.csv,dd6686fa000c3e720180ba96d02aacff987aec1bba3c9bc69a5867fc0089d10d
2026-07-30,2026-07-30T00:13:27+09:00,26/07/30 00:13時点の避難所状況の一覧です。,2026-07-30T00:13+09:00,web:37a0851a729a0348b78f,37a0851a729a0348b78f,山都町,新藤公民館,---,false,---,,山都町新小589-1,検索,,,,,https://portal.bousai.pref.kumamoto.jp/sp.html?p=evacuation%2Fshelter&l=15-0&ll=32.63819999999999%2C130.77610000000004&z=9&municipalityCd=430005,fb9fad03de04883b9ac98bbf32bd965ed8ae6dbdf08eeb499dd1b2d39c671d12,"{""ルート検索"": ""検索"", ""住所"": ""山都町新小589-1"", ""市町村"": ""山都町"", ""混雑状況"": ""---"", ""避難所名"": ""新藤公民館"", ""開設状況"": ""---""}",unmatched,no_candidate,,0,,,,,,,,,,,[],,[],[],reference/43000_1.csv,dd6686fa000c3e720180ba96d02aacff987aec1bba3c9bc69a5867fc0089d10d
2026-07-30,2026-07-30T00:13:27+09:00,26/07/30 00:13時点の避難所状況の一覧です。,2026-07-30T00:13+09:00,web:dfbcf7e0f7c861aaa84e,dfbcf7e0f7c861aaa84e,山都町,方ケ野地区自活センター,---,false,---,,熊本県上益城郡山都町方ケ野180-1,検索,,,,,https://portal.bousai.pref.kumamoto.jp/sp.html?p=evacuation%2Fshelter&l=15-0&ll=32.63819999999999%2C130.77610000000004&z=9&municipalityCd=430005,5a3ceb379589ea6ed39bebc4c43d70b78592d2204b75fc4b32906f75759fcf6d,"{""ルート検索"": ""検索"", ""住所"": ""熊本県上益城郡山都町方ケ野180-1"", ""市町村"": ""山都町"", ""混雑状況"": ""---"", ""避難所名"": ""方ケ野地区自活センター"", ""開設状況"": ""---""}",unmatched,no_candidate,,0,,,,,,,,,,,[],,[],[],reference/43000_1.csv,dd6686fa000c3e720180ba96d02aacff987aec1bba3c9bc69a5867fc0089d10d
2026-07-30,2026-07-30T00:13:27+09:00,26/07/30 00:13時点の避難所状況の一覧です。,2026-07-30T00:13+09:00,web:9a7307315e5fb6ed5b8e,9a7307315e5fb6ed5b8e,山都町,旧白糸保育園,---,false,---,,山都町新小851,検索,,,,,https://portal.bousai.pref.kumamoto.jp/sp.html?p=evacuation%2Fshelter&l=15-0&ll=32.63819999999999%2C130.77610000000004&z=9&municipalityCd=430005,0c1aada02fed9c108c655ad2f04efc221953ac798c5d8dfb9d98dd46fba9c2e1,"{""ルート検索"": ""検索"", ""住所"": ""山都町新小851"", ""市町村"": ""山都町"", ""混雑状況"": ""---"", ""避難所名"": ""旧白糸保育園"", ""開設状況"": ""---""}",unmatched,no_candidate,,0,,,,,,,,,,,[],,[],[],reference/43000_1.csv,dd6686fa000c3e720180ba96d02aacff987aec1bba3c9bc69a5867fc0089d10d
2026-07-30,2026-07-30T00:13:27+09:00,26/07/30 00:13時点の避難所状況の一覧です。,2026-07-30T00:13+09:00,web:43357b492957a6bfe50d,43357b492957a6bfe50d,山都町,木原谷体育館,---,false,---,,山都町木原谷355,検索,,,,,https://portal.bousai.pref.kumamoto.jp/sp.html?p=evacuation%2Fshelter&l=15-0&ll=32.63819999999999%2C130.77610000000004&z=9&municipalityCd=430005,c92fe1c7520ace8b5520042737dd619b8a1f3d0cbecc658addde67e62922f1d1,"{""ルート検索"": ""検索"", ""住所"": ""山都町木原谷355"", ""市町村"": ""山都町"", ""混雑状況"": ""---"", ""避難所名"": ""木原谷体育館"", ""開設状況"": ""---""}",unmatched,no_candidate,,0,,,,,,,,,,,[],,[],[],reference/43000_1.csv,dd6686fa000c3e720180ba96d02aacff987aec1bba3c9bc69a5867fc0089d10d
2026-07-30,2026-07-30T00:13:27+09:00,26/07/30 00:13時点の避難所状況の一覧です。,2026-07-30T00:13+09:00,web:a039218107f551c6b1c2,a039218107f551c6b1c2,山都町,東竹原老人憩いの家,---,false,---,,山都町東竹原285-1,検索,,,,,https://portal.bousai.pref.kumamoto.jp/sp.html?p=evacuation%2Fshelter&l=15-0&ll=32.63819999999999%2C130.77610000000004&z=9&municipalityCd=430005,5c72b21021055a4c41175bf308ce3ea85a2c2e7ab73ac00c6ae6f7da1664fb9a,"{""ルート検索"": ""検索"", ""住所"": ""山都町東竹原285-1"", ""市町村"": ""山都町"", ""混雑状況"": ""---"", ""避難所名"": ""東竹原老人憩いの家"", ""開設状況"": ""---""}",unmatched,no_candidate,,0,,,,,,,,,,,[],,[],[],reference/43000_1.csv,dd6686fa000c3e720180ba96d02aacff987aec1bba3c9bc69a5867fc0089d10d
2026-07-30,2026-07-30T00:13:27+09:00,26/07/30 00:13時点の避難所状況の一覧です。,2026-07-30T00:13+09:00,web:cca42c8caff00e76d27e,cca42c8caff00e76d27e,山都町,橘地区交流館,---,false,---,,山都町橘135-2,検索,,,,,https://portal.bousai.pref.kumamoto.jp/sp.html?p=evacuation%2Fshelter&l=15-0&ll=32.63819999999999%2C130.77610000000004&z=9&municipalityCd=430005,43640d3a1d37fd0da11a58d83f72d65c9810760b76613eade8740c4b049d8904,"{""ルート検索"": ""検索"", ""住所"": ""山都町橘135-2"", ""市町村"": ""山都町"", ""混雑状況"": ""---"", ""避難所名"": ""橘地区交流館"", ""開設状況"": ""---""}",unmatched,no_candidate,,0,,,,,,,,,,,[],,[],[],reference/43000_1.csv,dd6686fa000c3e720180ba96d02aacff987aec1bba3c9bc69a5867fc0089d10d
2026-07-30,2026-07-30T00:13:27+09:00,26/07/30 00:13時点の避難所状況の一覧です。,2026-07-30T00:13+09:00,web:aaa28a87a79debdc154a,aaa28a87a79debdc154a,山都町,津留公民館,---,false,---,,山都町津留1024-2,検索,,,,,https://portal.bousai.pref.kumamoto.jp/sp.html?p=evacuation%2Fshelter&l=15-0&ll=32.63819999999999%2C130.77610000000004&z=9&municipalityCd=430005,2ec3f8e7e0c67b0548165be07e59aa99cbaabf661d3ea922909239ff1fa0ac74,"{""ルート検索"": ""検索"", ""住所"": ""山都町津留1024-2"", ""市町村"": ""山都町"", ""混雑状況"": ""---"", ""避難所名"": ""津留公民館"", ""開設状況"": ""---""}",unmatched,no_candidate,,0,,,,,,,,,,,[],,[],[],reference/43000_1.csv,dd6686fa000c3e720180ba96d02aacff987aec1bba3c9bc69a5867fc0089d10d
2026-07-30,2026-07-30T00:13:27+09:00,26/07/30 00:13時点の避難所状況の一覧です。,2026-07-30T00:13+09:00,web:6b123a0c0686ba164be7,6b123a0c0686ba164be7,山都町,潤徳小学校体育館,---,false,---,,山都町入佐264,検索,,,,,https://portal.bousai.pref.kumamoto.jp/sp.html?p=evacuation%2Fshelter&l=15-0&ll=32.63819999999999%2C130.77610000000004&z=9&municipalityCd=430005,b1e8349b028f66e4842c755fd28babfdf1b63cf67327bc9e574613d83753b655,"{""ルート検索"": ""検索"", ""住所"": ""山都町入佐264"", ""市町村"": ""山都町"", ""混雑状況"": ""---"", ""避難所名"": ""潤徳小学校体育館"", ""開設状況"": ""---""}",unmatched,no_candidate,,0,,,,,,,,,,,[],,[],[],reference/43000_1.csv,dd6686fa000c3e720180ba96d02aacff987aec1bba3c9bc69a5867fc0089d10d
2026-07-30,2026-07-30T00:13:27+09:00,26/07/30 00:13時点の避難所状況の一覧です。,2026-07-30T00:13+09:00,web:ca3aaf0ad439da81209a,ca3aaf0ad439da81209a,山都町,牧野公民館,---,false,---,,山都町牧野1793-1,検索,,,,,https://portal.bousai.pref.kumamoto.jp/sp.html?p=evacuation%2Fshelter&l=15-0&ll=32.63819999999999%2C130.77610000000004&z=9&municipalityCd=430005,e8e2851b3983b3858fd06212c900d4be9ef0591b0ca482a971287a9dc95fee5c,"{""ルート検索"": ""検索"", ""住所"": ""山都町牧野1793-1"", ""市町村"": ""山都町"", ""混雑状況"": ""---"", ""避難所名"": ""牧野公民館"", ""開設状況"": ""---""}",unmatched,no_candidate,,0,,,,,,,,,,,[],,[],[],reference/43000_1.csv,dd6686fa000c3e720180ba96d02aacff987aec1bba3c9bc69a5867fc0089d10d
2026-07-30,2026-07-30T00:13:27+09:00,26/07/30 00:13時点の避難所状況の一覧です。,2026-07-30T00:13+09:00,web:781fc772fcd44c55ef13,781fc772fcd44c55ef13,山都町,猿丸公民館,---,false,---,,山都町柳272-7,検索,,,,,https://portal.bousai.pref.kumamoto.jp/sp.html?p=evacuation%2Fshelter&l=15-0&ll=32.63819999999999%2C130.77610000000004&z=9&municipalityCd=430005,ff2b14fa43c0e8b872529de5e0703aa46577a0d5f838eb4554e058c4381b0bd9,"{""ルート検索"": ""検索"", ""住所"": ""山都町柳272-7"", ""市町村"": ""山都町"", ""混雑状況"": ""---"", ""避難所名"": ""猿丸公民館"", ""開設状況"": ""---""}",unmatched,no_candidate,,0,,,,,,,,,,,[],,[],[],reference/43000_1.csv,dd6686fa000c3e720180ba96d02aacff987aec1bba3c9bc69a5867fc0089d10d
2026-07-30,2026-07-30T00:13:27+09:00,26/07/30 00:13時点の避難所状況の一覧です。,2026-07-30T00:13+09:00,web:f7550e59921501c6cce7,f7550e59921501c6cce7,山都町,田小野コミュニティ供用施設,---,false,---,,山都町田小野327-1,検索,,,,,https://portal.bousai.pref.kumamoto.jp/sp.html?p=evacuation%2Fshelter&l=15-0&ll=32.63819999999999%2C130.77610000000004&z=9&municipalityCd=430005,3d056b33cf979e49274ce6ed38f0f754ccf322e0fa1aec40cbf3c1af6f8f7dc7,"{""ルート検索"": ""検索"", ""住所"": ""山都町田小野327-1"", ""市町村"": ""山都町"", ""混雑状況"": ""---"", ""避難所名"": ""田小野コミュニティ供用施設"", ""開設状況"": ""---""}",unmatched,no_candidate,,0,,,,,,,,,,,[],,[],[],reference/43000_1.csv,dd6686fa000c3e720180ba96d02aacff987aec1bba3c9bc69a5867fc0089d10d
2026-07-30,2026-07-30T00:13:27+09:00,26/07/30 00:13時点の避難所状況の一覧です。,2026-07-30T00:13+09:00,web:5b25f4ab4eb50c68f826,5b25f4ab4eb50c68f826,山都町,田所公民館,---,false,---,,熊本県上益城郡山都町田所101,検索,,,,,https://portal.bousai.pref.kumamoto.jp/sp.html?p=evacuation%2Fshelter&l=15-0&ll=32.63819999999999%2C130.77610000000004&z=9&municipalityCd=430005,774084117c1d7d8e29016dedde4b20a0c542e57656fc2884ea329417970129b6,"{""ルート検索"": ""検索"", ""住所"": ""熊本県上益城郡山都町田所101"", ""市町村"": ""山都町"", ""混雑状況"": ""---"", ""避難所名"": ""田所公民館"", ""開設状況"": ""---""}",unmatched,no_candidate,,0,,,,,,,,,,,[],,[],[],reference/43000_1.csv,dd6686fa000c3e720180ba96d02aacff987aec1bba3c9bc69a5867fc0089d10d
2026-07-30,2026-07-30T00:13:27+09:00,26/07/30 00:13時点の避難所状況の一覧です。,2026-07-30T00:13+09:00,web:b0abdc094930b0883b50,b0abdc094930b0883b50,山都町,百枝集落センター,---,false,---,,山都町上差尾273-2,検索,,,,,https://portal.bousai.pref.kumamoto.jp/sp.html?p=evacuation%2Fshelter&l=15-0&ll=32.63819999999999%2C130.77610000000004&z=9&municipalityCd=430005,12284051fae34c2eaea946e83e6eb01ca331026975052532cde584cec0127825,"{""ルート検索"": ""検索"", ""住所"": ""山都町上差尾273-2"", ""市町村"": ""山都町"", ""混雑状況"": ""---"", ""避難所名"": ""百枝集落センター"", ""開設状況"": ""---""}",unmatched,no_candidate,,0,,,,,,,,,,,[],,[],[],reference/43000_1.csv,dd6686fa000c3e720180ba96d02aacff987aec1bba3c9bc69a5867fc0089d10d
2026-07-30,2026-07-30T00:13:27+09:00,26/07/30 00:13時点の避難所状況の一覧です。,2026-07-30T00:13+09:00,web:e8e1a4c52c021b2b2d4b,e8e1a4c52c021b2b2d4b,山都町,矢部中学校体育館,---,false,---,,山都町城平527,検索,,,,,https://portal.bousai.pref.kumamoto.jp/sp.html?p=evacuation%2Fshelter&l=15-0&ll=32.63819999999999%2C130.77610000000004&z=9&municipalityCd=430005,6494382c66c4f2f49d6c5b2995c3715001b02f3fada8a12496d019b414f1d2bf,"{""ルート検索"": ""検索"", ""住所"": ""山都町城平527"", ""市町村"": ""山都町"", ""混雑状況"": ""---"", ""避難所名"": ""矢部中学校体育館"", ""開設状況"": ""---""}",unmatched,no_candidate,,0,,,,,,,,,,,[],,[],[],reference/43000_1.csv,dd6686fa000c3e720180ba96d02aacff987aec1bba3c9bc69a5867fc0089d10d
2026-07-30,2026-07-30T00:13:27+09:00,26/07/30 00:13時点の避難所状況の一覧です。,2026-07-30T00:13+09:00,web:f58dcbf2a4e58589b821,f58dcbf2a4e58589b821,山都町,矢部小学校体育館,---,false,---,,山都町下馬尾17,検索,,,,,https://portal.bousai.pref.kumamoto.jp/sp.html?p=evacuation%2Fshelter&l=15-0&ll=32.63819999999999%2C130.77610000000004&z=9&municipalityCd=430005,76086c5268befe19c2e9525e1b19dea05f47625858bd71527b2d2493d4a11838,"{""ルート検索"": ""検索"", ""住所"": ""山都町下馬尾17"", ""市町村"": ""山都町"", ""混雑状況"": ""---"", ""避難所名"": ""矢部小学校体育館"", ""開設状況"": ""---""}",unmatched,no_candidate,,0,,,,,,,,,,,[],,[],[],reference/43000_1.csv,dd6686fa000c3e720180ba96d02aacff987aec1bba3c9bc69a5867fc0089d10d
2026-07-30,2026-07-30T00:13:27+09:00,26/07/30 00:13時点の避難所状況の一覧です。,2026-07-30T00:13+09:00,web:41765dd4c7aaf5a287d7,41765dd4c7aaf5a287d7,山都町,矢部高校第2体育館,---,false,---,,山都町城平954,検索,,,,,https://portal.bousai.pref.kumamoto.jp/sp.html?p=evacuation%2Fshelter&l=15-0&ll=32.63819999999999%2C130.77610000000004&z=9&municipalityCd=430005,1fc8227fddcd12023203f9edb56e5285e5e879622592369cd5f24e96a95cd065,"{""ルート検索"": ""検索"", ""住所"": ""山都町城平954"", ""市町村"": ""山都町"", ""混雑状況"": ""---"", ""避難所名"": ""矢部高校第2体育館"", ""開設状況"": ""---""}",unmatched,no_candidate,,0,,,,,,,,,,,[],,[],[],reference/43000_1.csv,dd6686fa000c3e720180ba96d02aacff987aec1bba3c9bc69a5867fc0089d10d
2026-07-30,2026-07-30T00:13:27+09:00,26/07/30 00:13時点の避難所状況の一覧です。,2026-07-30T00:13+09:00,web:68994cc2adff5e5dae6a,68994cc2adff5e5dae6a,山都町,稲生野公民館,---,false,---,,山都町御所1486,検索,,,,,https://portal.bousai.pref.kumamoto.jp/sp.html?p=evacuation%2Fshelter&l=15-0&ll=32.63819999999999%2C130.77610000000004&z=9&municipalityCd=430005,56b483f681832d2c13332db5712d3ecae79cb27c3151ffb7e01192deb550a153,"{""ルート検索"": ""検索"", ""住所"": ""山都町御所1486"", ""市町村"": ""山都町"", ""混雑状況"": ""---"", ""避難所名"": ""稲生野公民館"", ""開設状況"": ""---""}",unmatched,no_candidate,,0,,,,,,,,,,,[],,[],[],reference/43000_1.csv,dd6686fa000c3e720180ba96d02aacff987aec1bba3c9bc69a5867fc0089d10d
2026-07-30,2026-07-30T00:13:27+09:00,26/07/30 00:13時点の避難所状況の一覧です。,2026-07-30T00:13+09:00,web:97841f19619029e35b5c,97841f19619029e35b5c,山都町,米生多目的集会所,---,false,---,,熊本県上益城郡山都町須原165-1,検索,,,,,https://portal.bousai.pref.kumamoto.jp/sp.html?p=evacuation%2Fshelter&l=15-0&ll=32.63819999999999%2C130.77610000000004&z=9&municipalityCd=430005,cd2e55916ef18f2c6821a75f8add16a78c2546db6cbe425eb35c7ac8c0102ca0,"{""ルート検索"": ""検索"", ""住所"": ""熊本県上益城郡山都町須原165-1"", ""市町村"": ""山都町"", ""混雑状況"": ""---"", ""避難所名"": ""米生多目的集会所"", ""開設状況"": ""---""}",unmatched,no_candidate,,0,,,,,,,,,,,[],,[],[],reference/43000_1.csv,dd6686fa000c3e720180ba96d02aacff987aec1bba3c9bc69a5867fc0089d10d
2026-07-30,2026-07-30T00:13:27+09:00,26/07/30 00:13時点の避難所状況の一覧です。,2026-07-30T00:13+09:00,web:619b1451ae0ca764abad,619b1451ae0ca764abad,山都町,総合体育館パスレル,開設,true,平常,,熊本県山都町千滝271,検索,,,,,https://portal.bousai.pref.kumamoto.jp/sp.html?p=evacuation%2Fshelter&l=15-0&ll=32.63819999999999%2C130.77610000000004&z=9&municipalityCd=430005,477319f5fec58854c0b731844dd1b61a121582095bfce5e2e729491e564773b8,"{""ルート検索"": ""検索"", ""住所"": ""熊本県山都町千滝271"", ""市町村"": ""山都町"", ""混雑状況"": ""平常"", ""避難所名"": ""総合体育館パスレル"", ""開設状況"": ""開設""}",unmatched,no_candidate,,0,,,,,,,,,,,[],,[],[],reference/43000_1.csv,dd6686fa000c3e720180ba96d02aacff987aec1bba3c9bc69a5867fc0089d10d
2026-07-30,2026-07-30T00:13:27+09:00,26/07/30 00:13時点の避難所状況の一覧です。,2026-07-30T00:13+09:00,web:7de418199365630b9328,7de418199365630b9328,山都町,花上多目的集会所,---,false,---,,山都町花上842,検索,,,,,https://portal.bousai.pref.kumamoto.jp/sp.html?p=evacuation%2Fshelter&l=15-0&ll=32.63819999999999%2C130.77610000000004&z=9&municipalityCd=430005,2ee3ac76aa4f51adda53112ed4eecf7a9afc53b23636c6bfc0a721f48fba2dab,"{""ルート検索"": ""検索"", ""住所"": ""山都町花上842"", ""市町村"": ""山都町"", ""混雑状況"": ""---"", ""避難所名"": ""花上多目的集会所"", ""開設状況"": ""---""}",unmatched,no_candidate,,0,,,,,,,,,,,[],,[],[],reference/43000_1.csv,dd6686fa000c3e720180ba96d02aacff987aec1bba3c9bc69a5867fc0089d10d
2026-07-30,2026-07-30T00:13:27+09:00,26/07/30 00:13時点の避難所状況の一覧です。,2026-07-30T00:13+09:00,web:d8f673cbf68a1a5bd292,d8f673cbf68a1a5bd292,山都町,菅尾コミュニティセンター,---,false,---,,山都町菅尾980,検索,,,,,https://portal.bousai.pref.kumamoto.jp/sp.html?p=evacuation%2Fshelter&l=15-0&ll=32.63819999999999%2C130.77610000000004&z=9&municipalityCd=430005,12273bd64781a98874e84d1cdc50309a8b0e90ea5d36714c644098dee02a8624,"{""ルート検索"": ""検索"", ""住所"": ""山都町菅尾980"", ""市町村"": ""山都町"", ""混雑状況"": ""---"", ""避難所名"": ""菅尾コミュニティセンター"", ""開設状況"": ""---""}",unmatched,no_candidate,,0,,,,,,,,,,,[],,[],[],reference/43000_1.csv,dd6686fa000c3e720180ba96d02aacff987aec1bba3c9bc69a5867fc0089d10d
2026-07-30,2026-07-30T00:13:27+09:00,26/07/30 00:13時点の避難所状況の一覧です。,2026-07-30T00:13+09:00,web:e7c73ac37c5dcd2b5418,e7c73ac37c5dcd2b5418,山都町,菅尾老人福祉センター,---,false,---,,山都町菅尾147-1,検索,,,,,https://portal.bousai.pref.kumamoto.jp/sp.html?p=evacuation%2Fshelter&l=15-0&ll=32.63819999999999%2C130.77610000000004&z=9&municipalityCd=430005,4a4d0a6f2bfe2a74bf6f5edac32376e8f798448e8863a0ce08eb4651dc96428c,"{""ルート検索"": ""検索"", ""住所"": ""山都町菅尾147-1"", ""市町村"": ""山都町"", ""混雑状況"": ""---"", ""避難所名"": ""菅尾老人福祉センター"", ""開設状況"": ""---""}",unmatched,no_candidate,,0,,,,,,,,,,,[],,[],[],reference/43000_1.csv,dd6686fa000c3e720180ba96d02aacff987aec1bba3c9bc69a5867fc0089d10d
2026-07-30,2026-07-30T00:13:27+09:00,26/07/30 00:13時点の避難所状況の一覧です。,2026-07-30T00:13+09:00,web:26b8a1451a21014fbbdd,26b8a1451a21014fbbdd,山都町,藤木公民館,---,false,---,,山都町藤木810-2,検索,,,,,https://portal.bousai.pref.kumamoto.jp/sp.html?p=evacuation%2Fshelter&l=15-0&ll=32.63819999999999%2C130.77610000000004&z=9&municipalityCd=430005,b4f7a710388e19b3ac28034e474ca63b7fc8746f98181b0f810dfb98cb1701c2,"{""ルート検索"": ""検索"", ""住所"": ""山都町藤木810-2"", ""市町村"": ""山都町"", ""混雑状況"": ""---"", ""避難所名"": ""藤木公民館"", ""開設状況"": ""---""}",unmatched,no_candidate,,0,,,,,,,,,,,[],,[],[],reference/43000_1.csv,dd6686fa000c3e720180ba96d02aacff987aec1bba3c9bc69a5867fc0089d10d
2026-07-30,2026-07-30T00:13:27+09:00,26/07/30 00:13時点の避難所状況の一覧です。,2026-07-30T00:13+09:00,web:63843e94da887378113c,63843e94da887378113c,山都町,蘇陽南小学校体育館,---,false,---,,山都町馬見原165,検索,,,,,https://portal.bousai.pref.kumamoto.jp/sp.html?p=evacuation%2Fshelter&l=15-0&ll=32.63819999999999%2C130.77610000000004&z=9&municipalityCd=430005,b665a46d0d96cc6cdfe3d44b151b00460b855f9b2902c5cdcc69d76ccc3e7e8d,"{""ルート検索"": ""検索"", ""住所"": ""山都町馬見原165"", ""市町村"": ""山都町"", ""混雑状況"": ""---"", ""避難所名"": ""蘇陽南小学校体育館"", ""開設状況"": ""---""}",unmatched,no_candidate,,0,,,,,,,,,,,[],,[],[],reference/43000_1.csv,dd6686fa000c3e720180ba96d02aacff987aec1bba3c9bc69a5867fc0089d10d
2026-07-30,2026-07-30T00:13:27+09:00,26/07/30 00:13時点の避難所状況の一覧です。,2026-07-30T00:13+09:00,web:081e0ead97814bd743f1,081e0ead97814bd743f1,山都町,西緑川多目的集会所,---,false,---,,山都町緑川3214,検索,,,,,https://portal.bousai.pref.kumamoto.jp/sp.html?p=evacuation%2Fshelter&l=15-0&ll=32.63819999999999%2C130.77610000000004&z=9&municipalityCd=430005,6f9b9f13618d0c8a13d3fea70b2398dcb92e406b8642772daf0c9add7a879487,"{""ルート検索"": ""検索"", ""住所"": ""山都町緑川3214"", ""市町村"": ""山都町"", ""混雑状況"": ""---"", ""避難所名"": ""西緑川多目的集会所"", ""開設状況"": ""---""}",unmatched,no_candidate,,0,,,,,,,,,,,[],,[],[],reference/43000_1.csv,dd6686fa000c3e720180ba96d02aacff987aec1bba3c9bc69a5867fc0089d10d
2026-07-30,2026-07-30T00:13:27+09:00,26/07/30 00:13時点の避難所状況の一覧です。,2026-07-30T00:13+09:00,web:a42768967c72a7bfac12,a42768967c72a7bfac12,山都町,野尻公民館,---,false,---,,熊本県上益城郡山都町野尻741-1,検索,,,,,https://portal.bousai.pref.kumamoto.jp/sp.html?p=evacuation%2Fshelter&l=15-0&ll=32.63819999999999%2C130.77610000000004&z=9&municipalityCd=430005,44d394b2a57fb38a23db2c658dc8b088dc6eeb5cab3822b8bb7d929d06c580eb,"{""ルート検索"": ""検索"", ""住所"": ""熊本県上益城郡山都町野尻741-1"", ""市町村"": ""山都町"", ""混雑状況"": ""---"", ""避難所名"": ""野尻公民館"", ""開設状況"": ""---""}",unmatched,no_candidate,,0,,,,,,,,,,,[],,[],[],reference/43000_1.csv,dd6686fa000c3e720180ba96d02aacff987aec1bba3c9bc69a5867fc0089d10d
2026-07-30,2026-07-30T00:13:27+09:00,26/07/30 00:13時点の避難所状況の一覧です。,2026-07-30T00:13+09:00,web:a90dd9f4bb45c5509616,a90dd9f4bb45c5509616,山都町,長崎地区交流館,---,false,---,,山都町長崎706-5,検索,,,,,https://portal.bousai.pref.kumamoto.jp/sp.html?p=evacuation%2Fshelter&l=15-0&ll=32.63819999999999%2C130.77610000000004&z=9&municipalityCd=430005,21d4c9cd3c17d34c52ed1fdd7a8ed202033ebdcd178136179c556dba32965898,"{""ルート検索"": ""検索"", ""住所"": ""山都町長崎706-5"", ""市町村"": ""山都町"", ""混雑状況"": ""---"", ""避難所名"": ""長崎地区交流館"", ""開設状況"": ""---""}",unmatched,no_candidate,,0,,,,,,,,,,,[],,[],[],reference/43000_1.csv,dd6686fa000c3e720180ba96d02aacff987aec1bba3c9bc69a5867fc0089d10d
2026-07-30,2026-07-30T00:13:27+09:00,26/07/30 00:13時点の避難所状況の一覧です。,2026-07-30T00:13+09:00,web:7eada94caae3e3494401,7eada94caae3e3494401,山都町,長谷地区交流館,---,false,---,,山都町長谷678-1,検索,,,,,https://portal.bousai.pref.kumamoto.jp/sp.html?p=evacuation%2Fshelter&l=15-0&ll=32.63819999999999%2C130.77610000000004&z=9&municipalityCd=430005,07569f9141d25338f4769bbd62a6461dcedea772ee3a7dec36dd7070afba5263,"{""ルート検索"": ""検索"", ""住所"": ""山都町長谷678-1"", ""市町村"": ""山都町"", ""混雑状況"": ""---"", ""避難所名"": ""長谷地区交流館"", ""開設状況"": ""---""}",unmatched,no_candidate,,0,,,,,,,,,,,[],,[],[],reference/43000_1.csv,dd6686fa000c3e720180ba96d02aacff987aec1bba3c9bc69a5867fc0089d10d
2026-07-30,2026-07-30T00:13:27+09:00,26/07/30 00:13時点の避難所状況の一覧です。,2026-07-30T00:13+09:00,web:1280c0dc0102aa70dd4d,1280c0dc0102aa70dd4d,山都町,馬見原西部地区交流館,---,false,---,,山都町大野347,検索,,,,,https://portal.bousai.pref.kumamoto.jp/sp.html?p=evacuation%2Fshelter&l=15-0&ll=32.63819999999999%2C130.77610000000004&z=9&municipalityCd=430005,263d496be677f2c99bede3931fe432365f5650abaaf95f5e125e0efadc5afebf,"{""ルート検索"": ""検索"", ""住所"": ""山都町大野347"", ""市町村"": ""山都町"", ""混雑状況"": ""---"", ""避難所名"": ""馬見原西部地区交流館"", ""開設状況"": ""---""}",unmatched,no_candidate,,0,,,,,,,,,,,[],,[],[],reference/43000_1.csv,dd6686fa000c3e720180ba96d02aacff987aec1bba3c9bc69a5867fc0089d10d
2026-07-30,2026-07-30T00:13:27+09:00,26/07/30 00:13時点の避難所状況の一覧です。,2026-07-30T00:13+09:00,web:f8942f6aa9db3367c934,f8942f6aa9db3367c934,山都町,高月集落センター,---,false,---,,熊本県上益城郡山都町高月1236,検索,,,,,https://portal.bousai.pref.kumamoto.jp/sp.html?p=evacuation%2Fshelter&l=15-0&ll=32.63819999999999%2C130.77610000000004&z=9&municipalityCd=430005,f3dd081a80aa3171d782aff6e5ef30739a64dd7dfc10ad3d8a3de72cacdd0102,"{""ルート検索"": ""検索"", ""住所"": ""熊本県上益城郡山都町高月1236"", ""市町村"": ""山都町"", ""混雑状況"": ""---"", ""避難所名"": ""高月集落センター"", ""開設状況"": ""---""}",unmatched,no_candidate,,0,,,,,,,,,,,[],,[],[],reference/43000_1.csv,dd6686fa000c3e720180ba96d02aacff987aec1bba3c9bc69a5867fc0089d10d
2026-07-30,2026-07-30T00:13:27+09:00,26/07/30 00:13時点の避難所状況の一覧です。,2026-07-30T00:13+09:00,web:9041abf324618e46ee19,9041abf324618e46ee19,山都町,高松高齢者生産センター,---,false,---,,山都町市の原313-2,検索,,,,,https://portal.bousai.pref.kumamoto.jp/sp.html?p=evacuation%2Fshelter&l=15-0&ll=32.63819999999999%2C130.77610000000004&z=9&municipalityCd=430005,68ba069012de6ad25ee32cf2816f884de67e4d56b90f3c69d9b8cd61a89ff337,"{""ルート検索"": ""検索"", ""住所"": ""山都町市の原313-2"", ""市町村"": ""山都町"", ""混雑状況"": ""---"", ""避難所名"": ""高松高齢者生産センター"", ""開設状況"": ""---""}",unmatched,no_candidate,,0,,,,,,,,,,,[],,[],[],reference/43000_1.csv,dd6686fa000c3e720180ba96d02aacff987aec1bba3c9bc69a5867fc0089d10d
2026-07-30,2026-07-30T00:13:27+09:00,26/07/30 00:13時点の避難所状況の一覧です。,2026-07-30T00:13+09:00,web:4bb7e6e1b906a28d6e13,4bb7e6e1b906a28d6e13,山都町,高辻地区集会所,---,false,---,,山都町高辻564-2,検索,,,,,https://portal.bousai.pref.kumamoto.jp/sp.html?p=evacuation%2Fshelter&l=15-0&ll=32.63819999999999%2C130.77610000000004&z=9&municipalityCd=430005,5908af372ce9759b12b16d4d506898a9dedc4ffbfed5e363510052adc11bb47a,"{""ルート検索"": ""検索"", ""住所"": ""山都町高辻564-2"", ""市町村"": ""山都町"", ""混雑状況"": ""---"", ""避難所名"": ""高辻地区集会所"", ""開設状況"": ""---""}",unmatched,no_candidate,,0,,,,,,,,,,,[],,[],[],reference/43000_1.csv,dd6686fa000c3e720180ba96d02aacff987aec1bba3c9bc69a5867fc0089d10d
2026-07-30,2026-07-30T00:13:27+09:00,26/07/30 00:13時点の避難所状況の一覧です。,2026-07-30T00:13+09:00,web:5edca05398216e7727d8,5edca05398216e7727d8,山鹿市,おさか童夢(つどいの広場),---,false,---,,山鹿市小坂2238,検索,,,,,https://portal.bousai.pref.kumamoto.jp/sp.html?p=evacuation%2Fshelter&l=15-0&ll=32.63819999999999%2C130.77610000000004&z=9&municipalityCd=430005,45bd1e66103b6b6cccf9361221cbc13daedbfb4bb79bc65dd94e07680de8e250,"{""ルート検索"": ""検索"", ""住所"": ""山鹿市小坂2238"", ""市町村"": ""山鹿市"", ""混雑状況"": ""---"", ""避難所名"": ""おさか童夢(つどいの広場)"", ""開設状況"": ""---""}",unmatched,no_candidate,,0,,,,,,,,,,,[],,[],[],reference/43000_1.csv,dd6686fa000c3e720180ba96d02aacff987aec1bba3c9bc69a5867fc0089d10d
2026-07-30,2026-07-30T00:13:27+09:00,26/07/30 00:13時点の避難所状況の一覧です。,2026-07-30T00:13+09:00,web:2bfda6fe4bc33d683071,2bfda6fe4bc33d683071,山鹿市,ふれあい塾,---,false,---,,山鹿市鹿央町合里370,検索,,,,,https://portal.bousai.pref.kumamoto.jp/sp.html?p=evacuation%2Fshelter&l=15-0&ll=32.63819999999999%2C130.77610000000004&z=9&municipalityCd=430005,20b192019de032aec2b531a32ad82b6e30117db8f3a2c59fea4560fef33d4679,"{""ルート検索"": ""検索"", ""住所"": ""山鹿市鹿央町合里370"", ""市町村"": ""山鹿市"", ""混雑状況"": ""---"", ""避難所名"": ""ふれあい塾"", ""開設状況"": ""---""}",unmatched,no_candidate,,0,,,,,,,,,,,[],,[],[],reference/43000_1.csv,dd6686fa000c3e720180ba96d02aacff987aec1bba3c9bc69a5867fc0089d10d
2026-07-30,2026-07-30T00:13:27+09:00,26/07/30 00:13時点の避難所状況の一覧です。,2026-07-30T00:13+09:00,web:7d72a04e39744bbd3a32,7d72a04e39744bbd3a32,山鹿市,めのだけ小学校(体育館),---,false,---,,山鹿市南島1125,検索,,,,,https://portal.bousai.pref.kumamoto.jp/sp.html?p=evacuation%2Fshelter&l=15-0&ll=32.63819999999999%2C130.77610000000004&z=9&municipalityCd=430005,018ea1fa45d573a3f57f3018a0e2bc0ee302901245715f0587fd361fde81d75f,"{""ルート検索"": ""検索"", ""住所"": ""山鹿市南島1125"", ""市町村"": ""山鹿市"", ""混雑状況"": ""---"", ""避難所名"": ""めのだけ小学校(体育館)"", ""開設状況"": ""---""}",unmatched,no_candidate,,0,,,,,,,,,,,[],,[],[],reference/43000_1.csv,dd6686fa000c3e720180ba96d02aacff987aec1bba3c9bc69a5867fc0089d10d
2026-07-30,2026-07-30T00:13:27+09:00,26/07/30 00:13時点の避難所状況の一覧です。,2026-07-30T00:13+09:00,web:962229f98beae4d9b6fa,962229f98beae4d9b6fa,山鹿市,サイクリングターミナル,---,false,---,,山鹿市鍋田2085,検索,,,,,https://portal.bousai.pref.kumamoto.jp/sp.html?p=evacuation%2Fshelter&l=15-0&ll=32.63819999999999%2C130.77610000000004&z=9&municipalityCd=430005,fd7d73ac8372b618e50ed9fff4558b10b9735a0cc02753a6d104e9c5ebe28310,"{""ルート検索"": ""検索"", ""住所"": ""山鹿市鍋田2085"", ""市町村"": ""山鹿市"", ""混雑状況"": ""---"", ""避難所名"": ""サイクリングターミナル"", ""開設状況"": ""---""}",unmatched,no_candidate,,0,,,,,,,,,,,[],,[],[],reference/43000_1.csv,dd6686fa000c3e720180ba96d02aacff987aec1bba3c9bc69a5867fc0089d10d
2026-07-30,2026-07-30T00:13:27+09:00,26/07/30 00:13時点の避難所状況の一覧です。,2026-07-30T00:13+09:00,web:418a825374db11c68bab,418a825374db11c68bab,山鹿市,三玉小学校(体育館),---,false,---,,山鹿市久原2935,検索,,,,,https://portal.bousai.pref.kumamoto.jp/sp.html?p=evacuation%2Fshelter&l=15-0&ll=32.63819999999999%2C130.77610000000004&z=9&municipalityCd=430005,0ca8dc2d930778ddfc3cbb1e8f746f3b48a49cb482eafb830b66c4c77c25724a,"{""ルート検索"": ""検索"", ""住所"": ""山鹿市久原2935"", ""市町村"": ""山鹿市"", ""混雑状況"": ""---"", ""避難所名"": ""三玉小学校(体育館)"", ""開設状況"": ""---""}",unmatched,fuzzy_below_threshold,0.762,0,,,,,,,,,,,[],,[],"[{""NO"": ""750"", ""その他市町村長が必要と認める事項"": """", ""住所"": ""熊本県山鹿市山鹿351"", ""備考"": """", ""共通ID"": ""E4320800020111"", ""受入対象者"": """", ""指定緊急避難場所との住所同一"": ""1"", ""施設・場所名"": ""山鹿小学校(体育館)"", ""経度"": ""130.693362"", ""緯度"": ""33.013991""}]",reference/43000_1.csv,dd6686fa000c3e720180ba96d02aacff987aec1bba3c9bc69a5867fc0089d10d
2026-07-30,2026-07-30T00:13:27+09:00,26/07/30 00:13時点の避難所状況の一覧です。,2026-07-30T00:13+09:00,web:f9de659a10472d7c35e8,f9de659a10472d7c35e8,山鹿市,上永野活性化施設,---,false,---,,山鹿市菊鹿町上永野518,検索,,,,,https://portal.bousai.pref.kumamoto.jp/sp.html?p=evacuation%2Fshelter&l=15-0&ll=32.63819999999999%2C130.77610000000004&z=9&municipalityCd=430005,dc9aa25a1d13f87d4bff3720206b3668665e91c12cfd55e4f8d9e6f0ec5e061f,"{""ルート検索"": ""検索"", ""住所"": ""山鹿市菊鹿町上永野518"", ""市町村"": ""山鹿市"", ""混雑状況"": ""---"", ""避難所名"": ""上永野活性化施設"", ""開設状況"": ""---""}",unmatched,no_candidate,,0,,,,,,,,,,,[],,[],[],reference/43000_1.csv,dd6686fa000c3e720180ba96d02aacff987aec1bba3c9bc69a5867fc0089d10d
2026-07-30,2026-07-30T00:13:27+09:00,26/07/30 00:13時点の避難所状況の一覧です。,2026-07-30T00:13+09:00,web:df4ab314c02285d26bd6,df4ab314c02285d26bd6,山鹿市,八千代座交流施設,---,false,---,,山鹿市山鹿1499,検索,,,,,https://portal.bousai.pref.kumamoto.jp/sp.html?p=evacuation%2Fshelter&l=15-0&ll=32.63819999999999%2C130.77610000000004&z=9&municipalityCd=430005,b3d7aeb3c666978145f514699dfbb76b3c8ee8d28b99e671209a2ffb38d49534,"{""ルート検索"": ""検索"", ""住所"": ""山鹿市山鹿1499"", ""市町村"": ""山鹿市"", ""混雑状況"": ""---"", ""避難所名"": ""八千代座交流施設"", ""開設状況"": ""---""}",unmatched,no_candidate,,0,,,,,,,,,,,[],,[],[],reference/43000_1.csv,dd6686fa000c3e720180ba96d02aacff987aec1bba3c9bc69a5867fc0089d10d
2026-07-30,2026-07-30T00:13:27+09:00,26/07/30 00:13時点の避難所状況の一覧です。,2026-07-30T00:13+09:00,web:3bf4b046961e6795ed07,3bf4b046961e6795ed07,山鹿市,大道小学校(体育館),---,false,---,,山鹿市方保田1792,検索,,,,,https://portal.bousai.pref.kumamoto.jp/sp.html?p=evacuation%2Fshelter&l=15-0&ll=32.63819999999999%2C130.77610000000004&z=9&municipalityCd=430005,ae8b04bc377bb6987bcb1ffadb7f3d59bd7b90f8b97eb5bec9bfd3e09991c52f,"{""ルート検索"": ""検索"", ""住所"": ""山鹿市方保田1792"", ""市町村"": ""山鹿市"", ""混雑状況"": ""---"", ""避難所名"": ""大道小学校(体育館)"", ""開設状況"": ""---""}",unmatched,fuzzy_below_threshold,0.736,0,,,,,,,,,,,[],,[],"[{""NO"": ""750"", ""その他市町村長が必要と認める事項"": """", ""住所"": ""熊本県山鹿市山鹿351"", ""備考"": """", ""共通ID"": ""E4320800020111"", ""受入対象者"": """", ""指定緊急避難場所との住所同一"": ""1"", ""施設・場所名"": ""山鹿小学校(体育館)"", ""経度"": ""130.693362"", ""緯度"": ""33.013991""}]",reference/43000_1.csv,dd6686fa000c3e720180ba96d02aacff987aec1bba3c9bc69a5867fc0089d10d
2026-07-30,2026-07-30T00:13:27+09:00,26/07/30 00:13時点の避難所状況の一覧です。,2026-07-30T00:13+09:00,web:e9d5c6dccbf6970a1133,e9d5c6dccbf6970a1133,山鹿市,山鹿バスセンター(待合室),---,false,---,,山鹿市中央通510-2,検索,,,,,https://portal.bousai.pref.kumamoto.jp/sp.html?p=evacuation%2Fshelter&l=15-0&ll=32.63819999999999%2C130.77610000000004&z=9&municipalityCd=430005,f3a147a089c9c299e2cc9334080d78448166334a0737c1b3623415a40e4460bf,"{""ルート検索"": ""検索"", ""住所"": ""山鹿市中央通510-2"", ""市町村"": ""山鹿市"", ""混雑状況"": ""---"", ""避難所名"": ""山鹿バスセンター(待合室)"", ""開設状況"": ""---""}",unmatched,no_candidate,,0,,,,,,,,,,,[],,[],[],reference/43000_1.csv,dd6686fa000c3e720180ba96d02aacff987aec1bba3c9bc69a5867fc0089d10d
2026-07-30,2026-07-30T00:13:27+09:00,26/07/30 00:13時点の避難所状況の一覧です。,2026-07-30T00:13+09:00,web:9301c4ed63f801d1ef23,9301c4ed63f801d1ef23,山鹿市,山鹿老人福祉センター,---,false,---,,山鹿市山鹿1328-1,検索,,,,,https://portal.bousai.pref.kumamoto.jp/sp.html?p=evacuation%2Fshelter&l=15-0&ll=32.63819999999999%2C130.77610000000004&z=9&municipalityCd=430005,3ec3a2553e5f7ecc229f3d29d89fa7fb940333e444fb5d9e618bf85885f892c7,"{""ルート検索"": ""検索"", ""住所"": ""山鹿市山鹿1328-1"", ""市町村"": ""山鹿市"", ""混雑状況"": ""---"", ""避難所名"": ""山鹿老人福祉センター"", ""開設状況"": ""---""}",unmatched,no_candidate,,0,,,,,,,,,,,[],,[],[],reference/43000_1.csv,dd6686fa000c3e720180ba96d02aacff987aec1bba3c9bc69a5867fc0089d10d
2026-07-30,2026-07-30T00:13:27+09:00,26/07/30 00:13時点の避難所状況の一覧です。,2026-07-30T00:13+09:00,web:d1cac3625fc2e62e787c,d1cac3625fc2e62e787c,山鹿市,岳間運動場(体育館),---,false,---,,山鹿市鹿北町多久1261,検索,,,,,https://portal.bousai.pref.kumamoto.jp/sp.html?p=evacuation%2Fshelter&l=15-0&ll=32.63819999999999%2C130.77610000000004&z=9&municipalityCd=430005,d7658b37bf30dcfbe53c5ad24404816d3b94a973b3229ea5e12a2f36b634e748,"{""ルート検索"": ""検索"", ""住所"": ""山鹿市鹿北町多久1261"", ""市町村"": ""山鹿市"", ""混雑状況"": ""---"", ""避難所名"": ""岳間運動場(体育館)"", ""開設状況"": ""---""}",unmatched,fuzzy_below_threshold,0.750,0,,,,,,,,,,,[],,[],"[{""NO"": ""756"", ""その他市町村長が必要と認める事項"": """", ""住所"": ""熊本県山鹿市鹿北町岩野500"", ""備考"": """", ""共通ID"": ""E4320800031111"", ""受入対象者"": """", ""指定緊急避難場所との住所同一"": ""1"", ""施設・場所名"": ""岩野運動場(体育館)"", ""経度"": ""130.692342"", ""緯度"": ""33.116455""}]",reference/43000_1.csv,dd6686fa000c3e720180ba96d02aacff987aec1bba3c9bc69a5867fc0089d10d
2026-07-30,2026-07-30T00:13:27+09:00,26/07/30 00:13時点の避難所状況の一覧です。,2026-07-30T00:13+09:00,web:fa57ccf2e3377b44d0d0,fa57ccf2e3377b44d0d0,山鹿市,川辺地域コミュニティセンター(体育館),---,false,---,,山鹿市保多田1551,検索,,,,,https://portal.bousai.pref.kumamoto.jp/sp.html?p=evacuation%2Fshelter&l=15-0&ll=32.63819999999999%2C130.77610000000004&z=9&municipalityCd=430005,c1a1f8df3d5fbbd2e393bdf0f450d732d5ebc42fdfb878eca9678cb0698aabdb,"{""ルート検索"": ""検索"", ""住所"": ""山鹿市保多田1551"", ""市町村"": ""山鹿市"", ""混雑状況"": ""---"", ""避難所名"": ""川辺地域コミュニティセンター(体育館)"", ""開設状況"": ""---""}",unmatched,fuzzy_below_threshold,0.868,0,,,,,,,,,,,[],,[],"[{""NO"": ""767"", ""その他市町村長が必要と認める事項"": """", ""住所"": ""熊本県山鹿市保多田1551"", ""備考"": """", ""共通ID"": ""E4320800057112"", ""受入対象者"": """", ""指定緊急避難場所との住所同一"": ""1"", ""施設・場所名"": ""川辺地域コミュニティセンター"", ""経度"": ""130.659003"", ""緯度"": ""33.016471""}]",reference/43000_1.csv,dd6686fa000c3e720180ba96d02aacff987aec1bba3c9bc69a5867fc0089d10d
2026-07-30,2026-07-30T00:13:27+09:00,26/07/30 00:13時点の避難所状況の一覧です。,2026-07-30T00:13+09:00,web:5a2b86b44901107efa4c,5a2b86b44901107efa4c,山鹿市,幸ケ丘研修センター,---,false,---,,山鹿市鹿北町芋生203-17,検索,,,,,https://portal.bousai.pref.kumamoto.jp/sp.html?p=evacuation%2Fshelter&l=15-0&ll=32.63819999999999%2C130.77610000000004&z=9&municipalityCd=430005,e1f334577ec83428e6940911f0a98e745624ebb9ab3f5f45dece0126886a662f,"{""ルート検索"": ""検索"", ""住所"": ""山鹿市鹿北町芋生203-17"", ""市町村"": ""山鹿市"", ""混雑状況"": ""---"", ""避難所名"": ""幸ケ丘研修センター"", ""開設状況"": ""---""}",unmatched,no_candidate,,0,,,,,,,,,,,[],,[],[],reference/43000_1.csv,dd6686fa000c3e720180ba96d02aacff987aec1bba3c9bc69a5867fc0089d10d
2026-07-30,2026-07-30T00:13:27+09:00,26/07/30 00:13時点の避難所状況の一覧です。,2026-07-30T00:13+09:00,web:3ea6559ab0001e1d11a2,3ea6559ab0001e1d11a2,山鹿市,旧中富小学校(体育館),---,false,---,,山鹿市鹿本町中川965,検索,,,,,https://portal.bousai.pref.kumamoto.jp/sp.html?p=evacuation%2Fshelter&l=15-0&ll=32.63819999999999%2C130.77610000000004&z=9&municipalityCd=430005,53623206aa0b1678e3ba34a551f309be8b24872104a3f231fa32b683eb8cb57e,"{""ルート検索"": ""検索"", ""住所"": ""山鹿市鹿本町中川965"", ""市町村"": ""山鹿市"", ""混雑状況"": ""---"", ""避難所名"": ""旧中富小学校(体育館)"", ""開設状況"": ""---""}",unmatched,no_candidate,,0,,,,,,,,,,,[],,[],[],reference/43000_1.csv,dd6686fa000c3e720180ba96d02aacff987aec1bba3c9bc69a5867fc0089d10d
2026-07-30,2026-07-30T00:13:27+09:00,26/07/30 00:13時点の避難所状況の一覧です。,2026-07-30T00:13+09:00,web:f1db6a56c11da23e3c51,f1db6a56c11da23e3c51,山鹿市,旧内田小学校(体育館),---,false,---,,山鹿市菊鹿町上内田561,検索,,,,,https://portal.bousai.pref.kumamoto.jp/sp.html?p=evacuation%2Fshelter&l=15-0&ll=32.63819999999999%2C130.77610000000004&z=9&municipalityCd=430005,3f8ee6459ae5f58201fb989d5b122d1fa6ee4ce166b34c6ea9b2c91d500f1b36,"{""ルート検索"": ""検索"", ""住所"": ""山鹿市菊鹿町上内田561"", ""市町村"": ""山鹿市"", ""混雑状況"": ""---"", ""避難所名"": ""旧内田小学校(体育館)"", ""開設状況"": ""---""}",unmatched,no_candidate,,0,,,,,,,,,,,[],,[],[],reference/43000_1.csv,dd6686fa000c3e720180ba96d02aacff987aec1bba3c9bc69a5867fc0089d10d
2026-07-30,2026-07-30T00:13:27+09:00,26/07/30 00:13時点の避難所状況の一覧です。,2026-07-30T00:13+09:00,web:e3830e0b1716084e7fce,e3830e0b1716084e7fce,山鹿市,旧千田小学校(体育館),---,false,---,,山鹿市鹿央町千田4187,検索,,,,,https://portal.bousai.pref.kumamoto.jp/sp.html?p=evacuation%2Fshelter&l=15-0&ll=32.63819999999999%2C130.77610000000004&z=9&municipalityCd=430005,0a5146b9c0eb286982575e9f83d9926bd3e21e1d3da2c8009bddfe2f5a989011,"{""ルート検索"": ""検索"", ""住所"": ""山鹿市鹿央町千田4187"", ""市町村"": ""山鹿市"", ""混雑状況"": ""---"", ""避難所名"": ""旧千田小学校(体育館)"", ""開設状況"": ""---""}",unmatched,no_candidate,,0,,,,,,,,,,,[],,[],[],reference/43000_1.csv,dd6686fa000c3e720180ba96d02aacff987aec1bba3c9bc69a5867fc0089d10d
2026-07-30,2026-07-30T00:13:27+09:00,26/07/30 00:13時点の避難所状況の一覧です。,2026-07-30T00:13+09:00,web:45a32d3e3ed43fcf71c0,45a32d3e3ed43fcf71c0,山鹿市,旧稲田小学校(体育館),---,false,---,,山鹿市鹿本町高橋638,検索,,,,,https://portal.bousai.pref.kumamoto.jp/sp.html?p=evacuation%2Fshelter&l=15-0&ll=32.63819999999999%2C130.77610000000004&z=9&municipalityCd=430005,c1d740e1e7d360e34e8cfa5e9d17644055668e0e75bcd3557faf5e2d2d39788c,"{""ルート検索"": ""検索"", ""住所"": ""山鹿市鹿本町高橋638"", ""市町村"": ""山鹿市"", ""混雑状況"": ""---"", ""避難所名"": ""旧稲田小学校(体育館)"", ""開設状況"": ""---""}",unmatched,no_candidate,,0,,,,,,,,,,,[],,[],[],reference/43000_1.csv,dd6686fa000c3e720180ba96d02aacff987aec1bba3c9bc69a5867fc0089d10d
2026-07-30,2026-07-30T00:13:27+09:00,26/07/30 00:13時点の避難所状況の一覧です。,2026-07-30T00:13+09:00,web:ebe6d51043b025b28731,ebe6d51043b025b28731,山鹿市,旧鶴城中学校(体育館),---,false,---,,山鹿市津留1190,検索,,,,,https://portal.bousai.pref.kumamoto.jp/sp.html?p=evacuation%2Fshelter&l=15-0&ll=32.63819999999999%2C130.77610000000004&z=9&municipalityCd=430005,2c2cc1f14647c935324bc962584a50311ea023343db926d57296a64703245532,"{""ルート検索"": ""検索"", ""住所"": ""山鹿市津留1190"", ""市町村"": ""山鹿市"", ""混雑状況"": ""---"", ""避難所名"": ""旧鶴城中学校(体育館)"", ""開設状況"": ""---""}",unmatched,no_candidate,,0,,,,,,,,,,,[],,[],[],reference/43000_1.csv,dd6686fa000c3e720180ba96d02aacff987aec1bba3c9bc69a5867fc0089d10d
2026-07-30,2026-07-30T00:13:27+09:00,26/07/30 00:13時点の避難所状況の一覧です。,2026-07-30T00:13+09:00,web:34a71a2ca0b4af4258a0,34a71a2ca0b4af4258a0,山鹿市,本分地区多目的集会施設,---,false,---,,山鹿市菊鹿町木野3141-1,検索,,,,,https://portal.bousai.pref.kumamoto.jp/sp.html?p=evacuation%2Fshelter&l=15-0&ll=32.63819999999999%2C130.77610000000004&z=9&municipalityCd=430005,61251f4a4db5b65a2095fc8ceac460ae8329a231fd81f67ccebf3043028cc071,"{""ルート検索"": ""検索"", ""住所"": ""山鹿市菊鹿町木野3141-1"", ""市町村"": ""山鹿市"", ""混雑状況"": ""---"", ""避難所名"": ""本分地区多目的集会施設"", ""開設状況"": ""---""}",unmatched,no_candidate,,0,,,,,,,,,,,[],,[],[],reference/43000_1.csv,dd6686fa000c3e720180ba96d02aacff987aec1bba3c9bc69a5867fc0089d10d
2026-07-30,2026-07-30T00:13:27+09:00,26/07/30 00:13時点の避難所状況の一覧です。,2026-07-30T00:13+09:00,web:9fc3544541d73cf3ed95,9fc3544541d73cf3ed95,山鹿市,椎持研修センター,---,false,---,,山鹿市鹿北町椎持1524-1,検索,,,,,https://portal.bousai.pref.kumamoto.jp/sp.html?p=evacuation%2Fshelter&l=15-0&ll=32.63819999999999%2C130.77610000000004&z=9&municipalityCd=430005,c803fb35b46f8abb4e698ac322ecbcfc62eb26654fc7ac6b5ed44da833f7fb40,"{""ルート検索"": ""検索"", ""住所"": ""山鹿市鹿北町椎持1524-1"", ""市町村"": ""山鹿市"", ""混雑状況"": ""---"", ""避難所名"": ""椎持研修センター"", ""開設状況"": ""---""}",unmatched,no_candidate,,0,,,,,,,,,,,[],,[],[],reference/43000_1.csv,dd6686fa000c3e720180ba96d02aacff987aec1bba3c9bc69a5867fc0089d10d
2026-07-30,2026-07-30T00:13:27+09:00,26/07/30 00:13時点の避難所状況の一覧です。,2026-07-30T00:13+09:00,web:fabc3bf5cdf4dbeb93e3,fabc3bf5cdf4dbeb93e3,山鹿市,水辺の学習館ゆめほたる,---,false,---,,山鹿市鹿本町中川1130-5,検索,,,,,https://portal.bousai.pref.kumamoto.jp/sp.html?p=evacuation%2Fshelter&l=15-0&ll=32.63819999999999%2C130.77610000000004&z=9&municipalityCd=430005,286530fbd0d8f815588f95f779949671ec8254b3a7648e119c8f4b9c5e627a06,"{""ルート検索"": ""検索"", ""住所"": ""山鹿市鹿本町中川1130-5"", ""市町村"": ""山鹿市"", ""混雑状況"": ""---"", ""避難所名"": ""水辺の学習館ゆめほたる"", ""開設状況"": ""---""}",unmatched,no_candidate,,0,,,,,,,,,,,[],,[],[],reference/43000_1.csv,dd6686fa000c3e720180ba96d02aacff987aec1bba3c9bc69a5867fc0089d10d
2026-07-30,2026-07-30T00:13:27+09:00,26/07/30 00:13時点の避難所状況の一覧です。,2026-07-30T00:13+09:00,web:aeafa313330fa54174fd,aeafa313330fa54174fd,山鹿市,水辺プラザかもと,---,false,---,,山鹿市鹿本町梶屋1257,検索,,,,,https://portal.bousai.pref.kumamoto.jp/sp.html?p=evacuation%2Fshelter&l=15-0&ll=32.63819999999999%2C130.77610000000004&z=9&municipalityCd=430005,ed73e74fb8717d711c32262a286cf320b295b0277cce2fd6f32c8d0990d4c386,"{""ルート検索"": ""検索"", ""住所"": ""山鹿市鹿本町梶屋1257"", ""市町村"": ""山鹿市"", ""混雑状況"": ""---"", ""避難所名"": ""水辺プラザかもと"", ""開設状況"": ""---""}",unmatched,no_candidate,,0,,,,,,,,,,,[],,[],[],reference/43000_1.csv,dd6686fa000c3e720180ba96d02aacff987aec1bba3c9bc69a5867fc0089d10d
2026-07-30,2026-07-30T00:13:27+09:00,26/07/30 00:13時点の避難所状況の一覧です。,2026-07-30T00:13+09:00,web:56a70f3b03d818bd2203,56a70f3b03d818bd2203,山鹿市,深瀬健康増進施設,---,false,---,,山鹿市菊鹿町上内田1684,検索,,,,,https://portal.bousai.pref.kumamoto.jp/sp.html?p=evacuation%2Fshelter&l=15-0&ll=32.63819999999999%2C130.77610000000004&z=9&municipalityCd=430005,8af29bf98c34465017ec07d3f5c5cfc2f950a11523f2185ead261c90862cb13b,"{""ルート検索"": ""検索"", ""住所"": ""山鹿市菊鹿町上内田1684"", ""市町村"": ""山鹿市"", ""混雑状況"": ""---"", ""避難所名"": ""深瀬健康増進施設"", ""開設状況"": ""---""}",unmatched,no_candidate,,0,,,,,,,,,,,[],,[],[],reference/43000_1.csv,dd6686fa000c3e720180ba96d02aacff987aec1bba3c9bc69a5867fc0089d10d
2026-07-30,2026-07-30T00:13:27+09:00,26/07/30 00:13時点の避難所状況の一覧です。,2026-07-30T00:13+09:00,web:6f9a92f0449ce275baba,6f9a92f0449ce275baba,山鹿市,癒しの森ゆ~かむ,---,false,---,,山鹿市鹿北町椎持5-2,検索,,,,,https://portal.bousai.pref.kumamoto.jp/sp.html?p=evacuation%2Fshelter&l=15-0&ll=32.63819999999999%2C130.77610000000004&z=9&municipalityCd=430005,4f581bede6fe76df6e1798e159336d604c45571215f341cb829c38751bb9c777,"{""ルート検索"": ""検索"", ""住所"": ""山鹿市鹿北町椎持5-2"", ""市町村"": ""山鹿市"", ""混雑状況"": ""---"", ""避難所名"": ""癒しの森ゆ~かむ"", ""開設状況"": ""---""}",unmatched,no_candidate,,0,,,,,,,,,,,[],,[],[],reference/43000_1.csv,dd6686fa000c3e720180ba96d02aacff987aec1bba3c9bc69a5867fc0089d10d
2026-07-30,2026-07-30T00:13:27+09:00,26/07/30 00:13時点の避難所状況の一覧です。,2026-07-30T00:13+09:00,web:92826dd341de5b6c88bc,92826dd341de5b6c88bc,山鹿市,米野岳中学校(体育館),---,false,---,,山鹿市鹿央町岩原1350,検索,,,,,https://portal.bousai.pref.kumamoto.jp/sp.html?p=evacuation%2Fshelter&l=15-0&ll=32.63819999999999%2C130.77610000000004&z=9&municipalityCd=430005,aa5700ce9d230a6c3f0cb67d9387122a5d7f523f44f72eae52fffac45258af35,"{""ルート検索"": ""検索"", ""住所"": ""山鹿市鹿央町岩原1350"", ""市町村"": ""山鹿市"", ""混雑状況"": ""---"", ""避難所名"": ""米野岳中学校(体育館)"", ""開設状況"": ""---""}",unmatched,no_candidate,,0,,,,,,,,,,,[],,[],[],reference/43000_1.csv,dd6686fa000c3e720180ba96d02aacff987aec1bba3c9bc69a5867fc0089d10d
2026-07-30,2026-07-30T00:13:27+09:00,26/07/30 00:13時点の避難所状況の一覧です。,2026-07-30T00:13+09:00,web:abd7d916160f6b2fe1f6,abd7d916160f6b2fe1f6,山鹿市,菊鹿中学校(体育館),---,false,---,,山鹿市菊鹿町下内田485,検索,,,,,https://portal.bousai.pref.kumamoto.jp/sp.html?p=evacuation%2Fshelter&l=15-0&ll=32.63819999999999%2C130.77610000000004&z=9&municipalityCd=430005,5a8d5cdcd153b16d6c67ad805fbed3d20fef8d5e4d0569efdabdd806a38889e0,"{""ルート検索"": ""検索"", ""住所"": ""山鹿市菊鹿町下内田485"", ""市町村"": ""山鹿市"", ""混雑状況"": ""---"", ""避難所名"": ""菊鹿中学校(体育館)"", ""開設状況"": ""---""}",unmatched,fuzzy_below_threshold,0.746,0,,,,,,,,,,,[],,[],"[{""NO"": ""750"", ""その他市町村長が必要と認める事項"": """", ""住所"": ""熊本県山鹿市山鹿351"", ""備考"": """", ""共通ID"": ""E4320800020111"", ""受入対象者"": """", ""指定緊急避難場所との住所同一"": ""1"", ""施設・場所名"": ""山鹿小学校(体育館)"", ""経度"": ""130.693362"", ""緯度"": ""33.013991""}]",reference/43000_1.csv,dd6686fa000c3e720180ba96d02aacff987aec1bba3c9bc69a5867fc0089d10d
2026-07-30,2026-07-30T00:13:27+09:00,26/07/30 00:13時点の避難所状況の一覧です。,2026-07-30T00:13+09:00,web:963360d230263bb99181,963360d230263bb99181,山鹿市,蒲生コミュニティセンター,---,false,---,,山鹿市蒲生1657-1,検索,,,,,https://portal.bousai.pref.kumamoto.jp/sp.html?p=evacuation%2Fshelter&l=15-0&ll=32.63819999999999%2C130.77610000000004&z=9&municipalityCd=430005,52cc259d185d14d4c43bfcc149f9979038776cf33438cc7c1f0ccc0b64304987,"{""ルート検索"": ""検索"", ""住所"": ""山鹿市蒲生1657-1"", ""市町村"": ""山鹿市"", ""混雑状況"": ""---"", ""避難所名"": ""蒲生コミュニティセンター"", ""開設状況"": ""---""}",unmatched,no_candidate,,0,,,,,,,,,,,[],,[],[],reference/43000_1.csv,dd6686fa000c3e720180ba96d02aacff987aec1bba3c9bc69a5867fc0089d10d
2026-07-30,2026-07-30T00:13:27+09:00,26/07/30 00:13時点の避難所状況の一覧です。,2026-07-30T00:13+09:00,web:b1e39d9a51ebcabc546a,b1e39d9a51ebcabc546a,山鹿市,親木館,---,false,---,,山鹿市菊鹿町木野263-2,検索,,,,,https://portal.bousai.pref.kumamoto.jp/sp.html?p=evacuation%2Fshelter&l=15-0&ll=32.63819999999999%2C130.77610000000004&z=9&municipalityCd=430005,4ab70c6d5d8bd5232275e2d5980b52b0820757c97f61429204a4ed28deaecb74,"{""ルート検索"": ""検索"", ""住所"": ""山鹿市菊鹿町木野263-2"", ""市町村"": ""山鹿市"", ""混雑状況"": ""---"", ""避難所名"": ""親木館"", ""開設状況"": ""---""}",unmatched,no_candidate,,0,,,,,,,,,,,[],,[],[],reference/43000_1.csv,dd6686fa000c3e720180ba96d02aacff987aec1bba3c9bc69a5867fc0089d10d
2026-07-30,2026-07-30T00:13:27+09:00,26/07/30 00:13時点の避難所状況の一覧です。,2026-07-30T00:13+09:00,web:dc4373686c94bd8a4a6d,dc4373686c94bd8a4a6d,山鹿市,農村集落多目的共同利用施設下分田センター,---,false,---,,山鹿市鹿本町下分田915,検索,,,,,https://portal.bousai.pref.kumamoto.jp/sp.html?p=evacuation%2Fshelter&l=15-0&ll=32.63819999999999%2C130.77610000000004&z=9&municipalityCd=430005,1f941d2655b940f402b73df67e9b85601ce7b1d5d34be13a2fb627f433444e9f,"{""ルート検索"": ""検索"", ""住所"": ""山鹿市鹿本町下分田915"", ""市町村"": ""山鹿市"", ""混雑状況"": ""---"", ""避難所名"": ""農村集落多目的共同利用施設下分田センター"", ""開設状況"": ""---""}",unmatched,no_candidate,,0,,,,,,,,,,,[],,[],[],reference/43000_1.csv,dd6686fa000c3e720180ba96d02aacff987aec1bba3c9bc69a5867fc0089d10d
2026-07-30,2026-07-30T00:13:27+09:00,26/07/30 00:13時点の避難所状況の一覧です。,2026-07-30T00:13+09:00,web:ad7272bc4e6eef0c15de,ad7272bc4e6eef0c15de,山鹿市,道の駅鹿北(駐車場、休憩室),---,false,---,,山鹿市鹿北町岩野4186-130,検索,,,,,https://portal.bousai.pref.kumamoto.jp/sp.html?p=evacuation%2Fshelter&l=15-0&ll=32.63819999999999%2C130.77610000000004&z=9&municipalityCd=430005,46da31ca25946e72e3b337b0662095663663281ab4b2658e66fad5b863b11774,"{""ルート検索"": ""検索"", ""住所"": ""山鹿市鹿北町岩野4186-130"", ""市町村"": ""山鹿市"", ""混雑状況"": ""---"", ""避難所名"": ""道の駅鹿北(駐車場、休憩室)"", ""開設状況"": ""---""}",unmatched,no_candidate,,0,,,,,,,,,,,[],,[],[],reference/43000_1.csv,dd6686fa000c3e720180ba96d02aacff987aec1bba3c9bc69a5867fc0089d10d
2026-07-30,2026-07-30T00:13:27+09:00,26/07/30 00:13時点の避難所状況の一覧です。,2026-07-30T00:13+09:00,web:816d12b61a934bab2b50,816d12b61a934bab2b50,山鹿市,酒造野多目的集会施設,---,false,---,,山鹿市菊鹿町池永1666-2,検索,,,,,https://portal.bousai.pref.kumamoto.jp/sp.html?p=evacuation%2Fshelter&l=15-0&ll=32.63819999999999%2C130.77610000000004&z=9&municipalityCd=430005,d2ec2263ef5b7e919ae425ced1bb15ef8019773caf1a34628c3d0d46ddc89158,"{""ルート検索"": ""検索"", ""住所"": ""山鹿市菊鹿町池永1666-2"", ""市町村"": ""山鹿市"", ""混雑状況"": ""---"", ""避難所名"": ""酒造野多目的集会施設"", ""開設状況"": ""---""}",unmatched,no_candidate,,0,,,,,,,,,,,[],,[],[],reference/43000_1.csv,dd6686fa000c3e720180ba96d02aacff987aec1bba3c9bc69a5867fc0089d10d
2026-07-30,2026-07-30T00:13:27+09:00,26/07/30 00:13時点の避難所状況の一覧です。,2026-07-30T00:13+09:00,web:f67db7b36702742d7fc7,f67db7b36702742d7fc7,山鹿市,銀杏館,---,false,---,,山鹿市鹿本町来民1721-1,検索,,,,,https://portal.bousai.pref.kumamoto.jp/sp.html?p=evacuation%2Fshelter&l=15-0&ll=32.63819999999999%2C130.77610000000004&z=9&municipalityCd=430005,c058184b963017960abdb2d8deb5946da987e3489b5fb2ef98cbc7a3521ba721,"{""ルート検索"": ""検索"", ""住所"": ""山鹿市鹿本町来民1721-1"", ""市町村"": ""山鹿市"", ""混雑状況"": ""---"", ""避難所名"": ""銀杏館"", ""開設状況"": ""---""}",unmatched,no_candidate,,0,,,,,,,,,,,[],,[],[],reference/43000_1.csv,dd6686fa000c3e720180ba96d02aacff987aec1bba3c9bc69a5867fc0089d10d
2026-07-30,2026-07-30T00:13:27+09:00,26/07/30 00:13時点の避難所状況の一覧です。,2026-07-30T00:13+09:00,web:a7c751b4114ca00f39cd,a7c751b4114ca00f39cd,山鹿市,高橋区公民館,---,false,---,,山鹿市鹿本町高橋299-2,検索,,,,,https://portal.bousai.pref.kumamoto.jp/sp.html?p=evacuation%2Fshelter&l=15-0&ll=32.63819999999999%2C130.77610000000004&z=9&municipalityCd=430005,1fa9cf4d2b477161f5e04d9135bcc508f4110365d3ab3f53d2d66ee1873f4b01,"{""ルート検索"": ""検索"", ""住所"": ""山鹿市鹿本町高橋299-2"", ""市町村"": ""山鹿市"", ""混雑状況"": ""---"", ""避難所名"": ""高橋区公民館"", ""開設状況"": ""---""}",unmatched,no_candidate,,0,,,,,,,,,,,[],,[],[],reference/43000_1.csv,dd6686fa000c3e720180ba96d02aacff987aec1bba3c9bc69a5867fc0089d10d
2026-07-30,2026-07-30T00:13:27+09:00,26/07/30 00:13時点の避難所状況の一覧です。,2026-07-30T00:13+09:00,web:a0a9716983bf5b4243dd,a0a9716983bf5b4243dd,山鹿市,鹿北老人福祉センター,---,false,---,,山鹿市鹿北町岩野5490-1,検索,,,,,https://portal.bousai.pref.kumamoto.jp/sp.html?p=evacuation%2Fshelter&l=15-0&ll=32.63819999999999%2C130.77610000000004&z=9&municipalityCd=430005,ade42fde9a9879b299f29c293b13680ece42b5b77f8891b74fe7c86a6657e1c3,"{""ルート検索"": ""検索"", ""住所"": ""山鹿市鹿北町岩野5490-1"", ""市町村"": ""山鹿市"", ""混雑状況"": ""---"", ""避難所名"": ""鹿北老人福祉センター"", ""開設状況"": ""---""}",unmatched,no_candidate,,0,,,,,,,,,,,[],,[],[],reference/43000_1.csv,dd6686fa000c3e720180ba96d02aacff987aec1bba3c9bc69a5867fc0089d10d
2026-07-30,2026-07-30T00:13:27+09:00,26/07/30 00:13時点の避難所状況の一覧です。,2026-07-30T00:13+09:00,web:d6628e9d14f77edfff31,d6628e9d14f77edfff31,山鹿市,鹿央隣保館(文化センター),---,false,---,,山鹿市鹿央町千田1469-2,検索,,,,,https://portal.bousai.pref.kumamoto.jp/sp.html?p=evacuation%2Fshelter&l=15-0&ll=32.63819999999999%2C130.77610000000004&z=9&municipalityCd=430005,1e4e858a1e93ff84600fe712c146ed1a58cd7b400c881d564baf6384f893b361,"{""ルート検索"": ""検索"", ""住所"": ""山鹿市鹿央町千田1469-2"", ""市町村"": ""山鹿市"", ""混雑状況"": ""---"", ""避難所名"": ""鹿央隣保館(文化センター)"", ""開設状況"": ""---""}",unmatched,no_candidate,,0,,,,,,,,,,,[],,[],[],reference/43000_1.csv,dd6686fa000c3e720180ba96d02aacff987aec1bba3c9bc69a5867fc0089d10d
2026-07-30,2026-07-30T00:13:27+09:00,26/07/30 00:13時点の避難所状況の一覧です。,2026-07-30T00:13+09:00,web:d73df0c373eabc96df47,d73df0c373eabc96df47,山鹿市,鹿本中学校(体育館),---,false,---,,山鹿市鹿本町来民1267-1,検索,,,,,https://portal.bousai.pref.kumamoto.jp/sp.html?p=evacuation%2Fshelter&l=15-0&ll=32.63819999999999%2C130.77610000000004&z=9&municipalityCd=430005,72193692431d36da1b36cbcd8744df0934988cfac5a69456535a192c376b5e07,"{""ルート検索"": ""検索"", ""住所"": ""山鹿市鹿本町来民1267-1"", ""市町村"": ""山鹿市"", ""混雑状況"": ""---"", ""避難所名"": ""鹿本中学校(体育館)"", ""開設状況"": ""---""}",unmatched,fuzzy_below_threshold,0.738,0,,,,,,,,,,,[],,[],"[{""NO"": ""750"", ""その他市町村長が必要と認める事項"": """", ""住所"": ""熊本県山鹿市山鹿351"", ""備考"": """", ""共通ID"": ""E4320800020111"", ""受入対象者"": """", ""指定緊急避難場所との住所同一"": ""1"", ""施設・場所名"": ""山鹿小学校(体育館)"", ""経度"": ""130.693362"", ""緯度"": ""33.013991""}]",reference/43000_1.csv,dd6686fa000c3e720180ba96d02aacff987aec1bba3c9bc69a5867fc0089d10d
2026-07-30,2026-07-30T00:13:27+09:00,26/07/30 00:13時点の避難所状況の一覧です。,2026-07-30T00:13+09:00,web:21d00d5139e483dd74d3,21d00d5139e483dd74d3,御船町,ぎんなん幼愛園,---,false,---,,御船町辺田見169,検索,,,,,https://portal.bousai.pref.kumamoto.jp/sp.html?p=evacuation%2Fshelter&l=15-0&ll=32.63819999999999%2C130.77610000000004&z=9&municipalityCd=430005,d78a3df20bbc5e3ea1b58fb9ecf6bbf9f0a2b28e7bb6cd213db215e2142c7bec,"{""ルート検索"": ""検索"", ""住所"": ""御船町辺田見169"", ""市町村"": ""御船町"", ""混雑状況"": ""---"", ""避難所名"": ""ぎんなん幼愛園"", ""開設状況"": ""---""}",unmatched,no_candidate,,0,,,,,,,,,,,[],,[],[],reference/43000_1.csv,dd6686fa000c3e720180ba96d02aacff987aec1bba3c9bc69a5867fc0089d10d
2026-07-30,2026-07-30T00:13:27+09:00,26/07/30 00:13時点の避難所状況の一覧です。,2026-07-30T00:13+09:00,web:d7e569a1e140900884db,d7e569a1e140900884db,御船町,ふれあい広場,---,false,---,,御船町辺田見100,検索,,,,,https://portal.bousai.pref.kumamoto.jp/sp.html?p=evacuation%2Fshelter&l=15-0&ll=32.63819999999999%2C130.77610000000004&z=9&municipalityCd=430005,ba78a0dcbbf8fde57f76e7b63543b947e1fe41755b26c3faeac4aeb6a23be8db,"{""ルート検索"": ""検索"", ""住所"": ""御船町辺田見100"", ""市町村"": ""御船町"", ""混雑状況"": ""---"", ""避難所名"": ""ふれあい広場"", ""開設状況"": ""---""}",unmatched,no_candidate,,0,,,,,,,,,,,[],,[],[],reference/43000_1.csv,dd6686fa000c3e720180ba96d02aacff987aec1bba3c9bc69a5867fc0089d10d
2026-07-30,2026-07-30T00:13:27+09:00,26/07/30 00:13時点の避難所状況の一覧です。,2026-07-30T00:13+09:00,web:5639e25b4760131a6132,5639e25b4760131a6132,御船町,上野保育園,---,false,---,,御船町上野1519-2,検索,,,,,https://portal.bousai.pref.kumamoto.jp/sp.html?p=evacuation%2Fshelter&l=15-0&ll=32.63819999999999%2C130.77610000000004&z=9&municipalityCd=430005,b3f73fd9b141f4eec60162e32a38ec20d31e70bdd4de641b54ee1facf310d1c7,"{""ルート検索"": ""検索"", ""住所"": ""御船町上野1519-2"", ""市町村"": ""御船町"", ""混雑状況"": ""---"", ""避難所名"": ""上野保育園"", ""開設状況"": ""---""}",unmatched,no_candidate,,0,,,,,,,,,,,[],,[],[],reference/43000_1.csv,dd6686fa000c3e720180ba96d02aacff987aec1bba3c9bc69a5867fc0089d10d
2026-07-30,2026-07-30T00:13:27+09:00,26/07/30 00:13時点の避難所状況の一覧です。,2026-07-30T00:13+09:00,web:81be997bb60cc306d52b,81be997bb60cc306d52b,御船町,南田代公民館,---,false,---,,御船町上野3928,検索,,,,,https://portal.bousai.pref.kumamoto.jp/sp.html?p=evacuation%2Fshelter&l=15-0&ll=32.63819999999999%2C130.77610000000004&z=9&municipalityCd=430005,599a3551205be95cd4afac448e522312eaea048abe857a95e923ee067ab54485,"{""ルート検索"": ""検索"", ""住所"": ""御船町上野3928"", ""市町村"": ""御船町"", ""混雑状況"": ""---"", ""避難所名"": ""南田代公民館"", ""開設状況"": ""---""}",unmatched,no_candidate,,0,,,,,,,,,,,[],,[],[],reference/43000_1.csv,dd6686fa000c3e720180ba96d02aacff987aec1bba3c9bc69a5867fc0089d10d
2026-07-30,2026-07-30T00:13:27+09:00,26/07/30 00:13時点の避難所状況の一覧です。,2026-07-30T00:13+09:00,web:6c73f68110a41e2858a3,6c73f68110a41e2858a3,御船町,小坂分館,---,false,---,,御船町陣1967-2,検索,,,,,https://portal.bousai.pref.kumamoto.jp/sp.html?p=evacuation%2Fshelter&l=15-0&ll=32.63819999999999%2C130.77610000000004&z=9&municipalityCd=430005,1c89c87b3328fa65e61ce1003e61c44b1670f6e00e99fa8a01390fccc406782e,"{""ルート検索"": ""検索"", ""住所"": ""御船町陣1967-2"", ""市町村"": ""御船町"", ""混雑状況"": ""---"", ""避難所名"": ""小坂分館"", ""開設状況"": ""---""}",unmatched,no_candidate,,0,,,,,,,,,,,[],,[],[],reference/43000_1.csv,dd6686fa000c3e720180ba96d02aacff987aec1bba3c9bc69a5867fc0089d10d
2026-07-30,2026-07-30T00:13:27+09:00,26/07/30 00:13時点の避難所状況の一覧です。,2026-07-30T00:13+09:00,web:c31f6320765bcb472c35,c31f6320765bcb472c35,御船町,御船分館,---,false,---,,御船町御船又851-7の2,検索,,,,,https://portal.bousai.pref.kumamoto.jp/sp.html?p=evacuation%2Fshelter&l=15-0&ll=32.63819999999999%2C130.77610000000004&z=9&municipalityCd=430005,4edad79cbfb91171f458fed9af4478a38e889530f7c2d8b89efb00d87ee9fc4b,"{""ルート検索"": ""検索"", ""住所"": ""御船町御船又851-7の2"", ""市町村"": ""御船町"", ""混雑状況"": ""---"", ""避難所名"": ""御船分館"", ""開設状況"": ""---""}",unmatched,no_candidate,,0,,,,,,,,,,,[],,[],[],reference/43000_1.csv,dd6686fa000c3e720180ba96d02aacff987aec1bba3c9bc69a5867fc0089d10d
2026-07-30,2026-07-30T00:13:27+09:00,26/07/30 00:13時点の避難所状況の一覧です。,2026-07-30T00:13+09:00,web:ea3e1e0db71daf01aba0,ea3e1e0db71daf01aba0,御船町,御船昭和保育園,---,false,---,,御船町御船779,検索,,,,,https://portal.bousai.pref.kumamoto.jp/sp.html?p=evacuation%2Fshelter&l=15-0&ll=32.63819999999999%2C130.77610000000004&z=9&municipalityCd=430005,45426476250fb23944a2eb96d81da18c5fcc6edb7da828fed86831878eafc266,"{""ルート検索"": ""検索"", ""住所"": ""御船町御船779"", ""市町村"": ""御船町"", ""混雑状況"": ""---"", ""避難所名"": ""御船昭和保育園"", ""開設状況"": ""---""}",unmatched,no_candidate,,0,,,,,,,,,,,[],,[],[],reference/43000_1.csv,dd6686fa000c3e720180ba96d02aacff987aec1bba3c9bc69a5867fc0089d10d
2026-07-30,2026-07-30T00:13:27+09:00,26/07/30 00:13時点の避難所状況の一覧です。,2026-07-30T00:13+09:00,web:4713792d7db54b868f29,4713792d7db54b868f29,御船町,御船町商工会,---,false,---,,御船町御船923,検索,,,,,https://portal.bousai.pref.kumamoto.jp/sp.html?p=evacuation%2Fshelter&l=15-0&ll=32.63819999999999%2C130.77610000000004&z=9&municipalityCd=430005,e81f15cf62f1d508da21f1ff4523328d8cc60bd0f05dd01470dea5980a6bebb8,"{""ルート検索"": ""検索"", ""住所"": ""御船町御船923"", ""市町村"": ""御船町"", ""混雑状況"": ""---"", ""避難所名"": ""御船町商工会"", ""開設状況"": ""---""}",unmatched,no_candidate,,0,,,,,,,,,,,[],,[],[],reference/43000_1.csv,dd6686fa000c3e720180ba96d02aacff987aec1bba3c9bc69a5867fc0089d10d
2026-07-30,2026-07-30T00:13:27+09:00,26/07/30 00:13時点の避難所状況の一覧です。,2026-07-30T00:13+09:00,web:b9a83c5a64357065e1a9,b9a83c5a64357065e1a9,御船町,木倉分館,---,false,---,,御船町木倉812-1,検索,,,,,https://portal.bousai.pref.kumamoto.jp/sp.html?p=evacuation%2Fshelter&l=15-0&ll=32.63819999999999%2C130.77610000000004&z=9&municipalityCd=430005,dabf165f6d8935174751adad84c55344db3eacb1e2958f800b5453aafb6f373a,"{""ルート検索"": ""検索"", ""住所"": ""御船町木倉812-1"", ""市町村"": ""御船町"", ""混雑状況"": ""---"", ""避難所名"": ""木倉分館"", ""開設状況"": ""---""}",unmatched,no_candidate,,0,,,,,,,,,,,[],,[],[],reference/43000_1.csv,dd6686fa000c3e720180ba96d02aacff987aec1bba3c9bc69a5867fc0089d10d
2026-07-30,2026-07-30T00:13:27+09:00,26/07/30 00:13時点の避難所状況の一覧です。,2026-07-30T00:13+09:00,web:6bd476c6de06b337681f,6bd476c6de06b337681f,御船町,水越分館,---,false,---,,御船町水越4125-3,検索,,,,,https://portal.bousai.pref.kumamoto.jp/sp.html?p=evacuation%2Fshelter&l=15-0&ll=32.63819999999999%2C130.77610000000004&z=9&municipalityCd=430005,5563191667cac299d2eb419a0ad237d9ff84b902c6459098bc98e6081a9c3644,"{""ルート検索"": ""検索"", ""住所"": ""御船町水越4125-3"", ""市町村"": ""御船町"", ""混雑状況"": ""---"", ""避難所名"": ""水越分館"", ""開設状況"": ""---""}",unmatched,no_candidate,,0,,,,,,,,,,,[],,[],[],reference/43000_1.csv,dd6686fa000c3e720180ba96d02aacff987aec1bba3c9bc69a5867fc0089d10d
2026-07-30,2026-07-30T00:13:27+09:00,26/07/30 00:13時点の避難所状況の一覧です。,2026-07-30T00:13+09:00,web:03250dbff43a72a0597f,03250dbff43a72a0597f,御船町,滝尾分館,---,false,---,,御船町滝尾1025-1,検索,,,,,https://portal.bousai.pref.kumamoto.jp/sp.html?p=evacuation%2Fshelter&l=15-0&ll=32.63819999999999%2C130.77610000000004&z=9&municipalityCd=430005,97eb5ea86420440eb41a4980e5d33e7522c558811d2492f6d89b1fdd02795c19,"{""ルート検索"": ""検索"", ""住所"": ""御船町滝尾1025-1"", ""市町村"": ""御船町"", ""混雑状況"": ""---"", ""避難所名"": ""滝尾分館"", ""開設状況"": ""---""}",unmatched,no_candidate,,0,,,,,,,,,,,[],,[],[],reference/43000_1.csv,dd6686fa000c3e720180ba96d02aacff987aec1bba3c9bc69a5867fc0089d10d
2026-07-30,2026-07-30T00:13:27+09:00,26/07/30 00:13時点の避難所状況の一覧です。,2026-07-30T00:13+09:00,web:4577d45690bc70a51de3,4577d45690bc70a51de3,御船町,滝尾幼稚園,---,false,---,,御船町滝尾6257-9,検索,,,,,https://portal.bousai.pref.kumamoto.jp/sp.html?p=evacuation%2Fshelter&l=15-0&ll=32.63819999999999%2C130.77610000000004&z=9&municipalityCd=430005,79db637eed8103bd4f1d10b510b8a71ec62a471ca7ac0507722fa54d98e32069,"{""ルート検索"": ""検索"", ""住所"": ""御船町滝尾6257-9"", ""市町村"": ""御船町"", ""混雑状況"": ""---"", ""避難所名"": ""滝尾幼稚園"", ""開設状況"": ""---""}",unmatched,no_candidate,,0,,,,,,,,,,,[],,[],[],reference/43000_1.csv,dd6686fa000c3e720180ba96d02aacff987aec1bba3c9bc69a5867fc0089d10d
2026-07-30,2026-07-30T00:13:27+09:00,26/07/30 00:13時点の避難所状況の一覧です。,2026-07-30T00:13+09:00,web:7ca18a128c862d60e760,7ca18a128c862d60e760,御船町,若葉保育園,---,false,---,,御船町木倉1416,検索,,,,,https://portal.bousai.pref.kumamoto.jp/sp.html?p=evacuation%2Fshelter&l=15-0&ll=32.63819999999999%2C130.77610000000004&z=9&municipalityCd=430005,1a935184d9d09b177e00df51baeef7493b2dbcc71f0d7e35b3be0649a35cfa8d,"{""ルート検索"": ""検索"", ""住所"": ""御船町木倉1416"", ""市町村"": ""御船町"", ""混雑状況"": ""---"", ""避難所名"": ""若葉保育園"", ""開設状況"": ""---""}",unmatched,no_candidate,,0,,,,,,,,,,,[],,[],[],reference/43000_1.csv,dd6686fa000c3e720180ba96d02aacff987aec1bba3c9bc69a5867fc0089d10d
2026-07-30,2026-07-30T00:13:27+09:00,26/07/30 00:13時点の避難所状況の一覧です。,2026-07-30T00:13+09:00,web:4cf9d1b132e67d569096,4cf9d1b132e67d569096,御船町,陣多目的集会所,---,false,---,,御船町陣1234,検索,,,,,https://portal.bousai.pref.kumamoto.jp/sp.html?p=evacuation%2Fshelter&l=15-0&ll=32.63819999999999%2C130.77610000000004&z=9&municipalityCd=430005,9bffce23d7650400e3437922318512263f183c61a12a23bd6a3a3a5371508a18,"{""ルート検索"": ""検索"", ""住所"": ""御船町陣1234"", ""市町村"": ""御船町"", ""混雑状況"": ""---"", ""避難所名"": ""陣多目的集会所"", ""開設状況"": ""---""}",unmatched,no_candidate,,0,,,,,,,,,,,[],,[],[],reference/43000_1.csv,dd6686fa000c3e720180ba96d02aacff987aec1bba3c9bc69a5867fc0089d10d
2026-07-30,2026-07-30T00:13:27+09:00,26/07/30 00:13時点の避難所状況の一覧です。,2026-07-30T00:13+09:00,web:5bca3b4a8c577dfc6307,5bca3b4a8c577dfc6307,水上村,上楠公民分館,---,false,---,,水上村大字岩野2498-1,検索,,,,,https://portal.bousai.pref.kumamoto.jp/sp.html?p=evacuation%2Fshelter&l=15-0&ll=32.63819999999999%2C130.77610000000004&z=9&municipalityCd=430005,ebe499df722a1642c76834ad26fbdf2b34711a96b4b617aae94d7fb9f024123a,"{""ルート検索"": ""検索"", ""住所"": ""水上村大字岩野2498-1"", ""市町村"": ""水上村"", ""混雑状況"": ""---"", ""避難所名"": ""上楠公民分館"", ""開設状況"": ""---""}",unmatched,no_candidate,,0,,,,,,,,,,,[],,[],[],reference/43000_1.csv,dd6686fa000c3e720180ba96d02aacff987aec1bba3c9bc69a5867fc0089d10d
2026-07-30,2026-07-30T00:13:27+09:00,26/07/30 00:13時点の避難所状況の一覧です。,2026-07-30T00:13+09:00,web:029920193df51a04fbed,029920193df51a04fbed,水上村,北目公民分館,---,false,---,,水上村大字湯山1695-1,検索,,,,,https://portal.bousai.pref.kumamoto.jp/sp.html?p=evacuation%2Fshelter&l=15-0&ll=32.63819999999999%2C130.77610000000004&z=9&municipalityCd=430005,2192330955a7952ea379148e9035c7711c6d836e0d4ec548fcd3e8268b2328a5,"{""ルート検索"": ""検索"", ""住所"": ""水上村大字湯山1695-1"", ""市町村"": ""水上村"", ""混雑状況"": ""---"", ""避難所名"": ""北目公民分館"", ""開設状況"": ""---""}",unmatched,no_candidate,,0,,,,,,,,,,,[],,[],[],reference/43000_1.csv,dd6686fa000c3e720180ba96d02aacff987aec1bba3c9bc69a5867fc0089d10d
2026-07-30,2026-07-30T00:13:27+09:00,26/07/30 00:13時点の避難所状況の一覧です。,2026-07-30T00:13+09:00,web:039a449c72d1ecdab119,039a449c72d1ecdab119,水上村,千ヶ平公民分館,---,false,---,,水上村大字江代1721-2,検索,,,,,https://portal.bousai.pref.kumamoto.jp/sp.html?p=evacuation%2Fshelter&l=15-0&ll=32.63819999999999%2C130.77610000000004&z=9&municipalityCd=430005,082c5e803e14e7634239538a4969da09a569e54a24d0c93f513cd6d19c9b0c8f,"{""ルート検索"": ""検索"", ""住所"": ""水上村大字江代1721-2"", ""市町村"": ""水上村"", ""混雑状況"": ""---"", ""避難所名"": ""千ヶ平公民分館"", ""開設状況"": ""---""}",unmatched,no_candidate,,0,,,,,,,,,,,[],,[],[],reference/43000_1.csv,dd6686fa000c3e720180ba96d02aacff987aec1bba3c9bc69a5867fc0089d10d
2026-07-30,2026-07-30T00:13:27+09:00,26/07/30 00:13時点の避難所状況の一覧です。,2026-07-30T00:13+09:00,web:ca8745b3d7176a2cd43f,ca8745b3d7176a2cd43f,水上村,古屋敷運動広場,---,false,---,,水上村大字江代1178,検索,,,,,https://portal.bousai.pref.kumamoto.jp/sp.html?p=evacuation%2Fshelter&l=15-0&ll=32.63819999999999%2C130.77610000000004&z=9&municipalityCd=430005,8b8f5798436befe45a27ccc41e52cccbd5e9a1fc56ee06279f8879b8cd3074f5,"{""ルート検索"": ""検索"", ""住所"": ""水上村大字江代1178"", ""市町村"": ""水上村"", ""混雑状況"": ""---"", ""避難所名"": ""古屋敷運動広場"", ""開設状況"": ""---""}",unmatched,no_candidate,,0,,,,,,,,,,,[],,[],[],reference/43000_1.csv,dd6686fa000c3e720180ba96d02aacff987aec1bba3c9bc69a5867fc0089d10d
2026-07-30,2026-07-30T00:13:27+09:00,26/07/30 00:13時点の避難所状況の一覧です。,2026-07-30T00:13+09:00,web:ab07c282f007c717bbde,ab07c282f007c717bbde,水上村,古川公民分館,---,false,---,,水上村大字江代2358-1,検索,,,,,https://portal.bousai.pref.kumamoto.jp/sp.html?p=evacuation%2Fshelter&l=15-0&ll=32.63819999999999%2C130.77610000000004&z=9&municipalityCd=430005,e5f93197e9a635a177ead977d7c01ad7465d943581564284ee9657f0f33b67bb,"{""ルート検索"": ""検索"", ""住所"": ""水上村大字江代2358-1"", ""市町村"": ""水上村"", ""混雑状況"": ""---"", ""避難所名"": ""古川公民分館"", ""開設状況"": ""---""}",unmatched,no_candidate,,0,,,,,,,,,,,[],,[],[],reference/43000_1.csv,dd6686fa000c3e720180ba96d02aacff987aec1bba3c9bc69a5867fc0089d10d
2026-07-30,2026-07-30T00:13:27+09:00,26/07/30 00:13時点の避難所状況の一覧です。,2026-07-30T00:13+09:00,web:528064851046a72a9448,528064851046a72a9448,水上村,宮田公民分館,---,false,---,,水上村大字岩野2548-1,検索,,,,,https://portal.bousai.pref.kumamoto.jp/sp.html?p=evacuation%2Fshelter&l=15-0&ll=32.63819999999999%2C130.77610000000004&z=9&municipalityCd=430005,3081b9ec5d5164248c861fc94e7fd863e43816c541ab297136d1fc247d0387d0,"{""ルート検索"": ""検索"", ""住所"": ""水上村大字岩野2548-1"", ""市町村"": ""水上村"", ""混雑状況"": ""---"", ""避難所名"": ""宮田公民分館"", ""開設状況"": ""---""}",unmatched,no_candidate,,0,,,,,,,,,,,[],,[],[],reference/43000_1.csv,dd6686fa000c3e720180ba96d02aacff987aec1bba3c9bc69a5867fc0089d10d
2026-07-30,2026-07-30T00:13:27+09:00,26/07/30 00:13時点の避難所状況の一覧です。,2026-07-30T00:13+09:00,web:21b181222cb42c8d5bcc,21b181222cb42c8d5bcc,水上村,岩野保育所,---,false,---,,水上村大字岩野2641,検索,,,,,https://portal.bousai.pref.kumamoto.jp/sp.html?p=evacuation%2Fshelter&l=15-0&ll=32.63819999999999%2C130.77610000000004&z=9&municipalityCd=430005,328aa2f85e25ae16e5609fb003a43aaf50c002cf91d3af62373fd4e3138d6c78,"{""ルート検索"": ""検索"", ""住所"": ""水上村大字岩野2641"", ""市町村"": ""水上村"", ""混雑状況"": ""---"", ""避難所名"": ""岩野保育所"", ""開設状況"": ""---""}",unmatched,no_candidate,,0,,,,,,,,,,,[],,[],[],reference/43000_1.csv,dd6686fa000c3e720180ba96d02aacff987aec1bba3c9bc69a5867fc0089d10d
2026-07-30,2026-07-30T00:13:27+09:00,26/07/30 00:13時点の避難所状況の一覧です。,2026-07-30T00:13+09:00,web:da90b4fa73a9d6ba05a6,da90b4fa73a9d6ba05a6,水上村,岩野小学校,---,false,---,,水上村大字岩野2696-2,検索,,,,,https://portal.bousai.pref.kumamoto.jp/sp.html?p=evacuation%2Fshelter&l=15-0&ll=32.63819999999999%2C130.77610000000004&z=9&municipalityCd=430005,54faa2880cc72709ca4247f514e285223a0051e459f407860084415492912c4a,"{""ルート検索"": ""検索"", ""住所"": ""水上村大字岩野2696-2"", ""市町村"": ""水上村"", ""混雑状況"": ""---"", ""避難所名"": ""岩野小学校"", ""開設状況"": ""---""}",unmatched,no_candidate,,0,,,,,,,,,,,[],,[],[],reference/43000_1.csv,dd6686fa000c3e720180ba96d02aacff987aec1bba3c9bc69a5867fc0089d10d
2026-07-30,2026-07-30T00:13:27+09:00,26/07/30 00:13時点の避難所状況の一覧です。,2026-07-30T00:13+09:00,web:f648bffa14c540f23574,f648bffa14c540f23574,水上村,岩野覚井公民分館,---,false,---,,水上村大字岩野1055-3,検索,,,,,https://portal.bousai.pref.kumamoto.jp/sp.html?p=evacuation%2Fshelter&l=15-0&ll=32.63819999999999%2C130.77610000000004&z=9&municipalityCd=430005,2f8bd87658797f6d22d5a64d835ce5bcd3ded6d0421a855c3dc5c0d5b42f91f3,"{""ルート検索"": ""検索"", ""住所"": ""水上村大字岩野1055-3"", ""市町村"": ""水上村"", ""混雑状況"": ""---"", ""避難所名"": ""岩野覚井公民分館"", ""開設状況"": ""---""}",unmatched,no_candidate,,0,,,,,,,,,,,[],,[],[],reference/43000_1.csv,dd6686fa000c3e720180ba96d02aacff987aec1bba3c9bc69a5867fc0089d10d
2026-07-30,2026-07-30T00:13:27+09:00,26/07/30 00:13時点の避難所状況の一覧です。,2026-07-30T00:13+09:00,web:a762de42396123fcb8c0,a762de42396123fcb8c0,水上村,川内公民分館,---,false,---,,水上村大字岩野1653-3,検索,,,,,https://portal.bousai.pref.kumamoto.jp/sp.html?p=evacuation%2Fshelter&l=15-0&ll=32.63819999999999%2C130.77610000000004&z=9&municipalityCd=430005,964ba09cd55c5edd48acb42d06781ac7df5f6ce8cdfc6a675fd6b151131ef895,"{""ルート検索"": ""検索"", ""住所"": ""水上村大字岩野1653-3"", ""市町村"": ""水上村"", ""混雑状況"": ""---"", ""避難所名"": ""川内公民分館"", ""開設状況"": ""---""}",unmatched,no_candidate,,0,,,,,,,,,,,[],,[],[],reference/43000_1.csv,dd6686fa000c3e720180ba96d02aacff987aec1bba3c9bc69a5867fc0089d10d
2026-07-30,2026-07-30T00:13:27+09:00,26/07/30 00:13時点の避難所状況の一覧です。,2026-07-30T00:13+09:00,web:bba12ad109c33cf9319b,bba12ad109c33cf9319b,水上村,川口公民分館,---,false,---,,水上村大字江代2048-23,検索,,,,,https://portal.bousai.pref.kumamoto.jp/sp.html?p=evacuation%2Fshelter&l=15-0&ll=32.63819999999999%2C130.77610000000004&z=9&municipalityCd=430005,f99c8f64795b218eb822878a55588d26432678cc964da5cad96d65351cc03282,"{""ルート検索"": ""検索"", ""住所"": ""水上村大字江代2048-23"", ""市町村"": ""水上村"", ""混雑状況"": ""---"", ""避難所名"": ""川口公民分館"", ""開設状況"": ""---""}",unmatched,no_candidate,,0,,,,,,,,,,,[],,[],[],reference/43000_1.csv,dd6686fa000c3e720180ba96d02aacff987aec1bba3c9bc69a5867fc0089d10d
2026-07-30,2026-07-30T00:13:27+09:00,26/07/30 00:13時点の避難所状況の一覧です。,2026-07-30T00:13+09:00,web:aa0f414a0a9af89135a0,aa0f414a0a9af89135a0,水上村,平谷公民分館,---,false,---,,水上村大字江代1430-3,検索,,,,,https://portal.bousai.pref.kumamoto.jp/sp.html?p=evacuation%2Fshelter&l=15-0&ll=32.63819999999999%2C130.77610000000004&z=9&municipalityCd=430005,bf6c82b58b7aa8d9b71a58c6f4bb318e8f28418ba939e743788bafe253d2dfba,"{""ルート検索"": ""検索"", ""住所"": ""水上村大字江代1430-3"", ""市町村"": ""水上村"", ""混雑状況"": ""---"", ""避難所名"": ""平谷公民分館"", ""開設状況"": ""---""}",unmatched,no_candidate,,0,,,,,,,,,,,[],,[],[],reference/43000_1.csv,dd6686fa000c3e720180ba96d02aacff987aec1bba3c9bc69a5867fc0089d10d
2026-07-30,2026-07-30T00:13:27+09:00,26/07/30 00:13時点の避難所状況の一覧です。,2026-07-30T00:13+09:00,web:5374504ce3465693844c,5374504ce3465693844c,水上村,幸野公民分館,---,false,---,,水上村大字岩野146-1,検索,,,,,https://portal.bousai.pref.kumamoto.jp/sp.html?p=evacuation%2Fshelter&l=15-0&ll=32.63819999999999%2C130.77610000000004&z=9&municipalityCd=430005,e918a8fb946021f3c4a2d732a7fbc80132bf2c13ea261781d6098f27286f8a88,"{""ルート検索"": ""検索"", ""住所"": ""水上村大字岩野146-1"", ""市町村"": ""水上村"", ""混雑状況"": ""---"", ""避難所名"": ""幸野公民分館"", ""開設状況"": ""---""}",unmatched,no_candidate,,0,,,,,,,,,,,[],,[],[],reference/43000_1.csv,dd6686fa000c3e720180ba96d02aacff987aec1bba3c9bc69a5867fc0089d10d
2026-07-30,2026-07-30T00:13:27+09:00,26/07/30 00:13時点の避難所状況の一覧です。,2026-07-30T00:13+09:00,web:e8fee7443e22bc372756,e8fee7443e22bc372756,水上村,戸屋野公民分館,---,false,---,,水上村大字江代2597-1,検索,,,,,https://portal.bousai.pref.kumamoto.jp/sp.html?p=evacuation%2Fshelter&l=15-0&ll=32.63819999999999%2C130.77610000000004&z=9&municipalityCd=430005,c7b0e4163513aa003ac947ea35904c866a01cc3b44af1355006f8e40a9d275fe,"{""ルート検索"": ""検索"", ""住所"": ""水上村大字江代2597-1"", ""市町村"": ""水上村"", ""混雑状況"": ""---"", ""避難所名"": ""戸屋野公民分館"", ""開設状況"": ""---""}",unmatched,no_candidate,,0,,,,,,,,,,,[],,[],[],reference/43000_1.csv,dd6686fa000c3e720180ba96d02aacff987aec1bba3c9bc69a5867fc0089d10d
2026-07-30,2026-07-30T00:13:27+09:00,26/07/30 00:13時点の避難所状況の一覧です。,2026-07-30T00:13+09:00,web:21b2156fc3a65f4ea435,21b2156fc3a65f4ea435,水上村,本野公民分館,---,false,---,,水上村大字湯山1122-53,検索,,,,,https://portal.bousai.pref.kumamoto.jp/sp.html?p=evacuation%2Fshelter&l=15-0&ll=32.63819999999999%2C130.77610000000004&z=9&municipalityCd=430005,f685f446da90c609671243d7898038ab1323f5b5ff9c16366c615e81777bf332,"{""ルート検索"": ""検索"", ""住所"": ""水上村大字湯山1122-53"", ""市町村"": ""水上村"", ""混雑状況"": ""---"", ""避難所名"": ""本野公民分館"", ""開設状況"": ""---""}",unmatched,no_candidate,,0,,,,,,,,,,,[],,[],[],reference/43000_1.csv,dd6686fa000c3e720180ba96d02aacff987aec1bba3c9bc69a5867fc0089d10d
2026-07-30,2026-07-30T00:13:27+09:00,26/07/30 00:13時点の避難所状況の一覧です。,2026-07-30T00:13+09:00,web:184c8ca829cea7e1c64f,184c8ca829cea7e1c64f,水上村,湯山小学校,---,false,---,,水上村大字湯山412,検索,,,,,https://portal.bousai.pref.kumamoto.jp/sp.html?p=evacuation%2Fshelter&l=15-0&ll=32.63819999999999%2C130.77610000000004&z=9&municipalityCd=430005,4c9558b2a2ed61bbf4ba16100ae2d00d6661964db17393f019e3a61d7131ae4e,"{""ルート検索"": ""検索"", ""住所"": ""水上村大字湯山412"", ""市町村"": ""水上村"", ""混雑状況"": ""---"", ""避難所名"": ""湯山小学校"", ""開設状況"": ""---""}",unmatched,no_candidate,,0,,,,,,,,,,,[],,[],[],reference/43000_1.csv,dd6686fa000c3e720180ba96d02aacff987aec1bba3c9bc69a5867fc0089d10d
2026-07-30,2026-07-30T00:13:27+09:00,26/07/30 00:13時点の避難所状況の一覧です。,2026-07-30T00:13+09:00,web:d68e24a7977e671d9136,d68e24a7977e671d9136,水上村,湯山小学校体育館,---,false,---,,熊本県水上村,検索,,,,,https://portal.bousai.pref.kumamoto.jp/sp.html?p=evacuation%2Fshelter&l=15-0&ll=32.63819999999999%2C130.77610000000004&z=9&municipalityCd=430005,0ccf3a5a754bd40abf1097abdcbc6f7e37520228db735033bd198fda9cf608e4,"{""ルート検索"": ""検索"", ""住所"": ""熊本県水上村"", ""市町村"": ""水上村"", ""混雑状況"": ""---"", ""避難所名"": ""湯山小学校体育館"", ""開設状況"": ""---""}",unmatched,fuzzy_below_threshold,0.870,0,,,,,,,,,,,[],,[],"[{""NO"": ""906"", ""その他市町村長が必要と認める事項"": """", ""住所"": ""熊本県水上村大字湯山412"", ""備考"": """", ""共通ID"": ""E4350700031111"", ""受入対象者"": """", ""指定緊急避難場所との住所同一"": ""1"", ""施設・場所名"": ""旧湯山小学校体育館"", ""経度"": ""131.04480216794"", ""緯度"": ""32.31575895574""}]",reference/43000_1.csv,dd6686fa000c3e720180ba96d02aacff987aec1bba3c9bc69a5867fc0089d10d
2026-07-30,2026-07-30T00:13:27+09:00,26/07/30 00:13時点の避難所状況の一覧です。,2026-07-30T00:13+09:00,web:e6b145f32e02bd6eb932,e6b145f32e02bd6eb932,水上村,湯山覚井公民分館,---,false,---,,水上村大字湯山355-2,検索,,,,,https://portal.bousai.pref.kumamoto.jp/sp.html?p=evacuation%2Fshelter&l=15-0&ll=32.63819999999999%2C130.77610000000004&z=9&municipalityCd=430005,f7e25e8b0cd3969918ce4ff3e03bd1150d62c9292555a36cbdd3910654bea987,"{""ルート検索"": ""検索"", ""住所"": ""水上村大字湯山355-2"", ""市町村"": ""水上村"", ""混雑状況"": ""---"", ""避難所名"": ""湯山覚井公民分館"", ""開設状況"": ""---""}",unmatched,no_candidate,,0,,,,,,,,,,,[],,[],[],reference/43000_1.csv,dd6686fa000c3e720180ba96d02aacff987aec1bba3c9bc69a5867fc0089d10d
2026-07-30,2026-07-30T00:13:27+09:00,26/07/30 00:13時点の避難所状況の一覧です。,2026-07-30T00:13+09:00,web:4b2ebc7a4fb62e8d2c17,4b2ebc7a4fb62e8d2c17,水上村,湯山運動広場,---,false,---,,水上村大字湯山2266,検索,,,,,https://portal.bousai.pref.kumamoto.jp/sp.html?p=evacuation%2Fshelter&l=15-0&ll=32.63819999999999%2C130.77610000000004&z=9&municipalityCd=430005,2741d93e2b98d11a0cdf05a771aca8a32357767fd6fe88cccd0b5c119b30d6ca,"{""ルート検索"": ""検索"", ""住所"": ""水上村大字湯山2266"", ""市町村"": ""水上村"", ""混雑状況"": ""---"", ""避難所名"": ""湯山運動広場"", ""開設状況"": ""---""}",unmatched,no_candidate,,0,,,,,,,,,,,[],,[],[],reference/43000_1.csv,dd6686fa000c3e720180ba96d02aacff987aec1bba3c9bc69a5867fc0089d10d
2026-07-30,2026-07-30T00:13:27+09:00,26/07/30 00:13時点の避難所状況の一覧です。,2026-07-30T00:13+09:00,web:adae879d059e1de7503a,adae879d059e1de7503a,水上村,神揚公民分館,---,false,---,,水上村大字湯山1291-1,検索,,,,,https://portal.bousai.pref.kumamoto.jp/sp.html?p=evacuation%2Fshelter&l=15-0&ll=32.63819999999999%2C130.77610000000004&z=9&municipalityCd=430005,1f37334398d6546ae858512a2ab38fe200f930df1a9593207c67a8044f71256c,"{""ルート検索"": ""検索"", ""住所"": ""水上村大字湯山1291-1"", ""市町村"": ""水上村"", ""混雑状況"": ""---"", ""避難所名"": ""神揚公民分館"", ""開設状況"": ""---""}",unmatched,no_candidate,,0,,,,,,,,,,,[],,[],[],reference/43000_1.csv,dd6686fa000c3e720180ba96d02aacff987aec1bba3c9bc69a5867fc0089d10d
2026-07-30,2026-07-30T00:13:27+09:00,26/07/30 00:13時点の避難所状況の一覧です。,2026-07-30T00:13+09:00,web:640a491f084ae7be49fd,640a491f084ae7be49fd,水上村,舟石公民分館,---,false,---,,水上村大字湯山2435-74,検索,,,,,https://portal.bousai.pref.kumamoto.jp/sp.html?p=evacuation%2Fshelter&l=15-0&ll=32.63819999999999%2C130.77610000000004&z=9&municipalityCd=430005,cc58b53414b21985bd28036f9ac1e940fe6d834ec5b1897df7998083f3fed0b1,"{""ルート検索"": ""検索"", ""住所"": ""水上村大字湯山2435-74"", ""市町村"": ""水上村"", ""混雑状況"": ""---"", ""避難所名"": ""舟石公民分館"", ""開設状況"": ""---""}",unmatched,no_candidate,,0,,,,,,,,,,,[],,[],[],reference/43000_1.csv,dd6686fa000c3e720180ba96d02aacff987aec1bba3c9bc69a5867fc0089d10d
2026-07-30,2026-07-30T00:13:27+09:00,26/07/30 00:13時点の避難所状況の一覧です。,2026-07-30T00:13+09:00,web:4d349b47a17b0bde2bf3,4d349b47a17b0bde2bf3,水上村,里坊公民分館,---,false,---,,水上村大字岩野3373,検索,,,,,https://portal.bousai.pref.kumamoto.jp/sp.html?p=evacuation%2Fshelter&l=15-0&ll=32.63819999999999%2C130.77610000000004&z=9&municipalityCd=430005,f9b07da9a4b7cc957ed67b4a86b6e30dbf9f98e16a522c43f8118037a387ec8e,"{""ルート検索"": ""検索"", ""住所"": ""水上村大字岩野3373"", ""市町村"": ""水上村"", ""混雑状況"": ""---"", ""避難所名"": ""里坊公民分館"", ""開設状況"": ""---""}",unmatched,no_candidate,,0,,,,,,,,,,,[],,[],[],reference/43000_1.csv,dd6686fa000c3e720180ba96d02aacff987aec1bba3c9bc69a5867fc0089d10d
2026-07-30,2026-07-30T00:13:27+09:00,26/07/30 00:13時点の避難所状況の一覧です。,2026-07-30T00:13+09:00,web:a2610c3de1b14d6d3d4d,a2610c3de1b14d6d3d4d,水上村,馬場公民分館,---,false,---,,水上村大字湯山289-2,検索,,,,,https://portal.bousai.pref.kumamoto.jp/sp.html?p=evacuation%2Fshelter&l=15-0&ll=32.63819999999999%2C130.77610000000004&z=9&municipalityCd=430005,c63c2a23df0fcc74a2b78d28b3d15854d0223fcf3d335e59966bcec9c650e902,"{""ルート検索"": ""検索"", ""住所"": ""水上村大字湯山289-2"", ""市町村"": ""水上村"", ""混雑状況"": ""---"", ""避難所名"": ""馬場公民分館"", ""開設状況"": ""---""}",unmatched,no_candidate,,0,,,,,,,,,,,[],,[],[],reference/43000_1.csv,dd6686fa000c3e720180ba96d02aacff987aec1bba3c9bc69a5867fc0089d10d
2026-07-30,2026-07-30T00:13:27+09:00,26/07/30 00:13時点の避難所状況の一覧です。,2026-07-30T00:13+09:00,web:bbe7ad8af33658e4ecde,bbe7ad8af33658e4ecde,水上村,高澄公民分館,---,false,---,,水上村大字湯山1167-96,検索,,,,,https://portal.bousai.pref.kumamoto.jp/sp.html?p=evacuation%2Fshelter&l=15-0&ll=32.63819999999999%2C130.77610000000004&z=9&municipalityCd=430005,457ba1bad1be9d0b9f3fd3aaf60a652a9ed6c6f1e5ec953b3490f912160cc61b,"{""ルート検索"": ""検索"", ""住所"": ""水上村大字湯山1167-96"", ""市町村"": ""水上村"", ""混雑状況"": ""---"", ""避難所名"": ""高澄公民分館"", ""開設状況"": ""---""}",unmatched,no_candidate,,0,,,,,,,,,,,[],,[],[],reference/43000_1.csv,dd6686fa000c3e720180ba96d02aacff987aec1bba3c9bc69a5867fc0089d10d
2026-07-30,2026-07-30T00:13:27+09:00,26/07/30 00:13時点の避難所状況の一覧です。,2026-07-30T00:13+09:00,web:bbd5a7b544de33b1bfb6,bbd5a7b544de33b1bfb6,水上村,高瀬公民分館,---,false,---,,水上村大字岩野869-3,検索,,,,,https://portal.bousai.pref.kumamoto.jp/sp.html?p=evacuation%2Fshelter&l=15-0&ll=32.63819999999999%2C130.77610000000004&z=9&municipalityCd=430005,449c4cfdbf9ce4178e83ccdcbc93e2b08a5b378290033098f691874a233702c4,"{""ルート検索"": ""検索"", ""住所"": ""水上村大字岩野869-3"", ""市町村"": ""水上村"", ""混雑状況"": ""---"", ""避難所名"": ""高瀬公民分館"", ""開設状況"": ""---""}",unmatched,no_candidate,,0,,,,,,,,,,,[],,[],[],reference/43000_1.csv,dd6686fa000c3e720180ba96d02aacff987aec1bba3c9bc69a5867fc0089d10d
2026-07-30,2026-07-30T00:13:27+09:00,26/07/30 00:13時点の避難所状況の一覧です。,2026-07-30T00:13+09:00,web:35f5800aa556517d65e4,35f5800aa556517d65e4,水俣市,(旧)第三中学校グラウンド,---,false,---,,水俣市平町2-92,検索,,,,,https://portal.bousai.pref.kumamoto.jp/sp.html?p=evacuation%2Fshelter&l=15-0&ll=32.63819999999999%2C130.77610000000004&z=9&municipalityCd=430005,2b0f40532fb1c67296dba3ee9b071bd378df4d4198de216f3d128d26f926e38a,"{""ルート検索"": ""検索"", ""住所"": ""水俣市平町2-92"", ""市町村"": ""水俣市"", ""混雑状況"": ""---"", ""避難所名"": ""(旧)第三中学校グラウンド"", ""開設状況"": ""---""}",unmatched,no_candidate,,0,,,,,,,,,,,[],,[],[],reference/43000_1.csv,dd6686fa000c3e720180ba96d02aacff987aec1bba3c9bc69a5867fc0089d10d
2026-07-30,2026-07-30T00:13:27+09:00,26/07/30 00:13時点の避難所状況の一覧です。,2026-07-30T00:13+09:00,web:072f06670b39f861b551,072f06670b39f861b551,水俣市,くぎのの里 こもれび館,---,false,---,,水俣市久木野字前田826-5,検索,,,,,https://portal.bousai.pref.kumamoto.jp/sp.html?p=evacuation%2Fshelter&l=15-0&ll=32.63819999999999%2C130.77610000000004&z=9&municipalityCd=430005,e728a6efa1786a8bd43d801449210e875fc1430aa4d633aad1a5b7016f5509ae,"{""ルート検索"": ""検索"", ""住所"": ""水俣市久木野字前田826-5"", ""市町村"": ""水俣市"", ""混雑状況"": ""---"", ""避難所名"": ""くぎのの里 こもれび館"", ""開設状況"": ""---""}",unmatched,no_candidate,,0,,,,,,,,,,,[],,[],[],reference/43000_1.csv,dd6686fa000c3e720180ba96d02aacff987aec1bba3c9bc69a5867fc0089d10d
2026-07-30,2026-07-30T00:13:27+09:00,26/07/30 00:13時点の避難所状況の一覧です。,2026-07-30T00:13+09:00,web:7cf19322ee101b8868df,7cf19322ee101b8868df,水俣市,ふくろ交流館,---,false,---,,水俣市袋2501-252,検索,,,,,https://portal.bousai.pref.kumamoto.jp/sp.html?p=evacuation%2Fshelter&l=15-0&ll=32.63819999999999%2C130.77610000000004&z=9&municipalityCd=430005,2fc46a7063ffd6d9fddae4e73d6b8d0e700c34e8d4e3a0cab0144c474ef6e26e,"{""ルート検索"": ""検索"", ""住所"": ""水俣市袋2501-252"", ""市町村"": ""水俣市"", ""混雑状況"": ""---"", ""避難所名"": ""ふくろ交流館"", ""開設状況"": ""---""}",unmatched,no_candidate,,0,,,,,,,,,,,[],,[],[],reference/43000_1.csv,dd6686fa000c3e720180ba96d02aacff987aec1bba3c9bc69a5867fc0089d10d
2026-07-30,2026-07-30T00:13:27+09:00,26/07/30 00:13時点の避難所状況の一覧です。,2026-07-30T00:13+09:00,web:371f90710b194b6cb1ea,371f90710b194b6cb1ea,水俣市,グリンコープほのぼの・水俣,---,false,---,,水俣市汐見町1-4-3-1,検索,,,,,https://portal.bousai.pref.kumamoto.jp/sp.html?p=evacuation%2Fshelter&l=15-0&ll=32.63819999999999%2C130.77610000000004&z=9&municipalityCd=430005,d721135deba4e1e747c1417538b76458dc30739fbf0cd4d73cbc55c7c130de6c,"{""ルート検索"": ""検索"", ""住所"": ""水俣市汐見町1-4-3-1"", ""市町村"": ""水俣市"", ""混雑状況"": ""---"", ""避難所名"": ""グリンコープほのぼの・水俣"", ""開設状況"": ""---""}",unmatched,no_candidate,,0,,,,,,,,,,,[],,[],[],reference/43000_1.csv,dd6686fa000c3e720180ba96d02aacff987aec1bba3c9bc69a5867fc0089d10d
2026-07-30,2026-07-30T00:13:27+09:00,26/07/30 00:13時点の避難所状況の一覧です。,2026-07-30T00:13+09:00,web:29424eb6025abd3dd6fa,29424eb6025abd3dd6fa,水俣市,グリーンスポーツみなまた駐車場,---,false,---,,水俣市袋西ノ浦国有林,検索,,,,,https://portal.bousai.pref.kumamoto.jp/sp.html?p=evacuation%2Fshelter&l=15-0&ll=32.63819999999999%2C130.77610000000004&z=9&municipalityCd=430005,4abead5c4d39a4b7abb85fc2163db1644932cd48724f7a9952e4233c4821598c,"{""ルート検索"": ""検索"", ""住所"": ""水俣市袋西ノ浦国有林"", ""市町村"": ""水俣市"", ""混雑状況"": ""---"", ""避難所名"": ""グリーンスポーツみなまた駐車場"", ""開設状況"": ""---""}",unmatched,no_candidate,,0,,,,,,,,,,,[],,[],[],reference/43000_1.csv,dd6686fa000c3e720180ba96d02aacff987aec1bba3c9bc69a5867fc0089d10d
2026-07-30,2026-07-30T00:13:27+09:00,26/07/30 00:13時点の避難所状況の一覧です。,2026-07-30T00:13+09:00,web:3cc9f25931ff5a0f5fd4,3cc9f25931ff5a0f5fd4,水俣市,セントラル工事株式会社,---,false,---,,水俣市丸島町1-2-15,検索,,,,,https://portal.bousai.pref.kumamoto.jp/sp.html?p=evacuation%2Fshelter&l=15-0&ll=32.63819999999999%2C130.77610000000004&z=9&municipalityCd=430005,4e5fbbed0ab3eeec5621aea17de1dbcd1f5e3f2820542d98bad81b151b65302e,"{""ルート検索"": ""検索"", ""住所"": ""水俣市丸島町1-2-15"", ""市町村"": ""水俣市"", ""混雑状況"": ""---"", ""避難所名"": ""セントラル工事株式会社"", ""開設状況"": ""---""}",unmatched,no_candidate,,0,,,,,,,,,,,[],,[],[],reference/43000_1.csv,dd6686fa000c3e720180ba96d02aacff987aec1bba3c9bc69a5867fc0089d10d
2026-07-30,2026-07-30T00:13:27+09:00,26/07/30 00:13時点の避難所状況の一覧です。,2026-07-30T00:13+09:00,web:2af2ca096007d53a2fad,2af2ca096007d53a2fad,水俣市,ビジネスホテルサンライト,---,false,---,,水俣市桜井町3-2-31,検索,,,,,https://portal.bousai.pref.kumamoto.jp/sp.html?p=evacuation%2Fshelter&l=15-0&ll=32.63819999999999%2C130.77610000000004&z=9&municipalityCd=430005,5f57acac470319a6589e497d22132e9d5b875bdb13b6717a10012f77386f0509,"{""ルート検索"": ""検索"", ""住所"": ""水俣市桜井町3-2-31"", ""市町村"": ""水俣市"", ""混雑状況"": ""---"", ""避難所名"": ""ビジネスホテルサンライト"", ""開設状況"": ""---""}",unmatched,no_candidate,,0,,,,,,,,,,,[],,[],[],reference/43000_1.csv,dd6686fa000c3e720180ba96d02aacff987aec1bba3c9bc69a5867fc0089d10d
2026-07-30,2026-07-30T00:13:27+09:00,26/07/30 00:13時点の避難所状況の一覧です。,2026-07-30T00:13+09:00,web:bb492530d1c343f7cdad,bb492530d1c343f7cdad,水俣市,ビハーラまどか,---,false,---,,水俣市石坂川113-2,検索,,,,,https://portal.bousai.pref.kumamoto.jp/sp.html?p=evacuation%2Fshelter&l=15-0&ll=32.63819999999999%2C130.77610000000004&z=9&municipalityCd=430005,0be57fe413441950ca8384a20deb64f4daa0caacd7030e880ad0e3ad5caa7450,"{""ルート検索"": ""検索"", ""住所"": ""水俣市石坂川113-2"", ""市町村"": ""水俣市"", ""混雑状況"": ""---"", ""避難所名"": ""ビハーラまどか"", ""開設状況"": ""---""}",unmatched,no_candidate,,0,,,,,,,,,,,[],,[],[],reference/43000_1.csv,dd6686fa000c3e720180ba96d02aacff987aec1bba3c9bc69a5867fc0089d10d
2026-07-30,2026-07-30T00:13:27+09:00,26/07/30 00:13時点の避難所状況の一覧です。,2026-07-30T00:13+09:00,web:383ba1a4e4f3cb539db4,383ba1a4e4f3cb539db4,水俣市,久木野小学校グラウンド,---,false,---,,水俣市久木野1117,検索,,,,,https://portal.bousai.pref.kumamoto.jp/sp.html?p=evacuation%2Fshelter&l=15-0&ll=32.63819999999999%2C130.77610000000004&z=9&municipalityCd=430005,2191f37e3730a3e83149f9dbcbdc9118b06ef5b7e88a6ff7f5bcb2ba120fc44b,"{""ルート検索"": ""検索"", ""住所"": ""水俣市久木野1117"", ""市町村"": ""水俣市"", ""混雑状況"": ""---"", ""避難所名"": ""久木野小学校グラウンド"", ""開設状況"": ""---""}",unmatched,no_candidate,,0,,,,,,,,,,,[],,[],[],reference/43000_1.csv,dd6686fa000c3e720180ba96d02aacff987aec1bba3c9bc69a5867fc0089d10d
2026-07-30,2026-07-30T00:13:27+09:00,26/07/30 00:13時点の避難所状況の一覧です。,2026-07-30T00:13+09:00,web:dc37192c522d0acce9c8,dc37192c522d0acce9c8,水俣市,商工会議所,---,false,---,,水俣市大園町1-11-5,検索,,,,,https://portal.bousai.pref.kumamoto.jp/sp.html?p=evacuation%2Fshelter&l=15-0&ll=32.63819999999999%2C130.77610000000004&z=9&municipalityCd=430005,d2613171d322dddc91cb1d547613cedeaa947b3b554372afcf03f9650d641b2b,"{""ルート検索"": ""検索"", ""住所"": ""水俣市大園町1-11-5"", ""市町村"": ""水俣市"", ""混雑状況"": ""---"", ""避難所名"": ""商工会議所"", ""開設状況"": ""---""}",unmatched,no_candidate,,0,,,,,,,,,,,[],,[],[],reference/43000_1.csv,dd6686fa000c3e720180ba96d02aacff987aec1bba3c9bc69a5867fc0089d10d
2026-07-30,2026-07-30T00:13:27+09:00,26/07/30 00:13時点の避難所状況の一覧です。,2026-07-30T00:13+09:00,web:a5330084c80a49344386,a5330084c80a49344386,水俣市,城山公園遊園地,---,false,---,,水俣市古城,検索,,,,,https://portal.bousai.pref.kumamoto.jp/sp.html?p=evacuation%2Fshelter&l=15-0&ll=32.63819999999999%2C130.77610000000004&z=9&municipalityCd=430005,d5bfda79ef82c1f900c9b35d16e815f3f904bbdadc9115e873a2b7989bda7b41,"{""ルート検索"": ""検索"", ""住所"": ""水俣市古城"", ""市町村"": ""水俣市"", ""混雑状況"": ""---"", ""避難所名"": ""城山公園遊園地"", ""開設状況"": ""---""}",unmatched,no_candidate,,0,,,,,,,,,,,[],,[],[],reference/43000_1.csv,dd6686fa000c3e720180ba96d02aacff987aec1bba3c9bc69a5867fc0089d10d
2026-07-30,2026-07-30T00:13:27+09:00,26/07/30 00:13時点の避難所状況の一覧です。,2026-07-30T00:13+09:00,web:d319e60b1f92dff8d08f,d319e60b1f92dff8d08f,水俣市,塩浜グラウンド,---,false,---,,水俣市塩浜町地内,検索,,,,,https://portal.bousai.pref.kumamoto.jp/sp.html?p=evacuation%2Fshelter&l=15-0&ll=32.63819999999999%2C130.77610000000004&z=9&municipalityCd=430005,b126c7e9bad733347334f67de5b550f8c4e6c10f429f7b68fdf0f4390a10c2ea,"{""ルート検索"": ""検索"", ""住所"": ""水俣市塩浜町地内"", ""市町村"": ""水俣市"", ""混雑状況"": ""---"", ""避難所名"": ""塩浜グラウンド"", ""開設状況"": ""---""}",unmatched,no_candidate,,0,,,,,,,,,,,[],,[],[],reference/43000_1.csv,dd6686fa000c3e720180ba96d02aacff987aec1bba3c9bc69a5867fc0089d10d
2026-07-30,2026-07-30T00:13:27+09:00,26/07/30 00:13時点の避難所状況の一覧です。,2026-07-30T00:13+09:00,web:d57de09412b6c820b2b3,d57de09412b6c820b2b3,水俣市,月浦公民館,---,false,---,,水俣市月浦104,検索,,,,,https://portal.bousai.pref.kumamoto.jp/sp.html?p=evacuation%2Fshelter&l=15-0&ll=32.63819999999999%2C130.77610000000004&z=9&municipalityCd=430005,5e1ab44837bacd7480cd094e43131305bfb157d0a1726249c065100d29891a4a,"{""ルート検索"": ""検索"", ""住所"": ""水俣市月浦104"", ""市町村"": ""水俣市"", ""混雑状況"": ""---"", ""避難所名"": ""月浦公民館"", ""開設状況"": ""---""}",unmatched,fuzzy_below_threshold,0.756,0,,,,,,,,,,,[],,[],"[{""NO"": ""918"", ""その他市町村長が必要と認める事項"": """", ""住所"": ""熊本県水俣市月浦367-7"", ""備考"": """", ""共通ID"": ""E4320500019111"", ""受入対象者"": """", ""指定緊急避難場所との住所同一"": ""1"", ""施設・場所名"": ""出月公民館"", ""経度"": ""130.383"", ""緯度"": ""32.185991""}]",reference/43000_1.csv,dd6686fa000c3e720180ba96d02aacff987aec1bba3c9bc69a5867fc0089d10d
2026-07-30,2026-07-30T00:13:27+09:00,26/07/30 00:13時点の避難所状況の一覧です。,2026-07-30T00:13+09:00,web:d4c5873a91c0495a9136,d4c5873a91c0495a9136,水俣市,水俣みどり保育園 地域交流施設,---,false,---,,水俣市袋674,検索,,,,,https://portal.bousai.pref.kumamoto.jp/sp.html?p=evacuation%2Fshelter&l=15-0&ll=32.63819999999999%2C130.77610000000004&z=9&municipalityCd=430005,5913994fe2eb824156cc2507b66600013d61f681893772db96daa6b4a70497f1,"{""ルート検索"": ""検索"", ""住所"": ""水俣市袋674"", ""市町村"": ""水俣市"", ""混雑状況"": ""---"", ""避難所名"": ""水俣みどり保育園 地域交流施設"", ""開設状況"": ""---""}",unmatched,no_candidate,,0,,,,,,,,,,,[],,[],[],reference/43000_1.csv,dd6686fa000c3e720180ba96d02aacff987aec1bba3c9bc69a5867fc0089d10d
2026-07-30,2026-07-30T00:13:27+09:00,26/07/30 00:13時点の避難所状況の一覧です。,2026-07-30T00:13+09:00,web:d0908815f145e5eb8948,d0908815f145e5eb8948,水俣市,水俣芦北広域行政事務組合消防本部,---,false,---,,水俣市ひばりヶ丘3-12,検索,,,,,https://portal.bousai.pref.kumamoto.jp/sp.html?p=evacuation%2Fshelter&l=15-0&ll=32.63819999999999%2C130.77610000000004&z=9&municipalityCd=430005,ba5d879a3a7448555678f6ef7fb969217abbbe4e11b362d2daa7e6ea35abcd4d,"{""ルート検索"": ""検索"", ""住所"": ""水俣市ひばりヶ丘3-12"", ""市町村"": ""水俣市"", ""混雑状況"": ""---"", ""避難所名"": ""水俣芦北広域行政事務組合消防本部"", ""開設状況"": ""---""}",unmatched,no_candidate,,0,,,,,,,,,,,[],,[],[],reference/43000_1.csv,dd6686fa000c3e720180ba96d02aacff987aec1bba3c9bc69a5867fc0089d10d
2026-07-30,2026-07-30T00:13:27+09:00,26/07/30 00:13時点の避難所状況の一覧です。,2026-07-30T00:13+09:00,web:36a77e71793ec00dee32,36a77e71793ec00dee32,水俣市,水俣高校グラウンド,---,false,---,,水俣市洗切町11-1,検索,,,,,https://portal.bousai.pref.kumamoto.jp/sp.html?p=evacuation%2Fshelter&l=15-0&ll=32.63819999999999%2C130.77610000000004&z=9&municipalityCd=430005,291a0dab036a28239af7a739eee2682c8e861091fb97d65b7dfcbbd2a187fbec,"{""ルート検索"": ""検索"", ""住所"": ""水俣市洗切町11-1"", ""市町村"": ""水俣市"", ""混雑状況"": ""---"", ""避難所名"": ""水俣高校グラウンド"", ""開設状況"": ""---""}",unmatched,no_candidate,,0,,,,,,,,,,,[],,[],[],reference/43000_1.csv,dd6686fa000c3e720180ba96d02aacff987aec1bba3c9bc69a5867fc0089d10d
2026-07-30,2026-07-30T00:13:27+09:00,26/07/30 00:13時点の避難所状況の一覧です。,2026-07-30T00:13+09:00,web:b7ba4e53444d233613b7,b7ba4e53444d233613b7,水俣市,水俣高校体育館,開設,true,平常,,水俣市洗切町11-1,検索,,,,,https://portal.bousai.pref.kumamoto.jp/sp.html?p=evacuation%2Fshelter&l=15-0&ll=32.63819999999999%2C130.77610000000004&z=9&municipalityCd=430005,fe42a9ac72a524b645226124c506e5c9cb91e0ddf344711143e119f90105b87d,"{""ルート検索"": ""検索"", ""住所"": ""水俣市洗切町11-1"", ""市町村"": ""水俣市"", ""混雑状況"": ""平常"", ""避難所名"": ""水俣高校体育館"", ""開設状況"": ""開設""}",unmatched,no_candidate,,0,,,,,,,,,,,[],,[],[],reference/43000_1.csv,dd6686fa000c3e720180ba96d02aacff987aec1bba3c9bc69a5867fc0089d10d
2026-07-30,2026-07-30T00:13:27+09:00,26/07/30 00:13時点の避難所状況の一覧です。,2026-07-30T00:13+09:00,web:92f6300d95bfd5f9acb9,92f6300d95bfd5f9acb9,水俣市,水俣高校第二グラウンド,---,false,---,,水俣市南福寺6-1,検索,,,,,https://portal.bousai.pref.kumamoto.jp/sp.html?p=evacuation%2Fshelter&l=15-0&ll=32.63819999999999%2C130.77610000000004&z=9&municipalityCd=430005,d399c6182eb3eed08310e29185da9fc3978cbb2fe537434421f57530d4189401,"{""ルート検索"": ""検索"", ""住所"": ""水俣市南福寺6-1"", ""市町村"": ""水俣市"", ""混雑状況"": ""---"", ""避難所名"": ""水俣高校第二グラウンド"", ""開設状況"": ""---""}",unmatched,no_candidate,,0,,,,,,,,,,,[],,[],[],reference/43000_1.csv,dd6686fa000c3e720180ba96d02aacff987aec1bba3c9bc69a5867fc0089d10d
2026-07-30,2026-07-30T00:13:27+09:00,26/07/30 00:13時点の避難所状況の一覧です。,2026-07-30T00:13+09:00,web:6e8a9dfd480a2d3d52e3,6e8a9dfd480a2d3d52e3,水俣市,水東小学校グラウンド,---,false,---,,水俣市初野55,検索,,,,,https://portal.bousai.pref.kumamoto.jp/sp.html?p=evacuation%2Fshelter&l=15-0&ll=32.63819999999999%2C130.77610000000004&z=9&municipalityCd=430005,0604ce9bb736feaad1dcef5f59e73721e4a55a484e2d0dc8a1c7086d7b2a2f2d,"{""ルート検索"": ""検索"", ""住所"": ""水俣市初野55"", ""市町村"": ""水俣市"", ""混雑状況"": ""---"", ""避難所名"": ""水東小学校グラウンド"", ""開設状況"": ""---""}",unmatched,no_candidate,,0,,,,,,,,,,,[],,[],[],reference/43000_1.csv,dd6686fa000c3e720180ba96d02aacff987aec1bba3c9bc69a5867fc0089d10d
2026-07-30,2026-07-30T00:13:27+09:00,26/07/30 00:13時点の避難所状況の一覧です。,2026-07-30T00:13+09:00,web:a860a0f5fdcf3155c69b,a860a0f5fdcf3155c69b,水俣市,水東小学校多目的ホール,開設,true,平常,,水俣市初野55,検索,,,,,https://portal.bousai.pref.kumamoto.jp/sp.html?p=evacuation%2Fshelter&l=15-0&ll=32.63819999999999%2C130.77610000000004&z=9&municipalityCd=430005,9137f63cc2ce6d72a72fe496d33cbd25e68c5aec717df841a39ba90ea3705e10,"{""ルート検索"": ""検索"", ""住所"": ""水俣市初野55"", ""市町村"": ""水俣市"", ""混雑状況"": ""平常"", ""避難所名"": ""水東小学校多目的ホール"", ""開設状況"": ""開設""}",unmatched,no_candidate,,0,,,,,,,,,,,[],,[],[],reference/43000_1.csv,dd6686fa000c3e720180ba96d02aacff987aec1bba3c9bc69a5867fc0089d10d
2026-07-30,2026-07-30T00:13:27+09:00,26/07/30 00:13時点の避難所状況の一覧です。,2026-07-30T00:13+09:00,web:58060ba729078b4e5cb4,58060ba729078b4e5cb4,水俣市,河村電器産業(株)水俣工場,---,false,---,,水俣市桜ヶ丘395,検索,,,,,https://portal.bousai.pref.kumamoto.jp/sp.html?p=evacuation%2Fshelter&l=15-0&ll=32.63819999999999%2C130.77610000000004&z=9&municipalityCd=430005,c5db7d2a6c753301cade129618bd27883b1eaf4d86a1f2e13412f96d66520773,"{""ルート検索"": ""検索"", ""住所"": ""水俣市桜ヶ丘395"", ""市町村"": ""水俣市"", ""混雑状況"": ""---"", ""避難所名"": ""河村電器産業(株)水俣工場"", ""開設状況"": ""---""}",unmatched,no_candidate,,0,,,,,,,,,,,[],,[],[],reference/43000_1.csv,dd6686fa000c3e720180ba96d02aacff987aec1bba3c9bc69a5867fc0089d10d
2026-07-30,2026-07-30T00:13:27+09:00,26/07/30 00:13時点の避難所状況の一覧です。,2026-07-30T00:13+09:00,web:9f09c000d4c25d0d813f,9f09c000d4c25d0d813f,水俣市,浜公園グラウンド,---,false,---,,水俣市中央公園1,検索,,,,,https://portal.bousai.pref.kumamoto.jp/sp.html?p=evacuation%2Fshelter&l=15-0&ll=32.63819999999999%2C130.77610000000004&z=9&municipalityCd=430005,fa66ecae61e8148b1dcdf952275d5268b51d6ef175368be207b3b506087f1bb6,"{""ルート検索"": ""検索"", ""住所"": ""水俣市中央公園1"", ""市町村"": ""水俣市"", ""混雑状況"": ""---"", ""避難所名"": ""浜公園グラウンド"", ""開設状況"": ""---""}",unmatched,no_candidate,,0,,,,,,,,,,,[],,[],[],reference/43000_1.csv,dd6686fa000c3e720180ba96d02aacff987aec1bba3c9bc69a5867fc0089d10d
2026-07-30,2026-07-30T00:13:27+09:00,26/07/30 00:13時点の避難所状況の一覧です。,2026-07-30T00:13+09:00,web:7aa1c66295b43de49e20,7aa1c66295b43de49e20,水俣市,深川生涯学習センターグラウンド,---,false,---,,水俣市中鶴539-1,検索,,,,,https://portal.bousai.pref.kumamoto.jp/sp.html?p=evacuation%2Fshelter&l=15-0&ll=32.63819999999999%2C130.77610000000004&z=9&municipalityCd=430005,7d742817852261fd18c61d576aa79925f4aa0b44f5f093e305cbb3d3be489b3c,"{""ルート検索"": ""検索"", ""住所"": ""水俣市中鶴539-1"", ""市町村"": ""水俣市"", ""混雑状況"": ""---"", ""避難所名"": ""深川生涯学習センターグラウンド"", ""開設状況"": ""---""}",unmatched,no_candidate,,0,,,,,,,,,,,[],,[],[],reference/43000_1.csv,dd6686fa000c3e720180ba96d02aacff987aec1bba3c9bc69a5867fc0089d10d
2026-07-30,2026-07-30T00:13:27+09:00,26/07/30 00:13時点の避難所状況の一覧です。,2026-07-30T00:13+09:00,web:9133d0d37ac908775782,9133d0d37ac908775782,水俣市,湯の児海と夕やけ,---,false,---,,水俣市大迫1213,検索,,,,,https://portal.bousai.pref.kumamoto.jp/sp.html?p=evacuation%2Fshelter&l=15-0&ll=32.63819999999999%2C130.77610000000004&z=9&municipalityCd=430005,4b3581d23d5acbbec38346414da018dabb73f97427758d1ea537e07acdd8ebbb,"{""ルート検索"": ""検索"", ""住所"": ""水俣市大迫1213"", ""市町村"": ""水俣市"", ""混雑状況"": ""---"", ""避難所名"": ""湯の児海と夕やけ"", ""開設状況"": ""---""}",unmatched,no_candidate,,0,,,,,,,,,,,[],,[],[],reference/43000_1.csv,dd6686fa000c3e720180ba96d02aacff987aec1bba3c9bc69a5867fc0089d10d
2026-07-30,2026-07-30T00:13:27+09:00,26/07/30 00:13時点の避難所状況の一覧です。,2026-07-30T00:13+09:00,web:966a69977e4fe741ac5b,966a69977e4fe741ac5b,水俣市,湯出小学校グラウンド,---,false,---,,水俣市湯出1641,検索,,,,,https://portal.bousai.pref.kumamoto.jp/sp.html?p=evacuation%2Fshelter&l=15-0&ll=32.63819999999999%2C130.77610000000004&z=9&municipalityCd=430005,e02f83a7a8f71b099a3ba162a3e02b8669c175dbe31002d3c055e122bd2a64c2,"{""ルート検索"": ""検索"", ""住所"": ""水俣市湯出1641"", ""市町村"": ""水俣市"", ""混雑状況"": ""---"", ""避難所名"": ""湯出小学校グラウンド"", ""開設状況"": ""---""}",unmatched,no_candidate,,0,,,,,,,,,,,[],,[],[],reference/43000_1.csv,dd6686fa000c3e720180ba96d02aacff987aec1bba3c9bc69a5867fc0089d10d
2026-07-30,2026-07-30T00:13:27+09:00,26/07/30 00:13時点の避難所状況の一覧です。,2026-07-30T00:13+09:00,web:66992c2a37ffbe90247e,66992c2a37ffbe90247e,水俣市,白梅の杜,---,false,---,,水俣市古賀町2-5-32,検索,,,,,https://portal.bousai.pref.kumamoto.jp/sp.html?p=evacuation%2Fshelter&l=15-0&ll=32.63819999999999%2C130.77610000000004&z=9&municipalityCd=430005,d88fbe4c48341a97d114b36b439d79fa3c3d762f472a5694bf4e6552c19251ab,"{""ルート検索"": ""検索"", ""住所"": ""水俣市古賀町2-5-32"", ""市町村"": ""水俣市"", ""混雑状況"": ""---"", ""避難所名"": ""白梅の杜"", ""開設状況"": ""---""}",unmatched,no_candidate,,0,,,,,,,,,,,[],,[],[],reference/43000_1.csv,dd6686fa000c3e720180ba96d02aacff987aec1bba3c9bc69a5867fc0089d10d
2026-07-30,2026-07-30T00:13:27+09:00,26/07/30 00:13時点の避難所状況の一覧です。,2026-07-30T00:13+09:00,web:eea45409caa54e23dd90,eea45409caa54e23dd90,水俣市,白浜市営住宅3号棟、4号棟踊り場,---,false,---,,水俣市白浜町6,検索,,,,,https://portal.bousai.pref.kumamoto.jp/sp.html?p=evacuation%2Fshelter&l=15-0&ll=32.63819999999999%2C130.77610000000004&z=9&municipalityCd=430005,a5e6fa306c980718c87717a941f0cd5acacb5ff21f78c8a28f8569ad212f6c11,"{""ルート検索"": ""検索"", ""住所"": ""水俣市白浜町6"", ""市町村"": ""水俣市"", ""混雑状況"": ""---"", ""避難所名"": ""白浜市営住宅3号棟、4号棟踊り場"", ""開設状況"": ""---""}",unmatched,no_candidate,,0,,,,,,,,,,,[],,[],[],reference/43000_1.csv,dd6686fa000c3e720180ba96d02aacff987aec1bba3c9bc69a5867fc0089d10d
2026-07-30,2026-07-30T00:13:27+09:00,26/07/30 00:13時点の避難所状況の一覧です。,2026-07-30T00:13+09:00,web:0df50ea270fc6394942b,0df50ea270fc6394942b,水俣市,第一中学校グラウンド,---,false,---,,水俣市古城1-14-1,検索,,,,,https://portal.bousai.pref.kumamoto.jp/sp.html?p=evacuation%2Fshelter&l=15-0&ll=32.63819999999999%2C130.77610000000004&z=9&municipalityCd=430005,67036166c5e69d97b21470269c1877e833e77046c3325a54bb46715c5bd38733,"{""ルート検索"": ""検索"", ""住所"": ""水俣市古城1-14-1"", ""市町村"": ""水俣市"", ""混雑状況"": ""---"", ""避難所名"": ""第一中学校グラウンド"", ""開設状況"": ""---""}",unmatched,no_candidate,,0,,,,,,,,,,,[],,[],[],reference/43000_1.csv,dd6686fa000c3e720180ba96d02aacff987aec1bba3c9bc69a5867fc0089d10d
2026-07-30,2026-07-30T00:13:27+09:00,26/07/30 00:13時点の避難所状況の一覧です。,2026-07-30T00:13+09:00,web:dbe7e8b0b2ee707409f6,dbe7e8b0b2ee707409f6,水俣市,第一小学校グラウンド,---,false,---,,水俣市陣内1-1-2,検索,,,,,https://portal.bousai.pref.kumamoto.jp/sp.html?p=evacuation%2Fshelter&l=15-0&ll=32.63819999999999%2C130.77610000000004&z=9&municipalityCd=430005,16fb8905afdf329b37a1f7aca0b267ecf6fa1110a71a0146fcf9d3ccbdf5cabf,"{""ルート検索"": ""検索"", ""住所"": ""水俣市陣内1-1-2"", ""市町村"": ""水俣市"", ""混雑状況"": ""---"", ""避難所名"": ""第一小学校グラウンド"", ""開設状況"": ""---""}",unmatched,no_candidate,,0,,,,,,,,,,,[],,[],[],reference/43000_1.csv,dd6686fa000c3e720180ba96d02aacff987aec1bba3c9bc69a5867fc0089d10d
2026-07-30,2026-07-30T00:13:27+09:00,26/07/30 00:13時点の避難所状況の一覧です。,2026-07-30T00:13+09:00,web:00ee8bb62134625a0538,00ee8bb62134625a0538,水俣市,第二中学校グラウンド,---,false,---,,水俣市塩浜町3-1,検索,,,,,https://portal.bousai.pref.kumamoto.jp/sp.html?p=evacuation%2Fshelter&l=15-0&ll=32.63819999999999%2C130.77610000000004&z=9&municipalityCd=430005,665dc16c93ef6f9af7cf441a6e305bf2743eef900e412276629cf83137ba28d4,"{""ルート検索"": ""検索"", ""住所"": ""水俣市塩浜町3-1"", ""市町村"": ""水俣市"", ""混雑状況"": ""---"", ""避難所名"": ""第二中学校グラウンド"", ""開設状況"": ""---""}",unmatched,no_candidate,,0,,,,,,,,,,,[],,[],[],reference/43000_1.csv,dd6686fa000c3e720180ba96d02aacff987aec1bba3c9bc69a5867fc0089d10d
2026-07-30,2026-07-30T00:13:27+09:00,26/07/30 00:13時点の避難所状況の一覧です。,2026-07-30T00:13+09:00,web:86edae43e92e5588ad4d,86edae43e92e5588ad4d,水俣市,第二小学校グラウンド,---,false,---,,水俣市栄町1-2-1,検索,,,,,https://portal.bousai.pref.kumamoto.jp/sp.html?p=evacuation%2Fshelter&l=15-0&ll=32.63819999999999%2C130.77610000000004&z=9&municipalityCd=430005,ed1b34dc6068daacd1d0da1ba37f8f60c775e4061a01ebc6320713b297b54a1f,"{""ルート検索"": ""検索"", ""住所"": ""水俣市栄町1-2-1"", ""市町村"": ""水俣市"", ""混雑状況"": ""---"", ""避難所名"": ""第二小学校グラウンド"", ""開設状況"": ""---""}",unmatched,no_candidate,,0,,,,,,,,,,,[],,[],[],reference/43000_1.csv,dd6686fa000c3e720180ba96d02aacff987aec1bba3c9bc69a5867fc0089d10d
2026-07-30,2026-07-30T00:13:27+09:00,26/07/30 00:13時点の避難所状況の一覧です。,2026-07-30T00:13+09:00,web:f6e4a028533f3a2450c1,f6e4a028533f3a2450c1,水俣市,第二小学校多目的ホール,開設,true,平常,,水俣市栄町1-2-1,検索,,,,,https://portal.bousai.pref.kumamoto.jp/sp.html?p=evacuation%2Fshelter&l=15-0&ll=32.63819999999999%2C130.77610000000004&z=9&municipalityCd=430005,1d484deb50268bc68933f2daae4678ad99aa01c03b103298a455824086239849,"{""ルート検索"": ""検索"", ""住所"": ""水俣市栄町1-2-1"", ""市町村"": ""水俣市"", ""混雑状況"": ""平常"", ""避難所名"": ""第二小学校多目的ホール"", ""開設状況"": ""開設""}",unmatched,no_candidate,,0,,,,,,,,,,,[],,[],[],reference/43000_1.csv,dd6686fa000c3e720180ba96d02aacff987aec1bba3c9bc69a5867fc0089d10d
2026-07-30,2026-07-30T00:13:27+09:00,26/07/30 00:13時点の避難所状況の一覧です。,2026-07-30T00:13+09:00,web:d998ef918011afc14973,d998ef918011afc14973,水俣市,緑東中学校グラウンド,---,false,---,,水俣市葛渡181,検索,,,,,https://portal.bousai.pref.kumamoto.jp/sp.html?p=evacuation%2Fshelter&l=15-0&ll=32.63819999999999%2C130.77610000000004&z=9&municipalityCd=430005,b4a91c5ad4aa9e64ebeac221abeb5d67dd86a2f0d76a1e46ccccee6fec8b8384,"{""ルート検索"": ""検索"", ""住所"": ""水俣市葛渡181"", ""市町村"": ""水俣市"", ""混雑状況"": ""---"", ""避難所名"": ""緑東中学校グラウンド"", ""開設状況"": ""---""}",unmatched,no_candidate,,0,,,,,,,,,,,[],,[],[],reference/43000_1.csv,dd6686fa000c3e720180ba96d02aacff987aec1bba3c9bc69a5867fc0089d10d
2026-07-30,2026-07-30T00:13:27+09:00,26/07/30 00:13時点の避難所状況の一覧です。,2026-07-30T00:13+09:00,web:33f604ca0a80e50d1918,33f604ca0a80e50d1918,水俣市,袋小中学校グラウンド,---,false,---,,水俣市袋1403-2,検索,,,,,https://portal.bousai.pref.kumamoto.jp/sp.html?p=evacuation%2Fshelter&l=15-0&ll=32.63819999999999%2C130.77610000000004&z=9&municipalityCd=430005,58a18d25f1ef43eddcb6c64b17d3b0301e85f3ad1d8a21d708a1b12cfb7011c9,"{""ルート検索"": ""検索"", ""住所"": ""水俣市袋1403-2"", ""市町村"": ""水俣市"", ""混雑状況"": ""---"", ""避難所名"": ""袋小中学校グラウンド"", ""開設状況"": ""---""}",unmatched,no_candidate,,0,,,,,,,,,,,[],,[],[],reference/43000_1.csv,dd6686fa000c3e720180ba96d02aacff987aec1bba3c9bc69a5867fc0089d10d
2026-07-30,2026-07-30T00:13:27+09:00,26/07/30 00:13時点の避難所状況の一覧です。,2026-07-30T00:13+09:00,web:3c69816cccb9950484f8,3c69816cccb9950484f8,水俣市,西生院,---,false,---,,水俣市旭町1-2-22,検索,,,,,https://portal.bousai.pref.kumamoto.jp/sp.html?p=evacuation%2Fshelter&l=15-0&ll=32.63819999999999%2C130.77610000000004&z=9&municipalityCd=430005,7dbe916f8a57b8b59fe3500089fb75b521da34eec31a8701d2003844fc2fe0ec,"{""ルート検索"": ""検索"", ""住所"": ""水俣市旭町1-2-22"", ""市町村"": ""水俣市"", ""混雑状況"": ""---"", ""避難所名"": ""西生院"", ""開設状況"": ""---""}",unmatched,no_candidate,,0,,,,,,,,,,,[],,[],[],reference/43000_1.csv,dd6686fa000c3e720180ba96d02aacff987aec1bba3c9bc69a5867fc0089d10d
2026-07-30,2026-07-30T00:13:27+09:00,26/07/30 00:13時点の避難所状況の一覧です。,2026-07-30T00:13+09:00,web:da10c04ad9ccf4a7b0a3,da10c04ad9ccf4a7b0a3,氷川町,氷川町ウォーキングセンター,---,false,---,,熊本県氷川町大野897番地,検索,,,,,https://portal.bousai.pref.kumamoto.jp/sp.html?p=evacuation%2Fshelter&l=15-0&ll=32.63819999999999%2C130.77610000000004&z=9&municipalityCd=430005,4b3f5882c0a09eda798bcc69d90740f566770ed8aba2917cae858ddbb3f0efdf,"{""ルート検索"": ""検索"", ""住所"": ""熊本県氷川町大野897番地"", ""市町村"": ""氷川町"", ""混雑状況"": ""---"", ""避難所名"": ""氷川町ウォーキングセンター"", ""開設状況"": ""---""}",unmatched,no_candidate,,0,,,,,,,,,,,[],,[],[],reference/43000_1.csv,dd6686fa000c3e720180ba96d02aacff987aec1bba3c9bc69a5867fc0089d10d
2026-07-30,2026-07-30T00:13:27+09:00,26/07/30 00:13時点の避難所状況の一覧です。,2026-07-30T00:13+09:00,web:1a33df0f5bb6c7324ed0,1a33df0f5bb6c7324ed0,氷川町,氷川町公民館・宮原公民館,---,false,---,,氷川町宮原690-2,検索,,,,,https://portal.bousai.pref.kumamoto.jp/sp.html?p=evacuation%2Fshelter&l=15-0&ll=32.63819999999999%2C130.77610000000004&z=9&municipalityCd=430005,9548dbe46bbc99568c093a59fe58aeaa6c0b780d7b69fbc17f34ea9c5234ff18,"{""ルート検索"": ""検索"", ""住所"": ""氷川町宮原690-2"", ""市町村"": ""氷川町"", ""混雑状況"": ""---"", ""避難所名"": ""氷川町公民館・宮原公民館"", ""開設状況"": ""---""}",unmatched,fuzzy_below_threshold,0.851,0,,,,,,,,,,,[],,[],"[{""NO"": ""1270"", ""その他市町村長が必要と認める事項"": """", ""住所"": ""熊本県氷川町宮原690-2"", ""備考"": """", ""共通ID"": ""E4346800001111"", ""受入対象者"": """", ""指定緊急避難場所との住所同一"": ""1"", ""施設・場所名"": ""氷川町公民館・宮原体育館"", ""経度"": ""130.67945191464"", ""緯度"": ""32.553973666736""}]",reference/43000_1.csv,dd6686fa000c3e720180ba96d02aacff987aec1bba3c9bc69a5867fc0089d10d
2026-07-30,2026-07-30T00:13:27+09:00,26/07/30 00:13時点の避難所状況の一覧です。,2026-07-30T00:13+09:00,web:25f65ad952d62b83d11d,25f65ad952d62b83d11d,津奈木町,B&G体育館,---,false,---,,津奈木町大字小津奈木2114-9,検索,,,,,https://portal.bousai.pref.kumamoto.jp/sp.html?p=evacuation%2Fshelter&l=15-0&ll=32.63819999999999%2C130.77610000000004&z=9&municipalityCd=430005,ef709a99c20c62c0af50fa458d64813e014e2d437b12c4bc104934f6b4c99e55,"{""ルート検索"": ""検索"", ""住所"": ""津奈木町大字小津奈木2114-9"", ""市町村"": ""津奈木町"", ""混雑状況"": ""---"", ""避難所名"": ""B&G体育館"", ""開設状況"": ""---""}",unmatched,no_candidate,,0,,,,,,,,,,,[],,[],[],reference/43000_1.csv,dd6686fa000c3e720180ba96d02aacff987aec1bba3c9bc69a5867fc0089d10d
2026-07-30,2026-07-30T00:13:27+09:00,26/07/30 00:13時点の避難所状況の一覧です。,2026-07-30T00:13+09:00,web:6b5461ff231023b2b5b5,6b5461ff231023b2b5b5,津奈木町,平国コミュニティセンター,---,false,---,,津奈木町大字福浜3496-13,検索,,,,,https://portal.bousai.pref.kumamoto.jp/sp.html?p=evacuation%2Fshelter&l=15-0&ll=32.63819999999999%2C130.77610000000004&z=9&municipalityCd=430005,b539c36467f0f5eb59e3f32668a6e30a391daf39d20b72626ea62be6e1d77456,"{""ルート検索"": ""検索"", ""住所"": ""津奈木町大字福浜3496-13"", ""市町村"": ""津奈木町"", ""混雑状況"": ""---"", ""避難所名"": ""平国コミュニティセンター"", ""開設状況"": ""---""}",unmatched,no_candidate,,0,,,,,,,,,,,[],,[],[],reference/43000_1.csv,dd6686fa000c3e720180ba96d02aacff987aec1bba3c9bc69a5867fc0089d10d
2026-07-30,2026-07-30T00:13:27+09:00,26/07/30 00:13時点の避難所状況の一覧です。,2026-07-30T00:13+09:00,web:fa08055aaa38cf99768f,fa08055aaa38cf99768f,津奈木町,日当高台(町道辻線),---,false,---,,津奈木町大字福浜,検索,,,,,https://portal.bousai.pref.kumamoto.jp/sp.html?p=evacuation%2Fshelter&l=15-0&ll=32.63819999999999%2C130.77610000000004&z=9&municipalityCd=430005,e26340db8c8414e519d29f9d340670d258bddd2c2623112b5b543127c1110dcd,"{""ルート検索"": ""検索"", ""住所"": ""津奈木町大字福浜"", ""市町村"": ""津奈木町"", ""混雑状況"": ""---"", ""避難所名"": ""日当高台(町道辻線)"", ""開設状況"": ""---""}",unmatched,no_candidate,,0,,,,,,,,,,,[],,[],[],reference/43000_1.csv,dd6686fa000c3e720180ba96d02aacff987aec1bba3c9bc69a5867fc0089d10d
2026-07-30,2026-07-30T00:13:27+09:00,26/07/30 00:13時点の避難所状況の一覧です。,2026-07-30T00:13+09:00,web:7cd13d4d2c1eea03b3b4,7cd13d4d2c1eea03b3b4,津奈木町,日添高台(広域農道),---,false,---,,津奈木町大字福浜,検索,,,,,https://portal.bousai.pref.kumamoto.jp/sp.html?p=evacuation%2Fshelter&l=15-0&ll=32.63819999999999%2C130.77610000000004&z=9&municipalityCd=430005,d770814ccea3fae4becde8b4b1bfd2ada6fa827f63161170b5139287c3e8653b,"{""ルート検索"": ""検索"", ""住所"": ""津奈木町大字福浜"", ""市町村"": ""津奈木町"", ""混雑状況"": ""---"", ""避難所名"": ""日添高台(広域農道)"", ""開設状況"": ""---""}",unmatched,no_candidate,,0,,,,,,,,,,,[],,[],[],reference/43000_1.csv,dd6686fa000c3e720180ba96d02aacff987aec1bba3c9bc69a5867fc0089d10d
2026-07-30,2026-07-30T00:13:27+09:00,26/07/30 00:13時点の避難所状況の一覧です。,2026-07-30T00:13+09:00,web:928100cfb07eecfc9553,928100cfb07eecfc9553,津奈木町,旧平国小学校,---,false,---,,津奈木町大字福浜3503,検索,,,,,https://portal.bousai.pref.kumamoto.jp/sp.html?p=evacuation%2Fshelter&l=15-0&ll=32.63819999999999%2C130.77610000000004&z=9&municipalityCd=430005,0eb0b1f4a261ed4dd858c10b6582bfbf167f7d43aa69fd64ed7860cb8f266ea4,"{""ルート検索"": ""検索"", ""住所"": ""津奈木町大字福浜3503"", ""市町村"": ""津奈木町"", ""混雑状況"": ""---"", ""避難所名"": ""旧平国小学校"", ""開設状況"": ""---""}",unmatched,no_candidate,,0,,,,,,,,,,,[],,[],[],reference/43000_1.csv,dd6686fa000c3e720180ba96d02aacff987aec1bba3c9bc69a5867fc0089d10d
2026-07-30,2026-07-30T00:13:27+09:00,26/07/30 00:13時点の避難所状況の一覧です。,2026-07-30T00:13+09:00,web:844fa4db77ed5452db4a,844fa4db77ed5452db4a,津奈木町,旧赤崎小学校,---,false,---,,津奈木町大字福浜165,検索,,,,,https://portal.bousai.pref.kumamoto.jp/sp.html?p=evacuation%2Fshelter&l=15-0&ll=32.63819999999999%2C130.77610000000004&z=9&municipalityCd=430005,ef707a97f895239f03e14d5db27be773ea957b7b4c4a03011883a14ade61340d,"{""ルート検索"": ""検索"", ""住所"": ""津奈木町大字福浜165"", ""市町村"": ""津奈木町"", ""混雑状況"": ""---"", ""避難所名"": ""旧赤崎小学校"", ""開設状況"": ""---""}",unmatched,no_candidate,,0,,,,,,,,,,,[],,[],[],reference/43000_1.csv,dd6686fa000c3e720180ba96d02aacff987aec1bba3c9bc69a5867fc0089d10d
2026-07-30,2026-07-30T00:13:27+09:00,26/07/30 00:13時点の避難所状況の一覧です。,2026-07-30T00:13+09:00,web:8d73a11d9bec6fca6460,8d73a11d9bec6fca6460,津奈木町,津奈木中学校,---,false,---,,津奈木町大字岩城425,検索,,,,,https://portal.bousai.pref.kumamoto.jp/sp.html?p=evacuation%2Fshelter&l=15-0&ll=32.63819999999999%2C130.77610000000004&z=9&municipalityCd=430005,121d7bd874076b6048c9b031b8321f7b709d99a9196d326ee1f4c0b1b4ccc757,"{""ルート検索"": ""検索"", ""住所"": ""津奈木町大字岩城425"", ""市町村"": ""津奈木町"", ""混雑状況"": ""---"", ""避難所名"": ""津奈木中学校"", ""開設状況"": ""---""}",unmatched,no_candidate,,0,,,,,,,,,,,[],,[],[],reference/43000_1.csv,dd6686fa000c3e720180ba96d02aacff987aec1bba3c9bc69a5867fc0089d10d
2026-07-30,2026-07-30T00:13:27+09:00,26/07/30 00:13時点の避難所状況の一覧です。,2026-07-30T00:13+09:00,web:c24b979e872d33c5d507,c24b979e872d33c5d507,津奈木町,津奈木小学校,---,false,---,,津奈木町大字岩城1470,検索,,,,,https://portal.bousai.pref.kumamoto.jp/sp.html?p=evacuation%2Fshelter&l=15-0&ll=32.63819999999999%2C130.77610000000004&z=9&municipalityCd=430005,0600790069e69edbd6b2d7187cae015b3229e5b4b7dd93027ef3dbed64fdd686,"{""ルート検索"": ""検索"", ""住所"": ""津奈木町大字岩城1470"", ""市町村"": ""津奈木町"", ""混雑状況"": ""---"", ""避難所名"": ""津奈木小学校"", ""開設状況"": ""---""}",unmatched,no_candidate,,0,,,,,,,,,,,[],,[],[],reference/43000_1.csv,dd6686fa000c3e720180ba96d02aacff987aec1bba3c9bc69a5867fc0089d10d
2026-07-30,2026-07-30T00:13:27+09:00,26/07/30 00:13時点の避難所状況の一覧です。,2026-07-30T00:13+09:00,web:8bad06a87c4ae3c90db4,8bad06a87c4ae3c90db4,津奈木町,福浦公民館,---,false,---,,津奈木町大字福浜4695-26,検索,,,,,https://portal.bousai.pref.kumamoto.jp/sp.html?p=evacuation%2Fshelter&l=15-0&ll=32.63819999999999%2C130.77610000000004&z=9&municipalityCd=430005,5d0c19c235b80c6749fd14d31f72253bc7a996d2b43d0c4998738a2c93468ef1,"{""ルート検索"": ""検索"", ""住所"": ""津奈木町大字福浜4695-26"", ""市町村"": ""津奈木町"", ""混雑状況"": ""---"", ""避難所名"": ""福浦公民館"", ""開設状況"": ""---""}",unmatched,no_candidate,,0,,,,,,,,,,,[],,[],[],reference/43000_1.csv,dd6686fa000c3e720180ba96d02aacff987aec1bba3c9bc69a5867fc0089d10d
2026-07-30,2026-07-30T00:13:27+09:00,26/07/30 00:13時点の避難所状況の一覧です。,2026-07-30T00:13+09:00,web:a43ad5e0caf8928dfeda,a43ad5e0caf8928dfeda,津奈木町,福浦高台(県道),---,false,---,,津奈木町大字福浜,検索,,,,,https://portal.bousai.pref.kumamoto.jp/sp.html?p=evacuation%2Fshelter&l=15-0&ll=32.63819999999999%2C130.77610000000004&z=9&municipalityCd=430005,d9cb39fb6ecf3ede173f9592849c9ffc12d98dff3352238cfda82c2627980b68,"{""ルート検索"": ""検索"", ""住所"": ""津奈木町大字福浜"", ""市町村"": ""津奈木町"", ""混雑状況"": ""---"", ""避難所名"": ""福浦高台(県道)"", ""開設状況"": ""---""}",unmatched,no_candidate,,0,,,,,,,,,,,[],,[],[],reference/43000_1.csv,dd6686fa000c3e720180ba96d02aacff987aec1bba3c9bc69a5867fc0089d10d
2026-07-30,2026-07-30T00:13:27+09:00,26/07/30 00:13時点の避難所状況の一覧です。,2026-07-30T00:13+09:00,web:dc14ebdaabc1df489e08,dc14ebdaabc1df489e08,津奈木町,赤崎漁村センター,---,false,---,,津奈木町大字福浜627-2,検索,,,,,https://portal.bousai.pref.kumamoto.jp/sp.html?p=evacuation%2Fshelter&l=15-0&ll=32.63819999999999%2C130.77610000000004&z=9&municipalityCd=430005,2e822df346e87c4c60b5c971f15f5b10be38be3ca28cece5b446d9cd1cec93f8,"{""ルート検索"": ""検索"", ""住所"": ""津奈木町大字福浜627-2"", ""市町村"": ""津奈木町"", ""混雑状況"": ""---"", ""避難所名"": ""赤崎漁村センター"", ""開設状況"": ""---""}",unmatched,no_candidate,,0,,,,,,,,,,,[],,[],[],reference/43000_1.csv,dd6686fa000c3e720180ba96d02aacff987aec1bba3c9bc69a5867fc0089d10d
2026-07-30,2026-07-30T00:13:27+09:00,26/07/30 00:13時点の避難所状況の一覧です。,2026-07-30T00:13+09:00,web:450ab88b71324d2a9154,450ab88b71324d2a9154,湯前町,湯前町役場,---,false,---,,熊本県湯前町1989-1,検索,,,,,https://portal.bousai.pref.kumamoto.jp/sp.html?p=evacuation%2Fshelter&l=15-0&ll=32.63819999999999%2C130.77610000000004&z=9&municipalityCd=430005,f494784e5126152c457b6a128d675c4d8d411d05c81fbbeb0c2e409e3b114db9,"{""ルート検索"": ""検索"", ""住所"": ""熊本県湯前町1989-1"", ""市町村"": ""湯前町"", ""混雑状況"": ""---"", ""避難所名"": ""湯前町役場"", ""開設状況"": ""---""}",unmatched,no_candidate,,0,,,,,,,,,,,[],,[],[],reference/43000_1.csv,dd6686fa000c3e720180ba96d02aacff987aec1bba3c9bc69a5867fc0089d10d
2026-07-30,2026-07-30T00:13:27+09:00,26/07/30 00:13時点の避難所状況の一覧です。,2026-07-30T00:13+09:00,web:2cfd0c22163254434b73,2cfd0c22163254434b73,湯前町,湯前町福祉センター,---,false,---,,湯前町1693-37,検索,,,,,https://portal.bousai.pref.kumamoto.jp/sp.html?p=evacuation%2Fshelter&l=15-0&ll=32.63819999999999%2C130.77610000000004&z=9&municipalityCd=430005,5a08bb2ac453d666114d7b8b49d8903f6627fb7e47e27a39c6c58aabb1537893,"{""ルート検索"": ""検索"", ""住所"": ""湯前町1693-37"", ""市町村"": ""湯前町"", ""混雑状況"": ""---"", ""避難所名"": ""湯前町福祉センター"", ""開設状況"": ""---""}",unmatched,no_candidate,,0,,,,,,,,,,,[],,[],[],reference/43000_1.csv,dd6686fa000c3e720180ba96d02aacff987aec1bba3c9bc69a5867fc0089d10d
2026-07-30,2026-07-30T00:13:27+09:00,26/07/30 00:13時点の避難所状況の一覧です。,2026-07-30T00:13+09:00,web:1a45db4a8881383e91ee,1a45db4a8881383e91ee,湯前町,特別養護老人ホーム福寿荘,---,false,---,,湯前町836,検索,,,,,https://portal.bousai.pref.kumamoto.jp/sp.html?p=evacuation%2Fshelter&l=15-0&ll=32.63819999999999%2C130.77610000000004&z=9&municipalityCd=430005,944ccc7f7281adaedc5dd210cbf3eecd75423bd6e006904a2793e913c84442d7,"{""ルート検索"": ""検索"", ""住所"": ""湯前町836"", ""市町村"": ""湯前町"", ""混雑状況"": ""---"", ""避難所名"": ""特別養護老人ホーム福寿荘"", ""開設状況"": ""---""}",unmatched,no_candidate,,0,,,,,,,,,,,[],,[],[],reference/43000_1.csv,dd6686fa000c3e720180ba96d02aacff987aec1bba3c9bc69a5867fc0089d10d
2026-07-30,2026-07-30T00:13:27+09:00,26/07/30 00:13時点の避難所状況の一覧です。,2026-07-30T00:13+09:00,web:f31f7c75d1755a47a945,f31f7c75d1755a47a945,熊本市,TKUプラザ,---,false,---,,熊本県熊本市北区徳王1丁目8-1,検索,,,,,https://portal.bousai.pref.kumamoto.jp/sp.html?p=evacuation%2Fshelter&l=15-0&ll=32.63819999999999%2C130.77610000000004&z=9&municipalityCd=430005,becf3ae6cd26d618ddeedaed7f0247763828c2abb9fd9083342f72fbbdedc471,"{""ルート検索"": ""検索"", ""住所"": ""熊本県熊本市北区徳王1丁目8-1"", ""市町村"": ""熊本市"", ""混雑状況"": ""---"", ""避難所名"": ""TKUプラザ"", ""開設状況"": ""---""}",unmatched,no_candidate,,0,,,,,,,,,,,[],,[],[],reference/43000_1.csv,dd6686fa000c3e720180ba96d02aacff987aec1bba3c9bc69a5867fc0089d10d
2026-07-30,2026-07-30T00:13:27+09:00,26/07/30 00:13時点の避難所状況の一覧です。,2026-07-30T00:13+09:00,web:cc741548c0c70d471271,cc741548c0c70d471271,熊本市,中島中央公園,---,false,---,,熊本市西区中島町字直氏383-3外,検索,,,,,https://portal.bousai.pref.kumamoto.jp/sp.html?p=evacuation%2Fshelter&l=15-0&ll=32.63819999999999%2C130.77610000000004&z=9&municipalityCd=430005,e7cfa88528f2df1fc82582dddb4fa71059bc1d2b82846241d32d0f6d58e9b3cf,"{""ルート検索"": ""検索"", ""住所"": ""熊本市西区中島町字直氏383-3外"", ""市町村"": ""熊本市"", ""混雑状況"": ""---"", ""避難所名"": ""中島中央公園"", ""開設状況"": ""---""}",unmatched,no_candidate,,0,,,,,,,,,,,[],,[],[],reference/43000_1.csv,dd6686fa000c3e720180ba96d02aacff987aec1bba3c9bc69a5867fc0089d10d
2026-07-30,2026-07-30T00:13:27+09:00,26/07/30 00:13時点の避難所状況の一覧です。,2026-07-30T00:13+09:00,web:92ac15ea64f21af2c9fa,92ac15ea64f21af2c9fa,熊本市,九州動物学院【ペット避難場所】,開設,true,不明,,熊本県熊本市中央区本荘6丁目16-34,検索,,,,,https://portal.bousai.pref.kumamoto.jp/sp.html?p=evacuation%2Fshelter&l=15-0&ll=32.63819999999999%2C130.77610000000004&z=9&municipalityCd=430005,54d30bbe8300f1d7f206dd611b812d3e4db7f13b63640163e98cdbe88e5e0223,"{""ルート検索"": ""検索"", ""住所"": ""熊本県熊本市中央区本荘6丁目16-34"", ""市町村"": ""熊本市"", ""混雑状況"": ""不明"", ""避難所名"": ""九州動物学院【ペット避難場所】"", ""開設状況"": ""開設""}",unmatched,no_candidate,,0,,,,,,,,,,,[],,[],[],reference/43000_1.csv,dd6686fa000c3e720180ba96d02aacff987aec1bba3c9bc69a5867fc0089d10d
2026-07-30,2026-07-30T00:13:27+09:00,26/07/30 00:13時点の避難所状況の一覧です。,2026-07-30T00:13+09:00,web:5a22c86d04a612c560cd,5a22c86d04a612c560cd,熊本市,九州学院高校,---,false,---,,熊本県熊本市中央区大江5丁目2-1,検索,,,,,https://portal.bousai.pref.kumamoto.jp/sp.html?p=evacuation%2Fshelter&l=15-0&ll=32.63819999999999%2C130.77610000000004&z=9&municipalityCd=430005,a9fada24eda5586831090d54260aa041066a2b21cfcc860bb1dce6102e6125ab,"{""ルート検索"": ""検索"", ""住所"": ""熊本県熊本市中央区大江5丁目2-1"", ""市町村"": ""熊本市"", ""混雑状況"": ""---"", ""避難所名"": ""九州学院高校"", ""開設状況"": ""---""}",unmatched,no_candidate,,0,,,,,,,,,,,[],,[],[],reference/43000_1.csv,dd6686fa000c3e720180ba96d02aacff987aec1bba3c9bc69a5867fc0089d10d
2026-07-30,2026-07-30T00:13:27+09:00,26/07/30 00:13時点の避難所状況の一覧です。,2026-07-30T00:13+09:00,web:4b5e0ce779240fb97c5b,4b5e0ce779240fb97c5b,熊本市,二の丸広場,---,false,---,,熊本県熊本市中央区二の丸2,検索,,,,,https://portal.bousai.pref.kumamoto.jp/sp.html?p=evacuation%2Fshelter&l=15-0&ll=32.63819999999999%2C130.77610000000004&z=9&municipalityCd=430005,77ce556f7e12f6882f521d8fa38122f90aaf098872620c111cb327c3d618b2ab,"{""ルート検索"": ""検索"", ""住所"": ""熊本県熊本市中央区二の丸2"", ""市町村"": ""熊本市"", ""混雑状況"": ""---"", ""避難所名"": ""二の丸広場"", ""開設状況"": ""---""}",unmatched,no_candidate,,0,,,,,,,,,,,[],,[],[],reference/43000_1.csv,dd6686fa000c3e720180ba96d02aacff987aec1bba3c9bc69a5867fc0089d10d
2026-07-30,2026-07-30T00:13:27+09:00,26/07/30 00:13時点の避難所状況の一覧です。,2026-07-30T00:13+09:00,web:f2c296595c0b195c500f,f2c296595c0b195c500f,熊本市,今熊公園,---,false,---,,熊本市北区立福寺町91-2,検索,,,,,https://portal.bousai.pref.kumamoto.jp/sp.html?p=evacuation%2Fshelter&l=15-0&ll=32.63819999999999%2C130.77610000000004&z=9&municipalityCd=430005,b62c427ccfe6501d1b964412586c9b76ae693b040aa2425ce5a47ff19d670134,"{""ルート検索"": ""検索"", ""住所"": ""熊本市北区立福寺町91-2"", ""市町村"": ""熊本市"", ""混雑状況"": ""---"", ""避難所名"": ""今熊公園"", ""開設状況"": ""---""}",unmatched,no_candidate,,0,,,,,,,,,,,[],,[],[],reference/43000_1.csv,dd6686fa000c3e720180ba96d02aacff987aec1bba3c9bc69a5867fc0089d10d
2026-07-30,2026-07-30T00:13:27+09:00,26/07/30 00:13時点の避難所状況の一覧です。,2026-07-30T00:13+09:00,web:737ce223d9b0130b0dc1,737ce223d9b0130b0dc1,熊本市,代継橋下流左右岸,---,false,---,,熊本県熊本市中央区本荘3・5丁目,検索,,,,,https://portal.bousai.pref.kumamoto.jp/sp.html?p=evacuation%2Fshelter&l=15-0&ll=32.63819999999999%2C130.77610000000004&z=9&municipalityCd=430005,d6ee99c107aaf558f24b3806d7ed23987fa49229e772b97e869b40d9338d435c,"{""ルート検索"": ""検索"", ""住所"": ""熊本県熊本市中央区本荘3・5丁目"", ""市町村"": ""熊本市"", ""混雑状況"": ""---"", ""避難所名"": ""代継橋下流左右岸"", ""開設状況"": ""---""}",unmatched,no_candidate,,0,,,,,,,,,,,[],,[],[],reference/43000_1.csv,dd6686fa000c3e720180ba96d02aacff987aec1bba3c9bc69a5867fc0089d10d
2026-07-30,2026-07-30T00:13:27+09:00,26/07/30 00:13時点の避難所状況の一覧です。,2026-07-30T00:13+09:00,web:25dbcb47f6e338c1f6a3,25dbcb47f6e338c1f6a3,熊本市,保田窪公園,---,false,---,,熊本市東区保田窪本町24,検索,,,,,https://portal.bousai.pref.kumamoto.jp/sp.html?p=evacuation%2Fshelter&l=15-0&ll=32.63819999999999%2C130.77610000000004&z=9&municipalityCd=430005,ca61d78ded53c67a6cd196695c86dc8f6bf8bae1ffdad68ea05cd2a95ae9b20f,"{""ルート検索"": ""検索"", ""住所"": ""熊本市東区保田窪本町24"", ""市町村"": ""熊本市"", ""混雑状況"": ""---"", ""避難所名"": ""保田窪公園"", ""開設状況"": ""---""}",unmatched,no_candidate,,0,,,,,,,,,,,[],,[],[],reference/43000_1.csv,dd6686fa000c3e720180ba96d02aacff987aec1bba3c9bc69a5867fc0089d10d
2026-07-30,2026-07-30T00:13:27+09:00,26/07/30 00:13時点の避難所状況の一覧です。,2026-07-30T00:13+09:00,web:a64933565437cf9947fb,a64933565437cf9947fb,熊本市,八景水谷公園,---,false,---,,熊本市北区八景水谷1丁目7外,検索,,,,,https://portal.bousai.pref.kumamoto.jp/sp.html?p=evacuation%2Fshelter&l=15-0&ll=32.63819999999999%2C130.77610000000004&z=9&municipalityCd=430005,e0e731ddb90dfeb4bff56d8cbad4bf8bed3c916533fbf4d9ab00e9740f23f5d1,"{""ルート検索"": ""検索"", ""住所"": ""熊本市北区八景水谷1丁目7外"", ""市町村"": ""熊本市"", ""混雑状況"": ""---"", ""避難所名"": ""八景水谷公園"", ""開設状況"": ""---""}",unmatched,no_candidate,,0,,,,,,,,,,,[],,[],[],reference/43000_1.csv,dd6686fa000c3e720180ba96d02aacff987aec1bba3c9bc69a5867fc0089d10d
2026-07-30,2026-07-30T00:13:27+09:00,26/07/30 00:13時点の避難所状況の一覧です。,2026-07-30T00:13+09:00,web:1b4f04f755b8fcb813e2,1b4f04f755b8fcb813e2,熊本市,八王寺中央公園,---,false,---,,熊本県熊本市中央区八王寺町50,検索,,,,,https://portal.bousai.pref.kumamoto.jp/sp.html?p=evacuation%2Fshelter&l=15-0&ll=32.63819999999999%2C130.77610000000004&z=9&municipalityCd=430005,b539b648a9f1dd92e7d5627f3698435fa4f011fbdb380d1138b7e34cdf820332,"{""ルート検索"": ""検索"", ""住所"": ""熊本県熊本市中央区八王寺町50"", ""市町村"": ""熊本市"", ""混雑状況"": ""---"", ""避難所名"": ""八王寺中央公園"", ""開設状況"": ""---""}",unmatched,no_candidate,,0,,,,,,,,,,,[],,[],[],reference/43000_1.csv,dd6686fa000c3e720180ba96d02aacff987aec1bba3c9bc69a5867fc0089d10d
2026-07-30,2026-07-30T00:13:27+09:00,26/07/30 00:13時点の避難所状況の一覧です。,2026-07-30T00:13+09:00,web:8414eb3c90be3ed006eb,8414eb3c90be3ed006eb,熊本市,刈草中央公園,---,false,---,,熊本市南区刈草2丁目1,検索,,,,,https://portal.bousai.pref.kumamoto.jp/sp.html?p=evacuation%2Fshelter&l=15-0&ll=32.63819999999999%2C130.77610000000004&z=9&municipalityCd=430005,ca4db2556f40963a24336100915ec32dcbc11bb721d0e1324dbfc1d604962043,"{""ルート検索"": ""検索"", ""住所"": ""熊本市南区刈草2丁目1"", ""市町村"": ""熊本市"", ""混雑状況"": ""---"", ""避難所名"": ""刈草中央公園"", ""開設状況"": ""---""}",unmatched,no_candidate,,0,,,,,,,,,,,[],,[],[],reference/43000_1.csv,dd6686fa000c3e720180ba96d02aacff987aec1bba3c9bc69a5867fc0089d10d
2026-07-30,2026-07-30T00:13:27+09:00,26/07/30 00:13時点の避難所状況の一覧です。,2026-07-30T00:13+09:00,web:830a96537c88b6025084,830a96537c88b6025084,熊本市,北部公園,---,false,---,,熊本市北区下硯川町416-2,検索,,,,,https://portal.bousai.pref.kumamoto.jp/sp.html?p=evacuation%2Fshelter&l=15-0&ll=32.63819999999999%2C130.77610000000004&z=9&municipalityCd=430005,8123d3bfe0ab908b5db8c3b0423d2dd443139320dfdb13eefb9a14133ad5d4c6,"{""ルート検索"": ""検索"", ""住所"": ""熊本市北区下硯川町416-2"", ""市町村"": ""熊本市"", ""混雑状況"": ""---"", ""避難所名"": ""北部公園"", ""開設状況"": ""---""}",unmatched,no_candidate,,0,,,,,,,,,,,[],,[],[],reference/43000_1.csv,dd6686fa000c3e720180ba96d02aacff987aec1bba3c9bc69a5867fc0089d10d
2026-07-30,2026-07-30T00:13:27+09:00,26/07/30 00:13時点の避難所状況の一覧です。,2026-07-30T00:13+09:00,web:0453ef4348467a9c2dcc,0453ef4348467a9c2dcc,熊本市,古荘公園,---,false,---,,熊本市西区島崎5丁目15,検索,,,,,https://portal.bousai.pref.kumamoto.jp/sp.html?p=evacuation%2Fshelter&l=15-0&ll=32.63819999999999%2C130.77610000000004&z=9&municipalityCd=430005,cdc5db50359ab8691d96bdd3065f55afb73d099f24fcbca695306b96e2b2631c,"{""ルート検索"": ""検索"", ""住所"": ""熊本市西区島崎5丁目15"", ""市町村"": ""熊本市"", ""混雑状況"": ""---"", ""避難所名"": ""古荘公園"", ""開設状況"": ""---""}",unmatched,no_candidate,,0,,,,,,,,,,,[],,[],[],reference/43000_1.csv,dd6686fa000c3e720180ba96d02aacff987aec1bba3c9bc69a5867fc0089d10d
2026-07-30,2026-07-30T00:13:27+09:00,26/07/30 00:13時点の避難所状況の一覧です。,2026-07-30T00:13+09:00,web:75e225a5b7e50503ac26,75e225a5b7e50503ac26,熊本市,吉松スポーツ公園,---,false,---,,熊本市北区植木町亀甲464,検索,,,,,https://portal.bousai.pref.kumamoto.jp/sp.html?p=evacuation%2Fshelter&l=15-0&ll=32.63819999999999%2C130.77610000000004&z=9&municipalityCd=430005,2ea506b037b012bdd9439927c9c2974f3572963688e88c7b6395d855093fbbdb,"{""ルート検索"": ""検索"", ""住所"": ""熊本市北区植木町亀甲464"", ""市町村"": ""熊本市"", ""混雑状況"": ""---"", ""避難所名"": ""吉松スポーツ公園"", ""開設状況"": ""---""}",unmatched,no_candidate,,0,,,,,,,,,,,[],,[],[],reference/43000_1.csv,dd6686fa000c3e720180ba96d02aacff987aec1bba3c9bc69a5867fc0089d10d
2026-07-30,2026-07-30T00:13:27+09:00,26/07/30 00:13時点の避難所状況の一覧です。,2026-07-30T00:13+09:00,web:b6e3d5681e5a3414e57c,b6e3d5681e5a3414e57c,熊本市,坪井中央公園,---,false,---,,熊本県熊本市中央区坪井6丁目13,検索,,,,,https://portal.bousai.pref.kumamoto.jp/sp.html?p=evacuation%2Fshelter&l=15-0&ll=32.63819999999999%2C130.77610000000004&z=9&municipalityCd=430005,1165fe1ec72195bd0534acf2f8d2fe2a40a976ec995d4a3f70ee05034adcc3d0,"{""ルート検索"": ""検索"", ""住所"": ""熊本県熊本市中央区坪井6丁目13"", ""市町村"": ""熊本市"", ""混雑状況"": ""---"", ""避難所名"": ""坪井中央公園"", ""開設状況"": ""---""}",unmatched,no_candidate,,0,,,,,,,,,,,[],,[],[],reference/43000_1.csv,dd6686fa000c3e720180ba96d02aacff987aec1bba3c9bc69a5867fc0089d10d
2026-07-30,2026-07-30T00:13:27+09:00,26/07/30 00:13時点の避難所状況の一覧です。,2026-07-30T00:13+09:00,web:2e7b506c60a983175a6a,2e7b506c60a983175a6a,熊本市,坪井川緑地,---,false,---,,熊本市北区清水町外,検索,,,,,https://portal.bousai.pref.kumamoto.jp/sp.html?p=evacuation%2Fshelter&l=15-0&ll=32.63819999999999%2C130.77610000000004&z=9&municipalityCd=430005,6dcc99ddf4a162362a3acaa462e1a5fffe4e8d997c72fc2cc745a932a3d84846,"{""ルート検索"": ""検索"", ""住所"": ""熊本市北区清水町外"", ""市町村"": ""熊本市"", ""混雑状況"": ""---"", ""避難所名"": ""坪井川緑地"", ""開設状況"": ""---""}",unmatched,no_candidate,,0,,,,,,,,,,,[],,[],[],reference/43000_1.csv,dd6686fa000c3e720180ba96d02aacff987aec1bba3c9bc69a5867fc0089d10d
2026-07-30,2026-07-30T00:13:27+09:00,26/07/30 00:13時点の避難所状況の一覧です。,2026-07-30T00:13+09:00,web:b8a09115ad4d36ea359b,b8a09115ad4d36ea359b,熊本市,城南地域物産館,---,false,---,,熊本市南区城南町坂野65番地,検索,,,,,https://portal.bousai.pref.kumamoto.jp/sp.html?p=evacuation%2Fshelter&l=15-0&ll=32.63819999999999%2C130.77610000000004&z=9&municipalityCd=430005,755485fa7502292df2e697465a8792da04092d26befd98d80e97fb924fc8516e,"{""ルート検索"": ""検索"", ""住所"": ""熊本市南区城南町坂野65番地"", ""市町村"": ""熊本市"", ""混雑状況"": ""---"", ""避難所名"": ""城南地域物産館"", ""開設状況"": ""---""}",unmatched,no_candidate,,0,,,,,,,,,,,[],,[],[],reference/43000_1.csv,dd6686fa000c3e720180ba96d02aacff987aec1bba3c9bc69a5867fc0089d10d
2026-07-30,2026-07-30T00:13:27+09:00,26/07/30 00:13時点の避難所状況の一覧です。,2026-07-30T00:13+09:00,web:8be1eaa0af3ed67b1221,8be1eaa0af3ed67b1221,熊本市,城南総合スポーツセンター(城南B&G海洋センター含む),---,false,---,,熊本県熊本市南区城南町舞原144番地1,検索,,,,,https://portal.bousai.pref.kumamoto.jp/sp.html?p=evacuation%2Fshelter&l=15-0&ll=32.63819999999999%2C130.77610000000004&z=9&municipalityCd=430005,5018b7593cf7bedc8f761faaec49658ebf6fc73b9a4e58a729b3a62f9709b3d5,"{""ルート検索"": ""検索"", ""住所"": ""熊本県熊本市南区城南町舞原144番地1"", ""市町村"": ""熊本市"", ""混雑状況"": ""---"", ""避難所名"": ""城南総合スポーツセンター(城南B&G海洋センター含む)"", ""開設状況"": ""---""}",unmatched,no_candidate,,0,,,,,,,,,,,[],,[],[],reference/43000_1.csv,dd6686fa000c3e720180ba96d02aacff987aec1bba3c9bc69a5867fc0089d10d
2026-07-30,2026-07-30T00:13:27+09:00,26/07/30 00:13時点の避難所状況の一覧です。,2026-07-30T00:13+09:00,web:2da4022fb86b6394d3bb,2da4022fb86b6394d3bb,熊本市,城山公園運動施設,---,false,---,,熊本市西区城山半田4丁目16-1,検索,,,,,https://portal.bousai.pref.kumamoto.jp/sp.html?p=evacuation%2Fshelter&l=15-0&ll=32.63819999999999%2C130.77610000000004&z=9&municipalityCd=430005,ccbb4b50f7609bb6dd4731b9874075576a35939cb64c526334ef9ba461278b18,"{""ルート検索"": ""検索"", ""住所"": ""熊本市西区城山半田4丁目16-1"", ""市町村"": ""熊本市"", ""混雑状況"": ""---"", ""避難所名"": ""城山公園運動施設"", ""開設状況"": ""---""}",unmatched,no_candidate,,0,,,,,,,,,,,[],,[],[],reference/43000_1.csv,dd6686fa000c3e720180ba96d02aacff987aec1bba3c9bc69a5867fc0089d10d
2026-07-30,2026-07-30T00:13:27+09:00,26/07/30 00:13時点の避難所状況の一覧です。,2026-07-30T00:13+09:00,web:b724eac35aa2d535c027,b724eac35aa2d535c027,熊本市,城東小学校【広域】,---,false,---,,熊本市中央区千葉城町5-1,検索,,,,,https://portal.bousai.pref.kumamoto.jp/sp.html?p=evacuation%2Fshelter&l=15-0&ll=32.63819999999999%2C130.77610000000004&z=9&municipalityCd=430005,5455bfc74fd31817d81c906d7decaa0bae528e72bc2afb1974fda512a314314f,"{""ルート検索"": ""検索"", ""住所"": ""熊本市中央区千葉城町5-1"", ""市町村"": ""熊本市"", ""混雑状況"": ""---"", ""避難所名"": ""城東小学校【広域】"", ""開設状況"": ""---""}",unmatched,no_candidate,,0,,,,,,,,,,,[],,[],[],reference/43000_1.csv,dd6686fa000c3e720180ba96d02aacff987aec1bba3c9bc69a5867fc0089d10d
2026-07-30,2026-07-30T00:13:27+09:00,26/07/30 00:13時点の避難所状況の一覧です。,2026-07-30T00:13+09:00,web:a83315c3c7d9aca3008d,a83315c3c7d9aca3008d,熊本市,塚原グラウンド,---,false,---,,熊本市南区城南町塚原字宮ノ下,検索,,,,,https://portal.bousai.pref.kumamoto.jp/sp.html?p=evacuation%2Fshelter&l=15-0&ll=32.63819999999999%2C130.77610000000004&z=9&municipalityCd=430005,3754b5463575a07e74981aade5011ddadc576e0b67d3420cdf797935d6d1b1ea,"{""ルート検索"": ""検索"", ""住所"": ""熊本市南区城南町塚原字宮ノ下"", ""市町村"": ""熊本市"", ""混雑状況"": ""---"", ""避難所名"": ""塚原グラウンド"", ""開設状況"": ""---""}",unmatched,no_candidate,,0,,,,,,,,,,,[],,[],[],reference/43000_1.csv,dd6686fa000c3e720180ba96d02aacff987aec1bba3c9bc69a5867fc0089d10d
2026-07-30,2026-07-30T00:13:27+09:00,26/07/30 00:13時点の避難所状況の一覧です。,2026-07-30T00:13+09:00,web:754487ec61941d66cfdc,754487ec61941d66cfdc,熊本市,子飼橋上流右岸,---,false,---,,熊本県熊本市中央区黒髪2丁目,検索,,,,,https://portal.bousai.pref.kumamoto.jp/sp.html?p=evacuation%2Fshelter&l=15-0&ll=32.63819999999999%2C130.77610000000004&z=9&municipalityCd=430005,d58c7d27361244e1ff03192297ce819418b6fda7aac34339478daa704ade6cbc,"{""ルート検索"": ""検索"", ""住所"": ""熊本県熊本市中央区黒髪2丁目"", ""市町村"": ""熊本市"", ""混雑状況"": ""---"", ""避難所名"": ""子飼橋上流右岸"", ""開設状況"": ""---""}",unmatched,no_candidate,,0,,,,,,,,,,,[],,[],[],reference/43000_1.csv,dd6686fa000c3e720180ba96d02aacff987aec1bba3c9bc69a5867fc0089d10d
2026-07-30,2026-07-30T00:13:27+09:00,26/07/30 00:13時点の避難所状況の一覧です。,2026-07-30T00:13+09:00,web:61d6453852143209bf20,61d6453852143209bf20,熊本市,子飼橋上流左岸,---,false,---,,熊本県熊本市中央区大江1丁目,検索,,,,,https://portal.bousai.pref.kumamoto.jp/sp.html?p=evacuation%2Fshelter&l=15-0&ll=32.63819999999999%2C130.77610000000004&z=9&municipalityCd=430005,ab492751f90eb1e786596f4666bb225d678e82c2dcd9afea71d28521751b0a58,"{""ルート検索"": ""検索"", ""住所"": ""熊本県熊本市中央区大江1丁目"", ""市町村"": ""熊本市"", ""混雑状況"": ""---"", ""避難所名"": ""子飼橋上流左岸"", ""開設状況"": ""---""}",unmatched,no_candidate,,0,,,,,,,,,,,[],,[],[],reference/43000_1.csv,dd6686fa000c3e720180ba96d02aacff987aec1bba3c9bc69a5867fc0089d10d
2026-07-30,2026-07-30T00:13:27+09:00,26/07/30 00:13時点の避難所状況の一覧です。,2026-07-30T00:13+09:00,web:400e63feb1e73bdda970,400e63feb1e73bdda970,熊本市,小島公園,---,false,---,,熊本市西区小島6丁目10-40,検索,,,,,https://portal.bousai.pref.kumamoto.jp/sp.html?p=evacuation%2Fshelter&l=15-0&ll=32.63819999999999%2C130.77610000000004&z=9&municipalityCd=430005,a4f5b082f1fcb93c6e6369016268579923a647716ec93cfb7539758d3a6558ab,"{""ルート検索"": ""検索"", ""住所"": ""熊本市西区小島6丁目10-40"", ""市町村"": ""熊本市"", ""混雑状況"": ""---"", ""避難所名"": ""小島公園"", ""開設状況"": ""---""}",unmatched,no_candidate,,0,,,,,,,,,,,[],,[],[],reference/43000_1.csv,dd6686fa000c3e720180ba96d02aacff987aec1bba3c9bc69a5867fc0089d10d
2026-07-30,2026-07-30T00:13:27+09:00,26/07/30 00:13時点の避難所状況の一覧です。,2026-07-30T00:13+09:00,web:a67fa892864d6f9c8bf6,a67fa892864d6f9c8bf6,熊本市,山ノ内中央公園,---,false,---,,熊本市東区山ノ内3丁目1,検索,,,,,https://portal.bousai.pref.kumamoto.jp/sp.html?p=evacuation%2Fshelter&l=15-0&ll=32.63819999999999%2C130.77610000000004&z=9&municipalityCd=430005,9162a0d9eb2f53311495431d5a3584786952db8a7ffe040d682b6b040f3a6475,"{""ルート検索"": ""検索"", ""住所"": ""熊本市東区山ノ内3丁目1"", ""市町村"": ""熊本市"", ""混雑状況"": ""---"", ""避難所名"": ""山ノ内中央公園"", ""開設状況"": ""---""}",unmatched,no_candidate,,0,,,,,,,,,,,[],,[],[],reference/43000_1.csv,dd6686fa000c3e720180ba96d02aacff987aec1bba3c9bc69a5867fc0089d10d
2026-07-30,2026-07-30T00:13:27+09:00,26/07/30 00:13時点の避難所状況の一覧です。,2026-07-30T00:13+09:00,web:1a5c06def75c23821bce,1a5c06def75c23821bce,熊本市,帯山7丁目どんぐり公園,---,false,---,,熊本県熊本市中央区帯山7丁目18,検索,,,,,https://portal.bousai.pref.kumamoto.jp/sp.html?p=evacuation%2Fshelter&l=15-0&ll=32.63819999999999%2C130.77610000000004&z=9&municipalityCd=430005,da6efcf10a3ebf63cbfb4e28b86ff7933bdf8787d2a38fb9f2bd899857cc9d32,"{""ルート検索"": ""検索"", ""住所"": ""熊本県熊本市中央区帯山7丁目18"", ""市町村"": ""熊本市"", ""混雑状況"": ""---"", ""避難所名"": ""帯山7丁目どんぐり公園"", ""開設状況"": ""---""}",unmatched,no_candidate,,0,,,,,,,,,,,[],,[],[],reference/43000_1.csv,dd6686fa000c3e720180ba96d02aacff987aec1bba3c9bc69a5867fc0089d10d
2026-07-30,2026-07-30T00:13:27+09:00,26/07/30 00:13時点の避難所状況の一覧です。,2026-07-30T00:13+09:00,web:0273555a4a5445e0ae13,0273555a4a5445e0ae13,熊本市,平成中央公園,---,false,---,,熊本市南区馬渡1丁目8,検索,,,,,https://portal.bousai.pref.kumamoto.jp/sp.html?p=evacuation%2Fshelter&l=15-0&ll=32.63819999999999%2C130.77610000000004&z=9&municipalityCd=430005,dfe0c1da7abcfd05e10e791bcff311e2540d5e489cfb7b058ede85ee19eae713,"{""ルート検索"": ""検索"", ""住所"": ""熊本市南区馬渡1丁目8"", ""市町村"": ""熊本市"", ""混雑状況"": ""---"", ""避難所名"": ""平成中央公園"", ""開設状況"": ""---""}",unmatched,no_candidate,,0,,,,,,,,,,,[],,[],[],reference/43000_1.csv,dd6686fa000c3e720180ba96d02aacff987aec1bba3c9bc69a5867fc0089d10d
2026-07-30,2026-07-30T00:13:27+09:00,26/07/30 00:13時点の避難所状況の一覧です。,2026-07-30T00:13+09:00,web:c30c5da42922766743c0,c30c5da42922766743c0,熊本市,御幸中央公園,---,false,---,,熊本市南区流通団地1丁目,検索,,,,,https://portal.bousai.pref.kumamoto.jp/sp.html?p=evacuation%2Fshelter&l=15-0&ll=32.63819999999999%2C130.77610000000004&z=9&municipalityCd=430005,dead5f2f5ff0de3772949631509f1cc359386f7ae6bb1957bf80611c244080a0,"{""ルート検索"": ""検索"", ""住所"": ""熊本市南区流通団地1丁目"", ""市町村"": ""熊本市"", ""混雑状況"": ""---"", ""避難所名"": ""御幸中央公園"", ""開設状況"": ""---""}",unmatched,no_candidate,,0,,,,,,,,,,,[],,[],[],reference/43000_1.csv,dd6686fa000c3e720180ba96d02aacff987aec1bba3c9bc69a5867fc0089d10d
2026-07-30,2026-07-30T00:13:27+09:00,26/07/30 00:13時点の避難所状況の一覧です。,2026-07-30T00:13+09:00,web:247c7649e412b667ef5c,247c7649e412b667ef5c,熊本市,木部中央公園,---,false,---,,熊本市南区御幸木部1丁目3,検索,,,,,https://portal.bousai.pref.kumamoto.jp/sp.html?p=evacuation%2Fshelter&l=15-0&ll=32.63819999999999%2C130.77610000000004&z=9&municipalityCd=430005,6e0321632ead4e6f6867dddf8b1d927e6ad6ae328bf188d2d43fe5caa5fb5609,"{""ルート検索"": ""検索"", ""住所"": ""熊本市南区御幸木部1丁目3"", ""市町村"": ""熊本市"", ""混雑状況"": ""---"", ""避難所名"": ""木部中央公園"", ""開設状況"": ""---""}",unmatched,no_candidate,,0,,,,,,,,,,,[],,[],[],reference/43000_1.csv,dd6686fa000c3e720180ba96d02aacff987aec1bba3c9bc69a5867fc0089d10d
2026-07-30,2026-07-30T00:13:27+09:00,26/07/30 00:13時点の避難所状況の一覧です。,2026-07-30T00:13+09:00,web:0eec9dba2b46c492c406,0eec9dba2b46c492c406,熊本市,東海大学熊本キャンパス・付属熊本星翔高等学校,開設,true,不明,,熊本県熊本市東区渡鹿9丁目1-1,検索,,,,,https://portal.bousai.pref.kumamoto.jp/sp.html?p=evacuation%2Fshelter&l=15-0&ll=32.63819999999999%2C130.77610000000004&z=9&municipalityCd=430005,64b6f117baa6c0ad221329e98d4f791e1b110c91dec2ba4fc371d6e5c4097523,"{""ルート検索"": ""検索"", ""住所"": ""熊本県熊本市東区渡鹿9丁目1-1"", ""市町村"": ""熊本市"", ""混雑状況"": ""不明"", ""避難所名"": ""東海大学熊本キャンパス・付属熊本星翔高等学校"", ""開設状況"": ""開設""}",unmatched,no_candidate,,0,,,,,,,,,,,[],,[],[],reference/43000_1.csv,dd6686fa000c3e720180ba96d02aacff987aec1bba3c9bc69a5867fc0089d10d
2026-07-30,2026-07-30T00:13:27+09:00,26/07/30 00:13時点の避難所状況の一覧です。,2026-07-30T00:13+09:00,web:72a98da751400956d95e,72a98da751400956d95e,熊本市,東海大学附属熊本星翔高校,---,false,---,,熊本市東区渡鹿9丁目1-1,検索,,,,,https://portal.bousai.pref.kumamoto.jp/sp.html?p=evacuation%2Fshelter&l=15-0&ll=32.63819999999999%2C130.77610000000004&z=9&municipalityCd=430005,8c0b0c4d2ea04bccafacabe106254e1fc05bda1af81ef6ba456fcae2b3fa5acf,"{""ルート検索"": ""検索"", ""住所"": ""熊本市東区渡鹿9丁目1-1"", ""市町村"": ""熊本市"", ""混雑状況"": ""---"", ""避難所名"": ""東海大学附属熊本星翔高校"", ""開設状況"": ""---""}",unmatched,no_candidate,,0,,,,,,,,,,,[],,[],[],reference/43000_1.csv,dd6686fa000c3e720180ba96d02aacff987aec1bba3c9bc69a5867fc0089d10d
2026-07-30,2026-07-30T00:13:27+09:00,26/07/30 00:13時点の避難所状況の一覧です。,2026-07-30T00:13+09:00,web:b7a2ac6cc742d4a4e510,b7a2ac6cc742d4a4e510,熊本市,東稜高校,---,false,---,,熊本県熊本市東区小峯4丁目5-10,検索,,,,,https://portal.bousai.pref.kumamoto.jp/sp.html?p=evacuation%2Fshelter&l=15-0&ll=32.63819999999999%2C130.77610000000004&z=9&municipalityCd=430005,c2d7a42aba82f1060c0c9d30c07e2ec5172d1d39428a0dba9dea8a8b29d5fe3d,"{""ルート検索"": ""検索"", ""住所"": ""熊本県熊本市東区小峯4丁目5-10"", ""市町村"": ""熊本市"", ""混雑状況"": ""---"", ""避難所名"": ""東稜高校"", ""開設状況"": ""---""}",unmatched,no_candidate,,0,,,,,,,,,,,[],,[],[],reference/43000_1.csv,dd6686fa000c3e720180ba96d02aacff987aec1bba3c9bc69a5867fc0089d10d
2026-07-30,2026-07-30T00:13:27+09:00,26/07/30 00:13時点の避難所状況の一覧です。,2026-07-30T00:13+09:00,web:67df44e1b9fcc8ee4519,67df44e1b9fcc8ee4519,熊本市,柿原公園,---,false,---,,熊本市西区花園7丁目19,検索,,,,,https://portal.bousai.pref.kumamoto.jp/sp.html?p=evacuation%2Fshelter&l=15-0&ll=32.63819999999999%2C130.77610000000004&z=9&municipalityCd=430005,0d68b5c3322b2fc4e98178be185bccfa5bc8bcb52ca24435ac665edab300c35a,"{""ルート検索"": ""検索"", ""住所"": ""熊本市西区花園7丁目19"", ""市町村"": ""熊本市"", ""混雑状況"": ""---"", ""避難所名"": ""柿原公園"", ""開設状況"": ""---""}",unmatched,no_candidate,,0,,,,,,,,,,,[],,[],[],reference/43000_1.csv,dd6686fa000c3e720180ba96d02aacff987aec1bba3c9bc69a5867fc0089d10d
2026-07-30,2026-07-30T00:13:27+09:00,26/07/30 00:13時点の避難所状況の一覧です。,2026-07-30T00:13+09:00,web:ccd0e47b2c67c728d394,ccd0e47b2c67c728d394,熊本市,植木地域農産物の駅,---,false,---,,熊本市北区植木町岩野160番地1,検索,,,,,https://portal.bousai.pref.kumamoto.jp/sp.html?p=evacuation%2Fshelter&l=15-0&ll=32.63819999999999%2C130.77610000000004&z=9&municipalityCd=430005,5f2254926749a531fef82c6e101bfbdd017288c4caa060410b8bb4e1d8deb021,"{""ルート検索"": ""検索"", ""住所"": ""熊本市北区植木町岩野160番地1"", ""市町村"": ""熊本市"", ""混雑状況"": ""---"", ""避難所名"": ""植木地域農産物の駅"", ""開設状況"": ""---""}",unmatched,no_candidate,,0,,,,,,,,,,,[],,[],[],reference/43000_1.csv,dd6686fa000c3e720180ba96d02aacff987aec1bba3c9bc69a5867fc0089d10d
2026-07-30,2026-07-30T00:13:27+09:00,26/07/30 00:13時点の避難所状況の一覧です。,2026-07-30T00:13+09:00,web:08e8844a4f9dfc983f5f,08e8844a4f9dfc983f5f,熊本市,植木総合スポーツセンター公園,---,false,---,,熊本市北区植木町山本788-1,検索,,,,,https://portal.bousai.pref.kumamoto.jp/sp.html?p=evacuation%2Fshelter&l=15-0&ll=32.63819999999999%2C130.77610000000004&z=9&municipalityCd=430005,54bbfb5907abea1c17abc28ba2d84ec74bbd6637cdc6f22e93ec6e135d077b65,"{""ルート検索"": ""検索"", ""住所"": ""熊本市北区植木町山本788-1"", ""市町村"": ""熊本市"", ""混雑状況"": ""---"", ""避難所名"": ""植木総合スポーツセンター公園"", ""開設状況"": ""---""}",unmatched,no_candidate,,0,,,,,,,,,,,[],,[],[],reference/43000_1.csv,dd6686fa000c3e720180ba96d02aacff987aec1bba3c9bc69a5867fc0089d10d
2026-07-30,2026-07-30T00:13:27+09:00,26/07/30 00:13時点の避難所状況の一覧です。,2026-07-30T00:13+09:00,web:6fe1565a7015e6637474,6fe1565a7015e6637474,熊本市,楠中央公園,---,false,---,,熊本市北区楠3丁目5,検索,,,,,https://portal.bousai.pref.kumamoto.jp/sp.html?p=evacuation%2Fshelter&l=15-0&ll=32.63819999999999%2C130.77610000000004&z=9&municipalityCd=430005,8944daf88bf12195abebc7811f15e6e4ef7bfe6c4072496dcf9b28fd7b31327e,"{""ルート検索"": ""検索"", ""住所"": ""熊本市北区楠3丁目5"", ""市町村"": ""熊本市"", ""混雑状況"": ""---"", ""避難所名"": ""楠中央公園"", ""開設状況"": ""---""}",unmatched,no_candidate,,0,,,,,,,,,,,[],,[],[],reference/43000_1.csv,dd6686fa000c3e720180ba96d02aacff987aec1bba3c9bc69a5867fc0089d10d
2026-07-30,2026-07-30T00:13:27+09:00,26/07/30 00:13時点の避難所状況の一覧です。,2026-07-30T00:13+09:00,web:0160be1f877dc3e0aa32,0160be1f877dc3e0aa32,熊本市,武蔵ケ丘中央公園,---,false,---,,熊本市北区武蔵ケ丘4丁目11,検索,,,,,https://portal.bousai.pref.kumamoto.jp/sp.html?p=evacuation%2Fshelter&l=15-0&ll=32.63819999999999%2C130.77610000000004&z=9&municipalityCd=430005,766bb4fa80d208631b717367589655b38af12a621fbb820abaa79767c9eb9630,"{""ルート検索"": ""検索"", ""住所"": ""熊本市北区武蔵ケ丘4丁目11"", ""市町村"": ""熊本市"", ""混雑状況"": ""---"", ""避難所名"": ""武蔵ケ丘中央公園"", ""開設状況"": ""---""}",unmatched,no_candidate,,0,,,,,,,,,,,[],,[],[],reference/43000_1.csv,dd6686fa000c3e720180ba96d02aacff987aec1bba3c9bc69a5867fc0089d10d
2026-07-30,2026-07-30T00:13:27+09:00,26/07/30 00:13時点の避難所状況の一覧です。,2026-07-30T00:13+09:00,web:3a519fd291b675cf94bb,3a519fd291b675cf94bb,熊本市,武蔵塚公園,---,false,---,,熊本市北区龍田弓削1丁目3,検索,,,,,https://portal.bousai.pref.kumamoto.jp/sp.html?p=evacuation%2Fshelter&l=15-0&ll=32.63819999999999%2C130.77610000000004&z=9&municipalityCd=430005,f9ad600285f5b66f745a54260cef61816baa4e81a89282995a38a6ff072f5bc6,"{""ルート検索"": ""検索"", ""住所"": ""熊本市北区龍田弓削1丁目3"", ""市町村"": ""熊本市"", ""混雑状況"": ""---"", ""避難所名"": ""武蔵塚公園"", ""開設状況"": ""---""}",unmatched,no_candidate,,0,,,,,,,,,,,[],,[],[],reference/43000_1.csv,dd6686fa000c3e720180ba96d02aacff987aec1bba3c9bc69a5867fc0089d10d
2026-07-30,2026-07-30T00:13:27+09:00,26/07/30 00:13時点の避難所状況の一覧です。,2026-07-30T00:13+09:00,web:5112b1a53a63c628e5ed,5112b1a53a63c628e5ed,熊本市,水前寺江津湖公園(広木地区),---,false,---,,熊本市東区広木町,検索,,,,,https://portal.bousai.pref.kumamoto.jp/sp.html?p=evacuation%2Fshelter&l=15-0&ll=32.63819999999999%2C130.77610000000004&z=9&municipalityCd=430005,aa8b961af514a5fd92f041d60ed5085e96947e86aed63c5e6037acc6e5ac78c4,"{""ルート検索"": ""検索"", ""住所"": ""熊本市東区広木町"", ""市町村"": ""熊本市"", ""混雑状況"": ""---"", ""避難所名"": ""水前寺江津湖公園(広木地区)"", ""開設状況"": ""---""}",unmatched,no_candidate,,0,,,,,,,,,,,[],,[],[],reference/43000_1.csv,dd6686fa000c3e720180ba96d02aacff987aec1bba3c9bc69a5867fc0089d10d
2026-07-30,2026-07-30T00:13:27+09:00,26/07/30 00:13時点の避難所状況の一覧です。,2026-07-30T00:13+09:00,web:a6784c8bc335603141bc,a6784c8bc335603141bc,熊本市,水前寺江津湖公園(庄口地区),---,false,---,,熊本市東区健軍4丁目19,検索,,,,,https://portal.bousai.pref.kumamoto.jp/sp.html?p=evacuation%2Fshelter&l=15-0&ll=32.63819999999999%2C130.77610000000004&z=9&municipalityCd=430005,52d4667ba3c0ce1ea99c2d794d77e1bf5abed825fa7d7d1ac7fd5aaf151db000,"{""ルート検索"": ""検索"", ""住所"": ""熊本市東区健軍4丁目19"", ""市町村"": ""熊本市"", ""混雑状況"": ""---"", ""避難所名"": ""水前寺江津湖公園(庄口地区)"", ""開設状況"": ""---""}",unmatched,no_candidate,,0,,,,,,,,,,,[],,[],[],reference/43000_1.csv,dd6686fa000c3e720180ba96d02aacff987aec1bba3c9bc69a5867fc0089d10d
2026-07-30,2026-07-30T00:13:27+09:00,26/07/30 00:13時点の避難所状況の一覧です。,2026-07-30T00:13+09:00,web:c5e1fda1cc187bbf2b99,c5e1fda1cc187bbf2b99,熊本市,水前寺江津湖公園(水前寺地区),---,false,---,,熊本県熊本市中央区水前寺公園12,検索,,,,,https://portal.bousai.pref.kumamoto.jp/sp.html?p=evacuation%2Fshelter&l=15-0&ll=32.63819999999999%2C130.77610000000004&z=9&municipalityCd=430005,6788f324d9584f27736596e3fb5a0d24598430b2cb4064e1606f008ecdac3d0c,"{""ルート検索"": ""検索"", ""住所"": ""熊本県熊本市中央区水前寺公園12"", ""市町村"": ""熊本市"", ""混雑状況"": ""---"", ""避難所名"": ""水前寺江津湖公園(水前寺地区)"", ""開設状況"": ""---""}",unmatched,no_candidate,,0,,,,,,,,,,,[],,[],[],reference/43000_1.csv,dd6686fa000c3e720180ba96d02aacff987aec1bba3c9bc69a5867fc0089d10d
2026-07-30,2026-07-30T00:13:27+09:00,26/07/30 00:13時点の避難所状況の一覧です。,2026-07-30T00:13+09:00,web:a8686c9b3a353a1462ae,a8686c9b3a353a1462ae,熊本市,水前寺競技場【ペット避難場所】,開設,true,不明,,熊本市中央区水前寺5-23-3,検索,,,,,https://portal.bousai.pref.kumamoto.jp/sp.html?p=evacuation%2Fshelter&l=15-0&ll=32.63819999999999%2C130.77610000000004&z=9&municipalityCd=430005,663108aacb8611c9db252fd84716b87820c184d567f55e71ed62e2b88a201a0e,"{""ルート検索"": ""検索"", ""住所"": ""熊本市中央区水前寺5-23-3"", ""市町村"": ""熊本市"", ""混雑状況"": ""不明"", ""避難所名"": ""水前寺競技場【ペット避難場所】"", ""開設状況"": ""開設""}",unmatched,no_candidate,,0,,,,,,,,,,,[],,[],[],reference/43000_1.csv,dd6686fa000c3e720180ba96d02aacff987aec1bba3c9bc69a5867fc0089d10d
2026-07-30,2026-07-30T00:13:27+09:00,26/07/30 00:13時点の避難所状況の一覧です。,2026-07-30T00:13+09:00,web:e3679f3d4ff117ff615a,e3679f3d4ff117ff615a,熊本市,水前寺運動公園,---,false,---,,熊本県熊本市中央区水前寺5丁目23,検索,,,,,https://portal.bousai.pref.kumamoto.jp/sp.html?p=evacuation%2Fshelter&l=15-0&ll=32.63819999999999%2C130.77610000000004&z=9&municipalityCd=430005,b44114120a184cbdfbb9e74752e4dff860f6cd5fcd0650e5a93aade84883b14c,"{""ルート検索"": ""検索"", ""住所"": ""熊本県熊本市中央区水前寺5丁目23"", ""市町村"": ""熊本市"", ""混雑状況"": ""---"", ""避難所名"": ""水前寺運動公園"", ""開設状況"": ""---""}",unmatched,no_candidate,,0,,,,,,,,,,,[],,[],[],reference/43000_1.csv,dd6686fa000c3e720180ba96d02aacff987aec1bba3c9bc69a5867fc0089d10d
2026-07-30,2026-07-30T00:13:27+09:00,26/07/30 00:13時点の避難所状況の一覧です。,2026-07-30T00:13+09:00,web:c27b53e87944ab9196e4,c27b53e87944ab9196e4,熊本市,水前寺運動公園【広域】,---,false,---,,熊本市中央区水前寺5丁目23,検索,,,,,https://portal.bousai.pref.kumamoto.jp/sp.html?p=evacuation%2Fshelter&l=15-0&ll=32.63819999999999%2C130.77610000000004&z=9&municipalityCd=430005,14d745dc0fecb35142be43a3258e04633ac2adcf8faff21c764a27d500f6e878,"{""ルート検索"": ""検索"", ""住所"": ""熊本市中央区水前寺5丁目23"", ""市町村"": ""熊本市"", ""混雑状況"": ""---"", ""避難所名"": ""水前寺運動公園【広域】"", ""開設状況"": ""---""}",unmatched,no_candidate,,0,,,,,,,,,,,[],,[],[],reference/43000_1.csv,dd6686fa000c3e720180ba96d02aacff987aec1bba3c9bc69a5867fc0089d10d
2026-07-30,2026-07-30T00:13:27+09:00,26/07/30 00:13時点の避難所状況の一覧です。,2026-07-30T00:13+09:00,web:c9979a26bb7f0ad3a3a6,c9979a26bb7f0ad3a3a6,熊本市,池上中央公園,---,false,---,,熊本市西区池上町484-1外,検索,,,,,https://portal.bousai.pref.kumamoto.jp/sp.html?p=evacuation%2Fshelter&l=15-0&ll=32.63819999999999%2C130.77610000000004&z=9&municipalityCd=430005,1dadfc9df5935d3b0c654220264b7b3977665aeaa349f65ec4cd0662741786b3,"{""ルート検索"": ""検索"", ""住所"": ""熊本市西区池上町484-1外"", ""市町村"": ""熊本市"", ""混雑状況"": ""---"", ""避難所名"": ""池上中央公園"", ""開設状況"": ""---""}",unmatched,no_candidate,,0,,,,,,,,,,,[],,[],[],reference/43000_1.csv,dd6686fa000c3e720180ba96d02aacff987aec1bba3c9bc69a5867fc0089d10d
2026-07-30,2026-07-30T00:13:27+09:00,26/07/30 00:13時点の避難所状況の一覧です。,2026-07-30T00:13+09:00,web:4e6678c10b22bd3adb2b,4e6678c10b22bd3adb2b,熊本市,池亀公園,---,false,---,,熊本市西区池亀町12,検索,,,,,https://portal.bousai.pref.kumamoto.jp/sp.html?p=evacuation%2Fshelter&l=15-0&ll=32.63819999999999%2C130.77610000000004&z=9&municipalityCd=430005,2d98fd46d6dcc3eaa28f96c956b4c89b56e6ef139376ebb186a1bca288e41e4c,"{""ルート検索"": ""検索"", ""住所"": ""熊本市西区池亀町12"", ""市町村"": ""熊本市"", ""混雑状況"": ""---"", ""避難所名"": ""池亀公園"", ""開設状況"": ""---""}",unmatched,no_candidate,,0,,,,,,,,,,,[],,[],[],reference/43000_1.csv,dd6686fa000c3e720180ba96d02aacff987aec1bba3c9bc69a5867fc0089d10d
2026-07-30,2026-07-30T00:13:27+09:00,26/07/30 00:13時点の避難所状況の一覧です。,2026-07-30T00:13+09:00,web:6b83376630e45a591f7b,6b83376630e45a591f7b,熊本市,池田1丁目西児童遊園,---,false,---,,熊本市西区池田1丁目19,検索,,,,,https://portal.bousai.pref.kumamoto.jp/sp.html?p=evacuation%2Fshelter&l=15-0&ll=32.63819999999999%2C130.77610000000004&z=9&municipalityCd=430005,125eaf6b59fd511d02a91177812b3f5802f61300add1459f1a1ba53a9924a194,"{""ルート検索"": ""検索"", ""住所"": ""熊本市西区池田1丁目19"", ""市町村"": ""熊本市"", ""混雑状況"": ""---"", ""避難所名"": ""池田1丁目西児童遊園"", ""開設状況"": ""---""}",unmatched,no_candidate,,0,,,,,,,,,,,[],,[],[],reference/43000_1.csv,dd6686fa000c3e720180ba96d02aacff987aec1bba3c9bc69a5867fc0089d10d
2026-07-30,2026-07-30T00:13:27+09:00,26/07/30 00:13時点の避難所状況の一覧です。,2026-07-30T00:13+09:00,web:09701fc9a520101fc2fe,09701fc9a520101fc2fe,熊本市,沼山津公園,---,false,---,,熊本市東区沼山津2丁目9,検索,,,,,https://portal.bousai.pref.kumamoto.jp/sp.html?p=evacuation%2Fshelter&l=15-0&ll=32.63819999999999%2C130.77610000000004&z=9&municipalityCd=430005,529b4f452fbb01cbe09cc716d7fc612ed4e5c6acbabdf6d5e7509947da99efd6,"{""ルート検索"": ""検索"", ""住所"": ""熊本市東区沼山津2丁目9"", ""市町村"": ""熊本市"", ""混雑状況"": ""---"", ""避難所名"": ""沼山津公園"", ""開設状況"": ""---""}",unmatched,no_candidate,,0,,,,,,,,,,,[],,[],[],reference/43000_1.csv,dd6686fa000c3e720180ba96d02aacff987aec1bba3c9bc69a5867fc0089d10d
2026-07-30,2026-07-30T00:13:27+09:00,26/07/30 00:13時点の避難所状況の一覧です。,2026-07-30T00:13+09:00,web:56208ead1ed9b263c299,56208ead1ed9b263c299,熊本市,清水新地公園,---,false,---,,熊本市北区清水新地7丁目5,検索,,,,,https://portal.bousai.pref.kumamoto.jp/sp.html?p=evacuation%2Fshelter&l=15-0&ll=32.63819999999999%2C130.77610000000004&z=9&municipalityCd=430005,96a8b8f7f1cc0ed04989e0af9dca7e8d6de8cf0b54fa4acf1bf2b390f0508bf4,"{""ルート検索"": ""検索"", ""住所"": ""熊本市北区清水新地7丁目5"", ""市町村"": ""熊本市"", ""混雑状況"": ""---"", ""避難所名"": ""清水新地公園"", ""開設状況"": ""---""}",unmatched,no_candidate,,0,,,,,,,,,,,[],,[],[],reference/43000_1.csv,dd6686fa000c3e720180ba96d02aacff987aec1bba3c9bc69a5867fc0089d10d
2026-07-30,2026-07-30T00:13:27+09:00,26/07/30 00:13時点の避難所状況の一覧です。,2026-07-30T00:13+09:00,web:68ebba8ceae244e886a8,68ebba8ceae244e886a8,熊本市,済々黌高校,開設,true,不明,,熊本県熊本市中央区黒髪2丁目22-1,検索,,,,,https://portal.bousai.pref.kumamoto.jp/sp.html?p=evacuation%2Fshelter&l=15-0&ll=32.63819999999999%2C130.77610000000004&z=9&municipalityCd=430005,0b0c61a439cabc260c17fc838212353a657182618df28cce355a6731ffe28f07,"{""ルート検索"": ""検索"", ""住所"": ""熊本県熊本市中央区黒髪2丁目22-1"", ""市町村"": ""熊本市"", ""混雑状況"": ""不明"", ""避難所名"": ""済々黌高校"", ""開設状況"": ""開設""}",unmatched,no_candidate,,0,,,,,,,,,,,[],,[],[],reference/43000_1.csv,dd6686fa000c3e720180ba96d02aacff987aec1bba3c9bc69a5867fc0089d10d
2026-07-30,2026-07-30T00:13:27+09:00,26/07/30 00:13時点の避難所状況の一覧です。,2026-07-30T00:13+09:00,web:81ec330d8b0fc0819513,81ec330d8b0fc0819513,熊本市,済々黌高校【広域】,---,false,---,,熊本県熊本市中央区黒髪2丁目22-1,検索,,,,,https://portal.bousai.pref.kumamoto.jp/sp.html?p=evacuation%2Fshelter&l=15-0&ll=32.63819999999999%2C130.77610000000004&z=9&municipalityCd=430005,d0a12a32ad4281e867a224034e02505cd66e9afd4fa18a7086d8cf3e12796246,"{""ルート検索"": ""検索"", ""住所"": ""熊本県熊本市中央区黒髪2丁目22-1"", ""市町村"": ""熊本市"", ""混雑状況"": ""---"", ""避難所名"": ""済々黌高校【広域】"", ""開設状況"": ""---""}",unmatched,no_candidate,,0,,,,,,,,,,,[],,[],[],reference/43000_1.csv,dd6686fa000c3e720180ba96d02aacff987aec1bba3c9bc69a5867fc0089d10d
2026-07-30,2026-07-30T00:13:27+09:00,26/07/30 00:13時点の避難所状況の一覧です。,2026-07-30T00:13+09:00,web:8759bd1f97797eef23f9,8759bd1f97797eef23f9,熊本市,渡鹿公園,---,false,---,,熊本県熊本市中央区渡鹿1丁目15,検索,,,,,https://portal.bousai.pref.kumamoto.jp/sp.html?p=evacuation%2Fshelter&l=15-0&ll=32.63819999999999%2C130.77610000000004&z=9&municipalityCd=430005,d7f409eadee60914a9da86072279b126718235b167c08761013075ac3eb7112d,"{""ルート検索"": ""検索"", ""住所"": ""熊本県熊本市中央区渡鹿1丁目15"", ""市町村"": ""熊本市"", ""混雑状況"": ""---"", ""避難所名"": ""渡鹿公園"", ""開設状況"": ""---""}",unmatched,no_candidate,,0,,,,,,,,,,,[],,[],[],reference/43000_1.csv,dd6686fa000c3e720180ba96d02aacff987aec1bba3c9bc69a5867fc0089d10d
2026-07-30,2026-07-30T00:13:27+09:00,26/07/30 00:13時点の避難所状況の一覧です。,2026-07-30T00:13+09:00,web:f1bd95e868eac4dc53b9,f1bd95e868eac4dc53b9,熊本市,湧心館高校,---,false,---,,熊本県熊本市中央区出水4丁目1-2,検索,,,,,https://portal.bousai.pref.kumamoto.jp/sp.html?p=evacuation%2Fshelter&l=15-0&ll=32.63819999999999%2C130.77610000000004&z=9&municipalityCd=430005,1fc3a9f983fcb80d6fe70143a390d69ea855f161a790f17db6a9dcdf2aec7f35,"{""ルート検索"": ""検索"", ""住所"": ""熊本県熊本市中央区出水4丁目1-2"", ""市町村"": ""熊本市"", ""混雑状況"": ""---"", ""避難所名"": ""湧心館高校"", ""開設状況"": ""---""}",unmatched,no_candidate,,0,,,,,,,,,,,[],,[],[],reference/43000_1.csv,dd6686fa000c3e720180ba96d02aacff987aec1bba3c9bc69a5867fc0089d10d
2026-07-30,2026-07-30T00:13:27+09:00,26/07/30 00:13時点の避難所状況の一覧です。,2026-07-30T00:13+09:00,web:2996fbd075c19ce05f9a,2996fbd075c19ce05f9a,熊本市,熊本マリスト学園高校,---,false,---,,熊本市東区健軍2丁目11-54,検索,,,,,https://portal.bousai.pref.kumamoto.jp/sp.html?p=evacuation%2Fshelter&l=15-0&ll=32.63819999999999%2C130.77610000000004&z=9&municipalityCd=430005,0e5de5e3410ce8e2a2074f82e32e80c76d427910cb557ef5fc1afc25cd91dd85,"{""ルート検索"": ""検索"", ""住所"": ""熊本市東区健軍2丁目11-54"", ""市町村"": ""熊本市"", ""混雑状況"": ""---"", ""避難所名"": ""熊本マリスト学園高校"", ""開設状況"": ""---""}",unmatched,no_candidate,,0,,,,,,,,,,,[],,[],[],reference/43000_1.csv,dd6686fa000c3e720180ba96d02aacff987aec1bba3c9bc69a5867fc0089d10d
2026-07-30,2026-07-30T00:13:27+09:00,26/07/30 00:13時点の避難所状況の一覧です。,2026-07-30T00:13+09:00,web:ea37c810630367993fe2,ea37c810630367993fe2,熊本市,熊本刑務所,開設,true,不明,,熊本県熊本市中央区渡鹿7丁目12ー1,検索,,,,,https://portal.bousai.pref.kumamoto.jp/sp.html?p=evacuation%2Fshelter&l=15-0&ll=32.63819999999999%2C130.77610000000004&z=9&municipalityCd=430005,a1919a25ddd454b387cdea2a090925c5833d4d4a7eec19f75ed2fd76ddd3d451,"{""ルート検索"": ""検索"", ""住所"": ""熊本県熊本市中央区渡鹿7丁目12ー1"", ""市町村"": ""熊本市"", ""混雑状況"": ""不明"", ""避難所名"": ""熊本刑務所"", ""開設状況"": ""開設""}",unmatched,no_candidate,,0,,,,,,,,,,,[],,[],[],reference/43000_1.csv,dd6686fa000c3e720180ba96d02aacff987aec1bba3c9bc69a5867fc0089d10d
2026-07-30,2026-07-30T00:13:27+09:00,26/07/30 00:13時点の避難所状況の一覧です。,2026-07-30T00:13+09:00,web:89e66c21ccc929c79f19,89e66c21ccc929c79f19,熊本市,熊本北高校,開設,true,不明,,熊本市北区兎谷3丁目5-1,検索,,,,,https://portal.bousai.pref.kumamoto.jp/sp.html?p=evacuation%2Fshelter&l=15-0&ll=32.63819999999999%2C130.77610000000004&z=9&municipalityCd=430005,0ea47f685663995b0dab8c2e9c44535f6850e11e04fe272c41cd0d93f1bae8a5,"{""ルート検索"": ""検索"", ""住所"": ""熊本市北区兎谷3丁目5-1"", ""市町村"": ""熊本市"", ""混雑状況"": ""不明"", ""避難所名"": ""熊本北高校"", ""開設状況"": ""開設""}",unmatched,no_candidate,,0,,,,,,,,,,,[],,[],[],reference/43000_1.csv,dd6686fa000c3e720180ba96d02aacff987aec1bba3c9bc69a5867fc0089d10d
2026-07-30,2026-07-30T00:13:27+09:00,26/07/30 00:13時点の避難所状況の一覧です。,2026-07-30T00:13+09:00,web:9db5a91275ae29313c40,9db5a91275ae29313c40,熊本市,熊本商業高校,開設,true,不明,,熊本県熊本市中央区神水1丁目1-2,検索,,,,,https://portal.bousai.pref.kumamoto.jp/sp.html?p=evacuation%2Fshelter&l=15-0&ll=32.63819999999999%2C130.77610000000004&z=9&municipalityCd=430005,214c0154aea6c17cc1640d6b8689f1771f8c5899572e7c7c947122bb8d93b32f,"{""ルート検索"": ""検索"", ""住所"": ""熊本県熊本市中央区神水1丁目1-2"", ""市町村"": ""熊本市"", ""混雑状況"": ""不明"", ""避難所名"": ""熊本商業高校"", ""開設状況"": ""開設""}",unmatched,no_candidate,,0,,,,,,,,,,,[],,[],[],reference/43000_1.csv,dd6686fa000c3e720180ba96d02aacff987aec1bba3c9bc69a5867fc0089d10d
2026-07-30,2026-07-30T00:13:27+09:00,26/07/30 00:13時点の避難所状況の一覧です。,2026-07-30T00:13+09:00,web:b834420edf01c9ab1936,b834420edf01c9ab1936,熊本市,熊本国府高校,---,false,---,,熊本県熊本市中央区国府2丁目15-1,検索,,,,,https://portal.bousai.pref.kumamoto.jp/sp.html?p=evacuation%2Fshelter&l=15-0&ll=32.63819999999999%2C130.77610000000004&z=9&municipalityCd=430005,9120c9d51cacfb0b3cfef3c67759a6eb82119a497f04fa4e744c29c7d8a5f72b,"{""ルート検索"": ""検索"", ""住所"": ""熊本県熊本市中央区国府2丁目15-1"", ""市町村"": ""熊本市"", ""混雑状況"": ""---"", ""避難所名"": ""熊本国府高校"", ""開設状況"": ""---""}",unmatched,no_candidate,,0,,,,,,,,,,,[],,[],[],reference/43000_1.csv,dd6686fa000c3e720180ba96d02aacff987aec1bba3c9bc69a5867fc0089d10d
2026-07-30,2026-07-30T00:13:27+09:00,26/07/30 00:13時点の避難所状況の一覧です。,2026-07-30T00:13+09:00,web:000f024f6134670a8c6b,000f024f6134670a8c6b,熊本市,熊本城,---,false,---,,本丸,検索,,,,,https://portal.bousai.pref.kumamoto.jp/sp.html?p=evacuation%2Fshelter&l=15-0&ll=32.63819999999999%2C130.77610000000004&z=9&municipalityCd=430005,a80de3295baa78502d5321c2f8d42cbe153dc8836206e35516b1afd2a0bd62ad,"{""ルート検索"": ""検索"", ""住所"": ""本丸"", ""市町村"": ""熊本市"", ""混雑状況"": ""---"", ""避難所名"": ""熊本城"", ""開設状況"": ""---""}",unmatched,no_candidate,,0,,,,,,,,,,,[],,[],[],reference/43000_1.csv,dd6686fa000c3e720180ba96d02aacff987aec1bba3c9bc69a5867fc0089d10d
2026-07-30,2026-07-30T00:13:27+09:00,26/07/30 00:13時点の避難所状況の一覧です。,2026-07-30T00:13+09:00,web:e058f968109ebad6cc37,e058f968109ebad6cc37,熊本市,熊本大学大江体育館,開設,true,不明,,熊本県熊本市中央区大江本町5-1,検索,,,,,https://portal.bousai.pref.kumamoto.jp/sp.html?p=evacuation%2Fshelter&l=15-0&ll=32.63819999999999%2C130.77610000000004&z=9&municipalityCd=430005,46f19617f1ee06d0405f89adec46c3f8a457c24ec9a9efb60836acae9f9456e3,"{""ルート検索"": ""検索"", ""住所"": ""熊本県熊本市中央区大江本町5-1"", ""市町村"": ""熊本市"", ""混雑状況"": ""不明"", ""避難所名"": ""熊本大学大江体育館"", ""開設状況"": ""開設""}",unmatched,no_candidate,,0,,,,,,,,,,,[],,[],[],reference/43000_1.csv,dd6686fa000c3e720180ba96d02aacff987aec1bba3c9bc69a5867fc0089d10d
2026-07-30,2026-07-30T00:13:27+09:00,26/07/30 00:13時点の避難所状況の一覧です。,2026-07-30T00:13+09:00,web:e1a7830548efc400ddea,e1a7830548efc400ddea,熊本市,熊本大学本荘体育館,開設,true,不明,,熊本県熊本市中央区九品寺4丁目24番1号,検索,,,,,https://portal.bousai.pref.kumamoto.jp/sp.html?p=evacuation%2Fshelter&l=15-0&ll=32.63819999999999%2C130.77610000000004&z=9&municipalityCd=430005,695f83a3a99a3cd99d97a541b41d9cfd3f88052b7a865026ac1ebac29fc31fb6,"{""ルート検索"": ""検索"", ""住所"": ""熊本県熊本市中央区九品寺4丁目24番1号"", ""市町村"": ""熊本市"", ""混雑状況"": ""不明"", ""避難所名"": ""熊本大学本荘体育館"", ""開設状況"": ""開設""}",unmatched,no_candidate,,0,,,,,,,,,,,[],,[],[],reference/43000_1.csv,dd6686fa000c3e720180ba96d02aacff987aec1bba3c9bc69a5867fc0089d10d
2026-07-30,2026-07-30T00:13:27+09:00,26/07/30 00:13時点の避難所状況の一覧です。,2026-07-30T00:13+09:00,web:702d887a425840d798af,702d887a425840d798af,熊本市,熊本大学薬学部運動場,---,false,---,,熊本県熊本市中央区白山1丁目6-54,検索,,,,,https://portal.bousai.pref.kumamoto.jp/sp.html?p=evacuation%2Fshelter&l=15-0&ll=32.63819999999999%2C130.77610000000004&z=9&municipalityCd=430005,a9003ea65049db19bee61b23d80e0144cb6ad12ed384a7d23b6308c85370af0e,"{""ルート検索"": ""検索"", ""住所"": ""熊本県熊本市中央区白山1丁目6-54"", ""市町村"": ""熊本市"", ""混雑状況"": ""---"", ""避難所名"": ""熊本大学薬学部運動場"", ""開設状況"": ""---""}",unmatched,no_candidate,,0,,,,,,,,,,,[],,[],[],reference/43000_1.csv,dd6686fa000c3e720180ba96d02aacff987aec1bba3c9bc69a5867fc0089d10d
2026-07-30,2026-07-30T00:13:27+09:00,26/07/30 00:13時点の避難所状況の一覧です。,2026-07-30T00:13+09:00,web:0b839f02af0f863e5fba,0b839f02af0f863e5fba,熊本市,熊本大学附属小・中学校,---,false,---,,熊本県熊本市中央区京町本丁5-12,検索,,,,,https://portal.bousai.pref.kumamoto.jp/sp.html?p=evacuation%2Fshelter&l=15-0&ll=32.63819999999999%2C130.77610000000004&z=9&municipalityCd=430005,304ca05cf75942765bcc9e87b3d556a07ab3a19ed8151d1928914cf9289df7a1,"{""ルート検索"": ""検索"", ""住所"": ""熊本県熊本市中央区京町本丁5-12"", ""市町村"": ""熊本市"", ""混雑状況"": ""---"", ""避難所名"": ""熊本大学附属小・中学校"", ""開設状況"": ""---""}",unmatched,no_candidate,,0,,,,,,,,,,,[],,[],[],reference/43000_1.csv,dd6686fa000c3e720180ba96d02aacff987aec1bba3c9bc69a5867fc0089d10d
2026-07-30,2026-07-30T00:13:27+09:00,26/07/30 00:13時点の避難所状況の一覧です。,2026-07-30T00:13+09:00,web:2a284aba1fb5ccf1e15c,2a284aba1fb5ccf1e15c,熊本市,熊本大学黒髪運動場・黒髪体育館,---,false,---,,熊本県熊本市中央区黒髪2丁目39-1,検索,,,,,https://portal.bousai.pref.kumamoto.jp/sp.html?p=evacuation%2Fshelter&l=15-0&ll=32.63819999999999%2C130.77610000000004&z=9&municipalityCd=430005,2f43925ab26e8ae7f3147c1c5bf3d7ad78366e2e0764be7e24eed5a76472e024,"{""ルート検索"": ""検索"", ""住所"": ""熊本県熊本市中央区黒髪2丁目39-1"", ""市町村"": ""熊本市"", ""混雑状況"": ""---"", ""避難所名"": ""熊本大学黒髪運動場・黒髪体育館"", ""開設状況"": ""---""}",unmatched,no_candidate,,0,,,,,,,,,,,[],,[],[],reference/43000_1.csv,dd6686fa000c3e720180ba96d02aacff987aec1bba3c9bc69a5867fc0089d10d
2026-07-30,2026-07-30T00:13:27+09:00,26/07/30 00:13時点の避難所状況の一覧です。,2026-07-30T00:13+09:00,web:94a671499e0adc80a9c5,94a671499e0adc80a9c5,熊本市,熊本学園大学,開設,true,不明,,熊本県熊本市中央区大江2丁目5-1,検索,,,,,https://portal.bousai.pref.kumamoto.jp/sp.html?p=evacuation%2Fshelter&l=15-0&ll=32.63819999999999%2C130.77610000000004&z=9&municipalityCd=430005,0d8d2ee67896a13994b68831f0fd241ad11be6034210ab649b934fdc42c79d31,"{""ルート検索"": ""検索"", ""住所"": ""熊本県熊本市中央区大江2丁目5-1"", ""市町村"": ""熊本市"", ""混雑状況"": ""不明"", ""避難所名"": ""熊本学園大学"", ""開設状況"": ""開設""}",unmatched,no_candidate,,0,,,,,,,,,,,[],,[],[],reference/43000_1.csv,dd6686fa000c3e720180ba96d02aacff987aec1bba3c9bc69a5867fc0089d10d
2026-07-30,2026-07-30T00:13:27+09:00,26/07/30 00:13時点の避難所状況の一覧です。,2026-07-30T00:13+09:00,web:c340138f4a842d4f5900,c340138f4a842d4f5900,熊本市,熊本学園大学【広域】,---,false,---,,熊本市中央区大江2丁目5番地1号,検索,,,,,https://portal.bousai.pref.kumamoto.jp/sp.html?p=evacuation%2Fshelter&l=15-0&ll=32.63819999999999%2C130.77610000000004&z=9&municipalityCd=430005,df93942c3233bce5181044caf534493abb4965a4ad0e3b50b8dc46e3b75e70d8,"{""ルート検索"": ""検索"", ""住所"": ""熊本市中央区大江2丁目5番地1号"", ""市町村"": ""熊本市"", ""混雑状況"": ""---"", ""避難所名"": ""熊本学園大学【広域】"", ""開設状況"": ""---""}",unmatched,no_candidate,,0,,,,,,,,,,,[],,[],[],reference/43000_1.csv,dd6686fa000c3e720180ba96d02aacff987aec1bba3c9bc69a5867fc0089d10d
2026-07-30,2026-07-30T00:13:27+09:00,26/07/30 00:13時点の避難所状況の一覧です。,2026-07-30T00:13+09:00,web:d54cb7159e4318be2070,d54cb7159e4318be2070,熊本市,熊本工業高校,開設,true,不明,,熊本県熊本市中央区上京塚町5-1,検索,,,,,https://portal.bousai.pref.kumamoto.jp/sp.html?p=evacuation%2Fshelter&l=15-0&ll=32.63819999999999%2C130.77610000000004&z=9&municipalityCd=430005,079667ec1b0ac12a512898861e95be90cbca5c764e571aa96b84745a93e324bc,"{""ルート検索"": ""検索"", ""住所"": ""熊本県熊本市中央区上京塚町5-1"", ""市町村"": ""熊本市"", ""混雑状況"": ""不明"", ""避難所名"": ""熊本工業高校"", ""開設状況"": ""開設""}",unmatched,no_candidate,,0,,,,,,,,,,,[],,[],[],reference/43000_1.csv,dd6686fa000c3e720180ba96d02aacff987aec1bba3c9bc69a5867fc0089d10d
2026-07-30,2026-07-30T00:13:27+09:00,26/07/30 00:13時点の避難所状況の一覧です。,2026-07-30T00:13+09:00,web:e0dfb3d2ff1694aef585,e0dfb3d2ff1694aef585,熊本市,熊本工業高校【広域】,---,false,---,,熊本県熊本市中央区上京塚町5-1,検索,,,,,https://portal.bousai.pref.kumamoto.jp/sp.html?p=evacuation%2Fshelter&l=15-0&ll=32.63819999999999%2C130.77610000000004&z=9&municipalityCd=430005,9dffac78ea90a77cebca5b3b12944822c38a4929126944b6ecd775551de754d9,"{""ルート検索"": ""検索"", ""住所"": ""熊本県熊本市中央区上京塚町5-1"", ""市町村"": ""熊本市"", ""混雑状況"": ""---"", ""避難所名"": ""熊本工業高校【広域】"", ""開設状況"": ""---""}",unmatched,no_candidate,,0,,,,,,,,,,,[],,[],[],reference/43000_1.csv,dd6686fa000c3e720180ba96d02aacff987aec1bba3c9bc69a5867fc0089d10d
2026-07-30,2026-07-30T00:13:27+09:00,26/07/30 00:13時点の避難所状況の一覧です。,2026-07-30T00:13+09:00,web:d0c8a16c421a63c43297,d0c8a16c421a63c43297,熊本市,熊本武道館,開設,true,不明,,熊本県熊本市中央区水前寺5丁目23ー2,検索,,,,,https://portal.bousai.pref.kumamoto.jp/sp.html?p=evacuation%2Fshelter&l=15-0&ll=32.63819999999999%2C130.77610000000004&z=9&municipalityCd=430005,ff96987c2be24dd8268964f76d1e53cef0699dea3d8fb9303ff829587adee209,"{""ルート検索"": ""検索"", ""住所"": ""熊本県熊本市中央区水前寺5丁目23ー2"", ""市町村"": ""熊本市"", ""混雑状況"": ""不明"", ""避難所名"": ""熊本武道館"", ""開設状況"": ""開設""}",unmatched,no_candidate,,0,,,,,,,,,,,[],,[],[],reference/43000_1.csv,dd6686fa000c3e720180ba96d02aacff987aec1bba3c9bc69a5867fc0089d10d
2026-07-30,2026-07-30T00:13:27+09:00,26/07/30 00:13時点の避難所状況の一覧です。,2026-07-30T00:13+09:00,web:271878f9cb57268137a0,271878f9cb57268137a0,熊本市,熊本県立大学,開設,true,不明,,熊本市東区月出3丁目1-100,検索,,,,,https://portal.bousai.pref.kumamoto.jp/sp.html?p=evacuation%2Fshelter&l=15-0&ll=32.63819999999999%2C130.77610000000004&z=9&municipalityCd=430005,cdfb2bd4520a479415ea11491cbd4eb23608f1b8fd706ce996e0337a4e243007,"{""ルート検索"": ""検索"", ""住所"": ""熊本市東区月出3丁目1-100"", ""市町村"": ""熊本市"", ""混雑状況"": ""不明"", ""避難所名"": ""熊本県立大学"", ""開設状況"": ""開設""}",unmatched,no_candidate,,0,,,,,,,,,,,[],,[],[],reference/43000_1.csv,dd6686fa000c3e720180ba96d02aacff987aec1bba3c9bc69a5867fc0089d10d
2026-07-30,2026-07-30T00:13:27+09:00,26/07/30 00:13時点の避難所状況の一覧です。,2026-07-30T00:13+09:00,web:7d8be1d34b09c1571fcf,7d8be1d34b09c1571fcf,熊本市,熊本県立総合体育館,開設,true,不明,,熊本県熊本市西区上熊本1丁目9-28,検索,,,,,https://portal.bousai.pref.kumamoto.jp/sp.html?p=evacuation%2Fshelter&l=15-0&ll=32.63819999999999%2C130.77610000000004&z=9&municipalityCd=430005,c10d5e934619ba92a3b85b047ebd6675ee6a52cf2be2b585d3d9176789902afd,"{""ルート検索"": ""検索"", ""住所"": ""熊本県熊本市西区上熊本1丁目9-28"", ""市町村"": ""熊本市"", ""混雑状況"": ""不明"", ""避難所名"": ""熊本県立総合体育館"", ""開設状況"": ""開設""}",unmatched,no_candidate,,0,,,,,,,,,,,[],,[],[],reference/43000_1.csv,dd6686fa000c3e720180ba96d02aacff987aec1bba3c9bc69a5867fc0089d10d
2026-07-30,2026-07-30T00:13:27+09:00,26/07/30 00:13時点の避難所状況の一覧です。,2026-07-30T00:13+09:00,web:0d414b9d9107783208a9,0d414b9d9107783208a9,熊本市,熊本西高校,開設,true,不明,,熊本市西区城山大塘5丁目5-15,検索,,,,,https://portal.bousai.pref.kumamoto.jp/sp.html?p=evacuation%2Fshelter&l=15-0&ll=32.63819999999999%2C130.77610000000004&z=9&municipalityCd=430005,6c97e578e7bfce4e9279390d3d70cff8f3dd04106c0d297f2e9aaab88b4e897d,"{""ルート検索"": ""検索"", ""住所"": ""熊本市西区城山大塘5丁目5-15"", ""市町村"": ""熊本市"", ""混雑状況"": ""不明"", ""避難所名"": ""熊本西高校"", ""開設状況"": ""開設""}",unmatched,no_candidate,,0,,,,,,,,,,,[],,[],[],reference/43000_1.csv,dd6686fa000c3e720180ba96d02aacff987aec1bba3c9bc69a5867fc0089d10d
2026-07-30,2026-07-30T00:13:27+09:00,26/07/30 00:13時点の避難所状況の一覧です。,2026-07-30T00:13+09:00,web:a9aa10f81fe8c3070ac3,a9aa10f81fe8c3070ac3,熊本市,熊本農業高校,---,false,---,,熊本市南区元三町5丁目1-1,検索,,,,,https://portal.bousai.pref.kumamoto.jp/sp.html?p=evacuation%2Fshelter&l=15-0&ll=32.63819999999999%2C130.77610000000004&z=9&municipalityCd=430005,5e193396c308b1a2dec3868a63c9e415d4b3682d14efafe19ebd9fd755e59cc0,"{""ルート検索"": ""検索"", ""住所"": ""熊本市南区元三町5丁目1-1"", ""市町村"": ""熊本市"", ""混雑状況"": ""---"", ""避難所名"": ""熊本農業高校"", ""開設状況"": ""---""}",unmatched,no_candidate,,0,,,,,,,,,,,[],,[],[],reference/43000_1.csv,dd6686fa000c3e720180ba96d02aacff987aec1bba3c9bc69a5867fc0089d10d
2026-07-30,2026-07-30T00:13:27+09:00,26/07/30 00:13時点の避難所状況の一覧です。,2026-07-30T00:13+09:00,web:26e35ed650bd8fb7ebc9,26e35ed650bd8fb7ebc9,熊本市,熊本駅周辺帰宅困難者対策本部,開設,true,不明,,熊本市西区春日2丁目10-1,検索,,,,,https://portal.bousai.pref.kumamoto.jp/sp.html?p=evacuation%2Fshelter&l=15-0&ll=32.63819999999999%2C130.77610000000004&z=9&municipalityCd=430005,764e3ad7e5a2d3516685c181ccce15d3688d62c4deb09df33f2f157531ff5da8,"{""ルート検索"": ""検索"", ""住所"": ""熊本市西区春日2丁目10-1"", ""市町村"": ""熊本市"", ""混雑状況"": ""不明"", ""避難所名"": ""熊本駅周辺帰宅困難者対策本部"", ""開設状況"": ""開設""}",unmatched,no_candidate,,0,,,,,,,,,,,[],,[],[],reference/43000_1.csv,dd6686fa000c3e720180ba96d02aacff987aec1bba3c9bc69a5867fc0089d10d
2026-07-30,2026-07-30T00:13:27+09:00,26/07/30 00:13時点の避難所状況の一覧です。,2026-07-30T00:13+09:00,web:0a32d8dd60dc1ea71428,0a32d8dd60dc1ea71428,熊本市,熊本高校,---,false,---,,熊本県熊本市中央区新大江1丁目8,検索,,,,,https://portal.bousai.pref.kumamoto.jp/sp.html?p=evacuation%2Fshelter&l=15-0&ll=32.63819999999999%2C130.77610000000004&z=9&municipalityCd=430005,ac86db82373cbdc0e0c5bad8bc9307407571c2f1e6d833f220796bc1c3d31c1b,"{""ルート検索"": ""検索"", ""住所"": ""熊本県熊本市中央区新大江1丁目8"", ""市町村"": ""熊本市"", ""混雑状況"": ""---"", ""避難所名"": ""熊本高校"", ""開設状況"": ""---""}",unmatched,no_candidate,,0,,,,,,,,,,,[],,[],[],reference/43000_1.csv,dd6686fa000c3e720180ba96d02aacff987aec1bba3c9bc69a5867fc0089d10d
2026-07-30,2026-07-30T00:13:27+09:00,26/07/30 00:13時点の避難所状況の一覧です。,2026-07-30T00:13+09:00,web:c38b94f5d268752a5ffe,c38b94f5d268752a5ffe,熊本市,熊本高校【広域】,---,false,---,,熊本市中央区新大江1丁目8-1,検索,,,,,https://portal.bousai.pref.kumamoto.jp/sp.html?p=evacuation%2Fshelter&l=15-0&ll=32.63819999999999%2C130.77610000000004&z=9&municipalityCd=430005,1f68bf2a6b20db176d29161a5d07e3410885ad766c65d71654328111bd642876,"{""ルート検索"": ""検索"", ""住所"": ""熊本市中央区新大江1丁目8-1"", ""市町村"": ""熊本市"", ""混雑状況"": ""---"", ""避難所名"": ""熊本高校【広域】"", ""開設状況"": ""---""}",unmatched,no_candidate,,0,,,,,,,,,,,[],,[],[],reference/43000_1.csv,dd6686fa000c3e720180ba96d02aacff987aec1bba3c9bc69a5867fc0089d10d
2026-07-30,2026-07-30T00:13:27+09:00,26/07/30 00:13時点の避難所状況の一覧です。,2026-07-30T00:13+09:00,web:b9cf5e833c5c62ce65ba,b9cf5e833c5c62ce65ba,熊本市,田原スポーツ公園,---,false,---,,熊本市北区北区植木町富応1595-1,検索,,,,,https://portal.bousai.pref.kumamoto.jp/sp.html?p=evacuation%2Fshelter&l=15-0&ll=32.63819999999999%2C130.77610000000004&z=9&municipalityCd=430005,0138fcedd00f277cf9e4cfe57dc9d9eb7e9c14aa010b9adf9befd80f63e56c67,"{""ルート検索"": ""検索"", ""住所"": ""熊本市北区北区植木町富応1595-1"", ""市町村"": ""熊本市"", ""混雑状況"": ""---"", ""避難所名"": ""田原スポーツ公園"", ""開設状況"": ""---""}",unmatched,no_candidate,,0,,,,,,,,,,,[],,[],[],reference/43000_1.csv,dd6686fa000c3e720180ba96d02aacff987aec1bba3c9bc69a5867fc0089d10d
2026-07-30,2026-07-30T00:13:27+09:00,26/07/30 00:13時点の避難所状況の一覧です。,2026-07-30T00:13+09:00,web:eceb25452dfcf585bb98,eceb25452dfcf585bb98,熊本市,田迎出仲間公園,---,false,---,,熊本市南区出仲間3丁目7-62,検索,,,,,https://portal.bousai.pref.kumamoto.jp/sp.html?p=evacuation%2Fshelter&l=15-0&ll=32.63819999999999%2C130.77610000000004&z=9&municipalityCd=430005,6edeee47178c9a0fa9a1408c306ce5b89c75312ce047e23d7060ef864b15b583,"{""ルート検索"": ""検索"", ""住所"": ""熊本市南区出仲間3丁目7-62"", ""市町村"": ""熊本市"", ""混雑状況"": ""---"", ""避難所名"": ""田迎出仲間公園"", ""開設状況"": ""---""}",unmatched,no_candidate,,0,,,,,,,,,,,[],,[],[],reference/43000_1.csv,dd6686fa000c3e720180ba96d02aacff987aec1bba3c9bc69a5867fc0089d10d
2026-07-30,2026-07-30T00:13:27+09:00,26/07/30 00:13時点の避難所状況の一覧です。,2026-07-30T00:13+09:00,web:8624a0c3ae6b89853978,8624a0c3ae6b89853978,熊本市,白川中原緑地,---,false,---,,熊本市西区小島上町、中原町,検索,,,,,https://portal.bousai.pref.kumamoto.jp/sp.html?p=evacuation%2Fshelter&l=15-0&ll=32.63819999999999%2C130.77610000000004&z=9&municipalityCd=430005,1a50d4e7d16fd1e2ea1ef585e951cdef605a7cda40a106796ed9881a7ddf9fa9,"{""ルート検索"": ""検索"", ""住所"": ""熊本市西区小島上町、中原町"", ""市町村"": ""熊本市"", ""混雑状況"": ""---"", ""避難所名"": ""白川中原緑地"", ""開設状況"": ""---""}",unmatched,no_candidate,,0,,,,,,,,,,,[],,[],[],reference/43000_1.csv,dd6686fa000c3e720180ba96d02aacff987aec1bba3c9bc69a5867fc0089d10d
2026-07-30,2026-07-30T00:13:27+09:00,26/07/30 00:13時点の避難所状況の一覧です。,2026-07-30T00:13+09:00,web:3a75ce3b2f5c68a6df71,3a75ce3b2f5c68a6df71,熊本市,白川中学校【広域】,---,false,---,,熊本市中央区大江3丁目1-12,検索,,,,,https://portal.bousai.pref.kumamoto.jp/sp.html?p=evacuation%2Fshelter&l=15-0&ll=32.63819999999999%2C130.77610000000004&z=9&municipalityCd=430005,18804e7d193aad707adc08c6a668ea7ba73c27e974cfd41ba5ddae6ed5bfda28,"{""ルート検索"": ""検索"", ""住所"": ""熊本市中央区大江3丁目1-12"", ""市町村"": ""熊本市"", ""混雑状況"": ""---"", ""避難所名"": ""白川中学校【広域】"", ""開設状況"": ""---""}",unmatched,no_candidate,,0,,,,,,,,,,,[],,[],[],reference/43000_1.csv,dd6686fa000c3e720180ba96d02aacff987aec1bba3c9bc69a5867fc0089d10d
2026-07-30,2026-07-30T00:13:27+09:00,26/07/30 00:13時点の避難所状況の一覧です。,2026-07-30T00:13+09:00,web:6baf63b51c7f8834ab1a,6baf63b51c7f8834ab1a,熊本市,白川公園,---,false,---,,熊本県熊本市中央区草葉町5,検索,,,,,https://portal.bousai.pref.kumamoto.jp/sp.html?p=evacuation%2Fshelter&l=15-0&ll=32.63819999999999%2C130.77610000000004&z=9&municipalityCd=430005,b18cc2735b391453b2d360d8fff08ca5ecc384c7cba3b1223f58ba2f92c14d66,"{""ルート検索"": ""検索"", ""住所"": ""熊本県熊本市中央区草葉町5"", ""市町村"": ""熊本市"", ""混雑状況"": ""---"", ""避難所名"": ""白川公園"", ""開設状況"": ""---""}",unmatched,no_candidate,,0,,,,,,,,,,,[],,[],[],reference/43000_1.csv,dd6686fa000c3e720180ba96d02aacff987aec1bba3c9bc69a5867fc0089d10d
2026-07-30,2026-07-30T00:13:27+09:00,26/07/30 00:13時点の避難所状況の一覧です。,2026-07-30T00:13+09:00,web:b9a1d72363ec2c4a28e3,b9a1d72363ec2c4a28e3,熊本市,白川平田十禅寺緑地,---,false,---,,熊本市南区平田1丁目、十禅寺2丁目,検索,,,,,https://portal.bousai.pref.kumamoto.jp/sp.html?p=evacuation%2Fshelter&l=15-0&ll=32.63819999999999%2C130.77610000000004&z=9&municipalityCd=430005,6d0c658c0641eb9e5d493465b0f334167536c776d868a307bc55be637006754d,"{""ルート検索"": ""検索"", ""住所"": ""熊本市南区平田1丁目、十禅寺2丁目"", ""市町村"": ""熊本市"", ""混雑状況"": ""---"", ""避難所名"": ""白川平田十禅寺緑地"", ""開設状況"": ""---""}",unmatched,no_candidate,,0,,,,,,,,,,,[],,[],[],reference/43000_1.csv,dd6686fa000c3e720180ba96d02aacff987aec1bba3c9bc69a5867fc0089d10d
2026-07-30,2026-07-30T00:13:27+09:00,26/07/30 00:13時点の避難所状況の一覧です。,2026-07-30T00:13+09:00,web:f2596d6d6b17a6bd1205,f2596d6d6b17a6bd1205,熊本市,白川橋上・下流左岸(白川橋左岸緑地),---,false,---,,熊本県熊本市中央区本山2丁目、3丁目,検索,,,,,https://portal.bousai.pref.kumamoto.jp/sp.html?p=evacuation%2Fshelter&l=15-0&ll=32.63819999999999%2C130.77610000000004&z=9&municipalityCd=430005,6f85d39f192902a3436276263e6981ccb144d3e07acdfbe5dcb7a68f433c713b,"{""ルート検索"": ""検索"", ""住所"": ""熊本県熊本市中央区本山2丁目、3丁目"", ""市町村"": ""熊本市"", ""混雑状況"": ""---"", ""避難所名"": ""白川橋上・下流左岸(白川橋左岸緑地)"", ""開設状況"": ""---""}",unmatched,no_candidate,,0,,,,,,,,,,,[],,[],[],reference/43000_1.csv,dd6686fa000c3e720180ba96d02aacff987aec1bba3c9bc69a5867fc0089d10d
2026-07-30,2026-07-30T00:13:27+09:00,26/07/30 00:13時点の避難所状況の一覧です。,2026-07-30T00:13+09:00,web:8348e98b5158fd4db76c,8348e98b5158fd4db76c,熊本市,白川飽田緑地,---,false,---,,熊本市南区今町、土河原町,検索,,,,,https://portal.bousai.pref.kumamoto.jp/sp.html?p=evacuation%2Fshelter&l=15-0&ll=32.63819999999999%2C130.77610000000004&z=9&municipalityCd=430005,e052df2e8085d0ebcafe2bf4f669ea8ced93c96ed4a5c0e41bc21f24abc4490b,"{""ルート検索"": ""検索"", ""住所"": ""熊本市南区今町、土河原町"", ""市町村"": ""熊本市"", ""混雑状況"": ""---"", ""避難所名"": ""白川飽田緑地"", ""開設状況"": ""---""}",unmatched,no_candidate,,0,,,,,,,,,,,[],,[],[],reference/43000_1.csv,dd6686fa000c3e720180ba96d02aacff987aec1bba3c9bc69a5867fc0089d10d
2026-07-30,2026-07-30T00:13:27+09:00,26/07/30 00:13時点の避難所状況の一覧です。,2026-07-30T00:13+09:00,web:2530352471bc2d98693f,2530352471bc2d98693f,熊本市,白藤公園,---,false,---,,熊本市南区白藤2丁目4,検索,,,,,https://portal.bousai.pref.kumamoto.jp/sp.html?p=evacuation%2Fshelter&l=15-0&ll=32.63819999999999%2C130.77610000000004&z=9&municipalityCd=430005,67a736310596126dc47cda2e77cf4a4aec8b5e4a011236af73b92f929ca64a37,"{""ルート検索"": ""検索"", ""住所"": ""熊本市南区白藤2丁目4"", ""市町村"": ""熊本市"", ""混雑状況"": ""---"", ""避難所名"": ""白藤公園"", ""開設状況"": ""---""}",unmatched,no_candidate,,0,,,,,,,,,,,[],,[],[],reference/43000_1.csv,dd6686fa000c3e720180ba96d02aacff987aec1bba3c9bc69a5867fc0089d10d
2026-07-30,2026-07-30T00:13:27+09:00,26/07/30 00:13時点の避難所状況の一覧です。,2026-07-30T00:13+09:00,web:06e6797deb71b843aec5,06e6797deb71b843aec5,熊本市,石神山公園,---,false,---,,熊本市西区島崎3丁目56,検索,,,,,https://portal.bousai.pref.kumamoto.jp/sp.html?p=evacuation%2Fshelter&l=15-0&ll=32.63819999999999%2C130.77610000000004&z=9&municipalityCd=430005,577aa9dd4282f3f33186c2da5ca5f506188dd81b19744c336f7fc497a8e036e6,"{""ルート検索"": ""検索"", ""住所"": ""熊本市西区島崎3丁目56"", ""市町村"": ""熊本市"", ""混雑状況"": ""---"", ""避難所名"": ""石神山公園"", ""開設状況"": ""---""}",unmatched,no_candidate,,0,,,,,,,,,,,[],,[],[],reference/43000_1.csv,dd6686fa000c3e720180ba96d02aacff987aec1bba3c9bc69a5867fc0089d10d
2026-07-30,2026-07-30T00:13:27+09:00,26/07/30 00:13時点の避難所状況の一覧です。,2026-07-30T00:13+09:00,web:b876365b24747beaa063,b876365b24747beaa063,熊本市,秋津三丁目公園,---,false,---,,熊本市東区秋津3丁目6,検索,,,,,https://portal.bousai.pref.kumamoto.jp/sp.html?p=evacuation%2Fshelter&l=15-0&ll=32.63819999999999%2C130.77610000000004&z=9&municipalityCd=430005,195e4149d7b621afc2d9b8d8965b08e32017146575b85e860455607f056579dc,"{""ルート検索"": ""検索"", ""住所"": ""熊本市東区秋津3丁目6"", ""市町村"": ""熊本市"", ""混雑状況"": ""---"", ""避難所名"": ""秋津三丁目公園"", ""開設状況"": ""---""}",unmatched,no_candidate,,0,,,,,,,,,,,[],,[],[],reference/43000_1.csv,dd6686fa000c3e720180ba96d02aacff987aec1bba3c9bc69a5867fc0089d10d
2026-07-30,2026-07-30T00:13:27+09:00,26/07/30 00:13時点の避難所状況の一覧です。,2026-07-30T00:13+09:00,web:e4120b3b051087fd91a4,e4120b3b051087fd91a4,熊本市,秋津中央公園,---,false,---,,熊本市東区東野2丁目26,検索,,,,,https://portal.bousai.pref.kumamoto.jp/sp.html?p=evacuation%2Fshelter&l=15-0&ll=32.63819999999999%2C130.77610000000004&z=9&municipalityCd=430005,6737a9f318b8e518bb4ff906339dbbce9db22c5111fcc8b490ae1f2d4ebc7754,"{""ルート検索"": ""検索"", ""住所"": ""熊本市東区東野2丁目26"", ""市町村"": ""熊本市"", ""混雑状況"": ""---"", ""避難所名"": ""秋津中央公園"", ""開設状況"": ""---""}",unmatched,no_candidate,,0,,,,,,,,,,,[],,[],[],reference/43000_1.csv,dd6686fa000c3e720180ba96d02aacff987aec1bba3c9bc69a5867fc0089d10d
2026-07-30,2026-07-30T00:13:27+09:00,26/07/30 00:13時点の避難所状況の一覧です。,2026-07-30T00:13+09:00,web:77471c3b23e2e92b8634,77471c3b23e2e92b8634,熊本市,秋津西公園,---,false,---,,熊本市東区東野1丁目14,検索,,,,,https://portal.bousai.pref.kumamoto.jp/sp.html?p=evacuation%2Fshelter&l=15-0&ll=32.63819999999999%2C130.77610000000004&z=9&municipalityCd=430005,a86fb9860c2bdb1e46940bdd46c760f1cfaffd92f6ce6449efb13df5ca58f559,"{""ルート検索"": ""検索"", ""住所"": ""熊本市東区東野1丁目14"", ""市町村"": ""熊本市"", ""混雑状況"": ""---"", ""避難所名"": ""秋津西公園"", ""開設状況"": ""---""}",unmatched,no_candidate,,0,,,,,,,,,,,[],,[],[],reference/43000_1.csv,dd6686fa000c3e720180ba96d02aacff987aec1bba3c9bc69a5867fc0089d10d
2026-07-30,2026-07-30T00:13:27+09:00,26/07/30 00:13時点の避難所状況の一覧です。,2026-07-30T00:13+09:00,web:e1428921deae76b5b386,e1428921deae76b5b386,熊本市,笛田中央公園,---,false,---,,熊本市南区御幸笛田6丁目6,検索,,,,,https://portal.bousai.pref.kumamoto.jp/sp.html?p=evacuation%2Fshelter&l=15-0&ll=32.63819999999999%2C130.77610000000004&z=9&municipalityCd=430005,83f840613a846213232304d0ec44f7fb1f21f9c55145ca7841dcec8b5a80274d,"{""ルート検索"": ""検索"", ""住所"": ""熊本市南区御幸笛田6丁目6"", ""市町村"": ""熊本市"", ""混雑状況"": ""---"", ""避難所名"": ""笛田中央公園"", ""開設状況"": ""---""}",unmatched,no_candidate,,0,,,,,,,,,,,[],,[],[],reference/43000_1.csv,dd6686fa000c3e720180ba96d02aacff987aec1bba3c9bc69a5867fc0089d10d
2026-07-30,2026-07-30T00:13:27+09:00,26/07/30 00:13時点の避難所状況の一覧です。,2026-07-30T00:13+09:00,web:f6c731d59ef92209db30,f6c731d59ef92209db30,熊本市,第一高校,---,false,---,,熊本県熊本市中央区古城町3-1,検索,,,,,https://portal.bousai.pref.kumamoto.jp/sp.html?p=evacuation%2Fshelter&l=15-0&ll=32.63819999999999%2C130.77610000000004&z=9&municipalityCd=430005,2b84a724935e86cd06ba5c44f39640a65ec64320aa36335f6af47b8901684eb0,"{""ルート検索"": ""検索"", ""住所"": ""熊本県熊本市中央区古城町3-1"", ""市町村"": ""熊本市"", ""混雑状況"": ""---"", ""避難所名"": ""第一高校"", ""開設状況"": ""---""}",unmatched,no_candidate,,0,,,,,,,,,,,[],,[],[],reference/43000_1.csv,dd6686fa000c3e720180ba96d02aacff987aec1bba3c9bc69a5867fc0089d10d
2026-07-30,2026-07-30T00:13:27+09:00,26/07/30 00:13時点の避難所状況の一覧です。,2026-07-30T00:13+09:00,web:37ecdf0ff34eabd36f40,37ecdf0ff34eabd36f40,熊本市,第二高校,開設,true,不明,,熊本市東区東町3丁目13-1,検索,,,,,https://portal.bousai.pref.kumamoto.jp/sp.html?p=evacuation%2Fshelter&l=15-0&ll=32.63819999999999%2C130.77610000000004&z=9&municipalityCd=430005,93d41c4720f9a6369241c9b8f6dc1d312da3f083bf1a81b1f543d11ff1b986f3,"{""ルート検索"": ""検索"", ""住所"": ""熊本市東区東町3丁目13-1"", ""市町村"": ""熊本市"", ""混雑状況"": ""不明"", ""避難所名"": ""第二高校"", ""開設状況"": ""開設""}",unmatched,no_candidate,,0,,,,,,,,,,,[],,[],[],reference/43000_1.csv,dd6686fa000c3e720180ba96d02aacff987aec1bba3c9bc69a5867fc0089d10d
2026-07-30,2026-07-30T00:13:27+09:00,26/07/30 00:13時点の避難所状況の一覧です。,2026-07-30T00:13+09:00,web:9cf0c7948fa5a6d96464,9cf0c7948fa5a6d96464,熊本市,緑川右岸第1号緑地,---,false,---,,熊本市南区元三町4丁目,検索,,,,,https://portal.bousai.pref.kumamoto.jp/sp.html?p=evacuation%2Fshelter&l=15-0&ll=32.63819999999999%2C130.77610000000004&z=9&municipalityCd=430005,2398750afad6e696ca28d5ab77e134c121f4694fa463ada1bafb84eb6493764d,"{""ルート検索"": ""検索"", ""住所"": ""熊本市南区元三町4丁目"", ""市町村"": ""熊本市"", ""混雑状況"": ""---"", ""避難所名"": ""緑川右岸第1号緑地"", ""開設状況"": ""---""}",unmatched,no_candidate,,0,,,,,,,,,,,[],,[],[],reference/43000_1.csv,dd6686fa000c3e720180ba96d02aacff987aec1bba3c9bc69a5867fc0089d10d
2026-07-30,2026-07-30T00:13:27+09:00,26/07/30 00:13時点の避難所状況の一覧です。,2026-07-30T00:13+09:00,web:0efba9a17d7a81660646,0efba9a17d7a81660646,熊本市,緑川右岸第2号緑地,---,false,---,,熊本市南区野田1丁目、3丁目,検索,,,,,https://portal.bousai.pref.kumamoto.jp/sp.html?p=evacuation%2Fshelter&l=15-0&ll=32.63819999999999%2C130.77610000000004&z=9&municipalityCd=430005,eb7263bd9f96b568d03289f1a72c20ae3befce91170841af4089316f5df65abc,"{""ルート検索"": ""検索"", ""住所"": ""熊本市南区野田1丁目、3丁目"", ""市町村"": ""熊本市"", ""混雑状況"": ""---"", ""避難所名"": ""緑川右岸第2号緑地"", ""開設状況"": ""---""}",unmatched,no_candidate,,0,,,,,,,,,,,[],,[],[],reference/43000_1.csv,dd6686fa000c3e720180ba96d02aacff987aec1bba3c9bc69a5867fc0089d10d
2026-07-30,2026-07-30T00:13:27+09:00,26/07/30 00:13時点の避難所状況の一覧です。,2026-07-30T00:13+09:00,web:8a86372ae9c329a43cea,8a86372ae9c329a43cea,熊本市,芝生広場,---,false,---,,熊本市北区植木町岩野269番地2,検索,,,,,https://portal.bousai.pref.kumamoto.jp/sp.html?p=evacuation%2Fshelter&l=15-0&ll=32.63819999999999%2C130.77610000000004&z=9&municipalityCd=430005,111450cad340e11d4615494d7ac05d0ca840ed37dedd0b04c7d3e1e86be7eb48,"{""ルート検索"": ""検索"", ""住所"": ""熊本市北区植木町岩野269番地2"", ""市町村"": ""熊本市"", ""混雑状況"": ""---"", ""避難所名"": ""芝生広場"", ""開設状況"": ""---""}",unmatched,no_candidate,,0,,,,,,,,,,,[],,[],[],reference/43000_1.csv,dd6686fa000c3e720180ba96d02aacff987aec1bba3c9bc69a5867fc0089d10d
2026-07-30,2026-07-30T00:13:27+09:00,26/07/30 00:13時点の避難所状況の一覧です。,2026-07-30T00:13+09:00,web:8f88c019ba9379adee20,8f88c019ba9379adee20,熊本市,花園五丁目公園,---,false,---,,熊本市西区花園5丁目9,検索,,,,,https://portal.bousai.pref.kumamoto.jp/sp.html?p=evacuation%2Fshelter&l=15-0&ll=32.63819999999999%2C130.77610000000004&z=9&municipalityCd=430005,b0e95076592d87f746f677a0034380b51b265b5ceafee8aa29868b54c3ac82ab,"{""ルート検索"": ""検索"", ""住所"": ""熊本市西区花園5丁目9"", ""市町村"": ""熊本市"", ""混雑状況"": ""---"", ""避難所名"": ""花園五丁目公園"", ""開設状況"": ""---""}",unmatched,no_candidate,,0,,,,,,,,,,,[],,[],[],reference/43000_1.csv,dd6686fa000c3e720180ba96d02aacff987aec1bba3c9bc69a5867fc0089d10d
2026-07-30,2026-07-30T00:13:27+09:00,26/07/30 00:13時点の避難所状況の一覧です。,2026-07-30T00:13+09:00,web:07ee3632bf9465c45a6c,07ee3632bf9465c45a6c,熊本市,蓮台寺公園,---,false,---,,熊本市西区蓮台寺4丁目14-55、5丁目5,検索,,,,,https://portal.bousai.pref.kumamoto.jp/sp.html?p=evacuation%2Fshelter&l=15-0&ll=32.63819999999999%2C130.77610000000004&z=9&municipalityCd=430005,7c9309a9e91186614fba8000654b290efa4ccf287a305a320fc847185f5aed1f,"{""ルート検索"": ""検索"", ""住所"": ""熊本市西区蓮台寺4丁目14-55、5丁目5"", ""市町村"": ""熊本市"", ""混雑状況"": ""---"", ""避難所名"": ""蓮台寺公園"", ""開設状況"": ""---""}",unmatched,no_candidate,,0,,,,,,,,,,,[],,[],[],reference/43000_1.csv,dd6686fa000c3e720180ba96d02aacff987aec1bba3c9bc69a5867fc0089d10d
2026-07-30,2026-07-30T00:13:27+09:00,26/07/30 00:13時点の避難所状況の一覧です。,2026-07-30T00:13+09:00,web:6a1c5adb1abd8d925e41,6a1c5adb1abd8d925e41,熊本市,藤園中学校【広域】,---,false,---,,熊本市中央区千葉城5-2,検索,,,,,https://portal.bousai.pref.kumamoto.jp/sp.html?p=evacuation%2Fshelter&l=15-0&ll=32.63819999999999%2C130.77610000000004&z=9&municipalityCd=430005,aa67d4504ed7bef9a3aef39d8ec5db29f7214863272f908919cc9ea5e4ca9e89,"{""ルート検索"": ""検索"", ""住所"": ""熊本市中央区千葉城5-2"", ""市町村"": ""熊本市"", ""混雑状況"": ""---"", ""避難所名"": ""藤園中学校【広域】"", ""開設状況"": ""---""}",unmatched,no_candidate,,0,,,,,,,,,,,[],,[],[],reference/43000_1.csv,dd6686fa000c3e720180ba96d02aacff987aec1bba3c9bc69a5867fc0089d10d
2026-07-30,2026-07-30T00:13:27+09:00,26/07/30 00:13時点の避難所状況の一覧です。,2026-07-30T00:13+09:00,web:358b261636aac271b1ce,358b261636aac271b1ce,熊本市,西部環境工場,開設,true,不明,,熊本県熊本市西区城山薬師2丁目12-1,検索,,,,,https://portal.bousai.pref.kumamoto.jp/sp.html?p=evacuation%2Fshelter&l=15-0&ll=32.63819999999999%2C130.77610000000004&z=9&municipalityCd=430005,f36dce5193683c8b93c7eda99a70efd7ac8c6310f085be51e7b69ff817fcc60c,"{""ルート検索"": ""検索"", ""住所"": ""熊本県熊本市西区城山薬師2丁目12-1"", ""市町村"": ""熊本市"", ""混雑状況"": ""不明"", ""避難所名"": ""西部環境工場"", ""開設状況"": ""開設""}",unmatched,no_candidate,,0,,,,,,,,,,,[],,[],[],reference/43000_1.csv,dd6686fa000c3e720180ba96d02aacff987aec1bba3c9bc69a5867fc0089d10d
2026-07-30,2026-07-30T00:13:27+09:00,26/07/30 00:13時点の避難所状況の一覧です。,2026-07-30T00:13+09:00,web:6fe9e8279d486b27be6e,6fe9e8279d486b27be6e,熊本市,託麻南中央公園,---,false,---,,熊本市東区長嶺東4丁目14,検索,,,,,https://portal.bousai.pref.kumamoto.jp/sp.html?p=evacuation%2Fshelter&l=15-0&ll=32.63819999999999%2C130.77610000000004&z=9&municipalityCd=430005,06298928ea607f3ac2858792bbfdba848a5cdb450b114a90ad3253027a98b94f,"{""ルート検索"": ""検索"", ""住所"": ""熊本市東区長嶺東4丁目14"", ""市町村"": ""熊本市"", ""混雑状況"": ""---"", ""避難所名"": ""託麻南中央公園"", ""開設状況"": ""---""}",unmatched,no_candidate,,0,,,,,,,,,,,[],,[],[],reference/43000_1.csv,dd6686fa000c3e720180ba96d02aacff987aec1bba3c9bc69a5867fc0089d10d
2026-07-30,2026-07-30T00:13:27+09:00,26/07/30 00:13時点の避難所状況の一覧です。,2026-07-30T00:13+09:00,web:9ef9471325befc9e96b0,9ef9471325befc9e96b0,熊本市,銀座橋一帯白川川岸,---,false,---,,熊本県熊本市中央区中央街,検索,,,,,https://portal.bousai.pref.kumamoto.jp/sp.html?p=evacuation%2Fshelter&l=15-0&ll=32.63819999999999%2C130.77610000000004&z=9&municipalityCd=430005,68b1ad1727aee76aeda7d711c7b8e9eca7a0416cbf726e7bac8c4dee88468c76,"{""ルート検索"": ""検索"", ""住所"": ""熊本県熊本市中央区中央街"", ""市町村"": ""熊本市"", ""混雑状況"": ""---"", ""避難所名"": ""銀座橋一帯白川川岸"", ""開設状況"": ""---""}",unmatched,no_candidate,,0,,,,,,,,,,,[],,[],[],reference/43000_1.csv,dd6686fa000c3e720180ba96d02aacff987aec1bba3c9bc69a5867fc0089d10d
2026-07-30,2026-07-30T00:13:27+09:00,26/07/30 00:13時点の避難所状況の一覧です。,2026-07-30T00:13+09:00,web:d5a14b498c66f011dfe0,d5a14b498c66f011dfe0,熊本市,錦ヶ丘中学校,開設,true,不明,,熊本県熊本市東区錦ヶ丘22-1,検索,,,,,https://portal.bousai.pref.kumamoto.jp/sp.html?p=evacuation%2Fshelter&l=15-0&ll=32.63819999999999%2C130.77610000000004&z=9&municipalityCd=430005,bb7911e0a16891696723c2674abb3426d47dcddf4a5257de88999c5b9526bd40,"{""ルート検索"": ""検索"", ""住所"": ""熊本県熊本市東区錦ヶ丘22-1"", ""市町村"": ""熊本市"", ""混雑状況"": ""不明"", ""避難所名"": ""錦ヶ丘中学校"", ""開設状況"": ""開設""}",unmatched,fuzzy_below_threshold,0.848,0,,,,,,,,,,,[],,[],"[{""NO"": ""458"", ""その他市町村長が必要と認める事項"": """", ""住所"": ""熊本県熊本市東区錦ケ丘22-1"", ""備考"": """", ""共通ID"": ""E4310000121111"", ""受入対象者"": """", ""指定緊急避難場所との住所同一"": ""1"", ""施設・場所名"": ""錦ケ丘中学校"", ""経度"": ""130.75707795504"", ""緯度"": ""32.790850283483""}]",reference/43000_1.csv,dd6686fa000c3e720180ba96d02aacff987aec1bba3c9bc69a5867fc0089d10d
2026-07-30,2026-07-30T00:13:27+09:00,26/07/30 00:13時点の避難所状況の一覧です。,2026-07-30T00:13+09:00,web:0a425cd859cfb31e2b65,0a425cd859cfb31e2b65,熊本市,錦ヶ丘公園,---,false,---,,熊本市東区錦ヶ丘8,検索,,,,,https://portal.bousai.pref.kumamoto.jp/sp.html?p=evacuation%2Fshelter&l=15-0&ll=32.63819999999999%2C130.77610000000004&z=9&municipalityCd=430005,3a5fd46fad620cb006eb16dbc4987c27d646405bc1110cf455c5047433b88e90,"{""ルート検索"": ""検索"", ""住所"": ""熊本市東区錦ヶ丘8"", ""市町村"": ""熊本市"", ""混雑状況"": ""---"", ""避難所名"": ""錦ヶ丘公園"", ""開設状況"": ""---""}",unmatched,no_candidate,,0,,,,,,,,,,,[],,[],[],reference/43000_1.csv,dd6686fa000c3e720180ba96d02aacff987aec1bba3c9bc69a5867fc0089d10d
2026-07-30,2026-07-30T00:13:27+09:00,26/07/30 00:13時点の避難所状況の一覧です。,2026-07-30T00:13+09:00,web:e22becdb960134371185,e22becdb960134371185,熊本市,長六橋上・下流左岸,---,false,---,,熊本県熊本市中央区迎町1丁目、本荘5丁目,検索,,,,,https://portal.bousai.pref.kumamoto.jp/sp.html?p=evacuation%2Fshelter&l=15-0&ll=32.63819999999999%2C130.77610000000004&z=9&municipalityCd=430005,ee3d50193fd63f0c7468d6e3c43d2b522f9930a85a1d1c0c48219c13f16ed873,"{""ルート検索"": ""検索"", ""住所"": ""熊本県熊本市中央区迎町1丁目、本荘5丁目"", ""市町村"": ""熊本市"", ""混雑状況"": ""---"", ""避難所名"": ""長六橋上・下流左岸"", ""開設状況"": ""---""}",unmatched,no_candidate,,0,,,,,,,,,,,[],,[],[],reference/43000_1.csv,dd6686fa000c3e720180ba96d02aacff987aec1bba3c9bc69a5867fc0089d10d
2026-07-30,2026-07-30T00:13:27+09:00,26/07/30 00:13時点の避難所状況の一覧です。,2026-07-30T00:13+09:00,web:e11e9c09f76c0f38a786,e11e9c09f76c0f38a786,熊本市,長嶺公園,---,false,---,,熊本市東区長嶺南4丁目8,検索,,,,,https://portal.bousai.pref.kumamoto.jp/sp.html?p=evacuation%2Fshelter&l=15-0&ll=32.63819999999999%2C130.77610000000004&z=9&municipalityCd=430005,f63d1ab6d93a40796d9155abb09711681a912449005a13ce5f52a46b590b1e2b,"{""ルート検索"": ""検索"", ""住所"": ""熊本市東区長嶺南4丁目8"", ""市町村"": ""熊本市"", ""混雑状況"": ""---"", ""避難所名"": ""長嶺公園"", ""開設状況"": ""---""}",unmatched,no_candidate,,0,,,,,,,,,,,[],,[],[],reference/43000_1.csv,dd6686fa000c3e720180ba96d02aacff987aec1bba3c9bc69a5867fc0089d10d
2026-07-30,2026-07-30T00:13:27+09:00,26/07/30 00:13時点の避難所状況の一覧です。,2026-07-30T00:13+09:00,web:9c3a0fc3838ac68737ef,9c3a0fc3838ac68737ef,熊本市,開新高校,---,false,---,,熊本県熊本市中央区大江6丁目1-33,検索,,,,,https://portal.bousai.pref.kumamoto.jp/sp.html?p=evacuation%2Fshelter&l=15-0&ll=32.63819999999999%2C130.77610000000004&z=9&municipalityCd=430005,44f59a681ab047d3ee37dde9a9fac74e09895abd37ec63600fcbba8e164a3a7d,"{""ルート検索"": ""検索"", ""住所"": ""熊本県熊本市中央区大江6丁目1-33"", ""市町村"": ""熊本市"", ""混雑状況"": ""---"", ""避難所名"": ""開新高校"", ""開設状況"": ""---""}",unmatched,no_candidate,,0,,,,,,,,,,,[],,[],[],reference/43000_1.csv,dd6686fa000c3e720180ba96d02aacff987aec1bba3c9bc69a5867fc0089d10d
2026-07-30,2026-07-30T00:13:27+09:00,26/07/30 00:13時点の避難所状況の一覧です。,2026-07-30T00:13+09:00,web:15607a965a00446e2ea4,15607a965a00446e2ea4,熊本市,開新高校【広域】,---,false,---,,熊本市中央区大江6丁目1-33,検索,,,,,https://portal.bousai.pref.kumamoto.jp/sp.html?p=evacuation%2Fshelter&l=15-0&ll=32.63819999999999%2C130.77610000000004&z=9&municipalityCd=430005,33f466be3697ff3849e90cdc6856ab4023668a04a8824f627b6918e936ac40da,"{""ルート検索"": ""検索"", ""住所"": ""熊本市中央区大江6丁目1-33"", ""市町村"": ""熊本市"", ""混雑状況"": ""---"", ""避難所名"": ""開新高校【広域】"", ""開設状況"": ""---""}",unmatched,no_candidate,,0,,,,,,,,,,,[],,[],[],reference/43000_1.csv,dd6686fa000c3e720180ba96d02aacff987aec1bba3c9bc69a5867fc0089d10d
2026-07-30,2026-07-30T00:13:27+09:00,26/07/30 00:13時点の避難所状況の一覧です。,2026-07-30T00:13+09:00,web:41603ac85c55d0792451,41603ac85c55d0792451,熊本市,飽田公園運動場,---,false,---,,熊本市南区浜口町126,検索,,,,,https://portal.bousai.pref.kumamoto.jp/sp.html?p=evacuation%2Fshelter&l=15-0&ll=32.63819999999999%2C130.77610000000004&z=9&municipalityCd=430005,dc0655b884dd8fbd8398fd24b763d19d2837a06e3ca5f889bd6238b465a5fa57,"{""ルート検索"": ""検索"", ""住所"": ""熊本市南区浜口町126"", ""市町村"": ""熊本市"", ""混雑状況"": ""---"", ""避難所名"": ""飽田公園運動場"", ""開設状況"": ""---""}",unmatched,no_candidate,,0,,,,,,,,,,,[],,[],[],reference/43000_1.csv,dd6686fa000c3e720180ba96d02aacff987aec1bba3c9bc69a5867fc0089d10d
2026-07-30,2026-07-30T00:13:27+09:00,26/07/30 00:13時点の避難所状況の一覧です。,2026-07-30T00:13+09:00,web:0dacae25c99f898bda82,0dacae25c99f898bda82,熊本市,香りの森,---,false,---,,熊本市東区戸島西7丁目3,検索,,,,,https://portal.bousai.pref.kumamoto.jp/sp.html?p=evacuation%2Fshelter&l=15-0&ll=32.63819999999999%2C130.77610000000004&z=9&municipalityCd=430005,b3f02afce301032baeb5fdb9cabed368386dfd622bf133b9b0eb025f5a6987ab,"{""ルート検索"": ""検索"", ""住所"": ""熊本市東区戸島西7丁目3"", ""市町村"": ""熊本市"", ""混雑状況"": ""---"", ""避難所名"": ""香りの森"", ""開設状況"": ""---""}",unmatched,no_candidate,,0,,,,,,,,,,,[],,[],[],reference/43000_1.csv,dd6686fa000c3e720180ba96d02aacff987aec1bba3c9bc69a5867fc0089d10d
2026-07-30,2026-07-30T00:13:27+09:00,26/07/30 00:13時点の避難所状況の一覧です。,2026-07-30T00:13+09:00,web:fe534da2932759766bd8,fe534da2932759766bd8,熊本市,高グラウンド,---,false,---,,熊本市南区城南町高476-1,検索,,,,,https://portal.bousai.pref.kumamoto.jp/sp.html?p=evacuation%2Fshelter&l=15-0&ll=32.63819999999999%2C130.77610000000004&z=9&municipalityCd=430005,ba9ab700093096e2ca3f9c6e103520fd30ef279bb320f46845d562356a626f13,"{""ルート検索"": ""検索"", ""住所"": ""熊本市南区城南町高476-1"", ""市町村"": ""熊本市"", ""混雑状況"": ""---"", ""避難所名"": ""高グラウンド"", ""開設状況"": ""---""}",unmatched,no_candidate,,0,,,,,,,,,,,[],,[],[],reference/43000_1.csv,dd6686fa000c3e720180ba96d02aacff987aec1bba3c9bc69a5867fc0089d10d
2026-07-30,2026-07-30T00:13:27+09:00,26/07/30 00:13時点の避難所状況の一覧です。,2026-07-30T00:13+09:00,web:28d2fba32483da596005,28d2fba32483da596005,玉名市,三ツ川小学校(公民館),---,false,---,,玉名市三ツ川2861,検索,,,,,https://portal.bousai.pref.kumamoto.jp/sp.html?p=evacuation%2Fshelter&l=15-0&ll=32.63819999999999%2C130.77610000000004&z=9&municipalityCd=430005,af787ac7d836c69fb1700e6f257cc01485711cafc87a8fda456dc80de8565ab2,"{""ルート検索"": ""検索"", ""住所"": ""玉名市三ツ川2861"", ""市町村"": ""玉名市"", ""混雑状況"": ""---"", ""避難所名"": ""三ツ川小学校(公民館)"", ""開設状況"": ""---""}",unmatched,no_candidate,,0,,,,,,,,,,,[],,[],[],reference/43000_1.csv,dd6686fa000c3e720180ba96d02aacff987aec1bba3c9bc69a5867fc0089d10d
2026-07-30,2026-07-30T00:13:27+09:00,26/07/30 00:13時点の避難所状況の一覧です。,2026-07-30T00:13+09:00,web:254d7f5c3db183002ddf,254d7f5c3db183002ddf,玉名市,伊倉隣保館,---,false,---,,玉名市伊倉北方3230-5,検索,,,,,https://portal.bousai.pref.kumamoto.jp/sp.html?p=evacuation%2Fshelter&l=15-0&ll=32.63819999999999%2C130.77610000000004&z=9&municipalityCd=430005,b75ce74bee43c2ba5cb84d59796a7a3cb6b4a2f4568794e01b3703457b9540bf,"{""ルート検索"": ""検索"", ""住所"": ""玉名市伊倉北方3230-5"", ""市町村"": ""玉名市"", ""混雑状況"": ""---"", ""避難所名"": ""伊倉隣保館"", ""開設状況"": ""---""}",unmatched,no_candidate,,0,,,,,,,,,,,[],,[],[],reference/43000_1.csv,dd6686fa000c3e720180ba96d02aacff987aec1bba3c9bc69a5867fc0089d10d
2026-07-30,2026-07-30T00:13:27+09:00,26/07/30 00:13時点の避難所状況の一覧です。,2026-07-30T00:13+09:00,web:d6c3fb6557f519ff5a2b,d6c3fb6557f519ff5a2b,玉名市,天水グラウンド,---,false,---,,玉名市天水町小天7237-1,検索,,,,,https://portal.bousai.pref.kumamoto.jp/sp.html?p=evacuation%2Fshelter&l=15-0&ll=32.63819999999999%2C130.77610000000004&z=9&municipalityCd=430005,fc5dfb82af374f5dc6ab4dab48f73b2aa70162d740bc7978d5fd627b1f71e507,"{""ルート検索"": ""検索"", ""住所"": ""玉名市天水町小天7237-1"", ""市町村"": ""玉名市"", ""混雑状況"": ""---"", ""避難所名"": ""天水グラウンド"", ""開設状況"": ""---""}",unmatched,no_candidate,,0,,,,,,,,,,,[],,[],[],reference/43000_1.csv,dd6686fa000c3e720180ba96d02aacff987aec1bba3c9bc69a5867fc0089d10d
2026-07-30,2026-07-30T00:13:27+09:00,26/07/30 00:13時点の避難所状況の一覧です。,2026-07-30T00:13+09:00,web:46a07e336e0f9ddc7f1d,46a07e336e0f9ddc7f1d,玉名市,小田小学校(体育館),---,false,---,,玉名市上小田371,検索,,,,,https://portal.bousai.pref.kumamoto.jp/sp.html?p=evacuation%2Fshelter&l=15-0&ll=32.63819999999999%2C130.77610000000004&z=9&municipalityCd=430005,47741c38ee5eb8ca330436d2465ba3c42b74937b82db23fd21c32d4426654800,"{""ルート検索"": ""検索"", ""住所"": ""玉名市上小田371"", ""市町村"": ""玉名市"", ""混雑状況"": ""---"", ""避難所名"": ""小田小学校(体育館)"", ""開設状況"": ""---""}",unmatched,fuzzy_below_threshold,0.807,0,,,,,,,,,,,[],,[],"[{""NO"": ""364"", ""その他市町村長が必要と認める事項"": """", ""住所"": ""熊本県玉名市天水町小天6966"", ""備考"": """", ""共通ID"": ""E4320600040111"", ""受入対象者"": """", ""指定緊急避難場所との住所同一"": """", ""施設・場所名"": ""小天小学校(体育館)"", ""経度"": ""130.59370517868"", ""緯度"": ""32.861952690389""}, {""NO"": ""346"", ""その他市町村長が必要と認める事項"": """", ""住所"": ""熊本県玉名市小野尻373"", ""備考"": """", ""共通ID"": ""E4320600020111"", ""受入対象者"": """", ""指定緊急避難場所との住所同一"": """", ""施設・場所名"": ""豊水小学校(体育館)"", ""経度"": ""130.5599955"", ""緯度"": ""32.91270595""}, {""NO"": ""347"", ""その他市町村長が必要と認める事項"": """", ""住所"": ""熊本県玉名市石貫3771"", ""備考"": """", ""共通ID"": ""E4320600021111"", ""受入対象者"": """", ""指定緊急避難場所との住所同一"": """", ""施設・場所名"": ""石貫小学校(体育館)"", ""経度"": ""130.5643717"", ""緯度"": ""32.95760504""}]",reference/43000_1.csv,dd6686fa000c3e720180ba96d02aacff987aec1bba3c9bc69a5867fc0089d10d
2026-07-30,2026-07-30T00:13:27+09:00,26/07/30 00:13時点の避難所状況の一覧です。,2026-07-30T00:13+09:00,web:5cfb0f6b18f003f1398a,5cfb0f6b18f003f1398a,玉名市,岱明中央公園グラウンド,---,false,---,,玉名市岱明町中土556,検索,,,,,https://portal.bousai.pref.kumamoto.jp/sp.html?p=evacuation%2Fshelter&l=15-0&ll=32.63819999999999%2C130.77610000000004&z=9&municipalityCd=430005,961ba3c63011669cc06487d38fdc0bca672e5128872f84015fc8a1321a4f23fa,"{""ルート検索"": ""検索"", ""住所"": ""玉名市岱明町中土556"", ""市町村"": ""玉名市"", ""混雑状況"": ""---"", ""避難所名"": ""岱明中央公園グラウンド"", ""開設状況"": ""---""}",unmatched,no_candidate,,0,,,,,,,,,,,[],,[],[],reference/43000_1.csv,dd6686fa000c3e720180ba96d02aacff987aec1bba3c9bc69a5867fc0089d10d
2026-07-30,2026-07-30T00:13:27+09:00,26/07/30 00:13時点の避難所状況の一覧です。,2026-07-30T00:13+09:00,web:64d5f4429e48338f298d,64d5f4429e48338f298d,玉名市,桃田運動公園,---,false,---,,玉名市大倉1144,検索,,,,,https://portal.bousai.pref.kumamoto.jp/sp.html?p=evacuation%2Fshelter&l=15-0&ll=32.63819999999999%2C130.77610000000004&z=9&municipalityCd=430005,932612a032fb6b9167ac4bd7ce1bc38c6b1b8c67e41fa8d8234930784a36524d,"{""ルート検索"": ""検索"", ""住所"": ""玉名市大倉1144"", ""市町村"": ""玉名市"", ""混雑状況"": ""---"", ""避難所名"": ""桃田運動公園"", ""開設状況"": ""---""}",unmatched,no_candidate,,0,,,,,,,,,,,[],,[],[],reference/43000_1.csv,dd6686fa000c3e720180ba96d02aacff987aec1bba3c9bc69a5867fc0089d10d
2026-07-30,2026-07-30T00:13:27+09:00,26/07/30 00:13時点の避難所状況の一覧です。,2026-07-30T00:13+09:00,web:f8e9eb745bbafe8bbcf1,f8e9eb745bbafe8bbcf1,玉名市,梅林小学校(体育館),---,false,---,,玉名市安楽寺1244,検索,,,,,https://portal.bousai.pref.kumamoto.jp/sp.html?p=evacuation%2Fshelter&l=15-0&ll=32.63819999999999%2C130.77610000000004&z=9&municipalityCd=430005,f475ac705ff1d515b4578667e835fc945509a4e43b5c73fa13f1c5d2cff467d7,"{""ルート検索"": ""検索"", ""住所"": ""玉名市安楽寺1244"", ""市町村"": ""玉名市"", ""混雑状況"": ""---"", ""避難所名"": ""梅林小学校(体育館)"", ""開設状況"": ""---""}",unmatched,fuzzy_below_threshold,0.756,0,,,,,,,,,,,[],,[],"[{""NO"": ""354"", ""その他市町村長が必要と認める事項"": """", ""住所"": ""熊本県玉名市岱明町鍋345-2"", ""備考"": """", ""共通ID"": ""E4320600029111"", ""受入対象者"": """", ""指定緊急避難場所との住所同一"": """", ""施設・場所名"": ""鍋小学校(体育館)"", ""経度"": ""130.49425114771"", ""緯度"": ""32.91097202631""}, {""NO"": ""336"", ""その他市町村長が必要と認める事項"": """", ""住所"": ""熊本県玉名市滑石1542"", ""備考"": """", ""共通ID"": ""E4320600010111"", ""受入対象者"": """", ""指定緊急避難場所との住所同一"": """", ""施設・場所名"": ""滑石小学校(体育館)"", ""経度"": ""130.529478"", ""緯度"": ""32.901451""}, {""NO"": ""368"", ""その他市町村長が必要と認める事項"": """", ""住所"": ""熊本県玉名市天水町部田見1440-2"", ""備考"": """", ""共通ID"": ""E4320600044111"", ""受入対象者"": """", ""指定緊急避難場所との住所同一"": """", ""施設・場所名"": ""玉水小学校(体育館)"", ""経度"": ""130.58236139851"", ""緯度"": ""32.878851136047""}]",reference/43000_1.csv,dd6686fa000c3e720180ba96d02aacff987aec1bba3c9bc69a5867fc0089d10d
2026-07-30,2026-07-30T00:13:27+09:00,26/07/30 00:13時点の避難所状況の一覧です。,2026-07-30T00:13+09:00,web:e0c4c5e60b5505415fdf,e0c4c5e60b5505415fdf,玉名市,横島グラウンド,---,false,---,,玉名市横島町横島3779,検索,,,,,https://portal.bousai.pref.kumamoto.jp/sp.html?p=evacuation%2Fshelter&l=15-0&ll=32.63819999999999%2C130.77610000000004&z=9&municipalityCd=430005,f5d7e81fd8fa4d345fbce85d40473252d9d0da633a814ca4e59ba1368dffa8b8,"{""ルート検索"": ""検索"", ""住所"": ""玉名市横島町横島3779"", ""市町村"": ""玉名市"", ""混雑状況"": ""---"", ""避難所名"": ""横島グラウンド"", ""開設状況"": ""---""}",unmatched,no_candidate,,0,,,,,,,,,,,[],,[],[],reference/43000_1.csv,dd6686fa000c3e720180ba96d02aacff987aec1bba3c9bc69a5867fc0089d10d
2026-07-30,2026-07-30T00:13:27+09:00,26/07/30 00:13時点の避難所状況の一覧です。,2026-07-30T00:13+09:00,web:f92c8a5a6ed269fb5eb5,f92c8a5a6ed269fb5eb5,玉名市,横島体育館,---,false,---,,玉名市横島町横島3779,検索,,,,,https://portal.bousai.pref.kumamoto.jp/sp.html?p=evacuation%2Fshelter&l=15-0&ll=32.63819999999999%2C130.77610000000004&z=9&municipalityCd=430005,756b49919db39e444362a5966282ed93d9c0a571eeb0b7ed284cc1e7d3298fe7,"{""ルート検索"": ""検索"", ""住所"": ""玉名市横島町横島3779"", ""市町村"": ""玉名市"", ""混雑状況"": ""---"", ""避難所名"": ""横島体育館"", ""開設状況"": ""---""}",unmatched,fuzzy_below_threshold,0.880,0,,,,,,,,,,,[],,[],"[{""NO"": ""333"", ""その他市町村長が必要と認める事項"": """", ""住所"": ""熊本県玉名市横島町横島3808"", ""備考"": """", ""共通ID"": ""E4320600007111"", ""受入対象者"": """", ""指定緊急避難場所との住所同一"": """", ""施設・場所名"": ""横島町体育館"", ""経度"": ""130.553102"", ""緯度"": ""32.877841""}]",reference/43000_1.csv,dd6686fa000c3e720180ba96d02aacff987aec1bba3c9bc69a5867fc0089d10d
2026-07-30,2026-07-30T00:13:27+09:00,26/07/30 00:13時点の避難所状況の一覧です。,2026-07-30T00:13+09:00,web:cbcae9ed590e8cdb34fe,cbcae9ed590e8cdb34fe,玉名市,横島小学校(校舎),---,false,---,,玉名市横島町横島3810,検索,,,,,https://portal.bousai.pref.kumamoto.jp/sp.html?p=evacuation%2Fshelter&l=15-0&ll=32.63819999999999%2C130.77610000000004&z=9&municipalityCd=430005,077628b0507b4c95c58becc420bfc847c6075c5bfb606d1edbc179829532b968,"{""ルート検索"": ""検索"", ""住所"": ""玉名市横島町横島3810"", ""市町村"": ""玉名市"", ""混雑状況"": ""---"", ""避難所名"": ""横島小学校(校舎)"", ""開設状況"": ""---""}",unmatched,no_candidate,,0,,,,,,,,,,,[],,[],[],reference/43000_1.csv,dd6686fa000c3e720180ba96d02aacff987aec1bba3c9bc69a5867fc0089d10d
2026-07-30,2026-07-30T00:13:27+09:00,26/07/30 00:13時点の避難所状況の一覧です。,2026-07-30T00:13+09:00,web:dd2b27b5b25eaba8596c,dd2b27b5b25eaba8596c,玉名市,横島山の上展望公園,---,false,---,,玉名市横島町横島1960-1,検索,,,,,https://portal.bousai.pref.kumamoto.jp/sp.html?p=evacuation%2Fshelter&l=15-0&ll=32.63819999999999%2C130.77610000000004&z=9&municipalityCd=430005,564e88d6710c76f475216ebc44891a5b1c77d99ebfa5f1682822be513998a052,"{""ルート検索"": ""検索"", ""住所"": ""玉名市横島町横島1960-1"", ""市町村"": ""玉名市"", ""混雑状況"": ""---"", ""避難所名"": ""横島山の上展望公園"", ""開設状況"": ""---""}",unmatched,no_candidate,,0,,,,,,,,,,,[],,[],[],reference/43000_1.csv,dd6686fa000c3e720180ba96d02aacff987aec1bba3c9bc69a5867fc0089d10d
2026-07-30,2026-07-30T00:13:27+09:00,26/07/30 00:13時点の避難所状況の一覧です。,2026-07-30T00:13+09:00,web:82108a0591fd53588362,82108a0591fd53588362,玉名市,玉名市勤労青少年ホーム,---,false,---,,玉名市岩崎173-1,検索,,,,,https://portal.bousai.pref.kumamoto.jp/sp.html?p=evacuation%2Fshelter&l=15-0&ll=32.63819999999999%2C130.77610000000004&z=9&municipalityCd=430005,5cb6e6a46ac23e4aaf2ee56958c8c77eb60191f7b14bac88d15a8ed2a4cef91f,"{""ルート検索"": ""検索"", ""住所"": ""玉名市岩崎173-1"", ""市町村"": ""玉名市"", ""混雑状況"": ""---"", ""避難所名"": ""玉名市勤労青少年ホーム"", ""開設状況"": ""---""}",unmatched,no_candidate,,0,,,,,,,,,,,[],,[],[],reference/43000_1.csv,dd6686fa000c3e720180ba96d02aacff987aec1bba3c9bc69a5867fc0089d10d
2026-07-30,2026-07-30T00:13:27+09:00,26/07/30 00:13時点の避難所状況の一覧です。,2026-07-30T00:13+09:00,web:0706a55552e5fb4f5507,0706a55552e5fb4f5507,玉名市,蛇ヶ谷公園,---,false,---,,玉名市立願寺1598-1,検索,,,,,https://portal.bousai.pref.kumamoto.jp/sp.html?p=evacuation%2Fshelter&l=15-0&ll=32.63819999999999%2C130.77610000000004&z=9&municipalityCd=430005,918356775c003f3d8c69920b8e5af33a7c0a38e596901ba98af75af4bde4ab12,"{""ルート検索"": ""検索"", ""住所"": ""玉名市立願寺1598-1"", ""市町村"": ""玉名市"", ""混雑状況"": ""---"", ""避難所名"": ""蛇ヶ谷公園"", ""開設状況"": ""---""}",unmatched,no_candidate,,0,,,,,,,,,,,[],,[],[],reference/43000_1.csv,dd6686fa000c3e720180ba96d02aacff987aec1bba3c9bc69a5867fc0089d10d
2026-07-30,2026-07-30T00:13:27+09:00,26/07/30 00:13時点の避難所状況の一覧です。,2026-07-30T00:13+09:00,web:216b9f0667272d607969,216b9f0667272d607969,玉東町,デイサービス いなさの郷,---,false,---,,玉東町稲佐516-3,検索,,,,,https://portal.bousai.pref.kumamoto.jp/sp.html?p=evacuation%2Fshelter&l=15-0&ll=32.63819999999999%2C130.77610000000004&z=9&municipalityCd=430005,a3f66f3af8c39e181a6121d39315b039713027a6468cb21e00782e645d6ba334,"{""ルート検索"": ""検索"", ""住所"": ""玉東町稲佐516-3"", ""市町村"": ""玉東町"", ""混雑状況"": ""---"", ""避難所名"": ""デイサービス いなさの郷"", ""開設状況"": ""---""}",unmatched,no_candidate,,0,,,,,,,,,,,[],,[],[],reference/43000_1.csv,dd6686fa000c3e720180ba96d02aacff987aec1bba3c9bc69a5867fc0089d10d
2026-07-30,2026-07-30T00:13:27+09:00,26/07/30 00:13時点の避難所状況の一覧です。,2026-07-30T00:13+09:00,web:41ab9cc84725ed39e0d6,41ab9cc84725ed39e0d6,玉東町,玉東町役場,開設,true,平常,,熊本県玉名郡玉東町木葉759,検索,,,,,https://portal.bousai.pref.kumamoto.jp/sp.html?p=evacuation%2Fshelter&l=15-0&ll=32.63819999999999%2C130.77610000000004&z=9&municipalityCd=430005,61bf7c7f3153eee448a0997810842133832b6f3014f3fc901a910d8f26b6b212,"{""ルート検索"": ""検索"", ""住所"": ""熊本県玉名郡玉東町木葉759"", ""市町村"": ""玉東町"", ""混雑状況"": ""平常"", ""避難所名"": ""玉東町役場"", ""開設状況"": ""開設""}",unmatched,no_candidate,,0,,,,,,,,,,,[],,[],[],reference/43000_1.csv,dd6686fa000c3e720180ba96d02aacff987aec1bba3c9bc69a5867fc0089d10d
2026-07-30,2026-07-30T00:13:27+09:00,26/07/30 00:13時点の避難所状況の一覧です。,2026-07-30T00:13+09:00,web:6095c0227a092e61de77,6095c0227a092e61de77,球磨村,エスペランサ桜峯集会所(さくらドーム及び周辺施設),---,false,---,,球磨村大字渡乙868番地1,検索,,,,,https://portal.bousai.pref.kumamoto.jp/sp.html?p=evacuation%2Fshelter&l=15-0&ll=32.63819999999999%2C130.77610000000004&z=9&municipalityCd=430005,de592e21174c1532f0af5bac5164ea357608508cfd4c3f21b601ce02dcff43a2,"{""ルート検索"": ""検索"", ""住所"": ""球磨村大字渡乙868番地1"", ""市町村"": ""球磨村"", ""混雑状況"": ""---"", ""避難所名"": ""エスペランサ桜峯集会所(さくらドーム及び周辺施設)"", ""開設状況"": ""---""}",unmatched,no_candidate,,0,,,,,,,,,,,[],,[],[],reference/43000_1.csv,dd6686fa000c3e720180ba96d02aacff987aec1bba3c9bc69a5867fc0089d10d
2026-07-30,2026-07-30T00:13:27+09:00,26/07/30 00:13時点の避難所状況の一覧です。,2026-07-30T00:13+09:00,web:aecc8d0d887f95cd4c0d,aecc8d0d887f95cd4c0d,球磨村,コミュニティセンターこうのせ,---,false,---,,球磨村大字神瀬甲1199番地2,検索,,,,,https://portal.bousai.pref.kumamoto.jp/sp.html?p=evacuation%2Fshelter&l=15-0&ll=32.63819999999999%2C130.77610000000004&z=9&municipalityCd=430005,f3e010c3581431aa7cf29ad433ded74c7702cabddeb1fd8d0ce81da13e2d8c32,"{""ルート検索"": ""検索"", ""住所"": ""球磨村大字神瀬甲1199番地2"", ""市町村"": ""球磨村"", ""混雑状況"": ""---"", ""避難所名"": ""コミュニティセンターこうのせ"", ""開設状況"": ""---""}",unmatched,no_candidate,,0,,,,,,,,,,,[],,[],[],reference/43000_1.csv,dd6686fa000c3e720180ba96d02aacff987aec1bba3c9bc69a5867fc0089d10d
2026-07-30,2026-07-30T00:13:27+09:00,26/07/30 00:13時点の避難所状況の一覧です。,2026-07-30T00:13+09:00,web:20ba4fe86aa0d71cd300,20ba4fe86aa0d71cd300,球磨村,コミュニティセンターたかさわ,---,false,---,,球磨村大字神瀬丁548-2,検索,,,,,https://portal.bousai.pref.kumamoto.jp/sp.html?p=evacuation%2Fshelter&l=15-0&ll=32.63819999999999%2C130.77610000000004&z=9&municipalityCd=430005,b43da32d4fe620ab3d762ae4c180ffabb70b86359fff969e4e41311511ef0d43,"{""ルート検索"": ""検索"", ""住所"": ""球磨村大字神瀬丁548-2"", ""市町村"": ""球磨村"", ""混雑状況"": ""---"", ""避難所名"": ""コミュニティセンターたかさわ"", ""開設状況"": ""---""}",unmatched,fuzzy_below_threshold,0.937,0,,,,,,,,,,,[],,[],"[{""NO"": ""306"", ""その他市町村長が必要と認める事項"": """", ""住所"": ""熊本県球磨村大字神瀬丁548-2"", ""備考"": """", ""共通ID"": ""E4351300017111"", ""受入対象者"": """", ""指定緊急避難場所との住所同一"": ""1"", ""施設・場所名"": ""コミニュティセンターたかさわ"", ""経度"": ""130.64217147848"", ""緯度"": ""32.2951714061669""}]",reference/43000_1.csv,dd6686fa000c3e720180ba96d02aacff987aec1bba3c9bc69a5867fc0089d10d
2026-07-30,2026-07-30T00:13:27+09:00,26/07/30 00:13時点の避難所状況の一覧です。,2026-07-30T00:13+09:00,web:4d0c857998dc841a26cd,4d0c857998dc841a26cd,球磨村,大無田林業総合センター,---,false,---,,球磨村大字三ケ浦乙1245,検索,,,,,https://portal.bousai.pref.kumamoto.jp/sp.html?p=evacuation%2Fshelter&l=15-0&ll=32.63819999999999%2C130.77610000000004&z=9&municipalityCd=430005,50247e93bfe8b9774fc76513801a805ac6a3a64ef431925098b8c9ccb28f619a,"{""ルート検索"": ""検索"", ""住所"": ""球磨村大字三ケ浦乙1245"", ""市町村"": ""球磨村"", ""混雑状況"": ""---"", ""避難所名"": ""大無田林業総合センター"", ""開設状況"": ""---""}",unmatched,fuzzy_below_threshold,0.925,0,,,,,,,,,,,[],,[],"[{""NO"": ""302"", ""その他市町村長が必要と認める事項"": """", ""住所"": ""熊本県球磨村大字三ケ浦乙1245"", ""備考"": """", ""共通ID"": ""E4351300011111"", ""受入対象者"": """", ""指定緊急避難場所との住所同一"": """", ""施設・場所名"": ""大無田地区林業総合センター"", ""経度"": ""130.682505626005"", ""緯度"": ""32.2248944497042""}]",reference/43000_1.csv,dd6686fa000c3e720180ba96d02aacff987aec1bba3c9bc69a5867fc0089d10d
2026-07-30,2026-07-30T00:13:27+09:00,26/07/30 00:13時点の避難所状況の一覧です。,2026-07-30T00:13+09:00,web:0d8b059e9983ae666845,0d8b059e9983ae666845,球磨村,田舎の体験交流館さんがうら,---,false,---,,球磨村大字三ケ浦乙245-5,検索,,,,,https://portal.bousai.pref.kumamoto.jp/sp.html?p=evacuation%2Fshelter&l=15-0&ll=32.63819999999999%2C130.77610000000004&z=9&municipalityCd=430005,e1a3e1aa6126679b3c7c38f08216f73279b5f6df2878d425e872607448d6d987,"{""ルート検索"": ""検索"", ""住所"": ""球磨村大字三ケ浦乙245-5"", ""市町村"": ""球磨村"", ""混雑状況"": ""---"", ""避難所名"": ""田舎の体験交流館さんがうら"", ""開設状況"": ""---""}",unmatched,fuzzy_below_threshold,0.941,0,,,,,,,,,,,[],,[],"[{""NO"": ""303"", ""その他市町村長が必要と認める事項"": """", ""住所"": ""熊本県球磨村大字三ケ浦乙245-5"", ""備考"": """", ""共通ID"": ""E4351300013111"", ""受入対象者"": """", ""指定緊急避難場所との住所同一"": """", ""施設・場所名"": ""田舎の体験交流館「さんがうら」"", ""経度"": ""130.66672"", ""緯度"": ""32.224339""}]",reference/43000_1.csv,dd6686fa000c3e720180ba96d02aacff987aec1bba3c9bc69a5867fc0089d10d
2026-07-30,2026-07-30T00:13:27+09:00,26/07/30 00:13時点の避難所状況の一覧です。,2026-07-30T00:13+09:00,web:9e957dbca3f891d32ff3,9e957dbca3f891d32ff3,甲佐町,上益城農業協同組合本所,---,false,---,,甲佐町白旗543-1,検索,,,,,https://portal.bousai.pref.kumamoto.jp/sp.html?p=evacuation%2Fshelter&l=15-0&ll=32.63819999999999%2C130.77610000000004&z=9&municipalityCd=430005,8336ace058059b91b51e97303c4cc637a6348c1b7a2e07b77cf3cd88f16ff606,"{""ルート検索"": ""検索"", ""住所"": ""甲佐町白旗543-1"", ""市町村"": ""甲佐町"", ""混雑状況"": ""---"", ""避難所名"": ""上益城農業協同組合本所"", ""開設状況"": ""---""}",unmatched,no_candidate,,0,,,,,,,,,,,[],,[],[],reference/43000_1.csv,dd6686fa000c3e720180ba96d02aacff987aec1bba3c9bc69a5867fc0089d10d
2026-07-30,2026-07-30T00:13:27+09:00,26/07/30 00:13時点の避難所状況の一覧です。,2026-07-30T00:13+09:00,web:a3f8183cd283bf65706e,a3f8183cd283bf65706e,甲佐町,乙女高齢者福祉センターまつやま,---,false,---,,甲佐町津志田3073,検索,,,,,https://portal.bousai.pref.kumamoto.jp/sp.html?p=evacuation%2Fshelter&l=15-0&ll=32.63819999999999%2C130.77610000000004&z=9&municipalityCd=430005,713c9c5e9481654c0818da16eb0c883fd960b8da1ec114ca4dec8be00c72f758,"{""ルート検索"": ""検索"", ""住所"": ""甲佐町津志田3073"", ""市町村"": ""甲佐町"", ""混雑状況"": ""---"", ""避難所名"": ""乙女高齢者福祉センターまつやま"", ""開設状況"": ""---""}",unmatched,fuzzy_below_threshold,0.863,0,,,,,,,,,,,[],,[],"[{""NO"": ""646"", ""その他市町村長が必要と認める事項"": """", ""住所"": ""熊本県甲佐町津志田3073"", ""備考"": """", ""共通ID"": ""E4344400013111"", ""受入対象者"": """", ""指定緊急避難場所との住所同一"": ""1"", ""施設・場所名"": ""乙女高齢者福祉センター"", ""経度"": ""130.781722"", ""緯度"": ""32.684732""}]",reference/43000_1.csv,dd6686fa000c3e720180ba96d02aacff987aec1bba3c9bc69a5867fc0089d10d
2026-07-30,2026-07-30T00:13:27+09:00,26/07/30 00:13時点の避難所状況の一覧です。,2026-07-30T00:13+09:00,web:1521ae5931bd8b827e2a,1521ae5931bd8b827e2a,甲佐町,宮内地区防災センター,---,false,---,,熊本県甲佐町大字上揚996-3,検索,,,,,https://portal.bousai.pref.kumamoto.jp/sp.html?p=evacuation%2Fshelter&l=15-0&ll=32.63819999999999%2C130.77610000000004&z=9&municipalityCd=430005,f2c0ba57b673fac1f56c6618c2d497042eff96c6a781782262ed0d84fe162a14,"{""ルート検索"": ""検索"", ""住所"": ""熊本県甲佐町大字上揚996-3"", ""市町村"": ""甲佐町"", ""混雑状況"": ""---"", ""避難所名"": ""宮内地区防災センター"", ""開設状況"": ""---""}",unmatched,no_candidate,,0,,,,,,,,,,,[],,[],[],reference/43000_1.csv,dd6686fa000c3e720180ba96d02aacff987aec1bba3c9bc69a5867fc0089d10d
2026-07-30,2026-07-30T00:13:27+09:00,26/07/30 00:13時点の避難所状況の一覧です。,2026-07-30T00:13+09:00,web:3f24617213a3b4251a29,3f24617213a3b4251a29,甲佐町,甲佐地区防災公園,---,false,---,,甲佐町豊内785番地,検索,,,,,https://portal.bousai.pref.kumamoto.jp/sp.html?p=evacuation%2Fshelter&l=15-0&ll=32.63819999999999%2C130.77610000000004&z=9&municipalityCd=430005,377129fbcb27042779cb5db178c8b4c13ffe1a59bbeb733aafe3e5a4163da5eb,"{""ルート検索"": ""検索"", ""住所"": ""甲佐町豊内785番地"", ""市町村"": ""甲佐町"", ""混雑状況"": ""---"", ""避難所名"": ""甲佐地区防災公園"", ""開設状況"": ""---""}",unmatched,no_candidate,,0,,,,,,,,,,,[],,[],[],reference/43000_1.csv,dd6686fa000c3e720180ba96d02aacff987aec1bba3c9bc69a5867fc0089d10d
2026-07-30,2026-07-30T00:13:27+09:00,26/07/30 00:13時点の避難所状況の一覧です。,2026-07-30T00:13+09:00,web:bc85226a1b5344a50c63,bc85226a1b5344a50c63,甲佐町,甲佐町町民センター,---,false,---,,甲佐町糸田9-1,検索,,,,,https://portal.bousai.pref.kumamoto.jp/sp.html?p=evacuation%2Fshelter&l=15-0&ll=32.63819999999999%2C130.77610000000004&z=9&municipalityCd=430005,e7c28fa4e00a07a05573595b1a68b4cc70336b0914376a84b92327337170ad20,"{""ルート検索"": ""検索"", ""住所"": ""甲佐町糸田9-1"", ""市町村"": ""甲佐町"", ""混雑状況"": ""---"", ""避難所名"": ""甲佐町町民センター"", ""開設状況"": ""---""}",unmatched,no_candidate,,0,,,,,,,,,,,[],,[],[],reference/43000_1.csv,dd6686fa000c3e720180ba96d02aacff987aec1bba3c9bc69a5867fc0089d10d
2026-07-30,2026-07-30T00:13:27+09:00,26/07/30 00:13時点の避難所状況の一覧です。,2026-07-30T00:13+09:00,web:05f304ae849ce5e5df0e,05f304ae849ce5e5df0e,甲佐町,甲佐町総合保健福祉センター(鮎緑),開設,true,平常,,甲佐町豊内619,検索,,,,,https://portal.bousai.pref.kumamoto.jp/sp.html?p=evacuation%2Fshelter&l=15-0&ll=32.63819999999999%2C130.77610000000004&z=9&municipalityCd=430005,72990314b5c73a718e0b2263a3426d317078cfe7745ef70a90e6fc4c171a5fb5,"{""ルート検索"": ""検索"", ""住所"": ""甲佐町豊内619"", ""市町村"": ""甲佐町"", ""混雑状況"": ""平常"", ""避難所名"": ""甲佐町総合保健福祉センター(鮎緑)"", ""開設状況"": ""開設""}",unmatched,no_candidate,,0,,,,,,,,,,,[],,[],[],reference/43000_1.csv,dd6686fa000c3e720180ba96d02aacff987aec1bba3c9bc69a5867fc0089d10d
2026-07-30,2026-07-30T00:13:27+09:00,26/07/30 00:13時点の避難所状況の一覧です。,2026-07-30T00:13+09:00,web:fca9bef15fe293a50d8c,fca9bef15fe293a50d8c,甲佐町,甲佐町農業研修センター(ろくじ館),開設,true,平常,,熊本県上益城郡甲佐町豊内719-2,検索,,,,,https://portal.bousai.pref.kumamoto.jp/sp.html?p=evacuation%2Fshelter&l=15-0&ll=32.63819999999999%2C130.77610000000004&z=9&municipalityCd=430005,b906d7733c02fd9ff2aa277e49043436bb1e2d242aada1c1daf96551ff9530aa,"{""ルート検索"": ""検索"", ""住所"": ""熊本県上益城郡甲佐町豊内719-2"", ""市町村"": ""甲佐町"", ""混雑状況"": ""平常"", ""避難所名"": ""甲佐町農業研修センター(ろくじ館)"", ""開設状況"": ""開設""}",unmatched,no_candidate,,0,,,,,,,,,,,[],,[],[],reference/43000_1.csv,dd6686fa000c3e720180ba96d02aacff987aec1bba3c9bc69a5867fc0089d10d
2026-07-30,2026-07-30T00:13:27+09:00,26/07/30 00:13時点の避難所状況の一覧です。,2026-07-30T00:13+09:00,web:042a467f50143210e248,042a467f50143210e248,甲佐町,県立甲佐高等高校校舎(一部),---,false,---,,熊本県甲佐町横田327,検索,,,,,https://portal.bousai.pref.kumamoto.jp/sp.html?p=evacuation%2Fshelter&l=15-0&ll=32.63819999999999%2C130.77610000000004&z=9&municipalityCd=430005,d9606ac872d406ef7c80f5a5a24c5acead5154be9d61dfe342226e071e1fd0d8,"{""ルート検索"": ""検索"", ""住所"": ""熊本県甲佐町横田327"", ""市町村"": ""甲佐町"", ""混雑状況"": ""---"", ""避難所名"": ""県立甲佐高等高校校舎(一部)"", ""開設状況"": ""---""}",unmatched,no_candidate,,0,,,,,,,,,,,[],,[],[],reference/43000_1.csv,dd6686fa000c3e720180ba96d02aacff987aec1bba3c9bc69a5867fc0089d10d
2026-07-30,2026-07-30T00:13:27+09:00,26/07/30 00:13時点の避難所状況の一覧です。,2026-07-30T00:13+09:00,web:52e4686a04cf11da6a5d,52e4686a04cf11da6a5d,甲佐町,美里町立中央小学校,---,false,---,,美里町萱野810,検索,,,,,https://portal.bousai.pref.kumamoto.jp/sp.html?p=evacuation%2Fshelter&l=15-0&ll=32.63819999999999%2C130.77610000000004&z=9&municipalityCd=430005,da1c307a493535ad0cdb28075154bb54d5fdcd2a69a1c3f0f4461d0efdb0da8e,"{""ルート検索"": ""検索"", ""住所"": ""美里町萱野810"", ""市町村"": ""甲佐町"", ""混雑状況"": ""---"", ""避難所名"": ""美里町立中央小学校"", ""開設状況"": ""---""}",unmatched,no_candidate,,0,,,,,,,,,,,[],,[],[],reference/43000_1.csv,dd6686fa000c3e720180ba96d02aacff987aec1bba3c9bc69a5867fc0089d10d
2026-07-30,2026-07-30T00:13:27+09:00,26/07/30 00:13時点の避難所状況の一覧です。,2026-07-30T00:13+09:00,web:064fdd1deeb7e38c7d57,064fdd1deeb7e38c7d57,甲佐町,船津地区河川防災ステーション,開設,true,不明,,熊本県上益城郡甲佐町有安771-62,検索,,,,,https://portal.bousai.pref.kumamoto.jp/sp.html?p=evacuation%2Fshelter&l=15-0&ll=32.63819999999999%2C130.77610000000004&z=9&municipalityCd=430005,5148f65e8aa0a2a6d04043faddd420560c7973a9f72f9358e6204baae06edc09,"{""ルート検索"": ""検索"", ""住所"": ""熊本県上益城郡甲佐町有安771-62"", ""市町村"": ""甲佐町"", ""混雑状況"": ""不明"", ""避難所名"": ""船津地区河川防災ステーション"", ""開設状況"": ""開設""}",unmatched,no_candidate,,0,,,,,,,,,,,[],,[],[],reference/43000_1.csv,dd6686fa000c3e720180ba96d02aacff987aec1bba3c9bc69a5867fc0089d10d
2026-07-30,2026-07-30T00:13:27+09:00,26/07/30 00:13時点の避難所状況の一覧です。,2026-07-30T00:13+09:00,web:0a5c52608cfb67e861d7,0a5c52608cfb67e861d7,益城町,益城町交流情報センターミナテラス,---,false,---,,益城町木山236,検索,,,,,https://portal.bousai.pref.kumamoto.jp/sp.html?p=evacuation%2Fshelter&l=15-0&ll=32.63819999999999%2C130.77610000000004&z=9&municipalityCd=430005,e98256c12d0ac4d906604fe729a4c883800e82f1e04ab0cd256d2faccb380e6c,"{""ルート検索"": ""検索"", ""住所"": ""益城町木山236"", ""市町村"": ""益城町"", ""混雑状況"": ""---"", ""避難所名"": ""益城町交流情報センターミナテラス"", ""開設状況"": ""---""}",unmatched,fuzzy_below_threshold,0.836,0,,,,,,,,,,,[],,[],"[{""NO"": ""202"", ""その他市町村長が必要と認める事項"": """", ""住所"": ""熊本県益城町木山236"", ""備考"": """", ""共通ID"": ""E4344300067111"", ""受入対象者"": """", ""指定緊急避難場所との住所同一"": ""1"", ""施設・場所名"": ""益城町交流情報センター"", ""経度"": ""130.82300347387"", ""緯度"": ""32.786338876826""}]",reference/43000_1.csv,dd6686fa000c3e720180ba96d02aacff987aec1bba3c9bc69a5867fc0089d10d
2026-07-30,2026-07-30T00:13:27+09:00,26/07/30 00:13時点の避難所状況の一覧です。,2026-07-30T00:13+09:00,web:155976692f6f00a9bcf9,155976692f6f00a9bcf9,益城町,益城町保健福祉センターはぴねす,---,false,---,,益城町惣領1470,検索,,,,,https://portal.bousai.pref.kumamoto.jp/sp.html?p=evacuation%2Fshelter&l=15-0&ll=32.63819999999999%2C130.77610000000004&z=9&municipalityCd=430005,e6a0568f98d02e955ea5123ff5936a0c0043563f22f5a6f786195ea93bdf901e,"{""ルート検索"": ""検索"", ""住所"": ""益城町惣領1470"", ""市町村"": ""益城町"", ""混雑状況"": ""---"", ""避難所名"": ""益城町保健福祉センターはぴねす"", ""開設状況"": ""---""}",unmatched,no_candidate,,0,,,,,,,,,,,[],,[],[],reference/43000_1.csv,dd6686fa000c3e720180ba96d02aacff987aec1bba3c9bc69a5867fc0089d10d
2026-07-30,2026-07-30T00:13:27+09:00,26/07/30 00:13時点の避難所状況の一覧です。,2026-07-30T00:13+09:00,web:67470bf53cd86bb5ad79,67470bf53cd86bb5ad79,益城町,益城町地域共生センターカタル,---,false,---,,益城町木山592,検索,,,,,https://portal.bousai.pref.kumamoto.jp/sp.html?p=evacuation%2Fshelter&l=15-0&ll=32.63819999999999%2C130.77610000000004&z=9&municipalityCd=430005,f48f2e13af17b40e5d7d97e482c42fb4909cc8e9cccf6edd5066fc5144709c83,"{""ルート検索"": ""検索"", ""住所"": ""益城町木山592"", ""市町村"": ""益城町"", ""混雑状況"": ""---"", ""避難所名"": ""益城町地域共生センターカタル"", ""開設状況"": ""---""}",unmatched,fuzzy_below_threshold,0.893,0,,,,,,,,,,,[],,[],"[{""NO"": ""206"", ""その他市町村長が必要と認める事項"": """", ""住所"": ""熊本県益城町木山592"", ""備考"": """", ""共通ID"": ""E4344300077111"", ""受入対象者"": """", ""指定緊急避難場所との住所同一"": ""1"", ""施設・場所名"": ""益城町地域共生センター"", ""経度"": ""130.817733"", ""緯度"": ""32.799507""}]",reference/43000_1.csv,dd6686fa000c3e720180ba96d02aacff987aec1bba3c9bc69a5867fc0089d10d
2026-07-30,2026-07-30T00:13:27+09:00,26/07/30 00:13時点の避難所状況の一覧です。,2026-07-30T00:13+09:00,web:d2d0c8631292b7586b76,d2d0c8631292b7586b76,美里町,B&G海洋センターグラウンド,---,false,---,,熊本県美里町畝野,検索,,,,,https://portal.bousai.pref.kumamoto.jp/sp.html?p=evacuation%2Fshelter&l=15-0&ll=32.63819999999999%2C130.77610000000004&z=9&municipalityCd=430005,751cb3143ac57b36a9dddef92f2d26d35d2577820e47481c65854852a5e9bf45,"{""ルート検索"": ""検索"", ""住所"": ""熊本県美里町畝野"", ""市町村"": ""美里町"", ""混雑状況"": ""---"", ""避難所名"": ""B&G海洋センターグラウンド"", ""開設状況"": ""---""}",unmatched,no_candidate,,0,,,,,,,,,,,[],,[],[],reference/43000_1.csv,dd6686fa000c3e720180ba96d02aacff987aec1bba3c9bc69a5867fc0089d10d
2026-07-30,2026-07-30T00:13:27+09:00,26/07/30 00:13時点の避難所状況の一覧です。,2026-07-30T00:13+09:00,web:ec2d8c2a7488b7a61bc3,ec2d8c2a7488b7a61bc3,美里町,中央中学校グラウンド,---,false,---,,熊本県美里町萱野,検索,,,,,https://portal.bousai.pref.kumamoto.jp/sp.html?p=evacuation%2Fshelter&l=15-0&ll=32.63819999999999%2C130.77610000000004&z=9&municipalityCd=430005,4fce311e606053a4adc4aeb5730bf60631f86d689ba99db3ac2c0f79ab7c3720,"{""ルート検索"": ""検索"", ""住所"": ""熊本県美里町萱野"", ""市町村"": ""美里町"", ""混雑状況"": ""---"", ""避難所名"": ""中央中学校グラウンド"", ""開設状況"": ""---""}",unmatched,no_candidate,,0,,,,,,,,,,,[],,[],[],reference/43000_1.csv,dd6686fa000c3e720180ba96d02aacff987aec1bba3c9bc69a5867fc0089d10d
2026-07-30,2026-07-30T00:13:27+09:00,26/07/30 00:13時点の避難所状況の一覧です。,2026-07-30T00:13+09:00,web:6e671277b758cdbaa8bb,6e671277b758cdbaa8bb,美里町,中央小学校,---,false,---,,美里町馬場537-1,検索,,,,,https://portal.bousai.pref.kumamoto.jp/sp.html?p=evacuation%2Fshelter&l=15-0&ll=32.63819999999999%2C130.77610000000004&z=9&municipalityCd=430005,50c3b41f19b514168c655ea3872673db41d429c8ea3658415ed4f0105756dfa8,"{""ルート検索"": ""検索"", ""住所"": ""美里町馬場537-1"", ""市町村"": ""美里町"", ""混雑状況"": ""---"", ""避難所名"": ""中央小学校"", ""開設状況"": ""---""}",unmatched,exact_name_municipality_conflict,,0,,,,,,,,,,,[],,[],"[{""NO"": ""659"", ""その他市町村長が必要と認める事項"": """", ""住所"": ""熊本県荒尾4043"", ""備考"": """", ""共通ID"": ""E4320400025111"", ""受入対象者"": """", ""指定緊急避難場所との住所同一"": """", ""施設・場所名"": ""中央小学校"", ""経度"": ""130.4591432"", ""緯度"": ""32.9805055""}]",reference/43000_1.csv,dd6686fa000c3e720180ba96d02aacff987aec1bba3c9bc69a5867fc0089d10d
2026-07-30,2026-07-30T00:13:27+09:00,26/07/30 00:13時点の避難所状況の一覧です。,2026-07-30T00:13+09:00,web:2d2a31d93e91397441df,2d2a31d93e91397441df,美里町,中央小学校グラウンド,---,false,---,,熊本県美里町堅志田,検索,,,,,https://portal.bousai.pref.kumamoto.jp/sp.html?p=evacuation%2Fshelter&l=15-0&ll=32.63819999999999%2C130.77610000000004&z=9&municipalityCd=430005,3c0e1f8cccab32764c94e306784fac88438bd179d7f0aec0d21487027b30e5f0,"{""ルート検索"": ""検索"", ""住所"": ""熊本県美里町堅志田"", ""市町村"": ""美里町"", ""混雑状況"": ""---"", ""避難所名"": ""中央小学校グラウンド"", ""開設状況"": ""---""}",unmatched,no_candidate,,0,,,,,,,,,,,[],,[],[],reference/43000_1.csv,dd6686fa000c3e720180ba96d02aacff987aec1bba3c9bc69a5867fc0089d10d
2026-07-30,2026-07-30T00:13:27+09:00,26/07/30 00:13時点の避難所状況の一覧です。,2026-07-30T00:13+09:00,web:0a12bc78067c872d9da9,0a12bc78067c872d9da9,美里町,励徳小学校グラウンド,---,false,---,,熊本県美里町畝野,検索,,,,,https://portal.bousai.pref.kumamoto.jp/sp.html?p=evacuation%2Fshelter&l=15-0&ll=32.63819999999999%2C130.77610000000004&z=9&municipalityCd=430005,cbe7e7ca0a027f7fcb142711912ead18c7892a376522e1c41e0ebd6a764bd69f,"{""ルート検索"": ""検索"", ""住所"": ""熊本県美里町畝野"", ""市町村"": ""美里町"", ""混雑状況"": ""---"", ""避難所名"": ""励徳小学校グラウンド"", ""開設状況"": ""---""}",unmatched,no_candidate,,0,,,,,,,,,,,[],,[],[],reference/43000_1.csv,dd6686fa000c3e720180ba96d02aacff987aec1bba3c9bc69a5867fc0089d10d
2026-07-30,2026-07-30T00:13:27+09:00,26/07/30 00:13時点の避難所状況の一覧です。,2026-07-30T00:13+09:00,web:745eccd7bafe63776a88,745eccd7bafe63776a88,美里町,砥用中学校グラウンド,---,false,---,,熊本県美里町原町,検索,,,,,https://portal.bousai.pref.kumamoto.jp/sp.html?p=evacuation%2Fshelter&l=15-0&ll=32.63819999999999%2C130.77610000000004&z=9&municipalityCd=430005,55def8c19fb9319e71c361c7df1fa560a36f62e42490cad412e0f11087ba7c69,"{""ルート検索"": ""検索"", ""住所"": ""熊本県美里町原町"", ""市町村"": ""美里町"", ""混雑状況"": ""---"", ""避難所名"": ""砥用中学校グラウンド"", ""開設状況"": ""---""}",unmatched,no_candidate,,0,,,,,,,,,,,[],,[],[],reference/43000_1.csv,dd6686fa000c3e720180ba96d02aacff987aec1bba3c9bc69a5867fc0089d10d
2026-07-30,2026-07-30T00:13:27+09:00,26/07/30 00:13時点の避難所状況の一覧です。,2026-07-30T00:13+09:00,web:c20dce474cdfaf288f83,c20dce474cdfaf288f83,美里町,砥用小学校,---,false,---,,美里町土喰330,検索,,,,,https://portal.bousai.pref.kumamoto.jp/sp.html?p=evacuation%2Fshelter&l=15-0&ll=32.63819999999999%2C130.77610000000004&z=9&municipalityCd=430005,81628aaba15e0bcdb5f87d1046e13cb245b8b2e17499d92cbfdc160c032a2628,"{""ルート検索"": ""検索"", ""住所"": ""美里町土喰330"", ""市町村"": ""美里町"", ""混雑状況"": ""---"", ""避難所名"": ""砥用小学校"", ""開設状況"": ""---""}",unmatched,fuzzy_below_threshold,0.791,0,,,,,,,,,,,[],,[],"[{""NO"": ""1263"", ""その他市町村長が必要と認める事項"": """", ""住所"": ""熊本県美里町原町330"", ""備考"": """", ""共通ID"": ""E4334800003111"", ""受入対象者"": """", ""指定緊急避難場所との住所同一"": ""1"", ""施設・場所名"": ""砥用中学校"", ""経度"": ""130.867432975737"", ""緯度"": ""32.6201173812104""}]",reference/43000_1.csv,dd6686fa000c3e720180ba96d02aacff987aec1bba3c9bc69a5867fc0089d10d
2026-07-30,2026-07-30T00:13:27+09:00,26/07/30 00:13時点の避難所状況の一覧です。,2026-07-30T00:13+09:00,web:c20f8abd6769ce8d203a,c20f8abd6769ce8d203a,美里町,砥用小学校グラウンド,---,false,---,,熊本県美里町土喰,検索,,,,,https://portal.bousai.pref.kumamoto.jp/sp.html?p=evacuation%2Fshelter&l=15-0&ll=32.63819999999999%2C130.77610000000004&z=9&municipalityCd=430005,b1f0100e2946dbfe7552c55bc34c0cc1fb99cde1db851645f0df8bf00a8d07b0,"{""ルート検索"": ""検索"", ""住所"": ""熊本県美里町土喰"", ""市町村"": ""美里町"", ""混雑状況"": ""---"", ""避難所名"": ""砥用小学校グラウンド"", ""開設状況"": ""---""}",unmatched,no_candidate,,0,,,,,,,,,,,[],,[],[],reference/43000_1.csv,dd6686fa000c3e720180ba96d02aacff987aec1bba3c9bc69a5867fc0089d10d
2026-07-30,2026-07-30T00:13:27+09:00,26/07/30 00:13時点の避難所状況の一覧です。,2026-07-30T00:13+09:00,web:40e9fe2e7f25bd119f4d,40e9fe2e7f25bd119f4d,美里町,美里町カントリーパーク,---,false,---,,熊本県美里町中郡,検索,,,,,https://portal.bousai.pref.kumamoto.jp/sp.html?p=evacuation%2Fshelter&l=15-0&ll=32.63819999999999%2C130.77610000000004&z=9&municipalityCd=430005,820eeb71797c5d595d810099350faf5b735d1f53bc97c5b850b6b30c86f37d69,"{""ルート検索"": ""検索"", ""住所"": ""熊本県美里町中郡"", ""市町村"": ""美里町"", ""混雑状況"": ""---"", ""避難所名"": ""美里町カントリーパーク"", ""開設状況"": ""---""}",unmatched,no_candidate,,0,,,,,,,,,,,[],,[],[],reference/43000_1.csv,dd6686fa000c3e720180ba96d02aacff987aec1bba3c9bc69a5867fc0089d10d
2026-07-30,2026-07-30T00:13:27+09:00,26/07/30 00:13時点の避難所状況の一覧です。,2026-07-30T00:13+09:00,web:9ac46bf69eb6b42bfc17,9ac46bf69eb6b42bfc17,美里町,美里町中央公民館,---,false,---,,美里町馬場6,検索,,,,,https://portal.bousai.pref.kumamoto.jp/sp.html?p=evacuation%2Fshelter&l=15-0&ll=32.63819999999999%2C130.77610000000004&z=9&municipalityCd=430005,8c4e03608a01224266b9a72db48ed6d99fd7bd41cae59fa7ba631c1c05a8a5c5,"{""ルート検索"": ""検索"", ""住所"": ""美里町馬場6"", ""市町村"": ""美里町"", ""混雑状況"": ""---"", ""避難所名"": ""美里町中央公民館"", ""開設状況"": ""---""}",unmatched,no_candidate,,0,,,,,,,,,,,[],,[],[],reference/43000_1.csv,dd6686fa000c3e720180ba96d02aacff987aec1bba3c9bc69a5867fc0089d10d
2026-07-30,2026-07-30T00:13:27+09:00,26/07/30 00:13時点の避難所状況の一覧です。,2026-07-30T00:13+09:00,web:25eabf7eb72fbc4e16a1,25eabf7eb72fbc4e16a1,美里町,美里町役場中央庁舎駐車場,---,false,---,,熊本県美里町馬場,検索,,,,,https://portal.bousai.pref.kumamoto.jp/sp.html?p=evacuation%2Fshelter&l=15-0&ll=32.63819999999999%2C130.77610000000004&z=9&municipalityCd=430005,a8a169cc03bd291f28f5ee8ee8a3f2ba24325cee400b288bb98071c4732b7906,"{""ルート検索"": ""検索"", ""住所"": ""熊本県美里町馬場"", ""市町村"": ""美里町"", ""混雑状況"": ""---"", ""避難所名"": ""美里町役場中央庁舎駐車場"", ""開設状況"": ""---""}",unmatched,no_candidate,,0,,,,,,,,,,,[],,[],[],reference/43000_1.csv,dd6686fa000c3e720180ba96d02aacff987aec1bba3c9bc69a5867fc0089d10d
2026-07-30,2026-07-30T00:13:27+09:00,26/07/30 00:13時点の避難所状況の一覧です。,2026-07-30T00:13+09:00,web:d0bbcb8d0744c602660f,d0bbcb8d0744c602660f,美里町,美里町役場砥用庁舎車中避難所,---,false,---,,熊本県美里町三和,検索,,,,,https://portal.bousai.pref.kumamoto.jp/sp.html?p=evacuation%2Fshelter&l=15-0&ll=32.63819999999999%2C130.77610000000004&z=9&municipalityCd=430005,9f8b0eb60b515399738d8fb9fdb75f25a49dec8221cc3fc197df79a688b4a53c,"{""ルート検索"": ""検索"", ""住所"": ""熊本県美里町三和"", ""市町村"": ""美里町"", ""混雑状況"": ""---"", ""避難所名"": ""美里町役場砥用庁舎車中避難所"", ""開設状況"": ""---""}",unmatched,no_candidate,,0,,,,,,,,,,,[],,[],[],reference/43000_1.csv,dd6686fa000c3e720180ba96d02aacff987aec1bba3c9bc69a5867fc0089d10d
2026-07-30,2026-07-30T00:13:27+09:00,26/07/30 00:13時点の避難所状況の一覧です。,2026-07-30T00:13+09:00,web:c33ed9e6f722c33ee91f,c33ed9e6f722c33ee91f,美里町,美里町町営球技場,---,false,---,,熊本県美里町堅志田,検索,,,,,https://portal.bousai.pref.kumamoto.jp/sp.html?p=evacuation%2Fshelter&l=15-0&ll=32.63819999999999%2C130.77610000000004&z=9&municipalityCd=430005,4b7f4617eeccf6a85af734d2776ed9ce5c2211ec52298bf4f2e546a44bd06371,"{""ルート検索"": ""検索"", ""住所"": ""熊本県美里町堅志田"", ""市町村"": ""美里町"", ""混雑状況"": ""---"", ""避難所名"": ""美里町町営球技場"", ""開設状況"": ""---""}",unmatched,no_candidate,,0,,,,,,,,,,,[],,[],[],reference/43000_1.csv,dd6686fa000c3e720180ba96d02aacff987aec1bba3c9bc69a5867fc0089d10d
2026-07-30,2026-07-30T00:13:27+09:00,26/07/30 00:13時点の避難所状況の一覧です。,2026-07-30T00:13+09:00,web:e093ed3055549f9dabdc,e093ed3055549f9dabdc,美里町,美里町総合体育館車中避難避難所,---,false,---,,熊本県美里町萱野,検索,,,,,https://portal.bousai.pref.kumamoto.jp/sp.html?p=evacuation%2Fshelter&l=15-0&ll=32.63819999999999%2C130.77610000000004&z=9&municipalityCd=430005,b3e038ae69178cc80b241ee878efd0488e781dacf572d564bfcfb29bb2cb4a5c,"{""ルート検索"": ""検索"", ""住所"": ""熊本県美里町萱野"", ""市町村"": ""美里町"", ""混雑状況"": ""---"", ""避難所名"": ""美里町総合体育館車中避難避難所"", ""開設状況"": ""---""}",unmatched,no_candidate,,0,,,,,,,,,,,[],,[],[],reference/43000_1.csv,dd6686fa000c3e720180ba96d02aacff987aec1bba3c9bc69a5867fc0089d10d
2026-07-30,2026-07-30T00:13:27+09:00,26/07/30 00:13時点の避難所状況の一覧です。,2026-07-30T00:13+09:00,web:ec4cd069d49aa6ec129d,ec4cd069d49aa6ec129d,芦北町,佐敷城跡,---,false,---,,芦北町大字佐敷49-2,検索,,,,,https://portal.bousai.pref.kumamoto.jp/sp.html?p=evacuation%2Fshelter&l=15-0&ll=32.63819999999999%2C130.77610000000004&z=9&municipalityCd=430005,edb65724339a9558e07b54f7d04a649b45d91b0d7ea9660ad62ef56a5b705317,"{""ルート検索"": ""検索"", ""住所"": ""芦北町大字佐敷49-2"", ""市町村"": ""芦北町"", ""混雑状況"": ""---"", ""避難所名"": ""佐敷城跡"", ""開設状況"": ""---""}",unmatched,no_candidate,,0,,,,,,,,,,,[],,[],[],reference/43000_1.csv,dd6686fa000c3e720180ba96d02aacff987aec1bba3c9bc69a5867fc0089d10d
2026-07-30,2026-07-30T00:13:27+09:00,26/07/30 00:13時点の避難所状況の一覧です。,2026-07-30T00:13+09:00,web:8170238283f2fb0bf4b9,8170238283f2fb0bf4b9,芦北町,吉尾小学校(体育館),---,false,---,,芦北町大字吉尾51,検索,,,,,https://portal.bousai.pref.kumamoto.jp/sp.html?p=evacuation%2Fshelter&l=15-0&ll=32.63819999999999%2C130.77610000000004&z=9&municipalityCd=430005,1cddc459a2d7f4b9af2f2e5373564e690a27b27041436df6bc81f2c07d0ce8d6,"{""ルート検索"": ""検索"", ""住所"": ""芦北町大字吉尾51"", ""市町村"": ""芦北町"", ""混雑状況"": ""---"", ""避難所名"": ""吉尾小学校(体育館)"", ""開設状況"": ""---""}",unmatched,no_candidate,,0,,,,,,,,,,,[],,[],[],reference/43000_1.csv,dd6686fa000c3e720180ba96d02aacff987aec1bba3c9bc69a5867fc0089d10d
2026-07-30,2026-07-30T00:13:27+09:00,26/07/30 00:13時点の避難所状況の一覧です。,2026-07-30T00:13+09:00,web:5a84b95206c66df1a3a5,5a84b95206c66df1a3a5,芦北町,大瀧神社,---,false,---,,芦北町大字白岩,検索,,,,,https://portal.bousai.pref.kumamoto.jp/sp.html?p=evacuation%2Fshelter&l=15-0&ll=32.63819999999999%2C130.77610000000004&z=9&municipalityCd=430005,6f8b7508f2231f7374691606eee4b74bc75cb1ce78ccd9bd5e900c94cca1bf91,"{""ルート検索"": ""検索"", ""住所"": ""芦北町大字白岩"", ""市町村"": ""芦北町"", ""混雑状況"": ""---"", ""避難所名"": ""大瀧神社"", ""開設状況"": ""---""}",unmatched,no_candidate,,0,,,,,,,,,,,[],,[],[],reference/43000_1.csv,dd6686fa000c3e720180ba96d02aacff987aec1bba3c9bc69a5867fc0089d10d
2026-07-30,2026-07-30T00:13:27+09:00,26/07/30 00:13時点の避難所状況の一覧です。,2026-07-30T00:13+09:00,web:a237afde4def10e946c5,a237afde4def10e946c5,芦北町,御立岬管理棟(駐車場),---,false,---,,芦北町田浦町135-1,検索,,,,,https://portal.bousai.pref.kumamoto.jp/sp.html?p=evacuation%2Fshelter&l=15-0&ll=32.63819999999999%2C130.77610000000004&z=9&municipalityCd=430005,b0b701de63302bdb36ed9d720852351ed15ab2a4984cd961007af1e81787633c,"{""ルート検索"": ""検索"", ""住所"": ""芦北町田浦町135-1"", ""市町村"": ""芦北町"", ""混雑状況"": ""---"", ""避難所名"": ""御立岬管理棟(駐車場)"", ""開設状況"": ""---""}",unmatched,no_candidate,,0,,,,,,,,,,,[],,[],[],reference/43000_1.csv,dd6686fa000c3e720180ba96d02aacff987aec1bba3c9bc69a5867fc0089d10d
2026-07-30,2026-07-30T00:13:27+09:00,26/07/30 00:13時点の避難所状況の一覧です。,2026-07-30T00:13+09:00,web:0c6868ca8a7a0b013381,0c6868ca8a7a0b013381,芦北町,旧計石小学校(校舎),---,false,---,,芦北町大字計石2963,検索,,,,,https://portal.bousai.pref.kumamoto.jp/sp.html?p=evacuation%2Fshelter&l=15-0&ll=32.63819999999999%2C130.77610000000004&z=9&municipalityCd=430005,3fc561f905fc7bd304fca437807fa1c6535feda76773e8327888cab807aa795b,"{""ルート検索"": ""検索"", ""住所"": ""芦北町大字計石2963"", ""市町村"": ""芦北町"", ""混雑状況"": ""---"", ""避難所名"": ""旧計石小学校(校舎)"", ""開設状況"": ""---""}",unmatched,fuzzy_below_threshold,0.863,0,,,,,,,,,,,[],,[],"[{""NO"": ""67"", ""その他市町村長が必要と認める事項"": """", ""住所"": ""熊本県芦北町大字計石2963"", ""備考"": """", ""共通ID"": ""E4348200017111"", ""受入対象者"": """", ""指定緊急避難場所との住所同一"": ""1"", ""施設・場所名"": ""旧計石小学校(校舎、体育館)"", ""経度"": ""130.478385"", ""緯度"": ""32.301672""}]",reference/43000_1.csv,dd6686fa000c3e720180ba96d02aacff987aec1bba3c9bc69a5867fc0089d10d
2026-07-30,2026-07-30T00:13:27+09:00,26/07/30 00:13時点の避難所状況の一覧です。,2026-07-30T00:13+09:00,web:d116695e53345f656322,d116695e53345f656322,芦北町,沖農村公園,---,false,---,,芦北町大字女島3413,検索,,,,,https://portal.bousai.pref.kumamoto.jp/sp.html?p=evacuation%2Fshelter&l=15-0&ll=32.63819999999999%2C130.77610000000004&z=9&municipalityCd=430005,3d83f21e85fb28a056d90579fc2fdc74e587ffd3723ab49256fa612f227b3dc5,"{""ルート検索"": ""検索"", ""住所"": ""芦北町大字女島3413"", ""市町村"": ""芦北町"", ""混雑状況"": ""---"", ""避難所名"": ""沖農村公園"", ""開設状況"": ""---""}",unmatched,no_candidate,,0,,,,,,,,,,,[],,[],[],reference/43000_1.csv,dd6686fa000c3e720180ba96d02aacff987aec1bba3c9bc69a5867fc0089d10d
2026-07-30,2026-07-30T00:13:27+09:00,26/07/30 00:13時点の避難所状況の一覧です。,2026-07-30T00:13+09:00,web:80423e44f051563462bf,80423e44f051563462bf,芦北町,田浦支所(2階),---,false,---,,芦北町大字田浦町653,検索,,,,,https://portal.bousai.pref.kumamoto.jp/sp.html?p=evacuation%2Fshelter&l=15-0&ll=32.63819999999999%2C130.77610000000004&z=9&municipalityCd=430005,a88db8b685f444aea84145d392b21811b288058ad73261b98b73cf84b38ef972,"{""ルート検索"": ""検索"", ""住所"": ""芦北町大字田浦町653"", ""市町村"": ""芦北町"", ""混雑状況"": ""---"", ""避難所名"": ""田浦支所(2階)"", ""開設状況"": ""---""}",unmatched,no_candidate,,0,,,,,,,,,,,[],,[],[],reference/43000_1.csv,dd6686fa000c3e720180ba96d02aacff987aec1bba3c9bc69a5867fc0089d10d
2026-07-30,2026-07-30T00:13:27+09:00,26/07/30 00:13時点の避難所状況の一覧です。,2026-07-30T00:13+09:00,web:8afe4d5863cee4d81563,8afe4d5863cee4d81563,芦北町,芦北幼稚園(校舎、体育館),---,false,---,,芦北町海浦1315,検索,,,,,https://portal.bousai.pref.kumamoto.jp/sp.html?p=evacuation%2Fshelter&l=15-0&ll=32.63819999999999%2C130.77610000000004&z=9&municipalityCd=430005,7de8a4686c0d089deef43036605e88c4be56a416c7662a319fe2ba7a22fbfd21,"{""ルート検索"": ""検索"", ""住所"": ""芦北町海浦1315"", ""市町村"": ""芦北町"", ""混雑状況"": ""---"", ""避難所名"": ""芦北幼稚園(校舎、体育館)"", ""開設状況"": ""---""}",unmatched,no_candidate,,0,,,,,,,,,,,[],,[],[],reference/43000_1.csv,dd6686fa000c3e720180ba96d02aacff987aec1bba3c9bc69a5867fc0089d10d
2026-07-30,2026-07-30T00:13:27+09:00,26/07/30 00:13時点の避難所状況の一覧です。,2026-07-30T00:13+09:00,web:c708e060c5e680a03f03,c708e060c5e680a03f03,芦北町,芦北海浜総合公園,---,false,---,,芦北町大字鶴木山1400,検索,,,,,https://portal.bousai.pref.kumamoto.jp/sp.html?p=evacuation%2Fshelter&l=15-0&ll=32.63819999999999%2C130.77610000000004&z=9&municipalityCd=430005,776f2d0ee007bf8704abf3356b887363a46b60430db22d0f4ae8fb70e1c33c6a,"{""ルート検索"": ""検索"", ""住所"": ""芦北町大字鶴木山1400"", ""市町村"": ""芦北町"", ""混雑状況"": ""---"", ""避難所名"": ""芦北海浜総合公園"", ""開設状況"": ""---""}",unmatched,no_candidate,,0,,,,,,,,,,,[],,[],[],reference/43000_1.csv,dd6686fa000c3e720180ba96d02aacff987aec1bba3c9bc69a5867fc0089d10d
2026-07-30,2026-07-30T00:13:27+09:00,26/07/30 00:13時点の避難所状況の一覧です。,2026-07-30T00:13+09:00,web:14f19603f94e40861c47,14f19603f94e40861c47,芦北町,芦北町役場,---,false,---,,芦北町大字芦北2015-1,検索,,,,,https://portal.bousai.pref.kumamoto.jp/sp.html?p=evacuation%2Fshelter&l=15-0&ll=32.63819999999999%2C130.77610000000004&z=9&municipalityCd=430005,e46d90e4b116c40e736377ab7ed0cee26d9db912fa3590d3d76ce9975cffd3c4,"{""ルート検索"": ""検索"", ""住所"": ""芦北町大字芦北2015-1"", ""市町村"": ""芦北町"", ""混雑状況"": ""---"", ""避難所名"": ""芦北町役場"", ""開設状況"": ""---""}",unmatched,no_candidate,,0,,,,,,,,,,,[],,[],[],reference/43000_1.csv,dd6686fa000c3e720180ba96d02aacff987aec1bba3c9bc69a5867fc0089d10d
2026-07-30,2026-07-30T00:13:27+09:00,26/07/30 00:13時点の避難所状況の一覧です。,2026-07-30T00:13+09:00,web:85e953b59c94d991ef43,85e953b59c94d991ef43,芦北町,黒崎霊園,---,false,---,,芦北町大字田浦町428-2,検索,,,,,https://portal.bousai.pref.kumamoto.jp/sp.html?p=evacuation%2Fshelter&l=15-0&ll=32.63819999999999%2C130.77610000000004&z=9&municipalityCd=430005,9fb9ebd0f74e38b187d4fad01a698f413a157e2a73d9754ef5fe7d63729b0f63,"{""ルート検索"": ""検索"", ""住所"": ""芦北町大字田浦町428-2"", ""市町村"": ""芦北町"", ""混雑状況"": ""---"", ""避難所名"": ""黒崎霊園"", ""開設状況"": ""---""}",unmatched,no_candidate,,0,,,,,,,,,,,[],,[],[],reference/43000_1.csv,dd6686fa000c3e720180ba96d02aacff987aec1bba3c9bc69a5867fc0089d10d
2026-07-30,2026-07-30T00:13:27+09:00,26/07/30 00:13時点の避難所状況の一覧です。,2026-07-30T00:13+09:00,web:732977c0765197f4af75,732977c0765197f4af75,苓北町,上津深江広域避難地,---,false,---,,苓北町上津深江101-1他,検索,,,,,https://portal.bousai.pref.kumamoto.jp/sp.html?p=evacuation%2Fshelter&l=15-0&ll=32.63819999999999%2C130.77610000000004&z=9&municipalityCd=430005,ec45e62ea82c3eb2bd30f8812db8c4f8579763e50963a374ee9774a75a4ef328,"{""ルート検索"": ""検索"", ""住所"": ""苓北町上津深江101-1他"", ""市町村"": ""苓北町"", ""混雑状況"": ""---"", ""避難所名"": ""上津深江広域避難地"", ""開設状況"": ""---""}",unmatched,no_candidate,,0,,,,,,,,,,,[],,[],[],reference/43000_1.csv,dd6686fa000c3e720180ba96d02aacff987aec1bba3c9bc69a5867fc0089d10d
2026-07-30,2026-07-30T00:13:27+09:00,26/07/30 00:13時点の避難所状況の一覧です。,2026-07-30T00:13+09:00,web:1fde14095743936ed1d1,1fde14095743936ed1d1,苓北町,円通寺,---,false,---,,苓北町白木尾6-1,検索,,,,,https://portal.bousai.pref.kumamoto.jp/sp.html?p=evacuation%2Fshelter&l=15-0&ll=32.63819999999999%2C130.77610000000004&z=9&municipalityCd=430005,184c79775f0f9d49907c602d740a8549d49ef12a3198daf4409792833bf7c944,"{""ルート検索"": ""検索"", ""住所"": ""苓北町白木尾6-1"", ""市町村"": ""苓北町"", ""混雑状況"": ""---"", ""避難所名"": ""円通寺"", ""開設状況"": ""---""}",unmatched,no_candidate,,0,,,,,,,,,,,[],,[],[],reference/43000_1.csv,dd6686fa000c3e720180ba96d02aacff987aec1bba3c9bc69a5867fc0089d10d
2026-07-30,2026-07-30T00:13:27+09:00,26/07/30 00:13時点の避難所状況の一覧です。,2026-07-30T00:13+09:00,web:92902ae66038c6c7f2c1,92902ae66038c6c7f2c1,苓北町,国照寺,---,false,---,,苓北町志岐1360-1・1360-2,検索,,,,,https://portal.bousai.pref.kumamoto.jp/sp.html?p=evacuation%2Fshelter&l=15-0&ll=32.63819999999999%2C130.77610000000004&z=9&municipalityCd=430005,90a000b23363f34076d8df3ab2373d7109b4f752113fca4f4a667390d9839d9b,"{""ルート検索"": ""検索"", ""住所"": ""苓北町志岐1360-1・1360-2"", ""市町村"": ""苓北町"", ""混雑状況"": ""---"", ""避難所名"": ""国照寺"", ""開設状況"": ""---""}",unmatched,no_candidate,,0,,,,,,,,,,,[],,[],[],reference/43000_1.csv,dd6686fa000c3e720180ba96d02aacff987aec1bba3c9bc69a5867fc0089d10d
2026-07-30,2026-07-30T00:13:27+09:00,26/07/30 00:13時点の避難所状況の一覧です。,2026-07-30T00:13+09:00,web:6e73d235a7e8b7657fd2,6e73d235a7e8b7657fd2,苓北町,坂瀬川総合グラウンド,---,false,---,,苓北町坂瀬川2871,検索,,,,,https://portal.bousai.pref.kumamoto.jp/sp.html?p=evacuation%2Fshelter&l=15-0&ll=32.63819999999999%2C130.77610000000004&z=9&municipalityCd=430005,33a7528b16529f38dce1f482eb5b9349b6d33286afe94e5287867a15f7ba9116,"{""ルート検索"": ""検索"", ""住所"": ""苓北町坂瀬川2871"", ""市町村"": ""苓北町"", ""混雑状況"": ""---"", ""避難所名"": ""坂瀬川総合グラウンド"", ""開設状況"": ""---""}",unmatched,no_candidate,,0,,,,,,,,,,,[],,[],[],reference/43000_1.csv,dd6686fa000c3e720180ba96d02aacff987aec1bba3c9bc69a5867fc0089d10d
2026-07-30,2026-07-30T00:13:27+09:00,26/07/30 00:13時点の避難所状況の一覧です。,2026-07-30T00:13+09:00,web:acd51eaa0a39090092a6,acd51eaa0a39090092a6,苓北町,大師山,---,false,---,,苓北町坂瀬川3859・3862,検索,,,,,https://portal.bousai.pref.kumamoto.jp/sp.html?p=evacuation%2Fshelter&l=15-0&ll=32.63819999999999%2C130.77610000000004&z=9&municipalityCd=430005,3e26d3a2ca06497c8a5c6518aba65041aa106677181b43b40039e9f3ced953dd,"{""ルート検索"": ""検索"", ""住所"": ""苓北町坂瀬川3859・3862"", ""市町村"": ""苓北町"", ""混雑状況"": ""---"", ""避難所名"": ""大師山"", ""開設状況"": ""---""}",unmatched,no_candidate,,0,,,,,,,,,,,[],,[],[],reference/43000_1.csv,dd6686fa000c3e720180ba96d02aacff987aec1bba3c9bc69a5867fc0089d10d
2026-07-30,2026-07-30T00:13:27+09:00,26/07/30 00:13時点の避難所状況の一覧です。,2026-07-30T00:13+09:00,web:b8d2ed33c6eacf3ea616,b8d2ed33c6eacf3ea616,苓北町,天神山,---,false,---,,苓北町上津深江1175-1,検索,,,,,https://portal.bousai.pref.kumamoto.jp/sp.html?p=evacuation%2Fshelter&l=15-0&ll=32.63819999999999%2C130.77610000000004&z=9&municipalityCd=430005,a105593d3d0e00905312c6713fc042679d6364a6d40b7fd075c94ddf362200e5,"{""ルート検索"": ""検索"", ""住所"": ""苓北町上津深江1175-1"", ""市町村"": ""苓北町"", ""混雑状況"": ""---"", ""避難所名"": ""天神山"", ""開設状況"": ""---""}",unmatched,no_candidate,,0,,,,,,,,,,,[],,[],[],reference/43000_1.csv,dd6686fa000c3e720180ba96d02aacff987aec1bba3c9bc69a5867fc0089d10d
2026-07-30,2026-07-30T00:13:27+09:00,26/07/30 00:13時点の避難所状況の一覧です。,2026-07-30T00:13+09:00,web:68e54f925bf633d02af2,68e54f925bf633d02af2,苓北町,富岡地区避難地,---,false,---,,苓北町富岡2930,検索,,,,,https://portal.bousai.pref.kumamoto.jp/sp.html?p=evacuation%2Fshelter&l=15-0&ll=32.63819999999999%2C130.77610000000004&z=9&municipalityCd=430005,29c282251f03caa8606fa091b8d0235d7754eb6f5d0b5582d143280b0ee44250,"{""ルート検索"": ""検索"", ""住所"": ""苓北町富岡2930"", ""市町村"": ""苓北町"", ""混雑状況"": ""---"", ""避難所名"": ""富岡地区避難地"", ""開設状況"": ""---""}",unmatched,no_candidate,,0,,,,,,,,,,,[],,[],[],reference/43000_1.csv,dd6686fa000c3e720180ba96d02aacff987aec1bba3c9bc69a5867fc0089d10d
2026-07-30,2026-07-30T00:13:27+09:00,26/07/30 00:13時点の避難所状況の一覧です。,2026-07-30T00:13+09:00,web:12c594533b88d7bd4d59,12c594533b88d7bd4d59,苓北町,富岡城趾,---,false,---,,苓北町富岡2245-15他,検索,,,,,https://portal.bousai.pref.kumamoto.jp/sp.html?p=evacuation%2Fshelter&l=15-0&ll=32.63819999999999%2C130.77610000000004&z=9&municipalityCd=430005,3069fa740cfd891eecf6f4dbf782fb9edad9fb0712df816048cffa517d3fa656,"{""ルート検索"": ""検索"", ""住所"": ""苓北町富岡2245-15他"", ""市町村"": ""苓北町"", ""混雑状況"": ""---"", ""避難所名"": ""富岡城趾"", ""開設状況"": ""---""}",unmatched,no_candidate,,0,,,,,,,,,,,[],,[],[],reference/43000_1.csv,dd6686fa000c3e720180ba96d02aacff987aec1bba3c9bc69a5867fc0089d10d
2026-07-30,2026-07-30T00:13:27+09:00,26/07/30 00:13時点の避難所状況の一覧です。,2026-07-30T00:13+09:00,web:285757273a54d9fc35c1,285757273a54d9fc35c1,苓北町,富岡温泉ホテル跡,---,false,---,,苓北町富岡2381他,検索,,,,,https://portal.bousai.pref.kumamoto.jp/sp.html?p=evacuation%2Fshelter&l=15-0&ll=32.63819999999999%2C130.77610000000004&z=9&municipalityCd=430005,af02f62651db5036ae23ca6090458b8717edabab10cfda694a19d348884e8df3,"{""ルート検索"": ""検索"", ""住所"": ""苓北町富岡2381他"", ""市町村"": ""苓北町"", ""混雑状況"": ""---"", ""避難所名"": ""富岡温泉ホテル跡"", ""開設状況"": ""---""}",unmatched,no_candidate,,0,,,,,,,,,,,[],,[],[],reference/43000_1.csv,dd6686fa000c3e720180ba96d02aacff987aec1bba3c9bc69a5867fc0089d10d
2026-07-30,2026-07-30T00:13:27+09:00,26/07/30 00:13時点の避難所状況の一覧です。,2026-07-30T00:13+09:00,web:029a3d3fdc68d41baccc,029a3d3fdc68d41baccc,苓北町,志岐城趾,---,false,---,,苓北町志岐1441他,検索,,,,,https://portal.bousai.pref.kumamoto.jp/sp.html?p=evacuation%2Fshelter&l=15-0&ll=32.63819999999999%2C130.77610000000004&z=9&municipalityCd=430005,2cc2bc401d7188514431f9cc36b9eb9a37d4bae574dab4caef0c3778951780fa,"{""ルート検索"": ""検索"", ""住所"": ""苓北町志岐1441他"", ""市町村"": ""苓北町"", ""混雑状況"": ""---"", ""避難所名"": ""志岐城趾"", ""開設状況"": ""---""}",unmatched,no_candidate,,0,,,,,,,,,,,[],,[],[],reference/43000_1.csv,dd6686fa000c3e720180ba96d02aacff987aec1bba3c9bc69a5867fc0089d10d
2026-07-30,2026-07-30T00:13:27+09:00,26/07/30 00:13時点の避難所状況の一覧です。,2026-07-30T00:13+09:00,web:a1567d3e5768eb78b74c,a1567d3e5768eb78b74c,苓北町,明神山地区避難所,---,false,---,,苓北町志岐32-1,検索,,,,,https://portal.bousai.pref.kumamoto.jp/sp.html?p=evacuation%2Fshelter&l=15-0&ll=32.63819999999999%2C130.77610000000004&z=9&municipalityCd=430005,8cdb82b0ec956ff491713eecab4718f1728f1789b836ccc43f5d34207f5d0c13,"{""ルート検索"": ""検索"", ""住所"": ""苓北町志岐32-1"", ""市町村"": ""苓北町"", ""混雑状況"": ""---"", ""避難所名"": ""明神山地区避難所"", ""開設状況"": ""---""}",unmatched,no_candidate,,0,,,,,,,,,,,[],,[],[],reference/43000_1.csv,dd6686fa000c3e720180ba96d02aacff987aec1bba3c9bc69a5867fc0089d10d
2026-07-30,2026-07-30T00:13:27+09:00,26/07/30 00:13時点の避難所状況の一覧です。,2026-07-30T00:13+09:00,web:a45e3295f659403be43a,a45e3295f659403be43a,苓北町,温泉センタ-,---,false,---,,苓北町志岐1281,検索,,,,,https://portal.bousai.pref.kumamoto.jp/sp.html?p=evacuation%2Fshelter&l=15-0&ll=32.63819999999999%2C130.77610000000004&z=9&municipalityCd=430005,3bfcbd665325fe332c6f65a9010a12510f6732b1cc801cb8880b82d5812e3ba9,"{""ルート検索"": ""検索"", ""住所"": ""苓北町志岐1281"", ""市町村"": ""苓北町"", ""混雑状況"": ""---"", ""避難所名"": ""温泉センタ-"", ""開設状況"": ""---""}",unmatched,no_candidate,,0,,,,,,,,,,,[],,[],[],reference/43000_1.csv,dd6686fa000c3e720180ba96d02aacff987aec1bba3c9bc69a5867fc0089d10d
2026-07-30,2026-07-30T00:13:27+09:00,26/07/30 00:13時点の避難所状況の一覧です。,2026-07-30T00:13+09:00,web:406f929a261e1be254e6,406f929a261e1be254e6,苓北町,瑞林寺,---,false,---,,苓北町富岡3170・3171,検索,,,,,https://portal.bousai.pref.kumamoto.jp/sp.html?p=evacuation%2Fshelter&l=15-0&ll=32.63819999999999%2C130.77610000000004&z=9&municipalityCd=430005,74dbf106e25a7cba2079303299465f4d942ff32c8132218c37baf87f98aa0bea,"{""ルート検索"": ""検索"", ""住所"": ""苓北町富岡3170・3171"", ""市町村"": ""苓北町"", ""混雑状況"": ""---"", ""避難所名"": ""瑞林寺"", ""開設状況"": ""---""}",unmatched,no_candidate,,0,,,,,,,,,,,[],,[],[],reference/43000_1.csv,dd6686fa000c3e720180ba96d02aacff987aec1bba3c9bc69a5867fc0089d10d
2026-07-30,2026-07-30T00:13:27+09:00,26/07/30 00:13時点の避難所状況の一覧です。,2026-07-30T00:13+09:00,web:f66ae224ab845ffac8f0,f66ae224ab845ffac8f0,苓北町,紺屋町地区避難所,---,false,---,,苓北町志岐65・66-1,検索,,,,,https://portal.bousai.pref.kumamoto.jp/sp.html?p=evacuation%2Fshelter&l=15-0&ll=32.63819999999999%2C130.77610000000004&z=9&municipalityCd=430005,50e619b26115e438782e26464b1db4b8aeacfa53a573f1965d6e41b9e81943ce,"{""ルート検索"": ""検索"", ""住所"": ""苓北町志岐65・66-1"", ""市町村"": ""苓北町"", ""混雑状況"": ""---"", ""避難所名"": ""紺屋町地区避難所"", ""開設状況"": ""---""}",unmatched,no_candidate,,0,,,,,,,,,,,[],,[],[],reference/43000_1.csv,dd6686fa000c3e720180ba96d02aacff987aec1bba3c9bc69a5867fc0089d10d
2026-07-30,2026-07-30T00:13:27+09:00,26/07/30 00:13時点の避難所状況の一覧です。,2026-07-30T00:13+09:00,web:0277bbecc7b902bcf3db,0277bbecc7b902bcf3db,苓北町,苓北町志岐集会所,---,false,---,,苓北町志岐444-1,検索,,,,,https://portal.bousai.pref.kumamoto.jp/sp.html?p=evacuation%2Fshelter&l=15-0&ll=32.63819999999999%2C130.77610000000004&z=9&municipalityCd=430005,62b373365aeda5dd9c1b0e8d56b50bce5013042bf16d120c27a9c0565758d782,"{""ルート検索"": ""検索"", ""住所"": ""苓北町志岐444-1"", ""市町村"": ""苓北町"", ""混雑状況"": ""---"", ""避難所名"": ""苓北町志岐集会所"", ""開設状況"": ""---""}",unmatched,no_candidate,,0,,,,,,,,,,,[],,[],[],reference/43000_1.csv,dd6686fa000c3e720180ba96d02aacff987aec1bba3c9bc69a5867fc0089d10d
2026-07-30,2026-07-30T00:13:27+09:00,26/07/30 00:13時点の避難所状況の一覧です。,2026-07-30T00:13+09:00,web:011abaeac11eeaa0eae4,011abaeac11eeaa0eae4,苓北町,苓北町拠点避難地,---,false,---,,苓北町1143-1他,検索,,,,,https://portal.bousai.pref.kumamoto.jp/sp.html?p=evacuation%2Fshelter&l=15-0&ll=32.63819999999999%2C130.77610000000004&z=9&municipalityCd=430005,bd7bbf4c145a56ccb761c45b86edfc2a256f55344de8ad24852bdb8509411284,"{""ルート検索"": ""検索"", ""住所"": ""苓北町1143-1他"", ""市町村"": ""苓北町"", ""混雑状況"": ""---"", ""避難所名"": ""苓北町拠点避難地"", ""開設状況"": ""---""}",unmatched,no_candidate,,0,,,,,,,,,,,[],,[],[],reference/43000_1.csv,dd6686fa000c3e720180ba96d02aacff987aec1bba3c9bc69a5867fc0089d10d
2026-07-30,2026-07-30T00:13:27+09:00,26/07/30 00:13時点の避難所状況の一覧です。,2026-07-30T00:13+09:00,web:c57737e8630c83256107,c57737e8630c83256107,苓北町,苓北町都呂々体育館(ペット専用避難所),---,false,---,,苓北町都呂々1245-1,検索,,,,,https://portal.bousai.pref.kumamoto.jp/sp.html?p=evacuation%2Fshelter&l=15-0&ll=32.63819999999999%2C130.77610000000004&z=9&municipalityCd=430005,272fa7add782d86b6d01e6cfa4e3ce1d20f02b3b3deb0b8da03f4ab06e5eaa3d,"{""ルート検索"": ""検索"", ""住所"": ""苓北町都呂々1245-1"", ""市町村"": ""苓北町"", ""混雑状況"": ""---"", ""避難所名"": ""苓北町都呂々体育館(ペット専用避難所)"", ""開設状況"": ""---""}",unmatched,no_candidate,,0,,,,,,,,,,,[],,[],[],reference/43000_1.csv,dd6686fa000c3e720180ba96d02aacff987aec1bba3c9bc69a5867fc0089d10d
2026-07-30,2026-07-30T00:13:27+09:00,26/07/30 00:13時点の避難所状況の一覧です。,2026-07-30T00:13+09:00,web:2e8dc98802389d154f19,2e8dc98802389d154f19,苓北町,西日本プラント苓北寮,---,false,---,,苓北町上津深江4452他,検索,,,,,https://portal.bousai.pref.kumamoto.jp/sp.html?p=evacuation%2Fshelter&l=15-0&ll=32.63819999999999%2C130.77610000000004&z=9&municipalityCd=430005,b04ce7aeef687d561decda3db6b8e294df422fe00df2b72ac141a8b0a5239edd,"{""ルート検索"": ""検索"", ""住所"": ""苓北町上津深江4452他"", ""市町村"": ""苓北町"", ""混雑状況"": ""---"", ""避難所名"": ""西日本プラント苓北寮"", ""開設状況"": ""---""}",unmatched,no_candidate,,0,,,,,,,,,,,[],,[],[],reference/43000_1.csv,dd6686fa000c3e720180ba96d02aacff987aec1bba3c9bc69a5867fc0089d10d
2026-07-30,2026-07-30T00:13:27+09:00,26/07/30 00:13時点の避難所状況の一覧です。,2026-07-30T00:13+09:00,web:f87ec10e16a7b284f8e2,f87ec10e16a7b284f8e2,苓北町,農構センタ-,---,false,---,,苓北町志岐1010,検索,,,,,https://portal.bousai.pref.kumamoto.jp/sp.html?p=evacuation%2Fshelter&l=15-0&ll=32.63819999999999%2C130.77610000000004&z=9&municipalityCd=430005,99b2f3151ed2ef1ab64a433c1d526d4908946c870114cbfa85b04eb511c9218a,"{""ルート検索"": ""検索"", ""住所"": ""苓北町志岐1010"", ""市町村"": ""苓北町"", ""混雑状況"": ""---"", ""避難所名"": ""農構センタ-"", ""開設状況"": ""---""}",unmatched,no_candidate,,0,,,,,,,,,,,[],,[],[],reference/43000_1.csv,dd6686fa000c3e720180ba96d02aacff987aec1bba3c9bc69a5867fc0089d10d
2026-07-30,2026-07-30T00:13:27+09:00,26/07/30 00:13時点の避難所状況の一覧です。,2026-07-30T00:13+09:00,web:6826d9343a57bfe576d2,6826d9343a57bfe576d2,苓北町,都呂々神社,---,false,---,,苓北町都呂々888,検索,,,,,https://portal.bousai.pref.kumamoto.jp/sp.html?p=evacuation%2Fshelter&l=15-0&ll=32.63819999999999%2C130.77610000000004&z=9&municipalityCd=430005,c0ff091ac166bf3daa0a97299a6623d280bc4c6269e305386d9fad94947d1ba5,"{""ルート検索"": ""検索"", ""住所"": ""苓北町都呂々888"", ""市町村"": ""苓北町"", ""混雑状況"": ""---"", ""避難所名"": ""都呂々神社"", ""開設状況"": ""---""}",unmatched,no_candidate,,0,,,,,,,,,,,[],,[],[],reference/43000_1.csv,dd6686fa000c3e720180ba96d02aacff987aec1bba3c9bc69a5867fc0089d10d
2026-07-30,2026-07-30T00:13:27+09:00,26/07/30 00:13時点の避難所状況の一覧です。,2026-07-30T00:13+09:00,web:f4e87fae97458eee7c3f,f4e87fae97458eee7c3f,苓北町,鎮道寺,---,false,---,,苓北町富岡2452-1・2454-2,検索,,,,,https://portal.bousai.pref.kumamoto.jp/sp.html?p=evacuation%2Fshelter&l=15-0&ll=32.63819999999999%2C130.77610000000004&z=9&municipalityCd=430005,f0857b4f2047379143b6beaa32749b789f1e12ab0d5ea6c639a34d1ef597a1f3,"{""ルート検索"": ""検索"", ""住所"": ""苓北町富岡2452-1・2454-2"", ""市町村"": ""苓北町"", ""混雑状況"": ""---"", ""避難所名"": ""鎮道寺"", ""開設状況"": ""---""}",unmatched,no_candidate,,0,,,,,,,,,,,[],,[],[],reference/43000_1.csv,dd6686fa000c3e720180ba96d02aacff987aec1bba3c9bc69a5867fc0089d10d
2026-07-30,2026-07-30T00:13:27+09:00,26/07/30 00:13時点の避難所状況の一覧です。,2026-07-30T00:13+09:00,web:841426593c01b4cad764,841426593c01b4cad764,荒尾市,万田西区公民館,---,false,---,,熊本県荒尾市,検索,,,,,https://portal.bousai.pref.kumamoto.jp/sp.html?p=evacuation%2Fshelter&l=15-0&ll=32.63819999999999%2C130.77610000000004&z=9&municipalityCd=430005,e53ce2d9cf1f738b1912ef9bc1cb5eafa41e55dc56bb910fd46d9fffced22bd8,"{""ルート検索"": ""検索"", ""住所"": ""熊本県荒尾市"", ""市町村"": ""荒尾市"", ""混雑状況"": ""---"", ""避難所名"": ""万田西区公民館"", ""開設状況"": ""---""}",unmatched,no_candidate,,0,,,,,,,,,,,[],,[],[],reference/43000_1.csv,dd6686fa000c3e720180ba96d02aacff987aec1bba3c9bc69a5867fc0089d10d
2026-07-30,2026-07-30T00:13:27+09:00,26/07/30 00:13時点の避難所状況の一覧です。,2026-07-30T00:13+09:00,web:130b01be35c41d36f3f1,130b01be35c41d36f3f1,荒尾市,中央小学校,---,false,---,,熊本県荒尾市荒尾4043番地,検索,,,,,https://portal.bousai.pref.kumamoto.jp/sp.html?p=evacuation%2Fshelter&l=15-0&ll=32.63819999999999%2C130.77610000000004&z=9&municipalityCd=430005,b1bc7e8ad50221449b79a0c94411a817075faabfcc001a7aa62d8ffba4707213,"{""ルート検索"": ""検索"", ""住所"": ""熊本県荒尾市荒尾4043番地"", ""市町村"": ""荒尾市"", ""混雑状況"": ""---"", ""避難所名"": ""中央小学校"", ""開設状況"": ""---""}",unmatched,exact_name_municipality_conflict,,0,,,,,,,,,,,[],,[],"[{""NO"": ""659"", ""その他市町村長が必要と認める事項"": """", ""住所"": ""熊本県荒尾4043"", ""備考"": """", ""共通ID"": ""E4320400025111"", ""受入対象者"": """", ""指定緊急避難場所との住所同一"": """", ""施設・場所名"": ""中央小学校"", ""経度"": ""130.4591432"", ""緯度"": ""32.9805055""}]",reference/43000_1.csv,dd6686fa000c3e720180ba96d02aacff987aec1bba3c9bc69a5867fc0089d10d
2026-07-30,2026-07-30T00:13:27+09:00,26/07/30 00:13時点の避難所状況の一覧です。,2026-07-30T00:13+09:00,web:c6f333292f8e10a8cb40,c6f333292f8e10a8cb40,荒尾市,荒尾市民病院,---,false,---,,荒尾市荒尾2600,検索,,,,,https://portal.bousai.pref.kumamoto.jp/sp.html?p=evacuation%2Fshelter&l=15-0&ll=32.63819999999999%2C130.77610000000004&z=9&municipalityCd=430005,af1cd8602f135a7c09c66f076aa11de42d48aa0bfc450dabe4290e38fd759651,"{""ルート検索"": ""検索"", ""住所"": ""荒尾市荒尾2600"", ""市町村"": ""荒尾市"", ""混雑状況"": ""---"", ""避難所名"": ""荒尾市民病院"", ""開設状況"": ""---""}",unmatched,no_candidate,,0,,,,,,,,,,,[],,[],[],reference/43000_1.csv,dd6686fa000c3e720180ba96d02aacff987aec1bba3c9bc69a5867fc0089d10d
2026-07-30,2026-07-30T00:13:27+09:00,26/07/30 00:13時点の避難所状況の一覧です。,2026-07-30T00:13+09:00,web:8de4cb18e9c271fcee51,8de4cb18e9c271fcee51,荒尾市,運動公園管理事務所,---,false,---,,荒尾市荒尾4051,検索,,,,,https://portal.bousai.pref.kumamoto.jp/sp.html?p=evacuation%2Fshelter&l=15-0&ll=32.63819999999999%2C130.77610000000004&z=9&municipalityCd=430005,8b8c411533277115fe88cd2b3058fdc058759a7b3b5fee977d5a0d0fdd75d81c,"{""ルート検索"": ""検索"", ""住所"": ""荒尾市荒尾4051"", ""市町村"": ""荒尾市"", ""混雑状況"": ""---"", ""避難所名"": ""運動公園管理事務所"", ""開設状況"": ""---""}",unmatched,no_candidate,,0,,,,,,,,,,,[],,[],[],reference/43000_1.csv,dd6686fa000c3e720180ba96d02aacff987aec1bba3c9bc69a5867fc0089d10d
2026-07-30,2026-07-30T00:13:27+09:00,26/07/30 00:13時点の避難所状況の一覧です。,2026-07-30T00:13+09:00,web:5cb24c6851931ba82482,5cb24c6851931ba82482,菊池市,さくら山公園,---,false,---,,菊池市泗水町永2731-14,検索,,,,,https://portal.bousai.pref.kumamoto.jp/sp.html?p=evacuation%2Fshelter&l=15-0&ll=32.63819999999999%2C130.77610000000004&z=9&municipalityCd=430005,5bb26143ed354666fa0aa3ecdc5a0e7aff407079ae1bd357267328f6b7792086,"{""ルート検索"": ""検索"", ""住所"": ""菊池市泗水町永2731-14"", ""市町村"": ""菊池市"", ""混雑状況"": ""---"", ""避難所名"": ""さくら山公園"", ""開設状況"": ""---""}",unmatched,no_candidate,,0,,,,,,,,,,,[],,[],[],reference/43000_1.csv,dd6686fa000c3e720180ba96d02aacff987aec1bba3c9bc69a5867fc0089d10d
2026-07-30,2026-07-30T00:13:27+09:00,26/07/30 00:13時点の避難所状況の一覧です。,2026-07-30T00:13+09:00,web:7ef182789b563c800774,7ef182789b563c800774,菊池市,ふじのわ荘,---,false,---,,菊池市亘91,検索,,,,,https://portal.bousai.pref.kumamoto.jp/sp.html?p=evacuation%2Fshelter&l=15-0&ll=32.63819999999999%2C130.77610000000004&z=9&municipalityCd=430005,badd7b84b634e282f91e7a7033fdfb3742f2389a7a8b1f9ebb58c76aa1d84fca,"{""ルート検索"": ""検索"", ""住所"": ""菊池市亘91"", ""市町村"": ""菊池市"", ""混雑状況"": ""---"", ""避難所名"": ""ふじのわ荘"", ""開設状況"": ""---""}",unmatched,no_candidate,,0,,,,,,,,,,,[],,[],[],reference/43000_1.csv,dd6686fa000c3e720180ba96d02aacff987aec1bba3c9bc69a5867fc0089d10d
2026-07-30,2026-07-30T00:13:27+09:00,26/07/30 00:13時点の避難所状況の一覧です。,2026-07-30T00:13+09:00,web:3e5008fb26a028f616a0,3e5008fb26a028f616a0,菊池市,七城多目的研修センター,---,false,---,,熊本県菊池市七城町砂田1457,検索,,,,,https://portal.bousai.pref.kumamoto.jp/sp.html?p=evacuation%2Fshelter&l=15-0&ll=32.63819999999999%2C130.77610000000004&z=9&municipalityCd=430005,e233d32e0a703273ee989ca78b1b45d68f2fd83bdc9734fa61dc94a12f51dc76,"{""ルート検索"": ""検索"", ""住所"": ""熊本県菊池市七城町砂田1457"", ""市町村"": ""菊池市"", ""混雑状況"": ""---"", ""避難所名"": ""七城多目的研修センター"", ""開設状況"": ""---""}",unmatched,no_candidate,,0,,,,,,,,,,,[],,[],[],reference/43000_1.csv,dd6686fa000c3e720180ba96d02aacff987aec1bba3c9bc69a5867fc0089d10d
2026-07-30,2026-07-30T00:13:27+09:00,26/07/30 00:13時点の避難所状況の一覧です。,2026-07-30T00:13+09:00,web:af99b223c5f0b1e3e6fe,af99b223c5f0b1e3e6fe,菊池市,七城温泉ドーム,---,false,---,,菊池市七城町林原962-1,検索,,,,,https://portal.bousai.pref.kumamoto.jp/sp.html?p=evacuation%2Fshelter&l=15-0&ll=32.63819999999999%2C130.77610000000004&z=9&municipalityCd=430005,bb8cb9f4f40b562ac8b65a0f11462656961ab05021c436d4470e3563357fa127,"{""ルート検索"": ""検索"", ""住所"": ""菊池市七城町林原962-1"", ""市町村"": ""菊池市"", ""混雑状況"": ""---"", ""避難所名"": ""七城温泉ドーム"", ""開設状況"": ""---""}",unmatched,no_candidate,,0,,,,,,,,,,,[],,[],[],reference/43000_1.csv,dd6686fa000c3e720180ba96d02aacff987aec1bba3c9bc69a5867fc0089d10d
2026-07-30,2026-07-30T00:13:27+09:00,26/07/30 00:13時点の避難所状況の一覧です。,2026-07-30T00:13+09:00,web:e2d5f5b3e679b9c99cf2,e2d5f5b3e679b9c99cf2,菊池市,健やか園,---,false,---,,菊池市七城町甲佐町85-1,検索,,,,,https://portal.bousai.pref.kumamoto.jp/sp.html?p=evacuation%2Fshelter&l=15-0&ll=32.63819999999999%2C130.77610000000004&z=9&municipalityCd=430005,5386aa5d93984e65ffdb987bb98fb49240f344820485048371d48dc1df8a89bd,"{""ルート検索"": ""検索"", ""住所"": ""菊池市七城町甲佐町85-1"", ""市町村"": ""菊池市"", ""混雑状況"": ""---"", ""避難所名"": ""健やか園"", ""開設状況"": ""---""}",unmatched,no_candidate,,0,,,,,,,,,,,[],,[],[],reference/43000_1.csv,dd6686fa000c3e720180ba96d02aacff987aec1bba3c9bc69a5867fc0089d10d
2026-07-30,2026-07-30T00:13:27+09:00,26/07/30 00:13時点の避難所状況の一覧です。,2026-07-30T00:13+09:00,web:3d147ff2704d0dc885a5,3d147ff2704d0dc885a5,菊池市,憩いの森公園,---,false,---,,菊池市泗水町吉富317-4,検索,,,,,https://portal.bousai.pref.kumamoto.jp/sp.html?p=evacuation%2Fshelter&l=15-0&ll=32.63819999999999%2C130.77610000000004&z=9&municipalityCd=430005,988f8de9e6bca6000f94d41e59b10a67a1e8a17ee9b3a8f96295dd0a042437a4,"{""ルート検索"": ""検索"", ""住所"": ""菊池市泗水町吉富317-4"", ""市町村"": ""菊池市"", ""混雑状況"": ""---"", ""避難所名"": ""憩いの森公園"", ""開設状況"": ""---""}",unmatched,no_candidate,,0,,,,,,,,,,,[],,[],[],reference/43000_1.csv,dd6686fa000c3e720180ba96d02aacff987aec1bba3c9bc69a5867fc0089d10d
2026-07-30,2026-07-30T00:13:27+09:00,26/07/30 00:13時点の避難所状況の一覧です。,2026-07-30T00:13+09:00,web:3d11498014c7af2ec182,3d11498014c7af2ec182,菊池市,旧龍門小学校校舎,---,false,---,,菊池市龍門356,検索,,,,,https://portal.bousai.pref.kumamoto.jp/sp.html?p=evacuation%2Fshelter&l=15-0&ll=32.63819999999999%2C130.77610000000004&z=9&municipalityCd=430005,29bdde351b6d4ab4d21098d5963e66304d6f6b71b5511a33e493df838f3792fa,"{""ルート検索"": ""検索"", ""住所"": ""菊池市龍門356"", ""市町村"": ""菊池市"", ""混雑状況"": ""---"", ""避難所名"": ""旧龍門小学校校舎"", ""開設状況"": ""---""}",unmatched,no_candidate,,0,,,,,,,,,,,[],,[],[],reference/43000_1.csv,dd6686fa000c3e720180ba96d02aacff987aec1bba3c9bc69a5867fc0089d10d
2026-07-30,2026-07-30T00:13:27+09:00,26/07/30 00:13時点の避難所状況の一覧です。,2026-07-30T00:13+09:00,web:31a1d8bf51dfa60ccbaf,31a1d8bf51dfa60ccbaf,菊池市,旭志公民館,開設,true,平常,,菊池市旭志小原241,検索,,,,,https://portal.bousai.pref.kumamoto.jp/sp.html?p=evacuation%2Fshelter&l=15-0&ll=32.63819999999999%2C130.77610000000004&z=9&municipalityCd=430005,7d864098e565c39f91e9648299004db0db01c1b62087b5e26275882d22400853,"{""ルート検索"": ""検索"", ""住所"": ""菊池市旭志小原241"", ""市町村"": ""菊池市"", ""混雑状況"": ""平常"", ""避難所名"": ""旭志公民館"", ""開設状況"": ""開設""}",unmatched,no_candidate,,0,,,,,,,,,,,[],,[],[],reference/43000_1.csv,dd6686fa000c3e720180ba96d02aacff987aec1bba3c9bc69a5867fc0089d10d
2026-07-30,2026-07-30T00:13:27+09:00,26/07/30 00:13時点の避難所状況の一覧です。,2026-07-30T00:13+09:00,web:1fe5eae17810d21fe243,1fe5eae17810d21fe243,菊池市,泗水支所,---,false,---,,菊池市泗水町福本383,検索,,,,,https://portal.bousai.pref.kumamoto.jp/sp.html?p=evacuation%2Fshelter&l=15-0&ll=32.63819999999999%2C130.77610000000004&z=9&municipalityCd=430005,fe68a3eac56dbea161fce55285f9321e273ae676f0c10fe5031d2d72b2636045,"{""ルート検索"": ""検索"", ""住所"": ""菊池市泗水町福本383"", ""市町村"": ""菊池市"", ""混雑状況"": ""---"", ""避難所名"": ""泗水支所"", ""開設状況"": ""---""}",unmatched,no_candidate,,0,,,,,,,,,,,[],,[],[],reference/43000_1.csv,dd6686fa000c3e720180ba96d02aacff987aec1bba3c9bc69a5867fc0089d10d
2026-07-30,2026-07-30T00:13:27+09:00,26/07/30 00:13時点の避難所状況の一覧です。,2026-07-30T00:13+09:00,web:fc47bdf5f00d486cdf61,fc47bdf5f00d486cdf61,菊池市,竜門ダム防災情報施設,---,false,---,,菊池市龍門870,検索,,,,,https://portal.bousai.pref.kumamoto.jp/sp.html?p=evacuation%2Fshelter&l=15-0&ll=32.63819999999999%2C130.77610000000004&z=9&municipalityCd=430005,c51fd402ddbd3dc186eb4db8d5f4e2a8370d19b9eac2d26a71573bed0543a7df,"{""ルート検索"": ""検索"", ""住所"": ""菊池市龍門870"", ""市町村"": ""菊池市"", ""混雑状況"": ""---"", ""避難所名"": ""竜門ダム防災情報施設"", ""開設状況"": ""---""}",unmatched,no_candidate,,0,,,,,,,,,,,[],,[],[],reference/43000_1.csv,dd6686fa000c3e720180ba96d02aacff987aec1bba3c9bc69a5867fc0089d10d
2026-07-30,2026-07-30T00:13:27+09:00,26/07/30 00:13時点の避難所状況の一覧です。,2026-07-30T00:13+09:00,web:1ccadfe8c20e7be3f680,1ccadfe8c20e7be3f680,菊池市,菊池女子高校体育館・グラウンド・駐車場,---,false,---,,菊池市隈府1081,検索,,,,,https://portal.bousai.pref.kumamoto.jp/sp.html?p=evacuation%2Fshelter&l=15-0&ll=32.63819999999999%2C130.77610000000004&z=9&municipalityCd=430005,9ff400fdf932735b7a300233852966325dd72e7fc7de9d21929a96d30ba0b699,"{""ルート検索"": ""検索"", ""住所"": ""菊池市隈府1081"", ""市町村"": ""菊池市"", ""混雑状況"": ""---"", ""避難所名"": ""菊池女子高校体育館・グラウンド・駐車場"", ""開設状況"": ""---""}",unmatched,no_candidate,,0,,,,,,,,,,,[],,[],[],reference/43000_1.csv,dd6686fa000c3e720180ba96d02aacff987aec1bba3c9bc69a5867fc0089d10d
2026-07-30,2026-07-30T00:13:27+09:00,26/07/30 00:13時点の避難所状況の一覧です。,2026-07-30T00:13+09:00,web:101f15d39f7cfcf01f4e,101f15d39f7cfcf01f4e,菊池市,菊池市役所庁舎,---,false,---,,菊池市隈府888,検索,,,,,https://portal.bousai.pref.kumamoto.jp/sp.html?p=evacuation%2Fshelter&l=15-0&ll=32.63819999999999%2C130.77610000000004&z=9&municipalityCd=430005,6fe410978a4d6cf9a6a97098c47bc129be1e3ed2f929df8e6b7b938b82e3bc71,"{""ルート検索"": ""検索"", ""住所"": ""菊池市隈府888"", ""市町村"": ""菊池市"", ""混雑状況"": ""---"", ""避難所名"": ""菊池市役所庁舎"", ""開設状況"": ""---""}",unmatched,no_candidate,,0,,,,,,,,,,,[],,[],[],reference/43000_1.csv,dd6686fa000c3e720180ba96d02aacff987aec1bba3c9bc69a5867fc0089d10d
2026-07-30,2026-07-30T00:13:27+09:00,26/07/30 00:13時点の避難所状況の一覧です。,2026-07-30T00:13+09:00,web:374100ec8c9ae74881cd,374100ec8c9ae74881cd,菊池市,菊池市浄水センター,---,false,---,,菊池市赤星1818,検索,,,,,https://portal.bousai.pref.kumamoto.jp/sp.html?p=evacuation%2Fshelter&l=15-0&ll=32.63819999999999%2C130.77610000000004&z=9&municipalityCd=430005,04b7ff1f3a8af7088512eb72762efc235f00a0100d6a38ce759149e11a1d6c2d,"{""ルート検索"": ""検索"", ""住所"": ""菊池市赤星1818"", ""市町村"": ""菊池市"", ""混雑状況"": ""---"", ""避難所名"": ""菊池市浄水センター"", ""開設状況"": ""---""}",unmatched,no_candidate,,0,,,,,,,,,,,[],,[],[],reference/43000_1.csv,dd6686fa000c3e720180ba96d02aacff987aec1bba3c9bc69a5867fc0089d10d
2026-07-30,2026-07-30T00:13:27+09:00,26/07/30 00:13時点の避難所状況の一覧です。,2026-07-30T00:13+09:00,web:800711b2a96d7aa91b26,800711b2a96d7aa91b26,菊池市,菊池市生涯学習センター,開設,true,平常,,菊池市隈府872,検索,,,,,https://portal.bousai.pref.kumamoto.jp/sp.html?p=evacuation%2Fshelter&l=15-0&ll=32.63819999999999%2C130.77610000000004&z=9&municipalityCd=430005,d7d0a9bfeb6181067112ebfb6ee309a0468720b53c6e254faeccf6ebe163cb20,"{""ルート検索"": ""検索"", ""住所"": ""菊池市隈府872"", ""市町村"": ""菊池市"", ""混雑状況"": ""平常"", ""避難所名"": ""菊池市生涯学習センター"", ""開設状況"": ""開設""}",unmatched,no_candidate,,0,,,,,,,,,,,[],,[],[],reference/43000_1.csv,dd6686fa000c3e720180ba96d02aacff987aec1bba3c9bc69a5867fc0089d10d
2026-07-30,2026-07-30T00:13:27+09:00,26/07/30 00:13時点の避難所状況の一覧です。,2026-07-30T00:13+09:00,web:c2347f6ed48775147678,c2347f6ed48775147678,菊池市,菊池農業高校前庭,---,false,---,,菊池市泗水町吉富250,検索,,,,,https://portal.bousai.pref.kumamoto.jp/sp.html?p=evacuation%2Fshelter&l=15-0&ll=32.63819999999999%2C130.77610000000004&z=9&municipalityCd=430005,7e746dee77f7cf6eda00eac25311fac313ae08436fc780f7c3ed90df68e139b0,"{""ルート検索"": ""検索"", ""住所"": ""菊池市泗水町吉富250"", ""市町村"": ""菊池市"", ""混雑状況"": ""---"", ""避難所名"": ""菊池農業高校前庭"", ""開設状況"": ""---""}",unmatched,no_candidate,,0,,,,,,,,,,,[],,[],[],reference/43000_1.csv,dd6686fa000c3e720180ba96d02aacff987aec1bba3c9bc69a5867fc0089d10d
2026-07-30,2026-07-30T00:13:27+09:00,26/07/30 00:13時点の避難所状況の一覧です。,2026-07-30T00:13+09:00,web:518e6b13e329dcefce24,518e6b13e329dcefce24,菊池市,菊池高校体育館・グラウンド,---,false,---,,菊池市隈府1332-1,検索,,,,,https://portal.bousai.pref.kumamoto.jp/sp.html?p=evacuation%2Fshelter&l=15-0&ll=32.63819999999999%2C130.77610000000004&z=9&municipalityCd=430005,4c76c253c5e1a2c73530a803425f45c866b303dd8e7fd827e94451333c0d3e83,"{""ルート検索"": ""検索"", ""住所"": ""菊池市隈府1332-1"", ""市町村"": ""菊池市"", ""混雑状況"": ""---"", ""避難所名"": ""菊池高校体育館・グラウンド"", ""開設状況"": ""---""}",unmatched,no_candidate,,0,,,,,,,,,,,[],,[],[],reference/43000_1.csv,dd6686fa000c3e720180ba96d02aacff987aec1bba3c9bc69a5867fc0089d10d
2026-07-30,2026-07-30T00:13:27+09:00,26/07/30 00:13時点の避難所状況の一覧です。,2026-07-30T00:13+09:00,web:b1900157aeb95a1a7004,b1900157aeb95a1a7004,菊池市,里山の家,---,false,---,,菊池市原2931,検索,,,,,https://portal.bousai.pref.kumamoto.jp/sp.html?p=evacuation%2Fshelter&l=15-0&ll=32.63819999999999%2C130.77610000000004&z=9&municipalityCd=430005,868bce6d77fc91742d22c92faf4af2fdb319e37bd3515db8c4dbd808f5872cb4,"{""ルート検索"": ""検索"", ""住所"": ""菊池市原2931"", ""市町村"": ""菊池市"", ""混雑状況"": ""---"", ""避難所名"": ""里山の家"", ""開設状況"": ""---""}",unmatched,fuzzy_below_threshold,0.816,0,,,,,,,,,,,[],,[],"[{""NO"": ""233"", ""その他市町村長が必要と認める事項"": """", ""住所"": ""熊本県菊池市原2931-1"", ""備考"": """", ""共通ID"": ""E4321000020111"", ""受入対象者"": """", ""指定緊急避難場所との住所同一"": ""1"", ""施設・場所名"": ""水迫里山の家"", ""経度"": ""130.89774716186"", ""緯度"": ""33.0135976257083""}]",reference/43000_1.csv,dd6686fa000c3e720180ba96d02aacff987aec1bba3c9bc69a5867fc0089d10d
2026-07-30,2026-07-30T00:13:27+09:00,26/07/30 00:13時点の避難所状況の一覧です。,2026-07-30T00:13+09:00,web:a031712bd94649458d66,a031712bd94649458d66,菊池市,重味グラウンド,---,false,---,,菊池市重味1362-1,検索,,,,,https://portal.bousai.pref.kumamoto.jp/sp.html?p=evacuation%2Fshelter&l=15-0&ll=32.63819999999999%2C130.77610000000004&z=9&municipalityCd=430005,aeef3fd895996aec7ee16748647cd9131150752ebf44311f3a16eff2cf24f05e,"{""ルート検索"": ""検索"", ""住所"": ""菊池市重味1362-1"", ""市町村"": ""菊池市"", ""混雑状況"": ""---"", ""避難所名"": ""重味グラウンド"", ""開設状況"": ""---""}",unmatched,no_candidate,,0,,,,,,,,,,,[],,[],[],reference/43000_1.csv,dd6686fa000c3e720180ba96d02aacff987aec1bba3c9bc69a5867fc0089d10d
2026-07-30,2026-07-30T00:13:27+09:00,26/07/30 00:13時点の避難所状況の一覧です。,2026-07-30T00:13+09:00,web:e51574ee3f84d3c0d56f,e51574ee3f84d3c0d56f,菊陽町,ふれあいの森公園,---,false,---,,菊陽町原水4652-23,検索,,,,,https://portal.bousai.pref.kumamoto.jp/sp.html?p=evacuation%2Fshelter&l=15-0&ll=32.63819999999999%2C130.77610000000004&z=9&municipalityCd=430005,ee6313d5382c14330fa565fd0d54146a2590866b64698d11e24644f9df55a451,"{""ルート検索"": ""検索"", ""住所"": ""菊陽町原水4652-23"", ""市町村"": ""菊陽町"", ""混雑状況"": ""---"", ""避難所名"": ""ふれあいの森公園"", ""開設状況"": ""---""}",unmatched,no_candidate,,0,,,,,,,,,,,[],,[],[],reference/43000_1.csv,dd6686fa000c3e720180ba96d02aacff987aec1bba3c9bc69a5867fc0089d10d
2026-07-30,2026-07-30T00:13:27+09:00,26/07/30 00:13時点の避難所状況の一覧です。,2026-07-30T00:13+09:00,web:7689c52e232cad1b34fa,7689c52e232cad1b34fa,菊陽町,光の森町民センター,---,false,---,,菊陽町光の森2-1-1,検索,,,,,https://portal.bousai.pref.kumamoto.jp/sp.html?p=evacuation%2Fshelter&l=15-0&ll=32.63819999999999%2C130.77610000000004&z=9&municipalityCd=430005,e199b94a0ae4f06c44d464f3267fd0233a8d2b1d777fb465505de40504148e82,"{""ルート検索"": ""検索"", ""住所"": ""菊陽町光の森2-1-1"", ""市町村"": ""菊陽町"", ""混雑状況"": ""---"", ""避難所名"": ""光の森町民センター"", ""開設状況"": ""---""}",unmatched,no_candidate,,0,,,,,,,,,,,[],,[],[],reference/43000_1.csv,dd6686fa000c3e720180ba96d02aacff987aec1bba3c9bc69a5867fc0089d10d
2026-07-30,2026-07-30T00:13:27+09:00,26/07/30 00:13時点の避難所状況の一覧です。,2026-07-30T00:13+09:00,web:0a2e425dba4ecf72412b,0a2e425dba4ecf72412b,菊陽町,光の森防災広場,---,false,---,,菊陽町光の森3-2-2,検索,,,,,https://portal.bousai.pref.kumamoto.jp/sp.html?p=evacuation%2Fshelter&l=15-0&ll=32.63819999999999%2C130.77610000000004&z=9&municipalityCd=430005,9938fc95353a102ce1ed113fd33984a266279e8d730f96e9c3a1a7a2d7e18416,"{""ルート検索"": ""検索"", ""住所"": ""菊陽町光の森3-2-2"", ""市町村"": ""菊陽町"", ""混雑状況"": ""---"", ""避難所名"": ""光の森防災広場"", ""開設状況"": ""---""}",unmatched,no_candidate,,0,,,,,,,,,,,[],,[],[],reference/43000_1.csv,dd6686fa000c3e720180ba96d02aacff987aec1bba3c9bc69a5867fc0089d10d
2026-07-30,2026-07-30T00:13:27+09:00,26/07/30 00:13時点の避難所状況の一覧です。,2026-07-30T00:13+09:00,web:dfff07ed2493731b339a,dfff07ed2493731b339a,菊陽町,武蔵ヶ丘コミュニティセンター,---,false,---,,菊陽町光の森1-3517-3,検索,,,,,https://portal.bousai.pref.kumamoto.jp/sp.html?p=evacuation%2Fshelter&l=15-0&ll=32.63819999999999%2C130.77610000000004&z=9&municipalityCd=430005,4e708e56f7498576c22c2325ffce70f0105a7f8956adaf1bc40e5d2268e43ef6,"{""ルート検索"": ""検索"", ""住所"": ""菊陽町光の森1-3517-3"", ""市町村"": ""菊陽町"", ""混雑状況"": ""---"", ""避難所名"": ""武蔵ヶ丘コミュニティセンター"", ""開設状況"": ""---""}",unmatched,no_candidate,,0,,,,,,,,,,,[],,[],[],reference/43000_1.csv,dd6686fa000c3e720180ba96d02aacff987aec1bba3c9bc69a5867fc0089d10d
2026-07-30,2026-07-30T00:13:27+09:00,26/07/30 00:13時点の避難所状況の一覧です。,2026-07-30T00:13+09:00,web:1aa496257939454494a5,1aa496257939454494a5,菊陽町,町民グラウンド,---,false,---,,菊陽町大字久保田2786,検索,,,,,https://portal.bousai.pref.kumamoto.jp/sp.html?p=evacuation%2Fshelter&l=15-0&ll=32.63819999999999%2C130.77610000000004&z=9&municipalityCd=430005,319991a3703e2b8047e5a748840d87bcc47eb11479d344fa39d621daa74adee3,"{""ルート検索"": ""検索"", ""住所"": ""菊陽町大字久保田2786"", ""市町村"": ""菊陽町"", ""混雑状況"": ""---"", ""避難所名"": ""町民グラウンド"", ""開設状況"": ""---""}",unmatched,no_candidate,,0,,,,,,,,,,,[],,[],[],reference/43000_1.csv,dd6686fa000c3e720180ba96d02aacff987aec1bba3c9bc69a5867fc0089d10d
2026-07-30,2026-07-30T00:13:27+09:00,26/07/30 00:13時点の避難所状況の一覧です。,2026-07-30T00:13+09:00,web:e2bf59a6bab9e8738419,e2bf59a6bab9e8738419,菊陽町,福祉支援センター,---,false,---,,菊陽町大字久保田2596,検索,,,,,https://portal.bousai.pref.kumamoto.jp/sp.html?p=evacuation%2Fshelter&l=15-0&ll=32.63819999999999%2C130.77610000000004&z=9&municipalityCd=430005,e6f9e26f813de94532726d854a1247e93385d2dd108b9200e58df38e1d1c9631,"{""ルート検索"": ""検索"", ""住所"": ""菊陽町大字久保田2596"", ""市町村"": ""菊陽町"", ""混雑状況"": ""---"", ""避難所名"": ""福祉支援センター"", ""開設状況"": ""---""}",unmatched,fuzzy_below_threshold,0.827,0,,,,,,,,,,,[],,[],"[{""NO"": ""275"", ""その他市町村長が必要と認める事項"": """", ""住所"": ""熊本県菊陽町大字久保田2623"", ""備考"": """", ""共通ID"": ""E4340400010121"", ""受入対象者"": ""要配慮者"", ""指定緊急避難場所との住所同一"": """", ""施設・場所名"": ""福祉センター"", ""経度"": ""130.82902"", ""緯度"": ""32.860964""}]",reference/43000_1.csv,dd6686fa000c3e720180ba96d02aacff987aec1bba3c9bc69a5867fc0089d10d
2026-07-30,2026-07-30T00:13:27+09:00,26/07/30 00:13時点の避難所状況の一覧です。,2026-07-30T00:13+09:00,web:8c1c3f1987d37fce0e6a,8c1c3f1987d37fce0e6a,菊陽町,菊陽杉並木公園,---,false,---,,菊陽町大字原水5326,検索,,,,,https://portal.bousai.pref.kumamoto.jp/sp.html?p=evacuation%2Fshelter&l=15-0&ll=32.63819999999999%2C130.77610000000004&z=9&municipalityCd=430005,5244e4f9cbbec5e41e0aaea4d03aae9fdbab205eb91b10c0255ef31e8e57842c,"{""ルート検索"": ""検索"", ""住所"": ""菊陽町大字原水5326"", ""市町村"": ""菊陽町"", ""混雑状況"": ""---"", ""避難所名"": ""菊陽杉並木公園"", ""開設状況"": ""---""}",unmatched,no_candidate,,0,,,,,,,,,,,[],,[],[],reference/43000_1.csv,dd6686fa000c3e720180ba96d02aacff987aec1bba3c9bc69a5867fc0089d10d
2026-07-30,2026-07-30T00:13:27+09:00,26/07/30 00:13時点の避難所状況の一覧です。,2026-07-30T00:13+09:00,web:6daa438a5618ce431be0,6daa438a5618ce431be0,菊陽町,鼻ぐり井手公園,---,false,---,,菊陽町曲手201-1,検索,,,,,https://portal.bousai.pref.kumamoto.jp/sp.html?p=evacuation%2Fshelter&l=15-0&ll=32.63819999999999%2C130.77610000000004&z=9&municipalityCd=430005,70d77e308d918a1222eedbcc017e0ccf51a2a7c301d8fe35949a24fc9909331e,"{""ルート検索"": ""検索"", ""住所"": ""菊陽町曲手201-1"", ""市町村"": ""菊陽町"", ""混雑状況"": ""---"", ""避難所名"": ""鼻ぐり井手公園"", ""開設状況"": ""---""}",unmatched,no_candidate,,0,,,,,,,,,,,[],,[],[],reference/43000_1.csv,dd6686fa000c3e720180ba96d02aacff987aec1bba3c9bc69a5867fc0089d10d
2026-07-30,2026-07-30T00:13:27+09:00,26/07/30 00:13時点の避難所状況の一覧です。,2026-07-30T00:13+09:00,web:4613aa1fa5e1613557df,4613aa1fa5e1613557df,錦町,人吉海軍航空基地資料館,---,false,---,,熊本県錦町大字木上西2-107,検索,,,,,https://portal.bousai.pref.kumamoto.jp/sp.html?p=evacuation%2Fshelter&l=15-0&ll=32.63819999999999%2C130.77610000000004&z=9&municipalityCd=430005,d6804913a4c29254b655182647dd4179412ba41bd63982122a0d4ec51d4f4765,"{""ルート検索"": ""検索"", ""住所"": ""熊本県錦町大字木上西2-107"", ""市町村"": ""錦町"", ""混雑状況"": ""---"", ""避難所名"": ""人吉海軍航空基地資料館"", ""開設状況"": ""---""}",unmatched,no_candidate,,0,,,,,,,,,,,[],,[],[],reference/43000_1.csv,dd6686fa000c3e720180ba96d02aacff987aec1bba3c9bc69a5867fc0089d10d
2026-07-30,2026-07-30T00:13:27+09:00,26/07/30 00:13時点の避難所状況の一覧です。,2026-07-30T00:13+09:00,web:18599601625d5b23f209,18599601625d5b23f209,錦町,木上コミュニティセンター,---,false,---,,錦町大字木上北2737,検索,,,,,https://portal.bousai.pref.kumamoto.jp/sp.html?p=evacuation%2Fshelter&l=15-0&ll=32.63819999999999%2C130.77610000000004&z=9&municipalityCd=430005,2c30c8f28c4ca21bc8883fabf84f3315050f197694c31cf63e9113067cf44881,"{""ルート検索"": ""検索"", ""住所"": ""錦町大字木上北2737"", ""市町村"": ""錦町"", ""混雑状況"": ""---"", ""避難所名"": ""木上コミュニティセンター"", ""開設状況"": ""---""}",unmatched,fuzzy_below_threshold,0.775,0,,,,,,,,,,,[],,[],"[{""NO"": ""381"", ""その他市町村長が必要と認める事項"": """", ""住所"": ""熊本県錦町大字西266"", ""備考"": """", ""共通ID"": ""E4350100007111"", ""受入対象者"": """", ""指定緊急避難場所との住所同一"": ""1"", ""施設・場所名"": ""西コミュニティセンター"", ""経度"": ""130.823062"", ""緯度"": ""32.19252409""}]",reference/43000_1.csv,dd6686fa000c3e720180ba96d02aacff987aec1bba3c9bc69a5867fc0089d10d
2026-07-30,2026-07-30T00:13:27+09:00,26/07/30 00:13時点の避難所状況の一覧です。,2026-07-30T00:13+09:00,web:9b3c1a50af7551e8664c,9b3c1a50af7551e8664c,長洲町,にじいろはうす,---,false,---,,熊本県玉名郡長洲町宮野999,検索,,,,,https://portal.bousai.pref.kumamoto.jp/sp.html?p=evacuation%2Fshelter&l=15-0&ll=32.63819999999999%2C130.77610000000004&z=9&municipalityCd=430005,aa8d75c2177b36f62a9cbe9f8de545bcb0ed53cb1caed70fc2235c42fccf9c74,"{""ルート検索"": ""検索"", ""住所"": ""熊本県玉名郡長洲町宮野999"", ""市町村"": ""長洲町"", ""混雑状況"": ""---"", ""避難所名"": ""にじいろはうす"", ""開設状況"": ""---""}",unmatched,no_candidate,,0,,,,,,,,,,,[],,[],[],reference/43000_1.csv,dd6686fa000c3e720180ba96d02aacff987aec1bba3c9bc69a5867fc0089d10d
2026-07-30,2026-07-30T00:13:27+09:00,26/07/30 00:13時点の避難所状況の一覧です。,2026-07-30T00:13+09:00,web:7ee7eefa7d81a654a9b5,7ee7eefa7d81a654a9b5,長洲町,一先宮公園,---,false,---,,長洲町大字永塩字宮西,検索,,,,,https://portal.bousai.pref.kumamoto.jp/sp.html?p=evacuation%2Fshelter&l=15-0&ll=32.63819999999999%2C130.77610000000004&z=9&municipalityCd=430005,ff665bfd009dc3cfaa65b4f22336fb99cab150d7b00a72770b72fb58b1c34bd2,"{""ルート検索"": ""検索"", ""住所"": ""長洲町大字永塩字宮西"", ""市町村"": ""長洲町"", ""混雑状況"": ""---"", ""避難所名"": ""一先宮公園"", ""開設状況"": ""---""}",unmatched,no_candidate,,0,,,,,,,,,,,[],,[],[],reference/43000_1.csv,dd6686fa000c3e720180ba96d02aacff987aec1bba3c9bc69a5867fc0089d10d
2026-07-30,2026-07-30T00:13:27+09:00,26/07/30 00:13時点の避難所状況の一覧です。,2026-07-30T00:13+09:00,web:a2b3f6a4709df8068d5b,a2b3f6a4709df8068d5b,長洲町,上沖洲児童公園,---,false,---,,長洲町大字上沖洲字古屋敷,検索,,,,,https://portal.bousai.pref.kumamoto.jp/sp.html?p=evacuation%2Fshelter&l=15-0&ll=32.63819999999999%2C130.77610000000004&z=9&municipalityCd=430005,dc3e5c6fd46f3eb6fa3664d8b6200d7ed3b3ff6d2ac243caccb5a19b624fb7f3,"{""ルート検索"": ""検索"", ""住所"": ""長洲町大字上沖洲字古屋敷"", ""市町村"": ""長洲町"", ""混雑状況"": ""---"", ""避難所名"": ""上沖洲児童公園"", ""開設状況"": ""---""}",unmatched,no_candidate,,0,,,,,,,,,,,[],,[],[],reference/43000_1.csv,dd6686fa000c3e720180ba96d02aacff987aec1bba3c9bc69a5867fc0089d10d
2026-07-30,2026-07-30T00:13:27+09:00,26/07/30 00:13時点の避難所状況の一覧です。,2026-07-30T00:13+09:00,web:6c5033029ab703b02ea3,6c5033029ab703b02ea3,長洲町,中央公園,---,false,---,,長洲町大字長洲字上6,検索,,,,,https://portal.bousai.pref.kumamoto.jp/sp.html?p=evacuation%2Fshelter&l=15-0&ll=32.63819999999999%2C130.77610000000004&z=9&municipalityCd=430005,33a145001b5405fcf237a9dc17daf5892fc326dee25c61d51aace51e70af62da,"{""ルート検索"": ""検索"", ""住所"": ""長洲町大字長洲字上6"", ""市町村"": ""長洲町"", ""混雑状況"": ""---"", ""避難所名"": ""中央公園"", ""開設状況"": ""---""}",unmatched,no_candidate,,0,,,,,,,,,,,[],,[],[],reference/43000_1.csv,dd6686fa000c3e720180ba96d02aacff987aec1bba3c9bc69a5867fc0089d10d
2026-07-30,2026-07-30T00:13:27+09:00,26/07/30 00:13時点の避難所状況の一覧です。,2026-07-30T00:13+09:00,web:212cdd8cce2ce68d73e4,212cdd8cce2ce68d73e4,長洲町,中道児童公園,---,false,---,,長洲町大字長洲字二の割,検索,,,,,https://portal.bousai.pref.kumamoto.jp/sp.html?p=evacuation%2Fshelter&l=15-0&ll=32.63819999999999%2C130.77610000000004&z=9&municipalityCd=430005,41c0dcc1cb7f73528c63115a62899320b37f9296a30590f702bed20b7b1aba5e,"{""ルート検索"": ""検索"", ""住所"": ""長洲町大字長洲字二の割"", ""市町村"": ""長洲町"", ""混雑状況"": ""---"", ""避難所名"": ""中道児童公園"", ""開設状況"": ""---""}",unmatched,no_candidate,,0,,,,,,,,,,,[],,[],[],reference/43000_1.csv,dd6686fa000c3e720180ba96d02aacff987aec1bba3c9bc69a5867fc0089d10d
2026-07-30,2026-07-30T00:13:27+09:00,26/07/30 00:13時点の避難所状況の一覧です。,2026-07-30T00:13+09:00,web:2de2e0d54a53e3ced609,2de2e0d54a53e3ced609,長洲町,六栄緑地広場,---,false,---,,長洲町大字宮野字笹ケ浦,検索,,,,,https://portal.bousai.pref.kumamoto.jp/sp.html?p=evacuation%2Fshelter&l=15-0&ll=32.63819999999999%2C130.77610000000004&z=9&municipalityCd=430005,b740106b337b1c0aa48903aabae5462cfdbdd86a30bfb3c0fe9f188a2abf8159,"{""ルート検索"": ""検索"", ""住所"": ""長洲町大字宮野字笹ケ浦"", ""市町村"": ""長洲町"", ""混雑状況"": ""---"", ""避難所名"": ""六栄緑地広場"", ""開設状況"": ""---""}",unmatched,no_candidate,,0,,,,,,,,,,,[],,[],[],reference/43000_1.csv,dd6686fa000c3e720180ba96d02aacff987aec1bba3c9bc69a5867fc0089d10d
2026-07-30,2026-07-30T00:13:27+09:00,26/07/30 00:13時点の避難所状況の一覧です。,2026-07-30T00:13+09:00,web:6adac1da8533080d2611,6adac1da8533080d2611,長洲町,古城公園,---,false,---,,長洲町大字折崎字古城,検索,,,,,https://portal.bousai.pref.kumamoto.jp/sp.html?p=evacuation%2Fshelter&l=15-0&ll=32.63819999999999%2C130.77610000000004&z=9&municipalityCd=430005,b83e23b14e519553fe67c53f1aeec2f171fc65ea17ea7dc9f8b51c6ffe8147af,"{""ルート検索"": ""検索"", ""住所"": ""長洲町大字折崎字古城"", ""市町村"": ""長洲町"", ""混雑状況"": ""---"", ""避難所名"": ""古城公園"", ""開設状況"": ""---""}",unmatched,no_candidate,,0,,,,,,,,,,,[],,[],[],reference/43000_1.csv,dd6686fa000c3e720180ba96d02aacff987aec1bba3c9bc69a5867fc0089d10d
2026-07-30,2026-07-30T00:13:27+09:00,26/07/30 00:13時点の避難所状況の一覧です。,2026-07-30T00:13+09:00,web:0d808898f4d4d9817bd5,0d808898f4d4d9817bd5,長洲町,古城東児童公園,---,false,---,,長洲町大字折崎字古城,検索,,,,,https://portal.bousai.pref.kumamoto.jp/sp.html?p=evacuation%2Fshelter&l=15-0&ll=32.63819999999999%2C130.77610000000004&z=9&municipalityCd=430005,722116b3402ca4b14ae9c60ead71c773da665c4d9ad59caad06cf54a2c875754,"{""ルート検索"": ""検索"", ""住所"": ""長洲町大字折崎字古城"", ""市町村"": ""長洲町"", ""混雑状況"": ""---"", ""避難所名"": ""古城東児童公園"", ""開設状況"": ""---""}",unmatched,no_candidate,,0,,,,,,,,,,,[],,[],[],reference/43000_1.csv,dd6686fa000c3e720180ba96d02aacff987aec1bba3c9bc69a5867fc0089d10d
2026-07-30,2026-07-30T00:13:27+09:00,26/07/30 00:13時点の避難所状況の一覧です。,2026-07-30T00:13+09:00,web:975b5e018ca3df84a979,975b5e018ca3df84a979,長洲町,古城西児童公園,---,false,---,,長洲町大字折崎字古城,検索,,,,,https://portal.bousai.pref.kumamoto.jp/sp.html?p=evacuation%2Fshelter&l=15-0&ll=32.63819999999999%2C130.77610000000004&z=9&municipalityCd=430005,e2648a2e5c28d96928a27fb11f3e0845ad3f401376699bf4bcbc3aa871a829fa,"{""ルート検索"": ""検索"", ""住所"": ""長洲町大字折崎字古城"", ""市町村"": ""長洲町"", ""混雑状況"": ""---"", ""避難所名"": ""古城西児童公園"", ""開設状況"": ""---""}",unmatched,no_candidate,,0,,,,,,,,,,,[],,[],[],reference/43000_1.csv,dd6686fa000c3e720180ba96d02aacff987aec1bba3c9bc69a5867fc0089d10d
2026-07-30,2026-07-30T00:13:27+09:00,26/07/30 00:13時点の避難所状況の一覧です。,2026-07-30T00:13+09:00,web:e88279ea807647d61f91,e88279ea807647d61f91,長洲町,向野児童公園,---,false,---,,長洲町大字宮野字尾崎,検索,,,,,https://portal.bousai.pref.kumamoto.jp/sp.html?p=evacuation%2Fshelter&l=15-0&ll=32.63819999999999%2C130.77610000000004&z=9&municipalityCd=430005,1a1b2a3ddb3f2a607f86900c8b360d389335f8469f0cccf153cd916aadb69287,"{""ルート検索"": ""検索"", ""住所"": ""長洲町大字宮野字尾崎"", ""市町村"": ""長洲町"", ""混雑状況"": ""---"", ""避難所名"": ""向野児童公園"", ""開設状況"": ""---""}",unmatched,no_candidate,,0,,,,,,,,,,,[],,[],[],reference/43000_1.csv,dd6686fa000c3e720180ba96d02aacff987aec1bba3c9bc69a5867fc0089d10d
2026-07-30,2026-07-30T00:13:27+09:00,26/07/30 00:13時点の避難所状況の一覧です。,2026-07-30T00:13+09:00,web:4cd9019ebe6014eb85a0,4cd9019ebe6014eb85a0,長洲町,宮崎児童公園,---,false,---,,長洲町大字宮野字西屋敷,検索,,,,,https://portal.bousai.pref.kumamoto.jp/sp.html?p=evacuation%2Fshelter&l=15-0&ll=32.63819999999999%2C130.77610000000004&z=9&municipalityCd=430005,30bc17fd7d45390da1db4f80ca9b28693405d392667868864c9c5b43b56c4a8e,"{""ルート検索"": ""検索"", ""住所"": ""長洲町大字宮野字西屋敷"", ""市町村"": ""長洲町"", ""混雑状況"": ""---"", ""避難所名"": ""宮崎児童公園"", ""開設状況"": ""---""}",unmatched,no_candidate,,0,,,,,,,,,,,[],,[],[],reference/43000_1.csv,dd6686fa000c3e720180ba96d02aacff987aec1bba3c9bc69a5867fc0089d10d
2026-07-30,2026-07-30T00:13:27+09:00,26/07/30 00:13時点の避難所状況の一覧です。,2026-07-30T00:13+09:00,web:51dc003fed7ecdb1fdb6,51dc003fed7ecdb1fdb6,長洲町,旧長洲町立長洲中学校校庭,---,false,---,,長洲町大字長洲805-1,検索,,,,,https://portal.bousai.pref.kumamoto.jp/sp.html?p=evacuation%2Fshelter&l=15-0&ll=32.63819999999999%2C130.77610000000004&z=9&municipalityCd=430005,9a716127d26c7be1c8c5aa8036850ad88d3178f9299c67c225b635ac5a3e5d92,"{""ルート検索"": ""検索"", ""住所"": ""長洲町大字長洲805-1"", ""市町村"": ""長洲町"", ""混雑状況"": ""---"", ""避難所名"": ""旧長洲町立長洲中学校校庭"", ""開設状況"": ""---""}",unmatched,fuzzy_below_threshold,0.763,0,,,,,,,,,,,[],,[],"[{""NO"": ""1015"", ""その他市町村長が必要と認める事項"": """", ""住所"": ""熊本県長洲町大字腹赤732"", ""備考"": """", ""共通ID"": ""E4336800024111"", ""受入対象者"": """", ""指定緊急避難場所との住所同一"": ""1"", ""施設・場所名"": ""長洲町立長洲中学校"", ""経度"": ""130.47334032143"", ""緯度"": ""32.926563584447""}]",reference/43000_1.csv,dd6686fa000c3e720180ba96d02aacff987aec1bba3c9bc69a5867fc0089d10d
2026-07-30,2026-07-30T00:13:27+09:00,26/07/30 00:13時点の避難所状況の一覧です。,2026-07-30T00:13+09:00,web:2c97fa2a7a23b764b23b,2c97fa2a7a23b764b23b,長洲町,梅田児童公園,---,false,---,,長洲町大字梅田字辻居屋敷,検索,,,,,https://portal.bousai.pref.kumamoto.jp/sp.html?p=evacuation%2Fshelter&l=15-0&ll=32.63819999999999%2C130.77610000000004&z=9&municipalityCd=430005,8afb33169226afdfaa72e0fb0624de3fc4de76fc8590cd5ef977c8324ce68051,"{""ルート検索"": ""検索"", ""住所"": ""長洲町大字梅田字辻居屋敷"", ""市町村"": ""長洲町"", ""混雑状況"": ""---"", ""避難所名"": ""梅田児童公園"", ""開設状況"": ""---""}",unmatched,no_candidate,,0,,,,,,,,,,,[],,[],[],reference/43000_1.csv,dd6686fa000c3e720180ba96d02aacff987aec1bba3c9bc69a5867fc0089d10d
2026-07-30,2026-07-30T00:13:27+09:00,26/07/30 00:13時点の避難所状況の一覧です。,2026-07-30T00:13+09:00,web:efac0e3c5338ff637008,efac0e3c5338ff637008,長洲町,清源寺児童公園,---,false,---,,長洲町大字清源寺字前田,検索,,,,,https://portal.bousai.pref.kumamoto.jp/sp.html?p=evacuation%2Fshelter&l=15-0&ll=32.63819999999999%2C130.77610000000004&z=9&municipalityCd=430005,9b03bf17ac27e6711de7df6d8d741c22defc470afcabc77dd0ab4cec099a1cd6,"{""ルート検索"": ""検索"", ""住所"": ""長洲町大字清源寺字前田"", ""市町村"": ""長洲町"", ""混雑状況"": ""---"", ""避難所名"": ""清源寺児童公園"", ""開設状況"": ""---""}",unmatched,no_candidate,,0,,,,,,,,,,,[],,[],[],reference/43000_1.csv,dd6686fa000c3e720180ba96d02aacff987aec1bba3c9bc69a5867fc0089d10d
2026-07-30,2026-07-30T00:13:27+09:00,26/07/30 00:13時点の避難所状況の一覧です。,2026-07-30T00:13+09:00,web:bbfe507e731aa0b3a595,bbfe507e731aa0b3a595,長洲町,清里児童公園,---,false,---,,長洲町大字高浜字建山,検索,,,,,https://portal.bousai.pref.kumamoto.jp/sp.html?p=evacuation%2Fshelter&l=15-0&ll=32.63819999999999%2C130.77610000000004&z=9&municipalityCd=430005,f04fa2e89303baae9d14bd5007a26b26294590a633215062c723729aaae5e3ad,"{""ルート検索"": ""検索"", ""住所"": ""長洲町大字高浜字建山"", ""市町村"": ""長洲町"", ""混雑状況"": ""---"", ""避難所名"": ""清里児童公園"", ""開設状況"": ""---""}",unmatched,no_candidate,,0,,,,,,,,,,,[],,[],[],reference/43000_1.csv,dd6686fa000c3e720180ba96d02aacff987aec1bba3c9bc69a5867fc0089d10d
2026-07-30,2026-07-30T00:13:27+09:00,26/07/30 00:13時点の避難所状況の一覧です。,2026-07-30T00:13+09:00,web:88dff1cab3321da0ca00,88dff1cab3321da0ca00,長洲町,笹ケ浦公園,---,false,---,,長洲町大字宮野字笹ケ浦,検索,,,,,https://portal.bousai.pref.kumamoto.jp/sp.html?p=evacuation%2Fshelter&l=15-0&ll=32.63819999999999%2C130.77610000000004&z=9&municipalityCd=430005,886f1e43eeaf412508d1da23df0866a832e3879ec98aedf3b7d021f626044631,"{""ルート検索"": ""検索"", ""住所"": ""長洲町大字宮野字笹ケ浦"", ""市町村"": ""長洲町"", ""混雑状況"": ""---"", ""避難所名"": ""笹ケ浦公園"", ""開設状況"": ""---""}",unmatched,no_candidate,,0,,,,,,,,,,,[],,[],[],reference/43000_1.csv,dd6686fa000c3e720180ba96d02aacff987aec1bba3c9bc69a5867fc0089d10d
2026-07-30,2026-07-30T00:13:27+09:00,26/07/30 00:13時点の避難所状況の一覧です。,2026-07-30T00:13+09:00,web:fa03384b610800f9ee14,fa03384b610800f9ee14,長洲町,腹赤児童公園,---,false,---,,長洲町大字腹赤字元徳,検索,,,,,https://portal.bousai.pref.kumamoto.jp/sp.html?p=evacuation%2Fshelter&l=15-0&ll=32.63819999999999%2C130.77610000000004&z=9&municipalityCd=430005,0092ce98b318adad8f8e2d9ba796ab5cf54a78c5f8f935dabf09ddf35feb6453,"{""ルート検索"": ""検索"", ""住所"": ""長洲町大字腹赤字元徳"", ""市町村"": ""長洲町"", ""混雑状況"": ""---"", ""避難所名"": ""腹赤児童公園"", ""開設状況"": ""---""}",unmatched,no_candidate,,0,,,,,,,,,,,[],,[],[],reference/43000_1.csv,dd6686fa000c3e720180ba96d02aacff987aec1bba3c9bc69a5867fc0089d10d
2026-07-30,2026-07-30T00:13:27+09:00,26/07/30 00:13時点の避難所状況の一覧です。,2026-07-30T00:13+09:00,web:e9cf61fdd8ee6dc0bf9e,e9cf61fdd8ee6dc0bf9e,長洲町,長洲小学校校庭,---,false,---,,長洲町大字長洲1776,検索,,,,,https://portal.bousai.pref.kumamoto.jp/sp.html?p=evacuation%2Fshelter&l=15-0&ll=32.63819999999999%2C130.77610000000004&z=9&municipalityCd=430005,cd74e23523e4503452682aa99769ea2d40b090b7912f2da1bdaafa7674e7fcc9,"{""ルート検索"": ""検索"", ""住所"": ""長洲町大字長洲1776"", ""市町村"": ""長洲町"", ""混雑状況"": ""---"", ""避難所名"": ""長洲小学校校庭"", ""開設状況"": ""---""}",unmatched,no_candidate,,0,,,,,,,,,,,[],,[],[],reference/43000_1.csv,dd6686fa000c3e720180ba96d02aacff987aec1bba3c9bc69a5867fc0089d10d
2026-07-30,2026-07-30T00:13:27+09:00,26/07/30 00:13時点の避難所状況の一覧です。,2026-07-30T00:13+09:00,web:b8177e19ac91099204ae,b8177e19ac91099204ae,長洲町,長洲町民体育,---,false,---,,熊本県玉名郡長洲町長洲810-1,検索,,,,,https://portal.bousai.pref.kumamoto.jp/sp.html?p=evacuation%2Fshelter&l=15-0&ll=32.63819999999999%2C130.77610000000004&z=9&municipalityCd=430005,12744ed08f68ca0963e5d2b75ae3e7ee1d746133f36b88a37bcbf38205768798,"{""ルート検索"": ""検索"", ""住所"": ""熊本県玉名郡長洲町長洲810-1"", ""市町村"": ""長洲町"", ""混雑状況"": ""---"", ""避難所名"": ""長洲町民体育"", ""開設状況"": ""---""}",unmatched,fuzzy_below_threshold,0.898,0,,,,,,,,,,,[],,[],"[{""NO"": ""1012"", ""その他市町村長が必要と認める事項"": """", ""住所"": ""熊本県長洲町大字長洲805-1"", ""備考"": """", ""共通ID"": ""E4336800020112"", ""受入対象者"": """", ""指定緊急避難場所との住所同一"": ""1"", ""施設・場所名"": ""長洲町民体育館"", ""経度"": ""130.440215"", ""緯度"": ""32.940227""}]",reference/43000_1.csv,dd6686fa000c3e720180ba96d02aacff987aec1bba3c9bc69a5867fc0089d10d
2026-07-30,2026-07-30T00:13:27+09:00,26/07/30 00:13時点の避難所状況の一覧です。,2026-07-30T00:13+09:00,web:d445750c3d020012c626,d445750c3d020012c626,長洲町,長洲町立六栄小学校校庭,---,false,---,,長洲町大字宮野957-1,検索,,,,,https://portal.bousai.pref.kumamoto.jp/sp.html?p=evacuation%2Fshelter&l=15-0&ll=32.63819999999999%2C130.77610000000004&z=9&municipalityCd=430005,1e7d0a74dc48f2b73c5c427ba952f2b7263e77aa8bf1482e25cab6b1cbf6be2a,"{""ルート検索"": ""検索"", ""住所"": ""長洲町大字宮野957-1"", ""市町村"": ""長洲町"", ""混雑状況"": ""---"", ""避難所名"": ""長洲町立六栄小学校校庭"", ""開設状況"": ""---""}",unmatched,fuzzy_below_threshold,0.918,0,,,,,,,,,,,[],,[],"[{""NO"": ""1006"", ""その他市町村長が必要と認める事項"": """", ""住所"": ""熊本県長洲町大字宮野957-1"", ""備考"": """", ""共通ID"": ""E4336800006111"", ""受入対象者"": """", ""指定緊急避難場所との住所同一"": ""1"", ""施設・場所名"": ""長洲町立六栄小学校"", ""経度"": ""130.47684182209"", ""緯度"": ""32.933271033331""}]",reference/43000_1.csv,dd6686fa000c3e720180ba96d02aacff987aec1bba3c9bc69a5867fc0089d10d
2026-07-30,2026-07-30T00:13:27+09:00,26/07/30 00:13時点の避難所状況の一覧です。,2026-07-30T00:13+09:00,web:07477d20f92bb837349b,07477d20f92bb837349b,長洲町,長洲町立清里小学校校庭,---,false,---,,長洲町大字高浜1250,検索,,,,,https://portal.bousai.pref.kumamoto.jp/sp.html?p=evacuation%2Fshelter&l=15-0&ll=32.63819999999999%2C130.77610000000004&z=9&municipalityCd=430005,776acbfbeed46da92cd1f4aa54b4cb5d3ba7762a9fbf038c7eaefbdc1cfc8653,"{""ルート検索"": ""検索"", ""住所"": ""長洲町大字高浜1250"", ""市町村"": ""長洲町"", ""混雑状況"": ""---"", ""避難所名"": ""長洲町立清里小学校校庭"", ""開設状況"": ""---""}",unmatched,fuzzy_below_threshold,0.918,0,,,,,,,,,,,[],,[],"[{""NO"": ""1008"", ""その他市町村長が必要と認める事項"": """", ""住所"": ""熊本県長洲町大字高浜1250"", ""備考"": """", ""共通ID"": ""E4336800008111"", ""受入対象者"": """", ""指定緊急避難場所との住所同一"": ""1"", ""施設・場所名"": ""長洲町立清里小学校"", ""経度"": ""130.45603589815"", ""緯度"": ""32.939873012263""}]",reference/43000_1.csv,dd6686fa000c3e720180ba96d02aacff987aec1bba3c9bc69a5867fc0089d10d
2026-07-30,2026-07-30T00:13:27+09:00,26/07/30 00:13時点の避難所状況の一覧です。,2026-07-30T00:13+09:00,web:497d24103d280a451db7,497d24103d280a451db7,長洲町,長洲町立腹赤小学校校庭,---,false,---,,長洲町大字腹赤125,検索,,,,,https://portal.bousai.pref.kumamoto.jp/sp.html?p=evacuation%2Fshelter&l=15-0&ll=32.63819999999999%2C130.77610000000004&z=9&municipalityCd=430005,eb08513a9eb926a1e4d980b1fb99f77706fd12f7a9832513d99cdc0b93617c39,"{""ルート検索"": ""検索"", ""住所"": ""長洲町大字腹赤125"", ""市町村"": ""長洲町"", ""混雑状況"": ""---"", ""避難所名"": ""長洲町立腹赤小学校校庭"", ""開設状況"": ""---""}",unmatched,fuzzy_below_threshold,0.918,0,,,,,,,,,,,[],,[],"[{""NO"": ""1013"", ""その他市町村長が必要と認める事項"": """", ""住所"": ""熊本県長洲町大字腹赤125"", ""備考"": """", ""共通ID"": ""E4336800022111"", ""受入対象者"": """", ""指定緊急避難場所との住所同一"": ""1"", ""施設・場所名"": ""長洲町立腹赤小学校"", ""経度"": ""130.47339762698"", ""緯度"": ""32.920233600533""}]",reference/43000_1.csv,dd6686fa000c3e720180ba96d02aacff987aec1bba3c9bc69a5867fc0089d10d
2026-07-30,2026-07-30T00:13:27+09:00,26/07/30 00:13時点の避難所状況の一覧です。,2026-07-30T00:13+09:00,web:aa79d466c8b3b32c05e6,aa79d466c8b3b32c05e6,長洲町,長洲町立長洲中学校校庭,---,false,---,,長洲町大字腹赤732,検索,,,,,https://portal.bousai.pref.kumamoto.jp/sp.html?p=evacuation%2Fshelter&l=15-0&ll=32.63819999999999%2C130.77610000000004&z=9&municipalityCd=430005,eeb883b06402e6db4fb2a5a490839e097e46bbb098e6676ffc523c73af37ed6f,"{""ルート検索"": ""検索"", ""住所"": ""長洲町大字腹赤732"", ""市町村"": ""長洲町"", ""混雑状況"": ""---"", ""避難所名"": ""長洲町立長洲中学校校庭"", ""開設状況"": ""---""}",unmatched,fuzzy_below_threshold,0.918,0,,,,,,,,,,,[],,[],"[{""NO"": ""1015"", ""その他市町村長が必要と認める事項"": """", ""住所"": ""熊本県長洲町大字腹赤732"", ""備考"": """", ""共通ID"": ""E4336800024111"", ""受入対象者"": """", ""指定緊急避難場所との住所同一"": ""1"", ""施設・場所名"": ""長洲町立長洲中学校"", ""経度"": ""130.47334032143"", ""緯度"": ""32.926563584447""}, {""NO"": ""1010"", ""その他市町村長が必要と認める事項"": """", ""住所"": ""熊本県長洲町大字長洲1776"", ""備考"": """", ""共通ID"": ""E4336800017111"", ""受入対象者"": """", ""指定緊急避難場所との住所同一"": ""1"", ""施設・場所名"": ""長洲町立長洲小学校"", ""経度"": ""130.446435"", ""緯度"": ""32.931687014763""}]",reference/43000_1.csv,dd6686fa000c3e720180ba96d02aacff987aec1bba3c9bc69a5867fc0089d10d
2026-07-30,2026-07-30T00:13:27+09:00,26/07/30 00:13時点の避難所状況の一覧です。,2026-07-30T00:13+09:00,web:38013cce8e87ad744b39,38013cce8e87ad744b39,阿蘇市,かんぽの宿阿蘇,---,false,---,,阿蘇市一の宮町宮地5936,検索,,,,,https://portal.bousai.pref.kumamoto.jp/sp.html?p=evacuation%2Fshelter&l=15-0&ll=32.63819999999999%2C130.77610000000004&z=9&municipalityCd=430005,67d6d481936cfe51be0c152656b4253c012fd3097e7deec4dfb3aaefcea054ce,"{""ルート検索"": ""検索"", ""住所"": ""阿蘇市一の宮町宮地5936"", ""市町村"": ""阿蘇市"", ""混雑状況"": ""---"", ""避難所名"": ""かんぽの宿阿蘇"", ""開設状況"": ""---""}",unmatched,no_candidate,,0,,,,,,,,,,,[],,[],[],reference/43000_1.csv,dd6686fa000c3e720180ba96d02aacff987aec1bba3c9bc69a5867fc0089d10d
2026-07-30,2026-07-30T00:13:27+09:00,26/07/30 00:13時点の避難所状況の一覧です。,2026-07-30T00:13+09:00,web:c9f12ac6a45ebff5ed22,c9f12ac6a45ebff5ed22,阿蘇市,はな阿蘇美,---,false,---,,阿蘇市小里781,検索,,,,,https://portal.bousai.pref.kumamoto.jp/sp.html?p=evacuation%2Fshelter&l=15-0&ll=32.63819999999999%2C130.77610000000004&z=9&municipalityCd=430005,a9098a23415d863f350a1c6ee3bad1c058fbff912a152f987891f3f15536c5e5,"{""ルート検索"": ""検索"", ""住所"": ""阿蘇市小里781"", ""市町村"": ""阿蘇市"", ""混雑状況"": ""---"", ""避難所名"": ""はな阿蘇美"", ""開設状況"": ""---""}",unmatched,no_candidate,,0,,,,,,,,,,,[],,[],[],reference/43000_1.csv,dd6686fa000c3e720180ba96d02aacff987aec1bba3c9bc69a5867fc0089d10d
2026-07-30,2026-07-30T00:13:27+09:00,26/07/30 00:13時点の避難所状況の一覧です。,2026-07-30T00:13+09:00,web:97e8230a02320fdad8ea,97e8230a02320fdad8ea,阿蘇市,一の宮就業改善センター,---,false,---,,熊本県阿蘇市一の宮町宮地2318-1,検索,,,,,https://portal.bousai.pref.kumamoto.jp/sp.html?p=evacuation%2Fshelter&l=15-0&ll=32.63819999999999%2C130.77610000000004&z=9&municipalityCd=430005,a25940cb69575cf4c0b2e7b1272649a44b3cb982098975eac05724a6ff4fd1b8,"{""ルート検索"": ""検索"", ""住所"": ""熊本県阿蘇市一の宮町宮地2318-1"", ""市町村"": ""阿蘇市"", ""混雑状況"": ""---"", ""避難所名"": ""一の宮就業改善センター"", ""開設状況"": ""---""}",unmatched,fuzzy_below_threshold,0.812,0,,,,,,,,,,,[],,[],"[{""NO"": ""14"", ""その他市町村長が必要と認める事項"": """", ""住所"": ""熊本県阿蘇市一の宮町宮地1288"", ""備考"": """", ""共通ID"": ""E4321400002111"", ""受入対象者"": """", ""指定緊急避難場所との住所同一"": ""1"", ""施設・場所名"": ""一の宮農業構造改善センター"", ""経度"": ""131.125423"", ""緯度"": ""32.937754""}]",reference/43000_1.csv,dd6686fa000c3e720180ba96d02aacff987aec1bba3c9bc69a5867fc0089d10d
2026-07-30,2026-07-30T00:13:27+09:00,26/07/30 00:13時点の避難所状況の一覧です。,2026-07-30T00:13+09:00,web:46c3cbe00a6a3ad5f782,46c3cbe00a6a3ad5f782,阿蘇市,一の宮運動公園,---,false,---,,阿蘇市一の宮町宮地4796-1,検索,,,,,https://portal.bousai.pref.kumamoto.jp/sp.html?p=evacuation%2Fshelter&l=15-0&ll=32.63819999999999%2C130.77610000000004&z=9&municipalityCd=430005,5e44079ecd6f320e3ca3ac0610e10d9afd426b5237e7f44d19e9513491095e5e,"{""ルート検索"": ""検索"", ""住所"": ""阿蘇市一の宮町宮地4796-1"", ""市町村"": ""阿蘇市"", ""混雑状況"": ""---"", ""避難所名"": ""一の宮運動公園"", ""開設状況"": ""---""}",unmatched,no_candidate,,0,,,,,,,,,,,[],,[],[],reference/43000_1.csv,dd6686fa000c3e720180ba96d02aacff987aec1bba3c9bc69a5867fc0089d10d
2026-07-30,2026-07-30T00:13:27+09:00,26/07/30 00:13時点の避難所状況の一覧です。,2026-07-30T00:13+09:00,web:c226686b90dffceece23,c226686b90dffceece23,阿蘇市,旧尾ケ石西部小学校跡,---,false,---,,阿蘇市的石885-1,検索,,,,,https://portal.bousai.pref.kumamoto.jp/sp.html?p=evacuation%2Fshelter&l=15-0&ll=32.63819999999999%2C130.77610000000004&z=9&municipalityCd=430005,f07874b130510c7057db98ed370b1865aca1f4322891816245619d8de3add652,"{""ルート検索"": ""検索"", ""住所"": ""阿蘇市的石885-1"", ""市町村"": ""阿蘇市"", ""混雑状況"": ""---"", ""避難所名"": ""旧尾ケ石西部小学校跡"", ""開設状況"": ""---""}",unmatched,no_candidate,,0,,,,,,,,,,,[],,[],[],reference/43000_1.csv,dd6686fa000c3e720180ba96d02aacff987aec1bba3c9bc69a5867fc0089d10d
2026-07-30,2026-07-30T00:13:27+09:00,26/07/30 00:13時点の避難所状況の一覧です。,2026-07-30T00:13+09:00,web:53fa82f50e5c4b9b686c,53fa82f50e5c4b9b686c,阿蘇市,波野グラウンド,---,false,---,,阿蘇市波野大字小園882,検索,,,,,https://portal.bousai.pref.kumamoto.jp/sp.html?p=evacuation%2Fshelter&l=15-0&ll=32.63819999999999%2C130.77610000000004&z=9&municipalityCd=430005,ebddcf3062c2e1b7d57726bc9d68e951e9aa44d056e40392e755739c15b6b7a8,"{""ルート検索"": ""検索"", ""住所"": ""阿蘇市波野大字小園882"", ""市町村"": ""阿蘇市"", ""混雑状況"": ""---"", ""避難所名"": ""波野グラウンド"", ""開設状況"": ""---""}",unmatched,no_candidate,,0,,,,,,,,,,,[],,[],[],reference/43000_1.csv,dd6686fa000c3e720180ba96d02aacff987aec1bba3c9bc69a5867fc0089d10d
2026-07-30,2026-07-30T00:13:27+09:00,26/07/30 00:13時点の避難所状況の一覧です。,2026-07-30T00:13+09:00,web:c49e97577f721016dbc0,c49e97577f721016dbc0,阿蘇市,波野公民館,---,false,---,,阿蘇市波野大字波野2709-7,検索,,,,,https://portal.bousai.pref.kumamoto.jp/sp.html?p=evacuation%2Fshelter&l=15-0&ll=32.63819999999999%2C130.77610000000004&z=9&municipalityCd=430005,11a2a2075821b65802395d7805a823a48d106670ac674c3dba0cf45fb2f3d0b1,"{""ルート検索"": ""検索"", ""住所"": ""阿蘇市波野大字波野2709-7"", ""市町村"": ""阿蘇市"", ""混雑状況"": ""---"", ""避難所名"": ""波野公民館"", ""開設状況"": ""---""}",unmatched,no_candidate,,0,,,,,,,,,,,[],,[],[],reference/43000_1.csv,dd6686fa000c3e720180ba96d02aacff987aec1bba3c9bc69a5867fc0089d10d
2026-07-30,2026-07-30T00:13:27+09:00,26/07/30 00:13時点の避難所状況の一覧です。,2026-07-30T00:13+09:00,web:07e10ed4e12caccd2597,07e10ed4e12caccd2597,阿蘇市,跡ケ瀬コミュニケーションセンター,---,false,---,,阿蘇市跡ケ瀬165-4,検索,,,,,https://portal.bousai.pref.kumamoto.jp/sp.html?p=evacuation%2Fshelter&l=15-0&ll=32.63819999999999%2C130.77610000000004&z=9&municipalityCd=430005,a13a3ff81cafc1759bd1caff9bbb95567a8c6f69268986b2668b256daefa971f,"{""ルート検索"": ""検索"", ""住所"": ""阿蘇市跡ケ瀬165-4"", ""市町村"": ""阿蘇市"", ""混雑状況"": ""---"", ""避難所名"": ""跡ケ瀬コミュニケーションセンター"", ""開設状況"": ""---""}",unmatched,no_candidate,,0,,,,,,,,,,,[],,[],[],reference/43000_1.csv,dd6686fa000c3e720180ba96d02aacff987aec1bba3c9bc69a5867fc0089d10d
2026-07-30,2026-07-30T00:13:27+09:00,26/07/30 00:13時点の避難所状況の一覧です。,2026-07-30T00:13+09:00,web:0528e55803397f5011d6,0528e55803397f5011d6,阿蘇市,農村公園あぴか,---,false,---,,阿蘇市黒川656,検索,,,,,https://portal.bousai.pref.kumamoto.jp/sp.html?p=evacuation%2Fshelter&l=15-0&ll=32.63819999999999%2C130.77610000000004&z=9&municipalityCd=430005,a3d208bd58d44d5a9c91b5a29c892a90a4daf5adb39aa79a70a45434e36512b2,"{""ルート検索"": ""検索"", ""住所"": ""阿蘇市黒川656"", ""市町村"": ""阿蘇市"", ""混雑状況"": ""---"", ""避難所名"": ""農村公園あぴか"", ""開設状況"": ""---""}",unmatched,no_candidate,,0,,,,,,,,,,,[],,[],[],reference/43000_1.csv,dd6686fa000c3e720180ba96d02aacff987aec1bba3c9bc69a5867fc0089d10d
2026-07-30,2026-07-30T00:13:27+09:00,26/07/30 00:13時点の避難所状況の一覧です。,2026-07-30T00:13+09:00,web:0937c958e308f36744dc,0937c958e308f36744dc,阿蘇市,道の駅「波野」神楽苑(駐車場),---,false,---,,阿蘇市波野大字小地野1602,検索,,,,,https://portal.bousai.pref.kumamoto.jp/sp.html?p=evacuation%2Fshelter&l=15-0&ll=32.63819999999999%2C130.77610000000004&z=9&municipalityCd=430005,96da7fe24f155ffb0a839b85cf30a4d001e5ca4fadbeb7e89fb33fd08ff4562b,"{""ルート検索"": ""検索"", ""住所"": ""阿蘇市波野大字小地野1602"", ""市町村"": ""阿蘇市"", ""混雑状況"": ""---"", ""避難所名"": ""道の駅「波野」神楽苑(駐車場)"", ""開設状況"": ""---""}",unmatched,fuzzy_below_threshold,0.836,0,,,,,,,,,,,[],,[],"[{""NO"": ""42"", ""その他市町村長が必要と認める事項"": """", ""住所"": ""熊本県阿蘇市波野大字小地野1602"", ""備考"": """", ""共通ID"": ""E4321400041111"", ""受入対象者"": """", ""指定緊急避難場所との住所同一"": ""1"", ""施設・場所名"": ""道の駅「波野」神楽苑"", ""経度"": ""131.19726"", ""緯度"": ""32.959886""}]",reference/43000_1.csv,dd6686fa000c3e720180ba96d02aacff987aec1bba3c9bc69a5867fc0089d10d
2026-07-30,2026-07-30T00:13:27+09:00,26/07/30 00:13時点の避難所状況の一覧です。,2026-07-30T00:13+09:00,web:dd9baa52cc9bf33c58c3,dd9baa52cc9bf33c58c3,阿蘇市,道の駅「阿蘇」,---,false,---,,阿蘇市黒川1440-1,検索,,,,,https://portal.bousai.pref.kumamoto.jp/sp.html?p=evacuation%2Fshelter&l=15-0&ll=32.63819999999999%2C130.77610000000004&z=9&municipalityCd=430005,8b8c1d0bb94631badec285d37d24960b314aa20ba86beaecb9286d777fa86c6d,"{""ルート検索"": ""検索"", ""住所"": ""阿蘇市黒川1440-1"", ""市町村"": ""阿蘇市"", ""混雑状況"": ""---"", ""避難所名"": ""道の駅「阿蘇」"", ""開設状況"": ""---""}",unmatched,no_candidate,,0,,,,,,,,,,,[],,[],[],reference/43000_1.csv,dd6686fa000c3e720180ba96d02aacff987aec1bba3c9bc69a5867fc0089d10d
2026-07-30,2026-07-30T00:13:27+09:00,26/07/30 00:13時点の避難所状況の一覧です。,2026-07-30T00:13+09:00,web:66fb00f4bd45afcb27a5,66fb00f4bd45afcb27a5,阿蘇市,阿蘇内牧ファミリーパークあそ☆ビバ,---,false,---,,阿蘇市内牧261-1,検索,,,,,https://portal.bousai.pref.kumamoto.jp/sp.html?p=evacuation%2Fshelter&l=15-0&ll=32.63819999999999%2C130.77610000000004&z=9&municipalityCd=430005,221af30fe3e7c5218b8b8bb8312b59afe66f223d7989ae0f8230cdfde25dc306,"{""ルート検索"": ""検索"", ""住所"": ""阿蘇市内牧261-1"", ""市町村"": ""阿蘇市"", ""混雑状況"": ""---"", ""避難所名"": ""阿蘇内牧ファミリーパークあそ☆ビバ"", ""開設状況"": ""---""}",unmatched,no_candidate,,0,,,,,,,,,,,[],,[],[],reference/43000_1.csv,dd6686fa000c3e720180ba96d02aacff987aec1bba3c9bc69a5867fc0089d10d
2026-07-30,2026-07-30T00:13:27+09:00,26/07/30 00:13時点の避難所状況の一覧です。,2026-07-30T00:13+09:00,web:44aac90d439de3c99d0b,44aac90d439de3c99d0b,阿蘇市,阿蘇小学校体育館,---,false,---,,阿蘇市黒川1234-1,検索,,,,,https://portal.bousai.pref.kumamoto.jp/sp.html?p=evacuation%2Fshelter&l=15-0&ll=32.63819999999999%2C130.77610000000004&z=9&municipalityCd=430005,b4067b962ed63502de6d5dd8e74a0f7ab0ffa6a4c3ceb5c4258a868d8a62c429,"{""ルート検索"": ""検索"", ""住所"": ""阿蘇市黒川1234-1"", ""市町村"": ""阿蘇市"", ""混雑状況"": ""---"", ""避難所名"": ""阿蘇小学校体育館"", ""開設状況"": ""---""}",unmatched,fuzzy_below_threshold,0.862,0,,,,,,,,,,,[],,[],"[{""NO"": ""38"", ""その他市町村長が必要と認める事項"": """", ""住所"": ""熊本県阿蘇市的石1494"", ""備考"": """", ""共通ID"": ""E4321400033111"", ""受入対象者"": """", ""指定緊急避難場所との住所同一"": ""1"", ""施設・場所名"": ""阿蘇西小学校体育館"", ""経度"": ""131.001526"", ""緯度"": ""32.927342""}, {""NO"": ""40"", ""その他市町村長が必要と認める事項"": """", ""住所"": ""熊本県阿蘇市内牧609"", ""備考"": """", ""共通ID"": ""E4321400037111"", ""受入対象者"": """", ""指定緊急避難場所との住所同一"": ""1"", ""施設・場所名"": ""阿蘇中学校体育館"", ""経度"": ""131.037404"", ""緯度"": ""32.968051""}]",reference/43000_1.csv,dd6686fa000c3e720180ba96d02aacff987aec1bba3c9bc69a5867fc0089d10d
2026-07-30,2026-07-30T00:13:27+09:00,26/07/30 00:13時点の避難所状況の一覧です。,2026-07-30T00:13+09:00,web:dcb24530f4fea5739eed,dcb24530f4fea5739eed,阿蘇市,阿蘇草原保全活動センター,---,false,---,,阿蘇市小里656-6,検索,,,,,https://portal.bousai.pref.kumamoto.jp/sp.html?p=evacuation%2Fshelter&l=15-0&ll=32.63819999999999%2C130.77610000000004&z=9&municipalityCd=430005,29f59358a20754c17bc3774be180ce39c803d65f46de358b348f3af800eb82e6,"{""ルート検索"": ""検索"", ""住所"": ""阿蘇市小里656-6"", ""市町村"": ""阿蘇市"", ""混雑状況"": ""---"", ""避難所名"": ""阿蘇草原保全活動センター"", ""開設状況"": ""---""}",unmatched,no_candidate,,0,,,,,,,,,,,[],,[],[],reference/43000_1.csv,dd6686fa000c3e720180ba96d02aacff987aec1bba3c9bc69a5867fc0089d10d
2026-07-30,2026-07-30T00:13:27+09:00,26/07/30 00:13時点の避難所状況の一覧です。,2026-07-30T00:13+09:00,web:0d959fa18a9158ad093e,0d959fa18a9158ad093e,阿蘇市,阿蘇駅前噴水広場,---,false,---,,阿蘇市黒川1444-1,検索,,,,,https://portal.bousai.pref.kumamoto.jp/sp.html?p=evacuation%2Fshelter&l=15-0&ll=32.63819999999999%2C130.77610000000004&z=9&municipalityCd=430005,ced22f18735057297bad6f620f0cd120f12590ef11c78c9b5003f542e26b5702,"{""ルート検索"": ""検索"", ""住所"": ""阿蘇市黒川1444-1"", ""市町村"": ""阿蘇市"", ""混雑状況"": ""---"", ""避難所名"": ""阿蘇駅前噴水広場"", ""開設状況"": ""---""}",unmatched,no_candidate,,0,,,,,,,,,,,[],,[],[],reference/43000_1.csv,dd6686fa000c3e720180ba96d02aacff987aec1bba3c9bc69a5867fc0089d10d
2026-07-30,2026-07-30T00:13:27+09:00,26/07/30 00:13時点の避難所状況の一覧です。,2026-07-30T00:13+09:00,web:79067501682834c3692e,79067501682834c3692e,高森町,旧尾下小学校グラウンド,---,false,---,,高森町大字尾下3920,検索,,,,,https://portal.bousai.pref.kumamoto.jp/sp.html?p=evacuation%2Fshelter&l=15-0&ll=32.63819999999999%2C130.77610000000004&z=9&municipalityCd=430005,31ac3d89182799e3409ab1f9cd1c9d0745a58e6616ff3ee031bf6faf67e144a0,"{""ルート検索"": ""検索"", ""住所"": ""高森町大字尾下3920"", ""市町村"": ""高森町"", ""混雑状況"": ""---"", ""避難所名"": ""旧尾下小学校グラウンド"", ""開設状況"": ""---""}",unmatched,no_candidate,,0,,,,,,,,,,,[],,[],[],reference/43000_1.csv,dd6686fa000c3e720180ba96d02aacff987aec1bba3c9bc69a5867fc0089d10d
2026-07-30,2026-07-30T00:13:27+09:00,26/07/30 00:13時点の避難所状況の一覧です。,2026-07-30T00:13+09:00,web:1551c6b94d6eca199504,1551c6b94d6eca199504,高森町,河原生涯学習センターグラウンド,---,false,---,,高森町大字河原2113-1,検索,,,,,https://portal.bousai.pref.kumamoto.jp/sp.html?p=evacuation%2Fshelter&l=15-0&ll=32.63819999999999%2C130.77610000000004&z=9&municipalityCd=430005,92ce6906a63adc320d4dd7d07f16af0d35e5a21b9a2162e5463a1fd43e0051e4,"{""ルート検索"": ""検索"", ""住所"": ""高森町大字河原2113-1"", ""市町村"": ""高森町"", ""混雑状況"": ""---"", ""避難所名"": ""河原生涯学習センターグラウンド"", ""開設状況"": ""---""}",unmatched,no_candidate,,0,,,,,,,,,,,[],,[],[],reference/43000_1.csv,dd6686fa000c3e720180ba96d02aacff987aec1bba3c9bc69a5867fc0089d10d
2026-07-30,2026-07-30T00:13:27+09:00,26/07/30 00:13時点の避難所状況の一覧です。,2026-07-30T00:13+09:00,web:6ecc76667a22cb55f10c,6ecc76667a22cb55f10c,高森町,湧水トンネル駐車場,---,false,---,,高森町大字高森731-1、733、735-1,検索,,,,,https://portal.bousai.pref.kumamoto.jp/sp.html?p=evacuation%2Fshelter&l=15-0&ll=32.63819999999999%2C130.77610000000004&z=9&municipalityCd=430005,345139f542f2483fb9c2d649e1f2611b3da2bbe1001b4330c62711af2a71b8c3,"{""ルート検索"": ""検索"", ""住所"": ""高森町大字高森731-1、733、735-1"", ""市町村"": ""高森町"", ""混雑状況"": ""---"", ""避難所名"": ""湧水トンネル駐車場"", ""開設状況"": ""---""}",unmatched,no_candidate,,0,,,,,,,,,,,[],,[],[],reference/43000_1.csv,dd6686fa000c3e720180ba96d02aacff987aec1bba3c9bc69a5867fc0089d10d
2026-07-30,2026-07-30T00:13:27+09:00,26/07/30 00:13時点の避難所状況の一覧です。,2026-07-30T00:13+09:00,web:ded7c1f3eead37969c9c,ded7c1f3eead37969c9c,高森町,色見生涯学習センターグラウンド,---,false,---,,高森町大字色見1136,検索,,,,,https://portal.bousai.pref.kumamoto.jp/sp.html?p=evacuation%2Fshelter&l=15-0&ll=32.63819999999999%2C130.77610000000004&z=9&municipalityCd=430005,12af3d015d0e798b46a45d55b21c95ff70f4dcda0e8374f6e4d73ab0eede41aa,"{""ルート検索"": ""検索"", ""住所"": ""高森町大字色見1136"", ""市町村"": ""高森町"", ""混雑状況"": ""---"", ""避難所名"": ""色見生涯学習センターグラウンド"", ""開設状況"": ""---""}",unmatched,no_candidate,,0,,,,,,,,,,,[],,[],[],reference/43000_1.csv,dd6686fa000c3e720180ba96d02aacff987aec1bba3c9bc69a5867fc0089d10d
2026-07-30,2026-07-30T00:13:27+09:00,26/07/30 00:13時点の避難所状況の一覧です。,2026-07-30T00:13+09:00,web:2143244762d70afa8146,2143244762d70afa8146,高森町,草部生涯学習センターグラウンド,---,false,---,,高森町大字芹口1533,検索,,,,,https://portal.bousai.pref.kumamoto.jp/sp.html?p=evacuation%2Fshelter&l=15-0&ll=32.63819999999999%2C130.77610000000004&z=9&municipalityCd=430005,b95c3a82be9ba80d15704c1f9bb62566feb73bfcae9ad14c754e092592040455,"{""ルート検索"": ""検索"", ""住所"": ""高森町大字芹口1533"", ""市町村"": ""高森町"", ""混雑状況"": ""---"", ""避難所名"": ""草部生涯学習センターグラウンド"", ""開設状況"": ""---""}",unmatched,no_candidate,,0,,,,,,,,,,,[],,[],[],reference/43000_1.csv,dd6686fa000c3e720180ba96d02aacff987aec1bba3c9bc69a5867fc0089d10d
2026-07-30,2026-07-30T00:13:27+09:00,26/07/30 00:13時点の避難所状況の一覧です。,2026-07-30T00:13+09:00,web:96d35d82bf4fbc7c51b6,96d35d82bf4fbc7c51b6,高森町,草部総合センターグラウンド,---,false,---,,高森町大字草部2286,検索,,,,,https://portal.bousai.pref.kumamoto.jp/sp.html?p=evacuation%2Fshelter&l=15-0&ll=32.63819999999999%2C130.77610000000004&z=9&municipalityCd=430005,99b03fdda302294e2bb98abd6dfcb8001ffeb2d37347f9598848a4611a5157c9,"{""ルート検索"": ""検索"", ""住所"": ""高森町大字草部2286"", ""市町村"": ""高森町"", ""混雑状況"": ""---"", ""避難所名"": ""草部総合センターグラウンド"", ""開設状況"": ""---""}",unmatched,no_candidate,,0,,,,,,,,,,,[],,[],[],reference/43000_1.csv,dd6686fa000c3e720180ba96d02aacff987aec1bba3c9bc69a5867fc0089d10d
2026-07-30,2026-07-30T00:13:27+09:00,26/07/30 00:13時点の避難所状況の一覧です。,2026-07-30T00:13+09:00,web:b77a120452000af619d9,b77a120452000af619d9,高森町,阿蘇森林組合高森支所貯木場,---,false,---,,高森町大字高森2822、2232-3,検索,,,,,https://portal.bousai.pref.kumamoto.jp/sp.html?p=evacuation%2Fshelter&l=15-0&ll=32.63819999999999%2C130.77610000000004&z=9&municipalityCd=430005,269380f2e2b0c11c8fe78c043bd5626dbe5740778df45135f4f5b1070aeb9109,"{""ルート検索"": ""検索"", ""住所"": ""高森町大字高森2822、2232-3"", ""市町村"": ""高森町"", ""混雑状況"": ""---"", ""避難所名"": ""阿蘇森林組合高森支所貯木場"", ""開設状況"": ""---""}",unmatched,no_candidate,,0,,,,,,,,,,,[],,[],[],reference/43000_1.csv,dd6686fa000c3e720180ba96d02aacff987aec1bba3c9bc69a5867fc0089d10d
2026-07-30,2026-07-30T00:13:27+09:00,26/07/30 00:13時点の避難所状況の一覧です。,2026-07-30T00:13+09:00,web:c985c56f5799d10c7234,c985c56f5799d10c7234,高森町,高森中央小学校グラウンド,---,false,---,,高森町大字高森1100,検索,,,,,https://portal.bousai.pref.kumamoto.jp/sp.html?p=evacuation%2Fshelter&l=15-0&ll=32.63819999999999%2C130.77610000000004&z=9&municipalityCd=430005,85932edb213afb378e2a94c192d040c36edd2c03dbeed6c7b88ef2a4717053b2,"{""ルート検索"": ""検索"", ""住所"": ""高森町大字高森1100"", ""市町村"": ""高森町"", ""混雑状況"": ""---"", ""避難所名"": ""高森中央小学校グラウンド"", ""開設状況"": ""---""}",unmatched,no_candidate,,0,,,,,,,,,,,[],,[],[],reference/43000_1.csv,dd6686fa000c3e720180ba96d02aacff987aec1bba3c9bc69a5867fc0089d10d
2026-07-30,2026-07-30T00:13:27+09:00,26/07/30 00:13時点の避難所状況の一覧です。,2026-07-30T00:13+09:00,web:20ad12bc6f215bd47c84,20ad12bc6f215bd47c84,高森町,高森中学校グラウンド,---,false,---,,高森町大字高森1955,検索,,,,,https://portal.bousai.pref.kumamoto.jp/sp.html?p=evacuation%2Fshelter&l=15-0&ll=32.63819999999999%2C130.77610000000004&z=9&municipalityCd=430005,af61d9669f300e964a267f1cf1c05496b3827a6faf130c2baab8e4c15ae7a18e,"{""ルート検索"": ""検索"", ""住所"": ""高森町大字高森1955"", ""市町村"": ""高森町"", ""混雑状況"": ""---"", ""避難所名"": ""高森中学校グラウンド"", ""開設状況"": ""---""}",unmatched,no_candidate,,0,,,,,,,,,,,[],,[],[],reference/43000_1.csv,dd6686fa000c3e720180ba96d02aacff987aec1bba3c9bc69a5867fc0089d10d
2026-07-30,2026-07-30T00:13:27+09:00,26/07/30 00:13時点の避難所状況の一覧です。,2026-07-30T00:13+09:00,web:1cb0d64a9187573a96c3,1cb0d64a9187573a96c3,高森町,高森東学園義務教育学校グラウンド,---,false,---,,高森町大字野尻1897,検索,,,,,https://portal.bousai.pref.kumamoto.jp/sp.html?p=evacuation%2Fshelter&l=15-0&ll=32.63819999999999%2C130.77610000000004&z=9&municipalityCd=430005,73085d7237bca490f65773b9290e819f6056618b69940e77ef605ce78f3a0189,"{""ルート検索"": ""検索"", ""住所"": ""高森町大字野尻1897"", ""市町村"": ""高森町"", ""混雑状況"": ""---"", ""避難所名"": ""高森東学園義務教育学校グラウンド"", ""開設状況"": ""---""}",unmatched,no_candidate,,0,,,,,,,,,,,[],,[],[],reference/43000_1.csv,dd6686fa000c3e720180ba96d02aacff987aec1bba3c9bc69a5867fc0089d10d
2026-07-30,2026-07-30T00:13:27+09:00,26/07/30 00:13時点の避難所状況の一覧です。,2026-07-30T00:13+09:00,web:3d13adc9d73aec5ed282,3d13adc9d73aec5ed282,高森町,高森町朋遊館グラウンド,---,false,---,,高森町大字津留43-1,検索,,,,,https://portal.bousai.pref.kumamoto.jp/sp.html?p=evacuation%2Fshelter&l=15-0&ll=32.63819999999999%2C130.77610000000004&z=9&municipalityCd=430005,12afd7962b780322ce88aa7f5ea22c32337d252ed64b5f9bcebe8a4a6912577e,"{""ルート検索"": ""検索"", ""住所"": ""高森町大字津留43-1"", ""市町村"": ""高森町"", ""混雑状況"": ""---"", ""避難所名"": ""高森町朋遊館グラウンド"", ""開設状況"": ""---""}",unmatched,no_candidate,,0,,,,,,,,,,,[],,[],[],reference/43000_1.csv,dd6686fa000c3e720180ba96d02aacff987aec1bba3c9bc69a5867fc0089d10d
2026-07-30,2026-07-30T00:13:27+09:00,26/07/30 00:13時点の避難所状況の一覧です。,2026-07-30T00:13+09:00,web:7ed903e12f232de926ed,7ed903e12f232de926ed,高森町,高森町民グラウンド,---,false,---,,高森町大字上色見2845,検索,,,,,https://portal.bousai.pref.kumamoto.jp/sp.html?p=evacuation%2Fshelter&l=15-0&ll=32.63819999999999%2C130.77610000000004&z=9&municipalityCd=430005,1e1f441ce298260f9851a24f6a4891283e44000c83db05c04040caf3c1c77a1a,"{""ルート検索"": ""検索"", ""住所"": ""高森町大字上色見2845"", ""市町村"": ""高森町"", ""混雑状況"": ""---"", ""避難所名"": ""高森町民グラウンド"", ""開設状況"": ""---""}",unmatched,no_candidate,,0,,,,,,,,,,,[],,[],[],reference/43000_1.csv,dd6686fa000c3e720180ba96d02aacff987aec1bba3c9bc69a5867fc0089d10d
2026-07-30,2026-07-30T00:13:27+09:00,26/07/30 00:13時点の避難所状況の一覧です。,2026-07-30T00:13+09:00,web:b3a37361c59f42b25cbf,b3a37361c59f42b25cbf,高森町,高森自然学校グラウンド,---,false,---,,高森町大字矢津田223,検索,,,,,https://portal.bousai.pref.kumamoto.jp/sp.html?p=evacuation%2Fshelter&l=15-0&ll=32.63819999999999%2C130.77610000000004&z=9&municipalityCd=430005,151fea746c08f446f4061ce9808f3d2e92e71ffd5b7e91ad95d3209ca3a6b20f,"{""ルート検索"": ""検索"", ""住所"": ""高森町大字矢津田223"", ""市町村"": ""高森町"", ""混雑状況"": ""---"", ""避難所名"": ""高森自然学校グラウンド"", ""開設状況"": ""---""}",unmatched,no_candidate,,0,,,,,,,,,,,[],,[],[],reference/43000_1.csv,dd6686fa000c3e720180ba96d02aacff987aec1bba3c9bc69a5867fc0089d10d
2026-07-30,2026-07-30T00:13:27+09:00,26/07/30 00:13時点の避難所状況の一覧です。,2026-07-30T00:13+09:00,web:058aeabbf2828596ae0d,058aeabbf2828596ae0d,高森町,高森高校第2グラウンド,---,false,---,,高森町大字高森2214,検索,,,,,https://portal.bousai.pref.kumamoto.jp/sp.html?p=evacuation%2Fshelter&l=15-0&ll=32.63819999999999%2C130.77610000000004&z=9&municipalityCd=430005,bddf9bb8c0bf38755f7a2fc04b0778226be9094191e0245fd7dcb0a7ed9e3532,"{""ルート検索"": ""検索"", ""住所"": ""高森町大字高森2214"", ""市町村"": ""高森町"", ""混雑状況"": ""---"", ""避難所名"": ""高森高校第2グラウンド"", ""開設状況"": ""---""}",unmatched,no_candidate,,0,,,,,,,,,,,[],,[],[],reference/43000_1.csv,dd6686fa000c3e720180ba96d02aacff987aec1bba3c9bc69a5867fc0089d10d
