shelter_id,web_shelter_id,reference_common_id,reference_common_ids,municipality,shelter_name,address,reference_facility_name,reference_address,reference_same_address_as_emergency_site,reference_other_mayor_matters,reference_accepted_persons,reference_latitude,reference_longitude,reference_all_coordinates_json,reference_notes,reference_match_status,reference_match_method,reference_match_score,reference_source_file,reference_source_sha256,portal_shelter_id,portal_capacity_persons,portal_capacity_raw,capacity_source,capacity_acquired_at_jst,capacity_match_status,capacity_match_method,capacity_match_score,portal_latitude,portal_longitude,manual_latitude,manual_longitude,manual_geocode_status,manual_geocode_method,manual_geocode_source_file,manual_geocode_source_sha256,latitude,longitude,coordinate_source,coordinate_method,coordinate_status,2026-07-29,2026-07-30,2026-07-31,2026-08-01,2026-08-02,2026-08-03,2026-08-04,2026-08-05,2026-08-06,2026-08-08,2026-08-09,2026-08-10,2026-08-11,2026-08-12,2026-08-13,2026-08-14,2026-08-15
ref:E4320400025111,e2268977c0dad59483fa,E4320400025111,E4320400025111,,中央小学校,熊本県荒尾4043,中央小学校,熊本県荒尾4043,,,,32.9805055,130.4591432,"[{""共通ID"": ""E4320400025111"", ""経度"": ""130.4591432"", ""緯度"": ""32.9805055""}]",,matched,exact_name_address,1.000,reference/43000_1.csv,17068228366013260d8a1e506e0843bc9c0736e8ec7031a9e384d0d32abd7578,00002323,100,100,kumamoto_portal_map,2026-08-01T00:28:20+09:00,matched,portal_shelter_id,1.000,32.98055215324231,130.45917463328806,,,unmatched,manual_no_match,,,32.9805055,130.4591432,gsi_reference,reference_latitude_longitude,complete,0,0,0,0,0,0,0,0,0,0,0,0,0,0,0,0,0
web:1b11ebfc9830472e8eb5,1b11ebfc9830472e8eb5,,,あさぎり町,あさぎり町ヘルシーランド,あさぎり町上北1874,,,,,,,,[],,unmatched,no_candidate,,reference/43000_1.csv,dd6686fa000c3e720180ba96d02aacff987aec1bba3c9bc69a5867fc0089d10d,00002044,3668,3668,kumamoto_portal_map,2026-08-01T00:28:20+09:00,matched,portal_shelter_id,1.000,32.217332,130.900221,32.21724352,130.9004991,matched,manual_shelter_id,マニュアルジオコーディング(1).csv,35f5dae36fe4e9577c53f227bd933e4604ed40e589ee27a700add2b32438424c,32.21724352,130.9004991,manual_geocoding,manual_shelter_id,complete,0,1,0,0,0,0,0,0,0,0,0,0,0,0,0,0,0
web:004f009ef73a81acd8e5,004f009ef73a81acd8e5,,,あさぎり町,せきれい館,あさぎり町深田西955-1,,,,,,,,[],,unmatched,no_candidate,,reference/43000_1.csv,dd6686fa000c3e720180ba96d02aacff987aec1bba3c9bc69a5867fc0089d10d,00002025,1287,1287,kumamoto_portal_map,2026-08-01T00:28:20+09:00,matched,portal_shelter_id,1.000,32.243895,130.873136,32.2439056,130.8730801,matched,manual_shelter_id,マニュアルジオコーディング(1).csv,35f5dae36fe4e9577c53f227bd933e4604ed40e589ee27a700add2b32438424c,32.2439056,130.8730801,manual_geocoding,manual_shelter_id,complete,0,1,0,0,0,0,0,0,0,0,0,0,0,0,0,0,0
ref:E4351400003121,d3cac1b7b9c518481c1b,E4351400003121,E4351400003121,あさぎり町,ふれあい福祉センター,熊本県あさぎり町岡原北929,ふれあい福祉センター,熊本県あさぎり町岡原北929,,,,32.240124,130.929311,"[{""共通ID"": ""E4351400003121"", ""経度"": ""130.929311"", ""緯度"": ""32.240124""}]",,matched,exact_name_address,1.000,reference/43000_1.csv,17068228366013260d8a1e506e0843bc9c0736e8ec7031a9e384d0d32abd7578,,,,,,unmatched,no_candidate,,,,,,unmatched,manual_no_match,,,32.240124,130.929311,gsi_reference,reference_latitude_longitude,complete,0,0,0,0,0,0,0,0,0,0,0,0,0,0,0,0,0
ref:E4351400002112,cc98fb4b1fc9b168640f,E4351400002112,E4351400002112,あさぎり町,もみじ館(予備:岡原保健センター),熊本県あさぎり町岡原北904,もみじ館(予備:岡原保健センター),熊本県あさぎり町岡原北904,,,,32.239590193854,130.93188707796,"[{""共通ID"": ""E4351400002112"", ""経度"": ""130.93188707796"", ""緯度"": ""32.239590193854""}]",,matched,exact_name_address,1.000,reference/43000_1.csv,17068228366013260d8a1e506e0843bc9c0736e8ec7031a9e384d0d32abd7578,,,,,,unmatched,no_candidate,,,,,,unmatched,manual_no_match,,,32.239590193854,130.93188707796,gsi_reference,reference_latitude_longitude,complete,0,0,0,0,0,0,0,0,0,0,0,0,0,0,0,0,0
web:eebebe302b998b3791fa,eebebe302b998b3791fa,,,あさぎり町,ポッポー館,あさぎり町免田東1482-2,,,,,,,,[],,unmatched,no_candidate,,reference/43000_1.csv,dd6686fa000c3e720180ba96d02aacff987aec1bba3c9bc69a5867fc0089d10d,00002031,1247,1247,kumamoto_portal_map,2026-08-01T00:28:20+09:00,matched,portal_shelter_id,1.000,32.236421,130.894224,32.23641108,130.8942766,matched,manual_shelter_id,マニュアルジオコーディング(1).csv,35f5dae36fe4e9577c53f227bd933e4604ed40e589ee27a700add2b32438424c,32.23641108,130.8942766,manual_geocoding,manual_shelter_id,complete,0,1,0,0,0,0,0,0,0,0,0,0,0,0,0,0,0
ref:E4351400004111,ba6ef368ae4258c3d710,E4351400004111,E4351400004111,あさぎり町,上総合運動公園体育館(予備:武道場),熊本県あさぎり町上東128-2,上総合運動公園体育館(予備:武道場),熊本県あさぎり町上東128-2,,,,32.221566156341,130.90970751655,"[{""共通ID"": ""E4351400004111"", ""経度"": ""130.90970751655"", ""緯度"": ""32.221566156341""}]",,matched,exact_name_address,1.000,reference/43000_1.csv,17068228366013260d8a1e506e0843bc9c0736e8ec7031a9e384d0d32abd7578,,,,,,unmatched,fuzzy_below_threshold,0.883,,,,,unmatched,manual_no_match,,,32.221566156341,130.90970751655,gsi_reference,reference_latitude_longitude,complete,0,0,0,0,0,0,0,0,0,0,0,0,0,0,0,0,0
ref:E4351400019111,c4a36b8d6497b30c066e,E4351400019111,E4351400019111,あさぎり町,免田地区体育館(予備:武道場),熊本県あさぎり町免田東1774,免田地区体育館(予備:武道場),熊本県あさぎり町免田東1774,,,,32.234893,130.898965,"[{""共通ID"": ""E4351400019111"", ""経度"": ""130.898965"", ""緯度"": ""32.234893""}]",,matched,exact_name_address,1.000,reference/43000_1.csv,17068228366013260d8a1e506e0843bc9c0736e8ec7031a9e384d0d32abd7578,,,,,,unmatched,no_candidate,,,,,,unmatched,manual_no_match,,,32.234893,130.898965,gsi_reference,reference_latitude_longitude,complete,0,0,0,0,0,0,0,0,0,0,0,0,0,0,0,0,0
ref:E4351400018111,c4c816be43fe1c22db4a,E4351400018111,E4351400018111,あさぎり町,免田小学校体育館,熊本県あさぎり町免田東1719,免田小学校体育館,熊本県あさぎり町免田東1719,,,,32.235215,130.896114,"[{""共通ID"": ""E4351400018111"", ""経度"": ""130.896114"", ""緯度"": ""32.235215""}]",,matched,exact_name_address,1.000,reference/43000_1.csv,17068228366013260d8a1e506e0843bc9c0736e8ec7031a9e384d0d32abd7578,,,,,,unmatched,no_candidate,,,,,,unmatched,manual_no_match,,,32.235215,130.896114,gsi_reference,reference_latitude_longitude,complete,0,0,0,0,0,0,0,0,0,0,0,0,0,0,0,0,0
ref:E4351400009111,a2bdacd520bab6a985d5,E4351400009111,E4351400009111,あさぎり町,南稜高校体育館,熊本県あさぎり町上北310,南稜高校体育館,熊本県あさぎり町上北310,,,,32.232361,130.895509,"[{""共通ID"": ""E4351400009111"", ""経度"": ""130.895509"", ""緯度"": ""32.232361""}]",,matched,exact_name_address,1.000,reference/43000_1.csv,17068228366013260d8a1e506e0843bc9c0736e8ec7031a9e384d0d32abd7578,,,,,,unmatched,no_candidate,,,,,,unmatched,manual_no_match,,,32.232361,130.895509,gsi_reference,reference_latitude_longitude,complete,0,0,0,0,0,0,0,0,0,0,0,0,0,0,0,0,0
web:3a8404b0106119c2a485,3a8404b0106119c2a485,,,あさぎり町,岡原かえで館,あさぎり町岡原北929,,,,,,,,[],,unmatched,no_candidate,,reference/43000_1.csv,dd6686fa000c3e720180ba96d02aacff987aec1bba3c9bc69a5867fc0089d10d,00002022,2400,2400,kumamoto_portal_map,2026-08-01T00:28:20+09:00,matched,portal_shelter_id,1.000,32.240069,130.929357,32.24013735,130.9294546,matched,manual_shelter_id,マニュアルジオコーディング(1).csv,35f5dae36fe4e9577c53f227bd933e4604ed40e589ee27a700add2b32438424c,32.24013735,130.9294546,manual_geocoding,manual_shelter_id,complete,0,1,1,0,0,0,0,0,0,0,0,0,0,0,0,0,0
ref:E4351400001111,76eb4bd7ca44994d3762,E4351400001111,E4351400001111,あさぎり町,岡原小学校体育館,熊本県あさぎり町岡原北1313,岡原小学校体育館,熊本県あさぎり町岡原北1313,,,,32.237951,130.933561,"[{""共通ID"": ""E4351400001111"", ""経度"": ""130.933561"", ""緯度"": ""32.237951""}]",,matched,exact_name_address,1.000,reference/43000_1.csv,17068228366013260d8a1e506e0843bc9c0736e8ec7031a9e384d0d32abd7578,,,,,,unmatched,no_candidate,,,,,,unmatched,manual_no_match,,,32.237951,130.933561,gsi_reference,reference_latitude_longitude,complete,0,0,0,0,0,0,0,0,0,0,0,0,0,0,0,0,0
ref:E4351400013111,32197517ab7f7783605f,E4351400013111,E4351400013111,あさぎり町,深田小学校体育館,熊本県あさぎり町深田東787,深田小学校体育館,熊本県あさぎり町深田東787,,,,32.24468,130.875254,"[{""共通ID"": ""E4351400013111"", ""経度"": ""130.875254"", ""緯度"": ""32.24468""}]",,matched,exact_name_address,1.000,reference/43000_1.csv,17068228366013260d8a1e506e0843bc9c0736e8ec7031a9e384d0d32abd7578,,,,,,unmatched,no_candidate,,,,,,unmatched,manual_no_match,,,32.24468,130.875254,gsi_reference,reference_latitude_longitude,complete,0,0,0,0,0,0,0,0,0,0,0,0,0,0,0,0,0
ref:E4351400011111,644a68526dcfba013d5f,E4351400011111,E4351400011111,あさぎり町,深田高山総合運動公園体育館(予備:定住促進センター),熊本県あさぎり町深田東1404,深田高山総合運動公園体育館(予備:定住促進センター),熊本県あさぎり町深田東1404,,,,32.250474,130.877483,"[{""共通ID"": ""E4351400011111"", ""経度"": ""130.877483"", ""緯度"": ""32.250474""}]",,matched,exact_name_address,1.000,reference/43000_1.csv,17068228366013260d8a1e506e0843bc9c0736e8ec7031a9e384d0d32abd7578,,,,,,unmatched,no_candidate,,,,,,unmatched,manual_no_match,,,32.250474,130.877483,gsi_reference,reference_latitude_longitude,complete,0,0,0,0,0,0,0,0,0,0,0,0,0,0,0,0,0
ref:E4351400015111,b07a558d009f58808ce5,E4351400015111,E4351400015111,あさぎり町,須恵小学校体育館,熊本県あさぎり町須恵1230,須恵小学校体育館,熊本県あさぎり町須恵1230,,,,32.265961,130.900509,"[{""共通ID"": ""E4351400015111"", ""経度"": ""130.900509"", ""緯度"": ""32.265961""}]",,matched,exact_name_address,1.000,reference/43000_1.csv,17068228366013260d8a1e506e0843bc9c0736e8ec7031a9e384d0d32abd7578,00002035,5798,5798,kumamoto_portal_map,2026-08-01T00:28:20+09:00,matched,portal_shelter_id,1.000,32.265783,130.901023,,,unmatched,manual_no_match,,,32.265961,130.900509,gsi_reference,reference_latitude_longitude,complete,0,0,0,0,0,0,0,0,0,0,0,0,0,0,0,0,0
web:279a6521403b63e3b4fb,279a6521403b63e3b4fb,,,あさぎり町,須恵文化ホール,熊本県あさぎり町須恵,,,,,,,,[],,unmatched,no_candidate,,reference/43000_1.csv,dd6686fa000c3e720180ba96d02aacff987aec1bba3c9bc69a5867fc0089d10d,00002250,,0,kumamoto_portal_map,2026-08-01T00:28:20+09:00,matched,portal_shelter_id,1.000,32.266178598092374,130.90128421783447,32.26668266,130.9002305,matched,manual_shelter_id,マニュアルジオコーディング(1).csv,35f5dae36fe4e9577c53f227bd933e4604ed40e589ee27a700add2b32438424c,32.26668266,130.9002305,manual_geocoding,manual_shelter_id,complete,0,1,1,0,0,0,0,0,0,0,0,0,0,0,0,0,0
ref:E4351400014111,fb5404642c2e859c955b,E4351400014111,E4351400014111,あさぎり町,須恵文化ホール(予備:研修室・会議室),熊本県あさぎり町須恵1227,須恵文化ホール(予備:研修室・会議室),熊本県あさぎり町須恵1227,,,,32.266571,130.900365,"[{""共通ID"": ""E4351400014111"", ""経度"": ""130.900365"", ""緯度"": ""32.266571""}]",,matched,exact_name_address,1.000,reference/43000_1.csv,17068228366013260d8a1e506e0843bc9c0736e8ec7031a9e384d0d32abd7578,,,,,,unmatched,no_candidate,,,,,,unmatched,manual_no_match,,,32.266571,130.900365,gsi_reference,reference_latitude_longitude,complete,0,0,0,0,0,0,0,0,0,0,0,0,0,0,0,0,0
ref:E4321200028111,28d3053b01eadc4e1b06,E4321200028111,E4321200028111,上天草市,上天草高等学校,熊本県上天草市大矢野町中5424,上天草高等学校,熊本県上天草市大矢野町中5424,1,,,32.567816,130.441669,"[{""共通ID"": ""E4321200028111"", ""経度"": ""130.441669"", ""緯度"": ""32.567816""}]",,matched,exact_name_address,1.000,reference/43000_1.csv,17068228366013260d8a1e506e0843bc9c0736e8ec7031a9e384d0d32abd7578,00002302,348,348,kumamoto_portal_map,2026-08-01T00:28:20+09:00,matched,portal_shelter_id,1.000,32.789734369140625,130.74152200700007,,,unmatched,manual_no_match,,,32.567816,130.441669,gsi_reference,reference_latitude_longitude,complete,0,0,0,0,0,0,0,0,0,0,0,0,0,0,0,0,0
ref:E4321200019111,a6c8418b4650d4173e5f,E4321200019111,E4321200019111,上天草市,上小学校,熊本県上天草市大矢野町上1119,上小学校,熊本県上天草市大矢野町上1119,1,,,32.585879,130.423341,"[{""共通ID"": ""E4321200019111"", ""経度"": ""130.423341"", ""緯度"": ""32.585879""}]",,matched,exact_name_address,1.000,reference/43000_1.csv,17068228366013260d8a1e506e0843bc9c0736e8ec7031a9e384d0d32abd7578,00001075,293,293,kumamoto_portal_map,2026-08-01T00:28:20+09:00,matched,portal_shelter_id,1.000,32.585386,130.422697,,,unmatched,manual_no_match,,,32.585879,130.423341,gsi_reference,reference_latitude_longitude,complete,0,0,0,0,0,0,0,0,0,0,0,0,0,0,0,0,0
ref:E4321200025111,296e385684afb88ac1ff,E4321200025111,E4321200025111,上天草市,中北小学校,熊本県上天草市大矢野町中1918,中北小学校,熊本県上天草市大矢野町中1918,1,,,32.573276,130.433757,"[{""共通ID"": ""E4321200025111"", ""経度"": ""130.433757"", ""緯度"": ""32.573276""}]",,matched,exact_name_address,1.000,reference/43000_1.csv,17068228366013260d8a1e506e0843bc9c0736e8ec7031a9e384d0d32abd7578,00001077,175,175,kumamoto_portal_map,2026-08-01T00:28:20+09:00,matched,portal_shelter_id,1.000,32.572623,130.434427,,,unmatched,manual_no_match,,,32.573276,130.433757,gsi_reference,reference_latitude_longitude,complete,0,0,0,0,0,0,0,0,0,0,0,0,0,0,0,0,0
ref:E4321200030111,c47eed2e05c24dafdc3a,E4321200030111,E4321200030111,上天草市,中南小学校,熊本県上天草市大矢野町中9720,中南小学校,熊本県上天草市大矢野町中9720,1,,,32.552076,130.435946,"[{""共通ID"": ""E4321200030111"", ""経度"": ""130.435946"", ""緯度"": ""32.552076""}]",,matched,exact_name_address,1.000,reference/43000_1.csv,17068228366013260d8a1e506e0843bc9c0736e8ec7031a9e384d0d32abd7578,00001079,327,327,kumamoto_portal_map,2026-08-01T00:28:20+09:00,matched,portal_shelter_id,1.000,32.552519,130.436536,,,unmatched,manual_no_match,,,32.552076,130.435946,gsi_reference,reference_latitude_longitude,complete,0,0,0,0,0,0,0,0,0,0,0,0,0,0,0,0,0
ref:E4321200027111,480a5e64de7522e3769d,E4321200027111,E4321200027111,上天草市,大矢野中学校,熊本県上天草市大矢野町中483,大矢野中学校,熊本県上天草市大矢野町中483,1,,,32.58294470193,130.43026424841,"[{""共通ID"": ""E4321200027111"", ""経度"": ""130.43026424841"", ""緯度"": ""32.58294470193""}]",,matched,exact_name_address,1.000,reference/43000_1.csv,17068228366013260d8a1e506e0843bc9c0736e8ec7031a9e384d0d32abd7578,00001080,376,376,kumamoto_portal_map,2026-08-01T00:28:20+09:00,matched,portal_shelter_id,1.000,32.582641,130.42961,,,unmatched,manual_no_match,,,32.58294470193,130.43026424841,gsi_reference,reference_latitude_longitude,complete,0,0,0,0,0,0,0,0,0,0,0,0,0,0,0,0,0
ref:E4321200068111,1988b0cbc8607594c3ae,E4321200068111,E4321200068111,上天草市,大矢野図書館,熊本県上天草市大矢野町中977-5,大矢野図書館,熊本県上天草市大矢野町中977-5,1,,,32.576648,130.421575,"[{""共通ID"": ""E4321200068111"", ""経度"": ""130.421575"", ""緯度"": ""32.576648""}]",,matched,exact_name_address,1.000,reference/43000_1.csv,17068228366013260d8a1e506e0843bc9c0736e8ec7031a9e384d0d32abd7578,,,,,,unmatched,no_candidate,,,,,,unmatched,manual_no_match,,,32.576648,130.421575,gsi_reference,reference_latitude_longitude,complete,0,0,0,0,0,0,0,0,0,0,0,0,0,0,0,0,0
ref:E4321200026111,a1b1d9a31fe3fb178efc,E4321200026111,E4321200026111,上天草市,大矢野総合体育館,上天草市大矢野町中2289,大矢野総合体育館,熊本県上天草市大矢野町中2289,1,,,32.573336,130.422964,"[{""共通ID"": ""E4321200026111"", ""経度"": ""130.422964"", ""緯度"": ""32.573336""}]",,matched,exact_name_address,1.000,reference/43000_1.csv,17068228366013260d8a1e506e0843bc9c0736e8ec7031a9e384d0d32abd7578,00001081,1152,1152,kumamoto_portal_map,2026-08-01T00:28:20+09:00,matched,portal_shelter_id,1.000,32.573392,130.422789,,,unmatched,manual_no_match,,,32.573336,130.422964,gsi_reference,reference_latitude_longitude,complete,0,1,1,1,1,1,1,1,1,1,1,1,0,0,0,0,0
ref:E4321200024111,e095d6c7ac74a35d297f,E4321200024111,E4321200024111,上天草市,大矢野老人福祉センター,熊本県上天草市大矢野町中11582-1,大矢野老人福祉センター,熊本県上天草市大矢野町中11582-1,1,,,32.577923658322,130.41964866672,"[{""共通ID"": ""E4321200024111"", ""経度"": ""130.41964866672"", ""緯度"": ""32.577923658322""}]",,matched,exact_name_address,1.000,reference/43000_1.csv,17068228366013260d8a1e506e0843bc9c0736e8ec7031a9e384d0d32abd7578,00001076,240,240,kumamoto_portal_map,2026-08-01T00:28:20+09:00,matched,portal_shelter_id,1.000,32.577922,130.419692,,,unmatched,manual_no_match,,,32.577923658322,130.41964866672,gsi_reference,reference_latitude_longitude,complete,0,0,0,0,0,0,0,0,0,0,0,0,0,0,0,0,0
ref:E4321200021111,0fd815d1698a9fa757f2,E4321200021111,E4321200021111,上天草市,大矢野自然休養村管理センター,熊本県上天草市大矢野町上1539,大矢野自然休養村管理センター,熊本県上天草市大矢野町上1539,1,,,32.586938,130.42779536442,"[{""共通ID"": ""E4321200021111"", ""経度"": ""130.42779536442"", ""緯度"": ""32.586938""}]",,matched,exact_name_address,1.000,reference/43000_1.csv,17068228366013260d8a1e506e0843bc9c0736e8ec7031a9e384d0d32abd7578,00001073,211,211,kumamoto_portal_map,2026-08-01T00:28:20+09:00,matched,portal_shelter_id,1.000,32.586858,130.42776,,,unmatched,manual_no_match,,,32.586938,130.42779536442,gsi_reference,reference_latitude_longitude,complete,0,0,0,0,0,0,0,0,0,0,0,0,0,0,0,0,0
ref:E4321200056111,7d1f957403d9cb24fb91,E4321200056111,E4321200056111,上天草市,大道老人福祉センター,熊本県上天草市龍ケ岳町大道3669-1,大道老人福祉センター,熊本県上天草市龍ケ岳町大道3669-1,1,,,32.3909449752696,130.367450579471,"[{""共通ID"": ""E4321200056111"", ""経度"": ""130.367450579471"", ""緯度"": ""32.3909449752696""}]",,matched,exact_name_address,1.000,reference/43000_1.csv,17068228366013260d8a1e506e0843bc9c0736e8ec7031a9e384d0d32abd7578,00001116,110,110,kumamoto_portal_map,2026-08-01T00:28:20+09:00,matched,portal_shelter_id,1.000,32.390919,130.367492,,,unmatched,manual_no_match,,,32.3909449752696,130.367450579471,gsi_reference,reference_latitude_longitude,complete,0,0,0,0,0,0,0,0,0,0,0,0,0,0,0,0,0
ref:E4321200011111,127f3aa7e9a1de3ae71b,E4321200011111,E4321200011111,上天草市,天草青年の家,熊本県上天草市松島町合津5500,天草青年の家,熊本県上天草市松島町合津5500,1,,,32.504147,130.418185,"[{""共通ID"": ""E4321200011111"", ""経度"": ""130.418185"", ""緯度"": ""32.504147""}]",,matched,exact_name_address,1.000,reference/43000_1.csv,17068228366013260d8a1e506e0843bc9c0736e8ec7031a9e384d0d32abd7578,00001098,1160,1160,kumamoto_portal_map,2026-08-01T00:28:20+09:00,matched,portal_shelter_id,1.000,32.504306,130.418159,,,unmatched,manual_no_match,,,32.504147,130.418185,gsi_reference,reference_latitude_longitude,complete,0,0,0,0,0,0,0,0,0,0,0,0,0,0,0,0,0
ref:E4321200040111,3d38197042d12b82a760,E4321200040111,E4321200040111,上天草市,姫戸中学校,熊本県上天草市姫戸町姫浦2500,姫戸中学校,熊本県上天草市姫戸町姫浦2500,1,,,32.440742488639,130.40702356472,"[{""共通ID"": ""E4321200040111"", ""経度"": ""130.40702356472"", ""緯度"": ""32.440742488639""}]",,matched,exact_name_address,1.000,reference/43000_1.csv,17068228366013260d8a1e506e0843bc9c0736e8ec7031a9e384d0d32abd7578,00001109,322,322,kumamoto_portal_map,2026-08-01T00:28:20+09:00,matched,portal_shelter_id,1.000,32.440609,130.407021,,,unmatched,manual_no_match,,,32.440742488639,130.40702356472,gsi_reference,reference_latitude_longitude,complete,0,0,0,0,0,0,0,0,0,0,0,0,0,0,0,0,0
ref:E4321200036111,8fee1aa62e3455741051,E4321200036111,E4321200036111,上天草市,姫戸体育館,熊本県上天草市姫戸町二間戸3408,姫戸体育館,熊本県上天草市姫戸町二間戸3408,1,,,32.428557,130.402562,"[{""共通ID"": ""E4321200036111"", ""経度"": ""130.402562"", ""緯度"": ""32.428557""}]",,matched,exact_name_address,1.000,reference/43000_1.csv,17068228366013260d8a1e506e0843bc9c0736e8ec7031a9e384d0d32abd7578,00001113,337,337,kumamoto_portal_map,2026-08-01T00:28:20+09:00,matched,portal_shelter_id,1.000,32.428666,130.402597,,,unmatched,manual_no_match,,,32.428557,130.402562,gsi_reference,reference_latitude_longitude,complete,0,0,0,0,0,0,0,0,0,0,0,0,0,0,0,0,0
ref:E4321200047112,60a52b4414c075ed2e0a,E4321200047112,E4321200047112,上天草市,姫戸小学校体育館,熊本県上天草市姫戸町姫浦656-3,姫戸小学校体育館,熊本県上天草市姫戸町姫浦656-3,1,,,32.433636,130.406261,"[{""共通ID"": ""E4321200047112"", ""経度"": ""130.406261"", ""緯度"": ""32.433636""}]",,matched,exact_name_address,1.000,reference/43000_1.csv,17068228366013260d8a1e506e0843bc9c0736e8ec7031a9e384d0d32abd7578,00001110,310,310,kumamoto_portal_map,2026-08-01T00:28:20+09:00,matched,portal_shelter_id,1.000,32.4339983820235,130.40675797023616,,,unmatched,manual_no_match,,,32.433636,130.406261,gsi_reference,reference_latitude_longitude,complete,0,0,0,0,0,0,0,0,0,0,0,0,0,0,0,0,0
ref:E4321200043111,557ac899049fe7e92c88,E4321200043111,E4321200043111,上天草市,姫戸統括支所(姫戸地域振興センター),上天草市姫戸町姫浦3384-5,姫戸統括支所(姫戸地域振興センター),熊本県上天草市姫戸町姫浦3384-5,1,,,32.447271,130.41633,"[{""共通ID"": ""E4321200043111"", ""経度"": ""130.41633"", ""緯度"": ""32.447271""}]",,matched,exact_name_address,1.000,reference/43000_1.csv,17068228366013260d8a1e506e0843bc9c0736e8ec7031a9e384d0d32abd7578,00001107,88,88,kumamoto_portal_map,2026-08-01T00:28:20+09:00,matched,portal_shelter_id,1.000,32.447261,130.416261,,,unmatched,manual_no_match,,,32.447271,130.41633,gsi_reference,reference_latitude_longitude,complete,0,1,1,1,1,1,1,1,1,1,1,1,0,0,0,0,0
ref:E4321200042112,2ac4ca4705908895cd68,E4321200042112,E4321200042112,上天草市,姫戸老人福祉センター,熊本県上天草市姫戸町姫浦3055-15,姫戸老人福祉センター,熊本県上天草市姫戸町姫浦3055-15,1,,,32.442314,130.41506,"[{""共通ID"": ""E4321200042112"", ""経度"": ""130.41506"", ""緯度"": ""32.442314""}]",,matched,exact_name_address,1.000,reference/43000_1.csv,17068228366013260d8a1e506e0843bc9c0736e8ec7031a9e384d0d32abd7578,00001108,217,217,kumamoto_portal_map,2026-08-01T00:28:20+09:00,matched,portal_shelter_id,1.000,32.443464,130.414653,,,unmatched,manual_no_match,,,32.442314,130.41506,gsi_reference,reference_latitude_longitude,complete,0,0,0,0,0,0,0,0,0,0,0,0,0,0,0,0,0
web:e42624d1160f6df2b798,e42624d1160f6df2b798,,,上天草市,市役所松島庁舎,上天草市松島町合津7915-1,,,,,,,,[],,unmatched,no_candidate,,reference/43000_1.csv,17068228366013260d8a1e506e0843bc9c0736e8ec7031a9e384d0d32abd7578,00001092,104,104,kumamoto_portal_map,2026-08-01T00:28:20+09:00,matched,portal_shelter_id,1.000,32.518613,130.432593,32.51827884,130.432705,matched,manual_shelter_id,マニュアルジオコーディング(1).csv,35f5dae36fe4e9577c53f227bd933e4604ed40e589ee27a700add2b32438424c,32.51827884,130.432705,manual_geocoding,manual_shelter_id,complete,0,1,1,1,1,1,1,1,1,1,1,1,0,0,0,0,0
ref:E4321200005111,e8bcf16fb3a1c1162e1f,E4321200005111,E4321200005111,上天草市,教良木河内交流センター(教良木出張所),熊本県上天草市松島町教良木2796,教良木河内交流センター(教良木出張所),熊本県上天草市松島町教良木2796,1,,,32.465503,130.377204,"[{""共通ID"": ""E4321200005111"", ""経度"": ""130.377204"", ""緯度"": ""32.465503""}]",,matched,exact_name_address,1.000,reference/43000_1.csv,17068228366013260d8a1e506e0843bc9c0736e8ec7031a9e384d0d32abd7578,00001102,84,84,kumamoto_portal_map,2026-08-01T00:28:20+09:00,matched,portal_shelter_id,1.000,32.465517,130.377214,,,unmatched,manual_no_match,,,32.465503,130.377204,gsi_reference,reference_latitude_longitude,complete,0,0,0,0,0,0,0,0,0,0,0,0,0,0,0,0,0
ref:E4321200007111,091da8d605ff7439cdb5,E4321200007111,E4321200007111,上天草市,教良木河内山村広場体育館,熊本県上天草市松島町教良木4647,教良木河内山村広場体育館,熊本県上天草市松島町教良木4647,1,,,32.461651028731,130.36473669275,"[{""共通ID"": ""E4321200007111"", ""経度"": ""130.36473669275"", ""緯度"": ""32.461651028731""}]",,matched,exact_name_address,1.000,reference/43000_1.csv,17068228366013260d8a1e506e0843bc9c0736e8ec7031a9e384d0d32abd7578,00001103,167,167,kumamoto_portal_map,2026-08-01T00:28:20+09:00,matched,portal_shelter_id,1.000,32.465097,130.370242,,,unmatched,manual_no_match,,,32.461651028731,130.36473669275,gsi_reference,reference_latitude_longitude,complete,0,0,0,0,0,0,0,0,0,0,0,0,0,0,0,0,0
ref:E4321200022111,e084a2e8be8e9ba3db3d,E4321200022111,E4321200022111,上天草市,旧上北小学校体育館,熊本県上天草市大矢野町上3360,旧上北小学校体育館,熊本県上天草市大矢野町上3360,1,,,32.601642634293,130.42207645767,"[{""共通ID"": ""E4321200022111"", ""経度"": ""130.42207645767"", ""緯度"": ""32.601642634293""}]",,matched,exact_name_address,1.000,reference/43000_1.csv,17068228366013260d8a1e506e0843bc9c0736e8ec7031a9e384d0d32abd7578,,,,,,unmatched,no_candidate,,,,,,unmatched,manual_no_match,,,32.601642634293,130.42207645767,gsi_reference,reference_latitude_longitude,complete,0,0,0,0,0,0,0,0,0,0,0,0,0,0,0,0,0
ref:E4321200017111,3ff82b6b556f70faa723,E4321200017111,E4321200017111,上天草市,旧維和中学校体育館,熊本県上天草市大矢野町維和1757,旧維和中学校体育館,熊本県上天草市大矢野町維和1757,1,,,32.5746733,130.4664882,"[{""共通ID"": ""E4321200017111"", ""経度"": ""130.4664882"", ""緯度"": ""32.5746733""}]",,matched,exact_name_address,1.000,reference/43000_1.csv,17068228366013260d8a1e506e0843bc9c0736e8ec7031a9e384d0d32abd7578,00001084,316,316,kumamoto_portal_map,2026-08-01T00:28:20+09:00,matched,portal_shelter_id,1.000,32.574945,130.466349,,,unmatched,manual_no_match,,,32.5746733,130.4664882,gsi_reference,reference_latitude_longitude,complete,0,0,0,0,0,0,0,0,0,0,0,0,0,0,0,0,0
ref:E4321200002111,c54fa1cd9076c1da6480,E4321200002111,E4321200002111,上天草市,旧阿村中学校体育館,熊本県上天草市松島町阿村841-2,旧阿村中学校体育館,熊本県上天草市松島町阿村841-2,1,,,32.516107,130.449041,"[{""共通ID"": ""E4321200002111"", ""経度"": ""130.449041"", ""緯度"": ""32.516107""}]",,matched,exact_name_address,1.000,reference/43000_1.csv,17068228366013260d8a1e506e0843bc9c0736e8ec7031a9e384d0d32abd7578,00001088,338,338,kumamoto_portal_map,2026-08-01T00:28:20+09:00,matched,portal_shelter_id,1.000,32.516147,130.448981,,,unmatched,manual_no_match,,,32.516107,130.449041,gsi_reference,reference_latitude_longitude,complete,0,0,0,0,0,0,0,0,0,0,0,0,0,0,0,0,0
ref:E4321200008111,41802a240281ed31be25,E4321200008111,E4321200008111,上天草市,松島中学校,熊本県上天草市松島町合津2649,松島中学校,熊本県上天草市松島町合津2649,1,,,32.497847609339,130.42167326098,"[{""共通ID"": ""E4321200008111"", ""経度"": ""130.42167326098"", ""緯度"": ""32.497847609339""}]",,matched,exact_name_address,1.000,reference/43000_1.csv,17068228366013260d8a1e506e0843bc9c0736e8ec7031a9e384d0d32abd7578,00001096,390,390,kumamoto_portal_map,2026-08-01T00:28:20+09:00,matched,portal_shelter_id,1.000,32.498287,130.421417,,,unmatched,manual_no_match,,,32.497847609339,130.42167326098,gsi_reference,reference_latitude_longitude,complete,0,0,0,0,0,0,0,0,0,0,0,0,0,0,0,0,0
ref:E4321200010111,bf961c3c8f1f460d3310,E4321200010111,E4321200010111,上天草市,松島総合センターアロマ,熊本県上天草市松島町合津4276-44,松島総合センターアロマ,熊本県上天草市松島町合津4276-44,1,,,32.516011,130.431249,"[{""共通ID"": ""E4321200010111"", ""経度"": ""130.431249"", ""緯度"": ""32.516011""}]",,matched,exact_name_address,1.000,reference/43000_1.csv,17068228366013260d8a1e506e0843bc9c0736e8ec7031a9e384d0d32abd7578,00001097,1050,1050,kumamoto_portal_map,2026-08-01T00:28:20+09:00,matched,portal_shelter_id,1.000,32.515966,130.431135,,,unmatched,manual_no_match,,,32.516011,130.431249,gsi_reference,reference_latitude_longitude,complete,0,0,0,0,0,0,0,0,0,0,0,0,0,0,0,0,0
ref:E4321200012111,569093277808a1301b41,E4321200012111,E4321200012111,上天草市,樋合体育館,熊本県上天草市松島町合津6973-16,樋合体育館,熊本県上天草市松島町合津6973-16,1,,,32.541518911285,130.40629427117,"[{""共通ID"": ""E4321200012111"", ""経度"": ""130.40629427117"", ""緯度"": ""32.541518911285""}]",,matched,exact_name_address,1.000,reference/43000_1.csv,17068228366013260d8a1e506e0843bc9c0736e8ec7031a9e384d0d32abd7578,00001094,238,238,kumamoto_portal_map,2026-08-01T00:28:20+09:00,matched,portal_shelter_id,1.000,32.541161,130.406398,,,unmatched,manual_no_match,,,32.541518911285,130.40629427117,gsi_reference,reference_latitude_longitude,complete,0,0,0,0,0,0,0,0,0,0,0,0,0,0,0,0,0
ref:E4321200061111,3725e1a7a05560c189ac,E4321200061111,E4321200061111,上天草市,樋島体育館,熊本県上天草市龍ケ岳町樋島500-1,樋島体育館,熊本県上天草市龍ケ岳町樋島500-1,1,,,32.391385,130.412432,"[{""共通ID"": ""E4321200061111"", ""経度"": ""130.412432"", ""緯度"": ""32.391385""}]",,matched,exact_name_address,1.000,reference/43000_1.csv,17068228366013260d8a1e506e0843bc9c0736e8ec7031a9e384d0d32abd7578,00001126,249,249,kumamoto_portal_map,2026-08-01T00:28:20+09:00,matched,portal_shelter_id,1.000,32.391469,130.412586,,,unmatched,manual_no_match,,,32.391385,130.412432,gsi_reference,reference_latitude_longitude,complete,0,0,0,0,0,0,0,0,0,0,0,0,0,0,0,0,0
ref:E4321200058111,07aaebcf963024c2e075,E4321200058111,E4321200058111,上天草市,樋島老人福祉センター(樋島出張所),上天草市龍ヶ岳町樋島2-11,樋島老人福祉センター(樋島出張所),熊本県上天草市龍ケ岳町樋島2-11,1,,,32.395607,130.411461,"[{""共通ID"": ""E4321200058111"", ""経度"": ""130.411461"", ""緯度"": ""32.395607""}]",,matched,exact_name_municipality,0.990,reference/43000_1.csv,17068228366013260d8a1e506e0843bc9c0736e8ec7031a9e384d0d32abd7578,00001125,171,171,kumamoto_portal_map,2026-08-01T00:28:20+09:00,matched,portal_shelter_id,1.000,32.395546,130.411292,,,unmatched,manual_no_match,,,32.395607,130.411461,gsi_reference,reference_latitude_longitude,complete,0,1,1,1,1,1,1,1,1,1,1,1,0,0,0,0,0
ref:E4321200033111,591c89074dca6637d366,E4321200033111,E4321200033111,上天草市,湯島小中学校,熊本県上天草市大矢野町湯島154,湯島小中学校,熊本県上天草市大矢野町湯島154,1,,,32.603668,130.342043,"[{""共通ID"": ""E4321200033111"", ""経度"": ""130.342043"", ""緯度"": ""32.603668""}]",,matched,exact_name_address,1.000,reference/43000_1.csv,17068228366013260d8a1e506e0843bc9c0736e8ec7031a9e384d0d32abd7578,00001085,228,228,kumamoto_portal_map,2026-08-01T00:28:20+09:00,matched,portal_shelter_id,1.000,32.603673,130.342316,,,unmatched,manual_no_match,,,32.603668,130.342043,gsi_reference,reference_latitude_longitude,complete,0,0,0,0,0,0,0,0,0,0,0,0,0,0,0,0,0
ref:E4321200031111,8184069bd6682600f43d,E4321200031111,E4321200031111,上天草市,登立小学校,熊本県上天草市大矢野町登立14103,登立小学校,熊本県上天草市大矢野町登立14103,1,,,32.592612,130.440171,"[{""共通ID"": ""E4321200031111"", ""経度"": ""130.440171"", ""緯度"": ""32.592612""}]",,matched,exact_name_address,1.000,reference/43000_1.csv,17068228366013260d8a1e506e0843bc9c0736e8ec7031a9e384d0d32abd7578,00001069,405,405,kumamoto_portal_map,2026-08-01T00:28:20+09:00,matched,portal_shelter_id,1.000,32.592507,130.440809,,,unmatched,manual_no_match,,,32.592612,130.440171,gsi_reference,reference_latitude_longitude,complete,0,0,0,0,0,0,0,0,0,0,0,0,0,0,0,0,0
ref:E4321200018111,65372e935afdddcac32f,E4321200018111,E4321200018111,上天草市,維和小学校,熊本県上天草市大矢野町維和1787,維和小学校,熊本県上天草市大矢野町維和1787,1,,,32.573762,130.465733,"[{""共通ID"": ""E4321200018111"", ""経度"": ""130.465733"", ""緯度"": ""32.573762""}]",,matched,exact_name_address,1.000,reference/43000_1.csv,17068228366013260d8a1e506e0843bc9c0736e8ec7031a9e384d0d32abd7578,00001083,280,280,kumamoto_portal_map,2026-08-01T00:28:20+09:00,matched,portal_shelter_id,1.000,32.575556,130.466147,,,unmatched,manual_no_match,,,32.573762,130.465733,gsi_reference,reference_latitude_longitude,complete,0,1,0,0,0,0,0,0,0,0,0,0,0,0,0,0,0
ref:E4321200001111,c90caa75c26add679593,E4321200001111,E4321200001111,上天草市,阿村体育館,熊本県上天草市松島町阿村5779-1,阿村体育館,熊本県上天草市松島町阿村5779-1,1,,,32.518801096052,130.45088588619,"[{""共通ID"": ""E4321200001111"", ""経度"": ""130.45088588619"", ""緯度"": ""32.518801096052""}]",,matched,exact_name_address,1.000,reference/43000_1.csv,17068228366013260d8a1e506e0843bc9c0736e8ec7031a9e384d0d32abd7578,00001090,241,241,kumamoto_portal_map,2026-08-01T00:28:20+09:00,matched,portal_shelter_id,1.000,32.518849,130.450761,,,unmatched,manual_no_match,,,32.518801096052,130.45088588619,gsi_reference,reference_latitude_longitude,complete,0,0,0,0,0,0,0,0,0,0,0,0,0,0,0,0,0
ref:E4321200064111,8d85aa9f555f1b02341e,E4321200064111,E4321200064111,上天草市,龍ヶ岳中学校,熊本県上天草市龍ヶ岳町高戸3053-1,龍ヶ岳中学校,熊本県上天草市龍ヶ岳町高戸3053-1,1,,,32.3966,130.39999,"[{""共通ID"": ""E4321200064111"", ""経度"": ""130.39999"", ""緯度"": ""32.3966""}]",,matched,exact_name_address,1.000,reference/43000_1.csv,17068228366013260d8a1e506e0843bc9c0736e8ec7031a9e384d0d32abd7578,00001123,297,297,kumamoto_portal_map,2026-08-01T00:28:20+09:00,matched,portal_shelter_id,1.000,32.396816,130.400145,,,unmatched,manual_no_match,,,32.3966,130.39999,gsi_reference,reference_latitude_longitude,complete,0,0,0,0,0,0,0,0,0,0,0,0,0,0,0,0,0
ref:E4321200049111,4fb812d7114ade9d00f7,E4321200049111,E4321200049111,上天草市,龍ヶ岳体育館,熊本県上天草市龍ケ岳町高戸1419-12,龍ヶ岳体育館,熊本県上天草市龍ケ岳町高戸1419-12,1,,,32.393877882361,130.39206507976,"[{""共通ID"": ""E4321200049111"", ""経度"": ""130.39206507976"", ""緯度"": ""32.393877882361""}]",,matched,exact_name_address,1.000,reference/43000_1.csv,17068228366013260d8a1e506e0843bc9c0736e8ec7031a9e384d0d32abd7578,00001120,448,448,kumamoto_portal_map,2026-08-01T00:28:20+09:00,matched,portal_shelter_id,1.000,32.393899,130.392057,,,unmatched,manual_no_match,,,32.393877882361,130.39206507976,gsi_reference,reference_latitude_longitude,complete,0,0,0,0,0,0,0,0,0,0,0,0,0,0,0,0,0
ref:E4321200067111,1aa5505e55eb89bf06c7,E4321200067111,E4321200067111,上天草市,龍ヶ岳統括支所(龍ヶ岳地域振興センター),熊本県上天草市龍ヶ岳町高戸1412,龍ヶ岳統括支所(龍ヶ岳地域振興センター),熊本県上天草市龍ヶ岳町高戸1412,,,,32.394224,130.389595,"[{""共通ID"": ""E4321200067111"", ""経度"": ""130.389595"", ""緯度"": ""32.394224""}]",,matched,exact_name_address,1.000,reference/43000_1.csv,17068228366013260d8a1e506e0843bc9c0736e8ec7031a9e384d0d32abd7578,00001121,178,178,kumamoto_portal_map,2026-08-01T00:28:20+09:00,matched,portal_shelter_id,1.000,32.394169,130.389493,,,unmatched,manual_no_match,,,32.394224,130.389595,gsi_reference,reference_latitude_longitude,complete,0,0,0,0,0,0,0,0,0,0,0,0,0,0,0,0,0
ref:E4351100022111,cac6cf3c4ad727bf274d,E4351100022111,E4351100022111,五木村,三浦体育館,熊本県五木村甲字嶽4797-3,三浦体育館,熊本県五木村甲字嶽4797-3,1,,,32.41330252,130.861621,"[{""共通ID"": ""E4351100022111"", ""経度"": ""130.861621"", ""緯度"": ""32.41330252""}]",,matched,exact_name_address,1.000,reference/43000_1.csv,17068228366013260d8a1e506e0843bc9c0736e8ec7031a9e384d0d32abd7578,00001998,300,300,kumamoto_portal_map,2026-08-01T00:28:20+09:00,matched,portal_shelter_id,1.000,32.400087,130.827414,,,unmatched,manual_no_match,,,32.41330252,130.861621,gsi_reference,reference_latitude_longitude,complete,0,0,0,0,0,0,0,0,0,0,0,0,0,0,0,0,0
ref:E4351100023111,521362596b8619cf63f4,E4351100023111,E4351100023111,五木村,三浦地区集会室,熊本県五木村甲字嶽4797-6,三浦地区集会室,熊本県五木村甲字嶽4797-6,1,,,32.41349392,130.861621,"[{""共通ID"": ""E4351100023111"", ""経度"": ""130.861621"", ""緯度"": ""32.41349392""}]",,matched,exact_name_address,1.000,reference/43000_1.csv,17068228366013260d8a1e506e0843bc9c0736e8ec7031a9e384d0d32abd7578,00001986,50,50,kumamoto_portal_map,2026-08-01T00:28:20+09:00,matched,portal_shelter_id,1.000,32.432734,130.860964,,,unmatched,manual_no_match,,,32.41349392,130.861621,gsi_reference,reference_latitude_longitude,complete,0,0,0,0,0,0,0,0,0,0,0,0,0,0,0,0,0
ref:E4351100013111,b53d7c268e24a9f377b7,E4351100013111,E4351100013111,五木村,下梶原体育館,熊本県五木村甲字下梶原4263-10,下梶原体育館,熊本県五木村甲字下梶原4263-10,1,,,32.391918,130.923289,"[{""共通ID"": ""E4351100013111"", ""経度"": ""130.923289"", ""緯度"": ""32.391918""}]",,matched,exact_name_address,1.000,reference/43000_1.csv,17068228366013260d8a1e506e0843bc9c0736e8ec7031a9e384d0d32abd7578,00001999,200,200,kumamoto_portal_map,2026-08-01T00:28:20+09:00,matched,portal_shelter_id,1.000,32.398631,130.886967,,,unmatched,manual_no_match,,,32.391918,130.923289,gsi_reference,reference_latitude_longitude,complete,0,0,0,0,0,0,0,0,0,0,0,0,0,0,0,0,0
ref:E4351100007111,6d283fb6fc125cb7161c,E4351100007111,E4351100007111,五木村,下梶原集会所,熊本県五木村甲4257-169,下梶原集会所,熊本県五木村甲4257-169,1,,,32.390974,130.9211,"[{""共通ID"": ""E4351100007111"", ""経度"": ""130.9211"", ""緯度"": ""32.390974""}]",,matched,exact_name_address,1.000,reference/43000_1.csv,17068228366013260d8a1e506e0843bc9c0736e8ec7031a9e384d0d32abd7578,,,,,,unmatched,fuzzy_below_threshold,0.889,,,,,unmatched,manual_no_match,,,32.390974,130.9211,gsi_reference,reference_latitude_longitude,complete,0,0,0,0,0,0,0,0,0,0,0,0,0,0,0,0,0
ref:E4351100006111,fca04ea3fe35850a6d34,E4351100006111,E4351100006111,五木村,下谷集会所,熊本県五木村甲1701-4,下谷集会所,熊本県五木村甲1701-4,1,,,32.384435,130.83704,"[{""共通ID"": ""E4351100006111"", ""経度"": ""130.83704"", ""緯度"": ""32.384435""}]",,matched,exact_name_address,1.000,reference/43000_1.csv,17068228366013260d8a1e506e0843bc9c0736e8ec7031a9e384d0d32abd7578,,,,,,unmatched,fuzzy_below_threshold,0.900,,,,,unmatched,manual_no_match,,,32.384435,130.83704,gsi_reference,reference_latitude_longitude,complete,0,0,0,0,0,0,0,0,0,0,0,0,0,0,0,0,0
ref:E4351100005111,748be56619fb464a9691,E4351100005111,E4351100005111,五木村,中村地区集会所,熊本県五木村乙字中村1629,中村地区集会所,熊本県五木村乙字中村1629,1,,,32.448826,130.765232,"[{""共通ID"": ""E4351100005111"", ""経度"": ""130.765232"", ""緯度"": ""32.448826""}]",,matched,exact_name_address,1.000,reference/43000_1.csv,17068228366013260d8a1e506e0843bc9c0736e8ec7031a9e384d0d32abd7578,00001981,20,20,kumamoto_portal_map,2026-08-01T00:28:20+09:00,matched,portal_shelter_id,1.000,32.401472,130.824105,,,unmatched,manual_no_match,,,32.448826,130.765232,gsi_reference,reference_latitude_longitude,complete,0,0,0,0,0,0,0,0,0,0,0,0,0,0,0,0,0
ref:E4351100014121,65b83a058b3292cfe1c7,E4351100014121,E4351100014121,五木村,五木村社協介護サービスセンター,熊本県五木村甲字下手2672-41,五木村社協介護サービスセンター,熊本県五木村甲字下手2672-41,,,要配慮者,32.39809,130.82774,"[{""共通ID"": ""E4351100014121"", ""経度"": ""130.82774"", ""緯度"": ""32.39809""}]",,matched,exact_name_address,1.000,reference/43000_1.csv,17068228366013260d8a1e506e0843bc9c0736e8ec7031a9e384d0d32abd7578,00000643,40,40,kumamoto_portal_map,2026-08-01T00:28:20+09:00,matched,portal_shelter_id,1.000,32.398082,130.827596,,,unmatched,manual_no_match,,,32.39809,130.82774,gsi_reference,reference_latitude_longitude,complete,0,0,0,0,0,0,0,0,0,0,0,0,0,0,0,0,0
ref:E4351100017111,9fe810014fcb666f5ff7,E4351100017111,E4351100017111,五木村,五木東小学校体育館,熊本県五木村甲字松本3374-51,五木東小学校体育館,熊本県五木村甲字松本3374-51,1,,,32.40174515,130.8266286,"[{""共通ID"": ""E4351100017111"", ""経度"": ""130.8266286"", ""緯度"": ""32.40174515""}]",,matched,exact_name_address,1.000,reference/43000_1.csv,17068228366013260d8a1e506e0843bc9c0736e8ec7031a9e384d0d32abd7578,00001995,300,300,kumamoto_portal_map,2026-08-01T00:28:20+09:00,matched,portal_shelter_id,1.000,32.401476,130.827077,,,unmatched,manual_no_match,,,32.40174515,130.8266286,gsi_reference,reference_latitude_longitude,complete,0,0,0,0,0,0,0,0,0,0,0,0,0,0,0,0,0
ref:E4351100018111,002e0ca873ee51029266,E4351100018111,E4351100018111,五木村,伝統文化伝承館,熊本県五木村甲字田口2997-21,伝統文化伝承館,熊本県五木村甲字田口2997-21,1,,,32.39923667,130.8278943,"[{""共通ID"": ""E4351100018111"", ""経度"": ""130.8278943"", ""緯度"": ""32.39923667""}]",,matched,exact_name_address,1.000,reference/43000_1.csv,17068228366013260d8a1e506e0843bc9c0736e8ec7031a9e384d0d32abd7578,00001979,45,45,kumamoto_portal_map,2026-08-01T00:28:20+09:00,matched,portal_shelter_id,1.000,32.429257,130.86165,,,unmatched,manual_no_match,,,32.39923667,130.8278943,gsi_reference,reference_latitude_longitude,complete,0,0,0,0,0,0,0,0,0,0,0,0,0,0,0,0,0
ref:E4351100009111,1a0a714a29bf6ce25192,E4351100009111,E4351100009111,五木村,入鴨集会所,熊本県五木村甲4605-1,入鴨集会所,熊本県五木村甲4605-1,1,,,32.41717075,130.8862861,"[{""共通ID"": ""E4351100009111"", ""経度"": ""130.8862861"", ""緯度"": ""32.41717075""}]",,matched,exact_name_address,1.000,reference/43000_1.csv,17068228366013260d8a1e506e0843bc9c0736e8ec7031a9e384d0d32abd7578,,,,,,unmatched,fuzzy_below_threshold,0.905,,,,,unmatched,manual_no_match,,,32.41717075,130.8862861,gsi_reference,reference_latitude_longitude,complete,0,0,0,0,0,0,0,0,0,0,0,0,0,0,0,0,0
ref:E4351100011111,959e192be350e20e5e6a,E4351100011111,E4351100011111,五木村,八重集会所,熊本県五木村甲6264-2,八重集会所,熊本県五木村甲6264-2,1,,,32.45681381,130.8593214,"[{""共通ID"": ""E4351100011111"", ""経度"": ""130.8593214"", ""緯度"": ""32.45681381""}]",,matched,exact_name_address,1.000,reference/43000_1.csv,17068228366013260d8a1e506e0843bc9c0736e8ec7031a9e384d0d32abd7578,,,,,,unmatched,fuzzy_below_threshold,0.900,,,,,unmatched,manual_no_match,,,32.45681381,130.8593214,gsi_reference,reference_latitude_longitude,complete,0,0,0,0,0,0,0,0,0,0,0,0,0,0,0,0,0
ref:E4351100021111,ca048c0475be0026dc99,E4351100021111,E4351100021111,五木村,南地区集会室,熊本県五木村甲字野々脇458-2,南地区集会室,熊本県五木村甲字野々脇458-2,1,,,32.3621619,130.8425914,"[{""共通ID"": ""E4351100021111"", ""経度"": ""130.8425914"", ""緯度"": ""32.3621619""}]",,matched,exact_name_address,1.000,reference/43000_1.csv,17068228366013260d8a1e506e0843bc9c0736e8ec7031a9e384d0d32abd7578,00001975,50,50,kumamoto_portal_map,2026-08-01T00:28:20+09:00,matched,portal_shelter_id,1.000,32.36369,130.837897,,,unmatched,manual_no_match,,,32.3621619,130.8425914,gsi_reference,reference_latitude_longitude,complete,0,0,0,0,0,0,0,0,0,0,0,0,0,0,0,0,0
ref:E4351100016111,d38816e2ba9aa0c8cc27,E4351100016111,E4351100016111,五木村,宮園交流館,熊本県五木村甲字宮園5670,宮園交流館,熊本県五木村甲字宮園5670,1,,,32.44179618,130.8575626,"[{""共通ID"": ""E4351100016111"", ""経度"": ""130.8575626"", ""緯度"": ""32.44179618""}]",,matched,exact_name_address,1.000,reference/43000_1.csv,17068228366013260d8a1e506e0843bc9c0736e8ec7031a9e384d0d32abd7578,00001991,200,200,kumamoto_portal_map,2026-08-01T00:28:20+09:00,matched,portal_shelter_id,1.000,32.441658,130.857705,,,unmatched,manual_no_match,,,32.44179618,130.8575626,gsi_reference,reference_latitude_longitude,complete,0,0,0,0,0,0,0,0,0,0,0,0,0,0,0,0,0
ref:E4351100020111,20869899dffcc97fcee5,E4351100020111,E4351100020111,五木村,宮園憩いの家,熊本県五木村甲字北西谷6900-2,宮園憩いの家,熊本県五木村甲字北西谷6900-2,1,,,32.44193655,130.8562613,"[{""共通ID"": ""E4351100020111"", ""経度"": ""130.8562613"", ""緯度"": ""32.44193655""}]",,matched,exact_name_address,1.000,reference/43000_1.csv,17068228366013260d8a1e506e0843bc9c0736e8ec7031a9e384d0d32abd7578,00001993,50,50,kumamoto_portal_map,2026-08-01T00:28:20+09:00,matched,portal_shelter_id,1.000,32.427808,130.86062,,,unmatched,manual_no_match,,,32.44193655,130.8562613,gsi_reference,reference_latitude_longitude,complete,0,0,0,0,0,0,0,0,0,0,0,0,0,0,0,0,0
ref:E4351100016121,a4d050896afa3d04d72d,E4351100016121,E4351100016121,五木村,小規模多機能ホーム 五木の友,熊本県五木村甲字宮園5670,小規模多機能ホーム 五木の友,熊本県五木村甲字宮園5670,1,,要配慮者,32.44165,130.85766,"[{""共通ID"": ""E4351100016121"", ""経度"": ""130.85766"", ""緯度"": ""32.44165""}]",,matched,exact_name_address,1.000,reference/43000_1.csv,17068228366013260d8a1e506e0843bc9c0736e8ec7031a9e384d0d32abd7578,00000644,15,15,kumamoto_portal_map,2026-08-01T00:28:20+09:00,matched,portal_shelter_id,1.000,32.44107,130.860512,,,unmatched,manual_no_match,,,32.44165,130.85766,gsi_reference,reference_latitude_longitude,complete,0,0,0,0,0,0,0,0,0,0,0,0,0,0,0,0,0
ref:E4351100026111,461c0a235632984ddbf0,E4351100026111,E4351100026111,五木村,小鶴体育館,熊本県五木村丙字小鶴321-2,小鶴体育館,熊本県五木村丙字小鶴321-2,1,,,32.44525117,130.7756227,"[{""共通ID"": ""E4351100026111"", ""経度"": ""130.7756227"", ""緯度"": ""32.44525117""}]",,matched,exact_name_address,1.000,reference/43000_1.csv,17068228366013260d8a1e506e0843bc9c0736e8ec7031a9e384d0d32abd7578,00001997,300,300,kumamoto_portal_map,2026-08-01T00:28:20+09:00,matched,portal_shelter_id,1.000,32.413571,130.790677,,,unmatched,manual_no_match,,,32.44525117,130.7756227,gsi_reference,reference_latitude_longitude,complete,0,0,0,0,0,0,0,0,0,0,0,0,0,0,0,0,0
ref:E4351100001111,c3ff0fac387e4efac156,E4351100001111,E4351100001111,五木村,山口集会所,熊本県五木村乙1763,山口集会所,熊本県五木村乙1763,1,,,32.448776,130.741307,"[{""共通ID"": ""E4351100001111"", ""経度"": ""130.741307"", ""緯度"": ""32.448776""}]",,matched,exact_name_address,1.000,reference/43000_1.csv,17068228366013260d8a1e506e0843bc9c0736e8ec7031a9e384d0d32abd7578,,,,,,unmatched,fuzzy_below_threshold,0.910,,,,,unmatched,manual_no_match,,,32.448776,130.741307,gsi_reference,reference_latitude_longitude,complete,0,0,0,0,0,0,0,0,0,0,0,0,0,0,0,0,0
ref:E4351100002111,bc60bdd2ba6684409155,E4351100002111,E4351100002111,五木村,日当集会所,熊本県五木村乙1839-2,日当集会所,熊本県五木村乙1839-2,1,,,32.4321274,130.732062,"[{""共通ID"": ""E4351100002111"", ""経度"": ""130.732062"", ""緯度"": ""32.4321274""}]",,matched,exact_name_address,1.000,reference/43000_1.csv,17068228366013260d8a1e506e0843bc9c0736e8ec7031a9e384d0d32abd7578,,,,,,unmatched,fuzzy_below_threshold,0.877,,,,,unmatched,manual_no_match,,,32.4321274,130.732062,gsi_reference,reference_latitude_longitude,complete,0,0,0,0,0,0,0,0,0,0,0,0,0,0,0,0,0
ref:E4351100024111,7b8d6ae2f077a879d3b9,E4351100024111,E4351100024111,五木村,日添集会所,熊本県五木村丙20-4,日添集会所,熊本県五木村丙20-4,1,,,32.43356678,130.7339278,"[{""共通ID"": ""E4351100024111"", ""経度"": ""130.7339278"", ""緯度"": ""32.43356678""}]",,matched,exact_name_address,1.000,reference/43000_1.csv,17068228366013260d8a1e506e0843bc9c0736e8ec7031a9e384d0d32abd7578,,,,,,unmatched,fuzzy_below_threshold,0.905,,,,,unmatched,manual_no_match,,,32.43356678,130.7339278,gsi_reference,reference_latitude_longitude,complete,0,0,0,0,0,0,0,0,0,0,0,0,0,0,0,0,0
ref:E4351100003111,ae38999d525e92d57446,E4351100003111,E4351100003111,五木村,林業センター体育館,熊本県五木村乙字高野665-35,林業センター体育館,熊本県五木村乙字高野665-35,1,,,32.39994407,130.8155944,"[{""共通ID"": ""E4351100003111"", ""経度"": ""130.8155944"", ""緯度"": ""32.39994407""}]",,matched,exact_name_address,1.000,reference/43000_1.csv,17068228366013260d8a1e506e0843bc9c0736e8ec7031a9e384d0d32abd7578,00001996,300,300,kumamoto_portal_map,2026-08-01T00:28:20+09:00,matched,portal_shelter_id,1.000,32.401183,130.829255,,,unmatched,manual_no_match,,,32.39994407,130.8155944,gsi_reference,reference_latitude_longitude,complete,0,0,0,0,0,0,0,0,0,0,0,0,0,0,0,0,0
ref:E4351100012111,f249040d1ed826a6486f,E4351100012111,E4351100012111,五木村,栗鶴集会所,熊本県五木村甲7251-1,栗鶴集会所,熊本県五木村甲7251-1,1,,,32.433628,130.85324,"[{""共通ID"": ""E4351100012111"", ""経度"": ""130.85324"", ""緯度"": ""32.433628""}]",,matched,exact_name_address,1.000,reference/43000_1.csv,17068228366013260d8a1e506e0843bc9c0736e8ec7031a9e384d0d32abd7578,,,,,,unmatched,fuzzy_below_threshold,0.900,,,,,unmatched,manual_no_match,,,32.433628,130.85324,gsi_reference,reference_latitude_longitude,complete,0,0,0,0,0,0,0,0,0,0,0,0,0,0,0,0,0
ref:E4351100008111,baacd478dfc174624f92,E4351100008111,E4351100008111,五木村,梶原集会所,熊本県五木村甲4342,梶原集会所,熊本県五木村甲4342,1,,,32.40632795,130.8731365,"[{""共通ID"": ""E4351100008111"", ""経度"": ""130.8731365"", ""緯度"": ""32.40632795""}]",,matched,exact_name_address,1.000,reference/43000_1.csv,17068228366013260d8a1e506e0843bc9c0736e8ec7031a9e384d0d32abd7578,,,,,,unmatched,fuzzy_below_threshold,0.910,,,,,unmatched,manual_no_match,,,32.40632795,130.8731365,gsi_reference,reference_latitude_longitude,complete,0,0,0,0,0,0,0,0,0,0,0,0,0,0,0,0,0
ref:E4351100019111,a96c45fc5a0c090bdd4f,E4351100019111,E4351100019111,五木村,瀬目地区集会所,熊本県五木村甲字南瀬目234-2,瀬目地区集会所,熊本県五木村甲字南瀬目234-2,1,,,32.353054,130.853519,"[{""共通ID"": ""E4351100019111"", ""経度"": ""130.853519"", ""緯度"": ""32.353054""}]",,matched,exact_name_address,1.000,reference/43000_1.csv,17068228366013260d8a1e506e0843bc9c0736e8ec7031a9e384d0d32abd7578,00001976,20,20,kumamoto_portal_map,2026-08-01T00:28:20+09:00,matched,portal_shelter_id,1.000,32.427808,130.868173,,,unmatched,manual_no_match,,,32.353054,130.853519,gsi_reference,reference_latitude_longitude,complete,0,0,0,0,0,0,0,0,0,0,0,0,0,0,0,0,0
ref:E4351100004111,70ee94f00f8fb587ac3a,E4351100004111,E4351100004111,五木村,端海野ハウス,熊本県五木村乙字上小鶴1561-24,端海野ハウス,熊本県五木村乙字上小鶴1561-24,1,,,32.488285,130.802032,"[{""共通ID"": ""E4351100004111"", ""経度"": ""130.802032"", ""緯度"": ""32.488285""}]",,matched,exact_name_address,1.000,reference/43000_1.csv,17068228366013260d8a1e506e0843bc9c0736e8ec7031a9e384d0d32abd7578,00001985,50,50,kumamoto_portal_map,2026-08-01T00:28:20+09:00,matched,portal_shelter_id,1.000,32.415965,130.841615,,,unmatched,manual_no_match,,,32.488285,130.802032,gsi_reference,reference_latitude_longitude,complete,0,0,0,0,0,0,0,0,0,0,0,0,0,0,0,0,0
ref:E4351100010111,675474b2dc42f1b00072,E4351100010111,E4351100010111,五木村,竹の川集会所,熊本県五木村甲4863,竹の川集会所,熊本県五木村甲4863,1,,,32.41768245,130.8555007,"[{""共通ID"": ""E4351100010111"", ""経度"": ""130.8555007"", ""緯度"": ""32.41768245""}]",,matched,exact_name_address,1.000,reference/43000_1.csv,17068228366013260d8a1e506e0843bc9c0736e8ec7031a9e384d0d32abd7578,,,,,,unmatched,fuzzy_below_threshold,0.905,,,,,unmatched,manual_no_match,,,32.41768245,130.8555007,gsi_reference,reference_latitude_longitude,complete,0,0,0,0,0,0,0,0,0,0,0,0,0,0,0,0,0
ref:E4351100015111,62c02e28aa31183c793c,E4351100015111,E4351100015111,五木村,葛の八重地区集会所,熊本県五木村甲字葛の八重746,葛の八重地区集会所,熊本県五木村甲字葛の八重746,1,,,32.364124,130.857344,"[{""共通ID"": ""E4351100015111"", ""経度"": ""130.857344"", ""緯度"": ""32.364124""}]",,matched,exact_name_address,1.000,reference/43000_1.csv,17068228366013260d8a1e506e0843bc9c0736e8ec7031a9e384d0d32abd7578,00001977,20,20,kumamoto_portal_map,2026-08-01T00:28:20+09:00,matched,portal_shelter_id,1.000,32.442006,130.85856,,,unmatched,manual_no_match,,,32.364124,130.857344,gsi_reference,reference_latitude_longitude,complete,0,0,0,0,0,0,0,0,0,0,0,0,0,0,0,0,0
ref:E4351100025111,9fc01614375fbda54fac,E4351100025111,E4351100025111,五木村,西地区集会室,熊本県五木村丙字小鶴321-1,西地区集会室,熊本県五木村丙字小鶴321-1,1,,,32.44548968,130.7751839,"[{""共通ID"": ""E4351100025111"", ""経度"": ""130.7751839"", ""緯度"": ""32.44548968""}]",,matched,exact_name_address,1.000,reference/43000_1.csv,17068228366013260d8a1e506e0843bc9c0736e8ec7031a9e384d0d32abd7578,00001980,50,50,kumamoto_portal_map,2026-08-01T00:28:20+09:00,matched,portal_shelter_id,1.000,32.446917,130.775104,,,unmatched,manual_no_match,,,32.44548968,130.7751839,gsi_reference,reference_latitude_longitude,complete,0,0,0,0,0,0,0,0,0,0,0,0,0,0,0,0,0
ref:E4351100003112,17d1a6ac14de5ce2d3bf,E4351100003112,E4351100003112,五木村,高野体育館,熊本県五木村乙字高野665-35,高野体育館,熊本県五木村乙字高野665-35,1,,,32.39997919,130.8150893,"[{""共通ID"": ""E4351100003112"", ""経度"": ""130.8150893"", ""緯度"": ""32.39997919""}]",,matched,exact_name_address,1.000,reference/43000_1.csv,17068228366013260d8a1e506e0843bc9c0736e8ec7031a9e384d0d32abd7578,,,,,,unmatched,no_candidate,,,,,,unmatched,manual_no_match,,,32.39997919,130.8150893,gsi_reference,reference_latitude_longitude,complete,0,0,0,0,0,0,0,0,0,0,0,0,0,0,0,0,0
ref:E4320300034111,6d4306e0d69fd51d5881,E4320300034111,E4320300034111,人吉市,中原コミュニティセンター,熊本県人吉市下原田町字荒毛2136,中原コミュニティセンター,熊本県人吉市下原田町字荒毛2136,1,,,32.23171569,130.7243576,"[{""共通ID"": ""E4320300034111"", ""経度"": ""130.7243576"", ""緯度"": ""32.23171569""}]",,matched,exact_name_address,1.000,reference/43000_1.csv,17068228366013260d8a1e506e0843bc9c0736e8ec7031a9e384d0d32abd7578,00000811,600,600,kumamoto_portal_map,2026-08-01T00:28:20+09:00,matched,portal_shelter_id,1.000,32.229037,130.725143,,,unmatched,manual_no_match,,,32.23171569,130.7243576,gsi_reference,reference_latitude_longitude,complete,0,0,0,0,0,0,0,0,0,0,0,0,0,0,0,0,0
ref:E4320300037111,f8ec9e7117a05938999a,E4320300037111,E4320300037111,人吉市,中原小学校,熊本県人吉市中神町字段548,中原小学校,熊本県人吉市中神町字段548,1,,,32.22480555,130.7195342,"[{""共通ID"": ""E4320300037111"", ""経度"": ""130.7195342"", ""緯度"": ""32.22480555""}]",,matched,exact_name_address,1.000,reference/43000_1.csv,17068228366013260d8a1e506e0843bc9c0736e8ec7031a9e384d0d32abd7578,00000809,3500,3500,kumamoto_portal_map,2026-08-01T00:28:20+09:00,matched,portal_shelter_id,1.000,32.224775,130.72,,,unmatched,manual_no_match,,,32.22480555,130.7195342,gsi_reference,reference_latitude_longitude,complete,0,1,0,0,0,0,0,0,0,0,0,0,0,0,0,0,0
ref:E4320300011111,e0eb0127c683ef60785e,E4320300011111,E4320300011111,人吉市,中小企業大学校,熊本県人吉市鬼木町1769-1,中小企業大学校,熊本県人吉市鬼木町1769-1,1,,,32.230032195857,130.77695855616,"[{""共通ID"": ""E4320300011111"", ""経度"": ""130.77695855616"", ""緯度"": ""32.230032195857""}]",,matched,exact_name_address,1.000,reference/43000_1.csv,17068228366013260d8a1e506e0843bc9c0736e8ec7031a9e384d0d32abd7578,00000311,50,50,kumamoto_portal_map,2026-08-01T00:28:20+09:00,matched,portal_shelter_id,1.000,32.229922,130.776991,,,unmatched,manual_no_match,,,32.230032195857,130.77695855616,gsi_reference,reference_latitude_longitude,complete,0,0,0,0,0,0,0,0,0,0,0,0,0,0,0,0,0
ref:E4320300006111,fc815e3e48d221229e64,E4320300006111,E4320300006111,人吉市,人吉スポーツパレス,熊本県人吉市下城本町1566-1,人吉スポーツパレス,熊本県人吉市下城本町1566-1,1,,,32.21811533,130.7391314,"[{""共通ID"": ""E4320300006111"", ""経度"": ""130.7391314"", ""緯度"": ""32.21811533""}]",,matched,exact_name_address,1.000,reference/43000_1.csv,17068228366013260d8a1e506e0843bc9c0736e8ec7031a9e384d0d32abd7578,00000807,,,kumamoto_portal_map,2026-08-01T00:28:20+09:00,matched,portal_shelter_id,1.000,32.217392,130.7401,,,unmatched,manual_no_match,,,32.21811533,130.7391314,gsi_reference,reference_latitude_longitude,complete,0,1,0,0,0,0,0,0,0,0,0,0,0,0,0,0,0
ref:E4320300031111,becaf70dd847173f3090,E4320300031111,E4320300031111,人吉市,人吉商工会議所,熊本県人吉市南泉田町3-3,人吉商工会議所,熊本県人吉市南泉田町3-3,,,,32.217517274642,130.76122109456,"[{""共通ID"": ""E4320300031111"", ""経度"": ""130.76122109456"", ""緯度"": ""32.217517274642""}]",,matched,exact_name_address,1.000,reference/43000_1.csv,17068228366013260d8a1e506e0843bc9c0736e8ec7031a9e384d0d32abd7578,00000309,100,100,kumamoto_portal_map,2026-08-01T00:28:20+09:00,matched,portal_shelter_id,1.000,32.217506,130.761245,,,unmatched,manual_no_match,,,32.217517274642,130.76122109456,gsi_reference,reference_latitude_longitude,complete,0,0,0,0,0,0,0,0,0,0,0,0,0,0,0,0,0
refgroup:cdeffa69475240d7015f,9abac3615477bd9039ac,E4320300038111,E4320300038111;E4320300038121,人吉市,人吉市保健センター,熊本県人吉市西間下町118-1,人吉市保健センター,熊本県人吉市西間下町118-1,1,,視覚障害者、聴覚障害者,32.205734,130.759307,"[{""共通ID"": ""E4320300038111"", ""経度"": ""130.759307"", ""緯度"": ""32.205734""}, {""共通ID"": ""E4320300038121"", ""経度"": ""130.759309"", ""緯度"": ""32.20572""}]",,matched_multiple,exact_name_address,1.000,reference/43000_1.csv,17068228366013260d8a1e506e0843bc9c0736e8ec7031a9e384d0d32abd7578,00000813,1100,1100,kumamoto_portal_map,2026-08-01T00:28:20+09:00,matched,portal_shelter_id,1.000,32.204552,130.763896,,,unmatched,manual_no_match,,,32.205734,130.759307,gsi_reference,reference_latitude_longitude,complete,0,1,0,0,0,0,0,0,0,0,0,0,0,0,0,0,0
ref:E4320300009121,d3fb366067ae8edd9e74,E4320300009121,E4320300009121,人吉市,人吉市養護老人ホーム延寿荘,熊本県人吉市蟹作町211-1,人吉市養護老人ホーム延寿荘,熊本県人吉市蟹作町211-1,,左記の者のうち、事前に市が特定し、環境調整を事前に行った者,高齢者(自立度の高い方),32.193606128572,130.78143554054,"[{""共通ID"": ""E4320300009121"", ""経度"": ""130.78143554054"", ""緯度"": ""32.193606128572""}]",,matched,exact_name_address,1.000,reference/43000_1.csv,17068228366013260d8a1e506e0843bc9c0736e8ec7031a9e384d0d32abd7578,,,,,,unmatched,no_candidate,,,,,,unmatched,manual_no_match,,,32.193606128572,130.78143554054,gsi_reference,reference_latitude_longitude,complete,0,0,0,0,0,0,0,0,0,0,0,0,0,0,0,0,0
ref:E4320300016111,0d797f9816a4163e0388,E4320300016111,E4320300016111,人吉市,人吉東小学校,熊本県人吉市七日町100-1,人吉東小学校,熊本県人吉市七日町100-1,1,,,32.216283,130.766888,"[{""共通ID"": ""E4320300016111"", ""経度"": ""130.766888"", ""緯度"": ""32.216283""}]",,matched,exact_name_address,1.000,reference/43000_1.csv,17068228366013260d8a1e506e0843bc9c0736e8ec7031a9e384d0d32abd7578,00000785,6500,6500,kumamoto_portal_map,2026-08-01T00:28:20+09:00,matched,portal_shelter_id,1.000,32.216331,130.766873,,,unmatched,manual_no_match,,,32.216283,130.766888,gsi_reference,reference_latitude_longitude,complete,0,1,0,0,0,0,0,0,0,0,0,0,0,0,0,0,0
ref:E4320300022111,476353cd6242bc6a7f3b,E4320300022111,E4320300022111,人吉市,人吉西小学校,熊本県人吉市城本町873,人吉西小学校,熊本県人吉市城本町873,1,,,32.2193424,130.754518,"[{""共通ID"": ""E4320300022111"", ""経度"": ""130.754518"", ""緯度"": ""32.2193424""}]",,matched,exact_name_address,1.000,reference/43000_1.csv,17068228366013260d8a1e506e0843bc9c0736e8ec7031a9e384d0d32abd7578,00000791,7000,7000,kumamoto_portal_map,2026-08-01T00:28:20+09:00,matched,portal_shelter_id,1.000,32.219486,130.755715,,,unmatched,manual_no_match,,,32.2193424,130.754518,gsi_reference,reference_latitude_longitude,complete,0,1,0,0,0,0,0,0,0,0,0,0,0,0,0,0,0
ref:E4320300032111,c3b2a46734b5e93a1e0d,E4320300032111,E4320300032111,人吉市,人吉高校,熊本県人吉市北泉田町350,人吉高校,熊本県人吉市北泉田町350,1,,,32.22047595833,130.76788229692,"[{""共通ID"": ""E4320300032111"", ""経度"": ""130.76788229692"", ""緯度"": ""32.22047595833""}]",,matched,exact_name_address,1.000,reference/43000_1.csv,17068228366013260d8a1e506e0843bc9c0736e8ec7031a9e384d0d32abd7578,00000310,450,450,kumamoto_portal_map,2026-08-01T00:28:20+09:00,matched,portal_shelter_id,1.000,32.220606,130.768006,,,unmatched,manual_no_match,,,32.22047595833,130.76788229692,gsi_reference,reference_latitude_longitude,complete,0,0,0,0,0,0,0,0,0,0,0,0,0,0,0,0,0
ref:E4320300040121,625c1b930721e8c4a6c2,E4320300040121,E4320300040121,人吉市,介護老人保健施設タンポポ,熊本県人吉市下漆田町1538,介護老人保健施設タンポポ,熊本県人吉市下漆田町1538,,,高齢者(要支援・介護認定を受けていない要配慮者)、その他、在宅で一般の避難所での生活では何らかの支障をきたす者(要付添),32.190651260067,130.79348626089,"[{""共通ID"": ""E4320300040121"", ""経度"": ""130.79348626089"", ""緯度"": ""32.190651260067""}]",,matched,exact_name_address,1.000,reference/43000_1.csv,17068228366013260d8a1e506e0843bc9c0736e8ec7031a9e384d0d32abd7578,,,,,,unmatched,no_candidate,,,,,,unmatched,manual_no_match,,,32.190651260067,130.79348626089,gsi_reference,reference_latitude_longitude,complete,0,0,0,0,0,0,0,0,0,0,0,0,0,0,0,0,0
ref:E4320300010121,0d74a5cfc9a85a78fd56,E4320300010121,E4320300010121,人吉市,地域密着型特別養護老人ホームアゼリア,熊本県人吉市蟹作町3690,地域密着型特別養護老人ホームアゼリア,熊本県人吉市蟹作町3690,,左記の者のうち、事前に市が特定し、環境調整を事前に行った者,高齢者,32.195192246349,130.77488722577,"[{""共通ID"": ""E4320300010121"", ""経度"": ""130.77488722577"", ""緯度"": ""32.195192246349""}]",,matched,exact_name_address,1.000,reference/43000_1.csv,17068228366013260d8a1e506e0843bc9c0736e8ec7031a9e384d0d32abd7578,,,,,,ambiguous,coordinate_near_tie,,,,,,unmatched,manual_no_match,,,32.195192246349,130.77488722577,gsi_reference,reference_latitude_longitude,complete,0,0,0,0,0,0,0,0,0,0,0,0,0,0,0,0,0
ref:E4320300025111,99a0656957237d3e5e53,E4320300025111,E4320300025111,人吉市,大畑コミュニティセンター,熊本県人吉市大畑町4071-2,大畑コミュニティセンター,熊本県人吉市大畑町4071-2,1,,,32.16311136,130.8021827,"[{""共通ID"": ""E4320300025111"", ""経度"": ""130.8021827"", ""緯度"": ""32.16311136""}]",,matched,exact_name_address,1.000,reference/43000_1.csv,17068228366013260d8a1e506e0843bc9c0736e8ec7031a9e384d0d32abd7578,00000801,2000,2000,kumamoto_portal_map,2026-08-01T00:28:20+09:00,matched,portal_shelter_id,1.000,32.163174,130.802126,,,unmatched,manual_no_match,,,32.16311136,130.8021827,gsi_reference,reference_latitude_longitude,complete,0,1,0,0,0,0,0,0,0,0,0,0,0,0,0,0,0
ref:E4320300026111,29783a25e2e2835ce9f7,E4320300026111,E4320300026111,人吉市,大畑小学校,熊本県人吉市大畑町4097,大畑小学校,熊本県人吉市大畑町4097,1,,,32.16292151,130.8035476,"[{""共通ID"": ""E4320300026111"", ""経度"": ""130.8035476"", ""緯度"": ""32.16292151""}]",,matched,exact_name_address,1.000,reference/43000_1.csv,17068228366013260d8a1e506e0843bc9c0736e8ec7031a9e384d0d32abd7578,00000799,4000,4000,kumamoto_portal_map,2026-08-01T00:28:20+09:00,matched,portal_shelter_id,1.000,32.16333,130.803126,,,unmatched,manual_no_match,,,32.16292151,130.8035476,gsi_reference,reference_latitude_longitude,complete,0,0,0,0,0,0,0,0,0,0,0,0,0,0,0,0,0
ref:E4320300008111,4f0cf05d4d29c9f3171b,E4320300008111,E4320300008111,人吉市,東間コミュニティセンター,熊本県人吉市蟹作町1531-1,東間コミュニティセンター,熊本県人吉市蟹作町1531-1,1,,,32.196393130208,130.77540201305,"[{""共通ID"": ""E4320300008111"", ""経度"": ""130.77540201305"", ""緯度"": ""32.196393130208""}]",,matched,exact_name_address,1.000,reference/43000_1.csv,17068228366013260d8a1e506e0843bc9c0736e8ec7031a9e384d0d32abd7578,00000796,3375,3375,kumamoto_portal_map,2026-08-01T00:28:20+09:00,matched,portal_shelter_id,1.000,32.19637,130.775425,,,unmatched,manual_no_match,,,32.196393130208,130.77540201305,gsi_reference,reference_latitude_longitude,complete,0,1,0,0,0,0,0,0,0,0,0,0,0,0,0,0,0
ref:E4320300030111,6b1d1b35b6b6075198c6,E4320300030111,E4320300030111,人吉市,東間小学校,熊本県人吉市東間下町2683,東間小学校,熊本県人吉市東間下町2683,1,,,32.203725,130.766611,"[{""共通ID"": ""E4320300030111"", ""経度"": ""130.766611"", ""緯度"": ""32.203725""}]",,matched,exact_name_address,1.000,reference/43000_1.csv,17068228366013260d8a1e506e0843bc9c0736e8ec7031a9e384d0d32abd7578,00000794,3500,3500,kumamoto_portal_map,2026-08-01T00:28:20+09:00,matched,portal_shelter_id,1.000,32.203649,130.766793,,,unmatched,manual_no_match,,,32.203725,130.766611,gsi_reference,reference_latitude_longitude,complete,0,0,0,0,0,0,0,0,0,0,0,0,0,0,0,0,0
ref:E4320300014121,85cd58413295896f75f0,E4320300014121,E4320300014121,人吉市,特別養護老人ホーム聖心ホーム,熊本県人吉市寺町9-5,特別養護老人ホーム聖心ホーム,熊本県人吉市寺町9-5,,左記の者のうち、事前に市が特定し、環境調整を事前に行った者,高齢者,32.20686997871,130.76172723239,"[{""共通ID"": ""E4320300014121"", ""経度"": ""130.76172723239"", ""緯度"": ""32.20686997871""}]",,matched,exact_name_address,1.000,reference/43000_1.csv,17068228366013260d8a1e506e0843bc9c0736e8ec7031a9e384d0d32abd7578,,,,,,unmatched,no_candidate,,,,,,unmatched,manual_no_match,,,32.20686997871,130.76172723239,gsi_reference,reference_latitude_longitude,complete,0,0,0,0,0,0,0,0,0,0,0,0,0,0,0,0,0
ref:E4320300002121,8f43465d41bcc1d83804,E4320300002121,E4320300002121,人吉市,特別養護老人ホーム龍生園,熊本県人吉市下原田町字瓜生田1057-9,特別養護老人ホーム龍生園,熊本県人吉市下原田町字瓜生田1057-9,,左記の者のうち、要介護者は家族付添い,高齢者(要配慮者),32.230779713327,130.72016093431,"[{""共通ID"": ""E4320300002121"", ""経度"": ""130.72016093431"", ""緯度"": ""32.230779713327""}]",,matched,exact_name_address,1.000,reference/43000_1.csv,17068228366013260d8a1e506e0843bc9c0736e8ec7031a9e384d0d32abd7578,,,,,,unmatched,no_candidate,,,,,,unmatched,manual_no_match,,,32.230779713327,130.72016093431,gsi_reference,reference_latitude_longitude,complete,0,0,0,0,0,0,0,0,0,0,0,0,0,0,0,0,0
ref:E4320300021111,7c8e16fb1652785389d5,E4320300021111,E4320300021111,人吉市,球磨工業高校,熊本県人吉市城本町800,球磨工業高校,熊本県人吉市城本町800,1,,,32.219248564488,130.75250332843,"[{""共通ID"": ""E4320300021111"", ""経度"": ""130.75250332843"", ""緯度"": ""32.219248564488""}]",,matched,exact_name_address,1.000,reference/43000_1.csv,17068228366013260d8a1e506e0843bc9c0736e8ec7031a9e384d0d32abd7578,00000312,250,250,kumamoto_portal_map,2026-08-01T00:28:20+09:00,matched,portal_shelter_id,1.000,32.219033,130.752555,,,unmatched,manual_no_match,,,32.219248564488,130.75250332843,gsi_reference,reference_latitude_longitude,complete,0,0,0,0,0,0,0,0,0,0,0,0,0,0,0,0,0
ref:E4320300028111,99bb8eb99caf29f1889e,E4320300028111,E4320300028111,人吉市,田野活性化センター,熊本県人吉市田野町3392-2,田野活性化センター,熊本県人吉市田野町3392-2,1,,,32.13821225,130.6822905,"[{""共通ID"": ""E4320300028111"", ""経度"": ""130.6822905"", ""緯度"": ""32.13821225""}]",,matched,exact_name_address,1.000,reference/43000_1.csv,17068228366013260d8a1e506e0843bc9c0736e8ec7031a9e384d0d32abd7578,00000798,100,100,kumamoto_portal_map,2026-08-01T00:28:20+09:00,matched,portal_shelter_id,1.000,32.140005,130.683155,,,unmatched,manual_no_match,,,32.13821225,130.6822905,gsi_reference,reference_latitude_longitude,complete,0,0,0,0,0,0,0,0,0,0,0,0,0,0,0,0,0
ref:E4320300029111,5c1556a5116c5e3a4b0c,E4320300029111,E4320300029111,人吉市,第一中学校,熊本県人吉市土手町36-3,第一中学校,熊本県人吉市土手町36-3,1,,,32.207752,130.759332,"[{""共通ID"": ""E4320300029111"", ""経度"": ""130.759332"", ""緯度"": ""32.207752""}]",,matched,exact_name_address,1.000,reference/43000_1.csv,17068228366013260d8a1e506e0843bc9c0736e8ec7031a9e384d0d32abd7578,00000786,10000,10000,kumamoto_portal_map,2026-08-01T00:28:20+09:00,matched,portal_shelter_id,1.000,32.20769,130.759229,,,unmatched,manual_no_match,,,32.207752,130.759332,gsi_reference,reference_latitude_longitude,complete,0,0,0,0,0,0,0,0,0,0,0,0,0,0,0,0,0
ref:E4320300018111,180ec8e32402402031f8,E4320300018111,E4320300018111,人吉市,第三中学校,熊本県人吉市上田代町2008,第三中学校,熊本県人吉市上田代町2008,1,,,32.16780161,130.8039627,"[{""共通ID"": ""E4320300018111"", ""経度"": ""130.8039627"", ""緯度"": ""32.16780161""}]",,matched,exact_name_address,1.000,reference/43000_1.csv,17068228366013260d8a1e506e0843bc9c0736e8ec7031a9e384d0d32abd7578,00000800,4500,4500,kumamoto_portal_map,2026-08-01T00:28:20+09:00,matched,portal_shelter_id,1.000,32.167285,130.804273,,,unmatched,manual_no_match,,,32.16780161,130.8039627,gsi_reference,reference_latitude_longitude,complete,0,0,0,0,0,0,0,0,0,0,0,0,0,0,0,0,0
ref:E4320300019111,6383a74ea6a2b36a6b40,E4320300019111,E4320300019111,人吉市,第二中学校,熊本県人吉市上林町622,第二中学校,熊本県人吉市上林町622,1,,,32.22168798,130.744083,"[{""共通ID"": ""E4320300019111"", ""経度"": ""130.744083"", ""緯度"": ""32.22168798""}]",,matched,exact_name_address,1.000,reference/43000_1.csv,17068228366013260d8a1e506e0843bc9c0736e8ec7031a9e384d0d32abd7578,00000810,14000,14000,kumamoto_portal_map,2026-08-01T00:28:20+09:00,matched,portal_shelter_id,1.000,32.221286,130.743964,,,unmatched,manual_no_match,,,32.22168798,130.744083,gsi_reference,reference_latitude_longitude,complete,0,0,0,0,0,0,0,0,0,0,0,0,0,0,0,0,0
ref:E4320300039111,431352f7728e1b621669,E4320300039111,E4320300039111,人吉市,西瀬コミュニティセンター,熊本県人吉市下戸越町1678-1,西瀬コミュニティセンター,熊本県人吉市下戸越町1678-1,,,,32.207001,130.73616,"[{""共通ID"": ""E4320300039111"", ""経度"": ""130.73616"", ""緯度"": ""32.207001""}]",,matched,exact_name_address,1.000,reference/43000_1.csv,17068228366013260d8a1e506e0843bc9c0736e8ec7031a9e384d0d32abd7578,00000804,1000,1000,kumamoto_portal_map,2026-08-01T00:28:20+09:00,matched,portal_shelter_id,1.000,32.207262,130.736218,,,unmatched,manual_no_match,,,32.207001,130.73616,gsi_reference,reference_latitude_longitude,complete,0,1,0,0,0,0,0,0,0,0,0,0,0,0,0,0,0
ref:E4320300015111,89e2c9cdc39f8818a05a,E4320300015111,E4320300015111,人吉市,西瀬コミュニティセンター鹿目分館,熊本県人吉市鹿目町2515,西瀬コミュニティセンター鹿目分館,熊本県人吉市鹿目町2515,1,,,32.19031104,130.6890843,"[{""共通ID"": ""E4320300015111"", ""経度"": ""130.6890843"", ""緯度"": ""32.19031104""}]",,matched,exact_name_address,1.000,reference/43000_1.csv,17068228366013260d8a1e506e0843bc9c0736e8ec7031a9e384d0d32abd7578,00000805,900,900,kumamoto_portal_map,2026-08-01T00:28:20+09:00,matched,portal_shelter_id,1.000,32.190577,130.689202,,,unmatched,manual_no_match,,,32.19031104,130.6890843,gsi_reference,reference_latitude_longitude,complete,0,0,0,0,0,0,0,0,0,0,0,0,0,0,0,0,0
ref:E4320300004111,4baa395824f59394faf4,E4320300004111,E4320300004111,人吉市,西瀬小学校,熊本県人吉市下戸越町1654-1,西瀬小学校,熊本県人吉市下戸越町1654-1,1,,,32.206405,130.736667,"[{""共通ID"": ""E4320300004111"", ""経度"": ""130.736667"", ""緯度"": ""32.206405""}]",,matched,exact_name_address,1.000,reference/43000_1.csv,17068228366013260d8a1e506e0843bc9c0736e8ec7031a9e384d0d32abd7578,00000802,3000,3000,kumamoto_portal_map,2026-08-01T00:28:20+09:00,matched,portal_shelter_id,1.000,32.206387,130.736576,,,unmatched,manual_no_match,,,32.206405,130.736667,gsi_reference,reference_latitude_longitude,complete,0,0,0,0,0,0,0,0,0,0,0,0,0,0,0,0,0
ref:E4320300013121,8c1ead807295ebbecc8e,E4320300013121,E4320300013121,人吉市,障がい者支援施設けやき,熊本県人吉市合ノ原町461-2,障がい者支援施設けやき,熊本県人吉市合ノ原町461-2,,,市が特定した者で介助者同伴のみ,32.236021445962,130.74375697569,"[{""共通ID"": ""E4320300013121"", ""経度"": ""130.74375697569"", ""緯度"": ""32.236021445962""}]",,matched,exact_name_address,1.000,reference/43000_1.csv,17068228366013260d8a1e506e0843bc9c0736e8ec7031a9e384d0d32abd7578,,,,,,unmatched,no_candidate,,,,,,unmatched,manual_no_match,,,32.236021445962,130.74375697569,gsi_reference,reference_latitude_longitude,complete,0,0,0,0,0,0,0,0,0,0,0,0,0,0,0,0,0
ref:E4320300009122,dd37c733a621eae43b70,E4320300009122,E4320300009122,人吉市,障害者支援施設うぐいす,熊本県人吉市蟹作町211-1,障害者支援施設うぐいす,熊本県人吉市蟹作町211-1,,,知的障害者及びその家族,32.193247636663,130.78158320801,"[{""共通ID"": ""E4320300009122"", ""経度"": ""130.78158320801"", ""緯度"": ""32.193247636663""}]",,matched,exact_name_address,1.000,reference/43000_1.csv,17068228366013260d8a1e506e0843bc9c0736e8ec7031a9e384d0d32abd7578,,,,,,unmatched,no_candidate,,,,,,unmatched,manual_no_match,,,32.193247636663,130.78158320801,gsi_reference,reference_latitude_longitude,complete,0,0,0,0,0,0,0,0,0,0,0,0,0,0,0,0,0
web:c9b5d28a0b103a2afed7,c9b5d28a0b103a2afed7,,,八代市,さかもと青少年センター分館,八代市坂本町中谷い1270,,,,,,,,[],,unmatched,no_candidate,,reference/43000_1.csv,dd6686fa000c3e720180ba96d02aacff987aec1bba3c9bc69a5867fc0089d10d,00000750,150,150,kumamoto_portal_map,2026-08-01T00:28:20+09:00,matched,portal_shelter_id,1.000,32.443409,130.66913,32.44345307,130.669119,matched,manual_shelter_id,マニュアルジオコーディング(1).csv,35f5dae36fe4e9577c53f227bd933e4604ed40e589ee27a700add2b32438424c,32.44345307,130.669119,manual_geocoding,manual_shelter_id,complete,0,1,1,0,0,0,0,0,0,0,0,0,0,0,0,0,0
ref:E4320200037121,199c760fbd3d60b1aa0e,E4320200037121,E4320200037121,八代市,ふくしステーション 千の穂,熊本県八代市高下西町1760,ふくしステーション 千の穂,熊本県八代市高下西町1760,,,要配慮者,32.4869960672412,130.60854214312,"[{""共通ID"": ""E4320200037121"", ""経度"": ""130.60854214312"", ""緯度"": ""32.4869960672412""}]",,matched,exact_name_address,1.000,reference/43000_1.csv,17068228366013260d8a1e506e0843bc9c0736e8ec7031a9e384d0d32abd7578,00000296,14,14,kumamoto_portal_map,2026-08-01T00:28:20+09:00,matched,portal_shelter_id,1.000,32.486925,130.608468,,,unmatched,manual_no_match,,,32.4869960672412,130.60854214312,gsi_reference,reference_latitude_longitude,complete,0,0,0,0,0,0,0,0,0,0,0,0,0,0,0,0,0
web:8ea216df3abe1685c187,8ea216df3abe1685c187,,,八代市,みんなの家(中津道),熊本県八代市坂本町中津道300,,,,,,,,[],,unmatched,no_candidate,,reference/43000_1.csv,dd6686fa000c3e720180ba96d02aacff987aec1bba3c9bc69a5867fc0089d10d,00002305,30,30,kumamoto_portal_map,2026-08-01T00:28:20+09:00,matched,portal_shelter_id,1.000,32.3819908976471,130.6545426746153,32.38254779,130.6546295,matched,manual_shelter_id,マニュアルジオコーディング(1).csv,35f5dae36fe4e9577c53f227bd933e4604ed40e589ee27a700add2b32438424c,32.38254779,130.6546295,manual_geocoding,manual_shelter_id,complete,0,1,1,0,0,0,0,0,0,0,0,0,0,0,0,0,0
ref:E4320200123121,df2fc545bed281320ac9,E4320200123121,E4320200123121,八代市,キャッスル麦島,熊本県八代市古城町1938-1,キャッスル麦島,熊本県八代市古城町1938-1,,,要配慮者,32.499862,130.597359,"[{""共通ID"": ""E4320200123121"", ""経度"": ""130.597359"", ""緯度"": ""32.499862""}]",,matched,exact_name_address,1.000,reference/43000_1.csv,17068228366013260d8a1e506e0843bc9c0736e8ec7031a9e384d0d32abd7578,,,,,,unmatched,no_candidate,,,,,,unmatched,manual_no_match,,,32.499862,130.597359,gsi_reference,reference_latitude_longitude,complete,0,0,0,0,0,0,0,0,0,0,0,0,0,0,0,0,0
web:843372517cc28fb05bb6,843372517cc28fb05bb6,,,八代市,久多良木多目的集会施設,八代市坂本町百済来下694,,,,,,,,[],,unmatched,no_candidate,,reference/43000_1.csv,dd6686fa000c3e720180ba96d02aacff987aec1bba3c9bc69a5867fc0089d10d,00000704,100,100,kumamoto_portal_map,2026-08-01T00:28:20+09:00,matched,portal_shelter_id,1.000,32.39717961887801,130.59679985046387,32.39685703,130.5963205,matched,manual_shelter_id,マニュアルジオコーディング(1).csv,35f5dae36fe4e9577c53f227bd933e4604ed40e589ee27a700add2b32438424c,32.39685703,130.5963205,manual_geocoding,manual_shelter_id,complete,0,1,1,0,0,0,0,0,0,0,0,0,0,0,0,0,0
web:1b6fa2f886fba25b241b,1b6fa2f886fba25b241b,,,八代市,二見コミュニティセンター,八代市二見下大野町2432-1,,,,,,,,[],,unmatched,fuzzy_below_threshold,0.761,reference/43000_1.csv,17068228366013260d8a1e506e0843bc9c0736e8ec7031a9e384d0d32abd7578,00000695,200,200,kumamoto_portal_map,2026-08-01T00:28:20+09:00,matched,portal_shelter_id,1.000,32.407212,130.558888,32.40723164,130.5588755,matched,manual_shelter_id,マニュアルジオコーディング(1).csv,35f5dae36fe4e9577c53f227bd933e4604ed40e589ee27a700add2b32438424c,32.40723164,130.5588755,manual_geocoding,manual_shelter_id,complete,0,1,1,1,1,1,1,1,1,1,1,1,1,1,1,1,1
web:d041a260fd1c907e244b,d041a260fd1c907e244b,,,八代市,二見中学校,八代市二見本町852,,,,,,,,[],,unmatched,no_candidate,,reference/43000_1.csv,dd6686fa000c3e720180ba96d02aacff987aec1bba3c9bc69a5867fc0089d10d,00000741,410,410,kumamoto_portal_map,2026-08-01T00:28:20+09:00,matched,portal_shelter_id,1.000,32.403379,130.557866,32.40341066,130.557775,matched,manual_shelter_id,マニュアルジオコーディング(1).csv,35f5dae36fe4e9577c53f227bd933e4604ed40e589ee27a700add2b32438424c,32.40341066,130.557775,manual_geocoding,manual_shelter_id,complete,0,1,1,0,0,0,0,0,0,0,0,0,0,0,0,0,0
web:72f6dcdf42be5b1c9c60,72f6dcdf42be5b1c9c60,,,八代市,二見小学校,八代市二見下大野町2258-1,,,,,,,,[],,unmatched,no_candidate,,reference/43000_1.csv,dd6686fa000c3e720180ba96d02aacff987aec1bba3c9bc69a5867fc0089d10d,00000732,610,610,kumamoto_portal_map,2026-08-01T00:28:20+09:00,matched,portal_shelter_id,1.000,32.407312,130.559832,32.40750466,130.5597266,matched,manual_shelter_id,マニュアルジオコーディング(1).csv,35f5dae36fe4e9577c53f227bd933e4604ed40e589ee27a700add2b32438424c,32.40750466,130.5597266,manual_geocoding,manual_shelter_id,complete,0,1,1,0,0,0,0,0,0,0,0,0,0,0,0,0,0
web:fb3044a2b79afc80e386,fb3044a2b79afc80e386,,,八代市,今泉地区公民館,熊本県八代市坂本町西部ろ1292番地,,,,,,,,[],,unmatched,no_candidate,,reference/43000_1.csv,17068228366013260d8a1e506e0843bc9c0736e8ec7031a9e384d0d32abd7578,00002299,40,40,kumamoto_portal_map,2026-08-01T00:28:20+09:00,matched,portal_shelter_id,1.000,32.470608472097545,130.63879203022225,32.47076399,130.6387398,matched,manual_shelter_id,マニュアルジオコーディング(1).csv,35f5dae36fe4e9577c53f227bd933e4604ed40e589ee27a700add2b32438424c,32.47076399,130.6387398,manual_geocoding,manual_shelter_id,complete,0,1,1,1,1,1,1,0,0,0,0,0,0,0,0,0,0
ref:E4320200006121,fee70e771c8378983a82,E4320200006121,E4320200006121,八代市,介護老人保健施設 かがみ苑,熊本県八代市塩浜町11-235,介護老人保健施設 かがみ苑,熊本県八代市塩浜町11-235,,,要配慮者,32.5616482729161,130.618190667178,"[{""共通ID"": ""E4320200006121"", ""経度"": ""130.618190667178"", ""緯度"": ""32.5616482729161""}]",,matched,exact_name_address,1.000,reference/43000_1.csv,17068228366013260d8a1e506e0843bc9c0736e8ec7031a9e384d0d32abd7578,00000307,10,10,kumamoto_portal_map,2026-08-01T00:28:20+09:00,matched,portal_shelter_id,1.000,32.559025,130.625439,,,unmatched,manual_no_match,,,32.5616482729161,130.618190667178,gsi_reference,reference_latitude_longitude,complete,0,0,0,0,0,0,0,0,0,0,0,0,0,0,0,0,0
ref:E4320200024121,d8fe53db0405d32baf77,E4320200024121,E4320200024121,八代市,介護老人保健施設 とまと,熊本県八代市郡築一番町180-1,介護老人保健施設 とまと,熊本県八代市郡築一番町180-1,,,要配慮者,32.5152625989081,130.564681054759,"[{""共通ID"": ""E4320200024121"", ""経度"": ""130.564681054759"", ""緯度"": ""32.5152625989081""}]",,matched,exact_name_address,1.000,reference/43000_1.csv,17068228366013260d8a1e506e0843bc9c0736e8ec7031a9e384d0d32abd7578,00000299,50,50,kumamoto_portal_map,2026-08-01T00:28:20+09:00,matched,portal_shelter_id,1.000,32.515255,130.564608,,,unmatched,manual_no_match,,,32.5152625989081,130.564681054759,gsi_reference,reference_latitude_longitude,complete,0,0,0,0,0,0,0,0,0,0,0,0,0,0,0,0,0
ref:E4320200032121,84543605f07aac4ceda3,E4320200032121,E4320200032121,八代市,介護老人保健施設 アメニティゆうりん,熊本県八代市古閑浜町3401,介護老人保健施設 アメニティゆうりん,熊本県八代市古閑浜町3401,,,要配慮者,32.5375063523615,130.599773813306,"[{""共通ID"": ""E4320200032121"", ""経度"": ""130.599773813306"", ""緯度"": ""32.5375063523615""}]",,matched,exact_name_address,1.000,reference/43000_1.csv,17068228366013260d8a1e506e0843bc9c0736e8ec7031a9e384d0d32abd7578,00000294,10,10,kumamoto_portal_map,2026-08-01T00:28:20+09:00,matched,portal_shelter_id,1.000,32.537543,130.599795,,,unmatched,manual_no_match,,,32.5375063523615,130.599773813306,gsi_reference,reference_latitude_longitude,complete,0,0,0,0,0,0,0,0,0,0,0,0,0,0,0,0,0
ref:E4320200087121,e898080f08c332339def,E4320200087121,E4320200087121,八代市,介護老人保健施設 向春苑,熊本県八代市大福寺町2411-1,介護老人保健施設 向春苑,熊本県八代市大福寺町2411-1,,,要配慮者,32.4734832544415,130.591844578177,"[{""共通ID"": ""E4320200087121"", ""経度"": ""130.591844578177"", ""緯度"": ""32.4734832544415""}]",,matched,exact_name_address,1.000,reference/43000_1.csv,17068228366013260d8a1e506e0843bc9c0736e8ec7031a9e384d0d32abd7578,00000295,10,10,kumamoto_portal_map,2026-08-01T00:28:20+09:00,matched,portal_shelter_id,1.000,32.47345,130.591909,,,unmatched,manual_no_match,,,32.4734832544415,130.591844578177,gsi_reference,reference_latitude_longitude,complete,0,0,0,0,0,0,0,0,0,0,0,0,0,0,0,0,0
web:78670aceb0f1a33db766,78670aceb0f1a33db766,,,八代市,代陽コミュニティセンター,八代市西松江城町2-18,,,,,,,,[],,unmatched,fuzzy_below_threshold,0.781,reference/43000_1.csv,17068228366013260d8a1e506e0843bc9c0736e8ec7031a9e384d0d32abd7578,00000694,200,200,kumamoto_portal_map,2026-08-01T00:28:20+09:00,matched,portal_shelter_id,1.000,32.507089,130.597324,32.50711793,130.597334,matched,manual_shelter_id,マニュアルジオコーディング(1).csv,35f5dae36fe4e9577c53f227bd933e4604ed40e589ee27a700add2b32438424c,32.50711793,130.597334,manual_geocoding,manual_shelter_id,complete,0,1,1,1,1,1,1,1,1,1,1,1,1,1,1,1,1
web:ca66162b50dcc013b548,ca66162b50dcc013b548,,,八代市,代陽コミュニティセンター,熊本県八代市,,,,,,,,[],,unmatched,fuzzy_below_threshold,0.780,reference/43000_1.csv,17068228366013260d8a1e506e0843bc9c0736e8ec7031a9e384d0d32abd7578,00002357,,0,kumamoto_portal_map,2026-08-01T00:28:20+09:00,matched,portal_shelter_id,1.000,32.50744982000003,130.60182023000004,,,unmatched,manual_no_match,,,32.50744982000003,130.60182023000004,kumamoto_portal,portal_latitude_longitude,complete,0,0,0,0,0,0,0,0,0,1,0,0,0,0,0,0,0
web:b276f19a065b0486ded4,b276f19a065b0486ded4,,,八代市,代陽小学校,八代市北の丸町1-7,,,,,,,,[],,unmatched,no_candidate,,reference/43000_1.csv,dd6686fa000c3e720180ba96d02aacff987aec1bba3c9bc69a5867fc0089d10d,00000719,1000,1000,kumamoto_portal_map,2026-08-01T00:28:20+09:00,matched,portal_shelter_id,1.000,32.509506,130.601759,32.50952708,130.6017492,matched,manual_shelter_id,マニュアルジオコーディング(1).csv,35f5dae36fe4e9577c53f227bd933e4604ed40e589ee27a700add2b32438424c,32.50952708,130.6017492,manual_geocoding,manual_shelter_id,complete,0,1,1,1,1,1,0,0,0,0,0,0,0,0,0,0,0
web:bb62aded1e4ed62ec037,bb62aded1e4ed62ec037,,,八代市,八代コミュニティセンター,八代市新地町6-3,,,,,,,,[],,unmatched,fuzzy_below_threshold,0.799,reference/43000_1.csv,17068228366013260d8a1e506e0843bc9c0736e8ec7031a9e384d0d32abd7578,00000699,200,200,kumamoto_portal_map,2026-08-01T00:28:20+09:00,matched,portal_shelter_id,1.000,32.509161,130.590519,32.50916831,130.5905641,matched,manual_shelter_id,マニュアルジオコーディング(1).csv,35f5dae36fe4e9577c53f227bd933e4604ed40e589ee27a700add2b32438424c,32.50916831,130.5905641,manual_geocoding,manual_shelter_id,complete,0,1,1,1,1,1,1,1,1,1,1,1,1,1,1,1,1
ref:E4320200119111,b7e4a2ad78aafa90a9eb,E4320200119111,E4320200119111,八代市,八代トヨオカ地建アリーナ(総合体育館),八代市緑町11-1,八代トヨオカ地建アリーナ(総合体育館),熊本県八代市緑町11-1,1,,,32.50473737,130.6105499,"[{""共通ID"": ""E4320200119111"", ""経度"": ""130.6105499"", ""緯度"": ""32.50473737""}]",,matched,exact_name_address,1.000,reference/43000_1.csv,17068228366013260d8a1e506e0843bc9c0736e8ec7031a9e384d0d32abd7578,00000669,3000,3000,kumamoto_portal_map,2026-08-01T00:28:20+09:00,matched,portal_shelter_id,1.000,32.504782,130.610442,,,unmatched,manual_no_match,,,32.50473737,130.6105499,gsi_reference,reference_latitude_longitude,complete,0,1,1,1,1,1,1,1,1,1,1,1,1,1,1,1,1
ref:E4320200127121,8da5bdb290a11111ceb9,E4320200127121,E4320200127121,八代市,八代五家荘デイサービスセンター福寿草,熊本県八代市泉町椎原又1-1,八代五家荘デイサービスセンター福寿草,熊本県八代市泉町椎原又1-1,,,要配慮者,32.489882,130.902933,"[{""共通ID"": ""E4320200127121"", ""経度"": ""130.902933"", ""緯度"": ""32.489882""}]",,matched,exact_name_address,1.000,reference/43000_1.csv,17068228366013260d8a1e506e0843bc9c0736e8ec7031a9e384d0d32abd7578,00000688,20,20,kumamoto_portal_map,2026-08-01T00:28:20+09:00,matched,portal_shelter_id,1.000,32.489623,130.902989,,,unmatched,manual_no_match,,,32.489882,130.902933,gsi_reference,reference_latitude_longitude,complete,0,0,0,0,0,0,0,0,0,0,0,0,0,0,0,0,0
ref:E4320200100121,7fcec7c91ae71333ee86,E4320200100121,E4320200100121,八代市,八代学園,熊本県八代市二見本町240,八代学園,熊本県八代市二見本町240,,,要配慮者,32.4010084704347,130.550467336131,"[{""共通ID"": ""E4320200100121"", ""経度"": ""130.550467336131"", ""緯度"": ""32.4010084704347""}]",,matched,exact_name_address,1.000,reference/43000_1.csv,17068228366013260d8a1e506e0843bc9c0736e8ec7031a9e384d0d32abd7578,00000302,20,20,kumamoto_portal_map,2026-08-01T00:28:20+09:00,matched,portal_shelter_id,1.000,32.400926,130.550422,,,unmatched,manual_no_match,,,32.4010084704347,130.550467336131,gsi_reference,reference_latitude_longitude,complete,0,0,0,0,0,0,0,0,0,0,0,0,0,0,0,0,0
web:452a87fd3b7d540aee9a,452a87fd3b7d540aee9a,,,八代市,八代小学校,八代市新地町4-1,,,,,,,,[],,unmatched,no_candidate,,reference/43000_1.csv,17068228366013260d8a1e506e0843bc9c0736e8ec7031a9e384d0d32abd7578,00000718,1120,1120,kumamoto_portal_map,2026-08-01T00:28:20+09:00,matched,portal_shelter_id,1.000,32.509678,130.591491,32.50936386,130.5914653,matched,manual_shelter_id,マニュアルジオコーディング(1).csv,35f5dae36fe4e9577c53f227bd933e4604ed40e589ee27a700add2b32438424c,32.50936386,130.5914653,manual_geocoding,manual_shelter_id,complete,0,1,1,1,1,1,1,1,1,1,1,1,1,1,1,1,1
ref:E4320200036111,4a98410878d9b168adb3,E4320200036111,E4320200036111,八代市,八代市保健センター,八代市高下西町1726-5,八代市保健センター,熊本県八代市高下西町1726-5,1,,,32.48753299,130.6081132,"[{""共通ID"": ""E4320200036111"", ""経度"": ""130.6081132"", ""緯度"": ""32.48753299""}]",,matched,exact_name_address,1.000,reference/43000_1.csv,17068228366013260d8a1e506e0843bc9c0736e8ec7031a9e384d0d32abd7578,00000730,672,672,kumamoto_portal_map,2026-08-01T00:28:20+09:00,matched,portal_shelter_id,1.000,32.487577,130.608132,,,unmatched,manual_no_match,,,32.48753299,130.6081132,gsi_reference,reference_latitude_longitude,complete,0,1,1,1,1,1,1,1,1,1,1,1,1,1,1,1,1
ref:E4320200076121,0e52c4aa4c65b7587a70,E4320200076121,E4320200076121,八代市,八代市泉憩いの家,熊本県八代市泉町下岳2974,八代市泉憩いの家,熊本県八代市泉町下岳2974,1,,要配慮者,32.5759440405196,130.791196733553,"[{""共通ID"": ""E4320200076121"", ""経度"": ""130.791196733553"", ""緯度"": ""32.5759440405196""}]",,matched,exact_name_address,1.000,reference/43000_1.csv,17068228366013260d8a1e506e0843bc9c0736e8ec7031a9e384d0d32abd7578,,,,,,unmatched,no_candidate,,,,,,unmatched,manual_no_match,,,32.5759440405196,130.791196733553,gsi_reference,reference_latitude_longitude,complete,0,0,0,0,0,0,0,0,0,0,0,0,0,0,0,0,0
ref:E4320200102111,05685e5088cd9e75f60d,E4320200102111,E4320200102111,八代市,八代市立二見中学校,熊本県八代市二見本町852,八代市立二見中学校,熊本県八代市二見本町852,1,,,32.40339896,130.5579365,"[{""共通ID"": ""E4320200102111"", ""経度"": ""130.5579365"", ""緯度"": ""32.40339896""}]",,matched,exact_name_address,1.000,reference/43000_1.csv,17068228366013260d8a1e506e0843bc9c0736e8ec7031a9e384d0d32abd7578,00000741,410,410,kumamoto_portal_map,2026-08-01T00:28:20+09:00,matched,portal_shelter_id,1.000,32.403379,130.557866,,,unmatched,manual_no_match,,,32.40339896,130.5579365,gsi_reference,reference_latitude_longitude,complete,0,0,0,0,0,0,0,0,0,0,0,0,0,0,0,0,0
ref:E4320200098111,748e2d6aa21a1ea82ec1,E4320200098111,E4320200098111,八代市,八代市立二見小学校,熊本県八代市二見下大野町2258-1,八代市立二見小学校,熊本県八代市二見下大野町2258-1,1,,,32.40740252,130.5598938,"[{""共通ID"": ""E4320200098111"", ""経度"": ""130.5598938"", ""緯度"": ""32.40740252""}]",,matched,exact_name_address,1.000,reference/43000_1.csv,17068228366013260d8a1e506e0843bc9c0736e8ec7031a9e384d0d32abd7578,00000732,610,610,kumamoto_portal_map,2026-08-01T00:28:20+09:00,matched,portal_shelter_id,1.000,32.407312,130.559832,,,unmatched,manual_no_match,,,32.40740252,130.5598938,gsi_reference,reference_latitude_longitude,complete,0,0,0,0,0,0,0,0,0,0,0,0,0,0,0,0,0
ref:E4320200117111,ab7c25f91f055b3161ba,E4320200117111,E4320200117111,八代市,八代市立代陽小学校,熊本県八代市北の丸町1-7,八代市立代陽小学校,熊本県八代市北の丸町1-7,1,,,32.50952565,130.6018265,"[{""共通ID"": ""E4320200117111"", ""経度"": ""130.6018265"", ""緯度"": ""32.50952565""}]",,matched,exact_name_address,1.000,reference/43000_1.csv,17068228366013260d8a1e506e0843bc9c0736e8ec7031a9e384d0d32abd7578,00000719,1000,1000,kumamoto_portal_map,2026-08-01T00:28:20+09:00,matched,portal_shelter_id,1.000,32.509506,130.601759,,,unmatched,manual_no_match,,,32.50952565,130.6018265,gsi_reference,reference_latitude_longitude,complete,0,0,0,0,0,0,0,0,0,0,0,0,0,0,0,0,0
ref:E4320200063111,0bd456165ddf6c150b6c,E4320200063111,E4320200063111,八代市,八代市立八代小学校,熊本県八代市新地町4-1,八代市立八代小学校,熊本県八代市新地町4-1,1,,,32.50931462,130.5916634,"[{""共通ID"": ""E4320200063111"", ""経度"": ""130.5916634"", ""緯度"": ""32.50931462""}]",,matched,exact_name_address,1.000,reference/43000_1.csv,17068228366013260d8a1e506e0843bc9c0736e8ec7031a9e384d0d32abd7578,,,,,,unmatched,no_candidate,,,,,,unmatched,manual_no_match,,,32.50931462,130.5916634,gsi_reference,reference_latitude_longitude,complete,0,0,0,0,0,0,0,0,0,0,0,0,0,0,0,0,0
ref:E4320200058111,eb01077a58bc652c942f,E4320200058111,E4320200058111,八代市,八代市立八千把小学校,熊本県八代市上野町1131,八代市立八千把小学校,熊本県八代市上野町1131,1,,,32.51732334,130.6140257,"[{""共通ID"": ""E4320200058111"", ""経度"": ""130.6140257"", ""緯度"": ""32.51732334""}]",,matched,exact_name_address,1.000,reference/43000_1.csv,17068228366013260d8a1e506e0843bc9c0736e8ec7031a9e384d0d32abd7578,00000725,800,800,kumamoto_portal_map,2026-08-01T00:28:20+09:00,matched,portal_shelter_id,1.000,32.517084,130.613622,,,unmatched,manual_no_match,,,32.51732334,130.6140257,gsi_reference,reference_latitude_longitude,complete,0,0,0,0,0,0,0,0,0,0,0,0,0,0,0,0,0
ref:E4320200070111,11312f77158972068305,E4320200070111,E4320200070111,八代市,八代市立千丁中学校,熊本県八代市千丁町古閑出2493-1,八代市立千丁中学校,熊本県八代市千丁町古閑出2493-1,1,,,32.53706961,130.6307977,"[{""共通ID"": ""E4320200070111"", ""経度"": ""130.6307977"", ""緯度"": ""32.53706961""}]",,matched,exact_name_address,1.000,reference/43000_1.csv,17068228366013260d8a1e506e0843bc9c0736e8ec7031a9e384d0d32abd7578,00000737,500,500,kumamoto_portal_map,2026-08-01T00:28:20+09:00,matched,portal_shelter_id,1.000,32.537111,130.630835,,,unmatched,manual_no_match,,,32.53706961,130.6307977,gsi_reference,reference_latitude_longitude,complete,0,0,0,0,0,0,0,0,0,0,0,0,0,0,0,0,0
ref:E4320200071111,fdedd3f6cc993e41fd7b,E4320200071111,E4320200071111,八代市,八代市立千丁小学校,熊本県八代市千丁町新牟田1345,八代市立千丁小学校,熊本県八代市千丁町新牟田1345,1,,,32.53647209,130.6350252,"[{""共通ID"": ""E4320200071111"", ""経度"": ""130.6350252"", ""緯度"": ""32.53647209""}]",,matched,exact_name_address,1.000,reference/43000_1.csv,17068228366013260d8a1e506e0843bc9c0736e8ec7031a9e384d0d32abd7578,,,,,,unmatched,no_candidate,,,,,,unmatched,manual_no_match,,,32.53647209,130.6350252,gsi_reference,reference_latitude_longitude,complete,0,0,0,0,0,0,0,0,0,0,0,0,0,0,0,0,0
ref:E4320200044111,407cdf530fed723da805,E4320200044111,E4320200044111,八代市,八代市立坂本中学校,熊本県八代市坂本町荒瀬6000,八代市立坂本中学校,熊本県八代市坂本町荒瀬6000,1,,,32.43366727,130.6524197,"[{""共通ID"": ""E4320200044111"", ""経度"": ""130.6524197"", ""緯度"": ""32.43366727""}]",,matched,exact_name_address,1.000,reference/43000_1.csv,17068228366013260d8a1e506e0843bc9c0736e8ec7031a9e384d0d32abd7578,00000711,1600,1600,kumamoto_portal_map,2026-08-01T00:28:20+09:00,matched,portal_shelter_id,1.000,32.433598,130.652423,,,unmatched,manual_no_match,,,32.43366727,130.6524197,gsi_reference,reference_latitude_longitude,complete,0,0,0,0,0,0,0,0,0,0,0,0,0,0,0,0,0
ref:E4320200103111,4857725fa381c81b34e1,E4320200103111,E4320200103111,八代市,八代市立太田郷小学校,熊本県八代市日置町445,八代市立太田郷小学校,熊本県八代市日置町445,1,,,32.50995186,130.6226956,"[{""共通ID"": ""E4320200103111"", ""経度"": ""130.6226956"", ""緯度"": ""32.50995186""}]",,matched,exact_name_address,1.000,reference/43000_1.csv,17068228366013260d8a1e506e0843bc9c0736e8ec7031a9e384d0d32abd7578,00000710,1800,1800,kumamoto_portal_map,2026-08-01T00:28:20+09:00,matched,portal_shelter_id,1.000,32.510321,130.62218,,,unmatched,manual_no_match,,,32.50995186,130.6226956,gsi_reference,reference_latitude_longitude,complete,0,0,0,0,0,0,0,0,0,0,0,0,0,0,0,0,0
ref:E4320200009111,4ae8f0b64fcf1b9a9d84,E4320200009111,E4320200009111,八代市,八代市立宮地小学校,熊本県八代市宮地町1826,八代市立宮地小学校,熊本県八代市宮地町1826,1,,,32.50133405,130.6405948,"[{""共通ID"": ""E4320200009111"", ""経度"": ""130.6405948"", ""緯度"": ""32.50133405""}]",,matched,exact_name_address,1.000,reference/43000_1.csv,17068228366013260d8a1e506e0843bc9c0736e8ec7031a9e384d0d32abd7578,,,,,,unmatched,no_candidate,,,,,,unmatched,manual_no_match,,,32.50133405,130.6405948,gsi_reference,reference_latitude_longitude,complete,0,0,0,0,0,0,0,0,0,0,0,0,0,0,0,0,0
ref:E4320200021111,d8c0cde93c79a10b3481,E4320200021111,E4320200021111,八代市,八代市立文政小学校,熊本県八代市鏡町両出1371-1,八代市立文政小学校,熊本県八代市鏡町両出1371-1,1,,,32.56059139,130.6331534,"[{""共通ID"": ""E4320200021111"", ""経度"": ""130.6331534"", ""緯度"": ""32.56059139""}]",,matched,exact_name_address,1.000,reference/43000_1.csv,17068228366013260d8a1e506e0843bc9c0736e8ec7031a9e384d0d32abd7578,00000768,350,350,kumamoto_portal_map,2026-08-01T00:28:20+09:00,matched,portal_shelter_id,1.000,32.560698,130.633131,,,unmatched,manual_no_match,,,32.56059139,130.6331534,gsi_reference,reference_latitude_longitude,complete,0,0,0,0,0,0,0,0,0,0,0,0,0,0,0,0,0
ref:E4320200055111,53669edeaee9aec4dd8b,E4320200055111,E4320200055111,八代市,八代市立昭和小学校,熊本県八代市昭和明徴町731-2,八代市立昭和小学校,熊本県八代市昭和明徴町731-2,1,,,32.56085133,130.6036009,"[{""共通ID"": ""E4320200055111"", ""経度"": ""130.6036009"", ""緯度"": ""32.56085133""}]",,matched,exact_name_address,1.000,reference/43000_1.csv,17068228366013260d8a1e506e0843bc9c0736e8ec7031a9e384d0d32abd7578,,,,,,unmatched,no_candidate,,,,,,unmatched,manual_no_match,,,32.56085133,130.6036009,gsi_reference,reference_latitude_longitude,complete,0,0,0,0,0,0,0,0,0,0,0,0,0,0,0,0,0
ref:E4320200018111,6b82c04acfc9f48e6511,E4320200018111,E4320200018111,八代市,八代市立有佐小学校,熊本県八代市鏡町中島1360-1,八代市立有佐小学校,熊本県八代市鏡町中島1360-1,1,,,32.55325331,130.6656367,"[{""共通ID"": ""E4320200018111"", ""経度"": ""130.6656367"", ""緯度"": ""32.55325331""}]",,matched,exact_name_address,1.000,reference/43000_1.csv,17068228366013260d8a1e506e0843bc9c0736e8ec7031a9e384d0d32abd7578,,,,,,unmatched,no_candidate,,,,,,unmatched,manual_no_match,,,32.55325331,130.6656367,gsi_reference,reference_latitude_longitude,complete,0,0,0,0,0,0,0,0,0,0,0,0,0,0,0,0,0
ref:E4320200004111,ef38d1fb567824cd845b,E4320200004111,E4320200004111,八代市,八代市立松高小学校,熊本県八代市永碇町828-1,八代市立松高小学校,熊本県八代市永碇町828-1,1,,,32.51879747,130.5947204,"[{""共通ID"": ""E4320200004111"", ""経度"": ""130.5947204"", ""緯度"": ""32.51879747""}]",,matched,exact_name_address,1.000,reference/43000_1.csv,17068228366013260d8a1e506e0843bc9c0736e8ec7031a9e384d0d32abd7578,00000722,964,964,kumamoto_portal_map,2026-08-01T00:28:20+09:00,matched,portal_shelter_id,1.000,32.51881,130.594621,,,unmatched,manual_no_match,,,32.51879747,130.5947204,gsi_reference,reference_latitude_longitude,complete,0,0,0,0,0,0,0,0,0,0,0,0,0,0,0,0,0
ref:E4320200061111,b700e0f9aa8c2e557696,E4320200061111,E4320200061111,八代市,八代市立植柳小学校,熊本県八代市植柳上町449,八代市立植柳小学校,熊本県八代市植柳上町449,1,,,32.4921539,130.6031936,"[{""共通ID"": ""E4320200061111"", ""経度"": ""130.6031936"", ""緯度"": ""32.4921539""}]",,matched,exact_name_address,1.000,reference/43000_1.csv,17068228366013260d8a1e506e0843bc9c0736e8ec7031a9e384d0d32abd7578,00000717,1160,1160,kumamoto_portal_map,2026-08-01T00:28:20+09:00,matched,portal_shelter_id,1.000,32.492221,130.603365,,,unmatched,manual_no_match,,,32.4921539,130.6031936,gsi_reference,reference_latitude_longitude,complete,0,0,0,0,0,0,0,0,0,0,0,0,0,0,0,0,0
ref:E4320200116111,88ebcfb240359f224185,E4320200116111,E4320200116111,八代市,八代市立第一中学校,熊本県八代市北の丸町1-29,八代市立第一中学校,熊本県八代市北の丸町1-29,1,,,32.51062182,130.5993951,"[{""共通ID"": ""E4320200116111"", ""経度"": ""130.5993951"", ""緯度"": ""32.51062182""}]",,matched,exact_name_address,1.000,reference/43000_1.csv,17068228366013260d8a1e506e0843bc9c0736e8ec7031a9e384d0d32abd7578,,,,,,unmatched,no_candidate,,,,,,unmatched,manual_no_match,,,32.51062182,130.5993951,gsi_reference,reference_latitude_longitude,complete,0,0,0,0,0,0,0,0,0,0,0,0,0,0,0,0,0
ref:E4320200025111,ec6e2a91bec64ce6cb2e,E4320200025111,E4320200025111,八代市,八代市立第七中学校,熊本県八代市郡築七番町41-2,八代市立第七中学校,熊本県八代市郡築七番町41-2,1,,,32.53759969,130.5759825,"[{""共通ID"": ""E4320200025111"", ""経度"": ""130.5759825"", ""緯度"": ""32.53759969""}]",,matched,exact_name_address,1.000,reference/43000_1.csv,17068228366013260d8a1e506e0843bc9c0736e8ec7031a9e384d0d32abd7578,,,,,,unmatched,no_candidate,,,,,,unmatched,manual_no_match,,,32.53759969,130.5759825,gsi_reference,reference_latitude_longitude,complete,0,0,0,0,0,0,0,0,0,0,0,0,0,0,0,0,0
ref:E4320200090111,477a71b1c2a45d508ff9,E4320200090111,E4320200090111,八代市,八代市立第三中学校,熊本県八代市中北町3378-5,八代市立第三中学校,熊本県八代市中北町3378-5,1,,,32.49647921,130.5844607,"[{""共通ID"": ""E4320200090111"", ""経度"": ""130.5844607"", ""緯度"": ""32.49647921""}]",,matched,exact_name_address,1.000,reference/43000_1.csv,17068228366013260d8a1e506e0843bc9c0736e8ec7031a9e384d0d32abd7578,,,,,,unmatched,no_candidate,,,,,,unmatched,manual_no_match,,,32.49647921,130.5844607,gsi_reference,reference_latitude_longitude,complete,0,0,0,0,0,0,0,0,0,0,0,0,0,0,0,0,0
ref:E4320200056111,c0049de3b5e166b6e4b4,E4320200056111,E4320200056111,八代市,八代市立第二中学校,熊本県八代市上日置町2248-1,八代市立第二中学校,熊本県八代市上日置町2248-1,1,,,32.51130984,130.6244933,"[{""共通ID"": ""E4320200056111"", ""経度"": ""130.6244933"", ""緯度"": ""32.51130984""}]",,matched,exact_name_address,1.000,reference/43000_1.csv,17068228366013260d8a1e506e0843bc9c0736e8ec7031a9e384d0d32abd7578,,,,,,unmatched,no_candidate,,,,,,unmatched,manual_no_match,,,32.51130984,130.6244933,gsi_reference,reference_latitude_longitude,complete,0,0,0,0,0,0,0,0,0,0,0,0,0,0,0,0,0
ref:E4320200114111,bffbc17d681e6880de4c,E4320200114111,E4320200114111,八代市,八代市立第五中学校,熊本県八代市豊原下町3807,八代市立第五中学校,熊本県八代市豊原下町3807,1,,,32.4836461,130.6152536,"[{""共通ID"": ""E4320200114111"", ""経度"": ""130.6152536"", ""緯度"": ""32.4836461""}]",,matched,exact_name_address,1.000,reference/43000_1.csv,17068228366013260d8a1e506e0843bc9c0736e8ec7031a9e384d0d32abd7578,,,,,,unmatched,no_candidate,,,,,,unmatched,manual_no_match,,,32.4836461,130.6152536,gsi_reference,reference_latitude_longitude,complete,0,0,0,0,0,0,0,0,0,0,0,0,0,0,0,0,0
ref:E4320200011111,bb34c6dfe19b0cc07c3d,E4320200011111,E4320200011111,八代市,八代市立第八中学校,熊本県八代市宮地町611-1,八代市立第八中学校,熊本県八代市宮地町611-1,1,,,32.498669,130.63515,"[{""共通ID"": ""E4320200011111"", ""経度"": ""130.63515"", ""緯度"": ""32.498669""}]",,matched,exact_name_address,1.000,reference/43000_1.csv,17068228366013260d8a1e506e0843bc9c0736e8ec7031a9e384d0d32abd7578,,,,,,unmatched,no_candidate,,,,,,unmatched,manual_no_match,,,32.498669,130.63515,gsi_reference,reference_latitude_longitude,complete,0,0,0,0,0,0,0,0,0,0,0,0,0,0,0,0,0
ref:E4320200030111,47eec93a612d4b99663f,E4320200030111,E4320200030111,八代市,八代市立第四中学校,熊本県八代市古閑上町182-2,八代市立第四中学校,熊本県八代市古閑上町182-2,1,,,32.51909364,130.6124282,"[{""共通ID"": ""E4320200030111"", ""経度"": ""130.6124282"", ""緯度"": ""32.51909364""}]",,matched,exact_name_address,1.000,reference/43000_1.csv,17068228366013260d8a1e506e0843bc9c0736e8ec7031a9e384d0d32abd7578,00000727,740,740,kumamoto_portal_map,2026-08-01T00:28:20+09:00,matched,portal_shelter_id,1.000,32.519136,130.612309,,,unmatched,manual_no_match,,,32.51909364,130.6124282,gsi_reference,reference_latitude_longitude,complete,0,0,0,0,0,0,0,0,0,0,0,0,0,0,0,0,0
ref:E4320200026111,30c8acac3ff8a3b22e7b,E4320200026111,E4320200026111,八代市,八代市立郡築小学校,熊本県八代市郡築六番町49-1,八代市立郡築小学校,熊本県八代市郡築六番町49-1,1,,,32.53419462,130.5741709,"[{""共通ID"": ""E4320200026111"", ""経度"": ""130.5741709"", ""緯度"": ""32.53419462""}]",,matched,exact_name_address,1.000,reference/43000_1.csv,17068228366013260d8a1e506e0843bc9c0736e8ec7031a9e384d0d32abd7578,00000723,800,800,kumamoto_portal_map,2026-08-01T00:28:20+09:00,matched,portal_shelter_id,1.000,32.534284,130.574292,,,unmatched,manual_no_match,,,32.53419462,130.5741709,gsi_reference,reference_latitude_longitude,complete,0,0,0,0,0,0,0,0,0,0,0,0,0,0,0,0,0
ref:E4320200053111,04c58ea5e092ad869119,E4320200053111,E4320200053111,八代市,八代市立金剛小学校弥次分校,熊本県八代市三江湖町1472-1,八代市立金剛小学校弥次分校,熊本県八代市三江湖町1472-1,1,,,32.4871456,130.5745724,"[{""共通ID"": ""E4320200053111"", ""経度"": ""130.5745724"", ""緯度"": ""32.4871456""}]",,matched,exact_name_address,1.000,reference/43000_1.csv,17068228366013260d8a1e506e0843bc9c0736e8ec7031a9e384d0d32abd7578,00000747,240,240,kumamoto_portal_map,2026-08-01T00:28:20+09:00,matched,portal_shelter_id,1.000,32.487137,130.574409,,,unmatched,manual_no_match,,,32.4871456,130.5745724,gsi_reference,reference_latitude_longitude,complete,0,0,0,0,0,0,0,0,0,0,0,0,0,0,0,0,0
ref:E4320200019111,5f3d8778ca33b79d9415,E4320200019111,E4320200019111,八代市,八代市立鏡中学校,熊本県八代市鏡町内田1038-1,八代市立鏡中学校,熊本県八代市鏡町内田1038-1,1,,,32.5608606,130.6459534,"[{""共通ID"": ""E4320200019111"", ""経度"": ""130.6459534"", ""緯度"": ""32.5608606""}]",,matched,exact_name_address,1.000,reference/43000_1.csv,17068228366013260d8a1e506e0843bc9c0736e8ec7031a9e384d0d32abd7578,,,,,,unmatched,no_candidate,,,,,,unmatched,manual_no_match,,,32.5608606,130.6459534,gsi_reference,reference_latitude_longitude,complete,0,0,0,0,0,0,0,0,0,0,0,0,0,0,0,0,0
ref:E4320200016111,ba4f3e18c16a96ddbfb2,E4320200016111,E4320200016111,八代市,八代市立鏡小学校,熊本県八代市鏡町鏡村609-1,八代市立鏡小学校,熊本県八代市鏡町鏡村609-1,1,,,32.56789406,130.6620706,"[{""共通ID"": ""E4320200016111"", ""経度"": ""130.6620706"", ""緯度"": ""32.56789406""}]",,matched,exact_name_address,1.000,reference/43000_1.csv,17068228366013260d8a1e506e0843bc9c0736e8ec7031a9e384d0d32abd7578,,,,,,unmatched,no_candidate,,,,,,unmatched,manual_no_match,,,32.56789406,130.6620706,gsi_reference,reference_latitude_longitude,complete,0,0,0,0,0,0,0,0,0,0,0,0,0,0,0,0,0
ref:E4320200115111,d3f10a51ea1652c39e53,E4320200115111,E4320200115111,八代市,八代市立高田小学校,熊本県八代市豊原中町317,八代市立高田小学校,熊本県八代市豊原中町317,1,,,32.48907642,130.616823,"[{""共通ID"": ""E4320200115111"", ""経度"": ""130.616823"", ""緯度"": ""32.48907642""}]",,matched,exact_name_address,1.000,reference/43000_1.csv,17068228366013260d8a1e506e0843bc9c0736e8ec7031a9e384d0d32abd7578,,,,,,unmatched,no_candidate,,,,,,unmatched,manual_no_match,,,32.48907642,130.616823,gsi_reference,reference_latitude_longitude,complete,0,0,0,0,0,0,0,0,0,0,0,0,0,0,0,0,0
ref:E4320200028111,db9d3cce2a54ca5d6eba,E4320200028111,E4320200028111,八代市,八代市立麦島小学校,熊本県八代市迎町1-16-1-1,八代市立麦島小学校,熊本県八代市迎町1-16-1-1,1,,,32.49857756,130.6013841,"[{""共通ID"": ""E4320200028111"", ""経度"": ""130.6013841"", ""緯度"": ""32.49857756""}]",,matched,exact_name_address,1.000,reference/43000_1.csv,17068228366013260d8a1e506e0843bc9c0736e8ec7031a9e384d0d32abd7578,00000712,1500,1500,kumamoto_portal_map,2026-08-01T00:28:20+09:00,matched,portal_shelter_id,1.000,32.498568,130.601357,,,unmatched,manual_no_match,,,32.49857756,130.6013841,gsi_reference,reference_latitude_longitude,complete,0,0,0,0,0,0,0,0,0,0,0,0,0,0,0,0,0
ref:E4320200007111,ca671bca9c92a591e5b7,E4320200007111,E4320200007111,八代市,八代市立龍峯小学校,熊本県八代市岡町谷川1043,八代市立龍峯小学校,熊本県八代市岡町谷川1043,1,,,32.53002076,130.6638143,"[{""共通ID"": ""E4320200007111"", ""経度"": ""130.6638143"", ""緯度"": ""32.53002076""}]",,matched,exact_name_address,1.000,reference/43000_1.csv,17068228366013260d8a1e506e0843bc9c0736e8ec7031a9e384d0d32abd7578,00000739,480,480,kumamoto_portal_map,2026-08-01T00:28:20+09:00,matched,portal_shelter_id,1.000,32.530005,130.663734,,,unmatched,manual_no_match,,,32.53002076,130.6638143,gsi_reference,reference_latitude_longitude,complete,0,0,0,0,0,0,0,0,0,0,0,0,0,0,0,0,0
web:0b835744d3c0961a7b99,0b835744d3c0961a7b99,,,八代市,八代支援学校,熊本県八代市高島町1-6,,,,,,,,[],,unmatched,no_candidate,,reference/43000_1.csv,17068228366013260d8a1e506e0843bc9c0736e8ec7031a9e384d0d32abd7578,00002260,56,56,kumamoto_portal_map,2026-08-01T00:28:20+09:00,matched,portal_shelter_id,1.000,32.52161374898702,130.57932146386213,32.52125277,130.579444,matched,manual_shelter_id,マニュアルジオコーディング(1).csv,35f5dae36fe4e9577c53f227bd933e4604ed40e589ee27a700add2b32438424c,32.52125277,130.579444,manual_geocoding,manual_shelter_id,complete,0,1,1,1,1,1,1,1,1,1,1,1,1,1,1,1,1
ref:E4320200059111,59167293ed4f95009c11,E4320200059111,E4320200059111,八代市,八千把コミュニティセンター,八代市上野町1193-1,八千把コミュニティセンター,熊本県八代市上野町1193-1,1,,,32.51841666,130.6141942,"[{""共通ID"": ""E4320200059111"", ""経度"": ""130.6141942"", ""緯度"": ""32.51841666""}]",,matched,exact_name_address,1.000,reference/43000_1.csv,17068228366013260d8a1e506e0843bc9c0736e8ec7031a9e384d0d32abd7578,00000698,200,200,kumamoto_portal_map,2026-08-01T00:28:20+09:00,matched,portal_shelter_id,1.000,32.518414,130.6142,,,unmatched,manual_no_match,,,32.51841666,130.6141942,gsi_reference,reference_latitude_longitude,complete,0,1,1,1,1,1,1,1,1,1,1,1,1,1,1,1,1
web:a182018f3c8496894ba0,a182018f3c8496894ba0,,,八代市,八千把小学校,八代市上野町1131,,,,,,,,[],,unmatched,no_candidate,,reference/43000_1.csv,dd6686fa000c3e720180ba96d02aacff987aec1bba3c9bc69a5867fc0089d10d,00000725,800,800,kumamoto_portal_map,2026-08-01T00:28:20+09:00,matched,portal_shelter_id,1.000,32.517084,130.613622,32.51721898,130.6135795,matched,manual_shelter_id,マニュアルジオコーディング(1).csv,35f5dae36fe4e9577c53f227bd933e4604ed40e589ee27a700add2b32438424c,32.51721898,130.6135795,manual_geocoding,manual_shelter_id,complete,0,1,1,0,0,0,0,0,0,0,0,0,0,0,0,0,0
web:e764e8f9fcbea6a05c8a,e764e8f9fcbea6a05c8a,,,八代市,千丁コミュニティセンター,八代市千丁町新牟田1434,,,,,,,,[],,unmatched,fuzzy_below_threshold,0.799,reference/43000_1.csv,17068228366013260d8a1e506e0843bc9c0736e8ec7031a9e384d0d32abd7578,00000705,100,100,kumamoto_portal_map,2026-08-01T00:28:20+09:00,matched,portal_shelter_id,1.000,32.535033,130.633638,32.53505565,130.6336801,matched,manual_shelter_id,マニュアルジオコーディング(1).csv,35f5dae36fe4e9577c53f227bd933e4604ed40e589ee27a700add2b32438424c,32.53505565,130.6336801,manual_geocoding,manual_shelter_id,complete,0,0,1,1,1,1,1,1,1,1,1,1,1,1,1,1,1
ref:E4320200073111,1cc1c1eff5f105c1518c,E4320200073111,E4320200073111,八代市,千丁体育館,熊本県八代市千丁町新牟田1869-1,千丁体育館,熊本県八代市千丁町新牟田1869-1,1,,,32.53608905,130.630074,"[{""共通ID"": ""E4320200073111"", ""経度"": ""130.630074"", ""緯度"": ""32.53608905""}]",,matched,exact_name_address,1.000,reference/43000_1.csv,17068228366013260d8a1e506e0843bc9c0736e8ec7031a9e384d0d32abd7578,00000743,400,400,kumamoto_portal_map,2026-08-01T00:28:20+09:00,matched,portal_shelter_id,1.000,32.536147,130.630041,,,unmatched,manual_no_match,,,32.53608905,130.630074,gsi_reference,reference_latitude_longitude,complete,0,0,0,0,0,0,0,0,0,0,0,0,0,0,0,0,0
ref:E4320200014121,b6bd942a350fe9a17a23,E4320200014121,E4320200014121,八代市,地域密着型介護老人福祉施設 希望,熊本県八代市興善寺町495-1,地域密着型介護老人福祉施設 希望,熊本県八代市興善寺町495-1,,,要配慮者,32.5276066723458,130.659193689052,"[{""共通ID"": ""E4320200014121"", ""経度"": ""130.659193689052"", ""緯度"": ""32.5276066723458""}]",,matched,exact_name_address,1.000,reference/43000_1.csv,17068228366013260d8a1e506e0843bc9c0736e8ec7031a9e384d0d32abd7578,00000300,14,14,kumamoto_portal_map,2026-08-01T00:28:20+09:00,matched,portal_shelter_id,1.000,32.527674,130.659298,,,unmatched,manual_no_match,,,32.5276066723458,130.659193689052,gsi_reference,reference_latitude_longitude,complete,0,0,0,0,0,0,0,0,0,0,0,0,0,0,0,0,0
ref:E4320200008121,63fbbc128c2bc5e0e660,E4320200008121,E4320200008121,八代市,地域密着型特別養護老人ホーム八代草,熊本県八代市海士江町2833-1,地域密着型特別養護老人ホーム八代草,熊本県八代市海士江町2833-1,,,要配慮者,32.5236531066355,130.621897576939,"[{""共通ID"": ""E4320200008121"", ""経度"": ""130.621897576939"", ""緯度"": ""32.5236531066355""}]",,matched,exact_name_address,1.000,reference/43000_1.csv,17068228366013260d8a1e506e0843bc9c0736e8ec7031a9e384d0d32abd7578,,,,,,unmatched,no_candidate,,,,,,unmatched,manual_no_match,,,32.5236531066355,130.621897576939,gsi_reference,reference_latitude_longitude,complete,0,0,0,0,0,0,0,0,0,0,0,0,0,0,0,0,0
web:e79d19687486af4f979e,e79d19687486af4f979e,,,八代市,坂本コミュニティセンター,八代市坂本町坂本4161-1,,,,,,,,[],,unmatched,fuzzy_below_threshold,0.775,reference/43000_1.csv,17068228366013260d8a1e506e0843bc9c0736e8ec7031a9e384d0d32abd7578,00000676,248,248,kumamoto_portal_map,2026-08-01T00:28:20+09:00,matched,portal_shelter_id,1.000,32.43511,130.65725,32.43640245,130.6579595,matched,manual_shelter_id,マニュアルジオコーディング(1).csv,35f5dae36fe4e9577c53f227bd933e4604ed40e589ee27a700add2b32438424c,32.43640245,130.6579595,manual_geocoding,manual_shelter_id,complete,0,1,1,1,1,1,1,1,1,1,1,1,1,1,1,1,1
web:4084009d56265678431f,4084009d56265678431f,,,八代市,大島公民館(大島分校跡),八代市大島町4885,,,,,,,,[],,unmatched,no_candidate,,reference/43000_1.csv,dd6686fa000c3e720180ba96d02aacff987aec1bba3c9bc69a5867fc0089d10d,00000756,80,80,kumamoto_portal_map,2026-08-01T00:28:20+09:00,matched,portal_shelter_id,1.000,32.538586,130.554911,32.53864258,130.5549971,matched,manual_shelter_id,マニュアルジオコーディング(1).csv,35f5dae36fe4e9577c53f227bd933e4604ed40e589ee27a700add2b32438424c,32.53864258,130.5549971,manual_geocoding,manual_shelter_id,complete,0,1,1,0,0,0,0,0,0,0,0,0,0,0,0,0,0
web:c29df28aaca34a945e9a,c29df28aaca34a945e9a,,,八代市,太田郷コミュニティセンター,八代市井上町601-1,,,,,,,,[],,unmatched,fuzzy_below_threshold,0.803,reference/43000_1.csv,17068228366013260d8a1e506e0843bc9c0736e8ec7031a9e384d0d32abd7578,00000682,300,300,kumamoto_portal_map,2026-08-01T00:28:20+09:00,matched,portal_shelter_id,1.000,32.515254,130.630074,32.51526673,130.6300121,matched,manual_shelter_id,マニュアルジオコーディング(1).csv,35f5dae36fe4e9577c53f227bd933e4604ed40e589ee27a700add2b32438424c,32.51526673,130.6300121,manual_geocoding,manual_shelter_id,complete,0,1,1,1,1,1,1,1,1,1,1,1,1,1,1,1,1
web:04a1d693386241a40f79,04a1d693386241a40f79,,,八代市,太田郷小学校,八代市日置町445,,,,,,,,[],,unmatched,no_candidate,,reference/43000_1.csv,dd6686fa000c3e720180ba96d02aacff987aec1bba3c9bc69a5867fc0089d10d,00000710,1800,1800,kumamoto_portal_map,2026-08-01T00:28:20+09:00,matched,portal_shelter_id,1.000,32.510321,130.62218,32.50956048,130.6229831,matched,manual_shelter_id,マニュアルジオコーディング(1).csv,35f5dae36fe4e9577c53f227bd933e4604ed40e589ee27a700add2b32438424c,32.50956048,130.6229831,manual_geocoding,manual_shelter_id,complete,0,1,1,0,0,0,0,0,0,0,0,0,0,0,0,0,0
web:710404e2616b9e6490cb,710404e2616b9e6490cb,,,八代市,宮地コミュニティセンター,八代市宮地町383,,,,,,,,[],,unmatched,fuzzy_below_threshold,0.793,reference/43000_1.csv,17068228366013260d8a1e506e0843bc9c0736e8ec7031a9e384d0d32abd7578,00000697,200,200,kumamoto_portal_map,2026-08-01T00:28:20+09:00,matched,portal_shelter_id,1.000,32.499364,130.639846,32.49941316,130.6398492,matched,manual_shelter_id,マニュアルジオコーディング(1).csv,35f5dae36fe4e9577c53f227bd933e4604ed40e589ee27a700add2b32438424c,32.49941316,130.6398492,manual_geocoding,manual_shelter_id,complete,0,1,1,1,1,1,1,1,1,1,1,1,1,1,1,1,1
web:b7c4caf9ce445c310122,b7c4caf9ce445c310122,,,八代市,宮地小学校,八代市宮地町1826,,,,,,,,[],,unmatched,no_candidate,,reference/43000_1.csv,dd6686fa000c3e720180ba96d02aacff987aec1bba3c9bc69a5867fc0089d10d,00000731,640,640,kumamoto_portal_map,2026-08-01T00:28:20+09:00,matched,portal_shelter_id,1.000,32.501075,130.640524,32.50120738,130.6404051,matched,manual_shelter_id,マニュアルジオコーディング(1).csv,35f5dae36fe4e9577c53f227bd933e4604ed40e589ee27a700add2b32438424c,32.50120738,130.6404051,manual_geocoding,manual_shelter_id,complete,0,1,1,1,0,0,0,0,0,0,0,0,0,0,0,0,0
web:8513d22811c260b7b14f,8513d22811c260b7b14f,,,八代市,宮地東コミュニティセンター,熊本県八代市東町5497-1,,,,,,,,[],,unmatched,fuzzy_below_threshold,0.753,reference/43000_1.csv,17068228366013260d8a1e506e0843bc9c0736e8ec7031a9e384d0d32abd7578,00002245,43,43,kumamoto_portal_map,2026-08-01T00:28:20+09:00,matched,portal_shelter_id,1.000,32.50628140887411,130.66889762878415,32.50612206,130.668706,matched,manual_shelter_id,マニュアルジオコーディング(1).csv,35f5dae36fe4e9577c53f227bd933e4604ed40e589ee27a700add2b32438424c,32.50612206,130.668706,manual_geocoding,manual_shelter_id,complete,0,1,1,1,1,1,1,1,1,1,1,1,1,1,1,1,1
ref:E4320200077121,d6e3b5427c4595624fbe,E4320200077121,E4320200077121,八代市,小規模多機能型居宅介護紗綾,熊本県八代市泉町下岳4350,小規模多機能型居宅介護紗綾,熊本県八代市泉町下岳4350,,,要配慮者,32.5681112392947,130.787057559328,"[{""共通ID"": ""E4320200077121"", ""経度"": ""130.787057559328"", ""緯度"": ""32.5681112392947""}]",,matched,exact_name_address,1.000,reference/43000_1.csv,17068228366013260d8a1e506e0843bc9c0736e8ec7031a9e384d0d32abd7578,,,,,,unmatched,no_candidate,,,,,,unmatched,manual_no_match,,,32.5681112392947,130.787057559328,gsi_reference,reference_latitude_longitude,complete,0,0,0,0,0,0,0,0,0,0,0,0,0,0,0,0,0
web:a0080c6f1fba23229f56,a0080c6f1fba23229f56,,,八代市,希望の里たいよう,八代市高下西町1704,,,,,,,,[],,unmatched,no_candidate,,reference/43000_1.csv,17068228366013260d8a1e506e0843bc9c0736e8ec7031a9e384d0d32abd7578,00000782,50,50,kumamoto_portal_map,2026-08-01T00:28:20+09:00,matched,portal_shelter_id,1.000,32.487897,130.609082,,,unmatched,manual_no_match,,,32.487897,130.609082,kumamoto_portal,portal_latitude_longitude,complete,0,0,0,1,1,1,1,1,1,1,1,1,1,1,1,1,1
web:4575005230b2c09ac404,4575005230b2c09ac404,,,八代市,文政小学校,八代市鏡町両出1371-1,,,,,,,,[],,unmatched,no_candidate,,reference/43000_1.csv,17068228366013260d8a1e506e0843bc9c0736e8ec7031a9e384d0d32abd7578,00000768,350,350,kumamoto_portal_map,2026-08-01T00:28:20+09:00,matched,portal_shelter_id,1.000,32.560698,130.633131,32.56071438,130.6332559,matched,manual_shelter_id,マニュアルジオコーディング(1).csv,35f5dae36fe4e9577c53f227bd933e4604ed40e589ee27a700add2b32438424c,32.56071438,130.6332559,manual_geocoding,manual_shelter_id,complete,0,1,1,1,1,1,1,1,1,1,1,1,1,1,1,1,1
ref:E4320200106111,c88fda3b4ba615424f45,E4320200106111,E4320200106111,八代市,日奈久コミュニティセンター,八代市日奈久塩南町甲13,日奈久コミュニティセンター,熊本県八代市日奈久塩南町甲13,1,,,32.43494402,130.5788893,"[{""共通ID"": ""E4320200106111"", ""経度"": ""130.5788893"", ""緯度"": ""32.43494402""}]",,matched,exact_name_address,1.000,reference/43000_1.csv,17068228366013260d8a1e506e0843bc9c0736e8ec7031a9e384d0d32abd7578,00000706,100,100,kumamoto_portal_map,2026-08-01T00:28:20+09:00,matched,portal_shelter_id,1.000,32.434993,130.578835,,,unmatched,manual_no_match,,,32.43494402,130.5788893,gsi_reference,reference_latitude_longitude,complete,0,1,1,1,1,1,1,1,1,1,1,1,1,1,1,1,1
web:45013d3c698255c52cc1,45013d3c698255c52cc1,,,八代市,日奈久中学校,八代市日奈久竹之内町4332-1,,,,,,,,[],,unmatched,no_candidate,,reference/43000_1.csv,dd6686fa000c3e720180ba96d02aacff987aec1bba3c9bc69a5867fc0089d10d,00000729,680,680,kumamoto_portal_map,2026-08-01T00:28:20+09:00,matched,portal_shelter_id,1.000,32.439443,130.579321,32.43916506,130.5793498,matched,manual_shelter_id,マニュアルジオコーディング(1).csv,35f5dae36fe4e9577c53f227bd933e4604ed40e589ee27a700add2b32438424c,32.43916506,130.5793498,manual_geocoding,manual_shelter_id,complete,0,1,1,0,0,0,0,0,0,0,0,0,0,0,0,0,0
web:815d88420b847e32a5a4,815d88420b847e32a5a4,,,八代市,日奈久小学校,八代市日奈久竹之内町4277-1,,,,,,,,[],,unmatched,no_candidate,,reference/43000_1.csv,17068228366013260d8a1e506e0843bc9c0736e8ec7031a9e384d0d32abd7578,00000720,980,980,kumamoto_portal_map,2026-08-01T00:28:20+09:00,matched,portal_shelter_id,1.000,32.439129,130.581568,32.43916945,130.581419,matched,manual_shelter_id,マニュアルジオコーディング(1).csv,35f5dae36fe4e9577c53f227bd933e4604ed40e589ee27a700add2b32438424c,32.43916945,130.581419,manual_geocoding,manual_shelter_id,complete,0,1,1,1,1,1,1,1,1,1,1,1,1,1,1,1,1
web:67fe04dd73a0111b2220,67fe04dd73a0111b2220,,,八代市,旧泉第一小学校,八代市泉町1960,,,,,,,,[],,unmatched,no_candidate,,reference/43000_1.csv,dd6686fa000c3e720180ba96d02aacff987aec1bba3c9bc69a5867fc0089d10d,00000783,250,250,kumamoto_portal_map,2026-08-01T00:28:20+09:00,matched,portal_shelter_id,1.000,32.56787,130.773621,32.5735198,130.7793776,matched,manual_shelter_id,マニュアルジオコーディング(1).csv,35f5dae36fe4e9577c53f227bd933e4604ed40e589ee27a700add2b32438424c,32.5735198,130.7793776,manual_geocoding,manual_shelter_id,complete,0,1,1,1,0,0,0,0,0,0,0,0,0,0,0,0,0
ref:E4320200054111,8b5460383fd498363c74,E4320200054111,E4320200054111,八代市,昭和コミュニティセンター,八代市昭和明徴町730-1,昭和コミュニティセンター,熊本県八代市昭和明徴町730-1,1,,,32.55967579,130.6036164,"[{""共通ID"": ""E4320200054111"", ""経度"": ""130.6036164"", ""緯度"": ""32.55967579""}]",,matched,exact_name_address,1.000,reference/43000_1.csv,17068228366013260d8a1e506e0843bc9c0736e8ec7031a9e384d0d32abd7578,00000693,200,200,kumamoto_portal_map,2026-08-01T00:28:20+09:00,matched,portal_shelter_id,1.000,32.559716,130.603625,,,unmatched,manual_no_match,,,32.55967579,130.6036164,gsi_reference,reference_latitude_longitude,complete,0,1,1,1,1,1,1,1,1,1,1,1,1,1,1,1,1
web:73509186972ba62f3f09,73509186972ba62f3f09,,,八代市,昭和小学校,八代市昭和明徴町731-2,,,,,,,,[],,unmatched,no_candidate,,reference/43000_1.csv,17068228366013260d8a1e506e0843bc9c0736e8ec7031a9e384d0d32abd7578,00000748,240,240,kumamoto_portal_map,2026-08-01T00:28:20+09:00,matched,portal_shelter_id,1.000,32.560711,130.603302,32.56083258,130.6034912,matched,manual_shelter_id,マニュアルジオコーディング(1).csv,35f5dae36fe4e9577c53f227bd933e4604ed40e589ee27a700add2b32438424c,32.56083258,130.6034912,manual_geocoding,manual_shelter_id,complete,0,1,1,1,1,1,1,0,0,0,0,0,0,0,0,0,0
web:08270fcb0947b18bb99d,08270fcb0947b18bb99d,,,八代市,有佐小学校,八代市鏡町中島1360-1,,,,,,,,[],,unmatched,no_candidate,,reference/43000_1.csv,17068228366013260d8a1e506e0843bc9c0736e8ec7031a9e384d0d32abd7578,00000770,280,280,kumamoto_portal_map,2026-08-01T00:28:20+09:00,matched,portal_shelter_id,1.000,32.553397,130.665391,32.55325131,130.6655909,matched,manual_shelter_id,マニュアルジオコーディング(1).csv,35f5dae36fe4e9577c53f227bd933e4604ed40e589ee27a700add2b32438424c,32.55325131,130.6655909,manual_geocoding,manual_shelter_id,complete,0,1,1,1,1,1,1,1,1,1,1,1,1,1,1,1,1
ref:E4320200095111,20afdd3c0a2dd2d82e47,E4320200095111,E4320200095111,八代市,東陽コミュニティセンター及び東陽スポーツセンター,八代市東陽町南1285,東陽コミュニティセンター及び東陽スポーツセンター,熊本県八代市東陽町南1285,1,,,32.54394448,130.7113432,"[{""共通ID"": ""E4320200095111"", ""経度"": ""130.7113432"", ""緯度"": ""32.54394448""}]",,matched,exact_name_address,1.000,reference/43000_1.csv,17068228366013260d8a1e506e0843bc9c0736e8ec7031a9e384d0d32abd7578,00000670,850,850,kumamoto_portal_map,2026-08-01T00:28:20+09:00,matched,portal_shelter_id,1.000,32.54433511191955,130.71083300019381,,,unmatched,manual_no_match,,,32.54394448,130.7113432,gsi_reference,reference_latitude_longitude,complete,0,1,1,1,1,1,1,1,1,1,1,1,1,1,1,1,1
web:6cc18ab45ac920b097a5,6cc18ab45ac920b097a5,,,八代市,松橋支援学校氷川分教室,八代市鏡町鏡村937,,,,,,,,[],,unmatched,no_candidate,,reference/43000_1.csv,dd6686fa000c3e720180ba96d02aacff987aec1bba3c9bc69a5867fc0089d10d,00000784,120,120,kumamoto_portal_map,2026-08-01T00:28:20+09:00,matched,portal_shelter_id,1.000,32.571345,130.656713,32.57120099,130.6564071,matched,manual_shelter_id,マニュアルジオコーディング(1).csv,35f5dae36fe4e9577c53f227bd933e4604ed40e589ee27a700add2b32438424c,32.57120099,130.6564071,manual_geocoding,manual_shelter_id,complete,0,1,1,0,0,0,0,0,0,0,0,0,0,0,0,0,0
web:b84833b5c2083bfd9c43,b84833b5c2083bfd9c43,,,八代市,松高コミュニティセンター,八代市永碇町754-2,,,,,,,,[],,unmatched,fuzzy_below_threshold,0.835,reference/43000_1.csv,17068228366013260d8a1e506e0843bc9c0736e8ec7031a9e384d0d32abd7578,00000696,200,200,kumamoto_portal_map,2026-08-01T00:28:20+09:00,matched,portal_shelter_id,1.000,32.519355,130.592269,32.5193312,130.5922725,matched,manual_shelter_id,マニュアルジオコーディング(1).csv,35f5dae36fe4e9577c53f227bd933e4604ed40e589ee27a700add2b32438424c,32.5193312,130.5922725,manual_geocoding,manual_shelter_id,complete,0,1,1,1,1,1,1,1,1,1,1,1,1,1,1,1,1
web:b0bf2502c50ff9181c58,b0bf2502c50ff9181c58,,,八代市,松高小学校,八代市永碇町828-1,,,,,,,,[],,unmatched,no_candidate,,reference/43000_1.csv,17068228366013260d8a1e506e0843bc9c0736e8ec7031a9e384d0d32abd7578,00000722,964,964,kumamoto_portal_map,2026-08-01T00:28:20+09:00,matched,portal_shelter_id,1.000,32.51881,130.594621,32.51867439,130.5946769,matched,manual_shelter_id,マニュアルジオコーディング(1).csv,35f5dae36fe4e9577c53f227bd933e4604ed40e589ee27a700add2b32438424c,32.51867439,130.5946769,manual_geocoding,manual_shelter_id,complete,0,1,1,1,1,1,1,1,1,1,1,1,1,1,1,1,1
web:0c70f9a6030e3856cae7,0c70f9a6030e3856cae7,,,八代市,植柳コミュニティセンター,八代市植柳下町4251-2,,,,,,,,[],,unmatched,fuzzy_below_threshold,0.778,reference/43000_1.csv,17068228366013260d8a1e506e0843bc9c0736e8ec7031a9e384d0d32abd7578,00000689,200,200,kumamoto_portal_map,2026-08-01T00:28:20+09:00,matched,portal_shelter_id,1.000,32.485413,130.598749,32.48545392,130.5987681,matched,manual_shelter_id,マニュアルジオコーディング(1).csv,35f5dae36fe4e9577c53f227bd933e4604ed40e589ee27a700add2b32438424c,32.48545392,130.5987681,manual_geocoding,manual_shelter_id,complete,0,1,1,1,1,1,1,1,1,1,1,1,1,1,1,1,1
web:8798ad523c24fcd66dc7,8798ad523c24fcd66dc7,,,八代市,植柳小学校,八代市植柳上町449,,,,,,,,[],,unmatched,no_candidate,,reference/43000_1.csv,17068228366013260d8a1e506e0843bc9c0736e8ec7031a9e384d0d32abd7578,00000717,1160,1160,kumamoto_portal_map,2026-08-01T00:28:20+09:00,matched,portal_shelter_id,1.000,32.492221,130.603365,32.49197175,130.6032396,matched,manual_shelter_id,マニュアルジオコーディング(1).csv,35f5dae36fe4e9577c53f227bd933e4604ed40e589ee27a700add2b32438424c,32.49197175,130.6032396,manual_geocoding,manual_shelter_id,complete,0,1,1,1,1,1,1,1,1,1,1,1,1,1,1,1,1
ref:E4320200081111,e0b3128a177aae8cca6c,E4320200081111,E4320200081111,八代市,泉コミュニティセンター,熊本県八代市泉町栗木5866,泉コミュニティセンター,熊本県八代市泉町栗木5866,1,,,32.5457986916214,130.808105877186,"[{""共通ID"": ""E4320200081111"", ""経度"": ""130.808105877186"", ""緯度"": ""32.5457986916214""}]",,matched,exact_name_address,1.000,reference/43000_1.csv,17068228366013260d8a1e506e0843bc9c0736e8ec7031a9e384d0d32abd7578,00000680,400,400,kumamoto_portal_map,2026-08-01T00:28:20+09:00,matched,portal_shelter_id,1.000,32.545649,130.808184,,,unmatched,manual_no_match,,,32.5457986916214,130.808105877186,gsi_reference,reference_latitude_longitude,complete,0,1,1,0,0,0,0,0,0,0,0,0,0,0,0,0,0
web:6bd12ccc3559d81dad0d,6bd12ccc3559d81dad0d,,,八代市,泉第八小学校,八代市泉町樅木137-4,,,,,,,,[],,unmatched,no_candidate,,reference/43000_1.csv,dd6686fa000c3e720180ba96d02aacff987aec1bba3c9bc69a5867fc0089d10d,00000681,262,262,kumamoto_portal_map,2026-08-01T00:28:20+09:00,matched,portal_shelter_id,1.000,32.501902,130.966001,32.50199347,130.9660197,matched,manual_shelter_id,マニュアルジオコーディング(1).csv,35f5dae36fe4e9577c53f227bd933e4604ed40e589ee27a700add2b32438424c,32.50199347,130.9660197,manual_geocoding,manual_shelter_id,complete,0,1,1,0,0,0,0,0,0,0,0,0,0,0,0,0,0
web:3f81517dc28b19758f5c,3f81517dc28b19758f5c,,,八代市,深水生活改善センター,八代市坂本町深水い1542-2,,,,,,,,[],,unmatched,no_candidate,,reference/43000_1.csv,dd6686fa000c3e720180ba96d02aacff987aec1bba3c9bc69a5867fc0089d10d,00000703,100,100,kumamoto_portal_map,2026-08-01T00:28:20+09:00,matched,portal_shelter_id,1.000,32.46991313603533,130.6949972381699,32.46990632,130.6949701,matched,manual_shelter_id,マニュアルジオコーディング(1).csv,35f5dae36fe4e9577c53f227bd933e4604ed40e589ee27a700add2b32438424c,32.46990632,130.6949701,manual_geocoding,manual_shelter_id,complete,0,1,1,0,0,0,0,0,0,0,0,0,0,0,0,0,0
ref:E4320200074121,f434ae351d25a334f845,E4320200074121,E4320200074121,八代市,特別養護老人ホーム 康和苑,熊本県八代市千丁町太牟田1300-8,特別養護老人ホーム 康和苑,熊本県八代市千丁町太牟田1300-8,,,要配慮者,32.5417563821928,130.6477966241,"[{""共通ID"": ""E4320200074121"", ""経度"": ""130.6477966241"", ""緯度"": ""32.5417563821928""}]",,matched,exact_name_address,1.000,reference/43000_1.csv,17068228366013260d8a1e506e0843bc9c0736e8ec7031a9e384d0d32abd7578,00000305,20,20,kumamoto_portal_map,2026-08-01T00:28:20+09:00,matched,portal_shelter_id,1.000,32.541742,130.647698,,,unmatched,manual_no_match,,,32.5417563821928,130.6477966241,gsi_reference,reference_latitude_longitude,complete,0,0,0,0,0,0,0,0,0,0,0,0,0,0,0,0,0
ref:E4320200057121,50ad8bd55d7244aa3a7b,E4320200057121,E4320200057121,八代市,特別養護老人ホームあさひ園,熊本県八代市上日置町2345,特別養護老人ホームあさひ園,熊本県八代市上日置町2345,,,要配慮者,32.5093401535248,130.627939645504,"[{""共通ID"": ""E4320200057121"", ""経度"": ""130.627939645504"", ""緯度"": ""32.5093401535248""}]",,matched,exact_name_address,1.000,reference/43000_1.csv,17068228366013260d8a1e506e0843bc9c0736e8ec7031a9e384d0d32abd7578,00000292,10,10,kumamoto_portal_map,2026-08-01T00:28:20+09:00,matched,portal_shelter_id,1.000,32.509457,130.627722,,,unmatched,manual_no_match,,,32.5093401535248,130.627939645504,gsi_reference,reference_latitude_longitude,complete,0,0,0,0,0,0,0,0,0,0,0,0,0,0,0,0,0
ref:E4320200120121,284e2fe3ec4f94581717,E4320200120121,E4320200120121,八代市,特別養護老人ホームすずらんの里,熊本県八代市葭牟田町435,特別養護老人ホームすずらんの里,熊本県八代市葭牟田町435,,,要配慮者,32.493562458514,130.578826993146,"[{""共通ID"": ""E4320200120121"", ""経度"": ""130.578826993146"", ""緯度"": ""32.493562458514""}]",,matched,exact_name_address,1.000,reference/43000_1.csv,17068228366013260d8a1e506e0843bc9c0736e8ec7031a9e384d0d32abd7578,00000297,10,10,kumamoto_portal_map,2026-08-01T00:28:20+09:00,matched,portal_shelter_id,1.000,32.493734,130.578987,,,unmatched,manual_no_match,,,32.493562458514,130.578826993146,gsi_reference,reference_latitude_longitude,complete,0,0,0,0,0,0,0,0,0,0,0,0,0,0,0,0,0
ref:E4320200097121,478278111a6b22b3cff5,E4320200097121,E4320200097121,八代市,特別養護老人ホームひかわの里,熊本県八代市東陽町南752-1,特別養護老人ホームひかわの里,熊本県八代市東陽町南752-1,,,要配慮者,32.5481736577228,130.710680502638,"[{""共通ID"": ""E4320200097121"", ""経度"": ""130.710680502638"", ""緯度"": ""32.5481736577228""}]",,matched,exact_name_address,1.000,reference/43000_1.csv,17068228366013260d8a1e506e0843bc9c0736e8ec7031a9e384d0d32abd7578,00000308,10,10,kumamoto_portal_map,2026-08-01T00:28:20+09:00,matched,portal_shelter_id,1.000,32.548174,130.71086,,,unmatched,manual_no_match,,,32.5481736577228,130.710680502638,gsi_reference,reference_latitude_longitude,complete,0,0,0,0,0,0,0,0,0,0,0,0,0,0,0,0,0
refgroup:ac2ede7dffbfe9d9bb27,f59b141e2e4926ef19e5,E4320200111111,E4320200111111;E4320200111121,八代市,特別養護老人ホームま心苑,熊本県八代市敷川内町2251-1,特別養護老人ホームま心苑,熊本県八代市敷川内町2251-1,1,,要配慮者,32.45757,130.599058,"[{""共通ID"": ""E4320200111111"", ""経度"": ""130.599058"", ""緯度"": ""32.45757""}, {""共通ID"": ""E4320200111121"", ""経度"": ""130.599128408746"", ""緯度"": ""32.4574579485564""}]",,matched_multiple,exact_name_address,1.000,reference/43000_1.csv,17068228366013260d8a1e506e0843bc9c0736e8ec7031a9e384d0d32abd7578,00000298,15,15,kumamoto_portal_map,2026-08-01T00:28:20+09:00,matched,portal_shelter_id,1.000,32.457489,130.599076,,,unmatched,manual_no_match,,,32.45757,130.599058,gsi_reference,reference_latitude_longitude,complete,0,0,0,0,0,0,0,0,0,0,0,0,0,0,0,0,0
ref:E4320200041121,1e2b87940542fb1d8589,E4320200041121,E4320200041121,八代市,特別養護老人ホームみやび園,熊本県八代市高島町4221,特別養護老人ホームみやび園,熊本県八代市高島町4221,,,要配慮者,32.5236190547585,130.583084971399,"[{""共通ID"": ""E4320200041121"", ""経度"": ""130.583084971399"", ""緯度"": ""32.5236190547585""}]",,matched,exact_name_address,1.000,reference/43000_1.csv,17068228366013260d8a1e506e0843bc9c0736e8ec7031a9e384d0d32abd7578,00000293,20,20,kumamoto_portal_map,2026-08-01T00:28:20+09:00,matched,portal_shelter_id,1.000,32.523824,130.582855,,,unmatched,manual_no_match,,,32.5236190547585,130.583084971399,gsi_reference,reference_latitude_longitude,complete,0,0,0,0,0,0,0,0,0,0,0,0,0,0,0,0,0
ref:E4320200046121,2b63e07416c5005faaee,E4320200046121,E4320200046121,八代市,特別養護老人ホーム坂本の里一灯苑,熊本県八代市坂本町坂本1071,特別養護老人ホーム坂本の里一灯苑,熊本県八代市坂本町坂本1071,,,要配慮者,32.4410741512199,130.669415895989,"[{""共通ID"": ""E4320200046121"", ""経度"": ""130.669415895989"", ""緯度"": ""32.4410741512199""}]",,matched,exact_name_address,1.000,reference/43000_1.csv,17068228366013260d8a1e506e0843bc9c0736e8ec7031a9e384d0d32abd7578,00000304,8,8,kumamoto_portal_map,2026-08-01T00:28:20+09:00,matched,portal_shelter_id,1.000,32.44111,130.669216,,,unmatched,manual_no_match,,,32.4410741512199,130.669415895989,gsi_reference,reference_latitude_longitude,complete,0,0,0,0,0,0,0,0,0,0,0,0,0,0,0,0,0
ref:E4320200023121,ba3cd8668466d17d6fc8,E4320200023121,E4320200023121,八代市,特別養護老人ホーム安寿の里,熊本県八代市鏡町両出880-1,特別養護老人ホーム安寿の里,熊本県八代市鏡町両出880-1,,,要配慮者,32.5485634086887,130.635628278877,"[{""共通ID"": ""E4320200023121"", ""経度"": ""130.635628278877"", ""緯度"": ""32.5485634086887""}]",,matched,exact_name_address,1.000,reference/43000_1.csv,17068228366013260d8a1e506e0843bc9c0736e8ec7031a9e384d0d32abd7578,00000306,10,10,kumamoto_portal_map,2026-08-01T00:28:20+09:00,matched,portal_shelter_id,1.000,32.560379,130.632365,,,unmatched,manual_no_match,,,32.5485634086887,130.635628278877,gsi_reference,reference_latitude_longitude,complete,0,0,0,0,0,0,0,0,0,0,0,0,0,0,0,0,0
ref:E4320200105121,09915b05bc55a58db6ca,E4320200105121,E4320200105121,八代市,特別養護老人ホーム行楽園(みなみ園),熊本県八代市日奈久塩南町54,特別養護老人ホーム行楽園(みなみ園),熊本県八代市日奈久塩南町54,,,要配慮者,32.4356724257603,130.577515941847,"[{""共通ID"": ""E4320200105121"", ""経度"": ""130.577515941847"", ""緯度"": ""32.4356724257603""}]",,matched,exact_name_address,1.000,reference/43000_1.csv,17068228366013260d8a1e506e0843bc9c0736e8ec7031a9e384d0d32abd7578,00000301,20,20,kumamoto_portal_map,2026-08-01T00:28:20+09:00,matched,portal_shelter_id,1.000,32.435779,130.577518,,,unmatched,manual_no_match,,,32.4356724257603,130.577515941847,gsi_reference,reference_latitude_longitude,complete,0,0,0,0,0,0,0,0,0,0,0,0,0,0,0,0,0
web:793a5a60deef7966638d,793a5a60deef7966638d,,,八代市,田上社会教育センター,八代市坂本町田上2006,,,,,,,,[],,unmatched,no_candidate,,reference/43000_1.csv,dd6686fa000c3e720180ba96d02aacff987aec1bba3c9bc69a5867fc0089d10d,00000674,600,600,kumamoto_portal_map,2026-08-01T00:28:20+09:00,matched,portal_shelter_id,1.000,32.411111,130.62922,32.41162682,130.6294966,matched,manual_shelter_id,マニュアルジオコーディング(1).csv,35f5dae36fe4e9577c53f227bd933e4604ed40e589ee27a700add2b32438424c,32.41162682,130.6294966,manual_geocoding,manual_shelter_id,complete,0,1,1,0,0,0,0,0,0,0,0,0,0,0,0,0,0
web:3ff88ff210a8c8e57d64,3ff88ff210a8c8e57d64,,,八代市,第一中学校,八代市北の丸町1-29,,,,,,,,[],,unmatched,exact_name_municipality_conflict,,reference/43000_1.csv,17068228366013260d8a1e506e0843bc9c0736e8ec7031a9e384d0d32abd7578,00000715,1300,1300,kumamoto_portal_map,2026-08-01T00:28:20+09:00,matched,portal_shelter_id,1.000,32.510353,130.599415,32.51035452,130.5993773,matched,manual_shelter_id,マニュアルジオコーディング(1).csv,35f5dae36fe4e9577c53f227bd933e4604ed40e589ee27a700add2b32438424c,32.51035452,130.5993773,manual_geocoding,manual_shelter_id,complete,0,1,1,1,1,1,1,1,1,1,1,1,1,1,1,1,1
web:426205013f1c91278659,426205013f1c91278659,,,八代市,第七中学校,八代市郡築七番町41-2,,,,,,,,[],,unmatched,no_candidate,,reference/43000_1.csv,17068228366013260d8a1e506e0843bc9c0736e8ec7031a9e384d0d32abd7578,00000726,750,750,kumamoto_portal_map,2026-08-01T00:28:20+09:00,matched,portal_shelter_id,1.000,32.537787,130.576264,32.53778275,130.5764275,matched,manual_shelter_id,マニュアルジオコーディング(1).csv,35f5dae36fe4e9577c53f227bd933e4604ed40e589ee27a700add2b32438424c,32.53778275,130.5764275,manual_geocoding,manual_shelter_id,complete,0,1,1,1,1,1,1,1,1,0,0,0,0,0,0,0,0
web:09a3707792378feabf9b,09a3707792378feabf9b,,,八代市,第三中学校,八代市中北町3378-5,,,,,,,,[],,unmatched,exact_name_municipality_conflict,,reference/43000_1.csv,dd6686fa000c3e720180ba96d02aacff987aec1bba3c9bc69a5867fc0089d10d,00000713,1500,1500,kumamoto_portal_map,2026-08-01T00:28:20+09:00,matched,portal_shelter_id,1.000,32.496659,130.584331,32.49677349,130.5840408,matched,manual_shelter_id,マニュアルジオコーディング(1).csv,35f5dae36fe4e9577c53f227bd933e4604ed40e589ee27a700add2b32438424c,32.49677349,130.5840408,manual_geocoding,manual_shelter_id,complete,0,1,1,0,0,0,0,0,0,0,0,0,0,0,0,0,0
web:6ffd1b1e85b2aafface8,6ffd1b1e85b2aafface8,,,八代市,第二中学校,八代市上日置町2248-1,,,,,,,,[],,unmatched,exact_name_municipality_conflict,,reference/43000_1.csv,17068228366013260d8a1e506e0843bc9c0736e8ec7031a9e384d0d32abd7578,00000714,1400,1400,kumamoto_portal_map,2026-08-01T00:28:20+09:00,matched,portal_shelter_id,1.000,32.510926,130.62463,32.51095789,130.6245325,matched,manual_shelter_id,マニュアルジオコーディング(1).csv,35f5dae36fe4e9577c53f227bd933e4604ed40e589ee27a700add2b32438424c,32.51095789,130.6245325,manual_geocoding,manual_shelter_id,complete,0,1,1,1,1,1,1,1,1,1,1,1,1,1,1,1,1
web:64ecc73c663a49ce26f2,64ecc73c663a49ce26f2,,,八代市,第五中学校,八代市豊原下町3807,,,,,,,,[],,unmatched,no_candidate,,reference/43000_1.csv,17068228366013260d8a1e506e0843bc9c0736e8ec7031a9e384d0d32abd7578,00000735,580,580,kumamoto_portal_map,2026-08-01T00:28:20+09:00,matched,portal_shelter_id,1.000,32.483684,130.615509,32.4838707,130.6149008,matched,manual_shelter_id,マニュアルジオコーディング(1).csv,35f5dae36fe4e9577c53f227bd933e4604ed40e589ee27a700add2b32438424c,32.4838707,130.6149008,manual_geocoding,manual_shelter_id,complete,0,1,1,1,1,1,1,1,1,1,1,1,1,1,1,1,1
web:b23fba6e2757aa4d02da,b23fba6e2757aa4d02da,,,八代市,第八中学校,八代市西宮町656,,,,,,,,[],,unmatched,no_candidate,,reference/43000_1.csv,17068228366013260d8a1e506e0843bc9c0736e8ec7031a9e384d0d32abd7578,00000740,460,460,kumamoto_portal_map,2026-08-01T00:28:20+09:00,matched,portal_shelter_id,1.000,32.49948,130.634122,32.49861745,130.6353691,matched,manual_shelter_id,マニュアルジオコーディング(1).csv,35f5dae36fe4e9577c53f227bd933e4604ed40e589ee27a700add2b32438424c,32.49861745,130.6353691,manual_geocoding,manual_shelter_id,complete,0,1,1,1,1,1,1,1,1,1,1,1,1,1,1,1,1
web:b71403ebb89f13bc5ba9,b71403ebb89f13bc5ba9,,,八代市,第六中学校,八代市水島町2065-4,,,,,,,,[],,unmatched,no_candidate,,reference/43000_1.csv,17068228366013260d8a1e506e0843bc9c0736e8ec7031a9e384d0d32abd7578,00000728,680,680,kumamoto_portal_map,2026-08-01T00:28:20+09:00,matched,portal_shelter_id,1.000,32.480569,130.579732,32.48056681,130.5795679,matched,manual_shelter_id,マニュアルジオコーディング(1).csv,35f5dae36fe4e9577c53f227bd933e4604ed40e589ee27a700add2b32438424c,32.48056681,130.5795679,manual_geocoding,manual_shelter_id,complete,0,1,1,1,1,1,1,1,1,1,1,1,1,1,1,1,1
web:960b3eb957d534cb572f,960b3eb957d534cb572f,,,八代市,第四中学校,八代市古閑上町182-2,,,,,,,,[],,unmatched,no_candidate,,reference/43000_1.csv,17068228366013260d8a1e506e0843bc9c0736e8ec7031a9e384d0d32abd7578,00000727,740,740,kumamoto_portal_map,2026-08-01T00:28:20+09:00,matched,portal_shelter_id,1.000,32.519136,130.612309,32.51908497,130.6122824,matched,manual_shelter_id,マニュアルジオコーディング(1).csv,35f5dae36fe4e9577c53f227bd933e4604ed40e589ee27a700add2b32438424c,32.51908497,130.6122824,manual_geocoding,manual_shelter_id,complete,0,1,1,1,1,1,1,1,1,1,1,1,1,1,1,1,1
ref:E4320200101121,0fba3955bc68b9627fd1,E4320200101121,E4320200101121,八代市,身体障害者療護施設 かんねさこ荘,熊本県八代市二見本町433,身体障害者療護施設 かんねさこ荘,熊本県八代市二見本町433,,,要配慮者,32.4022319099105,130.552233814486,"[{""共通ID"": ""E4320200101121"", ""経度"": ""130.552233814486"", ""緯度"": ""32.4022319099105""}]",,matched,exact_name_address,1.000,reference/43000_1.csv,17068228366013260d8a1e506e0843bc9c0736e8ec7031a9e384d0d32abd7578,00000303,10,10,kumamoto_portal_map,2026-08-01T00:28:20+09:00,matched,portal_shelter_id,1.000,32.402051,130.552278,,,unmatched,manual_no_match,,,32.4022319099105,130.552233814486,gsi_reference,reference_latitude_longitude,complete,0,0,0,0,0,0,0,0,0,0,0,0,0,0,0,0,0
web:9f37c522cfe941422689,9f37c522cfe941422689,,,八代市,郡築コミュニティセンター,八代市郡築六番町61-2,,,,,,,,[],,unmatched,fuzzy_below_threshold,0.785,reference/43000_1.csv,17068228366013260d8a1e506e0843bc9c0736e8ec7031a9e384d0d32abd7578,00000690,200,200,kumamoto_portal_map,2026-08-01T00:28:20+09:00,matched,portal_shelter_id,1.000,32.535476,130.573006,32.53544662,130.5729516,matched,manual_shelter_id,マニュアルジオコーディング(1).csv,35f5dae36fe4e9577c53f227bd933e4604ed40e589ee27a700add2b32438424c,32.53544662,130.5729516,manual_geocoding,manual_shelter_id,complete,0,1,1,1,1,1,1,1,1,1,1,1,1,1,1,1,1
web:86ce46626c322703ff7e,86ce46626c322703ff7e,,,八代市,郡築小学校,八代市郡築六番町49-1,,,,,,,,[],,unmatched,no_candidate,,reference/43000_1.csv,dd6686fa000c3e720180ba96d02aacff987aec1bba3c9bc69a5867fc0089d10d,00000723,800,800,kumamoto_portal_map,2026-08-01T00:28:20+09:00,matched,portal_shelter_id,1.000,32.534284,130.574292,32.53429791,130.5742723,matched,manual_shelter_id,マニュアルジオコーディング(1).csv,35f5dae36fe4e9577c53f227bd933e4604ed40e589ee27a700add2b32438424c,32.53429791,130.5742723,manual_geocoding,manual_shelter_id,complete,0,1,1,0,0,0,0,0,0,0,0,0,0,0,0,0,0
web:285305d25632a76bc41f,285305d25632a76bc41f,,,八代市,金剛コミュニティセンター,八代市高植本町800-2,,,,,,,,[],,unmatched,fuzzy_below_threshold,0.781,reference/43000_1.csv,17068228366013260d8a1e506e0843bc9c0736e8ec7031a9e384d0d32abd7578,00000692,200,200,kumamoto_portal_map,2026-08-01T00:28:20+09:00,matched,portal_shelter_id,1.000,32.471839,130.584529,32.46986241,130.5882392,matched,manual_shelter_id,マニュアルジオコーディング(1).csv,35f5dae36fe4e9577c53f227bd933e4604ed40e589ee27a700add2b32438424c,32.46986241,130.5882392,manual_geocoding,manual_shelter_id,complete,0,1,1,1,1,1,1,1,1,1,1,1,1,1,1,1,1
web:c30e0ba13e12f70b502c,c30e0ba13e12f70b502c,,,八代市,金剛小学校,八代市高植本町1207,,,,,,,,[],,unmatched,no_candidate,,reference/43000_1.csv,17068228366013260d8a1e506e0843bc9c0736e8ec7031a9e384d0d32abd7578,00000724,800,800,kumamoto_portal_map,2026-08-01T00:28:20+09:00,matched,portal_shelter_id,1.000,32.476136,130.584581,32.47627221,130.5846727,matched,manual_shelter_id,マニュアルジオコーディング(1).csv,35f5dae36fe4e9577c53f227bd933e4604ed40e589ee27a700add2b32438424c,32.47627221,130.5846727,manual_geocoding,manual_shelter_id,complete,0,1,1,1,1,1,1,1,1,1,1,0,0,0,0,0,0
web:b40375fd0778281ff875,b40375fd0778281ff875,,,八代市,鏡わかあゆ高等支援学校,八代市鏡町鏡村937,,,,,,,,[],,unmatched,no_candidate,,reference/43000_1.csv,17068228366013260d8a1e506e0843bc9c0736e8ec7031a9e384d0d32abd7578,00000784,120,120,kumamoto_portal_map,2026-08-01T00:28:20+09:00,matched,portal_shelter_id,1.000,32.571345,130.656713,,,unmatched,manual_no_match,,,32.571345,130.656713,kumamoto_portal,portal_latitude_longitude,complete,0,0,0,1,1,1,1,1,1,0,0,0,0,0,0,0,0
web:71f2957e68ed27aa29b3,71f2957e68ed27aa29b3,,,八代市,鏡コミュニティセンター,八代市鏡町内田1339-1,,,,,,,,[],,unmatched,fuzzy_below_threshold,0.800,reference/43000_1.csv,17068228366013260d8a1e506e0843bc9c0736e8ec7031a9e384d0d32abd7578,00000684,250,250,kumamoto_portal_map,2026-08-01T00:28:20+09:00,matched,portal_shelter_id,1.000,32.562104,130.644848,32.5620777,130.6450169,matched,manual_shelter_id,マニュアルジオコーディング(1).csv,35f5dae36fe4e9577c53f227bd933e4604ed40e589ee27a700add2b32438424c,32.5620777,130.6450169,manual_geocoding,manual_shelter_id,complete,0,1,1,1,1,1,1,1,1,1,1,1,1,1,1,1,1
web:97a7c66c4ffa0e24bc31,97a7c66c4ffa0e24bc31,,,八代市,鏡中学校,八代市鏡町内田1038-1,,,,,,,,[],,unmatched,no_candidate,,reference/43000_1.csv,17068228366013260d8a1e506e0843bc9c0736e8ec7031a9e384d0d32abd7578,00000744,370,370,kumamoto_portal_map,2026-08-01T00:28:20+09:00,matched,portal_shelter_id,1.000,32.560646,130.645834,,,unmatched,manual_no_match,,,32.560646,130.645834,kumamoto_portal,portal_latitude_longitude,complete,0,0,0,0,0,0,1,1,1,1,1,1,1,1,1,1,1
web:fc07d4550a93586b2c73,fc07d4550a93586b2c73,,,八代市,鏡小学校,八代市鏡町鏡村609-1,,,,,,,,[],,unmatched,no_candidate,,reference/43000_1.csv,17068228366013260d8a1e506e0843bc9c0736e8ec7031a9e384d0d32abd7578,00000767,360,360,kumamoto_portal_map,2026-08-01T00:28:20+09:00,matched,portal_shelter_id,1.000,32.567757,130.662366,32.56788328,130.66214,matched,manual_shelter_id,マニュアルジオコーディング(1).csv,35f5dae36fe4e9577c53f227bd933e4604ed40e589ee27a700add2b32438424c,32.56788328,130.66214,manual_geocoding,manual_shelter_id,complete,0,1,1,1,1,1,1,1,1,1,1,1,1,1,1,1,1
ref:E4320200110121,0e3edf549bff0f2a9287,E4320200110121,E4320200110121,八代市,養護老人ホーム保寿寮,熊本県八代市日奈久平成町1-1,養護老人ホーム保寿寮,熊本県八代市日奈久平成町1-1,,,要配慮者,32.4328186334175,130.570631688788,"[{""共通ID"": ""E4320200110121"", ""経度"": ""130.570631688788"", ""緯度"": ""32.4328186334175""}]",,matched,exact_name_address,1.000,reference/43000_1.csv,17068228366013260d8a1e506e0843bc9c0736e8ec7031a9e384d0d32abd7578,,,,,,unmatched,no_candidate,,,,,,unmatched,manual_no_match,,,32.4328186334175,130.570631688788,gsi_reference,reference_latitude_longitude,complete,0,0,0,0,0,0,0,0,0,0,0,0,0,0,0,0,0
ref:E4320200118111,b1cfa708bd00c1521734,E4320200118111,E4320200118111,八代市,高田コミュニティセンター,八代市本野町505,高田コミュニティセンター,熊本県八代市本野町505,1,,,32.48708486,130.6167216,"[{""共通ID"": ""E4320200118111"", ""経度"": ""130.6167216"", ""緯度"": ""32.48708486""}]",,matched,exact_name_address,1.000,reference/43000_1.csv,17068228366013260d8a1e506e0843bc9c0736e8ec7031a9e384d0d32abd7578,00000691,200,200,kumamoto_portal_map,2026-08-01T00:28:20+09:00,matched,portal_shelter_id,1.000,32.487086,130.616723,,,unmatched,manual_no_match,,,32.48708486,130.6167216,gsi_reference,reference_latitude_longitude,complete,0,1,1,1,1,1,1,1,1,1,1,1,1,1,1,1,1
web:32d814bdcf924bcc0fc3,32d814bdcf924bcc0fc3,,,八代市,高田小学校,八代市豊原中町317,,,,,,,,[],,unmatched,no_candidate,,reference/43000_1.csv,dd6686fa000c3e720180ba96d02aacff987aec1bba3c9bc69a5867fc0089d10d,00000721,840,840,kumamoto_portal_map,2026-08-01T00:28:20+09:00,matched,portal_shelter_id,1.000,32.489289,130.616762,32.48932389,130.6169221,matched,manual_shelter_id,マニュアルジオコーディング(1).csv,35f5dae36fe4e9577c53f227bd933e4604ed40e589ee27a700add2b32438424c,32.48932389,130.6169221,manual_geocoding,manual_shelter_id,complete,0,1,1,1,0,0,0,0,0,0,0,0,0,0,0,0,0
web:b4c2fb8fe9f5ef20e826,b4c2fb8fe9f5ef20e826,,,八代市,鮎帰社会教育センター,八代市坂本町鮎帰は867,,,,,,,,[],,unmatched,no_candidate,,reference/43000_1.csv,dd6686fa000c3e720180ba96d02aacff987aec1bba3c9bc69a5867fc0089d10d,00000672,600,600,kumamoto_portal_map,2026-08-01T00:28:20+09:00,matched,portal_shelter_id,1.000,32.432278,130.695876,32.43217334,130.6958229,matched,manual_shelter_id,マニュアルジオコーディング(1).csv,35f5dae36fe4e9577c53f227bd933e4604ed40e589ee27a700add2b32438424c,32.43217334,130.6958229,manual_geocoding,manual_shelter_id,complete,0,1,1,0,0,0,0,0,0,0,0,0,0,0,0,0,0
ref:E4320200033111,471c8f01d1c909db0463,E4320200033111,E4320200033111,八代市,麦島コミュニティセンター,八代市古城町2259,麦島コミュニティセンター,熊本県八代市古城町2259,1,,,32.49742503,130.5926186,"[{""共通ID"": ""E4320200033111"", ""経度"": ""130.5926186"", ""緯度"": ""32.49742503""}]",,matched,exact_name_address,1.000,reference/43000_1.csv,17068228366013260d8a1e506e0843bc9c0736e8ec7031a9e384d0d32abd7578,00000677,500,500,kumamoto_portal_map,2026-08-01T00:28:20+09:00,matched,portal_shelter_id,1.000,32.497581,130.592541,,,unmatched,manual_no_match,,,32.49742503,130.5926186,gsi_reference,reference_latitude_longitude,complete,0,1,1,1,1,1,1,1,1,1,1,1,1,1,1,1,1
web:6f7d29af2670d591080d,6f7d29af2670d591080d,,,八代市,麦島小学校,八代市迎町1丁目16-1-1,,,,,,,,[],,unmatched,no_candidate,,reference/43000_1.csv,17068228366013260d8a1e506e0843bc9c0736e8ec7031a9e384d0d32abd7578,00000712,1500,1500,kumamoto_portal_map,2026-08-01T00:28:20+09:00,matched,portal_shelter_id,1.000,32.498568,130.601357,32.49867148,130.6012836,matched,manual_shelter_id,マニュアルジオコーディング(1).csv,35f5dae36fe4e9577c53f227bd933e4604ed40e589ee27a700add2b32438424c,32.49867148,130.6012836,manual_geocoding,manual_shelter_id,complete,0,1,1,1,1,1,1,1,1,1,1,1,1,1,1,1,1
web:22c45e37f06400baa80a,22c45e37f06400baa80a,,,八代市,龍峯コミュニティセンター,八代市興善寺町1952,,,,,,,,[],,unmatched,fuzzy_below_threshold,0.785,reference/43000_1.csv,17068228366013260d8a1e506e0843bc9c0736e8ec7031a9e384d0d32abd7578,00000685,230,230,kumamoto_portal_map,2026-08-01T00:28:20+09:00,matched,portal_shelter_id,1.000,32.529238,130.663892,32.52927569,130.6638496,matched,manual_shelter_id,マニュアルジオコーディング(1).csv,35f5dae36fe4e9577c53f227bd933e4604ed40e589ee27a700add2b32438424c,32.52927569,130.6638496,manual_geocoding,manual_shelter_id,complete,0,1,1,1,1,1,1,1,1,1,1,1,1,1,1,1,1
ref:E4342300013111,ad8a31bcb2ddc57f35f6,E4342300013111,E4342300013111,南小国町,べっちん館,熊本県南小国町大字満願寺6595-3,べっちん館,熊本県南小国町大字満願寺6595-3,,,,33.077920714194,131.14176556909,"[{""共通ID"": ""E4342300013111"", ""経度"": ""131.14176556909"", ""緯度"": ""33.077920714194""}]",,matched,exact_name_address,1.000,reference/43000_1.csv,17068228366013260d8a1e506e0843bc9c0736e8ec7031a9e384d0d32abd7578,00000573,100,100,kumamoto_portal_map,2026-08-01T00:28:20+09:00,matched,portal_shelter_id,1.000,33.077815,131.141741,,,unmatched,manual_no_match,,,33.077920714194,131.14176556909,gsi_reference,reference_latitude_longitude,complete,0,0,0,0,0,0,0,0,0,0,0,0,0,0,0,0,0
ref:E4342300014111,2ef6d12342671852e082,E4342300014111,E4342300014111,南小国町,りんどうヶ丘小学校,熊本県南小国町大字満願寺7045,りんどうヶ丘小学校,熊本県南小国町大字満願寺7045,1,,,33.076993003004,131.12916454593,"[{""共通ID"": ""E4342300014111"", ""経度"": ""131.12916454593"", ""緯度"": ""33.076993003004""}]",,matched,exact_name_address,1.000,reference/43000_1.csv,17068228366013260d8a1e506e0843bc9c0736e8ec7031a9e384d0d32abd7578,00001570,500,500,kumamoto_portal_map,2026-08-01T00:28:20+09:00,matched,portal_shelter_id,1.000,33.077112,131.129236,,,unmatched,manual_no_match,,,33.076993003004,131.12916454593,gsi_reference,reference_latitude_longitude,complete,0,0,0,0,0,0,0,0,0,0,0,0,0,0,0,0,0
ref:E4342300007121,6161a7827cf35b81babf,E4342300007121,E4342300007121,南小国町,りんどう荘,熊本県南小国町大字赤馬場3388-1,りんどう荘,熊本県南小国町大字赤馬場3388-1,,,要配慮者,33.092598375182,131.06815907503,"[{""共通ID"": ""E4342300007121"", ""経度"": ""131.06815907503"", ""緯度"": ""33.092598375182""}]",,matched,exact_name_address,1.000,reference/43000_1.csv,17068228366013260d8a1e506e0843bc9c0736e8ec7031a9e384d0d32abd7578,00000570,40,40,kumamoto_portal_map,2026-08-01T00:28:20+09:00,matched,portal_shelter_id,1.000,33.092674,131.068168,,,unmatched,manual_no_match,,,33.092598375182,131.06815907503,gsi_reference,reference_latitude_longitude,complete,0,0,0,0,0,0,0,0,0,0,0,0,0,0,0,0,0
ref:E4342300006121,0d6176a90f1a8ecee383,E4342300006121,E4342300006121,南小国町,グループホーム森園,熊本県南小国町大字赤馬場3366,グループホーム森園,熊本県南小国町大字赤馬場3366,,,要配慮者,33.091644038272,131.0690581897,"[{""共通ID"": ""E4342300006121"", ""経度"": ""131.0690581897"", ""緯度"": ""33.091644038272""}]",,matched,exact_name_address,1.000,reference/43000_1.csv,17068228366013260d8a1e506e0843bc9c0736e8ec7031a9e384d0d32abd7578,,,,,,unmatched,no_candidate,,,,,,unmatched,manual_no_match,,,33.091644038272,131.0690581897,gsi_reference,reference_latitude_longitude,complete,0,0,0,0,0,0,0,0,0,0,0,0,0,0,0,0,0
ref:E4342300008111,3b329a9fdcdf0d98331c,E4342300008111,E4342300008111,南小国町,中原小学校,熊本県南小国町大字中原2469,中原小学校,熊本県南小国町大字中原2469,,,,33.082952744613,131.04997656868,"[{""共通ID"": ""E4342300008111"", ""経度"": ""131.04997656868"", ""緯度"": ""33.082952744613""}]",,matched,exact_name_address,1.000,reference/43000_1.csv,17068228366013260d8a1e506e0843bc9c0736e8ec7031a9e384d0d32abd7578,00001569,197,197,kumamoto_portal_map,2026-08-01T00:28:20+09:00,matched,portal_shelter_id,1.000,33.083008,131.049956,,,unmatched,manual_no_match,,,33.082952744613,131.04997656868,gsi_reference,reference_latitude_longitude,complete,0,0,0,0,0,0,0,0,0,0,0,0,0,0,0,0,0
ref:E4342300010111,a99f656ab82fffdfc68e,E4342300010111,E4342300010111,南小国町,元気プラザ中原,熊本県南小国町大字中原4172,元気プラザ中原,熊本県南小国町大字中原4172,1,,,33.080925013101,131.05027379847,"[{""共通ID"": ""E4342300010111"", ""経度"": ""131.05027379847"", ""緯度"": ""33.080925013101""}]",,matched,exact_name_address,1.000,reference/43000_1.csv,17068228366013260d8a1e506e0843bc9c0736e8ec7031a9e384d0d32abd7578,00000571,188,188,kumamoto_portal_map,2026-08-01T00:28:20+09:00,matched,portal_shelter_id,1.000,33.081191,131.051034,,,unmatched,manual_no_match,,,33.080925013101,131.05027379847,gsi_reference,reference_latitude_longitude,complete,0,0,0,0,0,0,0,0,0,0,0,0,0,0,0,0,0
ref:E4342300011111,d2dfeb6690c0f227ea5d,E4342300011111,E4342300011111,南小国町,南小国町公民館星和分館,熊本県南小国町大字満願寺4400,南小国町公民館星和分館,熊本県南小国町大字満願寺4400,,,,33.053080487727,131.13158514453,"[{""共通ID"": ""E4342300011111"", ""経度"": ""131.13158514453"", ""緯度"": ""33.053080487727""}]",,matched,exact_name_address,1.000,reference/43000_1.csv,17068228366013260d8a1e506e0843bc9c0736e8ec7031a9e384d0d32abd7578,00001571,185,185,kumamoto_portal_map,2026-08-01T00:28:20+09:00,matched,portal_shelter_id,1.000,33.077779,131.141135,,,unmatched,manual_no_match,,,33.053080487727,131.13158514453,gsi_reference,reference_latitude_longitude,complete,0,0,0,0,0,0,0,0,0,0,0,0,0,0,0,0,0
ref:E4342300015111,509624c2aba2700ac33b,E4342300015111,E4342300015111,南小国町,南小国町公民館波居原分館,熊本県南小国町大字満願寺8120,南小国町公民館波居原分館,熊本県南小国町大字満願寺8120,,,,33.09016918547,131.09754791109,"[{""共通ID"": ""E4342300015111"", ""経度"": ""131.09754791109"", ""緯度"": ""33.09016918547""}]",,matched,exact_name_address,1.000,reference/43000_1.csv,17068228366013260d8a1e506e0843bc9c0736e8ec7031a9e384d0d32abd7578,00000574,513,513,kumamoto_portal_map,2026-08-01T00:28:20+09:00,matched,portal_shelter_id,1.000,33.077779,131.141135,,,unmatched,manual_no_match,,,33.09016918547,131.09754791109,gsi_reference,reference_latitude_longitude,complete,0,0,0,0,0,0,0,0,0,0,0,0,0,0,0,0,0
ref:E4342300003111,b319f3b6984bf47c39d8,E4342300003111,E4342300003111,南小国町,南小国町役場,熊本県南小国町大字赤馬場143,南小国町役場,熊本県南小国町大字赤馬場143,1,,,33.098657796187,131.07036480793,"[{""共通ID"": ""E4342300003111"", ""経度"": ""131.07036480793"", ""緯度"": ""33.098657796187""}]",,matched,exact_name_address,1.000,reference/43000_1.csv,17068228366013260d8a1e506e0843bc9c0736e8ec7031a9e384d0d32abd7578,00002247,200,200,kumamoto_portal_map,2026-08-01T00:28:20+09:00,matched,portal_shelter_id,1.000,33.09862957845531,131.07048514495196,,,unmatched,manual_no_match,,,33.098657796187,131.07036480793,gsi_reference,reference_latitude_longitude,complete,0,0,0,0,0,0,0,0,0,0,0,0,0,0,0,0,0
ref:E4342300005111,ddf08dbd4c6cb7830a4c,E4342300005111,E4342300005111,南小国町,市原小学校,熊本県南小国町大字赤馬場1922,市原小学校,熊本県南小国町大字赤馬場1922,1,,,33.097372,131.0695,"[{""共通ID"": ""E4342300005111"", ""経度"": ""131.0695"", ""緯度"": ""33.097372""}]",,matched,exact_name_address,1.000,reference/43000_1.csv,17068228366013260d8a1e506e0843bc9c0736e8ec7031a9e384d0d32abd7578,00001568,843,843,kumamoto_portal_map,2026-08-01T00:28:20+09:00,matched,portal_shelter_id,1.000,33.097438,131.069531,,,unmatched,manual_no_match,,,33.097372,131.0695,gsi_reference,reference_latitude_longitude,complete,0,0,0,0,0,0,0,0,0,0,0,0,0,0,0,0,0
ref:E4342300012121,685f7221b2ed0b28630e,E4342300012121,E4342300012121,南小国町,悠清苑,熊本県南小国町大字満願寺5854-1,悠清苑,熊本県南小国町大字満願寺5854-1,,,要配慮者,33.072616009296,131.12637616418,"[{""共通ID"": ""E4342300012121"", ""経度"": ""131.12637616418"", ""緯度"": ""33.072616009296""}]",,matched,exact_name_address,1.000,reference/43000_1.csv,17068228366013260d8a1e506e0843bc9c0736e8ec7031a9e384d0d32abd7578,,,,,,unmatched,no_candidate,,,,,,unmatched,manual_no_match,,,33.072616009296,131.12637616418,gsi_reference,reference_latitude_longitude,complete,0,0,0,0,0,0,0,0,0,0,0,0,0,0,0,0,0
ref:E4342300009111,7496109d9874febd8704,E4342300009111,E4342300009111,南小国町,湯夢プラザ,熊本県南小国町大字中原2489-3,湯夢プラザ,熊本県南小国町大字中原2489-3,,,,33.072752999059,131.03188725568,"[{""共通ID"": ""E4342300009111"", ""経度"": ""131.03188725568"", ""緯度"": ""33.072752999059""}]",,matched,exact_name_address,1.000,reference/43000_1.csv,17068228366013260d8a1e506e0843bc9c0736e8ec7031a9e384d0d32abd7578,00000572,50,50,kumamoto_portal_map,2026-08-01T00:28:20+09:00,matched,portal_shelter_id,1.000,33.063278,131.037222,,,unmatched,manual_no_match,,,33.072752999059,131.03188725568,gsi_reference,reference_latitude_longitude,complete,0,0,0,0,0,0,0,0,0,0,0,0,0,0,0,0,0
ref:E4336700012111,ecdd9e6b6135fde28497,E4336700012111,E4336700012111,南関町,南関中学校,熊本県南関町大字小原2121-1,南関中学校,熊本県南関町大字小原2121-1,1,,,33.042916995733,130.56157810463,"[{""共通ID"": ""E4336700012111"", ""経度"": ""130.56157810463"", ""緯度"": ""33.042916995733""}]",,matched,exact_name_address,1.000,reference/43000_1.csv,17068228366013260d8a1e506e0843bc9c0736e8ec7031a9e384d0d32abd7578,00001446,1467,1467,kumamoto_portal_map,2026-08-01T00:28:20+09:00,matched,portal_shelter_id,1.000,33.042881,130.561333,,,unmatched,manual_no_match,,,33.042916995733,130.56157810463,gsi_reference,reference_latitude_longitude,complete,0,0,0,0,0,0,0,0,0,0,0,0,0,0,0,0,0
ref:E4336700017121,1a6dbc260dddcede7108,E4336700017121,E4336700017121,南関町,南関町 交流センター,熊本県南関町小原1408,南関町 交流センター,熊本県南関町小原1408,,,要配慮者,33.047369,130.560751,"[{""共通ID"": ""E4336700017121"", ""経度"": ""130.560751"", ""緯度"": ""33.047369""}]",,matched,exact_name_address,1.000,reference/43000_1.csv,17068228366013260d8a1e506e0843bc9c0736e8ec7031a9e384d0d32abd7578,00001444,539,539,kumamoto_portal_map,2026-08-01T00:28:20+09:00,matched,portal_shelter_id,1.000,33.046725,130.563189,,,unmatched,manual_no_match,,,33.047369,130.560751,gsi_reference,reference_latitude_longitude,complete,0,0,0,0,0,0,0,0,0,0,0,0,0,0,0,0,0
ref:E4336700005111,4d39b561693c4ee58aa3,E4336700005111,E4336700005111,南関町,南関第一小学校,熊本県南関町大字関町188,南関第一小学校,熊本県南関町大字関町188,1,,,33.063119901874,130.54665934216,"[{""共通ID"": ""E4336700005111"", ""経度"": ""130.54665934216"", ""緯度"": ""33.063119901874""}]",,matched,exact_name_address,1.000,reference/43000_1.csv,17068228366013260d8a1e506e0843bc9c0736e8ec7031a9e384d0d32abd7578,00001437,427,427,kumamoto_portal_map,2026-08-01T00:28:20+09:00,matched,portal_shelter_id,1.000,33.063148,130.546686,,,unmatched,manual_no_match,,,33.063119901874,130.54665934216,gsi_reference,reference_latitude_longitude,complete,0,0,0,0,0,0,0,0,0,0,0,0,0,0,0,0,0
ref:E4336700015111,8dc2386a27a4f5ae06ad,E4336700015111,E4336700015111,南関町,南関第三小学校,熊本県南関町大字相谷1800,南関第三小学校,熊本県南関町大字相谷1800,1,,,33.042593402169,130.57610598222,"[{""共通ID"": ""E4336700015111"", ""経度"": ""130.57610598222"", ""緯度"": ""33.042593402169""}]",,matched,exact_name_address,1.000,reference/43000_1.csv,17068228366013260d8a1e506e0843bc9c0736e8ec7031a9e384d0d32abd7578,00001447,346,346,kumamoto_portal_map,2026-08-01T00:28:20+09:00,matched,portal_shelter_id,1.000,33.042531,130.575904,,,unmatched,manual_no_match,,,33.042593402169,130.57610598222,gsi_reference,reference_latitude_longitude,complete,0,0,0,0,0,0,0,0,0,0,0,0,0,0,0,0,0
ref:E4336700008111,bfb2a10080b123682aa0,E4336700008111,E4336700008111,南関町,南関第二小学校,熊本県南関町大字高久野754,南関第二小学校,熊本県南関町大字高久野754,1,,,33.02642482133,130.53083856985,"[{""共通ID"": ""E4336700008111"", ""経度"": ""130.53083856985"", ""緯度"": ""33.02642482133""}]",,matched,exact_name_address,1.000,reference/43000_1.csv,17068228366013260d8a1e506e0843bc9c0736e8ec7031a9e384d0d32abd7578,00001443,468,468,kumamoto_portal_map,2026-08-01T00:28:20+09:00,matched,portal_shelter_id,1.000,33.026465,130.531586,,,unmatched,manual_no_match,,,33.02642482133,130.53083856985,gsi_reference,reference_latitude_longitude,complete,0,0,0,0,0,0,0,0,0,0,0,0,0,0,0,0,0
ref:E4336700013111,5ecb4f76a17ba5528fcb,E4336700013111,E4336700013111,南関町,南関第四小学校,熊本県南関町大字上坂下3528,南関第四小学校,熊本県南関町大字上坂下3528,1,,,33.016270312903,130.56051786465,"[{""共通ID"": ""E4336700013111"", ""経度"": ""130.56051786465"", ""緯度"": ""33.016270312903""}]",,matched,exact_name_address,1.000,reference/43000_1.csv,17068228366013260d8a1e506e0843bc9c0736e8ec7031a9e384d0d32abd7578,00001449,333,333,kumamoto_portal_map,2026-08-01T00:28:20+09:00,matched,portal_shelter_id,1.000,33.016409,130.559948,,,unmatched,manual_no_match,,,33.016270312903,130.56051786465,gsi_reference,reference_latitude_longitude,complete,0,0,0,0,0,0,0,0,0,0,0,0,0,0,0,0,0
ref:E4343300056111,3468610d7e9aa994354f,E4343300056111,E4343300056111,南阿蘇村,(旧)中松小学校体育館,熊本県南阿蘇村中松2377,(旧)中松小学校体育館,熊本県南阿蘇村中松2377,,,,32.83052,131.050565,"[{""共通ID"": ""E4343300056111"", ""経度"": ""131.050565"", ""緯度"": ""32.83052""}]",,matched,exact_name_address,1.000,reference/43000_1.csv,17068228366013260d8a1e506e0843bc9c0736e8ec7031a9e384d0d32abd7578,00002262,,0,kumamoto_portal_map,2026-08-01T00:28:20+09:00,matched,portal_shelter_id,1.000,32.83023348161155,131.0507583618164,,,unmatched,manual_no_match,,,32.83052,131.050565,gsi_reference,reference_latitude_longitude,complete,0,0,0,0,0,0,0,0,0,0,0,0,0,0,0,0,0
ref:E4343300051111,615da95bc4bd894508e1,E4343300051111,E4343300051111,南阿蘇村,(旧)立野小学校,熊本県南阿蘇村大字立野1596,(旧)立野小学校,熊本県南阿蘇村大字立野1596,,,,32.877786,130.968176,"[{""共通ID"": ""E4343300051111"", ""経度"": ""130.968176"", ""緯度"": ""32.877786""}]",,matched,exact_name_address,1.000,reference/43000_1.csv,17068228366013260d8a1e506e0843bc9c0736e8ec7031a9e384d0d32abd7578,00002308,,0,kumamoto_portal_map,2026-08-01T00:28:20+09:00,matched,portal_shelter_id,1.000,32.877919442429175,130.96765419979005,,,unmatched,manual_no_match,,,32.877786,130.968176,gsi_reference,reference_latitude_longitude,complete,0,0,0,0,0,0,0,0,0,0,0,0,0,0,0,0,0
ref:E4343300046111,8cc94254ee9248d5a99f,E4343300046111,E4343300046111,南阿蘇村,(旧)立野小学校体育館,熊本県南阿蘇村立野1596,(旧)立野小学校体育館,熊本県南阿蘇村立野1596,,,,32.87794263,130.9676839,"[{""共通ID"": ""E4343300046111"", ""経度"": ""130.9676839"", ""緯度"": ""32.87794263""}]",,matched,exact_name_address,1.000,reference/43000_1.csv,17068228366013260d8a1e506e0843bc9c0736e8ec7031a9e384d0d32abd7578,00002308,,0,kumamoto_portal_map,2026-08-01T00:28:20+09:00,matched,portal_shelter_id,1.000,32.877919442429175,130.96765419979005,,,unmatched,manual_no_match,,,32.87794263,130.9676839,gsi_reference,reference_latitude_longitude,complete,0,0,0,0,0,0,0,0,0,0,0,0,0,0,0,0,0
web:bcd5356f1806b2905a5f,bcd5356f1806b2905a5f,,,南阿蘇村,(旧)立野小学校校舎,南阿蘇村大字立野1549-2,,,,,,,,[],,unmatched,fuzzy_below_threshold,0.876,reference/43000_1.csv,dd6686fa000c3e720180ba96d02aacff987aec1bba3c9bc69a5867fc0089d10d,00001692,100,100,kumamoto_portal_map,2026-08-01T00:28:20+09:00,matched,portal_shelter_id,1.000,32.878461,130.968147,32.52928626,130.6638315,matched,manual_shelter_id,マニュアルジオコーディング(1).csv,35f5dae36fe4e9577c53f227bd933e4604ed40e589ee27a700add2b32438424c,32.52928626,130.6638315,manual_geocoding,manual_shelter_id,complete,0,1,1,0,0,0,0,0,0,0,0,0,0,0,0,0,0
ref:E4342800025111,e8729751d82d6eb0b477,E4342800025111,E4342800025111,南阿蘇村,両併小学校体育館,熊本県南阿蘇村大字両併999-1,両併小学校体育館,熊本県南阿蘇村大字両併999-1,,,,32.8120423837671,131.101352706958,"[{""共通ID"": ""E4342800025111"", ""経度"": ""131.101352706958"", ""緯度"": ""32.8120423837671""}]",,matched,exact_name_address,1.000,reference/43000_1.csv,17068228366013260d8a1e506e0843bc9c0736e8ec7031a9e384d0d32abd7578,00001651,100,100,kumamoto_portal_map,2026-08-01T00:28:20+09:00,matched,portal_shelter_id,1.000,32.81191,131.101596,,,unmatched,manual_no_match,,,32.8120423837671,131.101352706958,gsi_reference,reference_latitude_longitude,complete,0,0,0,0,0,0,0,0,0,0,0,0,0,0,0,0,0
ref:E4343300045111,436fe67d7f7cbc6ae867,E4343300045111,E4343300045111,南阿蘇村,両併小学校体育館及び校舎,熊本県南阿蘇村両併995,両併小学校体育館及び校舎,熊本県南阿蘇村両併995,1,,,32.81205962,131.1010233,"[{""共通ID"": ""E4343300045111"", ""経度"": ""131.1010233"", ""緯度"": ""32.81205962""}]",,matched,exact_name_address,1.000,reference/43000_1.csv,17068228366013260d8a1e506e0843bc9c0736e8ec7031a9e384d0d32abd7578,00001651,100,100,kumamoto_portal_map,2026-08-01T00:28:20+09:00,matched,portal_shelter_id,1.000,32.81191,131.101596,,,unmatched,manual_no_match,,,32.81205962,131.1010233,gsi_reference,reference_latitude_longitude,complete,0,0,0,0,0,0,0,0,0,0,0,0,0,0,0,0,0
ref:E4343300025111,566b89c0ddfe59178b26,E4343300025111,E4343300025111,南阿蘇村,久木野体育館,熊本県南阿蘇村大字河陰5-2,久木野体育館,熊本県南阿蘇村大字河陰5-2,1,,,32.814261,131.028873,"[{""共通ID"": ""E4343300025111"", ""経度"": ""131.028873"", ""緯度"": ""32.814261""}]",,matched,exact_name_address,1.000,reference/43000_1.csv,17068228366013260d8a1e506e0843bc9c0736e8ec7031a9e384d0d32abd7578,00002098,,0,kumamoto_portal_map,2026-08-01T00:28:20+09:00,matched,portal_shelter_id,1.000,32.813924,131.028938,,,unmatched,manual_no_match,,,32.814261,131.028873,gsi_reference,reference_latitude_longitude,complete,0,1,1,0,0,0,0,0,0,0,0,0,0,0,0,0,0
ref:E4343300024111,f1f16952c60d10ad2b49,E4343300024111,E4343300024111,南阿蘇村,久木野小学校体育館,熊本県南阿蘇村大字河陰130,久木野小学校体育館,熊本県南阿蘇村大字河陰130,1,,,32.819352,131.030782,"[{""共通ID"": ""E4343300024111"", ""経度"": ""131.030782"", ""緯度"": ""32.819352""}]",,matched,exact_name_address,1.000,reference/43000_1.csv,17068228366013260d8a1e506e0843bc9c0736e8ec7031a9e384d0d32abd7578,00002156,,0,kumamoto_portal_map,2026-08-01T00:28:20+09:00,matched,portal_shelter_id,1.000,32.819306346751446,131.03084564208984,,,unmatched,manual_no_match,,,32.819352,131.030782,gsi_reference,reference_latitude_longitude,complete,0,0,0,0,0,0,0,0,0,0,0,0,0,0,0,0,0
ref:E4343300001121,c7ad5faff5796b1fc337,E4343300001121,E4343300001121,南阿蘇村,久木野総合福祉センター,熊本県南阿蘇村久石2705,久木野総合福祉センター,熊本県南阿蘇村久石2705,,,,32.8203848,131.0362145,"[{""共通ID"": ""E4343300001121"", ""経度"": ""131.0362145"", ""緯度"": ""32.8203848""}]",,matched,exact_name_address,1.000,reference/43000_1.csv,17068228366013260d8a1e506e0843bc9c0736e8ec7031a9e384d0d32abd7578,00001670,100,100,kumamoto_portal_map,2026-08-01T00:28:20+09:00,matched,portal_shelter_id,1.000,32.820398,131.036181,,,unmatched,manual_no_match,,,32.8203848,131.0362145,gsi_reference,reference_latitude_longitude,complete,0,0,0,0,0,0,0,0,0,0,0,0,0,0,0,0,0
ref:E4343300027111,687cbf81b27f6388e04a,E4343300027111,E4343300027111,南阿蘇村,南阿蘇中学校第1体育館,熊本県南阿蘇村大字河陽3545,南阿蘇中学校第1体育館,熊本県南阿蘇村大字河陽3545,,,,32.858032813794,131.00106525126,"[{""共通ID"": ""E4343300027111"", ""経度"": ""131.00106525126"", ""緯度"": ""32.858032813794""}]",,matched,exact_name_address,1.000,reference/43000_1.csv,17068228366013260d8a1e506e0843bc9c0736e8ec7031a9e384d0d32abd7578,00002246,,0,kumamoto_portal_map,2026-08-01T00:28:20+09:00,matched,portal_shelter_id,1.000,32.85761753609082,131.00147008895874,,,unmatched,manual_no_match,,,32.858032813794,131.00106525126,gsi_reference,reference_latitude_longitude,complete,0,0,0,0,0,0,0,0,0,0,0,0,0,0,0,0,0
ref:E4343300028111,2b5c5b45f6e300a96343,E4343300028111,E4343300028111,南阿蘇村,南阿蘇中学校第2体育館1階,熊本県南阿蘇村大字河陽3545-1,南阿蘇中学校第2体育館1階,熊本県南阿蘇村大字河陽3545-1,1,,,32.858002,131.000988,"[{""共通ID"": ""E4343300028111"", ""経度"": ""131.000988"", ""緯度"": ""32.858002""}]",,matched,exact_name_address,1.000,reference/43000_1.csv,17068228366013260d8a1e506e0843bc9c0736e8ec7031a9e384d0d32abd7578,00002246,,0,kumamoto_portal_map,2026-08-01T00:28:20+09:00,matched,portal_shelter_id,1.000,32.85761753609082,131.00147008895874,,,unmatched,manual_no_match,,,32.858002,131.000988,gsi_reference,reference_latitude_longitude,complete,0,0,0,0,0,0,0,0,0,0,0,0,0,0,0,0,0
ref:E4343300050111,df551e04f3b7b1889af1,E4343300050111,E4343300050111,南阿蘇村,南阿蘇中学校第2体育館2階,熊本県南阿蘇村河陽3545-1,南阿蘇中学校第2体育館2階,熊本県南阿蘇村河陽3545-1,,,,32.858002,131.000988,"[{""共通ID"": ""E4343300050111"", ""経度"": ""131.000988"", ""緯度"": ""32.858002""}]",,matched,exact_name_address,1.000,reference/43000_1.csv,17068228366013260d8a1e506e0843bc9c0736e8ec7031a9e384d0d32abd7578,00002196,,0,kumamoto_portal_map,2026-08-01T00:28:20+09:00,matched,portal_shelter_id,1.000,32.86185328748791,130.999174118042,,,unmatched,manual_no_match,,,32.858002,131.000988,gsi_reference,reference_latitude_longitude,complete,0,1,1,0,0,0,0,0,0,0,0,0,0,0,0,0,0
ref:E4343300054111,bdd1acb80f6733866cac,E4343300054111,E4343300054111,南阿蘇村,南阿蘇西小学校体育館,熊本県南阿蘇村大字河陽2999-2,南阿蘇西小学校体育館,熊本県南阿蘇村大字河陽2999-2,,,,32.849281,131.011678,"[{""共通ID"": ""E4343300054111"", ""経度"": ""131.011678"", ""緯度"": ""32.849281""}]",,matched,exact_name_address,1.000,reference/43000_1.csv,17068228366013260d8a1e506e0843bc9c0736e8ec7031a9e384d0d32abd7578,00001683,100,100,kumamoto_portal_map,2026-08-01T00:28:20+09:00,matched,portal_shelter_id,1.000,32.844893,131.022599,,,unmatched,manual_no_match,,,32.849281,131.011678,gsi_reference,reference_latitude_longitude,complete,0,0,0,0,0,0,0,0,0,0,0,0,0,0,0,0,0
ref:E4343300032111,d043542fe0d2970ff7ef,E4343300032111,E4343300032111,南阿蘇村,白水体育館,熊本県南阿蘇村大字吉田1700-1,白水体育館,熊本県南阿蘇村大字吉田1700-1,1,,,32.82726377,131.0717431,"[{""共通ID"": ""E4343300032111"", ""経度"": ""131.0717431"", ""緯度"": ""32.82726377""}]",,matched,exact_name_address,1.000,reference/43000_1.csv,17068228366013260d8a1e506e0843bc9c0736e8ec7031a9e384d0d32abd7578,00001660,200,200,kumamoto_portal_map,2026-08-01T00:28:20+09:00,matched,portal_shelter_id,1.000,32.827315,131.071864,,,unmatched,manual_no_match,,,32.82726377,131.0717431,gsi_reference,reference_latitude_longitude,complete,0,1,1,0,0,0,0,0,0,0,0,0,0,0,0,0,0
ref:E4343300033111,a70e956948e2e6f510f1,E4343300033111,E4343300033111,南阿蘇村,白水小学校体育館,熊本県南阿蘇村大字吉田2301,白水小学校体育館,熊本県南阿蘇村大字吉田2301,1,,,32.826556,131.083166,"[{""共通ID"": ""E4343300033111"", ""経度"": ""131.083166"", ""緯度"": ""32.826556""}]",,matched,exact_name_address,1.000,reference/43000_1.csv,17068228366013260d8a1e506e0843bc9c0736e8ec7031a9e384d0d32abd7578,00000615,200,200,kumamoto_portal_map,2026-08-01T00:28:20+09:00,matched,portal_shelter_id,1.000,32.826865,131.082764,,,unmatched,manual_no_match,,,32.826556,131.083166,gsi_reference,reference_latitude_longitude,complete,0,0,0,0,0,0,0,0,0,0,0,0,0,0,0,0,0
ref:E4321600044111,f594ab1df04e2bc1d5c6,E4321600044111,E4321600044111,合志市,ユーパレス弁天,熊本県合志市野々島2441-1,ユーパレス弁天,熊本県合志市野々島2441-1,1,,,32.892759,130.732216,"[{""共通ID"": ""E4321600044111"", ""経度"": ""130.732216"", ""緯度"": ""32.892759""}]",,matched,exact_name_address,1.000,reference/43000_1.csv,17068228366013260d8a1e506e0843bc9c0736e8ec7031a9e384d0d32abd7578,00001398,1000,1000,kumamoto_portal_map,2026-08-01T00:28:20+09:00,matched,portal_shelter_id,1.000,32.892767,130.732077,,,unmatched,manual_no_match,,,32.892759,130.732216,gsi_reference,reference_latitude_longitude,complete,0,0,0,0,0,0,0,0,0,0,0,0,0,0,0,0,0
ref:E4321600020121,23383768dccd6df0bdd5,E4321600020121,E4321600020121,合志市,保健福祉センター ふれあい館,熊本県合志市須屋2251-1,保健福祉センター ふれあい館,熊本県合志市須屋2251-1,,,要配慮者とその家族,32.873671335607,130.73347713296,"[{""共通ID"": ""E4321600020121"", ""経度"": ""130.73347713296"", ""緯度"": ""32.873671335607""}]",,matched,exact_name_address,1.000,reference/43000_1.csv,17068228366013260d8a1e506e0843bc9c0736e8ec7031a9e384d0d32abd7578,,,,,,unmatched,no_candidate,,,,,,unmatched,manual_no_match,,,32.873671335607,130.73347713296,gsi_reference,reference_latitude_longitude,complete,0,0,0,0,0,0,0,0,0,0,0,0,0,0,0,0,0
ref:E4321600008111,65e4990d8951c7692e30,E4321600008111,E4321600008111,合志市,南ヶ丘小学校,熊本県合志市幾久富1909-101,南ヶ丘小学校,熊本県合志市幾久富1909-101,1,,,32.863384456613,130.77245478823,"[{""共通ID"": ""E4321600008111"", ""経度"": ""130.77245478823"", ""緯度"": ""32.863384456613""}]",,matched,exact_name_address,1.000,reference/43000_1.csv,17068228366013260d8a1e506e0843bc9c0736e8ec7031a9e384d0d32abd7578,00001408,6233,6233,kumamoto_portal_map,2026-08-01T00:28:20+09:00,matched,portal_shelter_id,1.000,32.862629,130.772203,,,unmatched,manual_no_match,,,32.863384456613,130.77245478823,gsi_reference,reference_latitude_longitude,complete,0,0,0,0,0,0,0,0,0,0,0,0,0,0,0,0,0
ref:E4321600043111,f42013b62219adf7524c,E4321600043111,E4321600043111,合志市,合志中学校,熊本県合志市豊岡955,合志中学校,熊本県合志市豊岡955,1,,,32.889507728174,130.78945281384,"[{""共通ID"": ""E4321600043111"", ""経度"": ""130.78945281384"", ""緯度"": ""32.889507728174""}]",,matched,exact_name_address,1.000,reference/43000_1.csv,17068228366013260d8a1e506e0843bc9c0736e8ec7031a9e384d0d32abd7578,00001407,11745,11745,kumamoto_portal_map,2026-08-01T00:28:20+09:00,matched,portal_shelter_id,1.000,32.888793,130.788504,,,unmatched,manual_no_match,,,32.889507728174,130.78945281384,gsi_reference,reference_latitude_longitude,complete,0,0,0,0,0,0,0,0,0,0,0,0,0,0,0,0,0
ref:E4321600039111,2bbfbaef1648d25dbb83,E4321600039111,E4321600039111,合志市,合志南小学校,熊本県合志市豊岡2224-29,合志南小学校,熊本県合志市豊岡2224-29,1,,,32.872189245223,130.77042240127,"[{""共通ID"": ""E4321600039111"", ""経度"": ""130.77042240127"", ""緯度"": ""32.872189245223""}]",,matched,exact_name_address,1.000,reference/43000_1.csv,17068228366013260d8a1e506e0843bc9c0736e8ec7031a9e384d0d32abd7578,00001409,5669,5669,kumamoto_portal_map,2026-08-01T00:28:20+09:00,matched,portal_shelter_id,1.000,32.871817,130.7709,,,unmatched,manual_no_match,,,32.872189245223,130.77042240127,gsi_reference,reference_latitude_longitude,complete,0,0,0,0,0,0,0,0,0,0,0,0,0,0,0,0,0
ref:E4321600016111,a2cb22f1bfd1cdc88ade,E4321600016111,E4321600016111,合志市,合志小学校,熊本県合志市上庄55,合志小学校,熊本県合志市上庄55,1,,,32.894940531307,130.79145498178,"[{""共通ID"": ""E4321600016111"", ""経度"": ""130.79145498178"", ""緯度"": ""32.894940531307""}]",,matched,exact_name_address,1.000,reference/43000_1.csv,17068228366013260d8a1e506e0843bc9c0736e8ec7031a9e384d0d32abd7578,00001406,3914,3914,kumamoto_portal_map,2026-08-01T00:28:20+09:00,matched,portal_shelter_id,1.000,32.894073,130.791595,,,unmatched,manual_no_match,,,32.894940531307,130.79145498178,gsi_reference,reference_latitude_longitude,complete,0,0,0,0,0,0,0,0,0,0,0,0,0,0,0,0,0
ref:E4321600028111,c956247a9a757a1e037d,E4321600028111,E4321600028111,合志市,合志市防災拠点センター,熊本県合志市竹迫2140,合志市防災拠点センター,熊本県合志市竹迫2140,1,,,32.8859395067189,130.789870143986,"[{""共通ID"": ""E4321600028111"", ""経度"": ""130.789870143986"", ""緯度"": ""32.8859395067189""}]",,matched,exact_name_address,1.000,reference/43000_1.csv,17068228366013260d8a1e506e0843bc9c0736e8ec7031a9e384d0d32abd7578,00000539,380,380,kumamoto_portal_map,2026-08-01T00:28:20+09:00,matched,portal_shelter_id,1.000,32.886007,130.78974,,,unmatched,manual_no_match,,,32.8859395067189,130.789870143986,gsi_reference,reference_latitude_longitude,complete,0,1,1,1,1,1,0,0,0,0,0,0,0,0,0,0,0
ref:E4321600050113,f8827258c76b4a203bf1,E4321600050113,E4321600050113,合志市,合志楓の森小・中学校,熊本県合志市栄3793-5,合志楓の森小・中学校,熊本県合志市栄3793-5,1,,,32.878614,130.756366,"[{""共通ID"": ""E4321600050113"", ""経度"": ""130.756366"", ""緯度"": ""32.878614""}]",,matched,exact_name_address,1.000,reference/43000_1.csv,17068228366013260d8a1e506e0843bc9c0736e8ec7031a9e384d0d32abd7578,00002340,252,252,kumamoto_portal_map,2026-08-01T00:28:20+09:00,matched,portal_shelter_id,1.000,32.87854640878669,130.75634516345167,,,unmatched,manual_no_match,,,32.878614,130.756366,gsi_reference,reference_latitude_longitude,complete,0,0,0,0,0,0,0,0,0,0,0,0,0,0,0,0,0
ref:E4321600014111,0b022546d27e291c3b18,E4321600014111,E4321600014111,合志市,合生文化会館,熊本県合志市合生3616,合生文化会館,熊本県合志市合生3616,1,,,32.913741263444,130.75376526826,"[{""共通ID"": ""E4321600014111"", ""経度"": ""130.75376526826"", ""緯度"": ""32.913741263444""}]",,matched,exact_name_address,1.000,reference/43000_1.csv,17068228366013260d8a1e506e0843bc9c0736e8ec7031a9e384d0d32abd7578,00001397,248,248,kumamoto_portal_map,2026-08-01T00:28:20+09:00,matched,portal_shelter_id,1.000,32.913793,130.753797,,,unmatched,manual_no_match,,,32.913741263444,130.75376526826,gsi_reference,reference_latitude_longitude,complete,0,0,0,0,0,0,0,0,0,0,0,0,0,0,0,0,0
ref:E4321600019111,5e57b955ea9b9c230b41,E4321600019111,E4321600019111,合志市,妙泉寺体育館,熊本県合志市須屋1957,妙泉寺体育館,熊本県合志市須屋1957,,,,32.859549270898,130.73304098906,"[{""共通ID"": ""E4321600019111"", ""経度"": ""130.73304098906"", ""緯度"": ""32.859549270898""}]",,matched,exact_name_address,1.000,reference/43000_1.csv,17068228366013260d8a1e506e0843bc9c0736e8ec7031a9e384d0d32abd7578,00000540,200,200,kumamoto_portal_map,2026-08-01T00:28:20+09:00,matched,portal_shelter_id,1.000,32.859551,130.733078,,,unmatched,manual_no_match,,,32.859549270898,130.73304098906,gsi_reference,reference_latitude_longitude,complete,0,0,0,0,0,0,0,0,0,0,0,0,0,0,0,0,0
ref:E4321600011111,e807ef5e5e0eeb181257,E4321600011111,E4321600011111,合志市,御代志市民センター,熊本県合志市御代志1661-16,御代志市民センター,熊本県合志市御代志1661-16,1,,,32.890300902499,130.74463285526,"[{""共通ID"": ""E4321600011111"", ""経度"": ""130.74463285526"", ""緯度"": ""32.890300902499""}]",,matched,exact_name_address,1.000,reference/43000_1.csv,17068228366013260d8a1e506e0843bc9c0736e8ec7031a9e384d0d32abd7578,00001400,1370,1370,kumamoto_portal_map,2026-08-01T00:28:20+09:00,matched,portal_shelter_id,1.000,32.890331,130.744623,,,unmatched,manual_no_match,,,32.890300902499,130.74463285526,gsi_reference,reference_latitude_longitude,complete,0,1,1,0,0,0,0,0,0,0,0,0,0,0,0,0,0
ref:E4321600001111,5f7e0f9634e2156b7e47,E4321600001111,E4321600001111,合志市,栄体育館,熊本県合志市栄1230-1,栄体育館,熊本県合志市栄1230-1,1,,,32.907983447183,130.77436759808,"[{""共通ID"": ""E4321600001111"", ""経度"": ""130.77436759808"", ""緯度"": ""32.907983447183""}]",,matched,exact_name_address,1.000,reference/43000_1.csv,17068228366013260d8a1e506e0843bc9c0736e8ec7031a9e384d0d32abd7578,00001377,2169,2169,kumamoto_portal_map,2026-08-01T00:28:20+09:00,matched,portal_shelter_id,1.000,32.907985,130.774357,,,unmatched,manual_no_match,,,32.907983447183,130.77436759808,gsi_reference,reference_latitude_longitude,complete,0,0,0,0,0,0,0,0,0,0,0,0,0,0,0,0,0
ref:E4321600003111,740beed2b282a67a7e53,E4321600003111,E4321600003111,合志市,栄市民センター「みどり館」,熊本県合志市栄2371,栄市民センター「みどり館」,熊本県合志市栄2371,1,,,32.9011289121678,130.770880155307,"[{""共通ID"": ""E4321600003111"", ""経度"": ""130.770880155307"", ""緯度"": ""32.9011289121678""}]",,matched,exact_name_address,1.000,reference/43000_1.csv,17068228366013260d8a1e506e0843bc9c0736e8ec7031a9e384d0d32abd7578,00001376,3832,3832,kumamoto_portal_map,2026-08-01T00:28:20+09:00,matched,portal_shelter_id,1.000,32.901322,130.77103,,,unmatched,manual_no_match,,,32.9011289121678,130.770880155307,gsi_reference,reference_latitude_longitude,complete,0,1,1,0,0,0,0,0,0,0,0,0,0,0,0,0,0
ref:E4321600010111,232c7dc1511a03bd1a15,E4321600010111,E4321600010111,合志市,泉ヶ丘体育館・泉ヶ丘市民センター,熊本県合志市幾久富1947-7,泉ヶ丘体育館・泉ヶ丘市民センター,熊本県合志市幾久富1947-7,1,,,32.869326797425,130.76884174604,"[{""共通ID"": ""E4321600010111"", ""経度"": ""130.76884174604"", ""緯度"": ""32.869326797425""}]",,matched,exact_name_address,1.000,reference/43000_1.csv,17068228366013260d8a1e506e0843bc9c0736e8ec7031a9e384d0d32abd7578,00001375,2902,2902,kumamoto_portal_map,2026-08-01T00:28:20+09:00,matched,portal_shelter_id,1.000,32.869108,130.769153,,,unmatched,manual_no_match,,,32.869326797425,130.76884174604,gsi_reference,reference_latitude_longitude,complete,0,1,1,1,0,0,0,0,0,0,0,0,0,0,0,0,0
ref:E4321600031111,9e81ac37c041d4aa425d,E4321600031111,E4321600031111,合志市,総合センター「ヴィーブル」,熊本県合志市福原2922,総合センター「ヴィーブル」,熊本県合志市福原2922,1,,,32.886122883131,130.7906777748,"[{""共通ID"": ""E4321600031111"", ""経度"": ""130.7906777748"", ""緯度"": ""32.886122883131""}]",,matched,exact_name_address,1.000,reference/43000_1.csv,17068228366013260d8a1e506e0843bc9c0736e8ec7031a9e384d0d32abd7578,00001405,12329,12329,kumamoto_portal_map,2026-08-01T00:28:20+09:00,matched,portal_shelter_id,1.000,32.886007,130.791134,,,unmatched,manual_no_match,,,32.886122883131,130.7906777748,gsi_reference,reference_latitude_longitude,complete,0,0,0,0,0,0,0,0,0,0,0,0,0,0,0,0,0
ref:E4321600021111,a5729b6f2afad7b84550,E4321600021111,E4321600021111,合志市,老人憩いの家,熊本県合志市須屋2267-3,老人憩いの家,熊本県合志市須屋2267-3,1,,,32.873905076626,130.73397408115,"[{""共通ID"": ""E4321600021111"", ""経度"": ""130.73397408115"", ""緯度"": ""32.873905076626""}]",,matched,exact_name_address,1.000,reference/43000_1.csv,17068228366013260d8a1e506e0843bc9c0736e8ec7031a9e384d0d32abd7578,00001396,505,505,kumamoto_portal_map,2026-08-01T00:28:20+09:00,matched,portal_shelter_id,1.000,32.873855,130.734019,,,unmatched,manual_no_match,,,32.873905076626,130.73397408115,gsi_reference,reference_latitude_longitude,complete,0,0,0,0,0,0,0,0,0,0,0,0,0,0,0,0,0
ref:E4321600047111,40b793ec01e32dbef6e8,E4321600047111,E4321600047111,合志市,西合志中央小学校,熊本県合志市野々島4832,西合志中央小学校,熊本県合志市野々島4832,1,,,32.908316516259,130.74279121263,"[{""共通ID"": ""E4321600047111"", ""経度"": ""130.74279121263"", ""緯度"": ""32.908316516259""}]",,matched,exact_name_address,1.000,reference/43000_1.csv,17068228366013260d8a1e506e0843bc9c0736e8ec7031a9e384d0d32abd7578,00001411,4556,4556,kumamoto_portal_map,2026-08-01T00:28:20+09:00,matched,portal_shelter_id,1.000,32.907999,130.743054,,,unmatched,manual_no_match,,,32.908316516259,130.74279121263,gsi_reference,reference_latitude_longitude,complete,0,0,0,0,0,0,0,0,0,0,0,0,0,0,0,0,0
ref:E4321600045111,eac7275d111a4b4eb730,E4321600045111,E4321600045111,合志市,西合志中学校,熊本県合志市野々島4393-1,西合志中学校,熊本県合志市野々島4393-1,1,,,32.898831292168,130.7440303941,"[{""共通ID"": ""E4321600045111"", ""経度"": ""130.7440303941"", ""緯度"": ""32.898831292168""}]",,matched,exact_name_address,1.000,reference/43000_1.csv,17068228366013260d8a1e506e0843bc9c0736e8ec7031a9e384d0d32abd7578,00001412,9556,9556,kumamoto_portal_map,2026-08-01T00:28:20+09:00,matched,portal_shelter_id,1.000,32.898517,130.744037,,,unmatched,manual_no_match,,,32.898831292168,130.7440303941,gsi_reference,reference_latitude_longitude,complete,0,0,0,0,0,0,0,0,0,0,0,0,0,0,0,0,0
ref:E4321600025111,92ca15ff7069494b0340,E4321600025111,E4321600025111,合志市,西合志南中学校,熊本県合志市須屋2956,西合志南中学校,熊本県合志市須屋2956,1,,,32.866158958074,130.74196403229,"[{""共通ID"": ""E4321600025111"", ""経度"": ""130.74196403229"", ""緯度"": ""32.866158958074""}]",,matched,exact_name_address,1.000,reference/43000_1.csv,17068228366013260d8a1e506e0843bc9c0736e8ec7031a9e384d0d32abd7578,00001415,13093,13093,kumamoto_portal_map,2026-08-01T00:28:20+09:00,matched,portal_shelter_id,1.000,32.865822,130.741819,,,unmatched,manual_no_match,,,32.866158958074,130.74196403229,gsi_reference,reference_latitude_longitude,complete,0,0,0,0,0,0,0,0,0,0,0,0,0,0,0,0,0
ref:E4321600018111,ccec1d1b3cda1a82e2ec,E4321600018111,E4321600018111,合志市,西合志南小学校,熊本県合志市須屋1873,西合志南小学校,熊本県合志市須屋1873,1,,,32.862574534254,130.73522467227,"[{""共通ID"": ""E4321600018111"", ""経度"": ""130.73522467227"", ""緯度"": ""32.862574534254""}]",,matched,exact_name_address,1.000,reference/43000_1.csv,17068228366013260d8a1e506e0843bc9c0736e8ec7031a9e384d0d32abd7578,00001414,6385,6385,kumamoto_portal_map,2026-08-01T00:28:20+09:00,matched,portal_shelter_id,1.000,32.862256,130.735514,,,unmatched,manual_no_match,,,32.862574534254,130.73522467227,gsi_reference,reference_latitude_longitude,complete,0,0,0,0,0,0,0,0,0,0,0,0,0,0,0,0,0
ref:E4321600024111,4282b7350c37e43c8be4,E4321600024111,E4321600024111,合志市,西合志東小学校,熊本県合志市須屋2948,西合志東小学校,熊本県合志市須屋2948,1,,,32.865816999557,130.74092498527,"[{""共通ID"": ""E4321600024111"", ""経度"": ""130.74092498527"", ""緯度"": ""32.865816999557""}]",,matched,exact_name_address,1.000,reference/43000_1.csv,17068228366013260d8a1e506e0843bc9c0736e8ec7031a9e384d0d32abd7578,00001413,5319,5319,kumamoto_portal_map,2026-08-01T00:28:20+09:00,matched,portal_shelter_id,1.000,32.865742,130.740147,,,unmatched,manual_no_match,,,32.865816999557,130.74092498527,gsi_reference,reference_latitude_longitude,complete,0,0,0,0,0,0,0,0,0,0,0,0,0,0,0,0,0
ref:E4321600013111,b76fd2ae6ad6a3ffc02f,E4321600013111,E4321600013111,合志市,西合志第一小学校,熊本県合志市合生2197,西合志第一小学校,熊本県合志市合生2197,1,,,32.913938667653,130.75767285984,"[{""共通ID"": ""E4321600013111"", ""経度"": ""130.75767285984"", ""緯度"": ""32.913938667653""}]",,matched,exact_name_address,1.000,reference/43000_1.csv,17068228366013260d8a1e506e0843bc9c0736e8ec7031a9e384d0d32abd7578,00001410,3804,3804,kumamoto_portal_map,2026-08-01T00:28:20+09:00,matched,portal_shelter_id,1.000,32.914443,130.757225,,,unmatched,manual_no_match,,,32.913938667653,130.75767285984,gsi_reference,reference_latitude_longitude,complete,0,0,0,0,0,0,0,0,0,0,0,0,0,0,0,0,0
ref:E4321600048111,8eae1a9418559230e92d,E4321600048111,E4321600048111,合志市,野々島防災拠点センター,熊本県合志市野々島4855,野々島防災拠点センター,熊本県合志市野々島4855,1,,,32.90660196,130.7385212,"[{""共通ID"": ""E4321600048111"", ""経度"": ""130.7385212"", ""緯度"": ""32.90660196""}]",,matched,exact_name_address,1.000,reference/43000_1.csv,17068228366013260d8a1e506e0843bc9c0736e8ec7031a9e384d0d32abd7578,00001403,485,485,kumamoto_portal_map,2026-08-01T00:28:20+09:00,matched,portal_shelter_id,1.000,32.906752,130.738585,,,unmatched,manual_no_match,,,32.90660196,130.7385212,gsi_reference,reference_latitude_longitude,complete,0,1,1,1,1,1,0,0,0,0,0,0,0,0,0,0,0
ref:E4321600017111,8cace7569615b83d82de,E4321600017111,E4321600017111,合志市,須屋市民センター,熊本県合志市須屋1399,須屋市民センター,熊本県合志市須屋1399,1,,,32.857254198689,130.73923169838,"[{""共通ID"": ""E4321600017111"", ""経度"": ""130.73923169838"", ""緯度"": ""32.857254198689""}]",,matched,exact_name_address,1.000,reference/43000_1.csv,17068228366013260d8a1e506e0843bc9c0736e8ec7031a9e384d0d32abd7578,00001404,1716,1716,kumamoto_portal_map,2026-08-01T00:28:20+09:00,matched,portal_shelter_id,1.000,32.857287,130.739178,,,unmatched,manual_no_match,,,32.857254198689,130.73923169838,gsi_reference,reference_latitude_longitude,complete,0,1,1,1,1,1,0,0,0,0,0,0,0,0,0,0,0
ref:E4321600022111,e61e9593464e021d8384,E4321600022111,E4321600022111,合志市,黒石体育館,熊本県合志市須屋2788,黒石体育館,熊本県合志市須屋2788,,,,32.8715564068251,130.7440559202,"[{""共通ID"": ""E4321600022111"", ""経度"": ""130.7440559202"", ""緯度"": ""32.8715564068251""}]",,matched,exact_name_address,1.000,reference/43000_1.csv,17068228366013260d8a1e506e0843bc9c0736e8ec7031a9e384d0d32abd7578,00002169,137,137,kumamoto_portal_map,2026-08-01T00:28:20+09:00,matched,portal_shelter_id,1.000,32.871719100092456,130.74415655151824,,,unmatched,manual_no_match,,,32.8715564068251,130.7440559202,gsi_reference,reference_latitude_longitude,complete,0,0,0,0,0,0,0,0,0,0,0,0,0,0,0,0,0
ref:E4321600023111,c415513bdb9f3558a2e9,E4321600023111,E4321600023111,合志市,黒石防災拠点センター,熊本県合志市須屋2811-2,黒石防災拠点センター,熊本県合志市須屋2811-2,1,,,32.867108,130.748028,"[{""共通ID"": ""E4321600023111"", ""経度"": ""130.748028"", ""緯度"": ""32.867108""}]",,matched,exact_name_address,1.000,reference/43000_1.csv,17068228366013260d8a1e506e0843bc9c0736e8ec7031a9e384d0d32abd7578,00002113,449,449,kumamoto_portal_map,2026-08-01T00:28:20+09:00,matched,portal_shelter_id,1.000,32.86706676929905,130.74863433575956,,,unmatched,manual_no_match,,,32.867108,130.748028,gsi_reference,reference_latitude_longitude,complete,0,1,1,1,1,1,0,0,0,0,0,0,0,0,0,0,0
ref:E4336900021111,78e91919ed8b8ddf44dd,E4336900021111,E4336900021111,和水町,スカイドーム2000,熊本県和水町大田黒964,スカイドーム2000,熊本県和水町大田黒964,1,,,33.035836,130.614158,"[{""共通ID"": ""E4336900021111"", ""経度"": ""130.614158"", ""緯度"": ""33.035836""}]",,matched,exact_name_address,1.000,reference/43000_1.csv,17068228366013260d8a1e506e0843bc9c0736e8ec7031a9e384d0d32abd7578,00001500,1500,1500,kumamoto_portal_map,2026-08-01T00:28:20+09:00,matched,portal_shelter_id,1.000,33.03585,130.614105,,,unmatched,manual_no_match,,,33.035836,130.614158,gsi_reference,reference_latitude_longitude,complete,0,0,0,0,0,0,0,0,0,0,0,0,0,0,0,0,0
ref:E4336900026111,11302c1bcd7ce47264b8,E4336900026111,E4336900026111,和水町,三加和小学校体育館,熊本県和水町板楠1001,三加和小学校体育館,熊本県和水町板楠1001,1,,,33.06048668,130.6216734,"[{""共通ID"": ""E4336900026111"", ""経度"": ""130.6216734"", ""緯度"": ""33.06048668""}]",,matched,exact_name_address,1.000,reference/43000_1.csv,17068228366013260d8a1e506e0843bc9c0736e8ec7031a9e384d0d32abd7578,00001504,300,300,kumamoto_portal_map,2026-08-01T00:28:20+09:00,matched,portal_shelter_id,1.000,33.060458,130.621448,,,unmatched,manual_no_match,,,33.06048668,130.6216734,gsi_reference,reference_latitude_longitude,complete,0,0,0,0,0,0,0,0,0,0,0,0,0,0,0,0,0
ref:E4336900016121,86dc0f68f8af7cfab16c,E4336900016121,E4336900016121,和水町,介護老人保健施設 清風苑,熊本県和水町上板楠1697-1,介護老人保健施設 清風苑,熊本県和水町上板楠1697-1,,,要配慮者,33.0705704254751,130.61492084127,"[{""共通ID"": ""E4336900016121"", ""経度"": ""130.61492084127"", ""緯度"": ""33.0705704254751""}]",,matched,exact_name_address,1.000,reference/43000_1.csv,17068228366013260d8a1e506e0843bc9c0736e8ec7031a9e384d0d32abd7578,00000554,,,kumamoto_portal_map,2026-08-01T00:28:20+09:00,matched,portal_shelter_id,1.000,33.070613,130.614759,,,unmatched,manual_no_match,,,33.0705704254751,130.61492084127,gsi_reference,reference_latitude_longitude,complete,0,0,0,0,0,0,0,0,0,0,0,0,0,0,0,0,0
ref:E4336900029111,2a208dfcd76a62a118d1,E4336900029111,E4336900029111,和水町,和水町三加和公民館,熊本県和水町板楠76,和水町三加和公民館,熊本県和水町板楠76,1,,,33.06519,130.621719,"[{""共通ID"": ""E4336900029111"", ""経度"": ""130.621719"", ""緯度"": ""33.06519""}]",,matched,exact_name_address,1.000,reference/43000_1.csv,17068228366013260d8a1e506e0843bc9c0736e8ec7031a9e384d0d32abd7578,00001501,500,500,kumamoto_portal_map,2026-08-01T00:28:20+09:00,matched,portal_shelter_id,1.000,33.06515,130.621604,,,unmatched,manual_no_match,,,33.06519,130.621719,gsi_reference,reference_latitude_longitude,complete,0,0,0,0,0,0,0,0,0,0,0,0,0,0,0,0,0
ref:E4336900010111,8dea8f0e0b20b3493ad2,E4336900010111,E4336900010111,和水町,和水町中央公民館,熊本県和水町江田3883-1,和水町中央公民館,熊本県和水町江田3883-1,1,,,32.977123,130.605685,"[{""共通ID"": ""E4336900010111"", ""経度"": ""130.605685"", ""緯度"": ""32.977123""}]",,matched,exact_name_address,1.000,reference/43000_1.csv,17068228366013260d8a1e506e0843bc9c0736e8ec7031a9e384d0d32abd7578,00001485,300,300,kumamoto_portal_map,2026-08-01T00:28:20+09:00,matched,portal_shelter_id,1.000,32.977105,130.605685,,,unmatched,manual_no_match,,,32.977123,130.605685,gsi_reference,reference_latitude_longitude,complete,0,0,0,0,0,0,0,0,0,0,0,0,0,0,0,0,0
ref:E4336900018111,d2fa64dbf903463c602e,E4336900018111,E4336900018111,和水町,和水町体育館,熊本県和水町前原437-1,和水町体育館,熊本県和水町前原437-1,1,,,32.987041,130.612748,"[{""共通ID"": ""E4336900018111"", ""経度"": ""130.612748"", ""緯度"": ""32.987041""}]",,matched,exact_name_address,1.000,reference/43000_1.csv,17068228366013260d8a1e506e0843bc9c0736e8ec7031a9e384d0d32abd7578,00001483,850,850,kumamoto_portal_map,2026-08-01T00:28:20+09:00,matched,portal_shelter_id,1.000,32.987066,130.612687,,,unmatched,manual_no_match,,,32.987041,130.612748,gsi_reference,reference_latitude_longitude,complete,0,0,0,0,0,0,0,0,0,0,0,0,0,0,0,0,0
ref:E4336900031111,8b64c8bb0b98db32141f,E4336900031111,E4336900031111,和水町,和水町福祉センター,熊本県和水町平野1276-3,和水町福祉センター,熊本県和水町平野1276-3,1,,,33.03586,130.62274,"[{""共通ID"": ""E4336900031111"", ""経度"": ""130.62274"", ""緯度"": ""33.03586""}]",,matched,exact_name_address,1.000,reference/43000_1.csv,17068228366013260d8a1e506e0843bc9c0736e8ec7031a9e384d0d32abd7578,00001503,100,100,kumamoto_portal_map,2026-08-01T00:28:20+09:00,matched,portal_shelter_id,1.000,33.035836,130.622616,,,unmatched,manual_no_match,,,33.03586,130.62274,gsi_reference,reference_latitude_longitude,complete,0,0,0,0,0,0,0,0,0,0,0,0,0,0,0,0,0
ref:E4336900027111,0d14f36c5d30cb000d62,E4336900027111,E4336900027111,和水町,旧緑小学校体育館,熊本県和水町板楠2982,旧緑小学校体育館,熊本県和水町板楠2982,1,,,33.070449,130.62435,"[{""共通ID"": ""E4336900027111"", ""経度"": ""130.62435"", ""緯度"": ""33.070449""}]",,matched,exact_name_address,1.000,reference/43000_1.csv,17068228366013260d8a1e506e0843bc9c0736e8ec7031a9e384d0d32abd7578,00001505,500,500,kumamoto_portal_map,2026-08-01T00:28:20+09:00,matched,portal_shelter_id,1.000,33.071041,130.623467,,,unmatched,manual_no_match,,,33.070449,130.62435,gsi_reference,reference_latitude_longitude,complete,0,0,0,0,0,0,0,0,0,0,0,0,0,0,0,0,0
ref:E4336900012121,cdc246cfd12d78537f6a,E4336900012121,E4336900012121,和水町,特別養護老人ホーム きくすい荘,熊本県和水町江田4025,特別養護老人ホーム きくすい荘,熊本県和水町江田4025,,,要配慮者,32.9818204258935,130.605572556683,"[{""共通ID"": ""E4336900012121"", ""経度"": ""130.605572556683"", ""緯度"": ""32.9818204258935""}]",,matched,exact_name_address,1.000,reference/43000_1.csv,17068228366013260d8a1e506e0843bc9c0736e8ec7031a9e384d0d32abd7578,,,,,,unmatched,no_candidate,,,,,,unmatched,manual_no_match,,,32.9818204258935,130.605572556683,gsi_reference,reference_latitude_longitude,complete,0,0,0,0,0,0,0,0,0,0,0,0,0,0,0,0,0
ref:E4336900032121,c50a1d1aed3e88a93349,E4336900032121,E4336900032121,和水町,特別養護老人ホーム 和楽荘,熊本県和水町平野1300,特別養護老人ホーム 和楽荘,熊本県和水町平野1300,,,要配慮者,33.0370959596944,130.621540823214,"[{""共通ID"": ""E4336900032121"", ""経度"": ""130.621540823214"", ""緯度"": ""33.0370959596944""}]",,matched,exact_name_address,1.000,reference/43000_1.csv,17068228366013260d8a1e506e0843bc9c0736e8ec7031a9e384d0d32abd7578,00000553,,,kumamoto_portal_map,2026-08-01T00:28:20+09:00,matched,portal_shelter_id,1.000,33.037219,130.621643,,,unmatched,manual_no_match,,,33.0370959596944,130.621540823214,gsi_reference,reference_latitude_longitude,complete,0,0,0,0,0,0,0,0,0,0,0,0,0,0,0,0,0
ref:E4336900019121,8ab19d97ae5f7a4c0371,E4336900019121,E4336900019121,和水町,特定非営利法人 黎明グループホーム夢路,熊本県和水町前原90-1,特定非営利法人 黎明グループホーム夢路,熊本県和水町前原90-1,,,要配慮者,32.9907395789878,130.605206450868,"[{""共通ID"": ""E4336900019121"", ""経度"": ""130.605206450868"", ""緯度"": ""32.9907395789878""}]",,matched,exact_name_address,1.000,reference/43000_1.csv,17068228366013260d8a1e506e0843bc9c0736e8ec7031a9e384d0d32abd7578,00000555,,,kumamoto_portal_map,2026-08-01T00:28:20+09:00,matched,portal_shelter_id,1.000,32.990768,130.605209,,,unmatched,manual_no_match,,,32.9907395789878,130.605206450868,gsi_reference,reference_latitude_longitude,complete,0,0,0,0,0,0,0,0,0,0,0,0,0,0,0,0,0
ref:E4336900013111,440e64a1c6e275bfb567,E4336900013111,E4336900013111,和水町,菊水中学校体育館,熊本県和水町江田4250,菊水中学校体育館,熊本県和水町江田4250,1,,,32.979573,130.604363,"[{""共通ID"": ""E4336900013111"", ""経度"": ""130.604363"", ""緯度"": ""32.979573""}]",,matched,exact_name_address,1.000,reference/43000_1.csv,17068228366013260d8a1e506e0843bc9c0736e8ec7031a9e384d0d32abd7578,00001486,500,500,kumamoto_portal_map,2026-08-01T00:28:20+09:00,matched,portal_shelter_id,1.000,32.980061,130.60496,,,unmatched,manual_no_match,,,32.979573,130.604363,gsi_reference,reference_latitude_longitude,complete,0,0,0,0,0,0,0,0,0,0,0,0,0,0,0,0,0
ref:E4336900009111,2f4ada1540761685b062,E4336900009111,E4336900009111,和水町,菊水小学校体育館,熊本県和水町江田2891,菊水小学校体育館,熊本県和水町江田2891,1,,,32.974893,130.611073,"[{""共通ID"": ""E4336900009111"", ""経度"": ""130.611073"", ""緯度"": ""32.974893""}]",,matched,exact_name_address,1.000,reference/43000_1.csv,17068228366013260d8a1e506e0843bc9c0736e8ec7031a9e384d0d32abd7578,00001487,450,450,kumamoto_portal_map,2026-08-01T00:28:20+09:00,matched,portal_shelter_id,1.000,32.975408,130.610512,,,unmatched,manual_no_match,,,32.974893,130.611073,gsi_reference,reference_latitude_longitude,complete,0,0,0,0,0,0,0,0,0,0,0,0,0,0,0,0,0
ref:E4344200006111,bc98b398d95cb853c785,E4344200006111,E4344200006111,嘉島町,嘉島中学校,熊本県嘉島町上島887,嘉島中学校,熊本県嘉島町上島887,1,,,32.742617069389,130.7572277668,"[{""共通ID"": ""E4344200006111"", ""経度"": ""130.7572277668"", ""緯度"": ""32.742617069389""}]",,matched,exact_name_address,1.000,reference/43000_1.csv,17068228366013260d8a1e506e0843bc9c0736e8ec7031a9e384d0d32abd7578,00001731,2000,2000,kumamoto_portal_map,2026-08-01T00:28:20+09:00,matched,portal_shelter_id,1.000,32.742598,130.757106,,,unmatched,manual_no_match,,,32.742617069389,130.7572277668,gsi_reference,reference_latitude_longitude,complete,0,1,0,0,0,0,0,0,0,0,0,0,0,0,0,0,0
ref:E4344200008112,0f967e734e7b1ca0c47a,E4344200008112,E4344200008112,嘉島町,嘉島東小学校,熊本県嘉島町上六嘉2063,嘉島東小学校,熊本県嘉島町上六嘉2063,1,,,32.749028168018,130.76747374787,"[{""共通ID"": ""E4344200008112"", ""経度"": ""130.76747374787"", ""緯度"": ""32.749028168018""}]",,matched,exact_name_address,1.000,reference/43000_1.csv,17068228366013260d8a1e506e0843bc9c0736e8ec7031a9e384d0d32abd7578,00001732,2000,2000,kumamoto_portal_map,2026-08-01T00:28:20+09:00,matched,portal_shelter_id,1.000,32.749058,130.7675,,,unmatched,manual_no_match,,,32.749028168018,130.76747374787,gsi_reference,reference_latitude_longitude,complete,0,0,0,0,0,0,0,0,0,0,0,0,0,0,0,0,0
ref:E4344200008111,10e2e86a07fb2f31b1a1,E4344200008111,E4344200008111,嘉島町,嘉島町ふれあいセンター,熊本県嘉島町上六嘉2063,嘉島町ふれあいセンター,熊本県嘉島町上六嘉2063,1,,,32.748365673978,130.76704093818,"[{""共通ID"": ""E4344200008111"", ""経度"": ""130.76704093818"", ""緯度"": ""32.748365673978""}]",,matched,exact_name_address,1.000,reference/43000_1.csv,17068228366013260d8a1e506e0843bc9c0736e8ec7031a9e384d0d32abd7578,00001733,50,50,kumamoto_portal_map,2026-08-01T00:28:20+09:00,matched,portal_shelter_id,1.000,32.749058,130.7675,,,unmatched,manual_no_match,,,32.748365673978,130.76704093818,gsi_reference,reference_latitude_longitude,complete,0,0,0,0,0,0,0,0,0,0,0,0,0,0,0,0,0
refgroup:9cb2433b7c891bf50016,b10347ce5315cf2a88b5,E4344200004112,E4344200004112;E4344200004121,嘉島町,嘉島町保健センター,上益城郡嘉島町上島545,嘉島町保健センター,熊本県嘉島町上島545,1,,要配慮者,32.739824880234,130.75839994646,"[{""共通ID"": ""E4344200004112"", ""経度"": ""130.75839994646"", ""緯度"": ""32.739824880234""}, {""共通ID"": ""E4344200004121"", ""経度"": ""130.75839994646"", ""緯度"": ""32.739824880234""}]",,matched_multiple,exact_name_municipality_same_address,0.990,reference/43000_1.csv,17068228366013260d8a1e506e0843bc9c0736e8ec7031a9e384d0d32abd7578,00001729,180,180,kumamoto_portal_map,2026-08-01T00:28:20+09:00,matched,portal_shelter_id,1.000,32.74009,130.758587,,,unmatched,manual_no_match,,,32.739824880234,130.75839994646,gsi_reference,reference_latitude_longitude,complete,0,1,1,1,1,1,1,1,1,1,1,1,1,1,1,1,1
ref:E4344200011111,ff2acd96f15be05caa2c,E4344200011111,E4344200011111,嘉島町,嘉島町公民館近隣公園分館,熊本県嘉島町鯰2820,嘉島町公民館近隣公園分館,熊本県嘉島町鯰2820,1,,,32.743946957532,130.74298288705,"[{""共通ID"": ""E4344200011111"", ""経度"": ""130.74298288705"", ""緯度"": ""32.743946957532""}]",,matched,exact_name_address,1.000,reference/43000_1.csv,17068228366013260d8a1e506e0843bc9c0736e8ec7031a9e384d0d32abd7578,00001736,100,100,kumamoto_portal_map,2026-08-01T00:28:20+09:00,matched,portal_shelter_id,1.000,32.744197,130.742782,,,unmatched,manual_no_match,,,32.743946957532,130.74298288705,gsi_reference,reference_latitude_longitude,complete,0,0,0,0,0,0,0,0,0,0,0,0,0,0,0,0,0
ref:E4344200005111,9a54b0e1e1bfdab2aecc,E4344200005111,E4344200005111,嘉島町,嘉島町子育て支援センター,熊本県嘉島町上島551,嘉島町子育て支援センター,熊本県嘉島町上島551,1,,,32.740791922933,130.75846158293,"[{""共通ID"": ""E4344200005111"", ""経度"": ""130.75846158293"", ""緯度"": ""32.740791922933""}]",,matched,exact_name_address,1.000,reference/43000_1.csv,17068228366013260d8a1e506e0843bc9c0736e8ec7031a9e384d0d32abd7578,00001730,150,150,kumamoto_portal_map,2026-08-01T00:28:20+09:00,matched,portal_shelter_id,1.000,32.740801,130.758417,,,unmatched,manual_no_match,,,32.740791922933,130.75846158293,gsi_reference,reference_latitude_longitude,complete,0,0,0,0,0,0,0,0,0,0,0,0,0,0,0,0,0
ref:E4344200009111,7d8c342a7c5ce498a6e0,E4344200009111,E4344200009111,嘉島町,嘉島町文化センター,熊本県嘉島町上六嘉917,嘉島町文化センター,熊本県嘉島町上六嘉917,1,,,32.735488299077,130.76412062755,"[{""共通ID"": ""E4344200009111"", ""経度"": ""130.76412062755"", ""緯度"": ""32.735488299077""}]",,matched,exact_name_address,1.000,reference/43000_1.csv,17068228366013260d8a1e506e0843bc9c0736e8ec7031a9e384d0d32abd7578,00001734,200,200,kumamoto_portal_map,2026-08-01T00:28:20+09:00,matched,portal_shelter_id,1.000,32.735496,130.76412,,,unmatched,manual_no_match,,,32.735488299077,130.76412062755,gsi_reference,reference_latitude_longitude,complete,0,0,0,0,0,0,0,0,0,0,0,0,0,0,0,0,0
ref:E4344200004111,123a27a71e0cd38e0377,E4344200004111,E4344200004111,嘉島町,嘉島町民会館,上益城郡嘉島町上島545,嘉島町民会館,熊本県嘉島町上島545,1,,,32.740033204743,130.75851798256,"[{""共通ID"": ""E4344200004111"", ""経度"": ""130.75851798256"", ""緯度"": ""32.740033204743""}]",,matched,exact_name_municipality,0.990,reference/43000_1.csv,17068228366013260d8a1e506e0843bc9c0736e8ec7031a9e384d0d32abd7578,00001728,1700,1700,kumamoto_portal_map,2026-08-01T00:28:20+09:00,matched,portal_shelter_id,1.000,32.74009,130.758587,,,unmatched,manual_no_match,,,32.740033204743,130.75851798256,gsi_reference,reference_latitude_longitude,complete,0,1,1,1,1,1,1,1,1,1,1,1,1,1,1,1,1
ref:E4344200007111,352cd21ccd25645a9cea,E4344200007111,E4344200007111,嘉島町,嘉島町民体育館,熊本県嘉島町上島926,嘉島町民体育館,熊本県嘉島町上島926,1,,,32.741350754362,130.75621664723,"[{""共通ID"": ""E4344200007111"", ""経度"": ""130.75621664723"", ""緯度"": ""32.741350754362""}]",,matched,exact_name_address,1.000,reference/43000_1.csv,17068228366013260d8a1e506e0843bc9c0736e8ec7031a9e384d0d32abd7578,00001727,1000,1000,kumamoto_portal_map,2026-08-01T00:28:20+09:00,matched,portal_shelter_id,1.000,32.741656,130.756243,,,unmatched,manual_no_match,,,32.741350754362,130.75621664723,gsi_reference,reference_latitude_longitude,complete,0,0,0,0,0,0,0,0,0,0,0,0,0,0,0,0,0
ref:E4344200003111,016570ada991bb14e139,E4344200003111,E4344200003111,嘉島町,嘉島西小学校,熊本県嘉島町上島1919-2,嘉島西小学校,熊本県嘉島町上島1919-2,1,,,32.742831808751,130.74180446453,"[{""共通ID"": ""E4344200003111"", ""経度"": ""130.74180446453"", ""緯度"": ""32.742831808751""}]",,matched,exact_name_address,1.000,reference/43000_1.csv,17068228366013260d8a1e506e0843bc9c0736e8ec7031a9e384d0d32abd7578,00001735,2000,2000,kumamoto_portal_map,2026-08-01T00:28:20+09:00,matched,portal_shelter_id,1.000,32.742817,130.74161,,,unmatched,manual_no_match,,,32.742831808751,130.74180446453,gsi_reference,reference_latitude_longitude,complete,0,0,0,0,0,0,0,0,0,0,0,0,0,0,0,0,0
ref:E4350500005111,c09725abb0cc36b1672f,E4350500005111,E4350500005111,多良木町,ふれあい交流センターえびすの湯,熊本県多良木町大字多良木1561,ふれあい交流センターえびすの湯,熊本県多良木町大字多良木1561,,,,32.2634257544356,130.933323433767,"[{""共通ID"": ""E4350500005111"", ""経度"": ""130.933323433767"", ""緯度"": ""32.2634257544356""}]",,matched,exact_name_address,1.000,reference/43000_1.csv,17068228366013260d8a1e506e0843bc9c0736e8ec7031a9e384d0d32abd7578,,,,,,unmatched,no_candidate,,,,,,unmatched,manual_no_match,,,32.2634257544356,130.933323433767,gsi_reference,reference_latitude_longitude,complete,0,0,0,0,0,0,0,0,0,0,0,0,0,0,0,0,0
ref:E4350500001111,2d5161363c43a0d6e214,E4350500001111,E4350500001111,多良木町,久米小学校体育館,熊本県多良木町大字久米128,久米小学校体育館,熊本県多良木町大字久米128,,,,32.2481441558177,130.959244241754,"[{""共通ID"": ""E4350500001111"", ""経度"": ""130.959244241754"", ""緯度"": ""32.2481441558177""}]",,matched,exact_name_address,1.000,reference/43000_1.csv,17068228366013260d8a1e506e0843bc9c0736e8ec7031a9e384d0d32abd7578,00002257,,0,kumamoto_portal_map,2026-08-01T00:28:20+09:00,matched,portal_shelter_id,1.000,32.24890901853237,130.95968577777967,,,unmatched,manual_no_match,,,32.2481441558177,130.959244241754,gsi_reference,reference_latitude_longitude,complete,0,0,0,0,0,0,0,0,0,0,0,0,0,0,0,0,0
ref:E4350500010111,edeac07f8fa79db90f05,E4350500010111,E4350500010111,多良木町,多良木小学校体育館,熊本県多良木町大字多良木876,多良木小学校体育館,熊本県多良木町大字多良木876,1,,,32.26269614,130.9399558,"[{""共通ID"": ""E4350500010111"", ""経度"": ""130.9399558"", ""緯度"": ""32.26269614""}]",,matched,exact_name_address,1.000,reference/43000_1.csv,17068228366013260d8a1e506e0843bc9c0736e8ec7031a9e384d0d32abd7578,00000637,544,544,kumamoto_portal_map,2026-08-01T00:28:20+09:00,matched,portal_shelter_id,1.000,32.262309,130.940472,,,unmatched,manual_no_match,,,32.26269614,130.9399558,gsi_reference,reference_latitude_longitude,complete,0,0,0,0,0,0,0,0,0,0,0,0,0,0,0,0,0
ref:E4350500006111,2f654452b1419b37ef3c,E4350500006111,E4350500006111,多良木町,多良木町多目的研修センター,熊本県多良木町大字多良木1586,多良木町多目的研修センター,熊本県多良木町大字多良木1586,,,,32.26439818,130.9363116,"[{""共通ID"": ""E4350500006111"", ""経度"": ""130.9363116"", ""緯度"": ""32.26439818""}]",,matched,exact_name_address,1.000,reference/43000_1.csv,17068228366013260d8a1e506e0843bc9c0736e8ec7031a9e384d0d32abd7578,00000633,331,331,kumamoto_portal_map,2026-08-01T00:28:20+09:00,matched,portal_shelter_id,1.000,32.264544,130.936661,,,unmatched,manual_no_match,,,32.26439818,130.9363116,gsi_reference,reference_latitude_longitude,complete,0,0,0,0,0,0,0,0,0,0,0,0,0,0,0,0,0
ref:E4350500007111,70d0cc667d275abc7176,E4350500007111,E4350500007111,多良木町,多良木町役場内休憩室,熊本県多良木町大字多良木1648,多良木町役場内休憩室,熊本県多良木町大字多良木1648,,,,32.26402831,130.9357413,"[{""共通ID"": ""E4350500007111"", ""経度"": ""130.9357413"", ""緯度"": ""32.26402831""}]",,matched,exact_name_address,1.000,reference/43000_1.csv,17068228366013260d8a1e506e0843bc9c0736e8ec7031a9e384d0d32abd7578,00000632,43,43,kumamoto_portal_map,2026-08-01T00:28:20+09:00,matched,portal_shelter_id,1.000,32.264392,130.936336,,,unmatched,manual_no_match,,,32.26402831,130.9357413,gsi_reference,reference_latitude_longitude,complete,0,1,1,0,0,0,0,0,0,0,0,0,0,0,0,0,0
ref:E4350500004111,611a2257dbac5a278709,E4350500004111,E4350500004111,多良木町,多良木町武道館,熊本県多良木町大字多良木1471-1,多良木町武道館,熊本県多良木町大字多良木1471-1,,,,32.26136699,130.9317521,"[{""共通ID"": ""E4350500004111"", ""経度"": ""130.9317521"", ""緯度"": ""32.26136699""}]",,matched,exact_name_address,1.000,reference/43000_1.csv,17068228366013260d8a1e506e0843bc9c0736e8ec7031a9e384d0d32abd7578,00000635,322,322,kumamoto_portal_map,2026-08-01T00:28:20+09:00,matched,portal_shelter_id,1.000,32.260684,130.93397,,,unmatched,manual_no_match,,,32.26136699,130.9317521,gsi_reference,reference_latitude_longitude,complete,0,0,0,0,0,0,0,0,0,0,0,0,0,0,0,0,0
ref:E4350500003111,c79629b2cf4f2ca4507b,E4350500003111,E4350500003111,多良木町,多良木町民体育館,熊本県多良木町大字多良木1467-3,多良木町民体育館,熊本県多良木町大字多良木1467-3,,,,32.26091682,130.9323076,"[{""共通ID"": ""E4350500003111"", ""経度"": ""130.9323076"", ""緯度"": ""32.26091682""}]",,matched,exact_name_address,1.000,reference/43000_1.csv,17068228366013260d8a1e506e0843bc9c0736e8ec7031a9e384d0d32abd7578,00000636,799,799,kumamoto_portal_map,2026-08-01T00:28:20+09:00,matched,portal_shelter_id,1.000,32.26095,130.932395,,,unmatched,manual_no_match,,,32.26091682,130.9323076,gsi_reference,reference_latitude_longitude,complete,0,0,0,0,0,0,0,0,0,0,0,0,0,0,0,0,0
ref:E4350500002111,83f0f28c86301f5d978e,E4350500002111,E4350500002111,多良木町,黒肥地小学校体育館,熊本県多良木町大字黒肥地1629,黒肥地小学校体育館,熊本県多良木町大字黒肥地1629,1,,,32.27549056,130.9418756,"[{""共通ID"": ""E4350500002111"", ""経度"": ""130.9418756"", ""緯度"": ""32.27549056""}]",,matched,exact_name_address,1.000,reference/43000_1.csv,17068228366013260d8a1e506e0843bc9c0736e8ec7031a9e384d0d32abd7578,00000638,315,315,kumamoto_portal_map,2026-08-01T00:28:20+09:00,matched,portal_shelter_id,1.000,32.275841,130.942119,,,unmatched,manual_no_match,,,32.27549056,130.9418756,gsi_reference,reference_latitude_longitude,complete,0,0,0,0,0,0,0,0,0,0,0,0,0,0,0,0,0
ref:E4340300023111,bf4704ff1bb1dde706aa,E4340300023111,E4340300023111,大津町,オークスプラザ,熊本県大津町大字大津1220-1,オークスプラザ,熊本県大津町大字大津1220-1,,,,32.878286497385,130.86801641668,"[{""共通ID"": ""E4340300023111"", ""経度"": ""130.86801641668"", ""緯度"": ""32.878286497385""}]",,matched,exact_name_address,1.000,reference/43000_1.csv,17068228366013260d8a1e506e0843bc9c0736e8ec7031a9e384d0d32abd7578,00001518,218,218,kumamoto_portal_map,2026-08-01T00:28:20+09:00,matched,portal_shelter_id,1.000,32.878279,130.868084,,,unmatched,manual_no_match,,,32.878286497385,130.86801641668,gsi_reference,reference_latitude_longitude,complete,0,1,1,1,1,1,1,0,0,0,0,0,0,0,0,0,0
ref:E4340300015121,2ecef671d59b96b4fd5e,E4340300015121,E4340300015121,大津町,介護老人保健施設 おおつかの郷,熊本県大津町大字陣内1165,介護老人保健施設 おおつかの郷,熊本県大津町大字陣内1165,,,要配慮者,32.862885137209,130.87321474654,"[{""共通ID"": ""E4340300015121"", ""経度"": ""130.87321474654"", ""緯度"": ""32.862885137209""}]",町が特定した者,matched,exact_name_address,1.000,reference/43000_1.csv,17068228366013260d8a1e506e0843bc9c0736e8ec7031a9e384d0d32abd7578,00000558,,,kumamoto_portal_map,2026-08-01T00:28:20+09:00,matched,portal_shelter_id,1.000,32.862972,130.873184,,,unmatched,manual_no_match,,,32.862885137209,130.87321474654,gsi_reference,reference_latitude_longitude,complete,0,0,0,0,0,0,0,0,0,0,0,0,0,0,0,0,0
ref:E4340300027121,4545cb6960453379210f,E4340300027121,E4340300027121,大津町,介護老人福祉施設つつじ山荘,熊本県大津町大字大津2061,介護老人福祉施設つつじ山荘,熊本県大津町大字大津2061,,,要配慮者,32.882052723494,130.8762191463,"[{""共通ID"": ""E4340300027121"", ""経度"": ""130.8762191463"", ""緯度"": ""32.882052723494""}]",町が特定した者,matched,exact_name_address,1.000,reference/43000_1.csv,17068228366013260d8a1e506e0843bc9c0736e8ec7031a9e384d0d32abd7578,00000560,,,kumamoto_portal_map,2026-08-01T00:28:20+09:00,matched,portal_shelter_id,1.000,32.882081,130.87615,,,unmatched,manual_no_match,,,32.882052723494,130.8762191463,gsi_reference,reference_latitude_longitude,complete,0,0,0,0,0,0,0,0,0,0,0,0,0,0,0,0,0
ref:E4340300011111,95889f08f03f1877037a,E4340300011111,E4340300011111,大津町,大津地区公民館分館,熊本県大津町大字室2042-35,大津地区公民館分館,熊本県大津町大字室2042-35,1,,,32.881112,130.863529,"[{""共通ID"": ""E4340300011111"", ""経度"": ""130.863529"", ""緯度"": ""32.881112""}]",,matched,exact_name_address,1.000,reference/43000_1.csv,17068228366013260d8a1e506e0843bc9c0736e8ec7031a9e384d0d32abd7578,00001536,2302,2302,kumamoto_portal_map,2026-08-01T00:28:20+09:00,matched,portal_shelter_id,1.000,32.879209,130.866448,,,unmatched,manual_no_match,,,32.881112,130.863529,gsi_reference,reference_latitude_longitude,complete,0,0,0,0,0,0,0,0,0,0,0,0,0,0,0,0,0
ref:E4340300022111,4b5fa9b6c18e4f44f4a9,E4340300022111,E4340300022111,大津町,大津町まちづくり交流センター,熊本県大津町大字大津1189-2,大津町まちづくり交流センター,熊本県大津町大字大津1189-2,1,,,32.879248079979,130.86936194473,"[{""共通ID"": ""E4340300022111"", ""経度"": ""130.86936194473"", ""緯度"": ""32.879248079979""}]",,matched,exact_name_address,1.000,reference/43000_1.csv,17068228366013260d8a1e506e0843bc9c0736e8ec7031a9e384d0d32abd7578,00001540,290,290,kumamoto_portal_map,2026-08-01T00:28:20+09:00,matched,portal_shelter_id,1.000,32.879337,130.86934,,,unmatched,manual_no_match,,,32.879248079979,130.86936194473,gsi_reference,reference_latitude_longitude,complete,0,0,0,0,0,0,0,0,0,0,0,0,0,0,0,0,0
ref:E4340300019111,8261ce2f5467089d9878,E4340300019111,E4340300019111,大津町,大津町人権啓発福祉センター,熊本県大津町大字杉水932-3,大津町人権啓発福祉センター,熊本県大津町大字杉水932-3,1,,,32.898016,130.844161,"[{""共通ID"": ""E4340300019111"", ""経度"": ""130.844161"", ""緯度"": ""32.898016""}]",,matched,exact_name_address,1.000,reference/43000_1.csv,17068228366013260d8a1e506e0843bc9c0736e8ec7031a9e384d0d32abd7578,00001522,2109,2109,kumamoto_portal_map,2026-08-01T00:28:20+09:00,matched,portal_shelter_id,1.000,32.898093,130.844033,,,unmatched,manual_no_match,,,32.898016,130.844161,gsi_reference,reference_latitude_longitude,complete,0,0,0,0,0,0,0,0,0,0,0,0,0,0,0,0,0
ref:E4340300002111,c89eeecb99ecf7f19a06,E4340300002111,E4340300002111,大津町,大津町生涯学習センター,熊本県大津町大字引水62,大津町生涯学習センター,熊本県大津町大字引水62,1,,,32.875962,130.875769,"[{""共通ID"": ""E4340300002111"", ""経度"": ""130.875769"", ""緯度"": ""32.875962""}]",,matched,exact_name_address,1.000,reference/43000_1.csv,17068228366013260d8a1e506e0843bc9c0736e8ec7031a9e384d0d32abd7578,00001516,5796,5796,kumamoto_portal_map,2026-08-01T00:28:20+09:00,matched,portal_shelter_id,1.000,32.876021,130.875861,,,unmatched,manual_no_match,,,32.875962,130.875769,gsi_reference,reference_latitude_longitude,complete,0,0,0,0,0,0,0,0,0,0,0,0,0,0,0,0,0
ref:E4340300034111,4815c5032706b43621b6,E4340300034111,E4340300034111,大津町,大津町矢護川コミュニティセンター,熊本県大津町大字矢護川476,大津町矢護川コミュニティセンター,熊本県大津町大字矢護川476,1,,,32.917455,130.881464,"[{""共通ID"": ""E4340300034111"", ""経度"": ""130.881464"", ""緯度"": ""32.917455""}]",,matched,exact_name_address,1.000,reference/43000_1.csv,17068228366013260d8a1e506e0843bc9c0736e8ec7031a9e384d0d32abd7578,00001521,3775,3775,kumamoto_portal_map,2026-08-01T00:28:20+09:00,matched,portal_shelter_id,1.000,32.917541,130.881473,,,unmatched,manual_no_match,,,32.917455,130.881464,gsi_reference,reference_latitude_longitude,complete,0,1,1,1,1,1,1,0,0,0,0,0,0,0,0,0,0
ref:E4340300024111,462f609740e9b94f1377,E4340300024111,E4340300024111,大津町,大津町立大津中学校,熊本県大津町大字大津1270,大津町立大津中学校,熊本県大津町大字大津1270,1,,,32.874155209215,130.87021062191,"[{""共通ID"": ""E4340300024111"", ""経度"": ""130.87021062191"", ""緯度"": ""32.874155209215""}]",,matched,exact_name_address,1.000,reference/43000_1.csv,17068228366013260d8a1e506e0843bc9c0736e8ec7031a9e384d0d32abd7578,00001531,10754,10754,kumamoto_portal_map,2026-08-01T00:28:20+09:00,matched,portal_shelter_id,1.000,32.873693,130.869126,,,unmatched,manual_no_match,,,32.874155209215,130.87021062191,gsi_reference,reference_latitude_longitude,complete,0,0,0,0,0,0,0,0,0,0,0,0,0,0,0,0,0
ref:E4340300029111,0c1596e0079eb788c78c,E4340300029111,E4340300029111,大津町,大津町立大津北中学校,熊本県大津町大字大津310,大津町立大津北中学校,熊本県大津町大字大津310,1,,,32.889934135139,130.86820616139,"[{""共通ID"": ""E4340300029111"", ""経度"": ""130.86820616139"", ""緯度"": ""32.889934135139""}]",,matched,exact_name_address,1.000,reference/43000_1.csv,17068228366013260d8a1e506e0843bc9c0736e8ec7031a9e384d0d32abd7578,00001532,10361,10361,kumamoto_portal_map,2026-08-01T00:28:20+09:00,matched,portal_shelter_id,1.000,32.889477,130.868456,,,unmatched,manual_no_match,,,32.889934135139,130.86820616139,gsi_reference,reference_latitude_longitude,complete,0,0,0,0,0,0,0,0,0,0,0,0,0,0,0,0,0
ref:E4340300032111,e5529d8cafb359df6d35,E4340300032111,E4340300032111,大津町,大津町立大津北小学校,熊本県大津町大字平川2261,大津町立大津北小学校,熊本県大津町大字平川2261,1,,,32.905726557019,130.88373773016,"[{""共通ID"": ""E4340300032111"", ""経度"": ""130.88373773016"", ""緯度"": ""32.905726557019""}]",,matched,exact_name_address,1.000,reference/43000_1.csv,17068228366013260d8a1e506e0843bc9c0736e8ec7031a9e384d0d32abd7578,00001528,3926,3926,kumamoto_portal_map,2026-08-01T00:28:20+09:00,matched,portal_shelter_id,1.000,32.905737,130.882329,,,unmatched,manual_no_match,,,32.905726557019,130.88373773016,gsi_reference,reference_latitude_longitude,complete,0,0,0,0,0,0,0,0,0,0,0,0,0,0,0,0,0
ref:E4340300016111,3a2ac996201de1055f19,E4340300016111,E4340300016111,大津町,大津町立大津南小学校,熊本県大津町大字陣内1582,大津町立大津南小学校,熊本県大津町大字陣内1582,1,,,32.860151723375,130.87072412296,"[{""共通ID"": ""E4340300016111"", ""経度"": ""130.87072412296"", ""緯度"": ""32.860151723375""}]",,matched,exact_name_address,1.000,reference/43000_1.csv,17068228366013260d8a1e506e0843bc9c0736e8ec7031a9e384d0d32abd7578,00001525,5668,5668,kumamoto_portal_map,2026-08-01T00:28:20+09:00,matched,portal_shelter_id,1.000,32.859519,130.870623,,,unmatched,manual_no_match,,,32.860151723375,130.87072412296,gsi_reference,reference_latitude_longitude,complete,0,0,0,0,0,0,0,0,0,0,0,0,0,0,0,0,0
ref:E4340300001111,1f20d0c22bfd890ec2a3,E4340300001111,E4340300001111,大津町,大津町立大津小学校,熊本県大津町大字引水210,大津町立大津小学校,熊本県大津町大字引水210,1,,,32.876722,130.879102,"[{""共通ID"": ""E4340300001111"", ""経度"": ""130.879102"", ""緯度"": ""32.876722""}]",,matched,exact_name_address,1.000,reference/43000_1.csv,17068228366013260d8a1e506e0843bc9c0736e8ec7031a9e384d0d32abd7578,00001526,6274,6274,kumamoto_portal_map,2026-08-01T00:28:20+09:00,matched,portal_shelter_id,1.000,32.877024,130.879902,,,unmatched,manual_no_match,,,32.876722,130.879102,gsi_reference,reference_latitude_longitude,complete,0,0,0,0,0,0,0,0,0,0,0,0,0,0,0,0,0
ref:E4340300030111,c9bcea60708d9e613bea,E4340300030111,E4340300030111,大津町,大津町立大津東小学校,熊本県大津町大字大林44,大津町立大津東小学校,熊本県大津町大字大林44,1,,,32.866395914104,130.91798294069,"[{""共通ID"": ""E4340300030111"", ""経度"": ""130.91798294069"", ""緯度"": ""32.866395914104""}]",,matched,exact_name_address,1.000,reference/43000_1.csv,17068228366013260d8a1e506e0843bc9c0736e8ec7031a9e384d0d32abd7578,00001524,3984,3984,kumamoto_portal_map,2026-08-01T00:28:20+09:00,matched,portal_shelter_id,1.000,32.866556,130.917069,,,unmatched,manual_no_match,,,32.866395914104,130.91798294069,gsi_reference,reference_latitude_longitude,complete,0,0,0,0,0,0,0,0,0,0,0,0,0,0,0,0,0
ref:E4340300010111,2363e32635e3f437465d,E4340300010111,E4340300010111,大津町,大津町立室小学校,熊本県大津町大字室1825,大津町立室小学校,熊本県大津町大字室1825,1,,,32.884586943614,130.858847393,"[{""共通ID"": ""E4340300010111"", ""経度"": ""130.858847393"", ""緯度"": ""32.884586943614""}]",,matched,exact_name_address,1.000,reference/43000_1.csv,17068228366013260d8a1e506e0843bc9c0736e8ec7031a9e384d0d32abd7578,00001527,6888,6888,kumamoto_portal_map,2026-08-01T00:28:20+09:00,matched,portal_shelter_id,1.000,32.879209,130.866448,,,unmatched,manual_no_match,,,32.884586943614,130.858847393,gsi_reference,reference_latitude_longitude,complete,0,0,0,0,0,0,0,0,0,0,0,0,0,0,0,0,0
ref:E4340300035111,805caeb1683171493edd,E4340300035111,E4340300035111,大津町,大津町立美咲野小学校,熊本県大津町美咲野2-1733-1,大津町立美咲野小学校,熊本県大津町美咲野2-1733-1,1,,,32.885029332594,130.88649073444,"[{""共通ID"": ""E4340300035111"", ""経度"": ""130.88649073444"", ""緯度"": ""32.885029332594""}]",,matched,exact_name_address,1.000,reference/43000_1.csv,17068228366013260d8a1e506e0843bc9c0736e8ec7031a9e384d0d32abd7578,00001537,6425,6425,kumamoto_portal_map,2026-08-01T00:28:20+09:00,matched,portal_shelter_id,1.000,32.885057,130.886199,,,unmatched,manual_no_match,,,32.885029332594,130.88649073444,gsi_reference,reference_latitude_longitude,complete,0,0,0,0,0,0,0,0,0,0,0,0,0,0,0,0,0
ref:E4340300018111,f9326945186f9185a934,E4340300018111,E4340300018111,大津町,大津町立護川小学校,熊本県大津町大字杉水3092,大津町立護川小学校,熊本県大津町大字杉水3092,1,,,32.910124312362,130.85028366563,"[{""共通ID"": ""E4340300018111"", ""経度"": ""130.85028366563"", ""緯度"": ""32.910124312362""}]",,matched,exact_name_address,1.000,reference/43000_1.csv,17068228366013260d8a1e506e0843bc9c0736e8ec7031a9e384d0d32abd7578,00001529,4495,4495,kumamoto_portal_map,2026-08-01T00:28:20+09:00,matched,portal_shelter_id,1.000,32.910025,130.850176,,,unmatched,manual_no_match,,,32.910124312362,130.85028366563,gsi_reference,reference_latitude_longitude,complete,0,0,0,0,0,0,0,0,0,0,0,0,0,0,0,0,0
refgroup:7dcf0347b5c0d5a77477,af72cf4344a724928c17,E4340300007111,E4340300007111;E4340300007121,大津町,大津町老人福祉センター,熊本県大津町大字室151-1,大津町老人福祉センター,熊本県大津町大字室151-1,1,,要配慮者,32.878498164716,130.86720596725,"[{""共通ID"": ""E4340300007111"", ""経度"": ""130.86720596725"", ""緯度"": ""32.878498164716""}, {""共通ID"": ""E4340300007121"", ""経度"": ""130.867204"", ""緯度"": ""32.878502""}]",町が特定した者,matched_multiple,exact_name_address,1.000,reference/43000_1.csv,17068228366013260d8a1e506e0843bc9c0736e8ec7031a9e384d0d32abd7578,00001535,604,604,kumamoto_portal_map,2026-08-01T00:28:20+09:00,matched,portal_shelter_id,1.000,32.87846989880381,130.86720943450928,,,unmatched,manual_no_match,,,32.878498164716,130.86720596725,gsi_reference,reference_latitude_longitude,complete,0,0,0,0,0,0,0,0,0,0,0,0,0,0,0,0,0
ref:E4340300031112,091b2195bfc3bf3f063c,E4340300031112,E4340300031112,大津町,大津町菊阿体育館,熊本県大津町大字大林802-2,大津町菊阿体育館,熊本県大津町大字大林802-2,1,,,32.870201052236,130.91200585614,"[{""共通ID"": ""E4340300031112"", ""経度"": ""130.91200585614"", ""緯度"": ""32.870201052236""}]",,matched,exact_name_address,1.000,reference/43000_1.csv,17068228366013260d8a1e506e0843bc9c0736e8ec7031a9e384d0d32abd7578,00001530,4917,4917,kumamoto_portal_map,2026-08-01T00:28:20+09:00,matched,portal_shelter_id,1.000,32.870189,130.912036,,,unmatched,manual_no_match,,,32.870201052236,130.91200585614,gsi_reference,reference_latitude_longitude,complete,0,0,0,0,0,0,0,0,0,0,0,0,0,0,0,0,0
ref:E4340300012111,dac686bf914c183a27b4,E4340300012111,E4340300012111,大津町,大津町運動公園,熊本県大津町大字森1000,大津町運動公園,熊本県大津町大字森1000,1,,,32.87485945178,130.89710342716,"[{""共通ID"": ""E4340300012111"", ""経度"": ""130.89710342716"", ""緯度"": ""32.87485945178""}]",,matched,exact_name_address,1.000,reference/43000_1.csv,17068228366013260d8a1e506e0843bc9c0736e8ec7031a9e384d0d32abd7578,00001534,40711,40711,kumamoto_portal_map,2026-08-01T00:28:20+09:00,matched,portal_shelter_id,1.000,32.874794,130.896645,,,unmatched,manual_no_match,,,32.87485945178,130.89710342716,gsi_reference,reference_latitude_longitude,complete,0,1,1,1,1,1,1,0,0,0,0,0,0,0,0,0,0
ref:E4340300014111,1cccc906bc51f939facb,E4340300014111,E4340300014111,大津町,大津町野外活動等研修センター,熊本県大津町大字真木136,大津町野外活動等研修センター,熊本県大津町大字真木136,1,,,32.913567,130.921028,"[{""共通ID"": ""E4340300014111"", ""経度"": ""130.921028"", ""緯度"": ""32.913567""}]",,matched,exact_name_address,1.000,reference/43000_1.csv,17068228366013260d8a1e506e0843bc9c0736e8ec7031a9e384d0d32abd7578,00001520,2662,2662,kumamoto_portal_map,2026-08-01T00:28:20+09:00,matched,portal_shelter_id,1.000,32.913559,130.921081,,,unmatched,manual_no_match,,,32.913567,130.921028,gsi_reference,reference_latitude_longitude,complete,0,0,0,0,0,0,0,0,0,0,0,0,0,0,0,0,0
ref:E4340300020111,672dc098935137a7d969,E4340300020111,E4340300020111,大津町,子育て健診センター,熊本県大津町大字大津1156-3,子育て健診センター,熊本県大津町大字大津1156-3,1,,,32.876698,130.870762,"[{""共通ID"": ""E4340300020111"", ""経度"": ""130.870762"", ""緯度"": ""32.876698""}]",,matched,exact_name_address,1.000,reference/43000_1.csv,17068228366013260d8a1e506e0843bc9c0736e8ec7031a9e384d0d32abd7578,00001539,150,150,kumamoto_portal_map,2026-08-01T00:28:20+09:00,matched,portal_shelter_id,1.000,32.876698,130.870792,,,unmatched,manual_no_match,,,32.876698,130.870762,gsi_reference,reference_latitude_longitude,complete,0,0,0,0,0,0,0,0,0,0,0,0,0,0,0,0,0
ref:E4340300021121,5a526d8d2754ff425475,E4340300021121,E4340300021121,大津町,小規模多機能型居宅介護おおづセンターホーム,熊本県大津町大字大津1187-1,小規模多機能型居宅介護おおづセンターホーム,熊本県大津町大字大津1187-1,,,要配慮者,32.879238978483,130.87000014026,"[{""共通ID"": ""E4340300021121"", ""経度"": ""130.87000014026"", ""緯度"": ""32.879238978483""}]",町が特定した者,matched,exact_name_address,1.000,reference/43000_1.csv,17068228366013260d8a1e506e0843bc9c0736e8ec7031a9e384d0d32abd7578,00000561,,,kumamoto_portal_map,2026-08-01T00:28:20+09:00,matched,portal_shelter_id,1.000,32.879326,130.869981,,,unmatched,manual_no_match,,,32.879238978483,130.87000014026,gsi_reference,reference_latitude_longitude,complete,0,0,0,0,0,0,0,0,0,0,0,0,0,0,0,0,0
ref:E4340300031111,d1a5501ccfb0998096d1,E4340300031111,E4340300031111,大津町,瀬田地区避難所,熊本県大津町大字大林802-2,瀬田地区避難所,熊本県大津町大字大林802-2,1,,,32.870041792989,130.91216225308,"[{""共通ID"": ""E4340300031111"", ""経度"": ""130.91216225308"", ""緯度"": ""32.870041792989""}]",,matched,exact_name_address,1.000,reference/43000_1.csv,17068228366013260d8a1e506e0843bc9c0736e8ec7031a9e384d0d32abd7578,00002105,61,61,kumamoto_portal_map,2026-08-01T00:28:20+09:00,matched,portal_shelter_id,1.000,32.87001780344212,130.91216325759888,,,unmatched,manual_no_match,,,32.870041792989,130.91216225308,gsi_reference,reference_latitude_longitude,complete,0,0,0,0,0,0,0,0,0,0,0,0,0,0,0,0,0
ref:E4340300006121,0f950f00d09258006268,E4340300006121,E4340300006121,大津町,熊本県立大津支援学校,熊本県大津町大字室1381,熊本県立大津支援学校,熊本県大津町大字室1381,,,要配慮者,32.885732058578,130.85696970796,"[{""共通ID"": ""E4340300006121"", ""経度"": ""130.85696970796"", ""緯度"": ""32.885732058578""}]",最大150名(生徒在校時30名) 在校生、卒業生及び町が特定した者,matched,exact_name_address,1.000,reference/43000_1.csv,17068228366013260d8a1e506e0843bc9c0736e8ec7031a9e384d0d32abd7578,00000563,,,kumamoto_portal_map,2026-08-01T00:28:20+09:00,matched,portal_shelter_id,1.000,32.885737,130.856953,,,unmatched,manual_no_match,,,32.885732058578,130.85696970796,gsi_reference,reference_latitude_longitude,complete,0,0,0,0,0,0,0,0,0,0,0,0,0,0,0,0,0
ref:E4340300025111,b5e18a9c507f926286c9,E4340300025111,E4340300025111,大津町,熊本県立大津高等学校,熊本県大津町大字大津1340,熊本県立大津高等学校,熊本県大津町大字大津1340,1,,,32.873239196729,130.87218992448,"[{""共通ID"": ""E4340300025111"", ""経度"": ""130.87218992448"", ""緯度"": ""32.873239196729""}]",,matched,exact_name_address,1.000,reference/43000_1.csv,17068228366013260d8a1e506e0843bc9c0736e8ec7031a9e384d0d32abd7578,00001541,20520,20520,kumamoto_portal_map,2026-08-01T00:28:20+09:00,matched,portal_shelter_id,1.000,32.873232,130.872059,,,unmatched,manual_no_match,,,32.873239196729,130.87218992448,gsi_reference,reference_latitude_longitude,complete,0,0,0,0,0,0,0,0,0,0,0,0,0,0,0,0,0
ref:E4340300009111,bfe30f6c3c96712d129a,E4340300009111,E4340300009111,大津町,熊本県立翔陽高等学校,熊本県大津町大字室1782,熊本県立翔陽高等学校,熊本県大津町大字室1782,1,,,32.885549597884,130.86084938707,"[{""共通ID"": ""E4340300009111"", ""経度"": ""130.86084938707"", ""緯度"": ""32.885549597884""}]",,matched,exact_name_address,1.000,reference/43000_1.csv,17068228366013260d8a1e506e0843bc9c0736e8ec7031a9e384d0d32abd7578,00001542,17673,17673,kumamoto_portal_map,2026-08-01T00:28:20+09:00,matched,portal_shelter_id,1.000,32.884576,130.861106,,,unmatched,manual_no_match,,,32.885549597884,130.86084938707,gsi_reference,reference_latitude_longitude,complete,0,0,0,0,0,0,0,0,0,0,0,0,0,0,0,0,0
ref:E4340300028121,cfdebf55dc5cba907255,E4340300028121,E4340300028121,大津町,若草児童学園,熊本県大津町大字大津214-1,若草児童学園,熊本県大津町大字大津214-1,,,要配慮者,32.886267976382,130.8661694694,"[{""共通ID"": ""E4340300028121"", ""経度"": ""130.8661694694"", ""緯度"": ""32.886267976382""}]",町が特定した者,matched,exact_name_address,1.000,reference/43000_1.csv,17068228366013260d8a1e506e0843bc9c0736e8ec7031a9e384d0d32abd7578,00000562,,,kumamoto_portal_map,2026-08-01T00:28:20+09:00,matched,portal_shelter_id,1.000,32.886269,130.86597,,,unmatched,manual_no_match,,,32.886267976382,130.8661694694,gsi_reference,reference_latitude_longitude,complete,0,0,0,0,0,0,0,0,0,0,0,0,0,0,0,0,0
ref:E4340300033121,f1a5c97df242a7e51d5d,E4340300033121,E4340300033121,大津町,障がい者支援施設 つくしの里,熊本県大津町大字平川400,障がい者支援施設 つくしの里,熊本県大津町大字平川400,,,要配慮者,32.907470344907,130.88236427307,"[{""共通ID"": ""E4340300033121"", ""経度"": ""130.88236427307"", ""緯度"": ""32.907470344907""}]",町が特定した者,matched,exact_name_address,1.000,reference/43000_1.csv,17068228366013260d8a1e506e0843bc9c0736e8ec7031a9e384d0d32abd7578,00000557,,,kumamoto_portal_map,2026-08-01T00:28:20+09:00,matched,portal_shelter_id,1.000,32.907481,130.882288,,,unmatched,manual_no_match,,,32.907470344907,130.88236427307,gsi_reference,reference_latitude_longitude,complete,0,0,0,0,0,0,0,0,0,0,0,0,0,0,0,0,0
ref:E4340300013121,38c03fb019b5981b4deb,E4340300013121,E4340300013121,大津町,障がい者支援施設 三気の里,熊本県大津町大字森54-2,障がい者支援施設 三気の里,熊本県大津町大字森54-2,,,要配慮者,32.864036488898,130.88921446194,"[{""共通ID"": ""E4340300013121"", ""経度"": ""130.88921446194"", ""緯度"": ""32.864036488898""}]",町が特定した者,matched,exact_name_address,1.000,reference/43000_1.csv,17068228366013260d8a1e506e0843bc9c0736e8ec7031a9e384d0d32abd7578,00000556,,,kumamoto_portal_map,2026-08-01T00:28:20+09:00,matched,portal_shelter_id,1.000,32.863717,130.889421,,,unmatched,manual_no_match,,,32.864036488898,130.88921446194,gsi_reference,reference_latitude_longitude,complete,0,0,0,0,0,0,0,0,0,0,0,0,0,0,0,0,0
ref:E4340300008121,6b723af37e76d17baff7,E4340300008121,E4340300008121,大津町,養護老人ホーム 光進園,熊本県大津町大字室1707,養護老人ホーム 光進園,熊本県大津町大字室1707,,,要配慮者,32.887813190864,130.85678614341,"[{""共通ID"": ""E4340300008121"", ""経度"": ""130.85678614341"", ""緯度"": ""32.887813190864""}]",町が特定した者,matched,exact_name_address,1.000,reference/43000_1.csv,17068228366013260d8a1e506e0843bc9c0736e8ec7031a9e384d0d32abd7578,00000559,,,kumamoto_portal_map,2026-08-01T00:28:20+09:00,matched,portal_shelter_id,1.000,32.879209,130.866448,,,unmatched,manual_no_match,,,32.887813190864,130.85678614341,gsi_reference,reference_latitude_longitude,complete,0,0,0,0,0,0,0,0,0,0,0,0,0,0,0,0,0
ref:E4321500125111,4e5fb1f44afea24a4f2e,E4321500125111,E4321500125111,天草市,ひだまり館,熊本県天草市新和町小宮地785,ひだまり館,熊本県天草市新和町小宮地785,1,,,32.37137850268,130.18710786641,"[{""共通ID"": ""E4321500125111"", ""経度"": ""130.18710786641"", ""緯度"": ""32.37137850268""}]",,matched,exact_name_address,1.000,reference/43000_1.csv,17068228366013260d8a1e506e0843bc9c0736e8ec7031a9e384d0d32abd7578,00000497,330,330,kumamoto_portal_map,2026-08-01T00:28:20+09:00,matched,portal_shelter_id,1.000,32.37137850268,130.18710786641,,,unmatched,manual_no_match,,,32.37137850268,130.18710786641,gsi_reference,reference_latitude_longitude,complete,0,0,0,0,0,0,0,0,0,0,0,0,0,0,0,0,0
ref:E4321500041111,74b113322b1c9d3b69d7,E4321500041111,E4321500041111,天草市,サテライト施設うしぶか(旧牛深幼稚園),熊本県天草市牛深町2065-9,サテライト施設うしぶか(旧牛深幼稚園),熊本県天草市牛深町2065-9,1,,,32.19707172,130.0172172,"[{""共通ID"": ""E4321500041111"", ""経度"": ""130.0172172"", ""緯度"": ""32.19707172""}]",,matched,exact_name_address,1.000,reference/43000_1.csv,17068228366013260d8a1e506e0843bc9c0736e8ec7031a9e384d0d32abd7578,00001245,74,74,kumamoto_portal_map,2026-08-01T00:28:20+09:00,matched,portal_shelter_id,1.000,32.19707172,130.0172172,,,unmatched,manual_no_match,,,32.19707172,130.0172172,gsi_reference,reference_latitude_longitude,complete,0,0,0,0,0,0,0,0,0,0,0,0,0,0,0,0,0
web:fa3d8215cbba53b6d971,fa3d8215cbba53b6d971,,,天草市,サテライト施設おにき,熊本県天草市魚貫町5536-1,,,,,,,,[],,unmatched,no_candidate,,reference/43000_1.csv,dd6686fa000c3e720180ba96d02aacff987aec1bba3c9bc69a5867fc0089d10d,00002342,21,21,kumamoto_portal_map,2026-08-01T00:28:20+09:00,matched,portal_shelter_id,1.000,32.2396312711014,130.010888366965,32.23965414,130.0109609,matched,manual_shelter_id,マニュアルジオコーディング(1).csv,35f5dae36fe4e9577c53f227bd933e4604ed40e589ee27a700add2b32438424c,32.23965414,130.0109609,manual_geocoding,manual_shelter_id,complete,0,1,1,0,0,0,0,0,0,0,0,0,0,0,0,0,0
web:98683def4025910ef8df,98683def4025910ef8df,,,天草市,上津浦地区コミュニティセンター,天草市有明町上津浦 3706-4,,,,,,,,[],,unmatched,fuzzy_below_threshold,0.767,reference/43000_1.csv,dd6686fa000c3e720180ba96d02aacff987aec1bba3c9bc69a5867fc0089d10d,00001276,80,80,kumamoto_portal_map,2026-08-01T00:28:20+09:00,matched,portal_shelter_id,1.000,32.48957131,130.3041818,32.48938139,130.3041927,matched,manual_shelter_id,マニュアルジオコーディング(1).csv,35f5dae36fe4e9577c53f227bd933e4604ed40e589ee27a700add2b32438424c,32.48938139,130.3041927,manual_geocoding,manual_shelter_id,complete,0,1,1,1,1,0,0,0,0,0,0,0,0,0,0,0,0
ref:E4321500069111,d11d65f1673dab9301ec,E4321500069111,E4321500069111,天草市,下方公民館,熊本県天草市五和町手野2-1256,下方公民館,熊本県天草市五和町手野2-1256,,,,32.53268507,130.1421862,"[{""共通ID"": ""E4321500069111"", ""経度"": ""130.1421862"", ""緯度"": ""32.53268507""}]",,matched,exact_name_address,1.000,reference/43000_1.csv,17068228366013260d8a1e506e0843bc9c0736e8ec7031a9e384d0d32abd7578,00000516,20,20,kumamoto_portal_map,2026-08-01T00:28:20+09:00,matched,portal_shelter_id,1.000,32.53268507,130.1421862,,,unmatched,manual_no_match,,,32.53268507,130.1421862,gsi_reference,reference_latitude_longitude,complete,0,0,0,0,0,0,0,0,0,0,0,0,0,0,0,0,0
ref:E4321500150111,f70c59e97bfeb91af3f8,E4321500150111,E4321500150111,天草市,下河内公民館,熊本県天草市栖本町河内5838-2,下河内公民館,熊本県天草市栖本町河内5838-2,,,,32.44169281,130.294978,"[{""共通ID"": ""E4321500150111"", ""経度"": ""130.294978"", ""緯度"": ""32.44169281""}]",,matched,exact_name_address,1.000,reference/43000_1.csv,17068228366013260d8a1e506e0843bc9c0736e8ec7031a9e384d0d32abd7578,00000482,20,20,kumamoto_portal_map,2026-08-01T00:28:20+09:00,matched,portal_shelter_id,1.000,32.44169281,130.294978,,,unmatched,manual_no_match,,,32.44169281,130.294978,gsi_reference,reference_latitude_longitude,complete,0,0,0,0,0,0,0,0,0,0,0,0,0,0,0,0,0
ref:E4321500239111,878da6391929dd6d3085,E4321500239111,E4321500239111,天草市,下津江センター,熊本県天草市有明町上津浦2533-2,下津江センター,熊本県天草市有明町上津浦2533-2,,,,32.50742639,130.3094017,"[{""共通ID"": ""E4321500239111"", ""経度"": ""130.3094017"", ""緯度"": ""32.50742639""}]",,matched,exact_name_address,1.000,reference/43000_1.csv,17068228366013260d8a1e506e0843bc9c0736e8ec7031a9e384d0d32abd7578,00000452,10,10,kumamoto_portal_map,2026-08-01T00:28:20+09:00,matched,portal_shelter_id,1.000,32.50742639,130.3094017,,,unmatched,manual_no_match,,,32.50742639,130.3094017,gsi_reference,reference_latitude_longitude,complete,0,0,0,0,0,0,0,0,0,0,0,0,0,0,0,0,0
web:0e9a03b19531909b12ea,0e9a03b19531909b12ea,,,天草市,下津浦地区コミュニティセンター,天草市有明町下津浦 2505-2,,,,,,,,[],,unmatched,fuzzy_below_threshold,0.790,reference/43000_1.csv,dd6686fa000c3e720180ba96d02aacff987aec1bba3c9bc69a5867fc0089d10d,00001279,50,50,kumamoto_portal_map,2026-08-01T00:28:20+09:00,matched,portal_shelter_id,1.000,32.478000561627,130.29918908465,32.47804555,130.2991629,matched,manual_shelter_id,マニュアルジオコーディング(1).csv,35f5dae36fe4e9577c53f227bd933e4604ed40e589ee27a700add2b32438424c,32.47804555,130.2991629,manual_geocoding,manual_shelter_id,complete,0,1,1,1,1,0,0,0,0,0,0,0,0,0,0,0,0
ref:E4321500199111,80b16ca4bb8cec19dd8c,E4321500199111,E4321500199111,天草市,下田北地区コミュニティセンター,熊本県天草市天草町下田北534-1,下田北地区コミュニティセンター,熊本県天草市天草町下田北534-1,1,,,32.42497725,130.0137819,"[{""共通ID"": ""E4321500199111"", ""経度"": ""130.0137819"", ""緯度"": ""32.42497725""}]",,matched,exact_name_address,1.000,reference/43000_1.csv,17068228366013260d8a1e506e0843bc9c0736e8ec7031a9e384d0d32abd7578,00001347,225,225,kumamoto_portal_map,2026-08-01T00:28:20+09:00,matched,portal_shelter_id,1.000,32.42497725,130.0137819,,,unmatched,manual_no_match,,,32.42497725,130.0137819,gsi_reference,reference_latitude_longitude,complete,0,1,1,0,0,0,0,0,0,0,0,0,0,0,0,0,0
ref:E4321500197111,b4c04a8a29853b47b359,E4321500197111,E4321500197111,天草市,下田南体育館,熊本県天草市天草町下田南737-1,下田南体育館,熊本県天草市天草町下田南737-1,1,,,32.39802769,130.0089178,"[{""共通ID"": ""E4321500197111"", ""経度"": ""130.0089178"", ""緯度"": ""32.39802769""}]",,matched,exact_name_address,1.000,reference/43000_1.csv,17068228366013260d8a1e506e0843bc9c0736e8ec7031a9e384d0d32abd7578,00000525,112,112,kumamoto_portal_map,2026-08-01T00:28:20+09:00,matched,portal_shelter_id,1.000,32.39802769,130.0089178,,,unmatched,manual_no_match,,,32.39802769,130.0089178,gsi_reference,reference_latitude_longitude,complete,0,0,0,0,0,0,0,0,0,0,0,0,0,0,0,0,0
ref:E4321500148111,7997d45a2666e481917c,E4321500148111,E4321500148111,天草市,中河内公民館,熊本県天草市栖本町河内4436-2,中河内公民館,熊本県天草市栖本町河内4436-2,,,,32.44432295,130.3102184,"[{""共通ID"": ""E4321500148111"", ""経度"": ""130.3102184"", ""緯度"": ""32.44432295""}]",,matched,exact_name_address,1.000,reference/43000_1.csv,17068228366013260d8a1e506e0843bc9c0736e8ec7031a9e384d0d32abd7578,00000481,30,30,kumamoto_portal_map,2026-08-01T00:28:20+09:00,matched,portal_shelter_id,1.000,32.44432295,130.3102184,,,unmatched,manual_no_match,,,32.44432295,130.3102184,gsi_reference,reference_latitude_longitude,complete,0,0,0,0,0,0,0,0,0,0,0,0,0,0,0,0,0
web:cff6fd113ee3a7def422,cff6fd113ee3a7def422,,,天草市,久玉地区コミュニティセンター,天草市久玉町 1412-12,,,,,,,,[],,unmatched,fuzzy_below_threshold,0.814,reference/43000_1.csv,dd6686fa000c3e720180ba96d02aacff987aec1bba3c9bc69a5867fc0089d10d,00001251,92,92,kumamoto_portal_map,2026-08-01T00:28:20+09:00,matched,portal_shelter_id,1.000,32.21779917,130.0330921,32.21781928,130.0331705,matched,manual_shelter_id,マニュアルジオコーディング(1).csv,35f5dae36fe4e9577c53f227bd933e4604ed40e589ee27a700add2b32438424c,32.21781928,130.0331705,manual_geocoding,manual_shelter_id,complete,0,1,1,0,0,0,0,0,0,0,0,0,0,0,0,0,0
ref:E4321500022111,e7542bb5e74f8873cefa,E4321500022111,E4321500022111,天草市,亀場幼稚園,熊本県天草市亀場町亀川1538-1,亀場幼稚園,熊本県天草市亀場町亀川1538-1,,,,32.43747539,130.1941486,"[{""共通ID"": ""E4321500022111"", ""経度"": ""130.1941486"", ""緯度"": ""32.43747539""}]",,matched,exact_name_address,1.000,reference/43000_1.csv,17068228366013260d8a1e506e0843bc9c0736e8ec7031a9e384d0d32abd7578,00000420,330,330,kumamoto_portal_map,2026-08-01T00:28:20+09:00,matched,portal_shelter_id,1.000,32.43747539,130.1941486,,,unmatched,manual_no_match,,,32.43747539,130.1941486,gsi_reference,reference_latitude_longitude,complete,0,0,0,0,0,0,0,0,0,0,0,0,0,0,0,0,0
web:21920af5effebd9d82e4,21920af5effebd9d82e4,,,天草市,二江地区コミュニティセンター,天草市五和町二江 3066,,,,,,,,[],,unmatched,fuzzy_below_threshold,0.805,reference/43000_1.csv,dd6686fa000c3e720180ba96d02aacff987aec1bba3c9bc69a5867fc0089d10d,00001341,70,70,kumamoto_portal_map,2026-08-01T00:28:20+09:00,matched,portal_shelter_id,1.000,32.543706,130.130578,32.54371394,130.1305583,matched,manual_shelter_id,マニュアルジオコーディング(1).csv,35f5dae36fe4e9577c53f227bd933e4604ed40e589ee27a700add2b32438424c,32.54371394,130.1305583,manual_geocoding,manual_shelter_id,complete,0,1,1,0,0,0,0,0,0,0,0,0,0,0,0,0,0
ref:E4321500221111,ddc7b40d3022b1acf64a,E4321500221111,E4321500221111,天草市,二浦体育館,熊本県天草市二浦町亀浦4403-8,二浦体育館,熊本県天草市二浦町亀浦4403-8,,,,32.27715268,130.0371113,"[{""共通ID"": ""E4321500221111"", ""経度"": ""130.0371113"", ""緯度"": ""32.27715268""}]",,matched,exact_name_address,1.000,reference/43000_1.csv,17068228366013260d8a1e506e0843bc9c0736e8ec7031a9e384d0d32abd7578,00000445,121,121,kumamoto_portal_map,2026-08-01T00:28:20+09:00,matched,portal_shelter_id,1.000,32.27715268,130.0371113,,,unmatched,manual_no_match,,,32.27715268,130.0371113,gsi_reference,reference_latitude_longitude,complete,0,0,0,0,0,0,0,0,0,0,0,0,0,0,0,0,0
web:5371354cde3c4202f341,5371354cde3c4202f341,,,天草市,二浦地区コミュニティセンター,天草市二浦町亀浦 1035-11,,,,,,,,[],,unmatched,fuzzy_below_threshold,0.781,reference/43000_1.csv,dd6686fa000c3e720180ba96d02aacff987aec1bba3c9bc69a5867fc0089d10d,00001261,48,48,kumamoto_portal_map,2026-08-01T00:28:20+09:00,matched,portal_shelter_id,1.000,32.27471497,130.0295409,32.2747717,130.029589,matched,manual_shelter_id,マニュアルジオコーディング(1).csv,35f5dae36fe4e9577c53f227bd933e4604ed40e589ee27a700add2b32438424c,32.2747717,130.029589,manual_geocoding,manual_shelter_id,complete,0,1,1,0,0,0,0,0,0,0,0,0,0,0,0,0,0
ref:E4321500062111,fe463c7f7c3cc09ef388,E4321500062111,E4321500062111,天草市,五和中学校体育館,熊本県天草市五和町御領9607-2,五和中学校体育館,熊本県天草市五和町御領9607-2,1,,,32.53306447,130.1914161,"[{""共通ID"": ""E4321500062111"", ""経度"": ""130.1914161"", ""緯度"": ""32.53306447""}]",,matched,exact_name_address,1.000,reference/43000_1.csv,17068228366013260d8a1e506e0843bc9c0736e8ec7031a9e384d0d32abd7578,00000510,340,340,kumamoto_portal_map,2026-08-01T00:28:20+09:00,matched,portal_shelter_id,1.000,32.53306447,130.1914161,,,unmatched,manual_no_match,,,32.53306447,130.1914161,gsi_reference,reference_latitude_longitude,complete,0,0,0,0,0,0,0,0,0,0,0,0,0,0,0,0,0
ref:E4321500080111,ce421ab2aa9d6c8ab973,E4321500080111,E4321500080111,天草市,五和歴史民俗資料館,熊本県天草市五和町二江384,五和歴史民俗資料館,熊本県天草市五和町二江384,1,,,32.55040142,130.1145592,"[{""共通ID"": ""E4321500080111"", ""経度"": ""130.1145592"", ""緯度"": ""32.55040142""}]",,matched,exact_name_address,1.000,reference/43000_1.csv,17068228366013260d8a1e506e0843bc9c0736e8ec7031a9e384d0d32abd7578,00001339,10,10,kumamoto_portal_map,2026-08-01T00:28:20+09:00,matched,portal_shelter_id,1.000,32.55040142,130.1145592,,,unmatched,manual_no_match,,,32.55040142,130.1145592,gsi_reference,reference_latitude_longitude,complete,0,0,0,0,0,0,0,0,0,0,0,0,0,0,0,0,0
ref:E4321500070111,59f1726ff499f92b7cf4,E4321500070111,E4321500070111,天草市,五和西体育館,熊本県天草市五和町手野2-2096,五和西体育館,熊本県天草市五和町手野2-2096,,,,32.522730984405,130.14617183708,"[{""共通ID"": ""E4321500070111"", ""経度"": ""130.14617183708"", ""緯度"": ""32.522730984405""}]",,matched,exact_name_address,1.000,reference/43000_1.csv,17068228366013260d8a1e506e0843bc9c0736e8ec7031a9e384d0d32abd7578,00000517,130,130,kumamoto_portal_map,2026-08-01T00:28:20+09:00,matched,portal_shelter_id,1.000,32.522730984405,130.14617183708,,,unmatched,manual_no_match,,,32.522730984405,130.14617183708,gsi_reference,reference_latitude_longitude,complete,0,0,0,0,0,0,0,0,0,0,0,0,0,0,0,0,0
ref:E4321500012111,0abe085ec46155936596,E4321500012111,E4321500012111,天草市,今富地域交流施設,熊本県天草市河浦町今富956,今富地域交流施設,熊本県天草市河浦町今富956,1,,,32.32682295,130.0196155,"[{""共通ID"": ""E4321500012111"", ""経度"": ""130.0196155"", ""緯度"": ""32.32682295""}]",,matched,exact_name_address,1.000,reference/43000_1.csv,17068228366013260d8a1e506e0843bc9c0736e8ec7031a9e384d0d32abd7578,00001364,199,199,kumamoto_portal_map,2026-08-01T00:28:20+09:00,matched,portal_shelter_id,1.000,32.32682295,130.0196155,,,unmatched,manual_no_match,,,32.32682295,130.0196155,gsi_reference,reference_latitude_longitude,complete,0,0,0,0,0,0,0,0,0,0,0,0,0,0,0,0,0
ref:E4321500108111,126526df069446a0a1a2,E4321500108111,E4321500108111,天草市,佐伊津体育館,熊本県天草市佐伊津町5933,佐伊津体育館,熊本県天草市佐伊津町5933,,,,32.49960958,130.1924973,"[{""共通ID"": ""E4321500108111"", ""経度"": ""130.1924973"", ""緯度"": ""32.49960958""}]",,matched,exact_name_address,1.000,reference/43000_1.csv,17068228366013260d8a1e506e0843bc9c0736e8ec7031a9e384d0d32abd7578,00000429,260,260,kumamoto_portal_map,2026-08-01T00:28:20+09:00,matched,portal_shelter_id,1.000,32.49960958,130.1924973,,,unmatched,manual_no_match,,,32.49960958,130.1924973,gsi_reference,reference_latitude_longitude,complete,0,0,0,0,0,0,0,0,0,0,0,0,0,0,0,0,0
web:e987cf7183870315496f,e987cf7183870315496f,,,天草市,佐伊津地区コミュニティセンター,天草市佐伊津町 2258,,,,,,,,[],,unmatched,fuzzy_below_threshold,0.771,reference/43000_1.csv,dd6686fa000c3e720180ba96d02aacff987aec1bba3c9bc69a5867fc0089d10d,00001239,330,330,kumamoto_portal_map,2026-08-01T00:28:20+09:00,matched,portal_shelter_id,1.000,32.49212832,130.1902568,32.49205827,130.1903754,matched,manual_shelter_id,マニュアルジオコーディング(1).csv,35f5dae36fe4e9577c53f227bd933e4604ed40e589ee27a700add2b32438424c,32.49205827,130.1903754,manual_geocoding,manual_shelter_id,complete,0,1,1,1,1,0,0,0,0,0,0,0,0,0,0,0,0
ref:E4321500106111,968a48990e2b0a8c9aa1,E4321500106111,E4321500106111,天草市,佐伊津小学校体育館,熊本県天草市佐伊津町2312,佐伊津小学校体育館,熊本県天草市佐伊津町2312,1,,,32.49046324268,130.18904402097,"[{""共通ID"": ""E4321500106111"", ""経度"": ""130.18904402097"", ""緯度"": ""32.49046324268""}]",,matched,exact_name_address,1.000,reference/43000_1.csv,17068228366013260d8a1e506e0843bc9c0736e8ec7031a9e384d0d32abd7578,00001240,220,220,kumamoto_portal_map,2026-08-01T00:28:20+09:00,matched,portal_shelter_id,1.000,32.49052963,130.1889538,,,unmatched,manual_no_match,,,32.49046324268,130.18904402097,gsi_reference,reference_latitude_longitude,complete,0,0,0,0,0,0,0,0,0,0,0,0,0,0,0,0,0
ref:E4321500189111,f710f183478441dc0cd1,E4321500189111,E4321500189111,天草市,倉岳小学校体育館,熊本県天草市倉岳町棚底2114,倉岳小学校体育館,熊本県天草市倉岳町棚底2114,,,,32.4111622,130.337888,"[{""共通ID"": ""E4321500189111"", ""経度"": ""130.337888"", ""緯度"": ""32.4111622""}]",,matched,exact_name_address,1.000,reference/43000_1.csv,17068228366013260d8a1e506e0843bc9c0736e8ec7031a9e384d0d32abd7578,00000470,240,240,kumamoto_portal_map,2026-08-01T00:28:20+09:00,matched,portal_shelter_id,1.000,32.4111622,130.337888,,,unmatched,manual_no_match,,,32.4111622,130.337888,gsi_reference,reference_latitude_longitude,complete,0,0,0,0,0,0,0,0,0,0,0,0,0,0,0,0,0
ref:E4321500157111,8deae58656118070e41a,E4321500157111,E4321500157111,天草市,円性寺,熊本県天草市栖本町湯船原1055-1,円性寺,熊本県天草市栖本町湯船原1055-1,1,,,32.41426212,130.2741854,"[{""共通ID"": ""E4321500157111"", ""経度"": ""130.2741854"", ""緯度"": ""32.41426212""}]",,matched,exact_name_address,1.000,reference/43000_1.csv,17068228366013260d8a1e506e0843bc9c0736e8ec7031a9e384d0d32abd7578,00001308,300,300,kumamoto_portal_map,2026-08-01T00:28:20+09:00,matched,portal_shelter_id,1.000,32.41426212,130.2741854,,,unmatched,manual_no_match,,,32.41426212,130.2741854,gsi_reference,reference_latitude_longitude,complete,0,0,0,0,0,0,0,0,0,0,0,0,0,0,0,0,0
ref:E4321500044111,c421bd9628146b53916e,E4321500044111,E4321500044111,天草市,加世浦区公民館,熊本県天草市牛深町2899-3,加世浦区公民館,熊本県天草市牛深町2899-3,,,,32.19290174,130.0205348,"[{""共通ID"": ""E4321500044111"", ""経度"": ""130.0205348"", ""緯度"": ""32.19290174""}]",,matched,exact_name_address,1.000,reference/43000_1.csv,17068228366013260d8a1e506e0843bc9c0736e8ec7031a9e384d0d32abd7578,00000434,22,22,kumamoto_portal_map,2026-08-01T00:28:20+09:00,matched,portal_shelter_id,1.000,32.19290174,130.0205348,,,unmatched,manual_no_match,,,32.19290174,130.0205348,gsi_reference,reference_latitude_longitude,complete,0,0,0,0,0,0,0,0,0,0,0,0,0,0,0,0,0
web:309aebc14999a8b685a0,309aebc14999a8b685a0,,,天草市,勇志国際高等学校,天草市御所浦町牧島 1065-3,,,,,,,,[],,unmatched,no_candidate,,reference/43000_1.csv,dd6686fa000c3e720180ba96d02aacff987aec1bba3c9bc69a5867fc0089d10d,00001291,100,100,kumamoto_portal_map,2026-08-01T00:28:20+09:00,matched,portal_shelter_id,1.000,32.34986023,130.3247493,32.34996186,130.3249625,matched,manual_shelter_id,マニュアルジオコーディング(1).csv,35f5dae36fe4e9577c53f227bd933e4604ed40e589ee27a700add2b32438424c,32.34996186,130.3249625,manual_geocoding,manual_shelter_id,complete,0,1,1,1,1,0,0,0,0,0,0,0,0,0,0,0,0
ref:E4321500054111,07f7f128867503ea77ae,E4321500054111,E4321500054111,天草市,友辻公民館,熊本県天草市五和町鬼池4450,友辻公民館,熊本県天草市五和町鬼池4450,,,,32.54841364,130.1763158,"[{""共通ID"": ""E4321500054111"", ""経度"": ""130.1763158"", ""緯度"": ""32.54841364""}]",,matched,exact_name_address,1.000,reference/43000_1.csv,17068228366013260d8a1e506e0843bc9c0736e8ec7031a9e384d0d32abd7578,00000511,10,10,kumamoto_portal_map,2026-08-01T00:28:20+09:00,matched,portal_shelter_id,1.000,32.54841364,130.1763158,,,unmatched,manual_no_match,,,32.54841364,130.1763158,gsi_reference,reference_latitude_longitude,complete,0,0,0,0,0,0,0,0,0,0,0,0,0,0,0,0,0
ref:E4321500153111,ff4778623cfa80e590a5,E4321500153111,E4321500153111,天草市,古江公民館,熊本県天草市栖本町古江739-2,古江公民館,熊本県天草市栖本町古江739-2,1,,,32.40624974,130.2841164,"[{""共通ID"": ""E4321500153111"", ""経度"": ""130.2841164"", ""緯度"": ""32.40624974""}]",,matched,exact_name_address,1.000,reference/43000_1.csv,17068228366013260d8a1e506e0843bc9c0736e8ec7031a9e384d0d32abd7578,00001309,20,20,kumamoto_portal_map,2026-08-01T00:28:20+09:00,matched,portal_shelter_id,1.000,32.40624974,130.2841164,,,unmatched,manual_no_match,,,32.40624974,130.2841164,gsi_reference,reference_latitude_longitude,complete,0,0,0,0,0,0,0,0,0,0,0,0,0,0,0,0,0
ref:E4321500278111,6cdf6b9147ef063cd0d5,E4321500278111,E4321500278111,天草市,吉田一区公民館,熊本県天草市久玉町400-1地先,吉田一区公民館,熊本県天草市久玉町400-1地先,,,,32.215792,130.027011,"[{""共通ID"": ""E4321500278111"", ""経度"": ""130.027011"", ""緯度"": ""32.215792""}]",,matched,exact_name_address,1.000,reference/43000_1.csv,17068228366013260d8a1e506e0843bc9c0736e8ec7031a9e384d0d32abd7578,00002239,14,14,kumamoto_portal_map,2026-08-01T00:28:20+09:00,matched,portal_shelter_id,1.000,32.215792,130.027011,,,unmatched,manual_no_match,,,32.215792,130.027011,gsi_reference,reference_latitude_longitude,complete,0,0,0,0,0,0,0,0,0,0,0,0,0,0,0,0,0
ref:E4321500075111,72abc7269c3bd9245567,E4321500075111,E4321500075111,天草市,君川水公民館,熊本県天草市五和町二江1477-7,君川水公民館,熊本県天草市五和町二江1477-7,,,,32.54208989,130.1351365,"[{""共通ID"": ""E4321500075111"", ""経度"": ""130.1351365"", ""緯度"": ""32.54208989""}]",,matched,exact_name_address,1.000,reference/43000_1.csv,17068228366013260d8a1e506e0843bc9c0736e8ec7031a9e384d0d32abd7578,00000514,30,30,kumamoto_portal_map,2026-08-01T00:28:20+09:00,matched,portal_shelter_id,1.000,32.54208989,130.1351365,,,unmatched,manual_no_match,,,32.54208989,130.1351365,gsi_reference,reference_latitude_longitude,complete,0,0,0,0,0,0,0,0,0,0,0,0,0,0,0,0,0
ref:E4321500097111,3569d552c34809a81a18,E4321500097111,E4321500097111,天草市,唐木崎自治公民館,熊本県天草市御所浦町御所浦4976-12,唐木崎自治公民館,熊本県天草市御所浦町御所浦4976-12,,,,32.32864702,130.3347036,"[{""共通ID"": ""E4321500097111"", ""経度"": ""130.3347036"", ""緯度"": ""32.32864702""}]",,matched,exact_name_address,1.000,reference/43000_1.csv,17068228366013260d8a1e506e0843bc9c0736e8ec7031a9e384d0d32abd7578,00000458,15,15,kumamoto_portal_map,2026-08-01T00:28:20+09:00,matched,portal_shelter_id,1.000,32.32864702,130.3347036,,,unmatched,manual_no_match,,,32.32864702,130.3347036,gsi_reference,reference_latitude_longitude,complete,0,0,0,0,0,0,0,0,0,0,0,0,0,0,0,0,0
ref:E4321500058111,dcef83a354dc95ecedbe,E4321500058111,E4321500058111,天草市,在郷公民館,熊本県天草市五和町御領6102-4,在郷公民館,熊本県天草市五和町御領6102-4,,,,32.51641253,130.1853332,"[{""共通ID"": ""E4321500058111"", ""経度"": ""130.1853332"", ""緯度"": ""32.51641253""}]",,matched,exact_name_address,1.000,reference/43000_1.csv,17068228366013260d8a1e506e0843bc9c0736e8ec7031a9e384d0d32abd7578,00000509,20,20,kumamoto_portal_map,2026-08-01T00:28:20+09:00,matched,portal_shelter_id,1.000,32.51641253,130.1853332,,,unmatched,manual_no_match,,,32.51641253,130.1853332,gsi_reference,reference_latitude_longitude,complete,0,0,0,0,0,0,0,0,0,0,0,0,0,0,0,0,0
ref:E4321500074111,cd8ed8b3969fbcaaeebc,E4321500074111,E4321500074111,天草市,城河原体育館,熊本県天草市五和町城河原3-69,城河原体育館,熊本県天草市五和町城河原3-69,,,,32.49562935,130.1490403,"[{""共通ID"": ""E4321500074111"", ""経度"": ""130.1490403"", ""緯度"": ""32.49562935""}]",,matched,exact_name_address,1.000,reference/43000_1.csv,17068228366013260d8a1e506e0843bc9c0736e8ec7031a9e384d0d32abd7578,00002202,90,90,kumamoto_portal_map,2026-08-01T00:28:20+09:00,matched,portal_shelter_id,1.000,32.49562935,130.1490403,,,unmatched,manual_no_match,,,32.49562935,130.1490403,gsi_reference,reference_latitude_longitude,complete,0,0,0,0,0,0,0,0,0,0,0,0,0,0,0,0,0
web:f4edaa09a8a82addb372,f4edaa09a8a82addb372,,,天草市,大多尾地区コミュニティセンター,天草市新和町大多尾 2852-1,,,,,,,,[],,unmatched,fuzzy_below_threshold,0.835,reference/43000_1.csv,dd6686fa000c3e720180ba96d02aacff987aec1bba3c9bc69a5867fc0089d10d,00001320,51,51,kumamoto_portal_map,2026-08-01T00:28:20+09:00,matched,portal_shelter_id,1.000,32.3591233,130.2092831,32.34988777,130.3248472,matched,manual_shelter_id,マニュアルジオコーディング(1).csv,35f5dae36fe4e9577c53f227bd933e4604ed40e589ee27a700add2b32438424c,32.34988777,130.3248472,manual_geocoding,manual_shelter_id,complete,0,1,1,1,1,0,0,0,0,0,0,0,0,0,0,0,0
ref:E4321500128111,626fda0154710b9c2bb3,E4321500128111,E4321500128111,天草市,大宮地体育館,熊本県天草市新和町大宮地4277-1,大宮地体育館,熊本県天草市新和町大宮地4277-1,,,,32.39022854,130.1738031,"[{""共通ID"": ""E4321500128111"", ""経度"": ""130.1738031"", ""緯度"": ""32.39022854""}]",,matched,exact_name_address,1.000,reference/43000_1.csv,17068228366013260d8a1e506e0843bc9c0736e8ec7031a9e384d0d32abd7578,00000501,131,131,kumamoto_portal_map,2026-08-01T00:28:20+09:00,matched,portal_shelter_id,1.000,32.39022854,130.1738031,,,unmatched,manual_no_match,,,32.39022854,130.1738031,gsi_reference,reference_latitude_longitude,complete,0,0,0,0,0,0,0,0,0,0,0,0,0,0,0,0,0
ref:E4321500127111,4d4929e825ec9639a341,E4321500127111,E4321500127111,天草市,大宮地地区コミュニティセンター,熊本県天草市新和町大宮地4275-1,大宮地地区コミュニティセンター,熊本県天草市新和町大宮地4275-1,1,,,32.390500221112,130.17352812433,"[{""共通ID"": ""E4321500127111"", ""経度"": ""130.17352812433"", ""緯度"": ""32.390500221112""}]",,matched,exact_name_address,1.000,reference/43000_1.csv,17068228366013260d8a1e506e0843bc9c0736e8ec7031a9e384d0d32abd7578,00000500,53,53,kumamoto_portal_map,2026-08-01T00:28:20+09:00,matched,portal_shelter_id,1.000,32.390500221112,130.17352812433,,,unmatched,manual_no_match,,,32.390500221112,130.17352812433,gsi_reference,reference_latitude_longitude,complete,0,0,0,0,0,0,0,0,0,0,0,0,0,0,0,0,0
ref:E4321500252111,96a4e4b29600c715dd6d,E4321500252111,E4321500252111,天草市,大楠体育館,熊本県天草市有明町大浦533-1,大楠体育館,熊本県天草市有明町大浦533-1,1,,,32.517445,130.366526,"[{""共通ID"": ""E4321500252111"", ""経度"": ""130.366526"", ""緯度"": ""32.517445""}]",,matched,exact_name_address,1.000,reference/43000_1.csv,17068228366013260d8a1e506e0843bc9c0736e8ec7031a9e384d0d32abd7578,00001268,120,120,kumamoto_portal_map,2026-08-01T00:28:20+09:00,matched,portal_shelter_id,1.000,32.517445,130.366526,,,unmatched,manual_no_match,,,32.517445,130.366526,gsi_reference,reference_latitude_longitude,complete,0,0,0,0,0,0,0,0,0,0,0,0,0,0,0,0,0
web:1f6a8f59058ef7b79849,1f6a8f59058ef7b79849,,,天草市,大江シルバーコミュニティセンター,天草市天草町大江 2967-1,,,,,,,,[],,unmatched,no_candidate,,reference/43000_1.csv,dd6686fa000c3e720180ba96d02aacff987aec1bba3c9bc69a5867fc0089d10d,00001355,37,37,kumamoto_portal_map,2026-08-01T00:28:20+09:00,matched,portal_shelter_id,1.000,32.34099239,129.9929527,32.34092615,129.9930077,matched,manual_shelter_id,マニュアルジオコーディング(1).csv,35f5dae36fe4e9577c53f227bd933e4604ed40e589ee27a700add2b32438424c,32.34092615,129.9930077,manual_geocoding,manual_shelter_id,complete,0,1,1,0,0,0,0,0,0,0,0,0,0,0,0,0,0
ref:E4321500149111,02ca05a109cdba2b7e76,E4321500149111,E4321500149111,天草市,大河内公民館,熊本県天草市栖本町河内536,大河内公民館,熊本県天草市栖本町河内536,,,,32.45437545,130.3323127,"[{""共通ID"": ""E4321500149111"", ""経度"": ""130.3323127"", ""緯度"": ""32.45437545""}]",,matched,exact_name_address,1.000,reference/43000_1.csv,17068228366013260d8a1e506e0843bc9c0736e8ec7031a9e384d0d32abd7578,00000480,20,20,kumamoto_portal_map,2026-08-01T00:28:20+09:00,matched,portal_shelter_id,1.000,32.45437545,130.3323127,,,unmatched,manual_no_match,,,32.45437545,130.3323127,gsi_reference,reference_latitude_longitude,complete,0,0,0,0,0,0,0,0,0,0,0,0,0,0,0,0,0
web:f79932a3d0c66960d538,f79932a3d0c66960d538,,,天草市,大浦地区コミュニティセンター,天草市有明町大浦 1723-1,,,,,,,,[],,unmatched,fuzzy_below_threshold,0.828,reference/43000_1.csv,dd6686fa000c3e720180ba96d02aacff987aec1bba3c9bc69a5867fc0089d10d,00001267,30,30,kumamoto_portal_map,2026-08-01T00:28:20+09:00,matched,portal_shelter_id,1.000,32.52220415,130.3600772,32.52222012,130.360089,matched,manual_shelter_id,マニュアルジオコーディング(1).csv,35f5dae36fe4e9577c53f227bd933e4604ed40e589ee27a700add2b32438424c,32.52222012,130.360089,manual_geocoding,manual_shelter_id,complete,0,1,1,1,1,0,0,0,0,0,0,0,0,0,0,0,0
ref:E4321500064111,d49979ec4ee96d8d07f7,E4321500064111,E4321500064111,天草市,大渡公民館,熊本県天草市五和町手野1-1291-1,大渡公民館,熊本県天草市五和町手野1-1291-1,,,,32.50547911,130.1232916,"[{""共通ID"": ""E4321500064111"", ""経度"": ""130.1232916"", ""緯度"": ""32.50547911""}]",,matched,exact_name_address,1.000,reference/43000_1.csv,17068228366013260d8a1e506e0843bc9c0736e8ec7031a9e384d0d32abd7578,00000520,10,10,kumamoto_portal_map,2026-08-01T00:28:20+09:00,matched,portal_shelter_id,1.000,32.50547911,130.1232916,,,unmatched,manual_no_match,,,32.50547911,130.1232916,gsi_reference,reference_latitude_longitude,complete,0,0,0,0,0,0,0,0,0,0,0,0,0,0,0,0,0
ref:E4321500011111,c4625bef36b9ffaa8d3d,E4321500011111,E4321500011111,天草市,大蓮寺,熊本県天草市河浦町宮野河内427,大蓮寺,熊本県天草市河浦町宮野河内427,,,,32.30116018,130.1381992,"[{""共通ID"": ""E4321500011111"", ""経度"": ""130.1381992"", ""緯度"": ""32.30116018""}]",,matched,exact_name_address,1.000,reference/43000_1.csv,17068228366013260d8a1e506e0843bc9c0736e8ec7031a9e384d0d32abd7578,00000538,30,30,kumamoto_portal_map,2026-08-01T00:28:20+09:00,matched,portal_shelter_id,1.000,32.30116018,130.1381992,,,unmatched,manual_no_match,,,32.30116018,130.1381992,gsi_reference,reference_latitude_longitude,complete,0,0,0,0,0,0,0,0,0,0,0,0,0,0,0,0,0
ref:E4321500114121,14fa6fe31e4c6193a3b3,E4321500114121,E4321500114121,天草市,天草中央保健福祉センター,熊本県天草市浄南町4-15,天草中央保健福祉センター,熊本県天草市浄南町4-15,1,,要配慮者,32.449802639656,130.19594928708,"[{""共通ID"": ""E4321500114121"", ""経度"": ""130.19594928708"", ""緯度"": ""32.449802639656""}]",,matched,exact_name_address,1.000,reference/43000_1.csv,17068228366013260d8a1e506e0843bc9c0736e8ec7031a9e384d0d32abd7578,00000415,,0,kumamoto_portal_map,2026-08-01T00:28:20+09:00,matched,portal_shelter_id,1.000,32.449802639656,130.19594928708,,,unmatched,manual_no_match,,,32.449802639656,130.19594928708,gsi_reference,reference_latitude_longitude,complete,0,0,0,0,0,0,0,0,0,0,0,0,0,0,0,0,0
ref:E4321500207111,cab11f2f4c7af8a567fa,E4321500207111,E4321500207111,天草市,天草交流センター体育館,熊本県天草市天草町大江504-2,天草交流センター体育館,熊本県天草市天草町大江504-2,,,,32.32466376,129.9926363,"[{""共通ID"": ""E4321500207111"", ""経度"": ""129.9926363"", ""緯度"": ""32.32466376""}]",,matched,exact_name_address,1.000,reference/43000_1.csv,17068228366013260d8a1e506e0843bc9c0736e8ec7031a9e384d0d32abd7578,00000529,90,90,kumamoto_portal_map,2026-08-01T00:28:20+09:00,matched,portal_shelter_id,1.000,32.32466376,129.9926363,,,unmatched,manual_no_match,,,32.32466376,129.9926363,gsi_reference,reference_latitude_longitude,complete,0,0,0,0,0,0,0,0,0,0,0,0,0,0,0,0,0
ref:E4321500201111,12fd6b8c23d52f3a7fe4,E4321500201111,E4321500201111,天草市,天草勤労者体育館,熊本県天草市天草町高浜南488-1,天草勤労者体育館,熊本県天草市天草町高浜南488-1,1,,,32.37867238,129.9978199,"[{""共通ID"": ""E4321500201111"", ""経度"": ""129.9978199"", ""緯度"": ""32.37867238""}]",,matched,exact_name_address,1.000,reference/43000_1.csv,17068228366013260d8a1e506e0843bc9c0736e8ec7031a9e384d0d32abd7578,00000527,212,212,kumamoto_portal_map,2026-08-01T00:28:20+09:00,matched,portal_shelter_id,1.000,32.37867238,129.9978199,,,unmatched,manual_no_match,,,32.37867238,129.9978199,gsi_reference,reference_latitude_longitude,complete,0,0,0,0,0,0,0,0,0,0,0,0,0,0,0,0,0
ref:E4321500200111,5e5f8a29e4d21f7c398f,E4321500200111,E4321500200111,天草市,天草小学校体育館,熊本県天草市天草町高浜南2714,天草小学校体育館,熊本県天草市天草町高浜南2714,1,,,32.37285659,129.9980327,"[{""共通ID"": ""E4321500200111"", ""経度"": ""129.9980327"", ""緯度"": ""32.37285659""}]",,matched,exact_name_address,1.000,reference/43000_1.csv,17068228366013260d8a1e506e0843bc9c0736e8ec7031a9e384d0d32abd7578,00000526,130,130,kumamoto_portal_map,2026-08-01T00:28:20+09:00,matched,portal_shelter_id,1.000,32.37285659,129.9980327,,,unmatched,manual_no_match,,,32.37285659,129.9980327,gsi_reference,reference_latitude_longitude,complete,0,0,0,0,0,0,0,0,0,0,0,0,0,0,0,0,0
ref:E4321500023111,cd448228a2ac750c46ed,E4321500023111,E4321500023111,天草市,天草工業高校体育館,熊本県天草市亀場町亀川38-36,天草工業高校体育館,熊本県天草市亀場町亀川38-36,,,,32.44756175,130.2027797,"[{""共通ID"": ""E4321500023111"", ""経度"": ""130.2027797"", ""緯度"": ""32.44756175""}]",,matched,exact_name_address,1.000,reference/43000_1.csv,17068228366013260d8a1e506e0843bc9c0736e8ec7031a9e384d0d32abd7578,00000421,1080,1080,kumamoto_portal_map,2026-08-01T00:28:20+09:00,matched,portal_shelter_id,1.000,32.44756175,130.2027797,,,unmatched,manual_no_match,,,32.44756175,130.2027797,gsi_reference,reference_latitude_longitude,complete,0,0,0,0,0,0,0,0,0,0,0,0,0,0,0,0,0
web:9eec49013ea36417ffe2,9eec49013ea36417ffe2,,,天草市,天草市民センター,天草市東町 3,,,,,,,,[],,unmatched,no_candidate,,reference/43000_1.csv,dd6686fa000c3e720180ba96d02aacff987aec1bba3c9bc69a5867fc0089d10d,00001221,2000,2000,kumamoto_portal_map,2026-08-01T00:28:20+09:00,matched,portal_shelter_id,1.000,32.45193107,130.1998116,32.45194872,130.1997219,matched,manual_shelter_id,マニュアルジオコーディング(1).csv,35f5dae36fe4e9577c53f227bd933e4604ed40e589ee27a700add2b32438424c,32.45194872,130.1997219,manual_geocoding,manual_shelter_id,complete,0,1,1,1,1,0,0,0,0,0,0,0,0,0,0,0,0
ref:E4321500230111,38b6e20c2053544b6e81,E4321500230111,E4321500230111,天草市,天草拓心高等学校体育館,熊本県天草市本渡町本戸馬場495,天草拓心高等学校体育館,熊本県天草市本渡町本戸馬場495,,,,32.46828045,130.1822483,"[{""共通ID"": ""E4321500230111"", ""経度"": ""130.1822483"", ""緯度"": ""32.46828045""}]",,matched,exact_name_address,1.000,reference/43000_1.csv,17068228366013260d8a1e506e0843bc9c0736e8ec7031a9e384d0d32abd7578,00000418,500,500,kumamoto_portal_map,2026-08-01T00:28:20+09:00,matched,portal_shelter_id,1.000,32.46828045,130.1822483,,,unmatched,manual_no_match,,,32.46828045,130.1822483,gsi_reference,reference_latitude_longitude,complete,0,0,0,0,0,0,0,0,0,0,0,0,0,0,0,0,0
ref:E4321500015121,ce40e687dae3102c8b87,E4321500015121,E4321500015121,天草市,天草西保健福祉センター,熊本県天草市河浦町白木河内223-11,天草西保健福祉センター,熊本県天草市河浦町白木河内223-11,,,要配慮者,32.317157494117,130.08267771906,"[{""共通ID"": ""E4321500015121"", ""経度"": ""130.08267771906"", ""緯度"": ""32.317157494117""}]",,matched,exact_name_address,1.000,reference/43000_1.csv,17068228366013260d8a1e506e0843bc9c0736e8ec7031a9e384d0d32abd7578,00002204,54,54,kumamoto_portal_map,2026-08-01T00:28:20+09:00,matched,portal_shelter_id,1.000,32.317157494117,130.08267771906,,,unmatched,manual_no_match,,,32.317157494117,130.08267771906,gsi_reference,reference_latitude_longitude,complete,0,1,1,1,1,0,0,0,0,0,0,0,0,0,0,0,0
ref:E4321500135111,e577dba28ecc5d474bd7,E4321500135111,E4321500135111,天草市,天附公民分館,熊本県天草市新和町大多尾4556-2,天附公民分館,熊本県天草市新和町大多尾4556-2,,,,32.384258,130.216624,"[{""共通ID"": ""E4321500135111"", ""経度"": ""130.216624"", ""緯度"": ""32.384258""}]",,matched,exact_name_address,1.000,reference/43000_1.csv,17068228366013260d8a1e506e0843bc9c0736e8ec7031a9e384d0d32abd7578,00000504,7,7,kumamoto_portal_map,2026-08-01T00:28:20+09:00,matched,portal_shelter_id,1.000,32.384258,130.216624,,,unmatched,manual_no_match,,,32.384258,130.216624,gsi_reference,reference_latitude_longitude,complete,0,0,0,0,0,0,0,0,0,0,0,0,0,0,0,0,0
ref:E4321500220111,34d21fdeca71775611b7,E4321500220111,E4321500220111,天草市,姫の河内集会所,熊本県天草市二浦町亀浦3504-3,姫の河内集会所,熊本県天草市二浦町亀浦3504-3,,,,32.25706786,130.0254213,"[{""共通ID"": ""E4321500220111"", ""経度"": ""130.0254213"", ""緯度"": ""32.25706786""}]",,matched,exact_name_address,1.000,reference/43000_1.csv,17068228366013260d8a1e506e0843bc9c0736e8ec7031a9e384d0d32abd7578,00000447,8,8,kumamoto_portal_map,2026-08-01T00:28:20+09:00,matched,portal_shelter_id,1.000,32.25706786,130.0254213,,,unmatched,manual_no_match,,,32.25706786,130.0254213,gsi_reference,reference_latitude_longitude,complete,0,0,0,0,0,0,0,0,0,0,0,0,0,0,0,0,0
ref:E4321500117111,a4cb1597b11e6c3680e6,E4321500117111,E4321500117111,天草市,宮南体育館,熊本県天草市新和町小宮地10821-1,宮南体育館,熊本県天草市新和町小宮地10821-1,1,,,32.31444129,130.1763737,"[{""共通ID"": ""E4321500117111"", ""経度"": ""130.1763737"", ""緯度"": ""32.31444129""}]",,matched,exact_name_address,1.000,reference/43000_1.csv,17068228366013260d8a1e506e0843bc9c0736e8ec7031a9e384d0d32abd7578,00000498,174,174,kumamoto_portal_map,2026-08-01T00:28:20+09:00,matched,portal_shelter_id,1.000,32.31444129,130.1763737,,,unmatched,manual_no_match,,,32.31444129,130.1763737,gsi_reference,reference_latitude_longitude,complete,0,0,0,0,0,0,0,0,0,0,0,0,0,0,0,0,0
web:9bf092aa4fe4a1ed18c5,9bf092aa4fe4a1ed18c5,,,天草市,宮南地区コミュニティセンター,天草市新和町小宮地 10821-1,,,,,,,,[],,unmatched,fuzzy_below_threshold,0.857,reference/43000_1.csv,dd6686fa000c3e720180ba96d02aacff987aec1bba3c9bc69a5867fc0089d10d,00001315,51,51,kumamoto_portal_map,2026-08-01T00:28:20+09:00,matched,portal_shelter_id,1.000,32.314685,130.175993,32.31465704,130.1760871,matched,manual_shelter_id,マニュアルジオコーディング(1).csv,35f5dae36fe4e9577c53f227bd933e4604ed40e589ee27a700add2b32438424c,32.31465704,130.1760871,manual_geocoding,manual_shelter_id,complete,0,1,1,0,0,0,0,0,0,0,0,0,0,0,0,0,0
ref:E4321500183111,fcad604dd67799bcafb1,E4321500183111,E4321500183111,天草市,宮田1区公民館,熊本県天草市倉岳町宮田3754-2,宮田1区公民館,熊本県天草市倉岳町宮田3754-2,,,,32.40109332,130.3250701,"[{""共通ID"": ""E4321500183111"", ""経度"": ""130.3250701"", ""緯度"": ""32.40109332""}]",,matched,exact_name_address,1.000,reference/43000_1.csv,17068228366013260d8a1e506e0843bc9c0736e8ec7031a9e384d0d32abd7578,00000478,30,30,kumamoto_portal_map,2026-08-01T00:28:20+09:00,matched,portal_shelter_id,1.000,32.40109332,130.3250701,,,unmatched,manual_no_match,,,32.40109332,130.3250701,gsi_reference,reference_latitude_longitude,complete,0,0,0,0,0,0,0,0,0,0,0,0,0,0,0,0,0
ref:E4321500182111,b966f4e2c7669197b7fe,E4321500182111,E4321500182111,天草市,宮田2区公民館,熊本県天草市倉岳町宮田2487-3,宮田2区公民館,熊本県天草市倉岳町宮田2487-3,,,,32.39967299,130.3164124,"[{""共通ID"": ""E4321500182111"", ""経度"": ""130.3164124"", ""緯度"": ""32.39967299""}]",,matched,exact_name_address,1.000,reference/43000_1.csv,17068228366013260d8a1e506e0843bc9c0736e8ec7031a9e384d0d32abd7578,00000479,30,30,kumamoto_portal_map,2026-08-01T00:28:20+09:00,matched,portal_shelter_id,1.000,32.39967299,130.3164124,,,unmatched,manual_no_match,,,32.39967299,130.3164124,gsi_reference,reference_latitude_longitude,complete,0,0,0,0,0,0,0,0,0,0,0,0,0,0,0,0,0
ref:E4321500180111,71d9d8869dfc49725cbc,E4321500180111,E4321500180111,天草市,宮田5区公民館,熊本県天草市倉岳町宮田1136-1,宮田5区公民館,熊本県天草市倉岳町宮田1136-1,,,,32.39859199,130.3064071,"[{""共通ID"": ""E4321500180111"", ""経度"": ""130.3064071"", ""緯度"": ""32.39859199""}]",,matched,exact_name_address,1.000,reference/43000_1.csv,17068228366013260d8a1e506e0843bc9c0736e8ec7031a9e384d0d32abd7578,00000476,40,40,kumamoto_portal_map,2026-08-01T00:28:20+09:00,matched,portal_shelter_id,1.000,32.39859199,130.3064071,,,unmatched,manual_no_match,,,32.39859199,130.3064071,gsi_reference,reference_latitude_longitude,complete,0,0,0,0,0,0,0,0,0,0,0,0,0,0,0,0,0
web:2a1c5a3cfe8332492c5b,2a1c5a3cfe8332492c5b,,,天草市,宮田地区コミュニティセンター,天草市倉岳町宮田 1327-1,,,,,,,,[],,unmatched,fuzzy_below_threshold,0.841,reference/43000_1.csv,dd6686fa000c3e720180ba96d02aacff987aec1bba3c9bc69a5867fc0089d10d,00001302,190,190,kumamoto_portal_map,2026-08-01T00:28:20+09:00,matched,portal_shelter_id,1.000,32.39852801,130.3092778,32.39853585,130.3092937,matched,manual_shelter_id,マニュアルジオコーディング(1).csv,35f5dae36fe4e9577c53f227bd933e4604ed40e589ee27a700add2b32438424c,32.39853585,130.3092937,manual_geocoding,manual_shelter_id,complete,0,1,1,1,1,0,0,0,0,0,0,0,0,0,0,0,0
ref:E4321500008111,c8e6a34de1f5fd59f161,E4321500008111,E4321500008111,天草市,宮野河内体育館(旧宮野河内中学校体育館),熊本県天草市河浦町宮野河内1160,宮野河内体育館(旧宮野河内中学校体育館),熊本県天草市河浦町宮野河内1160,,,,32.29806712,130.1391815,"[{""共通ID"": ""E4321500008111"", ""経度"": ""130.1391815"", ""緯度"": ""32.29806712""}]",,matched,exact_name_address,1.000,reference/43000_1.csv,17068228366013260d8a1e506e0843bc9c0736e8ec7031a9e384d0d32abd7578,00000537,190,190,kumamoto_portal_map,2026-08-01T00:28:20+09:00,matched,portal_shelter_id,1.000,32.29806712,130.1391815,,,unmatched,manual_no_match,,,32.29806712,130.1391815,gsi_reference,reference_latitude_longitude,complete,0,0,0,0,0,0,0,0,0,0,0,0,0,0,0,0,0
web:d232697bd9411d5c5871,d232697bd9411d5c5871,,,天草市,宮野河内地区コミュニティセンター,天草市河浦町宮野河内337-6,,,,,,,,[],,unmatched,fuzzy_below_threshold,0.763,reference/43000_1.csv,dd6686fa000c3e720180ba96d02aacff987aec1bba3c9bc69a5867fc0089d10d,00001367,215,215,kumamoto_portal_map,2026-08-01T00:28:20+09:00,matched,portal_shelter_id,1.000,32.299253,130.139472,32.29919395,130.1393361,matched,manual_shelter_id,マニュアルジオコーディング(1).csv,35f5dae36fe4e9577c53f227bd933e4604ed40e589ee27a700add2b32438424c,32.29919395,130.1393361,manual_geocoding,manual_shelter_id,complete,0,1,1,0,0,0,0,0,0,0,0,0,0,0,0,0,0
web:9ca1949a4012e9530591,9ca1949a4012e9530591,,,天草市,富津地区コミュニティセンター,天草市河浦町﨑津 1117-2,,,,,,,,[],,unmatched,fuzzy_below_threshold,0.795,reference/43000_1.csv,dd6686fa000c3e720180ba96d02aacff987aec1bba3c9bc69a5867fc0089d10d,00001365,247,247,kumamoto_portal_map,2026-08-01T00:28:20+09:00,matched,portal_shelter_id,1.000,32.31677214,130.0259402,32.31654743,130.0259427,matched,manual_shelter_id,マニュアルジオコーディング(1).csv,35f5dae36fe4e9577c53f227bd933e4604ed40e589ee27a700add2b32438424c,32.31654743,130.0259427,manual_geocoding,manual_shelter_id,complete,0,1,1,0,0,0,0,0,0,0,0,0,0,0,0,0,0
ref:E4321500057111,53435507a70d9516ed49,E4321500057111,E4321500057111,天草市,小串公民館,熊本県天草市五和町御領522-1,小串公民館,熊本県天草市五和町御領522-1,1,,,32.511442,130.19088,"[{""共通ID"": ""E4321500057111"", ""経度"": ""130.19088"", ""緯度"": ""32.511442""}]",,matched,exact_name_address,1.000,reference/43000_1.csv,17068228366013260d8a1e506e0843bc9c0736e8ec7031a9e384d0d32abd7578,00001329,20,20,kumamoto_portal_map,2026-08-01T00:28:20+09:00,matched,portal_shelter_id,1.000,32.511442,130.19088,,,unmatched,manual_no_match,,,32.511442,130.19088,gsi_reference,reference_latitude_longitude,complete,0,0,0,0,0,0,0,0,0,0,0,0,0,0,0,0,0
web:85f56695653aada74623,85f56695653aada74623,,,天草市,小宮地地区コミュニティセンター,天草市新和町小宮地 669-1,,,,,,,,[],,unmatched,fuzzy_below_threshold,0.886,reference/43000_1.csv,dd6686fa000c3e720180ba96d02aacff987aec1bba3c9bc69a5867fc0089d10d,00001312,163,163,kumamoto_portal_map,2026-08-01T00:28:20+09:00,matched,portal_shelter_id,1.000,32.3632767,130.1809777,32.36332355,130.1807998,matched,manual_shelter_id,マニュアルジオコーディング(1).csv,35f5dae36fe4e9577c53f227bd933e4604ed40e589ee27a700add2b32438424c,32.36332355,130.1807998,manual_geocoding,manual_shelter_id,complete,0,1,1,1,1,0,0,0,0,0,0,0,0,0,0,0,0
ref:E4321500236111,d2c43d4ee3ef60756aa7,E4321500236111,E4321500236111,天草市,小島子上地区集会所,熊本県天草市有明町小島子1192-2,小島子上地区集会所,熊本県天草市有明町小島子1192-2,,,,32.47763739,130.2765082,"[{""共通ID"": ""E4321500236111"", ""経度"": ""130.2765082"", ""緯度"": ""32.47763739""}]",,matched,exact_name_address,1.000,reference/43000_1.csv,17068228366013260d8a1e506e0843bc9c0736e8ec7031a9e384d0d32abd7578,00000454,10,10,kumamoto_portal_map,2026-08-01T00:28:20+09:00,matched,portal_shelter_id,1.000,32.47763739,130.2765082,,,unmatched,manual_no_match,,,32.47763739,130.2765082,gsi_reference,reference_latitude_longitude,complete,0,0,0,0,0,0,0,0,0,0,0,0,0,0,0,0,0
ref:E4321500025111,3a347801a836ac61db4d,E4321500025111,E4321500025111,天草市,山の浦生活改善センター,熊本県天草市久玉町1731-9,山の浦生活改善センター,熊本県天草市久玉町1731-9,,,,32.22604714,130.0725117,"[{""共通ID"": ""E4321500025111"", ""経度"": ""130.0725117"", ""緯度"": ""32.22604714""}]",,matched,exact_name_address,1.000,reference/43000_1.csv,17068228366013260d8a1e506e0843bc9c0736e8ec7031a9e384d0d32abd7578,00000440,20,20,kumamoto_portal_map,2026-08-01T00:28:20+09:00,matched,portal_shelter_id,1.000,32.22604714,130.0725117,,,unmatched,manual_no_match,,,32.22604714,130.0725117,gsi_reference,reference_latitude_longitude,complete,0,0,0,0,0,0,0,0,0,0,0,0,0,0,0,0,0
ref:E4321500068111,41cf69b9de591b8f9faf,E4321500068111,E4321500068111,天草市,山浦公民館,熊本県天草市五和町手野2-110,山浦公民館,熊本県天草市五和町手野2-110,,,,32.518745617956,130.12599004089,"[{""共通ID"": ""E4321500068111"", ""経度"": ""130.12599004089"", ""緯度"": ""32.518745617956""}]",,matched,exact_name_address,1.000,reference/43000_1.csv,17068228366013260d8a1e506e0843bc9c0736e8ec7031a9e384d0d32abd7578,,,,,,unmatched,no_candidate,,,,,,unmatched,manual_no_match,,,32.518745617956,130.12599004089,gsi_reference,reference_latitude_longitude,complete,0,0,0,0,0,0,0,0,0,0,0,0,0,0,0,0,0
ref:E4321500168111,fc964827f066fa7b3131,E4321500168111,E4321500168111,天草市,山浦公民館,熊本県天草市栖本町馬場690-1,山浦公民館,熊本県天草市栖本町馬場690-1,1,,,32.42715546,130.268548,"[{""共通ID"": ""E4321500168111"", ""経度"": ""130.268548"", ""緯度"": ""32.42715546""}]",,matched,exact_name_address,1.000,reference/43000_1.csv,17068228366013260d8a1e506e0843bc9c0736e8ec7031a9e384d0d32abd7578,,,,,,ambiguous,coordinate_near_tie,,,,,,unmatched,manual_no_match,,,32.42715546,130.268548,gsi_reference,reference_latitude_longitude,complete,0,0,0,0,0,0,0,0,0,0,0,0,0,0,0,0,0
ref:E4321500255111,f1773de21ad63c6e7f20,E4321500255111,E4321500255111,天草市,島子体育館,熊本県天草市有明町大島子2669,島子体育館,熊本県天草市有明町大島子2669,1,,,32.474382465165,130.25749272897,"[{""共通ID"": ""E4321500255111"", ""経度"": ""130.25749272897"", ""緯度"": ""32.474382465165""}]",,matched,exact_name_address,1.000,reference/43000_1.csv,17068228366013260d8a1e506e0843bc9c0736e8ec7031a9e384d0d32abd7578,00000455,110,110,kumamoto_portal_map,2026-08-01T00:28:20+09:00,matched,portal_shelter_id,1.000,32.474431,130.257602,,,unmatched,manual_no_match,,,32.474382465165,130.25749272897,gsi_reference,reference_latitude_longitude,complete,0,0,0,0,0,0,0,0,0,0,0,0,0,0,0,0,0
web:7660df5b9bbf9b7a3204,7660df5b9bbf9b7a3204,,,天草市,島子地区コミュニティセンター,天草市有明町大島子2669,,,,,,,,[],,unmatched,fuzzy_below_threshold,0.837,reference/43000_1.csv,dd6686fa000c3e720180ba96d02aacff987aec1bba3c9bc69a5867fc0089d10d,00001283,50,50,kumamoto_portal_map,2026-08-01T00:28:20+09:00,matched,portal_shelter_id,1.000,32.4741658551881,130.257103443146,32.47409527,130.257126,matched,manual_shelter_id,マニュアルジオコーディング(1).csv,35f5dae36fe4e9577c53f227bd933e4604ed40e589ee27a700add2b32438424c,32.47409527,130.257126,manual_geocoding,manual_shelter_id,complete,0,1,1,1,1,0,0,0,0,0,0,0,0,0,0,0,0
ref:E4321500083111,375eea61df35584b9780,E4321500083111,E4321500083111,天草市,崎浦自治公民館,熊本県天草市御所浦町横浦1054-7,崎浦自治公民館,熊本県天草市御所浦町横浦1054-7,,,,32.36855995,130.3517615,"[{""共通ID"": ""E4321500083111"", ""経度"": ""130.3517615"", ""緯度"": ""32.36855995""}]",,matched,exact_name_address,1.000,reference/43000_1.csv,17068228366013260d8a1e506e0843bc9c0736e8ec7031a9e384d0d32abd7578,00000462,15,15,kumamoto_portal_map,2026-08-01T00:28:20+09:00,matched,portal_shelter_id,1.000,32.36855995,130.3517615,,,unmatched,manual_no_match,,,32.36855995,130.3517615,gsi_reference,reference_latitude_longitude,complete,0,0,0,0,0,0,0,0,0,0,0,0,0,0,0,0,0
ref:E4321500167111,64070b6a64980d19e87e,E4321500167111,E4321500167111,天草市,川下公民館,熊本県天草市栖本町馬場3775-3,川下公民館,熊本県天草市栖本町馬場3775-3,,,,32.41390041,130.2625004,"[{""共通ID"": ""E4321500167111"", ""経度"": ""130.2625004"", ""緯度"": ""32.41390041""}]",,matched,exact_name_address,1.000,reference/43000_1.csv,17068228366013260d8a1e506e0843bc9c0736e8ec7031a9e384d0d32abd7578,00000486,20,20,kumamoto_portal_map,2026-08-01T00:28:20+09:00,matched,portal_shelter_id,1.000,32.41390041,130.2625004,,,unmatched,manual_no_match,,,32.41390041,130.2625004,gsi_reference,reference_latitude_longitude,complete,0,0,0,0,0,0,0,0,0,0,0,0,0,0,0,0,0
ref:E4321500281121,d76c40250c8b62a451e5,E4321500281121,E4321500281121,天草市,市倉岳支所,熊本県天草市倉岳町棚底1919,市倉岳支所,熊本県天草市倉岳町棚底1919,,,,32.409567,130.340922,"[{""共通ID"": ""E4321500281121"", ""経度"": ""130.340922"", ""緯度"": ""32.409567""}]",,matched,exact_name_address,1.000,reference/43000_1.csv,17068228366013260d8a1e506e0843bc9c0736e8ec7031a9e384d0d32abd7578,00002331,,0,kumamoto_portal_map,2026-08-01T00:28:20+09:00,matched,portal_shelter_id,1.000,32.4096121563765,130.340970754623,,,unmatched,manual_no_match,,,32.409567,130.340922,gsi_reference,reference_latitude_longitude,complete,0,1,1,1,1,0,0,0,0,0,0,0,0,0,0,0,0
web:02bdb832691c0fd6cc77,02bdb832691c0fd6cc77,,,天草市,市天草支所,天草市天草町高浜南 488-1,,,,,,,,[],,unmatched,no_candidate,,reference/43000_1.csv,dd6686fa000c3e720180ba96d02aacff987aec1bba3c9bc69a5867fc0089d10d,00001351,28,28,kumamoto_portal_map,2026-08-01T00:28:20+09:00,matched,portal_shelter_id,1.000,32.37955948,129.9980477,32.37951374,129.9980263,matched,manual_shelter_id,マニュアルジオコーディング(1).csv,35f5dae36fe4e9577c53f227bd933e4604ed40e589ee27a700add2b32438424c,32.37951374,129.9980263,manual_geocoding,manual_shelter_id,complete,0,1,1,1,1,0,0,0,0,0,0,0,0,0,0,0,0
web:1055a7d6968ccd950988,1055a7d6968ccd950988,,,天草市,市御所浦支所,熊本県天草市御所浦町御所浦3527,,,,,,,,[],,unmatched,no_candidate,,reference/43000_1.csv,dd6686fa000c3e720180ba96d02aacff987aec1bba3c9bc69a5867fc0089d10d,00002255,30,30,kumamoto_portal_map,2026-08-01T00:28:20+09:00,matched,portal_shelter_id,1.000,32.337820692362,130.33827748822,32.3401721,130.3390531,matched,manual_shelter_id,マニュアルジオコーディング(1).csv,35f5dae36fe4e9577c53f227bd933e4604ed40e589ee27a700add2b32438424c,32.3401721,130.3390531,manual_geocoding,manual_shelter_id,complete,0,1,1,1,1,0,0,0,0,0,0,0,0,0,0,0,0
web:b86a38b5f389ddb0270b,b86a38b5f389ddb0270b,,,天草市,市栖本支所,天草市栖本町馬場 179,,,,,,,,[],,unmatched,no_candidate,,reference/43000_1.csv,dd6686fa000c3e720180ba96d02aacff987aec1bba3c9bc69a5867fc0089d10d,00001305,690,690,kumamoto_portal_map,2026-08-01T00:28:20+09:00,matched,portal_shelter_id,1.000,32.4220957,130.2727687,32.42207179,130.2728806,matched,manual_shelter_id,マニュアルジオコーディング(1).csv,35f5dae36fe4e9577c53f227bd933e4604ed40e589ee27a700add2b32438424c,32.42207179,130.2728806,manual_geocoding,manual_shelter_id,complete,0,1,1,1,1,0,0,0,0,0,0,0,0,0,0,0,0
web:bdaf5fd9ebb26ea73d8b,bdaf5fd9ebb26ea73d8b,,,天草市,市河浦支所,天草市河浦町河浦 5253,,,,,,,,[],,unmatched,no_candidate,,reference/43000_1.csv,dd6686fa000c3e720180ba96d02aacff987aec1bba3c9bc69a5867fc0089d10d,00001360,264,264,kumamoto_portal_map,2026-08-01T00:28:20+09:00,matched,portal_shelter_id,1.000,32.33287473,130.0792654,32.33285866,130.079452,matched,manual_shelter_id,マニュアルジオコーディング(1).csv,35f5dae36fe4e9577c53f227bd933e4604ed40e589ee27a700add2b32438424c,32.33285866,130.079452,manual_geocoding,manual_shelter_id,complete,0,1,1,1,1,0,0,0,0,0,0,0,0,0,0,0,0
ref:E4321500042121,4ba120ac5934bec2a656,E4321500042121,E4321500042121,天草市,市牛深支所,熊本県天草市牛深町2286-103,市牛深支所,熊本県天草市牛深町2286-103,1,,要配慮者,32.194605339841,130.02668773732,"[{""共通ID"": ""E4321500042121"", ""経度"": ""130.02668773732"", ""緯度"": ""32.194605339841""}]",,matched,exact_name_address,1.000,reference/43000_1.csv,17068228366013260d8a1e506e0843bc9c0736e8ec7031a9e384d0d32abd7578,00002341,90,90,kumamoto_portal_map,2026-08-01T00:28:20+09:00,matched,portal_shelter_id,1.000,32.1946771546242,130.026771822025,,,unmatched,manual_no_match,,,32.194605339841,130.02668773732,gsi_reference,reference_latitude_longitude,complete,0,1,1,1,1,0,0,0,0,0,0,0,0,0,0,0,0
ref:E4321500091111,cc8f8519a145da71e493,E4321500091111,E4321500091111,天草市,御所浦中学校体育館,熊本県天草市御所浦町御所浦3171,御所浦中学校体育館,熊本県天草市御所浦町御所浦3171,,,,32.34579481,130.3442784,"[{""共通ID"": ""E4321500091111"", ""経度"": ""130.3442784"", ""緯度"": ""32.34579481""}]",,matched,exact_name_address,1.000,reference/43000_1.csv,17068228366013260d8a1e506e0843bc9c0736e8ec7031a9e384d0d32abd7578,00000457,400,400,kumamoto_portal_map,2026-08-01T00:28:20+09:00,matched,portal_shelter_id,1.000,32.34579481,130.3442784,,,unmatched,manual_no_match,,,32.34579481,130.3442784,gsi_reference,reference_latitude_longitude,complete,0,0,0,0,0,0,0,0,0,0,0,0,0,0,0,0,0
web:8700ae4060074dc01491,8700ae4060074dc01491,,,天草市,御所浦交流センター,天草市御所浦町御所浦 5875-2,,,,,,,,[],,unmatched,no_candidate,,reference/43000_1.csv,dd6686fa000c3e720180ba96d02aacff987aec1bba3c9bc69a5867fc0089d10d,00001289,90,90,kumamoto_portal_map,2026-08-01T00:28:20+09:00,matched,portal_shelter_id,1.000,32.31106841,130.3278698,32.31116944,130.3278485,matched,manual_shelter_id,マニュアルジオコーディング(1).csv,35f5dae36fe4e9577c53f227bd933e4604ed40e589ee27a700add2b32438424c,32.31116944,130.3278485,manual_geocoding,manual_shelter_id,complete,0,1,1,1,1,0,0,0,0,0,0,0,0,0,0,0,0
ref:E4321500093121,84542ee27cf18bc3ee86,E4321500093121,E4321500093121,天草市,御所浦保健福祉センター,熊本県天草市御所浦町御所浦3527,御所浦保健福祉センター,熊本県天草市御所浦町御所浦3527,,,要配慮者,32.340098595682,130.3390833154,"[{""共通ID"": ""E4321500093121"", ""経度"": ""130.3390833154"", ""緯度"": ""32.340098595682""}]",,matched,exact_name_address,1.000,reference/43000_1.csv,17068228366013260d8a1e506e0843bc9c0736e8ec7031a9e384d0d32abd7578,00002343,30,30,kumamoto_portal_map,2026-08-01T00:28:20+09:00,matched,portal_shelter_id,1.000,32.3400773584564,130.339135681437,,,unmatched,manual_no_match,,,32.340098595682,130.3390833154,gsi_reference,reference_latitude_longitude,complete,0,0,0,0,0,0,0,0,0,0,0,0,0,0,0,0,0
web:6ae9986106e91934a5c1,6ae9986106e91934a5c1,,,天草市,御所浦北地区コミュニティセンター,天草市御所浦町横浦 383-6,,,,,,,,[],,unmatched,fuzzy_below_threshold,0.767,reference/43000_1.csv,dd6686fa000c3e720180ba96d02aacff987aec1bba3c9bc69a5867fc0089d10d,00001293,25,25,kumamoto_portal_map,2026-08-01T00:28:20+09:00,matched,portal_shelter_id,1.000,32.36580451,130.344638,32.36581467,130.3447234,matched,manual_shelter_id,マニュアルジオコーディング(1).csv,35f5dae36fe4e9577c53f227bd933e4604ed40e589ee27a700add2b32438424c,32.36581467,130.3447234,manual_geocoding,manual_shelter_id,complete,0,1,1,1,1,0,0,0,0,0,0,0,0,0,0,0,0
ref:E4321500092111,c7b6d4721c8e8b0c6353,E4321500092111,E4321500092111,天草市,御所浦小学校体育館,熊本県天草市御所浦町御所浦3525-5,御所浦小学校体育館,熊本県天草市御所浦町御所浦3525-5,,,,32.34127808,130.3388732,"[{""共通ID"": ""E4321500092111"", ""経度"": ""130.3388732"", ""緯度"": ""32.34127808""}]",,matched,exact_name_address,1.000,reference/43000_1.csv,17068228366013260d8a1e506e0843bc9c0736e8ec7031a9e384d0d32abd7578,00000456,200,200,kumamoto_portal_map,2026-08-01T00:28:20+09:00,matched,portal_shelter_id,1.000,32.34127808,130.3388732,,,unmatched,manual_no_match,,,32.34127808,130.3388732,gsi_reference,reference_latitude_longitude,complete,0,0,0,0,0,0,0,0,0,0,0,0,0,0,0,0,0
web:f732297c0534a2a3a814,f732297c0534a2a3a814,,,天草市,御所浦診療所,天草市御所浦町御所浦 2081-13,,,,,,,,[],,unmatched,no_candidate,,reference/43000_1.csv,dd6686fa000c3e720180ba96d02aacff987aec1bba3c9bc69a5867fc0089d10d,00001295,20,20,kumamoto_portal_map,2026-08-01T00:28:20+09:00,matched,portal_shelter_id,1.000,32.348443161125,130.35789888564,32.34833973,130.3580343,matched,manual_shelter_id,マニュアルジオコーディング(1).csv,35f5dae36fe4e9577c53f227bd933e4604ed40e589ee27a700add2b32438424c,32.34833973,130.3580343,manual_geocoding,manual_shelter_id,complete,0,1,1,1,1,0,0,0,0,0,0,0,0,0,0,0,0
ref:E4321500060121,3d5a0fce4377fa87b743,E4321500060121,E4321500060121,天草市,御領地区コミュニティセンター,熊本県天草市五和町御領6692-1,御領地区コミュニティセンター,熊本県天草市五和町御領6692-1,1,,要配慮者,32.517830538891,130.18888259453,"[{""共通ID"": ""E4321500060121"", ""経度"": ""130.18888259453"", ""緯度"": ""32.517830538891""}]",,matched,exact_name_address,1.000,reference/43000_1.csv,17068228366013260d8a1e506e0843bc9c0736e8ec7031a9e384d0d32abd7578,00001330,155,155,kumamoto_portal_map,2026-08-01T00:28:20+09:00,matched,portal_shelter_id,1.000,32.5177278178873,130.188921689987,,,unmatched,manual_no_match,,,32.517830538891,130.18888259453,gsi_reference,reference_latitude_longitude,complete,0,1,1,1,1,0,0,0,0,0,0,0,0,0,0,0,0
ref:E4321500066111,0c8f1bef486b9f424657,E4321500066111,E4321500066111,天草市,手野体育館,熊本県天草市五和町手野1-3759,手野体育館,熊本県天草市五和町手野1-3759,,,,32.51525763,130.1497896,"[{""共通ID"": ""E4321500066111"", ""経度"": ""130.1497896"", ""緯度"": ""32.51525763""}]",,matched,exact_name_address,1.000,reference/43000_1.csv,17068228366013260d8a1e506e0843bc9c0736e8ec7031a9e384d0d32abd7578,00000518,120,120,kumamoto_portal_map,2026-08-01T00:28:20+09:00,matched,portal_shelter_id,1.000,32.51525763,130.1497896,,,unmatched,manual_no_match,,,32.51525763,130.1497896,gsi_reference,reference_latitude_longitude,complete,0,0,0,0,0,0,0,0,0,0,0,0,0,0,0,0,0
web:ec9a3008f7789eeaa8fd,ec9a3008f7789eeaa8fd,,,天草市,手野地区コミュニティセンター,天草市五和町手野一丁目 3768-3,,,,,,,,[],,unmatched,fuzzy_below_threshold,0.787,reference/43000_1.csv,dd6686fa000c3e720180ba96d02aacff987aec1bba3c9bc69a5867fc0089d10d,00001342,40,40,kumamoto_portal_map,2026-08-01T00:28:20+09:00,matched,portal_shelter_id,1.000,32.51539619,130.1490472,32.51537916,130.1491765,matched,manual_shelter_id,マニュアルジオコーディング(1).csv,35f5dae36fe4e9577c53f227bd933e4604ed40e589ee27a700add2b32438424c,32.51537916,130.1491765,manual_geocoding,manual_shelter_id,complete,0,1,1,0,0,0,0,0,0,0,0,0,0,0,0,0,0
ref:E4321500155111,4442e3b28f73838f356c,E4321500155111,E4321500155111,天草市,打田公民館,熊本県天草市栖本町打田315,打田公民館,熊本県天草市栖本町打田315,,,,32.42478687,130.2787524,"[{""共通ID"": ""E4321500155111"", ""経度"": ""130.2787524"", ""緯度"": ""32.42478687""}]",,matched,exact_name_address,1.000,reference/43000_1.csv,17068228366013260d8a1e506e0843bc9c0736e8ec7031a9e384d0d32abd7578,00000483,20,20,kumamoto_portal_map,2026-08-01T00:28:20+09:00,matched,portal_shelter_id,1.000,32.42478687,130.2787524,,,unmatched,manual_no_match,,,32.42478687,130.2787524,gsi_reference,reference_latitude_longitude,complete,0,0,0,0,0,0,0,0,0,0,0,0,0,0,0,0,0
ref:E4321500072111,f265890c23ebd063cea8,E4321500072111,E4321500072111,天草市,打越公民館,熊本県天草市五和町城河原1-2962-1,打越公民館,熊本県天草市五和町城河原1-2962-1,,,,32.49826298,130.1585646,"[{""共通ID"": ""E4321500072111"", ""経度"": ""130.1585646"", ""緯度"": ""32.49826298""}]",,matched,exact_name_address,1.000,reference/43000_1.csv,17068228366013260d8a1e506e0843bc9c0736e8ec7031a9e384d0d32abd7578,00000522,20,20,kumamoto_portal_map,2026-08-01T00:28:20+09:00,matched,portal_shelter_id,1.000,32.49826298,130.1585646,,,unmatched,manual_no_match,,,32.49826298,130.1585646,gsi_reference,reference_latitude_longitude,complete,0,0,0,0,0,0,0,0,0,0,0,0,0,0,0,0,0
ref:E4321500014111,6a1862c9978558b48e21,E4321500014111,E4321500014111,天草市,新合体育館(旧新合小学校体育館),熊本県天草市河浦町新合2008-4,新合体育館(旧新合小学校体育館),熊本県天草市河浦町新合2008-4,,,,32.33686505,130.1163361,"[{""共通ID"": ""E4321500014111"", ""経度"": ""130.1163361"", ""緯度"": ""32.33686505""}]",,matched,exact_name_address,1.000,reference/43000_1.csv,17068228366013260d8a1e506e0843bc9c0736e8ec7031a9e384d0d32abd7578,00000532,199,199,kumamoto_portal_map,2026-08-01T00:28:20+09:00,matched,portal_shelter_id,1.000,32.33686505,130.1163361,,,unmatched,manual_no_match,,,32.33686505,130.1163361,gsi_reference,reference_latitude_longitude,complete,0,0,0,0,0,0,0,0,0,0,0,0,0,0,0,0,0
web:e21456c52016af4e6f13,e21456c52016af4e6f13,,,天草市,新合地区コミュニティセンター,天草市河浦町新合 2004-1,,,,,,,,[],,unmatched,fuzzy_below_threshold,0.784,reference/43000_1.csv,dd6686fa000c3e720180ba96d02aacff987aec1bba3c9bc69a5867fc0089d10d,00001357,96,96,kumamoto_portal_map,2026-08-01T00:28:20+09:00,matched,portal_shelter_id,1.000,32.336561149161,130.11593590423,32.33551916,130.1162756,matched,manual_shelter_id,マニュアルジオコーディング(1).csv,35f5dae36fe4e9577c53f227bd933e4604ed40e589ee27a700add2b32438424c,32.33551916,130.1162756,manual_geocoding,manual_shelter_id,complete,0,1,1,0,0,0,0,0,0,0,0,0,0,0,0,0,0
ref:E4321500130111,d731276019fd2143576f,E4321500130111,E4321500130111,天草市,新和B&G海洋センター,熊本県天草市新和町大多尾2138-3,新和B&G海洋センター,熊本県天草市新和町大多尾2138-3,,,,32.34908706,130.2078785,"[{""共通ID"": ""E4321500130111"", ""経度"": ""130.2078785"", ""緯度"": ""32.34908706""}]",,matched,exact_name_address,1.000,reference/43000_1.csv,17068228366013260d8a1e506e0843bc9c0736e8ec7031a9e384d0d32abd7578,00000503,429,429,kumamoto_portal_map,2026-08-01T00:28:20+09:00,matched,portal_shelter_id,1.000,32.34908706,130.2078785,,,unmatched,manual_no_match,,,32.34908706,130.2078785,gsi_reference,reference_latitude_longitude,complete,0,0,0,0,0,0,0,0,0,0,0,0,0,0,0,0,0
ref:E4321500119111,ed613c48e593eab3344d,E4321500119111,E4321500119111,天草市,新和中学校体育館,熊本県天草市新和町小宮地1304,新和中学校体育館,熊本県天草市新和町小宮地1304,,,,32.366457,130.1795398,"[{""共通ID"": ""E4321500119111"", ""経度"": ""130.1795398"", ""緯度"": ""32.366457""}]",,matched,exact_name_address,1.000,reference/43000_1.csv,17068228366013260d8a1e506e0843bc9c0736e8ec7031a9e384d0d32abd7578,00000496,351,351,kumamoto_portal_map,2026-08-01T00:28:20+09:00,matched,portal_shelter_id,1.000,32.366457,130.1795398,,,unmatched,manual_no_match,,,32.366457,130.1795398,gsi_reference,reference_latitude_longitude,complete,0,0,0,0,0,0,0,0,0,0,0,0,0,0,0,0,0
ref:E4321500123111,e2c6ae2bfafdb04aad28,E4321500123111,E4321500123111,天草市,新和体育館,熊本県天草市新和町小宮地722,新和体育館,熊本県天草市新和町小宮地722,,,,32.36647807,130.1818521,"[{""共通ID"": ""E4321500123111"", ""経度"": ""130.1818521"", ""緯度"": ""32.36647807""}]",,matched,exact_name_address,1.000,reference/43000_1.csv,17068228366013260d8a1e506e0843bc9c0736e8ec7031a9e384d0d32abd7578,00000494,338,338,kumamoto_portal_map,2026-08-01T00:28:20+09:00,matched,portal_shelter_id,1.000,32.36647807,130.1818521,,,unmatched,manual_no_match,,,32.36647807,130.1818521,gsi_reference,reference_latitude_longitude,complete,0,0,0,0,0,0,0,0,0,0,0,0,0,0,0,0,0
refgroup:4696064110916068ca10,bd3be39b4dab76954e6c,E4321500124111,E4321500124111;E4321500124121,天草市,新和保健福祉総合センター,熊本県天草市新和町小宮地763-3,新和保健福祉総合センター,熊本県天草市新和町小宮地763-3,,,要配慮者,32.370685,130.185113,"[{""共通ID"": ""E4321500124111"", ""経度"": ""130.185113"", ""緯度"": ""32.370685""}, {""共通ID"": ""E4321500124121"", ""経度"": ""130.18529681179"", ""緯度"": ""32.370673279366""}]",,matched_multiple,exact_name_address,1.000,reference/43000_1.csv,17068228366013260d8a1e506e0843bc9c0736e8ec7031a9e384d0d32abd7578,00000499,201,201,kumamoto_portal_map,2026-08-01T00:28:20+09:00,matched,portal_shelter_id,1.000,32.370673279366,130.18529681179,,,unmatched,manual_no_match,,,32.370685,130.185113,gsi_reference,reference_latitude_longitude,complete,0,1,1,1,1,0,0,0,0,0,0,0,0,0,0,0,0
ref:E4321500120111,57587cd568e154c6f72b,E4321500120111,E4321500120111,天草市,新和小学校体育館,熊本県天草市新和町小宮地620,新和小学校体育館,熊本県天草市新和町小宮地620,,,,32.36297659,130.1809367,"[{""共通ID"": ""E4321500120111"", ""経度"": ""130.1809367"", ""緯度"": ""32.36297659""}]",,matched,exact_name_address,1.000,reference/43000_1.csv,17068228366013260d8a1e506e0843bc9c0736e8ec7031a9e384d0d32abd7578,00000495,152,152,kumamoto_portal_map,2026-08-01T00:28:20+09:00,matched,portal_shelter_id,1.000,32.36297659,130.1809367,,,unmatched,manual_no_match,,,32.36297659,130.1809367,gsi_reference,reference_latitude_longitude,complete,0,0,0,0,0,0,0,0,0,0,0,0,0,0,0,0,0
ref:E4321500033111,b402fbf00856b8e5b4b3,E4321500033111,E4321500033111,天草市,旧宮地岳体育館,熊本県天草市宮地岳町5516,旧宮地岳体育館,熊本県天草市宮地岳町5516,1,,,32.38522963,130.1268334,"[{""共通ID"": ""E4321500033111"", ""経度"": ""130.1268334"", ""緯度"": ""32.38522963""}]",,matched,exact_name_address,1.000,reference/43000_1.csv,17068228366013260d8a1e506e0843bc9c0736e8ec7031a9e384d0d32abd7578,00001242,280,280,kumamoto_portal_map,2026-08-01T00:28:20+09:00,matched,portal_shelter_id,1.000,32.38522963,130.1268334,,,unmatched,manual_no_match,,,32.38522963,130.1268334,gsi_reference,reference_latitude_longitude,complete,0,0,0,0,0,0,0,0,0,0,0,0,0,0,0,0,0
ref:E4321500086111,f61b094ffe497182119d,E4321500086111,E4321500086111,天草市,旧御所浦北中学校,熊本県天草市御所浦町横浦537,旧御所浦北中学校,熊本県天草市御所浦町横浦537,,,,32.370933191901,130.34424402511,"[{""共通ID"": ""E4321500086111"", ""経度"": ""130.34424402511"", ""緯度"": ""32.370933191901""}]",,matched,exact_name_address,1.000,reference/43000_1.csv,17068228366013260d8a1e506e0843bc9c0736e8ec7031a9e384d0d32abd7578,00000460,60,60,kumamoto_portal_map,2026-08-01T00:28:20+09:00,matched,portal_shelter_id,1.000,32.370933191901,130.34424402511,,,unmatched,manual_no_match,,,32.370933191901,130.34424402511,gsi_reference,reference_latitude_longitude,complete,0,0,0,0,0,0,0,0,0,0,0,0,0,0,0,0,0
ref:E4321500222111,1bd3e2049eea2d3de6b7,E4321500222111,E4321500222111,天草市,早浦生活改善センター,熊本県天草市二浦町早浦517-4,早浦生活改善センター,熊本県天草市二浦町早浦517-4,,,,32.27582561,130.0467026,"[{""共通ID"": ""E4321500222111"", ""経度"": ""130.0467026"", ""緯度"": ""32.27582561""}]",,matched,exact_name_address,1.000,reference/43000_1.csv,17068228366013260d8a1e506e0843bc9c0736e8ec7031a9e384d0d32abd7578,00000446,11,11,kumamoto_portal_map,2026-08-01T00:28:20+09:00,matched,portal_shelter_id,1.000,32.27582561,130.0467026,,,unmatched,manual_no_match,,,32.27582561,130.0467026,gsi_reference,reference_latitude_longitude,complete,0,0,0,0,0,0,0,0,0,0,0,0,0,0,0,0,0
ref:E4321500249111,9901bb0c4f122232c12d,E4321500249111,E4321500249111,天草市,有明体育館,熊本県天草市有明町赤崎3383,有明体育館,熊本県天草市有明町赤崎3383,1,,,32.5115285,130.3145123,"[{""共通ID"": ""E4321500249111"", ""経度"": ""130.3145123"", ""緯度"": ""32.5115285""}]",,matched,exact_name_address,1.000,reference/43000_1.csv,17068228366013260d8a1e506e0843bc9c0736e8ec7031a9e384d0d32abd7578,00001274,250,250,kumamoto_portal_map,2026-08-01T00:28:20+09:00,matched,portal_shelter_id,1.000,32.5115285,130.3145123,,,unmatched,manual_no_match,,,32.5115285,130.3145123,gsi_reference,reference_latitude_longitude,complete,0,1,1,0,0,0,0,0,0,0,0,0,0,0,0,0,0
ref:E4321500249121,8985ce83b15d0a599736,E4321500249121,E4321500249121,天草市,有明町民センター,熊本県天草市有明町赤崎3383,有明町民センター,熊本県天草市有明町赤崎3383,1,,要配慮者,32.5130167,130.3144445,"[{""共通ID"": ""E4321500249121"", ""経度"": ""130.3144445"", ""緯度"": ""32.5130167""}]",,matched,exact_name_address,1.000,reference/43000_1.csv,17068228366013260d8a1e506e0843bc9c0736e8ec7031a9e384d0d32abd7578,00000450,134,134,kumamoto_portal_map,2026-08-01T00:28:20+09:00,matched,portal_shelter_id,1.000,32.5130167,130.3144445,,,unmatched,manual_no_match,,,32.5130167,130.3144445,gsi_reference,reference_latitude_longitude,complete,0,1,1,1,1,0,0,0,0,0,0,0,0,0,0,0,0
ref:E4321500228111,b88ca4d7246f9784acce,E4321500228111,E4321500228111,天草市,本渡中学校体育館,熊本県天草市本渡町広瀬5-110,本渡中学校体育館,熊本県天草市本渡町広瀬5-110,,,,32.46522924,130.2048328,"[{""共通ID"": ""E4321500228111"", ""経度"": ""130.2048328"", ""緯度"": ""32.46522924""}]",,matched,exact_name_address,1.000,reference/43000_1.csv,17068228366013260d8a1e506e0843bc9c0736e8ec7031a9e384d0d32abd7578,00000416,670,670,kumamoto_portal_map,2026-08-01T00:28:20+09:00,matched,portal_shelter_id,1.000,32.46522924,130.2048328,,,unmatched,manual_no_match,,,32.46522924,130.2048328,gsi_reference,reference_latitude_longitude,complete,0,0,0,0,0,0,0,0,0,0,0,0,0,0,0,0,0
ref:E4321500223111,eefe61ce0a7ca1af8694,E4321500223111,E4321500223111,天草市,本渡北小学校体育館,熊本県天草市浜崎町3-55,本渡北小学校体育館,熊本県天草市浜崎町3-55,1,,,32.46304515,130.1865508,"[{""共通ID"": ""E4321500223111"", ""経度"": ""130.1865508"", ""緯度"": ""32.46304515""}]",,matched,exact_name_address,1.000,reference/43000_1.csv,17068228366013260d8a1e506e0843bc9c0736e8ec7031a9e384d0d32abd7578,00000417,370,370,kumamoto_portal_map,2026-08-01T00:28:20+09:00,matched,portal_shelter_id,1.000,32.46304515,130.1865508,,,unmatched,manual_no_match,,,32.46304515,130.1865508,gsi_reference,reference_latitude_longitude,complete,0,0,0,0,0,0,0,0,0,0,0,0,0,0,0,0,0
ref:E4321500224111,c5ab0d622ffdf5beb489,E4321500224111,E4321500224111,天草市,本渡北幼稚園,熊本県天草市浜崎町4-9,本渡北幼稚園,熊本県天草市浜崎町4-9,,,,32.46253312,130.1881494,"[{""共通ID"": ""E4321500224111"", ""経度"": ""130.1881494"", ""緯度"": ""32.46253312""}]",,matched,exact_name_address,1.000,reference/43000_1.csv,17068228366013260d8a1e506e0843bc9c0736e8ec7031a9e384d0d32abd7578,,,,,,unmatched,no_candidate,,,,,,unmatched,manual_no_match,,,32.46253312,130.1881494,gsi_reference,reference_latitude_longitude,complete,0,0,0,0,0,0,0,0,0,0,0,0,0,0,0,0,0
ref:E4321500170111,ba8e43209bda4d288c94,E4321500170111,E4321500170111,天草市,本渡南小学校体育館,熊本県天草市川原町4-21,本渡南小学校体育館,熊本県天草市川原町4-21,1,,,32.45609778,130.1846795,"[{""共通ID"": ""E4321500170111"", ""経度"": ""130.1846795"", ""緯度"": ""32.45609778""}]",,matched,exact_name_address,1.000,reference/43000_1.csv,17068228366013260d8a1e506e0843bc9c0736e8ec7031a9e384d0d32abd7578,00000414,430,430,kumamoto_portal_map,2026-08-01T00:28:20+09:00,matched,portal_shelter_id,1.000,32.45609778,130.1846795,,,unmatched,manual_no_match,,,32.45609778,130.1846795,gsi_reference,reference_latitude_longitude,complete,0,0,0,0,0,0,0,0,0,0,0,0,0,0,0,0,0
ref:E4321500112111,4b5912f26577d3dc6744,E4321500112111,E4321500112111,天草市,本渡東中学校体育館,熊本県天草市志柿町5031,本渡東中学校体育館,熊本県天草市志柿町5031,1,,,32.43410606,130.2218263,"[{""共通ID"": ""E4321500112111"", ""経度"": ""130.2218263"", ""緯度"": ""32.43410606""}]",,matched,exact_name_address,1.000,reference/43000_1.csv,17068228366013260d8a1e506e0843bc9c0736e8ec7031a9e384d0d32abd7578,00001233,390,390,kumamoto_portal_map,2026-08-01T00:28:20+09:00,matched,portal_shelter_id,1.000,32.43410606,130.2218263,,,unmatched,manual_no_match,,,32.43410606,130.2218263,gsi_reference,reference_latitude_longitude,complete,0,1,1,0,0,0,0,0,0,0,0,0,0,0,0,0,0
ref:E4321500111111,15e15178d320575cf59d,E4321500111111,E4321500111111,天草市,本渡東小学校体育館,熊本県天草市志柿町5029-5,本渡東小学校体育館,熊本県天草市志柿町5029-5,1,,,32.423449,130.231043,"[{""共通ID"": ""E4321500111111"", ""経度"": ""130.231043"", ""緯度"": ""32.423449""}]",,matched,exact_name_address,1.000,reference/43000_1.csv,17068228366013260d8a1e506e0843bc9c0736e8ec7031a9e384d0d32abd7578,00000425,240,240,kumamoto_portal_map,2026-08-01T00:28:20+09:00,matched,portal_shelter_id,1.000,32.433904,130.222088,,,unmatched,manual_no_match,,,32.423449,130.231043,gsi_reference,reference_latitude_longitude,complete,0,0,0,0,0,0,0,0,0,0,0,0,0,0,0,0,0
ref:E4321500020111,f56dfa54eca7d2dd89c2,E4321500020111,E4321500020111,天草市,本渡看護専門学校体育館,熊本県天草市亀場町亀川12-1,本渡看護専門学校体育館,熊本県天草市亀場町亀川12-1,1,,,32.44555378,130.2007624,"[{""共通ID"": ""E4321500020111"", ""経度"": ""130.2007624"", ""緯度"": ""32.44555378""}]",,matched,exact_name_address,1.000,reference/43000_1.csv,17068228366013260d8a1e506e0843bc9c0736e8ec7031a9e384d0d32abd7578,00000422,160,160,kumamoto_portal_map,2026-08-01T00:28:20+09:00,matched,portal_shelter_id,1.000,32.44555378,130.2007624,,,unmatched,manual_no_match,,,32.44555378,130.2007624,gsi_reference,reference_latitude_longitude,complete,0,0,0,0,0,0,0,0,0,0,0,0,0,0,0,0,0
ref:E4321500225111,5e2c6937b79cdcfc15a8,E4321500225111,E4321500225111,天草市,本町体育館,熊本県天草市本町新休35,本町体育館,熊本県天草市本町新休35,1,,,32.46936687,130.1559883,"[{""共通ID"": ""E4321500225111"", ""経度"": ""130.1559883"", ""緯度"": ""32.46936687""}]",,matched,exact_name_address,1.000,reference/43000_1.csv,17068228366013260d8a1e506e0843bc9c0736e8ec7031a9e384d0d32abd7578,00001237,260,260,kumamoto_portal_map,2026-08-01T00:28:20+09:00,matched,portal_shelter_id,1.000,32.46936687,130.1559883,,,unmatched,manual_no_match,,,32.46936687,130.1559883,gsi_reference,reference_latitude_longitude,complete,0,0,0,0,0,0,0,0,0,0,0,0,0,0,0,0,0
web:146e99abec4ebfe4e970,146e99abec4ebfe4e970,,,天草市,本町地区コミュニティセンター,天草市本町本 832,,,,,,,,[],,unmatched,fuzzy_below_threshold,0.789,reference/43000_1.csv,dd6686fa000c3e720180ba96d02aacff987aec1bba3c9bc69a5867fc0089d10d,00001236,320,320,kumamoto_portal_map,2026-08-01T00:28:20+09:00,matched,portal_shelter_id,1.000,32.46673744,130.131714,32.46665983,130.131687,matched,manual_shelter_id,マニュアルジオコーディング(1).csv,35f5dae36fe4e9577c53f227bd933e4604ed40e589ee27a700add2b32438424c,32.46665983,130.131687,manual_geocoding,manual_shelter_id,complete,0,1,1,0,0,0,0,0,0,0,0,0,0,0,0,0,0
ref:E4321500226111,4b8ea6228584f49e9469,E4321500226111,E4321500226111,天草市,本町小学校体育館,熊本県天草市本町本815,本町小学校体育館,熊本県天草市本町本815,1,,,32.46786039,130.1342791,"[{""共通ID"": ""E4321500226111"", ""経度"": ""130.1342791"", ""緯度"": ""32.46786039""}]",,matched,exact_name_address,1.000,reference/43000_1.csv,17068228366013260d8a1e506e0843bc9c0736e8ec7031a9e384d0d32abd7578,00001238,220,220,kumamoto_portal_map,2026-08-01T00:28:20+09:00,matched,portal_shelter_id,1.000,32.46785170031,130.13414627695,,,unmatched,manual_no_match,,,32.46786039,130.1342791,gsi_reference,reference_latitude_longitude,complete,0,0,0,0,0,0,0,0,0,0,0,0,0,0,0,0,0
ref:E4321500087111,80218feec022a7481bc0,E4321500087111,E4321500087111,天草市,杉浦自治公民館,熊本県天草市御所浦町横浦750-11,杉浦自治公民館,熊本県天草市御所浦町横浦750-11,,,,32.36826235,130.3482073,"[{""共通ID"": ""E4321500087111"", ""経度"": ""130.3482073"", ""緯度"": ""32.36826235""}]",,matched,exact_name_address,1.000,reference/43000_1.csv,17068228366013260d8a1e506e0843bc9c0736e8ec7031a9e384d0d32abd7578,00000461,15,15,kumamoto_portal_map,2026-08-01T00:28:20+09:00,matched,portal_shelter_id,1.000,32.36826235,130.3482073,,,unmatched,manual_no_match,,,32.36826235,130.3482073,gsi_reference,reference_latitude_longitude,complete,0,0,0,0,0,0,0,0,0,0,0,0,0,0,0,0,0
ref:E4321500164111,514d38dafbdc6dba9db9,E4321500164111,E4321500164111,天草市,村公民館,熊本県天草市栖本町馬場216,村公民館,熊本県天草市栖本町馬場216,,,,32.42041871,130.2711345,"[{""共通ID"": ""E4321500164111"", ""経度"": ""130.2711345"", ""緯度"": ""32.42041871""}]",,matched,exact_name_address,1.000,reference/43000_1.csv,17068228366013260d8a1e506e0843bc9c0736e8ec7031a9e384d0d32abd7578,00000485,30,30,kumamoto_portal_map,2026-08-01T00:28:20+09:00,matched,portal_shelter_id,1.000,32.42041871,130.2711345,,,unmatched,manual_no_match,,,32.42041871,130.2711345,gsi_reference,reference_latitude_longitude,complete,0,0,0,0,0,0,0,0,0,0,0,0,0,0,0,0,0
ref:E4321500171111,e41fdf7fd80efc0760c4,E4321500171111,E4321500171111,天草市,松尾公民館,熊本県天草市倉岳町浦1050-2,松尾公民館,熊本県天草市倉岳町浦1050-2,,,,32.42701334,130.3522101,"[{""共通ID"": ""E4321500171111"", ""経度"": ""130.3522101"", ""緯度"": ""32.42701334""}]",,matched,exact_name_address,1.000,reference/43000_1.csv,17068228366013260d8a1e506e0843bc9c0736e8ec7031a9e384d0d32abd7578,00000467,40,40,kumamoto_portal_map,2026-08-01T00:28:20+09:00,matched,portal_shelter_id,1.000,32.42701334,130.3522101,,,unmatched,manual_no_match,,,32.42701334,130.3522101,gsi_reference,reference_latitude_longitude,complete,0,0,0,0,0,0,0,0,0,0,0,0,0,0,0,0,0
ref:E4321500160111,11f6425e4a1d92a98c6f,E4321500160111,E4321500160111,天草市,栖本中学校体育館,熊本県天草市栖本町湯船原690-4,栖本中学校体育館,熊本県天草市栖本町湯船原690-4,,,,32.41614227,130.2753987,"[{""共通ID"": ""E4321500160111"", ""経度"": ""130.2753987"", ""緯度"": ""32.41614227""}]",,matched,exact_name_address,1.000,reference/43000_1.csv,17068228366013260d8a1e506e0843bc9c0736e8ec7031a9e384d0d32abd7578,00000490,500,500,kumamoto_portal_map,2026-08-01T00:28:20+09:00,matched,portal_shelter_id,1.000,32.41614227,130.2753987,,,unmatched,manual_no_match,,,32.41614227,130.2753987,gsi_reference,reference_latitude_longitude,complete,0,0,0,0,0,0,0,0,0,0,0,0,0,0,0,0,0
ref:E4321500152111,0e5560c89339ef0ab7f1,E4321500152111,E4321500152111,天草市,栖本体育館,熊本県天草市栖本町古江153-4,栖本体育館,熊本県天草市栖本町古江153-4,,,,32.40872943,130.2758749,"[{""共通ID"": ""E4321500152111"", ""経度"": ""130.2758749"", ""緯度"": ""32.40872943""}]",,matched,exact_name_address,1.000,reference/43000_1.csv,17068228366013260d8a1e506e0843bc9c0736e8ec7031a9e384d0d32abd7578,00000492,630,630,kumamoto_portal_map,2026-08-01T00:28:20+09:00,matched,portal_shelter_id,1.000,32.40872943,130.2758749,,,unmatched,manual_no_match,,,32.40872943,130.2758749,gsi_reference,reference_latitude_longitude,complete,0,0,0,0,0,0,0,0,0,0,0,0,0,0,0,0,0
web:cf493c040a3bbb7fbe8f,cf493c040a3bbb7fbe8f,,,天草市,栖本地区コミュニティセンター,天草市栖本町河内 4414-1,,,,,,,,[],,unmatched,fuzzy_below_threshold,0.784,reference/43000_1.csv,dd6686fa000c3e720180ba96d02aacff987aec1bba3c9bc69a5867fc0089d10d,00001304,570,570,kumamoto_portal_map,2026-08-01T00:28:20+09:00,matched,portal_shelter_id,1.000,32.44435384,130.3086396,32.44436676,130.3085513,matched,manual_shelter_id,マニュアルジオコーディング(1).csv,35f5dae36fe4e9577c53f227bd933e4604ed40e589ee27a700add2b32438424c,32.44436676,130.3085513,manual_geocoding,manual_shelter_id,complete,0,1,1,0,0,0,0,0,0,0,0,0,0,0,0,0,0
ref:E4321500165111,e93d45316d683f6e0320,E4321500165111,E4321500165111,天草市,栖本小学校体育館,熊本県天草市栖本町馬場25,栖本小学校体育館,熊本県天草市栖本町馬場25,,,,32.42134063,130.2749935,"[{""共通ID"": ""E4321500165111"", ""経度"": ""130.2749935"", ""緯度"": ""32.42134063""}]",,matched,exact_name_address,1.000,reference/43000_1.csv,17068228366013260d8a1e506e0843bc9c0736e8ec7031a9e384d0d32abd7578,00000484,310,310,kumamoto_portal_map,2026-08-01T00:28:20+09:00,matched,portal_shelter_id,1.000,32.42134063,130.2749935,,,unmatched,manual_no_match,,,32.42134063,130.2749935,gsi_reference,reference_latitude_longitude,complete,0,0,0,0,0,0,0,0,0,0,0,0,0,0,0,0,0
ref:E4321500166121,e818f1df6df0c62cbe94,E4321500166121,E4321500166121,天草市,栖本福祉会館,熊本県天草市栖本町馬場3682-1,栖本福祉会館,熊本県天草市栖本町馬場3682-1,1,,要配慮者,32.415794102442,130.26724000371,"[{""共通ID"": ""E4321500166121"", ""経度"": ""130.26724000371"", ""緯度"": ""32.415794102442""}]",,matched,exact_name_address,1.000,reference/43000_1.csv,17068228366013260d8a1e506e0843bc9c0736e8ec7031a9e384d0d32abd7578,00001306,135,135,kumamoto_portal_map,2026-08-01T00:28:20+09:00,matched,portal_shelter_id,1.000,32.41573976,130.2670898,,,unmatched,manual_no_match,,,32.415794102442,130.26724000371,gsi_reference,reference_latitude_longitude,complete,0,1,1,1,0,0,0,0,0,0,0,0,0,0,0,0,0
ref:E4321500190111,7ba41ac18078d6d1e3f1,E4321500190111,E4321500190111,天草市,棚底2区公民館,熊本県天草市倉岳町棚底2210-1,棚底2区公民館,熊本県天草市倉岳町棚底2210-1,,,,32.41317169,130.3335848,"[{""共通ID"": ""E4321500190111"", ""経度"": ""130.3335848"", ""緯度"": ""32.41317169""}]",,matched,exact_name_address,1.000,reference/43000_1.csv,17068228366013260d8a1e506e0843bc9c0736e8ec7031a9e384d0d32abd7578,00000473,60,60,kumamoto_portal_map,2026-08-01T00:28:20+09:00,matched,portal_shelter_id,1.000,32.41317169,130.3335848,,,unmatched,manual_no_match,,,32.41317169,130.3335848,gsi_reference,reference_latitude_longitude,complete,0,0,0,0,0,0,0,0,0,0,0,0,0,0,0,0,0
ref:E4321500192111,dfdab1dc6275fb072a5f,E4321500192111,E4321500192111,天草市,棚底4区公民館,熊本県天草市倉岳町棚底2658-3,棚底4区公民館,熊本県天草市倉岳町棚底2658-3,,,,32.4066857,130.3358195,"[{""共通ID"": ""E4321500192111"", ""経度"": ""130.3358195"", ""緯度"": ""32.4066857""}]",,matched,exact_name_address,1.000,reference/43000_1.csv,17068228366013260d8a1e506e0843bc9c0736e8ec7031a9e384d0d32abd7578,00000474,40,40,kumamoto_portal_map,2026-08-01T00:28:20+09:00,matched,portal_shelter_id,1.000,32.4066857,130.3358195,,,unmatched,manual_no_match,,,32.4066857,130.3358195,gsi_reference,reference_latitude_longitude,complete,0,0,0,0,0,0,0,0,0,0,0,0,0,0,0,0,0
ref:E4321500191111,9fdbf291353f58f36d20,E4321500191111,E4321500191111,天草市,棚底5区公民館,熊本県天草市倉岳町棚底2480-3,棚底5区公民館,熊本県天草市倉岳町棚底2480-3,,,,32.40681174,130.3387668,"[{""共通ID"": ""E4321500191111"", ""経度"": ""130.3387668"", ""緯度"": ""32.40681174""}]",,matched,exact_name_address,1.000,reference/43000_1.csv,17068228366013260d8a1e506e0843bc9c0736e8ec7031a9e384d0d32abd7578,00000475,60,60,kumamoto_portal_map,2026-08-01T00:28:20+09:00,matched,portal_shelter_id,1.000,32.40681174,130.3387668,,,unmatched,manual_no_match,,,32.40681174,130.3387668,gsi_reference,reference_latitude_longitude,complete,0,0,0,0,0,0,0,0,0,0,0,0,0,0,0,0,0
ref:E4321500185111,f1909d4916bbd32fdf35,E4321500185111,E4321500185111,天草市,棚底地区コミュニティセンター,熊本県天草市倉岳町棚底1786-4,棚底地区コミュニティセンター,熊本県天草市倉岳町棚底1786-4,,,,32.41067919,130.3438864,"[{""共通ID"": ""E4321500185111"", ""経度"": ""130.3438864"", ""緯度"": ""32.41067919""}]",,matched,exact_name_address,1.000,reference/43000_1.csv,17068228366013260d8a1e506e0843bc9c0736e8ec7031a9e384d0d32abd7578,00000472,270,270,kumamoto_portal_map,2026-08-01T00:28:20+09:00,matched,portal_shelter_id,1.000,32.41067919,130.3438864,,,unmatched,manual_no_match,,,32.41067919,130.3438864,gsi_reference,reference_latitude_longitude,complete,0,0,0,0,0,0,0,0,0,0,0,0,0,0,0,0,0
ref:E4321500217111,b50660d99c086e92819b,E4321500217111,E4321500217111,天草市,楠浦小学校体育館,熊本県天草市楠浦町2805,楠浦小学校体育館,熊本県天草市楠浦町2805,1,,,32.41334113,130.1982987,"[{""共通ID"": ""E4321500217111"", ""経度"": ""130.1982987"", ""緯度"": ""32.41334113""}]",,matched,exact_name_address,1.000,reference/43000_1.csv,17068228366013260d8a1e506e0843bc9c0736e8ec7031a9e384d0d32abd7578,00000428,180,180,kumamoto_portal_map,2026-08-01T00:28:20+09:00,matched,portal_shelter_id,1.000,32.41334113,130.1982987,,,unmatched,manual_no_match,,,32.41334113,130.1982987,gsi_reference,reference_latitude_longitude,complete,0,0,0,0,0,0,0,0,0,0,0,0,0,0,0,0,0
ref:E4321500260111,b250fe65960b12fcb242,E4321500260111,E4321500260111,天草市,楠甫体育館,熊本県天草市有明町楠甫756,楠甫体育館,熊本県天草市有明町楠甫756,1,,,32.49798206,130.3698484,"[{""共通ID"": ""E4321500260111"", ""経度"": ""130.3698484"", ""緯度"": ""32.49798206""}]",,matched,exact_name_address,1.000,reference/43000_1.csv,17068228366013260d8a1e506e0843bc9c0736e8ec7031a9e384d0d32abd7578,00001265,110,110,kumamoto_portal_map,2026-08-01T00:28:20+09:00,matched,portal_shelter_id,1.000,32.49798206,130.3698484,,,unmatched,manual_no_match,,,32.49798206,130.3698484,gsi_reference,reference_latitude_longitude,complete,0,0,0,0,0,0,0,0,0,0,0,0,0,0,0,0,0
web:f674e88b9cc1931a8ab3,f674e88b9cc1931a8ab3,,,天草市,楠甫地区コミュニティセンター,天草市有明町楠甫 4629-7,,,,,,,,[],,unmatched,fuzzy_below_threshold,0.797,reference/43000_1.csv,dd6686fa000c3e720180ba96d02aacff987aec1bba3c9bc69a5867fc0089d10d,00001264,70,70,kumamoto_portal_map,2026-08-01T00:28:20+09:00,matched,portal_shelter_id,1.000,32.49874925,130.3749112,32.49874134,130.3747644,matched,manual_shelter_id,マニュアルジオコーディング(1).csv,35f5dae36fe4e9577c53f227bd933e4604ed40e589ee27a700add2b32438424c,32.49874134,130.3747644,manual_geocoding,manual_shelter_id,complete,0,1,1,1,1,0,0,0,0,0,0,0,0,0,0,0,0
ref:E4321500005111,3950441daa678ace9435,E4321500005111,E4321500005111,天草市,河浦中央体育館,熊本県天草市河浦町河浦35-24,河浦中央体育館,熊本県天草市河浦町河浦35-24,,,,32.31582136,130.080585,"[{""共通ID"": ""E4321500005111"", ""経度"": ""130.080585"", ""緯度"": ""32.31582136""}]",,matched,exact_name_address,1.000,reference/43000_1.csv,17068228366013260d8a1e506e0843bc9c0736e8ec7031a9e384d0d32abd7578,00000535,902,902,kumamoto_portal_map,2026-08-01T00:28:20+09:00,matched,portal_shelter_id,1.000,32.31582136,130.080585,,,unmatched,manual_no_match,,,32.31582136,130.080585,gsi_reference,reference_latitude_longitude,complete,0,0,0,0,0,0,0,0,0,0,0,0,0,0,0,0,0
ref:E4321500005112,3e32a0b6d2b34b1a4e96,E4321500005112,E4321500005112,天草市,河浦中学校体育館,熊本県天草市河浦町河浦35-24,河浦中学校体育館,熊本県天草市河浦町河浦35-24,,,,32.32087864,130.071841,"[{""共通ID"": ""E4321500005112"", ""経度"": ""130.071841"", ""緯度"": ""32.32087864""}]",,matched,exact_name_address,1.000,reference/43000_1.csv,17068228366013260d8a1e506e0843bc9c0736e8ec7031a9e384d0d32abd7578,00000534,340,340,kumamoto_portal_map,2026-08-01T00:28:20+09:00,matched,portal_shelter_id,1.000,32.32087864,130.071841,,,unmatched,manual_no_match,,,32.32087864,130.071841,gsi_reference,reference_latitude_longitude,complete,0,0,0,0,0,0,0,0,0,0,0,0,0,0,0,0,0
ref:E4321500006111,c2f0b52777f24163144c,E4321500006111,E4321500006111,天草市,河浦小学校体育館,熊本県天草市河浦町河浦4933,河浦小学校体育館,熊本県天草市河浦町河浦4933,,,,32.33217982,130.0784195,"[{""共通ID"": ""E4321500006111"", ""経度"": ""130.0784195"", ""緯度"": ""32.33217982""}]",,matched,exact_name_address,1.000,reference/43000_1.csv,17068228366013260d8a1e506e0843bc9c0736e8ec7031a9e384d0d32abd7578,00000533,250,250,kumamoto_portal_map,2026-08-01T00:28:20+09:00,matched,portal_shelter_id,1.000,32.33217982,130.0784195,,,unmatched,manual_no_match,,,32.33217982,130.0784195,gsi_reference,reference_latitude_longitude,complete,0,0,0,0,0,0,0,0,0,0,0,0,0,0,0,0,0
ref:E4321500162111,eeca3233caa811699119,E4321500162111,E4321500162111,天草市,法真寺,熊本県天草市栖本町湯船原956-1,法真寺,熊本県天草市栖本町湯船原956-1,1,,,32.413678809669,130.27291876112,"[{""共通ID"": ""E4321500162111"", ""経度"": ""130.27291876112"", ""緯度"": ""32.413678809669""}]",,matched,exact_name_address,1.000,reference/43000_1.csv,17068228366013260d8a1e506e0843bc9c0736e8ec7031a9e384d0d32abd7578,00001311,30,30,kumamoto_portal_map,2026-08-01T00:28:20+09:00,matched,portal_shelter_id,1.000,32.41365562,130.2729003,,,unmatched,manual_no_match,,,32.413678809669,130.27291876112,gsi_reference,reference_latitude_longitude,complete,0,0,0,0,0,0,0,0,0,0,0,0,0,0,0,0,0
ref:E4321500264111,9ea1e6ea5b5efb38e457,E4321500264111,E4321500264111,天草市,浅海生活改善センター,熊本県天草市深海町2779-1,浅海生活改善センター,熊本県天草市深海町2779-1,,,,32.244424,130.082438,"[{""共通ID"": ""E4321500264111"", ""経度"": ""130.082438"", ""緯度"": ""32.244424""}]",,matched,exact_name_address,1.000,reference/43000_1.csv,17068228366013260d8a1e506e0843bc9c0736e8ec7031a9e384d0d32abd7578,,,,,,unmatched,no_candidate,,,,,,unmatched,manual_no_match,,,32.244424,130.082438,gsi_reference,reference_latitude_longitude,complete,0,0,0,0,0,0,0,0,0,0,0,0,0,0,0,0,0
ref:E4321500161111,27f5b95a09a60a1fb6c4,E4321500161111,E4321500161111,天草市,浜公民館,熊本県天草市栖本町湯船原787-14,浜公民館,熊本県天草市栖本町湯船原787-14,,,,32.41426212,130.272001,"[{""共通ID"": ""E4321500161111"", ""経度"": ""130.272001"", ""緯度"": ""32.41426212""}]",,matched,exact_name_address,1.000,reference/43000_1.csv,17068228366013260d8a1e506e0843bc9c0736e8ec7031a9e384d0d32abd7578,00000491,20,20,kumamoto_portal_map,2026-08-01T00:28:20+09:00,matched,portal_shelter_id,1.000,32.41426212,130.272001,,,unmatched,manual_no_match,,,32.41426212,130.272001,gsi_reference,reference_latitude_longitude,complete,0,0,0,0,0,0,0,0,0,0,0,0,0,0,0,0,0
ref:E4321500175111,9cdf76d4fdc08f69804e,E4321500175111,E4321500175111,天草市,浦1区公民館,熊本県天草市倉岳町浦3073,浦1区公民館,熊本県天草市倉岳町浦3073,,,,32.43230093,130.3607734,"[{""共通ID"": ""E4321500175111"", ""経度"": ""130.3607734"", ""緯度"": ""32.43230093""}]",,matched,exact_name_address,1.000,reference/43000_1.csv,17068228366013260d8a1e506e0843bc9c0736e8ec7031a9e384d0d32abd7578,00000465,40,40,kumamoto_portal_map,2026-08-01T00:28:20+09:00,matched,portal_shelter_id,1.000,32.43230093,130.3607734,,,unmatched,manual_no_match,,,32.43230093,130.3607734,gsi_reference,reference_latitude_longitude,complete,0,0,0,0,0,0,0,0,0,0,0,0,0,0,0,0,0
ref:E4321500173111,db6d63ff46ea52206e14,E4321500173111,E4321500173111,天草市,浦2区公民館,熊本県天草市倉岳町浦2323-1,浦2区公民館,熊本県天草市倉岳町浦2323-1,,,,32.43755672,130.3461022,"[{""共通ID"": ""E4321500173111"", ""経度"": ""130.3461022"", ""緯度"": ""32.43755672""}]",,matched,exact_name_address,1.000,reference/43000_1.csv,17068228366013260d8a1e506e0843bc9c0736e8ec7031a9e384d0d32abd7578,00000466,40,40,kumamoto_portal_map,2026-08-01T00:28:20+09:00,matched,portal_shelter_id,1.000,32.43755672,130.3461022,,,unmatched,manual_no_match,,,32.43755672,130.3461022,gsi_reference,reference_latitude_longitude,complete,0,0,0,0,0,0,0,0,0,0,0,0,0,0,0,0,0
ref:E4321500178111,387e0fee4958b92f5bb4,E4321500178111,E4321500178111,天草市,浦5区公民館,熊本県天草市倉岳町浦4896,浦5区公民館,熊本県天草市倉岳町浦4896,,,,32.42194472,130.3490051,"[{""共通ID"": ""E4321500178111"", ""経度"": ""130.3490051"", ""緯度"": ""32.42194472""}]",,matched,exact_name_address,1.000,reference/43000_1.csv,17068228366013260d8a1e506e0843bc9c0736e8ec7031a9e384d0d32abd7578,00000469,30,30,kumamoto_portal_map,2026-08-01T00:28:20+09:00,matched,portal_shelter_id,1.000,32.42194472,130.3490051,,,unmatched,manual_no_match,,,32.42194472,130.3490051,gsi_reference,reference_latitude_longitude,complete,0,0,0,0,0,0,0,0,0,0,0,0,0,0,0,0,0
ref:E4321500172111,e33cc23db6c7ceae568d,E4321500172111,E4321500172111,天草市,浦6区公民館,熊本県天草市倉岳町浦1254-8,浦6区公民館,熊本県天草市倉岳町浦1254-8,,,,32.42928012,130.3571099,"[{""共通ID"": ""E4321500172111"", ""経度"": ""130.3571099"", ""緯度"": ""32.42928012""}]",,matched,exact_name_address,1.000,reference/43000_1.csv,17068228366013260d8a1e506e0843bc9c0736e8ec7031a9e384d0d32abd7578,00000464,50,50,kumamoto_portal_map,2026-08-01T00:28:20+09:00,matched,portal_shelter_id,1.000,32.42928012,130.3571099,,,unmatched,manual_no_match,,,32.42928012,130.3571099,gsi_reference,reference_latitude_longitude,complete,0,0,0,0,0,0,0,0,0,0,0,0,0,0,0,0,0
web:53fa579853f8876d5401,53fa579853f8876d5401,,,天草市,浦地区コミュニティセンター,天草市倉岳町浦 3089-1,,,,,,,,[],,unmatched,fuzzy_below_threshold,0.828,reference/43000_1.csv,dd6686fa000c3e720180ba96d02aacff987aec1bba3c9bc69a5867fc0089d10d,00001298,142,142,kumamoto_portal_map,2026-08-01T00:28:20+09:00,matched,portal_shelter_id,1.000,32.43330268,130.3544161,32.43006304,130.3567817,matched,manual_shelter_id,マニュアルジオコーディング(1).csv,35f5dae36fe4e9577c53f227bd933e4604ed40e589ee27a700add2b32438424c,32.43006304,130.3567817,manual_geocoding,manual_shelter_id,complete,0,1,1,1,1,0,0,0,0,0,0,0,0,0,0,0,0
ref:E4321500144111,8670765ce41c77cf0ebe,E4321500144111,E4321500144111,天草市,深海体育館,熊本県天草市深海町4462-3,深海体育館,熊本県天草市深海町4462-3,,,,32.25363332,130.090471,"[{""共通ID"": ""E4321500144111"", ""経度"": ""130.090471"", ""緯度"": ""32.25363332""}]",,matched,exact_name_address,1.000,reference/43000_1.csv,17068228366013260d8a1e506e0843bc9c0736e8ec7031a9e384d0d32abd7578,00000442,119,119,kumamoto_portal_map,2026-08-01T00:28:20+09:00,matched,portal_shelter_id,1.000,32.25363332,130.090471,,,unmatched,manual_no_match,,,32.25363332,130.090471,gsi_reference,reference_latitude_longitude,complete,0,0,0,0,0,0,0,0,0,0,0,0,0,0,0,0,0
web:f1bd1b7a251d1624f125,f1bd1b7a251d1624f125,,,天草市,深海地区コミュニティセンター,天草市深海町 1842-42,,,,,,,,[],,unmatched,fuzzy_below_threshold,0.892,reference/43000_1.csv,dd6686fa000c3e720180ba96d02aacff987aec1bba3c9bc69a5867fc0089d10d,00001260,68,68,kumamoto_portal_map,2026-08-01T00:28:20+09:00,matched,portal_shelter_id,1.000,32.25460538,130.0947642,32.25454083,130.0947428,matched,manual_shelter_id,マニュアルジオコーディング(1).csv,35f5dae36fe4e9577c53f227bd933e4604ed40e589ee27a700add2b32438424c,32.25454083,130.0947428,manual_geocoding,manual_shelter_id,complete,0,1,1,0,0,0,0,0,0,0,0,0,0,0,0,0,0
ref:E4321500158111,940f9b4a9d61286aa3f8,E4321500158111,E4321500158111,天草市,湯上公民館,熊本県天草市栖本町湯船原441-1,湯上公民館,熊本県天草市栖本町湯船原441-1,,,,32.42387441,130.2813849,"[{""共通ID"": ""E4321500158111"", ""経度"": ""130.2813849"", ""緯度"": ""32.42387441""}]",,matched,exact_name_address,1.000,reference/43000_1.csv,17068228366013260d8a1e506e0843bc9c0736e8ec7031a9e384d0d32abd7578,00000487,20,20,kumamoto_portal_map,2026-08-01T00:28:20+09:00,matched,portal_shelter_id,1.000,32.42387441,130.2813849,,,unmatched,manual_no_match,,,32.42387441,130.2813849,gsi_reference,reference_latitude_longitude,complete,0,0,0,0,0,0,0,0,0,0,0,0,0,0,0,0,0
ref:E4321500146111,4a56bacc96e4c0797496,E4321500146111,E4321500146111,天草市,瀬戸保育園,熊本県天草市瀬戸町52,瀬戸保育園,熊本県天草市瀬戸町52,,,,32.44964526,130.2057212,"[{""共通ID"": ""E4321500146111"", ""経度"": ""130.2057212"", ""緯度"": ""32.44964526""}]",,matched,exact_name_address,1.000,reference/43000_1.csv,17068228366013260d8a1e506e0843bc9c0736e8ec7031a9e384d0d32abd7578,00000426,100,100,kumamoto_portal_map,2026-08-01T00:28:20+09:00,matched,portal_shelter_id,1.000,32.44964526,130.2057212,,,unmatched,manual_no_match,,,32.44964526,130.2057212,gsi_reference,reference_latitude_longitude,complete,0,0,0,0,0,0,0,0,0,0,0,0,0,0,0,0,0
ref:E4321500036111,a8f14a8fe8b033f667b5,E4321500036111,E4321500036111,天草市,牛深中学校体育館,熊本県天草市牛深町1211-25,牛深中学校体育館,熊本県天草市牛深町1211-25,,,,32.20097217,130.0144401,"[{""共通ID"": ""E4321500036111"", ""経度"": ""130.0144401"", ""緯度"": ""32.20097217""}]",,matched,exact_name_address,1.000,reference/43000_1.csv,17068228366013260d8a1e506e0843bc9c0736e8ec7031a9e384d0d32abd7578,00000431,222,222,kumamoto_portal_map,2026-08-01T00:28:20+09:00,matched,portal_shelter_id,1.000,32.20097217,130.0144401,,,unmatched,manual_no_match,,,32.20097217,130.0144401,gsi_reference,reference_latitude_longitude,complete,0,0,0,0,0,0,0,0,0,0,0,0,0,0,0,0,0
ref:E4321500276121,116ea2b9a50fc3698595,E4321500276121,E4321500276121,天草市,牛深地区コミュニティセンター,熊本県天草市牛深町122-2,牛深地区コミュニティセンター,熊本県天草市牛深町122-2,,,要配慮者,32.195712,130.025668,"[{""共通ID"": ""E4321500276121"", ""経度"": ""130.025668"", ""緯度"": ""32.195712""}]",,matched,exact_name_address,1.000,reference/43000_1.csv,17068228366013260d8a1e506e0843bc9c0736e8ec7031a9e384d0d32abd7578,00002240,21,21,kumamoto_portal_map,2026-08-01T00:28:20+09:00,matched,portal_shelter_id,1.000,32.195712,130.025668,,,unmatched,manual_no_match,,,32.195712,130.025668,gsi_reference,reference_latitude_longitude,complete,0,0,0,0,0,0,0,0,0,0,0,0,0,0,0,0,0
ref:E4321500040111,734625024b4994024356,E4321500040111,E4321500040111,天草市,牛深小学校体育館,熊本県天草市牛深町1985,牛深小学校体育館,熊本県天草市牛深町1985,,,,32.19700119,130.0187357,"[{""共通ID"": ""E4321500040111"", ""経度"": ""130.0187357"", ""緯度"": ""32.19700119""}]",,matched,exact_name_address,1.000,reference/43000_1.csv,17068228366013260d8a1e506e0843bc9c0736e8ec7031a9e384d0d32abd7578,00000433,189,189,kumamoto_portal_map,2026-08-01T00:28:20+09:00,matched,portal_shelter_id,1.000,32.19700119,130.0187357,,,unmatched,manual_no_match,,,32.19700119,130.0187357,gsi_reference,reference_latitude_longitude,complete,0,0,0,0,0,0,0,0,0,0,0,0,0,0,0,0,0
ref:E4321500028111,5d5aa9802f332f54f99f,E4321500028111,E4321500028111,天草市,牛深東中学校体育館,熊本県天草市久玉町2364,牛深東中学校体育館,熊本県天草市久玉町2364,1,,,32.224978,130.035741,"[{""共通ID"": ""E4321500028111"", ""経度"": ""130.035741"", ""緯度"": ""32.224978""}]",,matched,exact_name_address,1.000,reference/43000_1.csv,17068228366013260d8a1e506e0843bc9c0736e8ec7031a9e384d0d32abd7578,00001252,156,156,kumamoto_portal_map,2026-08-01T00:28:20+09:00,matched,portal_shelter_id,1.000,32.22490751,130.0355989,,,unmatched,manual_no_match,,,32.224978,130.035741,gsi_reference,reference_latitude_longitude,complete,0,0,0,0,0,0,0,0,0,0,0,0,0,0,0,0,0
ref:E4321500026111,e3ee0fdcf460f54e15bb,E4321500026111,E4321500026111,天草市,牛深東小学校体育館,熊本県天草市久玉町1963,牛深東小学校体育館,熊本県天草市久玉町1963,,,,32.22067827,130.0339889,"[{""共通ID"": ""E4321500026111"", ""経度"": ""130.0339889"", ""緯度"": ""32.22067827""}]",,matched,exact_name_address,1.000,reference/43000_1.csv,17068228366013260d8a1e506e0843bc9c0736e8ec7031a9e384d0d32abd7578,00000439,81,81,kumamoto_portal_map,2026-08-01T00:28:20+09:00,matched,portal_shelter_id,1.000,32.22067827,130.0339889,,,unmatched,manual_no_match,,,32.22067827,130.0339889,gsi_reference,reference_latitude_longitude,complete,0,0,0,0,0,0,0,0,0,0,0,0,0,0,0,0,0
ref:E4321500031111,dbf87e108bb30a746733,E4321500031111,E4321500031111,天草市,牛深総合体育館,熊本県天草市久玉町5716-16,牛深総合体育館,熊本県天草市久玉町5716-16,,,,32.21281949,130.0284623,"[{""共通ID"": ""E4321500031111"", ""経度"": ""130.0284623"", ""緯度"": ""32.21281949""}]",,matched,exact_name_address,1.000,reference/43000_1.csv,17068228366013260d8a1e506e0843bc9c0736e8ec7031a9e384d0d32abd7578,00000437,840,840,kumamoto_portal_map,2026-08-01T00:28:20+09:00,matched,portal_shelter_id,1.000,32.21281949,130.0284623,,,unmatched,manual_no_match,,,32.21281949,130.0284623,gsi_reference,reference_latitude_longitude,complete,0,0,0,0,0,0,0,0,0,0,0,0,0,0,0,0,0
ref:E4321500102111,f93b22146f6365378b6b,E4321500102111,E4321500102111,天草市,牧島地区コミュニティセンター,熊本県天草市御所浦町牧島625-7,牧島地区コミュニティセンター,熊本県天草市御所浦町牧島625-7,,,,32.3474935,130.3279952,"[{""共通ID"": ""E4321500102111"", ""経度"": ""130.3279952"", ""緯度"": ""32.3474935""}]",,matched,exact_name_address,1.000,reference/43000_1.csv,17068228366013260d8a1e506e0843bc9c0736e8ec7031a9e384d0d32abd7578,00000459,10,10,kumamoto_portal_map,2026-08-01T00:28:20+09:00,matched,portal_shelter_id,1.000,32.3474935,130.3279952,,,unmatched,manual_no_match,,,32.3474935,130.3279952,gsi_reference,reference_latitude_longitude,complete,0,0,0,0,0,0,0,0,0,0,0,0,0,0,0,0,0
ref:E4321500032111,ac6f1e55ffcca7d653f0,E4321500032111,E4321500032111,天草市,生涯学習センター,熊本県天草市久玉町5716-4,生涯学習センター,熊本県天草市久玉町5716-4,,,,32.21365562,130.0284459,"[{""共通ID"": ""E4321500032111"", ""経度"": ""130.0284459"", ""緯度"": ""32.21365562""}]",,matched,exact_name_address,1.000,reference/43000_1.csv,17068228366013260d8a1e506e0843bc9c0736e8ec7031a9e384d0d32abd7578,00000438,91,91,kumamoto_portal_map,2026-08-01T00:28:20+09:00,matched,portal_shelter_id,1.000,32.21365562,130.0284459,,,unmatched,manual_no_match,,,32.21365562,130.0284459,gsi_reference,reference_latitude_longitude,complete,0,0,0,0,0,0,0,0,0,0,0,0,0,0,0,0,0
ref:E4321500073111,d062e558083763113bde,E4321500073111,E4321500073111,天草市,田代公民館,熊本県天草市五和町城河原2-2083-4,田代公民館,熊本県天草市五和町城河原2-2083-4,,,,32.48732704,130.123846,"[{""共通ID"": ""E4321500073111"", ""経度"": ""130.123846"", ""緯度"": ""32.48732704""}]",,matched,exact_name_address,1.000,reference/43000_1.csv,17068228366013260d8a1e506e0843bc9c0736e8ec7031a9e384d0d32abd7578,00000521,20,20,kumamoto_portal_map,2026-08-01T00:28:20+09:00,matched,portal_shelter_id,1.000,32.48732704,130.123846,,,unmatched,manual_no_match,,,32.48732704,130.123846,gsi_reference,reference_latitude_longitude,complete,0,0,0,0,0,0,0,0,0,0,0,0,0,0,0,0,0
ref:E4321500076111,51f6d06749ca2f685cd4,E4321500076111,E4321500076111,天草市,田向公民館,熊本県天草市五和町二江19-1,田向公民館,熊本県天草市五和町二江19-1,,,,32.5366986,130.1407576,"[{""共通ID"": ""E4321500076111"", ""経度"": ""130.1407576"", ""緯度"": ""32.5366986""}]",,matched,exact_name_address,1.000,reference/43000_1.csv,17068228366013260d8a1e506e0843bc9c0736e8ec7031a9e384d0d32abd7578,00000515,20,20,kumamoto_portal_map,2026-08-01T00:28:20+09:00,matched,portal_shelter_id,1.000,32.5366986,130.1407576,,,unmatched,manual_no_match,,,32.5366986,130.1407576,gsi_reference,reference_latitude_longitude,complete,0,0,0,0,0,0,0,0,0,0,0,0,0,0,0,0,0
ref:E4321500043111,2081675637f8293cae56,E4321500043111,E4321500043111,天草市,真浦区公民館,熊本県天草市牛深町2837-2,真浦区公民館,熊本県天草市牛深町2837-2,,,,32.19397698,130.0211282,"[{""共通ID"": ""E4321500043111"", ""経度"": ""130.0211282"", ""緯度"": ""32.19397698""}]",,matched,exact_name_address,1.000,reference/43000_1.csv,17068228366013260d8a1e506e0843bc9c0736e8ec7031a9e384d0d32abd7578,00000435,13,13,kumamoto_portal_map,2026-08-01T00:28:20+09:00,matched,portal_shelter_id,1.000,32.19397698,130.0211282,,,unmatched,manual_no_match,,,32.19397698,130.0211282,gsi_reference,reference_latitude_longitude,complete,0,0,0,0,0,0,0,0,0,0,0,0,0,0,0,0,0
web:51fab8e86e066c808c1a,51fab8e86e066c808c1a,,,天草市,碇石地区コミュニティセンター,天草市新和町碇石 959,,,,,,,,[],,unmatched,fuzzy_below_threshold,0.780,reference/43000_1.csv,dd6686fa000c3e720180ba96d02aacff987aec1bba3c9bc69a5867fc0089d10d,00001327,57,57,kumamoto_portal_map,2026-08-01T00:28:20+09:00,matched,portal_shelter_id,1.000,32.36210572,130.1507212,32.36208313,130.1507471,matched,manual_shelter_id,マニュアルジオコーディング(1).csv,35f5dae36fe4e9577c53f227bd933e4604ed40e589ee27a700add2b32438424c,32.36208313,130.1507471,manual_geocoding,manual_shelter_id,complete,0,1,1,0,0,0,0,0,0,0,0,0,0,0,0,0,0
ref:E4321500211111,b97522fdfaf41adbfb8d,E4321500211111,E4321500211111,天草市,福連木体育館,熊本県天草市天草町福連木3505-1,福連木体育館,熊本県天草市天草町福連木3505-1,,,,32.41895019,130.0727341,"[{""共通ID"": ""E4321500211111"", ""経度"": ""130.0727341"", ""緯度"": ""32.41895019""}]",,matched,exact_name_address,1.000,reference/43000_1.csv,17068228366013260d8a1e506e0843bc9c0736e8ec7031a9e384d0d32abd7578,00000523,112,112,kumamoto_portal_map,2026-08-01T00:28:20+09:00,matched,portal_shelter_id,1.000,32.41895019,130.0727341,,,unmatched,manual_no_match,,,32.41895019,130.0727341,gsi_reference,reference_latitude_longitude,complete,0,0,0,0,0,0,0,0,0,0,0,0,0,0,0,0,0
web:e5183aee4b4e8011db6b,e5183aee4b4e8011db6b,,,天草市,福連木地区コミュニティセンター,天草市天草町福連木 3645-2,,,,,,,,[],,unmatched,fuzzy_below_threshold,0.767,reference/43000_1.csv,dd6686fa000c3e720180ba96d02aacff987aec1bba3c9bc69a5867fc0089d10d,00001345,45,45,kumamoto_portal_map,2026-08-01T00:28:20+09:00,matched,portal_shelter_id,1.000,32.42061449,130.0719446,32.42060427,130.071913,matched,manual_shelter_id,マニュアルジオコーディング(1).csv,35f5dae36fe4e9577c53f227bd933e4604ed40e589ee27a700add2b32438424c,32.42060427,130.071913,manual_geocoding,manual_shelter_id,complete,0,1,1,0,0,0,0,0,0,0,0,0,0,0,0,0,0
ref:E4321500151111,313784e1ec57cdede5d5,E4321500151111,E4321500151111,天草市,稚児﨑公民館,熊本県天草市栖本町古江1115-1,稚児﨑公民館,熊本県天草市栖本町古江1115-1,,,,32.40451117,130.2863454,"[{""共通ID"": ""E4321500151111"", ""経度"": ""130.2863454"", ""緯度"": ""32.40451117""}]",,matched,exact_name_address,1.000,reference/43000_1.csv,17068228366013260d8a1e506e0843bc9c0736e8ec7031a9e384d0d32abd7578,00000493,20,20,kumamoto_portal_map,2026-08-01T00:28:20+09:00,matched,portal_shelter_id,1.000,32.40451117,130.2863454,,,unmatched,manual_no_match,,,32.40451117,130.2863454,gsi_reference,reference_latitude_longitude,complete,0,0,0,0,0,0,0,0,0,0,0,0,0,0,0,0,0
ref:E4321500021111,08e817bed39126dfd6fe,E4321500021111,E4321500021111,天草市,稜南中学校体育館,熊本県天草市亀場町亀川1425,稜南中学校体育館,熊本県天草市亀場町亀川1425,1,,,32.43615692,130.1963457,"[{""共通ID"": ""E4321500021111"", ""経度"": ""130.1963457"", ""緯度"": ""32.43615692""}]",,matched,exact_name_address,1.000,reference/43000_1.csv,17068228366013260d8a1e506e0843bc9c0736e8ec7031a9e384d0d32abd7578,00001227,690,690,kumamoto_portal_map,2026-08-01T00:28:20+09:00,matched,portal_shelter_id,1.000,32.43615692,130.1963457,,,unmatched,manual_no_match,,,32.43615692,130.1963457,gsi_reference,reference_latitude_longitude,complete,0,1,1,1,1,0,0,0,0,0,0,0,0,0,0,0,0
ref:E4321500048111,ef070e037168449e7053,E4321500048111,E4321500048111,天草市,茂串体育館,熊本県天草市牛深町599,茂串体育館,熊本県天草市牛深町599,1,,,32.21800765,130.0095629,"[{""共通ID"": ""E4321500048111"", ""経度"": ""130.0095629"", ""緯度"": ""32.21800765""}]",,matched,exact_name_address,1.000,reference/43000_1.csv,17068228366013260d8a1e506e0843bc9c0736e8ec7031a9e384d0d32abd7578,00001244,255,255,kumamoto_portal_map,2026-08-01T00:28:20+09:00,matched,portal_shelter_id,1.000,32.21800765,130.0137819,,,unmatched,manual_no_match,,,32.21800765,130.0095629,gsi_reference,reference_latitude_longitude,complete,0,0,0,0,0,0,0,0,0,0,0,0,0,0,0,0,0
ref:E4321500259111,7d0fbbe984decb182f32,E4321500259111,E4321500259111,天草市,蛤里地区集会所,熊本県天草市有明町楠甫5791-1,蛤里地区集会所,熊本県天草市有明町楠甫5791-1,,,,32.51404434,130.3839537,"[{""共通ID"": ""E4321500259111"", ""経度"": ""130.3839537"", ""緯度"": ""32.51404434""}]",,matched,exact_name_address,1.000,reference/43000_1.csv,17068228366013260d8a1e506e0843bc9c0736e8ec7031a9e384d0d32abd7578,00000448,10,10,kumamoto_portal_map,2026-08-01T00:28:20+09:00,matched,portal_shelter_id,1.000,32.51404434,130.3839537,,,unmatched,manual_no_match,,,32.51404434,130.3839537,gsi_reference,reference_latitude_longitude,complete,0,0,0,0,0,0,0,0,0,0,0,0,0,0,0,0,0
web:20f30f4d976c295dd5d1,20f30f4d976c295dd5d1,,,天草市,複合施設ここらす,天草市浄南町4-15,,,,,,,,[],,unmatched,no_candidate,,reference/43000_1.csv,dd6686fa000c3e720180ba96d02aacff987aec1bba3c9bc69a5867fc0089d10d,00002199,90,90,kumamoto_portal_map,2026-08-01T00:28:20+09:00,matched,portal_shelter_id,1.000,32.449802639656,130.19594928708,32.44986593,130.1958734,matched,manual_shelter_id,マニュアルジオコーディング(1).csv,35f5dae36fe4e9577c53f227bd933e4604ed40e589ee27a700add2b32438424c,32.44986593,130.1958734,manual_geocoding,manual_shelter_id,complete,0,1,1,1,1,0,0,0,0,0,0,0,0,0,0,0,0
ref:E4321500159111,96690afc2f5f245c1363,E4321500159111,E4321500159111,天草市,西真寺,熊本県天草市栖本町湯船原458,西真寺,熊本県天草市栖本町湯船原458,,,,32.42335436074,130.28085032168,"[{""共通ID"": ""E4321500159111"", ""経度"": ""130.28085032168"", ""緯度"": ""32.42335436074""}]",,matched,exact_name_address,1.000,reference/43000_1.csv,17068228366013260d8a1e506e0843bc9c0736e8ec7031a9e384d0d32abd7578,00000488,50,50,kumamoto_portal_map,2026-08-01T00:28:20+09:00,matched,portal_shelter_id,1.000,32.42335436074,130.28085032168,,,unmatched,manual_no_match,,,32.42335436074,130.28085032168,gsi_reference,reference_latitude_longitude,complete,0,0,0,0,0,0,0,0,0,0,0,0,0,0,0,0,0
ref:E4321500246111,347ded1baf3679c14202,E4321500246111,E4321500246111,天草市,赤崎体育館,熊本県天草市有明町赤崎1764,赤崎体育館,熊本県天草市有明町赤崎1764,,,,32.51447538,130.3229744,"[{""共通ID"": ""E4321500246111"", ""経度"": ""130.3229744"", ""緯度"": ""32.51447538""}]",,matched,exact_name_address,1.000,reference/43000_1.csv,17068228366013260d8a1e506e0843bc9c0736e8ec7031a9e384d0d32abd7578,00000451,110,110,kumamoto_portal_map,2026-08-01T00:28:20+09:00,matched,portal_shelter_id,1.000,32.51447538,130.3229744,,,unmatched,manual_no_match,,,32.51447538,130.3229744,gsi_reference,reference_latitude_longitude,complete,0,0,0,0,0,0,0,0,0,0,0,0,0,0,0,0,0
web:bb3ddc9c05220a13d6f6,bb3ddc9c05220a13d6f6,,,天草市,赤崎地区コミュニティセンター,天草市有明町赤崎 1801-1,,,,,,,,[],,unmatched,fuzzy_below_threshold,0.797,reference/43000_1.csv,dd6686fa000c3e720180ba96d02aacff987aec1bba3c9bc69a5867fc0089d10d,00001273,50,50,kumamoto_portal_map,2026-08-01T00:28:20+09:00,matched,portal_shelter_id,1.000,32.51738354,130.3203967,32.51738062,130.3204142,matched,manual_shelter_id,マニュアルジオコーディング(1).csv,35f5dae36fe4e9577c53f227bd933e4604ed40e589ee27a700add2b32438424c,32.51738062,130.3204142,manual_geocoding,manual_shelter_id,complete,0,1,1,1,1,0,0,0,0,0,0,0,0,0,0,0,0
ref:E4321500088111,7fbe0af5d10fe8bccb5f,E4321500088111,E4321500088111,天草市,越地自治公民館,熊本県天草市御所浦町御所浦1956-2,越地自治公民館,熊本県天草市御所浦町御所浦1956-2,,,,32.346197,130.362133,"[{""共通ID"": ""E4321500088111"", ""経度"": ""130.362133"", ""緯度"": ""32.346197""}]",,matched,exact_name_address,1.000,reference/43000_1.csv,17068228366013260d8a1e506e0843bc9c0736e8ec7031a9e384d0d32abd7578,00000463,15,15,kumamoto_portal_map,2026-08-01T00:28:20+09:00,matched,portal_shelter_id,1.000,32.346197,130.362133,,,unmatched,manual_no_match,,,32.346197,130.362133,gsi_reference,reference_latitude_longitude,complete,0,0,0,0,0,0,0,0,0,0,0,0,0,0,0,0,0
ref:E4321500082111,f7c5a1c4de520018df50,E4321500082111,E4321500082111,天草市,通詞島多目的集会所,熊本県天草市五和町二江68-17,通詞島多目的集会所,熊本県天草市五和町二江68-17,,,,32.55090219,130.1225896,"[{""共通ID"": ""E4321500082111"", ""経度"": ""130.1225896"", ""緯度"": ""32.55090219""}]",,matched,exact_name_address,1.000,reference/43000_1.csv,17068228366013260d8a1e506e0843bc9c0736e8ec7031a9e384d0d32abd7578,00001338,80,80,kumamoto_portal_map,2026-08-01T00:28:20+09:00,matched,portal_shelter_id,1.000,32.55090219,130.1225896,,,unmatched,manual_no_match,,,32.55090219,130.1225896,gsi_reference,reference_latitude_longitude,complete,0,0,0,0,0,0,0,0,0,0,0,0,0,0,0,0,0
ref:E4321500107111,2d40c984e2cedb212a1a,E4321500107111,E4321500107111,天草市,金ヶ丘団地集会所,熊本県天草市佐伊津町5910,金ヶ丘団地集会所,熊本県天草市佐伊津町5910,,,,32.49785333,130.1924828,"[{""共通ID"": ""E4321500107111"", ""経度"": ""130.1924828"", ""緯度"": ""32.49785333""}]",,matched,exact_name_address,1.000,reference/43000_1.csv,17068228366013260d8a1e506e0843bc9c0736e8ec7031a9e384d0d32abd7578,00000430,20,20,kumamoto_portal_map,2026-08-01T00:28:20+09:00,matched,portal_shelter_id,1.000,32.49785333,130.1924828,,,unmatched,manual_no_match,,,32.49785333,130.1924828,gsi_reference,reference_latitude_longitude,complete,0,0,0,0,0,0,0,0,0,0,0,0,0,0,0,0,0
ref:E4321500002111,a23a1709c3b13c45fd9b,E4321500002111,E4321500002111,天草市,金焼体育館,熊本県天草市下浦町9475,金焼体育館,熊本県天草市下浦町9475,,,,32.398061549767,130.25233654242,"[{""共通ID"": ""E4321500002111"", ""経度"": ""130.25233654242"", ""緯度"": ""32.398061549767""}]",,matched,exact_name_address,1.000,reference/43000_1.csv,17068228366013260d8a1e506e0843bc9c0736e8ec7031a9e384d0d32abd7578,00000427,260,260,kumamoto_portal_map,2026-08-01T00:28:20+09:00,matched,portal_shelter_id,1.000,32.398061549767,130.25233654242,,,unmatched,manual_no_match,,,32.398061549767,130.25233654242,gsi_reference,reference_latitude_longitude,complete,0,0,0,0,0,0,0,0,0,0,0,0,0,0,0,0,0
ref:E4321500133111,e1d6fc59e5d8924badbf,E4321500133111,E4321500133111,天草市,長野公民分館,熊本県天草市新和町大多尾3947-6,長野公民分館,熊本県天草市新和町大多尾3947-6,,,,32.3685015,130.2143715,"[{""共通ID"": ""E4321500133111"", ""経度"": ""130.2143715"", ""緯度"": ""32.3685015""}]",,matched,exact_name_address,1.000,reference/43000_1.csv,17068228366013260d8a1e506e0843bc9c0736e8ec7031a9e384d0d32abd7578,00000505,7,7,kumamoto_portal_map,2026-08-01T00:28:20+09:00,matched,portal_shelter_id,1.000,32.3685015,130.2143715,,,unmatched,manual_no_match,,,32.3685015,130.2143715,gsi_reference,reference_latitude_longitude,complete,0,0,0,0,0,0,0,0,0,0,0,0,0,0,0,0,0
ref:E4321500035111,b110e11dc8bb03db21ed,E4321500035111,E4321500035111,天草市,須口地区健康管理増進施設,熊本県天草市牛深町1081-91,須口地区健康管理増進施設,熊本県天草市牛深町1081-91,,,,32.20116665,130.0084653,"[{""共通ID"": ""E4321500035111"", ""経度"": ""130.0084653"", ""緯度"": ""32.20116665""}]",,matched,exact_name_address,1.000,reference/43000_1.csv,17068228366013260d8a1e506e0843bc9c0736e8ec7031a9e384d0d32abd7578,00000432,68,68,kumamoto_portal_map,2026-08-01T00:28:20+09:00,matched,portal_shelter_id,1.000,32.20116665,130.0084653,,,unmatched,manual_no_match,,,32.20116665,130.0084653,gsi_reference,reference_latitude_longitude,complete,0,0,0,0,0,0,0,0,0,0,0,0,0,0,0,0,0
web:002fb4abee3c5a856833,002fb4abee3c5a856833,,,天草市,須子地区コミュニティセンター(大会議室),天草市有明町須子 2082-3,,,,,,,,[],,unmatched,no_candidate,,reference/43000_1.csv,dd6686fa000c3e720180ba96d02aacff987aec1bba3c9bc69a5867fc0089d10d,00001270,20,20,kumamoto_portal_map,2026-08-01T00:28:20+09:00,matched,portal_shelter_id,1.000,32.51404315,130.3419451,32.51409456,130.3420303,matched,manual_shelter_id,マニュアルジオコーディング(1).csv,35f5dae36fe4e9577c53f227bd933e4604ed40e589ee27a700add2b32438424c,32.51409456,130.3420303,manual_geocoding,manual_shelter_id,complete,0,1,1,1,1,0,0,0,0,0,0,0,0,0,0,0,0
ref:E4321500202121,25bcb3110dcca95d42ea,E4321500202121,E4321500202121,天草市,高浜地区コミュニティセンター,熊本県天草市天草町高浜南501-1,高浜地区コミュニティセンター,熊本県天草市天草町高浜南501-1,1,,要配慮者,32.37838933,129.9975277,"[{""共通ID"": ""E4321500202121"", ""経度"": ""129.9975277"", ""緯度"": ""32.37838933""}]",,matched,exact_name_address,1.000,reference/43000_1.csv,17068228366013260d8a1e506e0843bc9c0736e8ec7031a9e384d0d32abd7578,00001352,70,70,kumamoto_portal_map,2026-08-01T00:28:20+09:00,matched,portal_shelter_id,1.000,32.37838933,129.9975277,,,unmatched,manual_no_match,,,32.37838933,129.9975277,gsi_reference,reference_latitude_longitude,complete,0,0,0,0,0,0,0,0,0,0,0,0,0,0,0,0,0
ref:E4321500126111,7fc6a3d503e58654dd2b,E4321500126111,E4321500126111,天草市,高見公民分館,熊本県天草市新和町大宮地1346,高見公民分館,熊本県天草市新和町大宮地1346,,,,32.38833952,130.1780826,"[{""共通ID"": ""E4321500126111"", ""経度"": ""130.1780826"", ""緯度"": ""32.38833952""}]",,matched,exact_name_address,1.000,reference/43000_1.csv,17068228366013260d8a1e506e0843bc9c0736e8ec7031a9e384d0d32abd7578,00000502,7,7,kumamoto_portal_map,2026-08-01T00:28:20+09:00,matched,portal_shelter_id,1.000,32.38833952,130.1780826,,,unmatched,manual_no_match,,,32.38833952,130.1780826,gsi_reference,reference_latitude_longitude,complete,0,0,0,0,0,0,0,0,0,0,0,0,0,0,0,0,0
ref:E4321500277111,d9fab85ae98fccb4c9c0,E4321500277111,E4321500277111,天草市,鬼塚公民館,熊本県天草市牛深町2058,鬼塚公民館,熊本県天草市牛深町2058,,,,32.19708,130.016855,"[{""共通ID"": ""E4321500277111"", ""経度"": ""130.016855"", ""緯度"": ""32.19708""}]",,matched,exact_name_address,1.000,reference/43000_1.csv,17068228366013260d8a1e506e0843bc9c0736e8ec7031a9e384d0d32abd7578,,,,,,unmatched,no_candidate,,,,,,unmatched,manual_no_match,,,32.19708,130.016855,gsi_reference,reference_latitude_longitude,complete,0,0,0,0,0,0,0,0,0,0,0,0,0,0,0,0,0
ref:E4321500053111,021e51fc4c057a4d4f63,E4321500053111,E4321500053111,天草市,鬼池体育館,熊本県天草市五和町鬼池1184,鬼池体育館,熊本県天草市五和町鬼池1184,1,,,32.54657671,130.1810308,"[{""共通ID"": ""E4321500053111"", ""経度"": ""130.1810308"", ""緯度"": ""32.54657671""}]",,matched,exact_name_address,1.000,reference/43000_1.csv,17068228366013260d8a1e506e0843bc9c0736e8ec7031a9e384d0d32abd7578,00000512,100,100,kumamoto_portal_map,2026-08-01T00:28:20+09:00,matched,portal_shelter_id,1.000,32.54657671,130.1810308,,,unmatched,manual_no_match,,,32.54657671,130.1810308,gsi_reference,reference_latitude_longitude,complete,0,0,0,0,0,0,0,0,0,0,0,0,0,0,0,0,0
ref:E4321500050111,468333bc2b3029124c61,E4321500050111,E4321500050111,天草市,魚貫地区コミュニティセンター,熊本県天草市魚貫町2129,魚貫地区コミュニティセンター,熊本県天草市魚貫町2129,,,,32.23957339,130.0109142,"[{""共通ID"": ""E4321500050111"", ""経度"": ""130.0109142"", ""緯度"": ""32.23957339""}]",,matched,exact_name_address,1.000,reference/43000_1.csv,17068228366013260d8a1e506e0843bc9c0736e8ec7031a9e384d0d32abd7578,00000441,57,57,kumamoto_portal_map,2026-08-01T00:28:20+09:00,matched,portal_shelter_id,1.000,32.23957339,130.0109142,,,unmatched,manual_no_match,,,32.23957339,130.0109142,gsi_reference,reference_latitude_longitude,complete,0,0,0,0,0,0,0,0,0,0,0,0,0,0,0,0,0
ref:E4321100032111,8f2d8108d25eedd9be3a,E4321100032111,E4321100032111,宇土市,JR住吉駅前駐輪場,熊本県宇土市住吉町836-4,JR住吉駅前駐輪場,熊本県宇土市住吉町836-4,,,,32.70195,130.597776,"[{""共通ID"": ""E4321100032111"", ""経度"": ""130.597776"", ""緯度"": ""32.70195""}]",,matched,exact_name_address,1.000,reference/43000_1.csv,17068228366013260d8a1e506e0843bc9c0736e8ec7031a9e384d0d32abd7578,00001020,15,15,kumamoto_portal_map,2026-08-01T00:28:20+09:00,matched,portal_shelter_id,1.000,32.705407,130.594194,,,unmatched,manual_no_match,,,32.70195,130.597776,gsi_reference,reference_latitude_longitude,complete,0,0,0,0,0,0,0,0,0,0,0,0,0,0,0,0,0
ref:E4321100005111,fff4c48cab0663e59d38,E4321100005111,E4321100005111,宇土市,ecowin宇土アリーナ(宇土市民体育館),熊本県宇土市旭町504,ecowin宇土アリーナ(宇土市民体育館),熊本県宇土市旭町504,,,,32.684215,130.664516,"[{""共通ID"": ""E4321100005111"", ""経度"": ""130.664516"", ""緯度"": ""32.684215""}]",,matched,exact_name_address,1.000,reference/43000_1.csv,17068228366013260d8a1e506e0843bc9c0736e8ec7031a9e384d0d32abd7578,00000381,1441,1441,kumamoto_portal_map,2026-08-01T00:28:20+09:00,matched,portal_shelter_id,1.000,32.684182,130.664418,,,unmatched,manual_no_match,,,32.684215,130.664516,gsi_reference,reference_latitude_longitude,complete,0,0,0,0,0,0,0,0,0,0,0,0,0,1,1,1,1
ref:E4321100002121,04cd9952dea2d97d9a60,E4321100002121,E4321100002121,宇土市,あさひコート,熊本県宇土市旭町106,あさひコート,熊本県宇土市旭町106,,,要配慮者,32.688052,130.665217,"[{""共通ID"": ""E4321100002121"", ""経度"": ""130.665217"", ""緯度"": ""32.688052""}]",,matched,exact_name_address,1.000,reference/43000_1.csv,17068228366013260d8a1e506e0843bc9c0736e8ec7031a9e384d0d32abd7578,00000404,5,5,kumamoto_portal_map,2026-08-01T00:28:20+09:00,matched,portal_shelter_id,1.000,32.687982,130.665143,,,unmatched,manual_no_match,,,32.688052,130.665217,gsi_reference,reference_latitude_longitude,complete,0,0,0,0,0,0,0,0,0,0,0,0,0,0,0,0,0
ref:E4321100068111,acc2e1957819a0eafb59,E4321100068111,E4321100068111,宇土市,あじさいの湯,熊本県宇土市網津町2283,あじさいの湯,熊本県宇土市網津町2283,,,,32.689156634362,130.5983087119,"[{""共通ID"": ""E4321100068111"", ""経度"": ""130.5983087119"", ""緯度"": ""32.689156634362""}]",,matched,exact_name_address,1.000,reference/43000_1.csv,17068228366013260d8a1e506e0843bc9c0736e8ec7031a9e384d0d32abd7578,,,,,,unmatched,no_candidate,,,,,,unmatched,manual_no_match,,,32.689156634362,130.5983087119,gsi_reference,reference_latitude_longitude,complete,0,0,0,0,0,0,0,0,0,0,0,0,0,0,0,0,0
ref:E4321100043121,8ef97e04d66b2173ede8,E4321100043121,E4321100043121,宇土市,ケアコートうと本町,熊本県宇土市新小路町2,ケアコートうと本町,熊本県宇土市新小路町2,,,要配慮者,32.686449,130.663643,"[{""共通ID"": ""E4321100043121"", ""経度"": ""130.663643"", ""緯度"": ""32.686449""}]",,matched,exact_name_address,1.000,reference/43000_1.csv,17068228366013260d8a1e506e0843bc9c0736e8ec7031a9e384d0d32abd7578,00000405,5,5,kumamoto_portal_map,2026-08-01T00:28:20+09:00,matched,portal_shelter_id,1.000,32.686448,130.663643,,,unmatched,manual_no_match,,,32.686449,130.663643,gsi_reference,reference_latitude_longitude,complete,0,0,0,0,0,0,0,0,0,0,0,0,0,0,0,0,0
ref:E4321100044111,efb192994823410ba03e,E4321100044111,E4321100044111,宇土市,中央公民館,熊本県宇土市新小路町96-1,中央公民館,熊本県宇土市新小路町96-1,,,,32.684445765842,130.66177130328,"[{""共通ID"": ""E4321100044111"", ""経度"": ""130.66177130328"", ""緯度"": ""32.684445765842""}]",,matched,exact_name_address,1.000,reference/43000_1.csv,17068228366013260d8a1e506e0843bc9c0736e8ec7031a9e384d0d32abd7578,,,,,,unmatched,no_candidate,,,,,,unmatched,manual_no_match,,,32.684445765842,130.66177130328,gsi_reference,reference_latitude_longitude,complete,0,0,0,0,0,0,0,0,0,0,0,0,0,0,0,0,0
ref:E4321100029111,5805753df59e69719be2,E4321100029111,E4321100029111,宇土市,住吉中学校体育館,熊本県宇土市笹原町1700,住吉中学校体育館,熊本県宇土市笹原町1700,1,,,32.700769,130.610022,"[{""共通ID"": ""E4321100029111"", ""経度"": ""130.610022"", ""緯度"": ""32.700769""}]",,matched,exact_name_address,1.000,reference/43000_1.csv,17068228366013260d8a1e506e0843bc9c0736e8ec7031a9e384d0d32abd7578,00001019,223,223,kumamoto_portal_map,2026-08-01T00:28:20+09:00,matched,portal_shelter_id,1.000,32.700394,130.610202,,,unmatched,manual_no_match,,,32.700769,130.610022,gsi_reference,reference_latitude_longitude,complete,0,0,0,0,0,0,0,0,0,0,0,0,0,0,0,0,0
ref:E4321100033111,ec66d50b374335c3eaf0,E4321100033111,E4321100033111,宇土市,住吉漁協会議室,熊本県宇土市住吉町875,住吉漁協会議室,熊本県宇土市住吉町875,,,,32.70302632,130.59848,"[{""共通ID"": ""E4321100033111"", ""経度"": ""130.59848"", ""緯度"": ""32.70302632""}]",,matched,exact_name_address,1.000,reference/43000_1.csv,17068228366013260d8a1e506e0843bc9c0736e8ec7031a9e384d0d32abd7578,00000394,30,30,kumamoto_portal_map,2026-08-01T00:28:20+09:00,matched,portal_shelter_id,1.000,32.703052,130.598455,,,unmatched,manual_no_match,,,32.70302632,130.59848,gsi_reference,reference_latitude_longitude,complete,0,0,0,0,0,0,0,0,0,0,0,0,0,0,0,0,0
ref:E4321100059111,0a80e0774942b65a9b83,E4321100059111,E4321100059111,宇土市,創価学会宇土文化会館,熊本県宇土市南段原町130-1,創価学会宇土文化会館,熊本県宇土市南段原町130-1,,,,32.67904815,130.6622038,"[{""共通ID"": ""E4321100059111"", ""経度"": ""130.6622038"", ""緯度"": ""32.67904815""}]",,matched,exact_name_address,1.000,reference/43000_1.csv,17068228366013260d8a1e506e0843bc9c0736e8ec7031a9e384d0d32abd7578,00000386,100,100,kumamoto_portal_map,2026-08-01T00:28:20+09:00,matched,portal_shelter_id,1.000,32.682902,130.66409,,,unmatched,manual_no_match,,,32.67904815,130.6622038,gsi_reference,reference_latitude_longitude,complete,0,0,0,0,0,0,0,0,0,0,0,0,0,0,0,0,0
ref:E4321100014111,9bc1709a450da6ba335d,E4321100014111,E4321100014111,宇土市,宇土マリーナ会議室,熊本県宇土市下網田町3084-1,宇土マリーナ会議室,熊本県宇土市下網田町3084-1,,,,32.662273278096,130.52273579799,"[{""共通ID"": ""E4321100014111"", ""経度"": ""130.52273579799"", ""緯度"": ""32.662273278096""}]",,matched,exact_name_address,1.000,reference/43000_1.csv,17068228366013260d8a1e506e0843bc9c0736e8ec7031a9e384d0d32abd7578,,,,,,unmatched,no_candidate,,,,,,unmatched,manual_no_match,,,32.662273278096,130.52273579799,gsi_reference,reference_latitude_longitude,complete,0,0,0,0,0,0,0,0,0,0,0,0,0,0,0,0,0
ref:E4321100027111,b95fd5dc8a9b7c6a9f14,E4321100027111,E4321100027111,宇土市,宇土小学校体育館,熊本県宇土市高柳町104-1,宇土小学校体育館,熊本県宇土市高柳町104-1,1,,,32.683849,130.65293,"[{""共通ID"": ""E4321100027111"", ""経度"": ""130.65293"", ""緯度"": ""32.683849""}]",,matched,exact_name_address,1.000,reference/43000_1.csv,17068228366013260d8a1e506e0843bc9c0736e8ec7031a9e384d0d32abd7578,00000385,378,378,kumamoto_portal_map,2026-08-01T00:28:20+09:00,matched,portal_shelter_id,1.000,32.683848,130.65293,,,unmatched,manual_no_match,,,32.683849,130.65293,gsi_reference,reference_latitude_longitude,complete,0,0,0,0,0,0,0,0,0,0,0,0,0,0,0,0,0
ref:E4321100019111,d0c4f4e996fa539a6ebf,E4321100019111,E4321100019111,宇土市,宇土市スポーツセンター,熊本県宇土市花園町523-2,宇土市スポーツセンター,熊本県宇土市花園町523-2,1,,,32.677036661697,130.69432640499,"[{""共通ID"": ""E4321100019111"", ""経度"": ""130.69432640499"", ""緯度"": ""32.677036661697""}]",,matched,exact_name_address,1.000,reference/43000_1.csv,17068228366013260d8a1e506e0843bc9c0736e8ec7031a9e384d0d32abd7578,00000413,198,198,kumamoto_portal_map,2026-08-01T00:28:20+09:00,matched,portal_shelter_id,1.000,32.677017,130.694341,,,unmatched,manual_no_match,,,32.677036661697,130.69432640499,gsi_reference,reference_latitude_longitude,complete,0,0,0,0,0,0,0,0,0,0,0,0,0,0,0,0,0
ref:E4321100061121,df690e572a82437c0715,E4321100061121,E4321100061121,宇土市,宇土市保健センター,熊本県宇土市南段原町164-3,宇土市保健センター,熊本県宇土市南段原町164-3,,,要配慮者,32.679847,130.662452,"[{""共通ID"": ""E4321100061121"", ""経度"": ""130.662452"", ""緯度"": ""32.679847""}]",,matched,exact_name_address,1.000,reference/43000_1.csv,17068228366013260d8a1e506e0843bc9c0736e8ec7031a9e384d0d32abd7578,00000403,90,90,kumamoto_portal_map,2026-08-01T00:28:20+09:00,matched,portal_shelter_id,1.000,32.680191,130.662187,,,unmatched,manual_no_match,,,32.679847,130.662452,gsi_reference,reference_latitude_longitude,complete,0,0,0,0,0,0,0,0,0,0,0,0,0,0,0,0,0
ref:E4321100006111,e18e1283db7836861c49,E4321100006111,E4321100006111,宇土市,宇土市立図書館,熊本県宇土市浦田町131-1,宇土市立図書館,熊本県宇土市浦田町131-1,,,,32.68589331,130.6574622,"[{""共通ID"": ""E4321100006111"", ""経度"": ""130.6574622"", ""緯度"": ""32.68589331""}]",,matched,exact_name_address,1.000,reference/43000_1.csv,17068228366013260d8a1e506e0843bc9c0736e8ec7031a9e384d0d32abd7578,00000387,210,210,kumamoto_portal_map,2026-08-01T00:28:20+09:00,matched,portal_shelter_id,1.000,32.685845,130.657465,,,unmatched,manual_no_match,,,32.68589331,130.6574622,gsi_reference,reference_latitude_longitude,complete,0,0,0,0,0,0,0,0,0,0,0,0,0,0,0,0,0
ref:E4321100055111,6cd75b4ea2e02d2de721,E4321100055111,E4321100055111,宇土市,宇土東小学校体育館,熊本県宇土市築籠町46,宇土東小学校体育館,熊本県宇土市築籠町46,1,,,32.694876,130.660888,"[{""共通ID"": ""E4321100055111"", ""経度"": ""130.660888"", ""緯度"": ""32.694876""}]",,matched,exact_name_address,1.000,reference/43000_1.csv,17068228366013260d8a1e506e0843bc9c0736e8ec7031a9e384d0d32abd7578,00000383,291,291,kumamoto_portal_map,2026-08-01T00:28:20+09:00,matched,portal_shelter_id,1.000,32.695084,130.661215,,,unmatched,manual_no_match,,,32.694876,130.660888,gsi_reference,reference_latitude_longitude,complete,0,0,0,0,0,0,0,0,0,0,0,0,0,0,0,0,0
ref:E4321100022111,923054e407d2ac6d4abb,E4321100022111,E4321100022111,宇土市,宇土高校体育館,熊本県宇土市古城町63,宇土高校体育館,熊本県宇土市古城町63,1,,,32.680817,130.654889,"[{""共通ID"": ""E4321100022111"", ""経度"": ""130.654889"", ""緯度"": ""32.680817""}]",,matched,exact_name_address,1.000,reference/43000_1.csv,17068228366013260d8a1e506e0843bc9c0736e8ec7031a9e384d0d32abd7578,00000384,1000,1000,kumamoto_portal_map,2026-08-01T00:28:20+09:00,matched,portal_shelter_id,1.000,32.68059,130.654288,,,unmatched,manual_no_match,,,32.680817,130.654889,gsi_reference,reference_latitude_longitude,complete,0,0,0,0,0,0,0,0,0,0,0,0,0,0,0,0,0
ref:E4321100008111,9d809270a7e6f6c4e7bc,E4321100008111,E4321100008111,宇土市,市役所別館,宇土市浦田町51,市役所別館,熊本県宇土市浦田町51,,,,32.687169,130.659132,"[{""共通ID"": ""E4321100008111"", ""経度"": ""130.659132"", ""緯度"": ""32.687169""}]",,matched,exact_name_address,1.000,reference/43000_1.csv,17068228366013260d8a1e506e0843bc9c0736e8ec7031a9e384d0d32abd7578,00000379,195,195,kumamoto_portal_map,2026-08-01T00:28:20+09:00,matched,portal_shelter_id,1.000,32.687834,130.659046,,,unmatched,manual_no_match,,,32.687169,130.659132,gsi_reference,reference_latitude_longitude,complete,0,1,1,1,1,1,1,1,1,1,1,1,1,0,0,0,0
ref:E4321100004111,44a1ecf992fd92a4c8ef,E4321100004111,E4321100004111,宇土市,市武道館,熊本県宇土市旭町500,市武道館,熊本県宇土市旭町500,,,,32.683667304214,130.66445678607,"[{""共通ID"": ""E4321100004111"", ""経度"": ""130.66445678607"", ""緯度"": ""32.683667304214""}]",,matched,exact_name_address,1.000,reference/43000_1.csv,17068228366013260d8a1e506e0843bc9c0736e8ec7031a9e384d0d32abd7578,00000409,223,223,kumamoto_portal_map,2026-08-01T00:28:20+09:00,matched,portal_shelter_id,1.000,32.685718,130.666773,,,unmatched,manual_no_match,,,32.683667304214,130.66445678607,gsi_reference,reference_latitude_longitude,complete,0,0,0,0,0,0,0,0,0,0,0,0,0,0,0,0,0
ref:E4321100040111,8aae143db22e86f53b42,E4321100040111,E4321100040111,宇土市,市民会館,宇土市新小路町123,市民会館,熊本県宇土市新小路町123,,,,32.684003,130.661253,"[{""共通ID"": ""E4321100040111"", ""経度"": ""130.661253"", ""緯度"": ""32.684003""}]",,matched,exact_name_address,1.000,reference/43000_1.csv,17068228366013260d8a1e506e0843bc9c0736e8ec7031a9e384d0d32abd7578,00000380,963,963,kumamoto_portal_map,2026-08-01T00:28:20+09:00,matched,portal_shelter_id,1.000,32.684018,130.661323,,,unmatched,manual_no_match,,,32.684003,130.661253,gsi_reference,reference_latitude_longitude,complete,0,1,1,1,1,1,1,1,1,1,1,1,1,0,0,0,0
ref:E4321100007111,f3d65caae7e9da0bcc94,E4321100007111,E4321100007111,宇土市,市福祉センター,宇土市浦田町44,市福祉センター,熊本県宇土市浦田町44,,,,32.687565,130.658787,"[{""共通ID"": ""E4321100007111"", ""経度"": ""130.658787"", ""緯度"": ""32.687565""}]",,matched,exact_name_address,1.000,reference/43000_1.csv,17068228366013260d8a1e506e0843bc9c0736e8ec7031a9e384d0d32abd7578,00000378,30,30,kumamoto_portal_map,2026-08-01T00:28:20+09:00,matched,portal_shelter_id,1.000,32.687534,130.658782,,,unmatched,manual_no_match,,,32.687565,130.658787,gsi_reference,reference_latitude_longitude,complete,0,1,1,1,1,1,1,1,1,1,1,1,1,0,0,0,0
ref:E4321100037121,76550f1f668125dcc6e7,E4321100037121,E4321100037121,宇土市,景雅苑,熊本県宇土市上網田町3676,景雅苑,熊本県宇土市上網田町3676,,,要配慮者,32.68003,130.552995,"[{""共通ID"": ""E4321100037121"", ""経度"": ""130.552995"", ""緯度"": ""32.68003""}]",,matched,exact_name_address,1.000,reference/43000_1.csv,17068228366013260d8a1e506e0843bc9c0736e8ec7031a9e384d0d32abd7578,00000408,5,5,kumamoto_portal_map,2026-08-01T00:28:20+09:00,matched,portal_shelter_id,1.000,32.679861,130.552869,,,unmatched,manual_no_match,,,32.68003,130.552995,gsi_reference,reference_latitude_longitude,complete,0,0,0,0,0,0,0,0,0,0,0,0,0,0,0,0,0
web:473ecc0bc49b3f627e2a,473ecc0bc49b3f627e2a,,,宇土市,椿原公民館,熊本県宇土市椿原町581,,,,,,,,[],,unmatched,no_candidate,,reference/43000_1.csv,17068228366013260d8a1e506e0843bc9c0736e8ec7031a9e384d0d32abd7578,00002358,,0,kumamoto_portal_map,2026-08-01T00:28:20+09:00,matched,portal_shelter_id,1.000,32.68277478063608,130.6416091465585,32.68274001,130.6416035,matched,manual_shelter_id,マニュアルジオコーディング(1).csv,35f5dae36fe4e9577c53f227bd933e4604ed40e589ee27a700add2b32438424c,32.68274001,130.6416035,manual_geocoding,manual_shelter_id,complete,0,1,1,1,1,1,1,1,1,1,1,1,1,0,0,0,0
ref:E4321100060121,f2d62a9346442666f42a,E4321100060121,E4321100060121,宇土市,照古苑,熊本県宇土市南段原町161-2,照古苑,熊本県宇土市南段原町161-2,,,要配慮者,32.679968,130.663195,"[{""共通ID"": ""E4321100060121"", ""経度"": ""130.663195"", ""緯度"": ""32.679968""}]",,matched,exact_name_address,1.000,reference/43000_1.csv,17068228366013260d8a1e506e0843bc9c0736e8ec7031a9e384d0d32abd7578,00000406,10,10,kumamoto_portal_map,2026-08-01T00:28:20+09:00,matched,portal_shelter_id,1.000,32.680013,130.66319,,,unmatched,manual_no_match,,,32.679968,130.663195,gsi_reference,reference_latitude_longitude,complete,0,0,0,0,0,0,0,0,0,0,0,0,0,0,0,0,0
ref:E4321100035121,ef9fffbbacff4de18130,E4321100035121,E4321100035121,宇土市,照古苑ひまわりホーム,熊本県宇土市松山町1988,照古苑ひまわりホーム,熊本県宇土市松山町1988,,,要配慮者,32.668526,130.671758,"[{""共通ID"": ""E4321100035121"", ""経度"": ""130.671758"", ""緯度"": ""32.668526""}]",,matched,exact_name_address,1.000,reference/43000_1.csv,17068228366013260d8a1e506e0843bc9c0736e8ec7031a9e384d0d32abd7578,00000407,10,10,kumamoto_portal_map,2026-08-01T00:28:20+09:00,matched,portal_shelter_id,1.000,32.668486,130.671768,,,unmatched,manual_no_match,,,32.668526,130.671758,gsi_reference,reference_latitude_longitude,complete,0,0,0,0,0,0,0,0,0,0,0,0,0,0,0,0,0
ref:E4321100062111,69c5f4c9fc2301c267e9,E4321100062111,E4321100062111,宇土市,網津公民館網引分館,熊本県宇土市網引町790-1,網津公民館網引分館,熊本県宇土市網引町790-1,,,,32.67577648,130.5957415,"[{""共通ID"": ""E4321100062111"", ""経度"": ""130.5957415"", ""緯度"": ""32.67577648""}]",,matched,exact_name_address,1.000,reference/43000_1.csv,17068228366013260d8a1e506e0843bc9c0736e8ec7031a9e384d0d32abd7578,00000395,30,30,kumamoto_portal_map,2026-08-01T00:28:20+09:00,matched,portal_shelter_id,1.000,32.678124,130.594872,,,unmatched,manual_no_match,,,32.67577648,130.5957415,gsi_reference,reference_latitude_longitude,complete,0,0,0,0,0,0,0,0,0,0,0,0,0,0,0,0,0
ref:E4321100066111,8df29299d367ed31f06b,E4321100066111,E4321100066111,宇土市,網津地区多目的研修会施設,熊本県宇土市網津町2026-2,網津地区多目的研修会施設,熊本県宇土市網津町2026-2,,,,32.696034,130.599293,"[{""共通ID"": ""E4321100066111"", ""経度"": ""130.599293"", ""緯度"": ""32.696034""}]",,matched,exact_name_address,1.000,reference/43000_1.csv,17068228366013260d8a1e506e0843bc9c0736e8ec7031a9e384d0d32abd7578,00000399,221,221,kumamoto_portal_map,2026-08-01T00:28:20+09:00,matched,portal_shelter_id,1.000,32.696003,130.599239,,,unmatched,manual_no_match,,,32.696034,130.599293,gsi_reference,reference_latitude_longitude,complete,0,0,0,0,0,0,0,0,0,0,0,0,0,0,0,0,0
ref:E4321100067111,c71d6bdd3f101b46f612,E4321100067111,E4321100067111,宇土市,網津小学校体育館,熊本県宇土市網津町2082-3,網津小学校体育館,熊本県宇土市網津町2082-3,1,,,32.697079,130.599387,"[{""共通ID"": ""E4321100067111"", ""経度"": ""130.599387"", ""緯度"": ""32.697079""}]",,matched,exact_name_address,1.000,reference/43000_1.csv,17068228366013260d8a1e506e0843bc9c0736e8ec7031a9e384d0d32abd7578,00000400,275,275,kumamoto_portal_map,2026-08-01T00:28:20+09:00,matched,portal_shelter_id,1.000,32.696455,130.599505,,,unmatched,manual_no_match,,,32.697079,130.599387,gsi_reference,reference_latitude_longitude,complete,0,0,0,0,0,0,0,0,0,0,0,0,0,0,0,0,0
ref:E4321100065111,d843dd98fbfd1eec159e,E4321100065111,E4321100065111,宇土市,網津防災センター,宇土市網津町1991-1,網津防災センター,熊本県宇土市網津町1991-1,,,,32.696675571354,130.60087056622,"[{""共通ID"": ""E4321100065111"", ""経度"": ""130.60087056622"", ""緯度"": ""32.696675571354""}]",,matched,exact_name_address,1.000,reference/43000_1.csv,17068228366013260d8a1e506e0843bc9c0736e8ec7031a9e384d0d32abd7578,00000410,69,69,kumamoto_portal_map,2026-08-01T00:28:20+09:00,matched,portal_shelter_id,1.000,32.696772,130.600863,,,unmatched,manual_no_match,,,32.696675571354,130.60087056622,gsi_reference,reference_latitude_longitude,complete,0,1,1,1,1,1,1,1,1,1,1,1,1,0,0,0,0
web:83719ce40b8ec4c04df0,83719ce40b8ec4c04df0,,,宇土市,網田コミュニティーセンター,熊本県宇土市下網田町1819番地,,,,,,,,[],,unmatched,fuzzy_below_threshold,0.757,reference/43000_1.csv,17068228366013260d8a1e506e0843bc9c0736e8ec7031a9e384d0d32abd7578,00002332,86,86,kumamoto_portal_map,2026-08-01T00:28:20+09:00,matched,portal_shelter_id,1.000,32.6677750171473,130.55379867553708,32.66763051,130.5530464,matched,manual_shelter_id,マニュアルジオコーディング(1).csv,35f5dae36fe4e9577c53f227bd933e4604ed40e589ee27a700add2b32438424c,32.66763051,130.5530464,manual_geocoding,manual_shelter_id,complete,0,1,1,1,1,1,1,1,1,1,1,1,1,0,0,0,0
ref:E4321100010111,2ac544dcd2ea4a0c3063,E4321100010111,E4321100010111,宇土市,網田中学校体育館,熊本県宇土市下網田町1120,網田中学校体育館,熊本県宇土市下網田町1120,1,,,32.67083,130.550456,"[{""共通ID"": ""E4321100010111"", ""経度"": ""130.550456"", ""緯度"": ""32.67083""}]",,matched,exact_name_address,1.000,reference/43000_1.csv,17068228366013260d8a1e506e0843bc9c0736e8ec7031a9e384d0d32abd7578,00001022,308,308,kumamoto_portal_map,2026-08-01T00:28:20+09:00,matched,portal_shelter_id,1.000,32.671173,130.549939,,,unmatched,manual_no_match,,,32.67083,130.550456,gsi_reference,reference_latitude_longitude,complete,0,0,0,0,0,0,0,0,0,0,0,0,0,0,0,0,0
ref:E4321100016111,59c08740bb3f3844d6d0,E4321100016111,E4321100016111,宇土市,網田公民館,熊本県宇土市下網田町566-1,網田公民館,熊本県宇土市下網田町566-1,,,,32.670221702565,130.55685811543,"[{""共通ID"": ""E4321100016111"", ""経度"": ""130.55685811543"", ""緯度"": ""32.670221702565""}]",,matched,exact_name_address,1.000,reference/43000_1.csv,17068228366013260d8a1e506e0843bc9c0736e8ec7031a9e384d0d32abd7578,,,,,,unmatched,no_candidate,,,,,,unmatched,manual_no_match,,,32.670221702565,130.55685811543,gsi_reference,reference_latitude_longitude,complete,0,0,0,0,0,0,0,0,0,0,0,0,0,0,0,0,0
ref:E4321100012111,9d45102b748307bc5729,E4321100012111,E4321100012111,宇土市,網田地区農業者トレーニングセンター,熊本県宇土市下網田町1903,網田地区農業者トレーニングセンター,熊本県宇土市下網田町1903,,,,32.668084,130.550636,"[{""共通ID"": ""E4321100012111"", ""経度"": ""130.550636"", ""緯度"": ""32.668084""}]",,matched,exact_name_address,1.000,reference/43000_1.csv,17068228366013260d8a1e506e0843bc9c0736e8ec7031a9e384d0d32abd7578,00000401,176,176,kumamoto_portal_map,2026-08-01T00:28:20+09:00,matched,portal_shelter_id,1.000,32.668081,130.550711,,,unmatched,manual_no_match,,,32.668084,130.550636,gsi_reference,reference_latitude_longitude,complete,0,0,0,0,0,0,0,0,0,0,0,0,0,0,0,0,0
ref:E4321100011111,d7479beca513c63e6e44,E4321100011111,E4321100011111,宇土市,網田小学校体育館,熊本県宇土市下網田町1842,網田小学校体育館,熊本県宇土市下網田町1842,1,,,32.666233,130.553814,"[{""共通ID"": ""E4321100011111"", ""経度"": ""130.553814"", ""緯度"": ""32.666233""}]",,matched,exact_name_address,1.000,reference/43000_1.csv,17068228366013260d8a1e506e0843bc9c0736e8ec7031a9e384d0d32abd7578,00001021,274,274,kumamoto_portal_map,2026-08-01T00:28:20+09:00,matched,portal_shelter_id,1.000,32.666818,130.554178,,,unmatched,manual_no_match,,,32.666233,130.553814,gsi_reference,reference_latitude_longitude,complete,0,1,0,0,0,0,0,0,0,0,0,0,0,0,0,0,0
ref:E4321100072111,752d32f41b9e011689f9,E4321100072111,E4321100072111,宇土市,網田漁業協同組合,熊本県宇土市長浜町508-5,網田漁業協同組合,熊本県宇土市長浜町508-5,,,,32.667376,130.543416,"[{""共通ID"": ""E4321100072111"", ""経度"": ""130.543416"", ""緯度"": ""32.667376""}]",,matched,exact_name_address,1.000,reference/43000_1.csv,17068228366013260d8a1e506e0843bc9c0736e8ec7031a9e384d0d32abd7578,,,,,,ambiguous,coordinate_near_tie,,,,,,unmatched,manual_no_match,,,32.667376,130.543416,gsi_reference,reference_latitude_longitude,complete,0,0,0,0,0,0,0,0,0,0,0,0,0,0,0,0,0
ref:E4321100071111,e9bce31eac41984b2a4b,E4321100071111,E4321100071111,宇土市,緑川公民館,熊本県宇土市野鶴町294-1,緑川公民館,熊本県宇土市野鶴町294-1,,,,32.694112307837,130.63007046223,"[{""共通ID"": ""E4321100071111"", ""経度"": ""130.63007046223"", ""緯度"": ""32.694112307837""}]",,matched,exact_name_address,1.000,reference/43000_1.csv,17068228366013260d8a1e506e0843bc9c0736e8ec7031a9e384d0d32abd7578,00000412,37,37,kumamoto_portal_map,2026-08-01T00:28:20+09:00,matched,portal_shelter_id,1.000,32.694195,130.630117,,,unmatched,manual_no_match,,,32.694112307837,130.63007046223,gsi_reference,reference_latitude_longitude,complete,0,0,0,0,0,0,0,0,0,0,0,0,0,0,0,0,0
ref:E4321100069111,54ed9f80d4ef1d975a6f,E4321100069111,E4321100069111,宇土市,緑川地区農業者トレーニングセンター,熊本県宇土市野鶴町207-3,緑川地区農業者トレーニングセンター,熊本県宇土市野鶴町207-3,,,,32.693034,130.631849,"[{""共通ID"": ""E4321100069111"", ""経度"": ""130.631849"", ""緯度"": ""32.693034""}]",,matched,exact_name_address,1.000,reference/43000_1.csv,17068228366013260d8a1e506e0843bc9c0736e8ec7031a9e384d0d32abd7578,00000393,223,223,kumamoto_portal_map,2026-08-01T00:28:20+09:00,matched,portal_shelter_id,1.000,32.693039,130.631814,,,unmatched,manual_no_match,,,32.693034,130.631849,gsi_reference,reference_latitude_longitude,complete,0,0,0,0,0,0,0,0,0,0,0,0,0,0,0,0,0
ref:E4321100070111,cc1c2088e08d808c737b,E4321100070111,E4321100070111,宇土市,緑川小学校体育館,熊本県宇土市野鶴町246,緑川小学校体育館,熊本県宇土市野鶴町246,1,,,32.693195,130.630474,"[{""共通ID"": ""E4321100070111"", ""経度"": ""130.630474"", ""緯度"": ""32.693195""}]",,matched,exact_name_address,1.000,reference/43000_1.csv,17068228366013260d8a1e506e0843bc9c0736e8ec7031a9e384d0d32abd7578,00000392,279,279,kumamoto_portal_map,2026-08-01T00:28:20+09:00,matched,portal_shelter_id,1.000,32.693414,130.630809,,,unmatched,manual_no_match,,,32.693195,130.630474,gsi_reference,reference_latitude_longitude,complete,0,1,1,1,1,0,0,0,0,0,0,0,0,0,0,0,0
ref:E4321100041111,45edd9cc61b3e63fd7ab,E4321100041111,E4321100041111,宇土市,老人福祉センター,熊本県宇土市新小路町138-2,老人福祉センター,熊本県宇土市新小路町138-2,,,,32.6835671211,130.66281216275,"[{""共通ID"": ""E4321100041111"", ""経度"": ""130.66281216275"", ""緯度"": ""32.6835671211""}]",,matched,exact_name_address,1.000,reference/43000_1.csv,17068228366013260d8a1e506e0843bc9c0736e8ec7031a9e384d0d32abd7578,00000411,127,127,kumamoto_portal_map,2026-08-01T00:28:20+09:00,matched,portal_shelter_id,1.000,32.683557,130.662843,,,unmatched,manual_no_match,,,32.6835671211,130.66281216275,gsi_reference,reference_latitude_longitude,complete,0,0,0,0,0,0,0,0,0,0,0,0,0,0,0,0,0
ref:E4321100024112,de2ef81d890d6bbd3cd1,E4321100024112,E4321100024112,宇土市,花っ子学童クラブ,熊本県宇土市古保里町977,花っ子学童クラブ,熊本県宇土市古保里町977,,,,32.677162,130.683243,"[{""共通ID"": ""E4321100024112"", ""経度"": ""130.683243"", ""緯度"": ""32.677162""}]",,matched,exact_name_address,1.000,reference/43000_1.csv,17068228366013260d8a1e506e0843bc9c0736e8ec7031a9e384d0d32abd7578,,,,,,unmatched,no_candidate,,,,,,unmatched,manual_no_match,,,32.677162,130.683243,gsi_reference,reference_latitude_longitude,complete,0,0,0,0,0,0,0,0,0,0,0,0,0,0,0,0,0
ref:E4321100024111,7db65991e754cc970170,E4321100024111,E4321100024111,宇土市,花園コミュニティセンター,宇土市古保里町977,花園コミュニティセンター,熊本県宇土市古保里町977,,,,32.67637751,130.6833043,"[{""共通ID"": ""E4321100024111"", ""経度"": ""130.6833043"", ""緯度"": ""32.67637751""}]",,matched,exact_name_address,1.000,reference/43000_1.csv,17068228366013260d8a1e506e0843bc9c0736e8ec7031a9e384d0d32abd7578,00000388,70,70,kumamoto_portal_map,2026-08-01T00:28:20+09:00,matched,portal_shelter_id,1.000,32.676375,130.683297,,,unmatched,manual_no_match,,,32.67637751,130.6833043,gsi_reference,reference_latitude_longitude,complete,0,0,1,1,1,1,1,1,1,1,1,1,1,0,0,0,0
ref:E4321100023111,96b0c0932a7a1fadcadf,E4321100023111,E4321100023111,宇土市,花園小学校体育館,熊本県宇土市古保里町695,花園小学校体育館,熊本県宇土市古保里町695,1,,,32.675597,130.683374,"[{""共通ID"": ""E4321100023111"", ""経度"": ""130.683374"", ""緯度"": ""32.675597""}]",,matched,exact_name_address,1.000,reference/43000_1.csv,17068228366013260d8a1e506e0843bc9c0736e8ec7031a9e384d0d32abd7578,00000389,217,217,kumamoto_portal_map,2026-08-01T00:28:20+09:00,matched,portal_shelter_id,1.000,32.67575,130.68238,,,unmatched,manual_no_match,,,32.675597,130.683374,gsi_reference,reference_latitude_longitude,complete,0,0,0,0,0,0,0,0,0,0,0,0,0,0,0,0,0
ref:E4321100013111,ee733bfab8e8f4f291e1,E4321100013111,E4321100013111,宇土市,西部老人福祉センター,熊本県宇土市下網田町1942-1,西部老人福祉センター,熊本県宇土市下網田町1942-1,,,,32.668573,130.551331,"[{""共通ID"": ""E4321100013111"", ""経度"": ""130.551331"", ""緯度"": ""32.668573""}]",,matched,exact_name_address,1.000,reference/43000_1.csv,17068228366013260d8a1e506e0843bc9c0736e8ec7031a9e384d0d32abd7578,00000402,119,119,kumamoto_portal_map,2026-08-01T00:28:20+09:00,matched,portal_shelter_id,1.000,32.668606,130.551384,,,unmatched,manual_no_match,,,32.668573,130.551331,gsi_reference,reference_latitude_longitude,complete,0,0,0,0,0,0,0,0,0,0,0,0,0,0,0,0,0
ref:E4321100054111,c93676c737c005703772,E4321100054111,E4321100054111,宇土市,走潟公民館,熊本県宇土市走潟町822,走潟公民館,熊本県宇土市走潟町822,,,,32.704135838266,130.64701728602,"[{""共通ID"": ""E4321100054111"", ""経度"": ""130.64701728602"", ""緯度"": ""32.704135838266""}]",,matched,exact_name_address,1.000,reference/43000_1.csv,17068228366013260d8a1e506e0843bc9c0736e8ec7031a9e384d0d32abd7578,,,,,,unmatched,no_candidate,,,,,,unmatched,manual_no_match,,,32.704135838266,130.64701728602,gsi_reference,reference_latitude_longitude,complete,0,0,0,0,0,0,0,0,0,0,0,0,0,0,0,0,0
ref:E4321100052111,c749523f14c1351c485f,E4321100052111,E4321100052111,宇土市,走潟地区体育館,熊本県宇土市走潟町619-5,走潟地区体育館,熊本県宇土市走潟町619-5,,,,32.706206,130.646706,"[{""共通ID"": ""E4321100052111"", ""経度"": ""130.646706"", ""緯度"": ""32.706206""}]",,matched,exact_name_address,1.000,reference/43000_1.csv,17068228366013260d8a1e506e0843bc9c0736e8ec7031a9e384d0d32abd7578,00000396,299,299,kumamoto_portal_map,2026-08-01T00:28:20+09:00,matched,portal_shelter_id,1.000,32.70616,130.646766,,,unmatched,manual_no_match,,,32.706206,130.646706,gsi_reference,reference_latitude_longitude,complete,0,0,0,0,0,0,0,0,0,0,0,0,0,0,0,0,0
ref:E4321100053111,e5b805dcf35fec5d4b65,E4321100053111,E4321100053111,宇土市,走潟小学校体育館,熊本県宇土市走潟町743,走潟小学校体育館,熊本県宇土市走潟町743,1,,,32.70521698,130.6487093,"[{""共通ID"": ""E4321100053111"", ""経度"": ""130.6487093"", ""緯度"": ""32.70521698""}]",,matched,exact_name_address,1.000,reference/43000_1.csv,17068228366013260d8a1e506e0843bc9c0736e8ec7031a9e384d0d32abd7578,00002227,321,321,kumamoto_portal_map,2026-08-01T00:28:20+09:00,matched,portal_shelter_id,1.000,32.70508334166607,130.6480996732824,,,unmatched,manual_no_match,,,32.70521698,130.6487093,gsi_reference,reference_latitude_longitude,complete,0,1,1,1,1,1,1,1,1,1,1,1,1,0,0,0,0
ref:E4321100048111,1d0276fbe53054cf1b5e,E4321100048111,E4321100048111,宇土市,轟公民館,熊本県宇土市石橋町10-2,轟公民館,熊本県宇土市石橋町10-2,,,,32.676495,130.644851,"[{""共通ID"": ""E4321100048111"", ""経度"": ""130.644851"", ""緯度"": ""32.676495""}]",,matched,exact_name_address,1.000,reference/43000_1.csv,17068228366013260d8a1e506e0843bc9c0736e8ec7031a9e384d0d32abd7578,00000390,51,51,kumamoto_portal_map,2026-08-01T00:28:20+09:00,matched,portal_shelter_id,1.000,32.676496,130.644842,,,unmatched,manual_no_match,,,32.676495,130.644851,gsi_reference,reference_latitude_longitude,complete,0,0,0,0,0,0,0,0,0,0,0,0,0,0,0,0,0
ref:E4321100046111,28e31aa193521aa11a9c,E4321100046111,E4321100046111,宇土市,轟地区農業者トレーニングセンター,熊本県宇土市石橋町1,轟地区農業者トレーニングセンター,熊本県宇土市石橋町1,,,,32.676073,130.645375,"[{""共通ID"": ""E4321100046111"", ""経度"": ""130.645375"", ""緯度"": ""32.676073""}]",,matched,exact_name_address,1.000,reference/43000_1.csv,17068228366013260d8a1e506e0843bc9c0736e8ec7031a9e384d0d32abd7578,00000391,167,167,kumamoto_portal_map,2026-08-01T00:28:20+09:00,matched,portal_shelter_id,1.000,32.676052,130.645344,,,unmatched,manual_no_match,,,32.676073,130.645375,gsi_reference,reference_latitude_longitude,complete,0,0,0,0,0,0,0,0,0,0,0,0,0,0,0,0,0
ref:E4321100057111,9aa6b86dd96f4d033628,E4321100057111,E4321100057111,宇土市,長浜福祉館,熊本県宇土市長浜町411-2,長浜福祉館,熊本県宇土市長浜町411-2,,,,32.69303937,130.5650123,"[{""共通ID"": ""E4321100057111"", ""経度"": ""130.5650123"", ""緯度"": ""32.69303937""}]",,matched,exact_name_address,1.000,reference/43000_1.csv,17068228366013260d8a1e506e0843bc9c0736e8ec7031a9e384d0d32abd7578,00000398,167,167,kumamoto_portal_map,2026-08-01T00:28:20+09:00,matched,portal_shelter_id,1.000,32.693082,130.565101,,,unmatched,manual_no_match,,,32.69303937,130.5650123,gsi_reference,reference_latitude_longitude,complete,0,0,0,0,0,0,0,0,0,0,0,0,0,0,0,0,0
ref:E4321100042111,67f3262adede9a4b0dc7,E4321100042111,E4321100042111,宇土市,鶴城中学校体育館,熊本県宇土市新小路町151,鶴城中学校体育館,熊本県宇土市新小路町151,1,,,32.683268,130.662128,"[{""共通ID"": ""E4321100042111"", ""経度"": ""130.662128"", ""緯度"": ""32.683268""}]",,matched,exact_name_address,1.000,reference/43000_1.csv,17068228366013260d8a1e506e0843bc9c0736e8ec7031a9e384d0d32abd7578,00000382,306,306,kumamoto_portal_map,2026-08-01T00:28:20+09:00,matched,portal_shelter_id,1.000,32.683432,130.661401,,,unmatched,manual_no_match,,,32.683268,130.662128,gsi_reference,reference_latitude_longitude,complete,0,0,0,0,0,0,0,0,0,0,0,0,0,0,0,0,0
ref:E4321300027111,ce188a1cdbcac69d5efb,E4321300027111,E4321300027111,宇城市,インダストリアル研修館,熊本県宇城市松橋町松橋564,インダストリアル研修館,熊本県宇城市松橋町松橋564,1,,,32.6515513163642,130.678418388669,"[{""共通ID"": ""E4321300027111"", ""経度"": ""130.678418388669"", ""緯度"": ""32.6515513163642""}]",,matched,exact_name_address,1.000,reference/43000_1.csv,17068228366013260d8a1e506e0843bc9c0736e8ec7031a9e384d0d32abd7578,00001153,310,310,kumamoto_portal_map,2026-08-01T00:28:20+09:00,matched,portal_shelter_id,1.000,32.651649,130.678429,,,unmatched,manual_no_match,,,32.6515513163642,130.678418388669,gsi_reference,reference_latitude_longitude,complete,0,0,0,0,0,0,0,0,0,0,0,0,0,0,0,0,0
web:d86e52a30a796c564a94,d86e52a30a796c564a94,,,宇城市,三角防災拠点センター,熊本県宇城市三角町波多619−1,,,,,,,,[],,unmatched,fuzzy_below_threshold,0.883,reference/43000_1.csv,17068228366013260d8a1e506e0843bc9c0736e8ec7031a9e384d0d32abd7578,00002150,620,620,kumamoto_portal_map,2026-08-01T00:28:20+09:00,matched,portal_shelter_id,1.000,32.612822882807066,130.48142731189728,32.61303913,130.4792208,matched,manual_shelter_id,マニュアルジオコーディング(1).csv,35f5dae36fe4e9577c53f227bd933e4604ed40e589ee27a700add2b32438424c,32.61303913,130.4792208,manual_geocoding,manual_shelter_id,complete,0,1,1,1,1,1,1,1,1,1,1,1,1,1,1,1,1
web:f75ce692f58356ed71a7,f75ce692f58356ed71a7,,,宇城市,不知火小学校2F交流スペース,熊本県宇城市不知火町高良1952,,,,,,,,[],,unmatched,no_candidate,,reference/43000_1.csv,17068228366013260d8a1e506e0843bc9c0736e8ec7031a9e384d0d32abd7578,00002359,,0,kumamoto_portal_map,2026-08-01T00:28:20+09:00,matched,portal_shelter_id,1.000,32.64509164212856,130.6629337580073,,,unmatched,manual_no_match,,,32.64509164212856,130.6629337580073,kumamoto_portal,portal_latitude_longitude,complete,0,0,0,1,1,1,1,1,1,1,1,1,1,1,1,1,0
ref:E4321300037111,64e2d58569b11f99136b,E4321300037111,E4321300037111,宇城市,不知火小学校体育館,熊本県宇城市不知火町高良1952,不知火小学校体育館,熊本県宇城市不知火町高良1952,1,,,32.6449282132326,130.662448265905,"[{""共通ID"": ""E4321300037111"", ""経度"": ""130.662448265905"", ""緯度"": ""32.6449282132326""}]",,matched,exact_name_address,1.000,reference/43000_1.csv,17068228366013260d8a1e506e0843bc9c0736e8ec7031a9e384d0d32abd7578,00001136,350,350,kumamoto_portal_map,2026-08-01T00:28:20+09:00,matched,portal_shelter_id,1.000,32.645094,130.662922,,,unmatched,manual_no_match,,,32.6449282132326,130.662448265905,gsi_reference,reference_latitude_longitude,complete,0,0,0,0,0,0,0,0,0,0,0,0,0,0,0,0,0
web:c49d287f125a11c54dcd,c49d287f125a11c54dcd,,,宇城市,不知火防災拠点センター,熊本県宇城市高良2273ー1,,,,,,,,[],,unmatched,fuzzy_below_threshold,0.865,reference/43000_1.csv,17068228366013260d8a1e506e0843bc9c0736e8ec7031a9e384d0d32abd7578,00002151,480,480,kumamoto_portal_map,2026-08-01T00:28:20+09:00,matched,portal_shelter_id,1.000,32.64628604433004,130.66802859306335,32.64595343,130.6685315,matched,manual_shelter_id,マニュアルジオコーディング(1).csv,35f5dae36fe4e9577c53f227bd933e4604ed40e589ee27a700add2b32438424c,32.64595343,130.6685315,manual_geocoding,manual_shelter_id,complete,0,1,1,1,1,1,1,1,1,1,1,1,1,1,1,1,1
ref:E4321300006111,dc13f7aafc6703cc0b74,E4321300006111,E4321300006111,宇城市,宇城市三角東地区生涯学習センター体育館,熊本県宇城市三角町波多1756,宇城市三角東地区生涯学習センター体育館,熊本県宇城市三角町波多1756,1,,,32.6191810345925,130.488323393424,"[{""共通ID"": ""E4321300006111"", ""経度"": ""130.488323393424"", ""緯度"": ""32.6191810345925""}]",,matched,exact_name_address,1.000,reference/43000_1.csv,17068228366013260d8a1e506e0843bc9c0736e8ec7031a9e384d0d32abd7578,00001131,290,290,kumamoto_portal_map,2026-08-01T00:28:20+09:00,matched,portal_shelter_id,1.000,32.618943,130.488127,,,unmatched,manual_no_match,,,32.6191810345925,130.488323393424,gsi_reference,reference_latitude_longitude,complete,0,0,0,0,0,0,0,0,0,0,0,0,0,0,0,0,0
ref:E4321300007121,763559a62a704f168cc8,E4321300007121,E4321300007121,宇城市,宇城市三角防災拠点センター,熊本県宇城市三角町波多619-1,宇城市三角防災拠点センター,熊本県宇城市三角町波多619-1,1,,要配慮者,32.6131670142103,130.478615935428,"[{""共通ID"": ""E4321300007121"", ""経度"": ""130.478615935428"", ""緯度"": ""32.6131670142103""}]",,matched,exact_name_address,1.000,reference/43000_1.csv,17068228366013260d8a1e506e0843bc9c0736e8ec7031a9e384d0d32abd7578,,,,,,unmatched,fuzzy_below_threshold,0.883,,,,,unmatched,manual_no_match,,,32.6131670142103,130.478615935428,gsi_reference,reference_latitude_longitude,complete,0,0,0,0,0,0,0,0,0,0,0,0,0,0,0,0,0
ref:E4321300039112,156a3880a2089cb57a61,E4321300039112,E4321300039112,宇城市,宇城市不知火支所,熊本県宇城市不知火町高良2273-1,宇城市不知火支所,熊本県宇城市不知火町高良2273-1,1,,,32.6467224441265,130.667903790878,"[{""共通ID"": ""E4321300039112"", ""経度"": ""130.667903790878"", ""緯度"": ""32.6467224441265""}]",,matched,exact_name_address,1.000,reference/43000_1.csv,17068228366013260d8a1e506e0843bc9c0736e8ec7031a9e384d0d32abd7578,,,,,,unmatched,no_candidate,,,,,,unmatched,manual_no_match,,,32.6467224441265,130.667903790878,gsi_reference,reference_latitude_longitude,complete,0,0,0,0,0,0,0,0,0,0,0,0,0,0,0,0,0
ref:E4321300039121,7873af75ee0629fbbeb8,E4321300039121,E4321300039121,宇城市,宇城市不知火防災拠点センター,熊本県宇城市不知火町高良2273-1,宇城市不知火防災拠点センター,熊本県宇城市不知火町高良2273-1,1,,要配慮者,32.646306,130.668192,"[{""共通ID"": ""E4321300039121"", ""経度"": ""130.668192"", ""緯度"": ""32.646306""}]",,matched,exact_name_address,1.000,reference/43000_1.csv,17068228366013260d8a1e506e0843bc9c0736e8ec7031a9e384d0d32abd7578,00002151,480,480,kumamoto_portal_map,2026-08-01T00:28:20+09:00,matched,portal_shelter_id,1.000,32.64628604433004,130.66802859306335,,,unmatched,manual_no_match,,,32.646306,130.668192,gsi_reference,reference_latitude_longitude,complete,0,0,0,0,0,0,0,0,0,0,0,0,0,0,0,0,0
ref:E4321300010111,b557c54ab198fe6df876,E4321300010111,E4321300010111,宇城市,宇城市小川防災拠点センター,熊本県宇城市小川町江頭100,宇城市小川防災拠点センター,熊本県宇城市小川町江頭100,1,,,32.5925380992227,130.704185991741,"[{""共通ID"": ""E4321300010111"", ""経度"": ""130.704185991741"", ""緯度"": ""32.5925380992227""}]",,matched,exact_name_address,1.000,reference/43000_1.csv,17068228366013260d8a1e506e0843bc9c0736e8ec7031a9e384d0d32abd7578,,,,,,unmatched,fuzzy_below_threshold,0.883,,,,,unmatched,manual_no_match,,,32.5925380992227,130.704185991741,gsi_reference,reference_latitude_longitude,complete,0,0,0,0,0,0,0,0,0,0,0,0,0,0,0,0,0
ref:E4321300003111,19b0061d20e92fe5c520,E4321300003111,E4321300003111,宇城市,宇城市戸馳地区生涯学習センター体育館,熊本県宇城市三角町戸馳5151,宇城市戸馳地区生涯学習センター体育館,熊本県宇城市三角町戸馳5151,1,,,32.5988549903297,130.49209368373,"[{""共通ID"": ""E4321300003111"", ""経度"": ""130.49209368373"", ""緯度"": ""32.5988549903297""}]",,matched,exact_name_address,1.000,reference/43000_1.csv,17068228366013260d8a1e506e0843bc9c0736e8ec7031a9e384d0d32abd7578,00001133,280,280,kumamoto_portal_map,2026-08-01T00:28:20+09:00,matched,portal_shelter_id,1.000,32.599267,130.492398,,,unmatched,manual_no_match,,,32.5988549903297,130.49209368373,gsi_reference,reference_latitude_longitude,complete,0,0,0,0,0,0,0,0,0,0,0,0,0,0,0,0,0
ref:E4321300050111,3011f102d00857bb9549,E4321300050111,E4321300050111,宇城市,宇城市松合地区市民館,熊本県宇城市不知火町松合168,宇城市松合地区市民館,熊本県宇城市不知火町松合168,,,,32.630606,130.608016,"[{""共通ID"": ""E4321300050111"", ""経度"": ""130.608016"", ""緯度"": ""32.630606""}]",,matched,exact_name_address,1.000,reference/43000_1.csv,17068228366013260d8a1e506e0843bc9c0736e8ec7031a9e384d0d32abd7578,,,,,,unmatched,no_candidate,,,,,,unmatched,manual_no_match,,,32.630606,130.608016,gsi_reference,reference_latitude_longitude,complete,0,0,0,0,0,0,0,0,0,0,0,0,0,0,0,0,0
ref:E4321300035121,af83f8dff23c80203ff3,E4321300035121,E4321300035121,宇城市,宇城市松橋東防災拠点センター,熊本県宇城市松橋町豊福1786,宇城市松橋東防災拠点センター,熊本県宇城市松橋町豊福1786,1,,要配慮者,32.6429174540355,130.702563105949,"[{""共通ID"": ""E4321300035121"", ""経度"": ""130.702563105949"", ""緯度"": ""32.6429174540355""}]",,matched,exact_name_address,1.000,reference/43000_1.csv,17068228366013260d8a1e506e0843bc9c0736e8ec7031a9e384d0d32abd7578,,,,,,unmatched,fuzzy_below_threshold,0.867,,,,,unmatched,manual_no_match,,,32.6429174540355,130.702563105949,gsi_reference,reference_latitude_longitude,complete,0,0,0,0,0,0,0,0,0,0,0,0,0,0,0,0,0
ref:E4321300031111,e4ee66e03000cfa9b876,E4321300031111,E4321300031111,宇城市,宇城市松橋総合体育文化センター(ウイング松橋),宇城市松橋町大野85,宇城市松橋総合体育文化センター(ウイング松橋),熊本県宇城市松橋町大野85,1,,,32.64684015,130.6841178,"[{""共通ID"": ""E4321300031111"", ""経度"": ""130.6841178"", ""緯度"": ""32.64684015""}]",,matched,exact_name_address,1.000,reference/43000_1.csv,17068228366013260d8a1e506e0843bc9c0736e8ec7031a9e384d0d32abd7578,00001145,840,840,kumamoto_portal_map,2026-08-01T00:28:20+09:00,matched,portal_shelter_id,1.000,32.646883,130.684065,,,unmatched,manual_no_match,,,32.64684015,130.6841178,gsi_reference,reference_latitude_longitude,complete,0,1,1,1,1,1,1,1,1,1,1,1,1,1,1,1,1
ref:E4321300028121,50d02e4a012715bd2ede,E4321300028121,E4321300028121,宇城市,宇城市松橋西防災拠点センター,熊本県宇城市松橋町松橋564-2,宇城市松橋西防災拠点センター,熊本県宇城市松橋町松橋564-2,1,,要配慮者,32.6514957274895,130.678948359643,"[{""共通ID"": ""E4321300028121"", ""経度"": ""130.678948359643"", ""緯度"": ""32.6514957274895""}]",,matched,exact_name_address,1.000,reference/43000_1.csv,17068228366013260d8a1e506e0843bc9c0736e8ec7031a9e384d0d32abd7578,,,,,,unmatched,fuzzy_below_threshold,0.878,,,,,unmatched,manual_no_match,,,32.6514957274895,130.678948359643,gsi_reference,reference_latitude_longitude,complete,0,0,0,0,0,0,0,0,0,0,0,0,0,0,0,0,0
ref:E4321300004111,6fe2f81c2eea9abb62cb,E4321300004111,E4321300004111,宇城市,宇城市立三角小学校体育館,熊本県宇城市三角町三角浦574-1,宇城市立三角小学校体育館,熊本県宇城市三角町三角浦574-1,1,,,32.6109572980432,130.4681920924,"[{""共通ID"": ""E4321300004111"", ""経度"": ""130.4681920924"", ""緯度"": ""32.6109572980432""}]",,matched,exact_name_address,1.000,reference/43000_1.csv,17068228366013260d8a1e506e0843bc9c0736e8ec7031a9e384d0d32abd7578,00001130,550,550,kumamoto_portal_map,2026-08-01T00:28:20+09:00,matched,portal_shelter_id,1.000,32.610984,130.467488,,,unmatched,manual_no_match,,,32.6109572980432,130.4681920924,gsi_reference,reference_latitude_longitude,complete,0,0,0,0,0,0,0,0,0,0,0,0,0,0,0,0,0
ref:E4321300044111,7aed6f4ceca9702ff687,E4321300044111,E4321300044111,宇城市,宇城市立不知火中学校体育館,熊本県宇城市不知火町長崎45,宇城市立不知火中学校体育館,熊本県宇城市不知火町長崎45,1,,,32.6467377913213,130.656776324877,"[{""共通ID"": ""E4321300044111"", ""経度"": ""130.656776324877"", ""緯度"": ""32.6467377913213""}]",,matched,exact_name_address,1.000,reference/43000_1.csv,17068228366013260d8a1e506e0843bc9c0736e8ec7031a9e384d0d32abd7578,00001142,640,640,kumamoto_portal_map,2026-08-01T00:28:20+09:00,matched,portal_shelter_id,1.000,32.646633,130.6569,,,unmatched,manual_no_match,,,32.6467377913213,130.656776324877,gsi_reference,reference_latitude_longitude,complete,0,0,0,0,0,0,0,0,0,0,0,0,0,0,0,0,0
ref:E4321300039111,5e4c4dc23d0e7d58c2c4,E4321300039111,E4321300039111,宇城市,宇城市立不知火体育館,熊本県宇城市不知火町高良2273-1,宇城市立不知火体育館,熊本県宇城市不知火町高良2273-1,1,,,32.6459659,130.6685384,"[{""共通ID"": ""E4321300039111"", ""経度"": ""130.6685384"", ""緯度"": ""32.6459659""}]",,matched,exact_name_address,1.000,reference/43000_1.csv,17068228366013260d8a1e506e0843bc9c0736e8ec7031a9e384d0d32abd7578,00001138,550,550,kumamoto_portal_map,2026-08-01T00:28:20+09:00,matched,portal_shelter_id,1.000,32.645966,130.66853,,,unmatched,manual_no_match,,,32.6459659,130.6685384,gsi_reference,reference_latitude_longitude,complete,0,0,0,0,0,0,0,0,0,0,0,0,0,0,0,0,0
ref:E4321300018111,b3c5a7f9dc455ca12eb0,E4321300018111,E4321300018111,宇城市,宇城市立小川中学校体育館,熊本県宇城市小川町南部田287-2,宇城市立小川中学校体育館,熊本県宇城市小川町南部田287-2,1,,,32.5902022810048,130.714835531571,"[{""共通ID"": ""E4321300018111"", ""経度"": ""130.714835531571"", ""緯度"": ""32.5902022810048""}]",,matched,exact_name_address,1.000,reference/43000_1.csv,17068228366013260d8a1e506e0843bc9c0736e8ec7031a9e384d0d32abd7578,,,,,,unmatched,fuzzy_below_threshold,0.836,,,,,unmatched,manual_no_match,,,32.5902022810048,130.714835531571,gsi_reference,reference_latitude_longitude,complete,0,0,0,0,0,0,0,0,0,0,0,0,0,0,0,0,0
ref:E4321300013111,4b82e76943f564eaf76f,E4321300013111,E4321300013111,宇城市,宇城市立小川小学校体育館,熊本県宇城市小川町西北小川1,宇城市立小川小学校体育館,熊本県宇城市小川町西北小川1,1,,,32.5814572440176,130.710801595961,"[{""共通ID"": ""E4321300013111"", ""経度"": ""130.710801595961"", ""緯度"": ""32.5814572440176""}]",,matched,exact_name_address,1.000,reference/43000_1.csv,17068228366013260d8a1e506e0843bc9c0736e8ec7031a9e384d0d32abd7578,00001159,340,340,kumamoto_portal_map,2026-08-01T00:28:20+09:00,matched,portal_shelter_id,1.000,32.581876,130.7107,,,unmatched,manual_no_match,,,32.5814572440176,130.710801595961,gsi_reference,reference_latitude_longitude,complete,0,0,0,0,0,0,0,0,0,0,0,0,0,0,0,0,0
ref:E4321300016111,3f1bc3eba1250144c2e9,E4321300016111,E4321300016111,宇城市,宇城市立小野部田小学校体育館,熊本県宇城市小川町南小野1402,宇城市立小野部田小学校体育館,熊本県宇城市小川町南小野1402,1,,,32.6072179634021,130.718762612847,"[{""共通ID"": ""E4321300016111"", ""経度"": ""130.718762612847"", ""緯度"": ""32.6072179634021""}]",,matched,exact_name_address,1.000,reference/43000_1.csv,17068228366013260d8a1e506e0843bc9c0736e8ec7031a9e384d0d32abd7578,00002361,226,226,kumamoto_portal_map,2026-08-01T00:28:20+09:00,matched,portal_shelter_id,1.000,32.60723859614896,130.71880428874564,,,unmatched,manual_no_match,,,32.6072179634021,130.718762612847,gsi_reference,reference_latitude_longitude,complete,0,0,0,0,0,0,0,0,0,0,0,0,0,0,0,0,0
ref:E4321300021111,cfbf4de37dd8e8f72544,E4321300021111,E4321300021111,宇城市,宇城市立当尾小学校体育館,熊本県宇城市松橋町曲野1856,宇城市立当尾小学校体育館,熊本県宇城市松橋町曲野1856,1,,,32.657760280067,130.702126673644,"[{""共通ID"": ""E4321300021111"", ""経度"": ""130.702126673644"", ""緯度"": ""32.657760280067""}]",,matched,exact_name_address,1.000,reference/43000_1.csv,17068228366013260d8a1e506e0843bc9c0736e8ec7031a9e384d0d32abd7578,00001150,400,400,kumamoto_portal_map,2026-08-01T00:28:20+09:00,matched,portal_shelter_id,1.000,32.657752,130.701602,,,unmatched,manual_no_match,,,32.657760280067,130.702126673644,gsi_reference,reference_latitude_longitude,complete,0,0,0,0,0,0,0,0,0,0,0,0,0,0,0,0,0
ref:E4321300042111,42710bf53af300894b8f,E4321300042111,E4321300042111,宇城市,宇城市立松合体育館,熊本県宇城市不知火町松合168-1,宇城市立松合体育館,熊本県宇城市不知火町松合168-1,1,,,32.63063028,130.6077192,"[{""共通ID"": ""E4321300042111"", ""経度"": ""130.6077192"", ""緯度"": ""32.63063028""}]",,matched,exact_name_address,1.000,reference/43000_1.csv,17068228366013260d8a1e506e0843bc9c0736e8ec7031a9e384d0d32abd7578,,,,,,unmatched,no_candidate,,,,,,unmatched,manual_no_match,,,32.63063028,130.6077192,gsi_reference,reference_latitude_longitude,complete,0,0,0,0,0,0,0,0,0,0,0,0,0,0,0,0,0
ref:E4321300041111,e375b1145a8163cd54cf,E4321300041111,E4321300041111,宇城市,宇城市立松合小学校体育館,熊本県宇城市不知火町松合1578,宇城市立松合小学校体育館,熊本県宇城市不知火町松合1578,1,,,32.633744187261,130.60450273916,"[{""共通ID"": ""E4321300041111"", ""経度"": ""130.60450273916"", ""緯度"": ""32.633744187261""}]",,matched,exact_name_address,1.000,reference/43000_1.csv,17068228366013260d8a1e506e0843bc9c0736e8ec7031a9e384d0d32abd7578,,,,,,ambiguous,coordinate_near_tie,,,,,,unmatched,manual_no_match,,,32.633744187261,130.60450273916,gsi_reference,reference_latitude_longitude,complete,0,0,0,0,0,0,0,0,0,0,0,0,0,0,0,0,0
ref:E4321300026111,c84bedc027c2a4cfade1,E4321300026111,E4321300026111,宇城市,宇城市立松橋中学校体育館,熊本県宇城市松橋町松橋522-1,宇城市立松橋中学校体育館,熊本県宇城市松橋町松橋522-1,1,,,32.6504737979814,130.681744567655,"[{""共通ID"": ""E4321300026111"", ""経度"": ""130.681744567655"", ""緯度"": ""32.6504737979814""}]",,matched,exact_name_address,1.000,reference/43000_1.csv,17068228366013260d8a1e506e0843bc9c0736e8ec7031a9e384d0d32abd7578,,,,,,unmatched,fuzzy_below_threshold,0.836,,,,,unmatched,manual_no_match,,,32.6504737979814,130.681744567655,gsi_reference,reference_latitude_longitude,complete,0,0,0,0,0,0,0,0,0,0,0,0,0,0,0,0,0
ref:E4321300022111,da73c1cf3cf41cba7d10,E4321300022111,E4321300022111,宇城市,宇城市立松橋小学校体育館,熊本県宇城市松橋町松橋1666,宇城市立松橋小学校体育館,熊本県宇城市松橋町松橋1666,1,,,32.6568996602834,130.68596018065,"[{""共通ID"": ""E4321300022111"", ""経度"": ""130.68596018065"", ""緯度"": ""32.6568996602834""}]",,matched,exact_name_address,1.000,reference/43000_1.csv,17068228366013260d8a1e506e0843bc9c0736e8ec7031a9e384d0d32abd7578,,,,,,unmatched,fuzzy_below_threshold,0.836,,,,,unmatched,manual_no_match,,,32.6568996602834,130.68596018065,gsi_reference,reference_latitude_longitude,complete,0,0,0,0,0,0,0,0,0,0,0,0,0,0,0,0,0
ref:E4321300017111,1a35bb22e7e395304557,E4321300017111,E4321300017111,宇城市,宇城市立河江地区コミュニティセンター,熊本県宇城市小川町南新田476,宇城市立河江地区コミュニティセンター,熊本県宇城市小川町南新田476,1,,,32.59871699,130.6937355,"[{""共通ID"": ""E4321300017111"", ""経度"": ""130.6937355"", ""緯度"": ""32.59871699""}]",,matched,exact_name_address,1.000,reference/43000_1.csv,17068228366013260d8a1e506e0843bc9c0736e8ec7031a9e384d0d32abd7578,00001160,330,330,kumamoto_portal_map,2026-08-01T00:28:20+09:00,matched,portal_shelter_id,1.000,32.598685,130.693783,,,unmatched,manual_no_match,,,32.59871699,130.6937355,gsi_reference,reference_latitude_longitude,complete,0,0,0,0,0,0,0,0,0,0,0,0,0,0,0,0,0
ref:E4321300012111,64d3dc1cafeb1faa9603,E4321300012111,E4321300012111,宇城市,宇城市立河江小学校体育館,熊本県宇城市小川町新田1675-1,宇城市立河江小学校体育館,熊本県宇城市小川町新田1675-1,1,,,32.599299082465,130.689715421156,"[{""共通ID"": ""E4321300012111"", ""経度"": ""130.689715421156"", ""緯度"": ""32.599299082465""}]",,matched,exact_name_address,1.000,reference/43000_1.csv,17068228366013260d8a1e506e0843bc9c0736e8ec7031a9e384d0d32abd7578,00001163,840,840,kumamoto_portal_map,2026-08-01T00:28:20+09:00,matched,portal_shelter_id,1.000,32.599448,130.689025,,,unmatched,manual_no_match,,,32.599299082465,130.689715421156,gsi_reference,reference_latitude_longitude,complete,0,0,0,0,0,0,0,0,0,0,0,0,0,0,0,0,0
ref:E4321300015111,83ff4102938c7121dea8,E4321300015111,E4321300015111,宇城市,宇城市立海東小学校体育館,熊本県宇城市小川町南海東2050,宇城市立海東小学校体育館,熊本県宇城市小川町南海東2050,1,,,32.5834389151813,130.74478400516,"[{""共通ID"": ""E4321300015111"", ""経度"": ""130.74478400516"", ""緯度"": ""32.5834389151813""}]",,matched,exact_name_address,1.000,reference/43000_1.csv,17068228366013260d8a1e506e0843bc9c0736e8ec7031a9e384d0d32abd7578,00001157,430,430,kumamoto_portal_map,2026-08-01T00:28:20+09:00,matched,portal_shelter_id,1.000,32.583815,130.744917,,,unmatched,manual_no_match,,,32.5834389151813,130.74478400516,gsi_reference,reference_latitude_longitude,complete,0,0,0,0,0,0,0,0,0,0,0,0,0,0,0,0,0
ref:E4321300033111,01114a7927033a898ab2,E4321300033111,E4321300033111,宇城市,宇城市立豊川小学校体育館,熊本県宇城市松橋町南豊崎582,宇城市立豊川小学校体育館,熊本県宇城市松橋町南豊崎582,1,,,32.6248622708748,130.679586655861,"[{""共通ID"": ""E4321300033111"", ""経度"": ""130.679586655861"", ""緯度"": ""32.6248622708748""}]",,matched,exact_name_address,1.000,reference/43000_1.csv,17068228366013260d8a1e506e0843bc9c0736e8ec7031a9e384d0d32abd7578,00001148,450,450,kumamoto_portal_map,2026-08-01T00:28:20+09:00,matched,portal_shelter_id,1.000,32.624493,130.679133,,,unmatched,manual_no_match,,,32.6248622708748,130.679586655861,gsi_reference,reference_latitude_longitude,complete,0,0,0,0,0,0,0,0,0,0,0,0,0,0,0,0,0
ref:E4321300034111,fd9f64fbd1ef9fce126a,E4321300034111,E4321300034111,宇城市,宇城市立豊福小学校体育館,熊本県宇城市松橋町豊福1604,宇城市立豊福小学校体育館,熊本県宇城市松橋町豊福1604,1,,,32.6344819772043,130.700735048647,"[{""共通ID"": ""E4321300034111"", ""経度"": ""130.700735048647"", ""緯度"": ""32.6344819772043""}]",,matched,exact_name_address,1.000,reference/43000_1.csv,17068228366013260d8a1e506e0843bc9c0736e8ec7031a9e384d0d32abd7578,00001149,460,460,kumamoto_portal_map,2026-08-01T00:28:20+09:00,matched,portal_shelter_id,1.000,32.634754,130.700359,,,unmatched,manual_no_match,,,32.6344819772043,130.700735048647,gsi_reference,reference_latitude_longitude,complete,0,0,0,0,0,0,0,0,0,0,0,0,0,0,0,0,0
ref:E4321300048111,9a31373bb9925a08d28e,E4321300048111,E4321300048111,宇城市,宇城市立豊野小・中学校体育館,熊本県宇城市豊野町糸石3536,宇城市立豊野小・中学校体育館,熊本県宇城市豊野町糸石3536,1,,,32.6369667453818,130.74956849476,"[{""共通ID"": ""E4321300048111"", ""経度"": ""130.74956849476"", ""緯度"": ""32.6369667453818""}]",,matched,exact_name_address,1.000,reference/43000_1.csv,17068228366013260d8a1e506e0843bc9c0736e8ec7031a9e384d0d32abd7578,00001168,580,580,kumamoto_portal_map,2026-08-01T00:28:20+09:00,matched,portal_shelter_id,1.000,32.637338,130.749517,,,unmatched,manual_no_match,,,32.6369667453818,130.74956849476,gsi_reference,reference_latitude_longitude,complete,0,0,0,0,0,0,0,0,0,0,0,0,0,0,0,0,0
ref:E4321300001111,eed758db4f10af0fe180,E4321300001111,E4321300001111,宇城市,宇城市立青海小学校体育館,熊本県宇城市三角町郡浦88,宇城市立青海小学校体育館,熊本県宇城市三角町郡浦88,1,,,32.6235740397574,130.529011538301,"[{""共通ID"": ""E4321300001111"", ""経度"": ""130.529011538301"", ""緯度"": ""32.6235740397574""}]",,matched,exact_name_address,1.000,reference/43000_1.csv,17068228366013260d8a1e506e0843bc9c0736e8ec7031a9e384d0d32abd7578,,,,,,unmatched,fuzzy_below_threshold,0.836,,,,,unmatched,manual_no_match,,,32.6235740397574,130.529011538301,gsi_reference,reference_latitude_longitude,complete,0,0,0,0,0,0,0,0,0,0,0,0,0,0,0,0,0
ref:E4321300049111,d90da8cba71c7a0ea038,E4321300049111,E4321300049111,宇城市,宇城市豊野町コミュニティセンター,熊本県宇城市豊野町巣林309-1,宇城市豊野町コミュニティセンター,熊本県宇城市豊野町巣林309-1,1,,,32.64405179,130.7687133,"[{""共通ID"": ""E4321300049111"", ""経度"": ""130.7687133"", ""緯度"": ""32.64405179""}]",,matched,exact_name_address,1.000,reference/43000_1.csv,17068228366013260d8a1e506e0843bc9c0736e8ec7031a9e384d0d32abd7578,00001167,220,220,kumamoto_portal_map,2026-08-01T00:28:20+09:00,matched,portal_shelter_id,1.000,32.644032,130.768635,,,unmatched,manual_no_match,,,32.64405179,130.7687133,gsi_reference,reference_latitude_longitude,complete,0,0,0,0,0,0,0,0,0,0,0,0,0,0,0,0,0
ref:E4321300046121,9aea65c8170c24b67c1f,E4321300046121,E4321300046121,宇城市,宇城市豊野防災拠点センター,熊本県宇城市豊野町糸石3140-3,宇城市豊野防災拠点センター,熊本県宇城市豊野町糸石3140-3,1,,要配慮者,32.6358303264775,130.750995437858,"[{""共通ID"": ""E4321300046121"", ""経度"": ""130.750995437858"", ""緯度"": ""32.6358303264775""}]",,matched,exact_name_address,1.000,reference/43000_1.csv,17068228366013260d8a1e506e0843bc9c0736e8ec7031a9e384d0d32abd7578,00002133,216,216,kumamoto_portal_map,2026-08-01T00:28:20+09:00,matched,portal_shelter_id,1.000,32.635801092040616,130.75087795121362,,,unmatched,manual_no_match,,,32.6358303264775,130.750995437858,gsi_reference,reference_latitude_longitude,complete,0,0,0,0,0,0,0,0,0,0,0,0,0,0,0,0,0
ref:E4321300002111,e76e5a0f55ed97da6738,E4321300002111,E4321300002111,宇城市,宇城市農村環境改善センター,熊本県宇城市三角町戸馳2861,宇城市農村環境改善センター,熊本県宇城市三角町戸馳2861,1,,,32.6010281,130.494036,"[{""共通ID"": ""E4321300002111"", ""経度"": ""130.494036"", ""緯度"": ""32.6010281""}]",,matched,exact_name_address,1.000,reference/43000_1.csv,17068228366013260d8a1e506e0843bc9c0736e8ec7031a9e384d0d32abd7578,00001132,180,180,kumamoto_portal_map,2026-08-01T00:28:20+09:00,matched,portal_shelter_id,1.000,32.600883,130.493956,,,unmatched,manual_no_match,,,32.6010281,130.494036,gsi_reference,reference_latitude_longitude,complete,0,0,0,0,0,0,0,0,0,0,0,0,0,0,0,0,0
ref:E4321300045111,8b57b2ef06ab8b5f8c09,E4321300045111,E4321300045111,宇城市,宇城市農業者トレーニングセンター,熊本県宇城市豊野町糸石3029,宇城市農業者トレーニングセンター,熊本県宇城市豊野町糸石3029,1,,,32.63493408,130.7536628,"[{""共通ID"": ""E4321300045111"", ""経度"": ""130.7536628"", ""緯度"": ""32.63493408""}]",,matched,exact_name_address,1.000,reference/43000_1.csv,17068228366013260d8a1e506e0843bc9c0736e8ec7031a9e384d0d32abd7578,00001166,430,430,kumamoto_portal_map,2026-08-01T00:28:20+09:00,matched,portal_shelter_id,1.000,32.634955,130.753653,,,unmatched,manual_no_match,,,32.63493408,130.7536628,gsi_reference,reference_latitude_longitude,complete,0,0,0,0,0,0,0,0,0,0,0,0,0,0,0,0,0
ref:E4321300005111,a863338604312b4380bf,E4321300005111,E4321300005111,宇城市,宇城市郡浦地区市民館,熊本県宇城市三角町中村1165,宇城市郡浦地区市民館,熊本県宇城市三角町中村1165,1,,,32.6255795,130.5207601,"[{""共通ID"": ""E4321300005111"", ""経度"": ""130.5207601"", ""緯度"": ""32.6255795""}]",,matched,exact_name_address,1.000,reference/43000_1.csv,17068228366013260d8a1e506e0843bc9c0736e8ec7031a9e384d0d32abd7578,,,,,,unmatched,fuzzy_below_threshold,0.855,,,,,unmatched,manual_no_match,,,32.6255795,130.5207601,gsi_reference,reference_latitude_longitude,complete,0,0,0,0,0,0,0,0,0,0,0,0,0,0,0,0,0
web:19f5564d5d7694ba6443,19f5564d5d7694ba6443,,,宇城市,小川中学校体育館,宇城市小川町南部田287ー2,,,,,,,,[],,unmatched,fuzzy_below_threshold,0.836,reference/43000_1.csv,17068228366013260d8a1e506e0843bc9c0736e8ec7031a9e384d0d32abd7578,00001162,620,620,kumamoto_portal_map,2026-08-01T00:28:20+09:00,matched,portal_shelter_id,1.000,32.590645,130.713716,,,unmatched,manual_no_match,,,32.590645,130.713716,kumamoto_portal,portal_latitude_longitude,complete,0,0,0,1,1,1,1,1,1,1,1,1,1,1,1,1,1
ref:E4321300019111,764322bb3dc0bdb7e57c,E4321300019111,E4321300019111,宇城市,小川工業高等学校,熊本県宇城市小川町北新田770,小川工業高等学校,熊本県宇城市小川町北新田770,1,,,32.604858,130.697691,"[{""共通ID"": ""E4321300019111"", ""経度"": ""130.697691"", ""緯度"": ""32.604858""}]",,matched,exact_name_address,1.000,reference/43000_1.csv,17068228366013260d8a1e506e0843bc9c0736e8ec7031a9e384d0d32abd7578,,,,,,unmatched,no_candidate,,,,,,unmatched,manual_no_match,,,32.604858,130.697691,gsi_reference,reference_latitude_longitude,complete,0,0,0,0,0,0,0,0,0,0,0,0,0,0,0,0,0
ref:E4321300011111,f0722c51513cff9dc709,E4321300011111,E4321300011111,宇城市,小川総合文化センター・ラポート,熊本県宇城市小川町江頭80,小川総合文化センター・ラポート,熊本県宇城市小川町江頭80,1,,,32.59307058,130.7044983,"[{""共通ID"": ""E4321300011111"", ""経度"": ""130.7044983"", ""緯度"": ""32.59307058""}]",,matched,exact_name_address,1.000,reference/43000_1.csv,17068228366013260d8a1e506e0843bc9c0736e8ec7031a9e384d0d32abd7578,00001164,780,780,kumamoto_portal_map,2026-08-01T00:28:20+09:00,matched,portal_shelter_id,1.000,32.59315,130.704658,,,unmatched,manual_no_match,,,32.59307058,130.7044983,gsi_reference,reference_latitude_longitude,complete,0,0,0,0,0,0,0,0,0,0,0,0,0,0,0,0,0
web:5c8aee7f9d598d2ba1cb,5c8aee7f9d598d2ba1cb,,,宇城市,小川防災拠点センター,熊本県宇城市小川町江頭100番地,,,,,,,,[],,unmatched,fuzzy_below_threshold,0.883,reference/43000_1.csv,17068228366013260d8a1e506e0843bc9c0736e8ec7031a9e384d0d32abd7578,00002194,752,752,kumamoto_portal_map,2026-08-01T00:28:20+09:00,matched,portal_shelter_id,1.000,32.59117304361442,130.70501291133146,32.59286338,130.7033051,matched,manual_shelter_id,マニュアルジオコーディング(1).csv,35f5dae36fe4e9577c53f227bd933e4604ed40e589ee27a700add2b32438424c,32.59286338,130.7033051,manual_geocoding,manual_shelter_id,complete,0,1,1,1,1,1,1,1,1,1,1,1,1,1,1,1,1
web:ba087cedee03e98df6c9,ba087cedee03e98df6c9,,,宇城市,小野部田小学校体育館,宇城市小川町南小野1402,,,,,,,,[],,unmatched,fuzzy_below_threshold,0.863,reference/43000_1.csv,17068228366013260d8a1e506e0843bc9c0736e8ec7031a9e384d0d32abd7578,00001161,480,480,kumamoto_portal_map,2026-08-01T00:28:20+09:00,matched,coordinate_with_name_20m,0.999,32.606915,130.718937,32.6069935,130.7189544,matched,manual_shelter_id,マニュアルジオコーディング(1).csv,35f5dae36fe4e9577c53f227bd933e4604ed40e589ee27a700add2b32438424c,32.6069935,130.7189544,manual_geocoding,manual_shelter_id,complete,0,1,1,1,1,1,1,1,1,1,1,1,1,1,1,1,1
web:0673ab4742b0efe949f5,0673ab4742b0efe949f5,,,宇城市,松橋中学校武道館,熊本県宇城市松橋町松橋522-1,,,,,,,,[],,unmatched,no_candidate,,reference/43000_1.csv,17068228366013260d8a1e506e0843bc9c0736e8ec7031a9e384d0d32abd7578,00002360,,0,kumamoto_portal_map,2026-08-01T00:28:20+09:00,matched,portal_shelter_id,1.000,32.650981111339924,130.68166772913608,,,unmatched,manual_no_match,,,32.650981111339924,130.68166772913608,kumamoto_portal,portal_latitude_longitude,complete,0,0,0,1,1,1,1,1,1,1,1,1,1,1,1,1,0
ref:E4321300035111,90397988bee9bd0a07c0,E4321300035111,E4321300035111,宇城市,松橋勤労身体障害者教養文化体育施設,熊本県宇城市松橋町豊福1786,松橋勤労身体障害者教養文化体育施設,熊本県宇城市松橋町豊福1786,1,,,32.6423366358475,130.703049514812,"[{""共通ID"": ""E4321300035111"", ""経度"": ""130.703049514812"", ""緯度"": ""32.6423366358475""}]",,matched,exact_name_address,1.000,reference/43000_1.csv,17068228366013260d8a1e506e0843bc9c0736e8ec7031a9e384d0d32abd7578,00001155,750,750,kumamoto_portal_map,2026-08-01T00:28:20+09:00,matched,portal_shelter_id,1.000,32.642356,130.703003,,,unmatched,manual_no_match,,,32.6423366358475,130.703049514812,gsi_reference,reference_latitude_longitude,complete,0,0,0,0,0,0,0,0,0,0,0,0,0,0,0,0,0
ref:E4321300032121,63c01552cf7093b7c0f9,E4321300032121,E4321300032121,宇城市,松橋支援学校,熊本県宇城市松橋町南豊崎252,松橋支援学校,熊本県宇城市松橋町南豊崎252,1,,要配慮者,32.623386,130.682144,"[{""共通ID"": ""E4321300032121"", ""経度"": ""130.682144"", ""緯度"": ""32.623386""}]",,matched,exact_name_address,1.000,reference/43000_1.csv,17068228366013260d8a1e506e0843bc9c0736e8ec7031a9e384d0d32abd7578,,,,,,unmatched,no_candidate,,,,,,unmatched,manual_no_match,,,32.623386,130.682144,gsi_reference,reference_latitude_longitude,complete,0,0,0,0,0,0,0,0,0,0,0,0,0,0,0,0,0
ref:E4321300036121,5bca852c25973587996c,E4321300036121,E4321300036121,宇城市,松橋東支援学校,熊本県宇城市松橋町豊福2910,松橋東支援学校,熊本県宇城市松橋町豊福2910,1,,要配慮者,32.6444388357829,130.700077029674,"[{""共通ID"": ""E4321300036121"", ""経度"": ""130.700077029674"", ""緯度"": ""32.6444388357829""}]",,matched,exact_name_address,1.000,reference/43000_1.csv,17068228366013260d8a1e506e0843bc9c0736e8ec7031a9e384d0d32abd7578,,,,,,unmatched,no_candidate,,,,,,unmatched,manual_no_match,,,32.6444388357829,130.700077029674,gsi_reference,reference_latitude_longitude,complete,0,0,0,0,0,0,0,0,0,0,0,0,0,0,0,0,0
web:87a410b68cfb404f6035,87a410b68cfb404f6035,,,宇城市,松橋東防災拠点センター,熊本県宇城市豊福1786番地,,,,,,,,[],,unmatched,fuzzy_below_threshold,0.867,reference/43000_1.csv,17068228366013260d8a1e506e0843bc9c0736e8ec7031a9e384d0d32abd7578,00002192,511,511,kumamoto_portal_map,2026-08-01T00:28:20+09:00,matched,portal_shelter_id,1.000,32.64785704367983,130.68436411272134,32.64293327,130.7028836,matched,manual_shelter_id,マニュアルジオコーディング(1).csv,35f5dae36fe4e9577c53f227bd933e4604ed40e589ee27a700add2b32438424c,32.64293327,130.7028836,manual_geocoding,manual_shelter_id,complete,0,1,1,1,1,1,1,1,1,1,1,1,1,1,1,1,1
ref:E4321300035112,02300a17adbfb8734f36,E4321300035112,E4321300035112,宇城市,松橋老人福祉センター,熊本県宇城市松橋町豊福1786,松橋老人福祉センター,熊本県宇城市松橋町豊福1786,1,,,32.6427896005873,130.701651001247,"[{""共通ID"": ""E4321300035112"", ""経度"": ""130.701651001247"", ""緯度"": ""32.6427896005873""}]",,matched,exact_name_address,1.000,reference/43000_1.csv,17068228366013260d8a1e506e0843bc9c0736e8ec7031a9e384d0d32abd7578,00001154,450,450,kumamoto_portal_map,2026-08-01T00:28:20+09:00,matched,portal_shelter_id,1.000,32.642356,130.703003,,,unmatched,manual_no_match,,,32.6427896005873,130.701651001247,gsi_reference,reference_latitude_longitude,complete,0,0,0,0,0,0,0,0,0,0,0,0,0,0,0,0,0
ref:E4321300023121,35239723e87b95e3720f,E4321300023121,E4321300023121,宇城市,松橋西支援学校,熊本県宇城市松橋町松橋308-1,松橋西支援学校,熊本県宇城市松橋町松橋308-1,1,,要配慮者,32.647345,130.67912,"[{""共通ID"": ""E4321300023121"", ""経度"": ""130.67912"", ""緯度"": ""32.647345""}]",,matched,exact_name_address,1.000,reference/43000_1.csv,17068228366013260d8a1e506e0843bc9c0736e8ec7031a9e384d0d32abd7578,,,,,,unmatched,no_candidate,,,,,,unmatched,manual_no_match,,,32.647345,130.67912,gsi_reference,reference_latitude_longitude,complete,0,0,0,0,0,0,0,0,0,0,0,0,0,0,0,0,0
web:38cdaae343f39d2a3d4e,38cdaae343f39d2a3d4e,,,宇城市,松橋西防災拠点センター,熊本県宇城市松橋町松橋564番地,,,,,,,,[],,unmatched,fuzzy_below_threshold,0.878,reference/43000_1.csv,17068228366013260d8a1e506e0843bc9c0736e8ec7031a9e384d0d32abd7578,00002193,419,419,kumamoto_portal_map,2026-08-01T00:28:20+09:00,matched,portal_shelter_id,1.000,32.652025512723746,130.67878183007937,32.65165088,130.6784273,matched,manual_shelter_id,マニュアルジオコーディング(1).csv,35f5dae36fe4e9577c53f227bd933e4604ed40e589ee27a700add2b32438424c,32.65165088,130.6784273,manual_geocoding,manual_shelter_id,complete,0,1,1,1,1,1,1,1,1,1,1,1,1,1,1,1,1
ref:E4321300020111,a93b9f1611186f8269c3,E4321300020111,E4321300020111,宇城市,松橋高等学校,熊本県宇城市松橋町久具300,松橋高等学校,熊本県宇城市松橋町久具300,1,,,32.647648,130.685865,"[{""共通ID"": ""E4321300020111"", ""経度"": ""130.685865"", ""緯度"": ""32.647648""}]",,matched,exact_name_address,1.000,reference/43000_1.csv,17068228366013260d8a1e506e0843bc9c0736e8ec7031a9e384d0d32abd7578,,,,,,unmatched,no_candidate,,,,,,unmatched,manual_no_match,,,32.647648,130.685865,gsi_reference,reference_latitude_longitude,complete,0,0,0,0,0,0,0,0,0,0,0,0,0,0,0,0,0
ref:E4321300039113,e5f5c1e086ef7fac33fc,E4321300039113,E4321300039113,宇城市,武道館,熊本県宇城市不知火町高良2273-1,武道館,熊本県宇城市不知火町高良2273-1,1,,,32.645665,130.668637,"[{""共通ID"": ""E4321300039113"", ""経度"": ""130.668637"", ""緯度"": ""32.645665""}]",,matched,exact_name_address,1.000,reference/43000_1.csv,17068228366013260d8a1e506e0843bc9c0736e8ec7031a9e384d0d32abd7578,00001143,600,600,kumamoto_portal_map,2026-08-01T00:28:20+09:00,matched,portal_shelter_id,1.000,32.645966,130.66853,,,unmatched,manual_no_match,,,32.645665,130.668637,gsi_reference,reference_latitude_longitude,complete,0,0,0,0,0,0,0,0,0,0,0,0,0,0,0,0,0
ref:E4321300014111,bf3cdffafaf98bdf2aa8,E4321300014111,E4321300014111,宇城市,海東地区農村コミュニティ施設,熊本県宇城市小川町南海東2047-1,海東地区農村コミュニティ施設,熊本県宇城市小川町南海東2047-1,1,,,32.58153692,130.7426117,"[{""共通ID"": ""E4321300014111"", ""経度"": ""130.7426117"", ""緯度"": ""32.58153692""}]",,matched,exact_name_address,1.000,reference/43000_1.csv,17068228366013260d8a1e506e0843bc9c0736e8ec7031a9e384d0d32abd7578,00001158,100,100,kumamoto_portal_map,2026-08-01T00:28:20+09:00,matched,portal_shelter_id,1.000,32.582624,130.743738,,,unmatched,manual_no_match,,,32.58153692,130.7426117,gsi_reference,reference_latitude_longitude,complete,0,0,0,0,0,0,0,0,0,0,0,0,0,0,0,0,0
web:2432a4669e6369817c34,2432a4669e6369817c34,,,宇城市,豊野防災拠点センター,熊本県宇城市糸石3140番地3,,,,,,,,[],,unmatched,fuzzy_below_threshold,0.853,reference/43000_1.csv,17068228366013260d8a1e506e0843bc9c0736e8ec7031a9e384d0d32abd7578,00002133,216,216,kumamoto_portal_map,2026-08-01T00:28:20+09:00,matched,portal_shelter_id,1.000,32.635801092040616,130.75087795121362,,,unmatched,manual_no_match,,,32.635801092040616,130.75087795121362,kumamoto_portal,portal_latitude_longitude,complete,0,0,0,1,1,1,1,1,1,1,1,1,1,1,1,1,1
ref:E4342400033111,0246a28c6f5802e5963b,E4342400033111,E4342400033111,小国町,JA情報企画センター,熊本県小国町大字宮原2300,JA情報企画センター,熊本県小国町大字宮原2300,1,,,33.111998857386,131.06215970312,"[{""共通ID"": ""E4342400033111"", ""経度"": ""131.06215970312"", ""緯度"": ""33.111998857386""}]",,matched,exact_name_address,1.000,reference/43000_1.csv,17068228366013260d8a1e506e0843bc9c0736e8ec7031a9e384d0d32abd7578,,,,,,ambiguous,coordinate_near_tie,,,,,,unmatched,manual_no_match,,,33.111998857386,131.06215970312,gsi_reference,reference_latitude_longitude,complete,0,0,0,0,0,0,0,0,0,0,0,0,0,0,0,0,0
ref:E4342400022111,9c6276e8692bfb6367db,E4342400022111,E4342400022111,小国町,おぐに町民センター,熊本県小国町大字宮原1536-1,おぐに町民センター,熊本県小国町大字宮原1536-1,,,,33.121361822125,131.06861214828,"[{""共通ID"": ""E4342400022111"", ""経度"": ""131.06861214828"", ""緯度"": ""33.121361822125""}]",,matched,exact_name_address,1.000,reference/43000_1.csv,17068228366013260d8a1e506e0843bc9c0736e8ec7031a9e384d0d32abd7578,00000580,114,114,kumamoto_portal_map,2026-08-01T00:28:20+09:00,matched,portal_shelter_id,1.000,33.123542,131.066407,,,unmatched,manual_no_match,,,33.121361822125,131.06861214828,gsi_reference,reference_latitude_longitude,complete,0,0,0,0,0,0,0,0,0,0,0,0,0,0,0,0,0
ref:E4342300001121,c3c510fb063662d357ba,E4342300001121,E4342300001121,小国町,おぐに老人保健施設,熊本県小国町大字宮原1743,おぐに老人保健施設,熊本県小国町大字宮原1743,,,要配慮者,33.121414845156,131.06539333589,"[{""共通ID"": ""E4342300001121"", ""経度"": ""131.06539333589"", ""緯度"": ""33.121414845156""}]",,matched,exact_name_address,1.000,reference/43000_1.csv,17068228366013260d8a1e506e0843bc9c0736e8ec7031a9e384d0d32abd7578,00000581,20,20,kumamoto_portal_map,2026-08-01T00:28:20+09:00,matched,portal_shelter_id,1.000,33.121459,131.065161,,,unmatched,manual_no_match,,,33.121414845156,131.06539333589,gsi_reference,reference_latitude_longitude,complete,0,0,0,0,0,0,0,0,0,0,0,0,0,0,0,0,0
ref:E4342400025121,b02136f04a52fdebe08a,E4342400025121,E4342400025121,小国町,おぐに老人保健施設,熊本県小国町大字宮原1742-1,おぐに老人保健施設,熊本県小国町大字宮原1742-1,,,要配慮者,33.121410575206,131.06516640867,"[{""共通ID"": ""E4342400025121"", ""経度"": ""131.06516640867"", ""緯度"": ""33.121410575206""}]",,matched,exact_name_address,1.000,reference/43000_1.csv,17068228366013260d8a1e506e0843bc9c0736e8ec7031a9e384d0d32abd7578,00000581,20,20,kumamoto_portal_map,2026-08-01T00:28:20+09:00,matched,portal_shelter_id,1.000,33.121459,131.065161,,,unmatched,manual_no_match,,,33.121410575206,131.06516640867,gsi_reference,reference_latitude_longitude,complete,0,0,0,0,0,0,0,0,0,0,0,0,0,0,0,0,0
ref:E4342400053111,fbf4b8b39f398f43dd4a,E4342400053111,E4342400053111,小国町,ゆけむり茶屋,熊本県小国町大字西里2816,ゆけむり茶屋,熊本県小国町大字西里2816,1,,,33.155766039903,131.13586968545,"[{""共通ID"": ""E4342400053111"", ""経度"": ""131.13586968545"", ""緯度"": ""33.155766039903""}]",,matched,exact_name_address,1.000,reference/43000_1.csv,17068228366013260d8a1e506e0843bc9c0736e8ec7031a9e384d0d32abd7578,00000577,50,50,kumamoto_portal_map,2026-08-01T00:28:20+09:00,matched,portal_shelter_id,1.000,33.155714,131.135633,,,unmatched,manual_no_match,,,33.155766039903,131.13586968545,gsi_reference,reference_latitude_longitude,complete,0,0,0,0,0,0,0,0,0,0,0,0,0,0,0,0,0
ref:E4342400047111,a59f62df61e7c6e333b8,E4342400047111,E4342400047111,小国町,上田多目的集会場,熊本県小国町大字上田289-1,上田多目的集会場,熊本県小国町大字上田289-1,1,,,33.109438515287,131.09356374614,"[{""共通ID"": ""E4342400047111"", ""経度"": ""131.09356374614"", ""緯度"": ""33.109438515287""}]",,matched,exact_name_address,1.000,reference/43000_1.csv,17068228366013260d8a1e506e0843bc9c0736e8ec7031a9e384d0d32abd7578,00001594,50,50,kumamoto_portal_map,2026-08-01T00:28:20+09:00,matched,portal_shelter_id,1.000,33.109374,131.093436,,,unmatched,manual_no_match,,,33.109438515287,131.09356374614,gsi_reference,reference_latitude_longitude,complete,0,0,0,0,0,0,0,0,0,0,0,0,0,0,0,0,0
ref:E4342400031111,309bdd44feba670efa1b,E4342400031111,E4342400031111,小国町,小国ドーム,熊本県小国町大字宮原214-2,小国ドーム,熊本県小国町大字宮原214-2,,,,33.116164273042,131.07412523393,"[{""共通ID"": ""E4342400031111"", ""経度"": ""131.07412523393"", ""緯度"": ""33.116164273042""}]",,matched,exact_name_address,1.000,reference/43000_1.csv,17068228366013260d8a1e506e0843bc9c0736e8ec7031a9e384d0d32abd7578,00000575,1500,1500,kumamoto_portal_map,2026-08-01T00:28:20+09:00,matched,portal_shelter_id,1.000,33.116193,131.074099,,,unmatched,manual_no_match,,,33.116164273042,131.07412523393,gsi_reference,reference_latitude_longitude,complete,0,0,0,0,0,0,0,0,0,0,0,0,0,0,0,0,0
ref:E4342400029111,762e5f2e8fc316000bd0,E4342400029111,E4342400029111,小国町,小国中学校体育館,熊本県小国町大字宮原200-1,小国中学校体育館,熊本県小国町大字宮原200-1,1,,,33.117851965895,131.07333090295,"[{""共通ID"": ""E4342400029111"", ""経度"": ""131.07333090295"", ""緯度"": ""33.117851965895""}]",,matched,exact_name_address,1.000,reference/43000_1.csv,17068228366013260d8a1e506e0843bc9c0736e8ec7031a9e384d0d32abd7578,,,,,,unmatched,no_candidate,,,,,,unmatched,manual_no_match,,,33.117851965895,131.07333090295,gsi_reference,reference_latitude_longitude,complete,0,0,0,0,0,0,0,0,0,0,0,0,0,0,0,0,0
ref:E4342400024111,6ba7070dd92b76450d4b,E4342400024111,E4342400024111,小国町,小国小学校体育館,熊本県小国町大字宮原172-1,小国小学校体育館,熊本県小国町大字宮原172-1,1,,,33.119018779878,131.07222583282,"[{""共通ID"": ""E4342400024111"", ""経度"": ""131.07222583282"", ""緯度"": ""33.119018779878""}]",,matched,exact_name_address,1.000,reference/43000_1.csv,17068228366013260d8a1e506e0843bc9c0736e8ec7031a9e384d0d32abd7578,,,,,,unmatched,no_candidate,,,,,,unmatched,manual_no_match,,,33.119018779878,131.07222583282,gsi_reference,reference_latitude_longitude,complete,0,0,0,0,0,0,0,0,0,0,0,0,0,0,0,0,0
refgroup:0f82e1449687354b1c43,fb75f376cb0571bb0f39,E4342300002121,E4342300002121;E4342400035121,小国町,小国町社会福祉協議会 サポートセンター悠愛,熊本県小国町大字宮原2617,小国町社会福祉協議会 サポートセンター悠愛,熊本県小国町大字宮原2617,1,,要配慮者,33.1127100680706,131.060179636444,"[{""共通ID"": ""E4342300002121"", ""経度"": ""131.060179636444"", ""緯度"": ""33.1127100680706""}, {""共通ID"": ""E4342400035121"", ""経度"": ""131.05986084717"", ""緯度"": ""33.113269024996""}]",,matched_multiple,exact_name_address,1.000,reference/43000_1.csv,17068228366013260d8a1e506e0843bc9c0736e8ec7031a9e384d0d32abd7578,00000583,20,20,kumamoto_portal_map,2026-08-01T00:28:20+09:00,matched,portal_shelter_id,1.000,33.11327,131.059745,,,unmatched,manual_no_match,,,33.1127100680706,131.060179636444,gsi_reference,reference_latitude_longitude,complete,0,0,0,0,0,0,0,0,0,0,0,0,0,0,0,0,0
ref:E4342400027111,cb883099d872d83929aa,E4342400027111,E4342400027111,小国町,小国高等学校,熊本県小国町大字宮原1887-1,小国高等学校,熊本県小国町大字宮原1887-1,1,,,33.119541818072,131.06155888829,"[{""共通ID"": ""E4342400027111"", ""経度"": ""131.06155888829"", ""緯度"": ""33.119541818072""}]",,matched,exact_name_address,1.000,reference/43000_1.csv,17068228366013260d8a1e506e0843bc9c0736e8ec7031a9e384d0d32abd7578,00001585,500,500,kumamoto_portal_map,2026-08-01T00:28:20+09:00,matched,portal_shelter_id,1.000,33.119292,131.061214,,,unmatched,manual_no_match,,,33.119541818072,131.06155888829,gsi_reference,reference_latitude_longitude,complete,0,0,0,0,0,0,0,0,0,0,0,0,0,0,0,0,0
ref:E4342400049111,c477a6dbe1c29a801566,E4342400049111,E4342400049111,小国町,旧万成小学校,熊本県小国町大字上田3469,旧万成小学校,熊本県小国町大字上田3469,1,,,33.120922073329,131.10242118564,"[{""共通ID"": ""E4342400049111"", ""経度"": ""131.10242118564"", ""緯度"": ""33.120922073329""}]",,matched,exact_name_address,1.000,reference/43000_1.csv,17068228366013260d8a1e506e0843bc9c0736e8ec7031a9e384d0d32abd7578,00001596,300,300,kumamoto_portal_map,2026-08-01T00:28:20+09:00,matched,portal_shelter_id,1.000,33.120796,131.102363,,,unmatched,manual_no_match,,,33.120922073329,131.10242118564,gsi_reference,reference_latitude_longitude,complete,0,0,0,0,0,0,0,0,0,0,0,0,0,0,0,0,0
ref:E4342400004112,3c0b52b4997f53064e2c,E4342400004112,E4342400004112,小国町,旧下城小学校,熊本県小国町大字下城3517-1,旧下城小学校,熊本県小国町大字下城3517-1,1,,,33.160017170522,131.04513247133,"[{""共通ID"": ""E4342400004112"", ""経度"": ""131.04513247133"", ""緯度"": ""33.160017170522""}]",,matched,exact_name_address,1.000,reference/43000_1.csv,17068228366013260d8a1e506e0843bc9c0736e8ec7031a9e384d0d32abd7578,00000578,200,200,kumamoto_portal_map,2026-08-01T00:28:20+09:00,matched,portal_shelter_id,1.000,33.159931,131.044821,,,unmatched,manual_no_match,,,33.160017170522,131.04513247133,gsi_reference,reference_latitude_longitude,complete,0,0,0,0,0,0,0,0,0,0,0,0,0,0,0,0,0
ref:E4342400004111,5cd37474c18c850593d8,E4342400004111,E4342400004111,小国町,旧下城小学校体育館,熊本県小国町大字下城3517-1,旧下城小学校体育館,熊本県小国町大字下城3517-1,1,,,33.160074038314,131.04435763383,"[{""共通ID"": ""E4342400004111"", ""経度"": ""131.04435763383"", ""緯度"": ""33.160074038314""}]",,matched,exact_name_address,1.000,reference/43000_1.csv,17068228366013260d8a1e506e0843bc9c0736e8ec7031a9e384d0d32abd7578,00000578,200,200,kumamoto_portal_map,2026-08-01T00:28:20+09:00,matched,portal_shelter_id,1.000,33.159931,131.044821,,,unmatched,manual_no_match,,,33.160074038314,131.04435763383,gsi_reference,reference_latitude_longitude,complete,0,0,0,0,0,0,0,0,0,0,0,0,0,0,0,0,0
ref:E4342400059111,6182ba6753872ed644e4,E4342400059111,E4342400059111,小国町,旧北里小学校体育館,熊本県小国町大字北里2473-1,旧北里小学校体育館,熊本県小国町大字北里2473-1,1,,,33.142176611595,131.09581175085,"[{""共通ID"": ""E4342400059111"", ""経度"": ""131.09581175085"", ""緯度"": ""33.142176611595""}]",,matched,exact_name_address,1.000,reference/43000_1.csv,17068228366013260d8a1e506e0843bc9c0736e8ec7031a9e384d0d32abd7578,00001601,300,300,kumamoto_portal_map,2026-08-01T00:28:20+09:00,matched,portal_shelter_id,1.000,33.142056,131.095923,,,unmatched,manual_no_match,,,33.142176611595,131.09581175085,gsi_reference,reference_latitude_longitude,complete,0,0,0,0,0,0,0,0,0,0,0,0,0,0,0,0,0
ref:E4342400043111,cda3e2d034b3478833bb,E4342400043111,E4342400043111,小国町,旧蓬莱小学校体育館,熊本県小国町大字黒渕2499-1,旧蓬莱小学校体育館,熊本県小国町大字黒渕2499-1,1,,,33.129728950133,131.03665432954,"[{""共通ID"": ""E4342400043111"", ""経度"": ""131.03665432954"", ""緯度"": ""33.129728950133""}]",,matched,exact_name_address,1.000,reference/43000_1.csv,17068228366013260d8a1e506e0843bc9c0736e8ec7031a9e384d0d32abd7578,00001629,300,300,kumamoto_portal_map,2026-08-01T00:28:20+09:00,matched,portal_shelter_id,1.000,33.126175,131.037646,,,unmatched,manual_no_match,,,33.129728950133,131.03665432954,gsi_reference,reference_latitude_longitude,complete,0,0,0,0,0,0,0,0,0,0,0,0,0,0,0,0,0
ref:E4342400057111,bceb86fef2711582cda4,E4342400057111,E4342400057111,小国町,旧西里小学校,熊本県小国町大字西里985-2,旧西里小学校,熊本県小国町大字西里985-2,1,,,33.158188804779,131.09235373146,"[{""共通ID"": ""E4342400057111"", ""経度"": ""131.09235373146"", ""緯度"": ""33.158188804779""}]",,matched,exact_name_address,1.000,reference/43000_1.csv,17068228366013260d8a1e506e0843bc9c0736e8ec7031a9e384d0d32abd7578,00001611,200,200,kumamoto_portal_map,2026-08-01T00:28:20+09:00,matched,portal_shelter_id,1.000,33.15573,131.136164,,,unmatched,manual_no_match,,,33.158188804779,131.09235373146,gsi_reference,reference_latitude_longitude,complete,0,0,0,0,0,0,0,0,0,0,0,0,0,0,0,0,0
ref:E4342400061111,3bd42d6445d121ab1178,E4342400061111,E4342400061111,小国町,木魂館,熊本県小国町大字北里371-1,木魂館,熊本県小国町大字北里371-1,1,,,33.140941381086,131.09065118072,"[{""共通ID"": ""E4342400061111"", ""経度"": ""131.09065118072"", ""緯度"": ""33.140941381086""}]",,matched,exact_name_address,1.000,reference/43000_1.csv,17068228366013260d8a1e506e0843bc9c0736e8ec7031a9e384d0d32abd7578,00001602,300,300,kumamoto_portal_map,2026-08-01T00:28:20+09:00,matched,portal_shelter_id,1.000,33.141089,131.090671,,,unmatched,manual_no_match,,,33.140941381086,131.09065118072,gsi_reference,reference_latitude_longitude,complete,0,0,0,0,0,0,0,0,0,0,0,0,0,0,0,0,0
ref:E4342400006111,9ab5455e2a5aea6473ae,E4342400006111,E4342400006111,小国町,杖立温泉会館,熊本県小国町大字下城4143-1,杖立温泉会館,熊本県小国町大字下城4143-1,1,,,33.180953336067,131.03637824206,"[{""共通ID"": ""E4342400006111"", ""経度"": ""131.03637824206"", ""緯度"": ""33.180953336067""}]",,matched,exact_name_address,1.000,reference/43000_1.csv,17068228366013260d8a1e506e0843bc9c0736e8ec7031a9e384d0d32abd7578,00001623,200,200,kumamoto_portal_map,2026-08-01T00:28:20+09:00,matched,portal_shelter_id,1.000,33.180651,131.037032,,,unmatched,manual_no_match,,,33.180953336067,131.03637824206,gsi_reference,reference_latitude_longitude,complete,0,0,0,0,0,0,0,0,0,0,0,0,0,0,0,0,0
ref:E4342400007111,2ca16b1f2e261360fd94,E4342400007111,E4342400007111,小国町,杖立防災センター,熊本県小国町大字下城4151-1,杖立防災センター,熊本県小国町大字下城4151-1,1,,,33.18073272993,131.03623847426,"[{""共通ID"": ""E4342400007111"", ""経度"": ""131.03623847426"", ""緯度"": ""33.18073272993""}]",,matched,exact_name_address,1.000,reference/43000_1.csv,17068228366013260d8a1e506e0843bc9c0736e8ec7031a9e384d0d32abd7578,00002103,300,300,kumamoto_portal_map,2026-08-01T00:28:20+09:00,matched,portal_shelter_id,1.000,33.18074415484977,131.03623151779175,,,unmatched,manual_no_match,,,33.18073272993,131.03623847426,gsi_reference,reference_latitude_longitude,complete,0,0,0,0,0,0,0,0,0,0,0,0,0,0,0,0,0
ref:E4342400044111,9aefc9e87c54e247e0a9,E4342400044111,E4342400044111,小国町,蓬莱保育園,熊本県小国町大字黒渕2503,蓬莱保育園,熊本県小国町大字黒渕2503,,,,33.129050090284,131.03728212162,"[{""共通ID"": ""E4342400044111"", ""経度"": ""131.03728212162"", ""緯度"": ""33.129050090284""}]",,matched,exact_name_address,1.000,reference/43000_1.csv,17068228366013260d8a1e506e0843bc9c0736e8ec7031a9e384d0d32abd7578,00000579,100,100,kumamoto_portal_map,2026-08-01T00:28:20+09:00,matched,portal_shelter_id,1.000,33.129063,131.037218,,,unmatched,manual_no_match,,,33.129050090284,131.03728212162,gsi_reference,reference_latitude_longitude,complete,0,0,0,0,0,0,0,0,0,0,0,0,0,0,0,0,0
ref:E4342400052111,4e071c689c72a4c2a28c,E4342400052111,E4342400052111,小国町,西里多目的集会場,熊本県小国町大字西里1838-3,西里多目的集会場,熊本県小国町大字西里1838-3,1,,,33.159351939102,131.10963252193,"[{""共通ID"": ""E4342400052111"", ""経度"": ""131.10963252193"", ""緯度"": ""33.159351939102""}]",,matched,exact_name_address,1.000,reference/43000_1.csv,17068228366013260d8a1e506e0843bc9c0736e8ec7031a9e384d0d32abd7578,,,,,,unmatched,fuzzy_below_threshold,0.897,,,,,unmatched,manual_no_match,,,33.159351939102,131.10963252193,gsi_reference,reference_latitude_longitude,complete,0,0,0,0,0,0,0,0,0,0,0,0,0,0,0,0,0
ref:E4342400040121,70aec68235e97be98d33,E4342400040121,E4342400040121,小国町,養護老人ホーム悠和の里,熊本県小国町大字宮原741-3,養護老人ホーム悠和の里,熊本県小国町大字宮原741-3,,,要配慮者,33.124987441472,131.06778152743,"[{""共通ID"": ""E4342400040121"", ""経度"": ""131.06778152743"", ""緯度"": ""33.124987441472""}]",,matched,exact_name_address,1.000,reference/43000_1.csv,17068228366013260d8a1e506e0843bc9c0736e8ec7031a9e384d0d32abd7578,,,,,,unmatched,no_candidate,,,,,,unmatched,manual_no_match,,,33.124987441472,131.06778152743,gsi_reference,reference_latitude_longitude,complete,0,0,0,0,0,0,0,0,0,0,0,0,0,0,0,0,0
ref:E4351200016111,b8c0630e6818f7c615a1,E4351200016111,E4351200016111,山江村,万江体育館,熊本県山江村大字万江甲912-1,万江体育館,熊本県山江村大字万江甲912-1,1,,,32.258462,130.748497,"[{""共通ID"": ""E4351200016111"", ""経度"": ""130.748497"", ""緯度"": ""32.258462""}]",,matched,exact_name_address,1.000,reference/43000_1.csv,17068228366013260d8a1e506e0843bc9c0736e8ec7031a9e384d0d32abd7578,00002293,50,50,kumamoto_portal_map,2026-08-01T00:28:20+09:00,matched,portal_shelter_id,1.000,32.258448875357146,130.74848413467407,,,unmatched,manual_no_match,,,32.258462,130.748497,gsi_reference,reference_latitude_longitude,complete,0,0,0,0,0,0,0,0,0,0,0,0,0,0,0,0,0
ref:E4351200018111,d437bde193aff50a9cb9,E4351200018111,E4351200018111,山江村,丸岡公園農村広場,熊本県山江村大字万江字丸岡675-3,丸岡公園農村広場,熊本県山江村大字万江字丸岡675-3,1,,,32.257328,130.755067,"[{""共通ID"": ""E4351200018111"", ""経度"": ""130.755067"", ""緯度"": ""32.257328""}]",車中泊用避難所,matched,exact_name_address,1.000,reference/43000_1.csv,17068228366013260d8a1e506e0843bc9c0736e8ec7031a9e384d0d32abd7578,,,,,,unmatched,no_candidate,,,,,,unmatched,manual_no_match,,,32.257328,130.755067,gsi_reference,reference_latitude_longitude,complete,0,0,0,0,0,0,0,0,0,0,0,0,0,0,0,0,0
ref:E4351200001121,97d10b69f4eccad7c9d2,E4351200001121,E4351200001121,山江村,介護老人保健施設 つつじのさと,熊本県山江村大字山田乙1705,介護老人保健施設 つつじのさと,熊本県山江村大字山田乙1705,,,要配慮者,32.2420772436111,130.773474919889,"[{""共通ID"": ""E4351200001121"", ""経度"": ""130.773474919889"", ""緯度"": ""32.2420772436111""}]",,matched,exact_name_address,1.000,reference/43000_1.csv,17068228366013260d8a1e506e0843bc9c0736e8ec7031a9e384d0d32abd7578,00000645,15,15,kumamoto_portal_map,2026-08-01T00:28:20+09:00,matched,portal_shelter_id,1.000,32.242761503360086,130.77374753920594,,,unmatched,manual_no_match,,,32.2420772436111,130.773474919889,gsi_reference,reference_latitude_longitude,complete,0,0,0,0,0,0,0,0,0,0,0,0,0,0,0,0,0
ref:E4351200011121,3da5d5c0732202dc713f,E4351200011121,E4351200011121,山江村,小規模多機能ホーム黎明館,熊本県山江村大字山田丁26,小規模多機能ホーム黎明館,熊本県山江村大字山田丁26,,,要配慮者,32.250807,130.769539,"[{""共通ID"": ""E4351200011121"", ""経度"": ""130.769539"", ""緯度"": ""32.250807""}]",,matched,exact_name_address,1.000,reference/43000_1.csv,17068228366013260d8a1e506e0843bc9c0736e8ec7031a9e384d0d32abd7578,,,,,,unmatched,no_candidate,,,,,,unmatched,manual_no_match,,,32.250807,130.769539,gsi_reference,reference_latitude_longitude,complete,0,0,0,0,0,0,0,0,0,0,0,0,0,0,0,0,0
ref:E4351200013112,528ea834d13ad21f165a,E4351200013112,E4351200013112,山江村,山江中学校グラウンド,熊本県山江村大字山田丁60,山江中学校グラウンド,熊本県山江村大字山田丁60,1,,,32.251644,130.770341,"[{""共通ID"": ""E4351200013112"", ""経度"": ""130.770341"", ""緯度"": ""32.251644""}]",車中泊用避難所,matched,exact_name_address,1.000,reference/43000_1.csv,17068228366013260d8a1e506e0843bc9c0736e8ec7031a9e384d0d32abd7578,,,,,,unmatched,no_candidate,,,,,,unmatched,manual_no_match,,,32.251644,130.770341,gsi_reference,reference_latitude_longitude,complete,0,0,0,0,0,0,0,0,0,0,0,0,0,0,0,0,0
ref:E4351200013111,a6bcc9434caebf654def,E4351200013111,E4351200013111,山江村,山江中学校体育館,熊本県山江村大字山田丁60,山江中学校体育館,熊本県山江村大字山田丁60,1,,,32.251385,130.769644,"[{""共通ID"": ""E4351200013111"", ""経度"": ""130.769644"", ""緯度"": ""32.251385""}]",,matched,exact_name_address,1.000,reference/43000_1.csv,17068228366013260d8a1e506e0843bc9c0736e8ec7031a9e384d0d32abd7578,00002008,200,200,kumamoto_portal_map,2026-08-01T00:28:20+09:00,matched,portal_shelter_id,1.000,32.251239,130.769483,,,unmatched,manual_no_match,,,32.251385,130.769644,gsi_reference,reference_latitude_longitude,complete,0,0,0,0,0,0,0,0,0,0,0,0,0,0,0,0,0
ref:E4351200010111,77ce7e24189363af49d2,E4351200010111,E4351200010111,山江村,山江中学校武道館,熊本県山江村大字山田丁23-3,山江中学校武道館,熊本県山江村大字山田丁23-3,1,,,32.251316956143,130.76924188095,"[{""共通ID"": ""E4351200010111"", ""経度"": ""130.76924188095"", ""緯度"": ""32.251316956143""}]",,matched,exact_name_address,1.000,reference/43000_1.csv,17068228366013260d8a1e506e0843bc9c0736e8ec7031a9e384d0d32abd7578,00002006,100,100,kumamoto_portal_map,2026-08-01T00:28:20+09:00,matched,portal_shelter_id,1.000,32.24722,130.767738,,,unmatched,manual_no_match,,,32.251316956143,130.76924188095,gsi_reference,reference_latitude_longitude,complete,0,0,0,0,0,0,0,0,0,0,0,0,0,0,0,0,0
ref:E4351200017111,2c9ade2a4b4c457c7648,E4351200017111,E4351200017111,山江村,山江保育園,熊本県山江村大字山田丁189,山江保育園,熊本県山江村大字山田丁189,1,,,32.252306,130.770995,"[{""共通ID"": ""E4351200017111"", ""経度"": ""130.770995"", ""緯度"": ""32.252306""}]",,matched,exact_name_address,1.000,reference/43000_1.csv,17068228366013260d8a1e506e0843bc9c0736e8ec7031a9e384d0d32abd7578,,,,,,unmatched,no_candidate,,,,,,unmatched,manual_no_match,,,32.252306,130.770995,gsi_reference,reference_latitude_longitude,complete,0,0,0,0,0,0,0,0,0,0,0,0,0,0,0,0,0
ref:E4351200007111,b6e6edb5177b8d2ddab9,E4351200007111,E4351200007111,山江村,山江村体育館,熊本県山江村大字山田甲1353-1,山江村体育館,熊本県山江村大字山田甲1353-1,1,,,32.246046,130.766635,"[{""共通ID"": ""E4351200007111"", ""経度"": ""130.766635"", ""緯度"": ""32.246046""}]",,matched,exact_name_address,1.000,reference/43000_1.csv,17068228366013260d8a1e506e0843bc9c0736e8ec7031a9e384d0d32abd7578,00002003,200,200,kumamoto_portal_map,2026-08-01T00:28:20+09:00,matched,portal_shelter_id,1.000,32.246036,130.766516,,,unmatched,manual_no_match,,,32.246046,130.766635,gsi_reference,reference_latitude_longitude,complete,0,0,0,0,0,0,0,0,0,0,0,0,0,0,0,0,0
ref:E4351200008111,5e9a522f28941d0d9673,E4351200008111,E4351200008111,山江村,山江村農村環境改善センター,熊本県山江村大字山田甲1356-1,山江村農村環境改善センター,熊本県山江村大字山田甲1356-1,1,,,32.246761,130.767378,"[{""共通ID"": ""E4351200008111"", ""経度"": ""130.767378"", ""緯度"": ""32.246761""}]",,matched,exact_name_address,1.000,reference/43000_1.csv,17068228366013260d8a1e506e0843bc9c0736e8ec7031a9e384d0d32abd7578,00002004,160,160,kumamoto_portal_map,2026-08-01T00:28:20+09:00,matched,portal_shelter_id,1.000,32.246752517628316,130.767286849441,,,unmatched,manual_no_match,,,32.246761,130.767378,gsi_reference,reference_latitude_longitude,complete,0,0,0,0,0,0,0,0,0,0,0,0,0,0,0,0,0
ref:E4351200003112,2b7d7c3add5de92785de,E4351200003112,E4351200003112,山江村,山田小学校グラウンド,熊本県山江村大字山田乙2030,山田小学校グラウンド,熊本県山江村大字山田乙2030,1,,,32.243164,130.773511,"[{""共通ID"": ""E4351200003112"", ""経度"": ""130.773511"", ""緯度"": ""32.243164""}]",車中泊用避難所,matched,exact_name_address,1.000,reference/43000_1.csv,17068228366013260d8a1e506e0843bc9c0736e8ec7031a9e384d0d32abd7578,,,,,,unmatched,no_candidate,,,,,,unmatched,manual_no_match,,,32.243164,130.773511,gsi_reference,reference_latitude_longitude,complete,0,0,0,0,0,0,0,0,0,0,0,0,0,0,0,0,0
ref:E4351200003111,ebcb0524d2d0cce8c954,E4351200003111,E4351200003111,山江村,山田小学校体育館,熊本県山江村大字山田乙2030,山田小学校体育館,熊本県山江村大字山田乙2030,1,,,32.243585,130.772857,"[{""共通ID"": ""E4351200003111"", ""経度"": ""130.772857"", ""緯度"": ""32.243585""}]",,matched,exact_name_address,1.000,reference/43000_1.csv,17068228366013260d8a1e506e0843bc9c0736e8ec7031a9e384d0d32abd7578,00002011,200,200,kumamoto_portal_map,2026-08-01T00:28:20+09:00,matched,portal_shelter_id,1.000,32.244473,130.772805,,,unmatched,manual_no_match,,,32.243585,130.772857,gsi_reference,reference_latitude_longitude,complete,0,0,0,0,0,0,0,0,0,0,0,0,0,0,0,0,0
ref:E4351200015111,9ce24444a23399a1d8e2,E4351200015111,E4351200015111,山江村,第9区公民館,熊本県山江村大字山田丙2396-2,第9区公民館,熊本県山江村大字山田丙2396-2,1,,,32.238721,130.790713,"[{""共通ID"": ""E4351200015111"", ""経度"": ""130.790713"", ""緯度"": ""32.238721""}]",,matched,exact_name_address,1.000,reference/43000_1.csv,17068228366013260d8a1e506e0843bc9c0736e8ec7031a9e384d0d32abd7578,00002012,100,100,kumamoto_portal_map,2026-08-01T00:28:20+09:00,matched,portal_shelter_id,1.000,32.239096,130.791906,,,unmatched,manual_no_match,,,32.238721,130.790713,gsi_reference,reference_latitude_longitude,complete,0,0,0,0,0,0,0,0,0,0,0,0,0,0,0,0,0
ref:E4344700018111,7efc316bfd7e05a15415,E4344700018111,E4344700018111,山都町,JAかみましき名連川支所,熊本県山都町黒川564-5,JAかみましき名連川支所,熊本県山都町黒川564-5,1,,,32.711776157802,131.03088882052,"[{""共通ID"": ""E4344700018111"", ""経度"": ""131.03088882052"", ""緯度"": ""32.711776157802""}]",,matched,exact_name_address,1.000,reference/43000_1.csv,17068228366013260d8a1e506e0843bc9c0736e8ec7031a9e384d0d32abd7578,00001819,25,25,kumamoto_portal_map,2026-08-01T00:28:20+09:00,matched,portal_shelter_id,1.000,32.711603,131.031416,,,unmatched,manual_no_match,,,32.711776157802,131.03088882052,gsi_reference,reference_latitude_longitude,complete,0,0,0,0,0,0,0,0,0,0,0,0,0,0,0,0,0
ref:E4344700066121,c8720e610d005f473408,E4344700066121,E4344700066121,山都町,さくら荘,熊本県山都町野尻1026-1,さくら荘,熊本県山都町野尻1026-1,,,災害対策基本法第49条の10第1項規定する者,32.684859,131.011539,"[{""共通ID"": ""E4344700066121"", ""経度"": ""131.011539"", ""緯度"": ""32.684859""}]",,matched,exact_name_address,1.000,reference/43000_1.csv,17068228366013260d8a1e506e0843bc9c0736e8ec7031a9e384d0d32abd7578,,,,,,unmatched,no_candidate,,,,,,unmatched,manual_no_match,,,32.684859,131.011539,gsi_reference,reference_latitude_longitude,complete,0,0,0,0,0,0,0,0,0,0,0,0,0,0,0,0,0
ref:E4344700042121,826f0cd9a3acde01fd50,E4344700042121,E4344700042121,山都町,はあとふる,熊本県山都町馬見原791-4,はあとふる,熊本県山都町馬見原791-4,,,災害対策基本法第49条の10第1項規定する者,32.682561,131.1603,"[{""共通ID"": ""E4344700042121"", ""経度"": ""131.1603"", ""緯度"": ""32.682561""}]",,matched,exact_name_address,1.000,reference/43000_1.csv,17068228366013260d8a1e506e0843bc9c0736e8ec7031a9e384d0d32abd7578,,,,,,unmatched,no_candidate,,,,,,unmatched,manual_no_match,,,32.682561,131.1603,gsi_reference,reference_latitude_longitude,complete,0,0,0,0,0,0,0,0,0,0,0,0,0,0,0,0,0
ref:E4344700070121,e0b91f5ae9434a48af35,E4344700070121,E4344700070121,山都町,ケアハウス 光露館,熊本県山都町北中島2710-15,ケアハウス 光露館,熊本県山都町北中島2710-15,,,災害対策基本法第49条の10第1項規定する者,32.731613,130.937194,"[{""共通ID"": ""E4344700070121"", ""経度"": ""130.937194"", ""緯度"": ""32.731613""}]",,matched,exact_name_address,1.000,reference/43000_1.csv,17068228366013260d8a1e506e0843bc9c0736e8ec7031a9e384d0d32abd7578,,,,,,unmatched,no_candidate,,,,,,unmatched,manual_no_match,,,32.731613,130.937194,gsi_reference,reference_latitude_longitude,complete,0,0,0,0,0,0,0,0,0,0,0,0,0,0,0,0,0
ref:E4344700071121,2faa8988b8cc3eae37b5,E4344700071121,E4344700071121,山都町,サポートハウス 明星学園,熊本県山都町神ノ前241-15,サポートハウス 明星学園,熊本県山都町神ノ前241-15,,,災害対策基本法第49条の10第1項規定する者,32.678606,131.119654,"[{""共通ID"": ""E4344700071121"", ""経度"": ""131.119654"", ""緯度"": ""32.678606""}]",,matched,exact_name_address,1.000,reference/43000_1.csv,17068228366013260d8a1e506e0843bc9c0736e8ec7031a9e384d0d32abd7578,,,,,,unmatched,no_candidate,,,,,,unmatched,manual_no_match,,,32.678606,131.119654,gsi_reference,reference_latitude_longitude,complete,0,0,0,0,0,0,0,0,0,0,0,0,0,0,0,0,0
ref:E4344700010111,02a97ce5b43cf1f38dcd,E4344700010111,E4344700010111,山都町,下名連石老人憩いの家,熊本県山都町下名連石463-1,下名連石老人憩いの家,熊本県山都町下名連石463-1,1,,,32.730637698117,131.00485256596,"[{""共通ID"": ""E4344700010111"", ""経度"": ""131.00485256596"", ""緯度"": ""32.730637698117""}]",,matched,exact_name_address,1.000,reference/43000_1.csv,17068228366013260d8a1e506e0843bc9c0736e8ec7031a9e384d0d32abd7578,00001817,15,15,kumamoto_portal_map,2026-08-01T00:28:20+09:00,matched,portal_shelter_id,1.000,32.729409,131.002073,,,unmatched,manual_no_match,,,32.730637698117,131.00485256596,gsi_reference,reference_latitude_longitude,complete,0,0,0,0,0,0,0,0,0,0,0,0,0,0,0,0,0
ref:E4344700051111,abc0b956586bd980acd2,E4344700051111,E4344700051111,山都町,下矢部東部体育館,熊本県山都町白小野168,下矢部東部体育館,熊本県山都町白小野168,1,,,32.66273397,130.96800283193,"[{""共通ID"": ""E4344700051111"", ""経度"": ""130.96800283193"", ""緯度"": ""32.66273397""}]",,matched,exact_name_address,1.000,reference/43000_1.csv,17068228366013260d8a1e506e0843bc9c0736e8ec7031a9e384d0d32abd7578,00001799,125,125,kumamoto_portal_map,2026-08-01T00:28:20+09:00,matched,portal_shelter_id,1.000,32.662724,130.968216,,,unmatched,manual_no_match,,,32.66273397,130.96800283193,gsi_reference,reference_latitude_longitude,complete,0,0,0,0,0,0,0,0,0,0,0,0,0,0,0,0,0
ref:E4344700005111,db8584f7dc220eb3e9c4,E4344700005111,E4344700005111,山都町,下矢部西部改善センター,熊本県山都町猿渡4799-1,下矢部西部改善センター,熊本県山都町猿渡4799-1,1,,,32.67281287,130.9281241,"[{""共通ID"": ""E4344700005111"", ""経度"": ""130.9281241"", ""緯度"": ""32.67281287""}]",,matched,exact_name_address,1.000,reference/43000_1.csv,17068228366013260d8a1e506e0843bc9c0736e8ec7031a9e384d0d32abd7578,00001798,50,50,kumamoto_portal_map,2026-08-01T00:28:20+09:00,matched,portal_shelter_id,1.000,32.669336,130.925558,,,unmatched,manual_no_match,,,32.67281287,130.9281241,gsi_reference,reference_latitude_longitude,complete,0,0,0,0,0,0,0,0,0,0,0,0,0,0,0,0,0
ref:E4344700007111,54dde7edd749550f9426,E4344700007111,E4344700007111,山都町,中央公民館(2F・3F),熊本県山都町下市33-1,中央公民館(2F・3F),熊本県山都町下市33-1,1,,,32.683502447847,130.99033646871,"[{""共通ID"": ""E4344700007111"", ""経度"": ""130.99033646871"", ""緯度"": ""32.683502447847""}]",,matched,exact_name_address,1.000,reference/43000_1.csv,17068228366013260d8a1e506e0843bc9c0736e8ec7031a9e384d0d32abd7578,00001806,50,50,kumamoto_portal_map,2026-08-01T00:28:20+09:00,matched,portal_shelter_id,1.000,32.683503,130.990257,,,unmatched,manual_no_match,,,32.683502447847,130.99033646871,gsi_reference,reference_latitude_longitude,complete,0,0,0,0,0,0,0,0,0,0,0,0,0,0,0,0,0
ref:E4344700054111,9b8cc8de1bce50851f6c,E4344700054111,E4344700054111,山都町,中島体育館,熊本県山都町北中島2536,中島体育館,熊本県山都町北中島2536,1,,,32.73215119,130.9285569,"[{""共通ID"": ""E4344700054111"", ""経度"": ""130.9285569"", ""緯度"": ""32.73215119""}]",,matched,exact_name_address,1.000,reference/43000_1.csv,17068228366013260d8a1e506e0843bc9c0736e8ec7031a9e384d0d32abd7578,00001790,150,150,kumamoto_portal_map,2026-08-01T00:28:20+09:00,matched,portal_shelter_id,1.000,32.732104,130.928433,,,unmatched,manual_no_match,,,32.73215119,130.9285569,gsi_reference,reference_latitude_longitude,complete,0,0,0,0,0,0,0,0,0,0,0,0,0,0,0,0,0
ref:E4344700040121,55913de019e20318d20d,E4344700040121,E4344700040121,山都町,介護付き有料老人ホーム たんぽぽ,熊本県山都町下馬尾299-1,介護付き有料老人ホーム たんぽぽ,熊本県山都町下馬尾299-1,,,災害対策基本法第49条の10第1項規定する者,32.685435440032,130.98682710043,"[{""共通ID"": ""E4344700040121"", ""経度"": ""130.98682710043"", ""緯度"": ""32.685435440032""}]",,matched,exact_name_address,1.000,reference/43000_1.csv,17068228366013260d8a1e506e0843bc9c0736e8ec7031a9e384d0d32abd7578,,,,,,unmatched,no_candidate,,,,,,unmatched,manual_no_match,,,32.685435440032,130.98682710043,gsi_reference,reference_latitude_longitude,complete,0,0,0,0,0,0,0,0,0,0,0,0,0,0,0,0,0
web:882450c424ff030d6cee,882450c424ff030d6cee,,,山都町,保健福祉センター千寿苑,山都町千滝232,,,,,,,,[],,unmatched,fuzzy_below_threshold,0.925,reference/43000_1.csv,dd6686fa000c3e720180ba96d02aacff987aec1bba3c9bc69a5867fc0089d10d,00001807,100,100,kumamoto_portal_map,2026-08-01T00:28:20+09:00,matched,portal_shelter_id,1.000,32.679814,130.985308,32.67983366,130.9852486,matched,manual_shelter_id,マニュアルジオコーディング(1).csv,35f5dae36fe4e9577c53f227bd933e4604ed40e589ee27a700add2b32438424c,32.67983366,130.9852486,manual_geocoding,manual_shelter_id,complete,0,1,1,1,0,0,0,0,0,0,0,0,0,0,0,0,0
ref:E4344700041121,6f64a8d4f3039120cf2d,E4344700041121,E4344700041121,山都町,優心苑,熊本県山都町南田221-4,優心苑,熊本県山都町南田221-4,,,災害対策基本法第49条の10第1項規定する者,32.685586,130.97872,"[{""共通ID"": ""E4344700041121"", ""経度"": ""130.97872"", ""緯度"": ""32.685586""}]",,matched,exact_name_address,1.000,reference/43000_1.csv,17068228366013260d8a1e506e0843bc9c0736e8ec7031a9e384d0d32abd7578,,,,,,unmatched,no_candidate,,,,,,unmatched,manual_no_match,,,32.685586,130.97872,gsi_reference,reference_latitude_longitude,complete,0,0,0,0,0,0,0,0,0,0,0,0,0,0,0,0,0
web:694ce11a6f02603504c2,694ce11a6f02603504c2,,,山都町,山都町役場清和支所,山都町大平385,,,,,,,,[],,unmatched,no_candidate,,reference/43000_1.csv,dd6686fa000c3e720180ba96d02aacff987aec1bba3c9bc69a5867fc0089d10d,00001827,75,75,kumamoto_portal_map,2026-08-01T00:28:20+09:00,matched,portal_shelter_id,1.000,32.691454,131.086991,32.69148178,131.0869671,matched,manual_shelter_id,マニュアルジオコーディング(1).csv,35f5dae36fe4e9577c53f227bd933e4604ed40e589ee27a700add2b32438424c,32.69148178,131.0869671,manual_geocoding,manual_shelter_id,complete,0,1,0,0,0,0,0,0,0,0,0,0,0,0,0,0,0
web:4d80aaace65ddb98683c,4d80aaace65ddb98683c,,,山都町,山都町役場蘇陽支所,山都町今500,,,,,,,,[],,unmatched,no_candidate,,reference/43000_1.csv,dd6686fa000c3e720180ba96d02aacff987aec1bba3c9bc69a5867fc0089d10d,00001838,125,125,kumamoto_portal_map,2026-08-01T00:28:20+09:00,matched,portal_shelter_id,1.000,32.724634,131.165513,32.72462501,131.1656138,matched,manual_shelter_id,マニュアルジオコーディング(1).csv,35f5dae36fe4e9577c53f227bd933e4604ed40e589ee27a700add2b32438424c,32.72462501,131.1656138,manual_geocoding,manual_shelter_id,complete,0,1,0,0,0,0,0,0,0,0,0,0,0,0,0,0,0
ref:E4344700002111,89349f0ea96bc937b8ba,E4344700002111,E4344700002111,山都町,旧朝日小学校(体育館含む。),熊本県山都町井無田1144,旧朝日小学校(体育館含む。),熊本県山都町井無田1144,1,,,32.73178866264,131.10369117273,"[{""共通ID"": ""E4344700002111"", ""経度"": ""131.10369117273"", ""緯度"": ""32.73178866264""}]",,matched,exact_name_address,1.000,reference/43000_1.csv,17068228366013260d8a1e506e0843bc9c0736e8ec7031a9e384d0d32abd7578,00001825,200,200,kumamoto_portal_map,2026-08-01T00:28:20+09:00,matched,portal_shelter_id,1.000,32.731591,131.104307,,,unmatched,manual_no_match,,,32.73178866264,131.10369117273,gsi_reference,reference_latitude_longitude,complete,0,0,0,0,0,0,0,0,0,0,0,0,0,0,0,0,0
ref:E4344700058112,3dee305c9eb34d791d75,E4344700058112,E4344700058112,山都町,旧白糸第三小学校(体育館含む),熊本県山都町目丸2472,旧白糸第三小学校(体育館含む),熊本県山都町目丸2472,1,,,32.635954402384,130.97591129177,"[{""共通ID"": ""E4344700058112"", ""経度"": ""130.97591129177"", ""緯度"": ""32.635954402384""}]",,matched,exact_name_address,1.000,reference/43000_1.csv,17068228366013260d8a1e506e0843bc9c0736e8ec7031a9e384d0d32abd7578,00001814,200,200,kumamoto_portal_map,2026-08-01T00:28:20+09:00,matched,portal_shelter_id,1.000,32.635879,130.975941,,,unmatched,manual_no_match,,,32.635954402384,130.97591129177,gsi_reference,reference_latitude_longitude,complete,0,0,0,0,0,0,0,0,0,0,0,0,0,0,0,0,0
ref:E4344700031112,d84f2635f5ee1643caa6,E4344700031112,E4344700031112,山都町,旧白糸第二小学校(体育館含む),熊本県山都町菅2287,旧白糸第二小学校(体育館含む),熊本県山都町菅2287,1,,,32.650144625287,131.02528532142,"[{""共通ID"": ""E4344700031112"", ""経度"": ""131.02528532142"", ""緯度"": ""32.650144625287""}]",,matched,exact_name_address,1.000,reference/43000_1.csv,17068228366013260d8a1e506e0843bc9c0736e8ec7031a9e384d0d32abd7578,00001813,200,200,kumamoto_portal_map,2026-08-01T00:28:20+09:00,matched,portal_shelter_id,1.000,32.650057,131.024719,,,unmatched,manual_no_match,,,32.650144625287,131.02528532142,gsi_reference,reference_latitude_longitude,complete,0,0,0,0,0,0,0,0,0,0,0,0,0,0,0,0,0
ref:E4344700036111,3d6e267ba8209fd94b73,E4344700036111,E4344700036111,山都町,清和基幹集落センター,熊本県山都町大平306-1,清和基幹集落センター,熊本県山都町大平306-1,1,,,32.6890789834459,131.087600445821,"[{""共通ID"": ""E4344700036111"", ""経度"": ""131.087600445821"", ""緯度"": ""32.6890789834459""}]",,matched,exact_name_address,1.000,reference/43000_1.csv,17068228366013260d8a1e506e0843bc9c0736e8ec7031a9e384d0d32abd7578,00001828,150,150,kumamoto_portal_map,2026-08-01T00:28:20+09:00,matched,portal_shelter_id,1.000,32.68881564739307,131.08750904418287,,,unmatched,manual_no_match,,,32.6890789834459,131.087600445821,gsi_reference,reference_latitude_longitude,complete,0,0,0,0,0,0,0,0,0,0,0,0,0,0,0,0,0
ref:E4344700073111,d7865e1d0e4793a96b8a,E4344700073111,E4344700073111,山都町,清和山村基幹集落センター,熊本県山都町大平305-1,清和山村基幹集落センター,熊本県山都町大平305-1,,,,32.689032609174,131.08746355255,"[{""共通ID"": ""E4344700073111"", ""経度"": ""131.08746355255"", ""緯度"": ""32.689032609174""}]",,matched,exact_name_address,1.000,reference/43000_1.csv,17068228366013260d8a1e506e0843bc9c0736e8ec7031a9e384d0d32abd7578,00001828,150,150,kumamoto_portal_map,2026-08-01T00:28:20+09:00,matched,portal_shelter_id,1.000,32.68881564739307,131.08750904418287,,,unmatched,manual_no_match,,,32.689032609174,131.08746355255,gsi_reference,reference_latitude_longitude,complete,0,0,0,0,0,0,0,0,0,0,0,0,0,0,0,0,0
ref:E4344700037111,4f1d0ad07ffcacc87a37,E4344700037111,E4344700037111,山都町,清和支所,熊本県山都町大平385,清和支所,熊本県山都町大平385,1,,,32.691358535349,131.08670066386,"[{""共通ID"": ""E4344700037111"", ""経度"": ""131.08670066386"", ""緯度"": ""32.691358535349""}]",,matched,exact_name_address,1.000,reference/43000_1.csv,17068228366013260d8a1e506e0843bc9c0736e8ec7031a9e384d0d32abd7578,,,,,,unmatched,no_candidate,,,,,,unmatched,manual_no_match,,,32.691358535349,131.08670066386,gsi_reference,reference_latitude_longitude,complete,0,0,0,0,0,0,0,0,0,0,0,0,0,0,0,0,0
ref:E4344700038121,921137b8c396e2c9b98d,E4344700038121,E4344700038121,山都町,特別養護老人ホーム そよ風の里“ほたる”,熊本県山都町今322-1,特別養護老人ホーム そよ風の里“ほたる”,熊本県山都町今322-1,,,災害対策基本法第49条の10第1項規定する者,32.729706,131.165246,"[{""共通ID"": ""E4344700038121"", ""経度"": ""131.165246"", ""緯度"": ""32.729706""}]",,matched,exact_name_address,1.000,reference/43000_1.csv,17068228366013260d8a1e506e0843bc9c0736e8ec7031a9e384d0d32abd7578,,,,,,unmatched,no_candidate,,,,,,unmatched,manual_no_match,,,32.729706,131.165246,gsi_reference,reference_latitude_longitude,complete,0,0,0,0,0,0,0,0,0,0,0,0,0,0,0,0,0
ref:E4344700035121,5352479cb4fd15c6b761,E4344700035121,E4344700035121,山都町,特別養護老人ホーム 矢部大矢荘,熊本県山都町北中島268-4,特別養護老人ホーム 矢部大矢荘,熊本県山都町北中島268-4,,,災害対策基本法第49条の10第1項規定する者,32.733174,130.937644,"[{""共通ID"": ""E4344700035121"", ""経度"": ""130.937644"", ""緯度"": ""32.733174""}]",,matched,exact_name_address,1.000,reference/43000_1.csv,17068228366013260d8a1e506e0843bc9c0736e8ec7031a9e384d0d32abd7578,,,,,,unmatched,no_candidate,,,,,,unmatched,manual_no_match,,,32.733174,130.937644,gsi_reference,reference_latitude_longitude,complete,0,0,0,0,0,0,0,0,0,0,0,0,0,0,0,0,0
ref:E4344700063121,057b54028836de934340,E4344700063121,E4344700063121,山都町,特別養護老人ホーム 蘇望苑,熊本県山都町滝上223-2,特別養護老人ホーム 蘇望苑,熊本県山都町滝上223-2,,,災害対策基本法第49条の10第1項規定する者,32.688367,131.140199,"[{""共通ID"": ""E4344700063121"", ""経度"": ""131.140199"", ""緯度"": ""32.688367""}]",,matched,exact_name_address,1.000,reference/43000_1.csv,17068228366013260d8a1e506e0843bc9c0736e8ec7031a9e384d0d32abd7578,,,,,,unmatched,no_candidate,,,,,,unmatched,manual_no_match,,,32.688367,131.140199,gsi_reference,reference_latitude_longitude,complete,0,0,0,0,0,0,0,0,0,0,0,0,0,0,0,0,0
ref:E4344700064121,91c6b511cb581811b067,E4344700064121,E4344700064121,山都町,特別養護老人ホーム 風ノ木,熊本県山都町千滝211,特別養護老人ホーム 風ノ木,熊本県山都町千滝211,,,災害対策基本法第49条の10第1項規定する者,32.680809,130.983875,"[{""共通ID"": ""E4344700064121"", ""経度"": ""130.983875"", ""緯度"": ""32.680809""}]",,matched,exact_name_address,1.000,reference/43000_1.csv,17068228366013260d8a1e506e0843bc9c0736e8ec7031a9e384d0d32abd7578,,,,,,unmatched,no_candidate,,,,,,unmatched,manual_no_match,,,32.680809,130.983875,gsi_reference,reference_latitude_longitude,complete,0,0,0,0,0,0,0,0,0,0,0,0,0,0,0,0,0
ref:E4344700029111,8a93aac4fc02c554e5c5,E4344700029111,E4344700029111,山都町,白糸第一体育館,熊本県山都町新小886,白糸第一体育館,熊本県山都町新小886,1,,,32.66753247,130.9936847,"[{""共通ID"": ""E4344700029111"", ""経度"": ""130.9936847"", ""緯度"": ""32.66753247""}]",,matched,exact_name_address,1.000,reference/43000_1.csv,17068228366013260d8a1e506e0843bc9c0736e8ec7031a9e384d0d32abd7578,00001810,100,100,kumamoto_portal_map,2026-08-01T00:28:20+09:00,matched,portal_shelter_id,1.000,32.667427,130.992875,,,unmatched,manual_no_match,,,32.66753247,130.9936847,gsi_reference,reference_latitude_longitude,complete,0,0,0,0,0,0,0,0,0,0,0,0,0,0,0,0,0
ref:E4344700039111,120bf53e6c4edbfd729c,E4344700039111,E4344700039111,山都町,皆和,熊本県山都町男成1252-3,皆和,熊本県山都町男成1252-3,1,,,32.68125541,131.0195093,"[{""共通ID"": ""E4344700039111"", ""経度"": ""131.0195093"", ""緯度"": ""32.68125541""}]",,matched,exact_name_address,1.000,reference/43000_1.csv,17068228366013260d8a1e506e0843bc9c0736e8ec7031a9e384d0d32abd7578,00001820,25,25,kumamoto_portal_map,2026-08-01T00:28:20+09:00,matched,portal_shelter_id,1.000,32.68067,131.020196,,,unmatched,manual_no_match,,,32.68125541,131.0195093,gsi_reference,reference_latitude_longitude,complete,0,0,0,0,0,0,0,0,0,0,0,0,0,0,0,0,0
ref:E4344700034121,b26d4f3e269dd2e1a6c5,E4344700034121,E4344700034121,山都町,矢部保健福祉センター千寿苑,熊本県山都町千滝232,矢部保健福祉センター千寿苑,熊本県山都町千滝232,1,,災害対策基本法第49条の10第1項に規定する者,32.679611963699,130.98571161376,"[{""共通ID"": ""E4344700034121"", ""経度"": ""130.98571161376"", ""緯度"": ""32.679611963699""}]",,matched,exact_name_address,1.000,reference/43000_1.csv,17068228366013260d8a1e506e0843bc9c0736e8ec7031a9e384d0d32abd7578,00001807,100,100,kumamoto_portal_map,2026-08-01T00:28:20+09:00,matched,portal_shelter_id,1.000,32.679814,130.985308,,,unmatched,manual_no_match,,,32.679611963699,130.98571161376,gsi_reference,reference_latitude_longitude,complete,0,0,0,0,0,0,0,0,0,0,0,0,0,0,0,0,0
web:619b1451ae0ca764abad,619b1451ae0ca764abad,,,山都町,総合体育館パスレル,熊本県山都町千滝271,,,,,,,,[],,unmatched,no_candidate,,reference/43000_1.csv,dd6686fa000c3e720180ba96d02aacff987aec1bba3c9bc69a5867fc0089d10d,00002306,200,200,kumamoto_portal_map,2026-08-01T00:28:20+09:00,matched,portal_shelter_id,1.000,32.678389020000054,130.98075272000005,32.6772847,130.9868762,matched,manual_shelter_id,マニュアルジオコーディング(1).csv,35f5dae36fe4e9577c53f227bd933e4604ed40e589ee27a700add2b32438424c,32.6772847,130.9868762,manual_geocoding,manual_shelter_id,complete,0,1,0,0,0,0,0,0,0,0,0,0,0,0,0,0,0
refgroup:6b775917aa34885e3aaf,a2b5716d783e0d72199f,E4344700019111,E4344700019111;E4344700019121,山都町,蘇陽支所,熊本県山都町今500,蘇陽支所,熊本県山都町今500,1,,災害対策基本法第49条の10第1項規定する者,32.72494478,131.1656068,"[{""共通ID"": ""E4344700019111"", ""経度"": ""131.1656068"", ""緯度"": ""32.72494478""}, {""共通ID"": ""E4344700019121"", ""経度"": ""131.1656068"", ""緯度"": ""32.72494478""}]",,matched_multiple,exact_name_address,1.000,reference/43000_1.csv,17068228366013260d8a1e506e0843bc9c0736e8ec7031a9e384d0d32abd7578,,,,,,unmatched,no_candidate,,,,,,unmatched,manual_no_match,,,32.72494478,131.1656068,gsi_reference,reference_latitude_longitude,complete,0,0,0,0,0,0,0,0,0,0,0,0,0,0,0,0,0
ref:E4344700072121,40eb06a6de09dca8da97,E4344700072121,E4344700072121,山都町,養護老人ホーム 浜美荘,熊本県山都町上寺2178-5,養護老人ホーム 浜美荘,熊本県山都町上寺2178-5,,,災害対策基本法第49条の10第1項規定する者,32.68909,130.976804,"[{""共通ID"": ""E4344700072121"", ""経度"": ""130.976804"", ""緯度"": ""32.68909""}]",,matched,exact_name_address,1.000,reference/43000_1.csv,17068228366013260d8a1e506e0843bc9c0736e8ec7031a9e384d0d32abd7578,,,,,,unmatched,no_candidate,,,,,,unmatched,manual_no_match,,,32.68909,130.976804,gsi_reference,reference_latitude_longitude,complete,0,0,0,0,0,0,0,0,0,0,0,0,0,0,0,0,0
ref:E4344700050111,246568c8fc1d8c722be5,E4344700050111,E4344700050111,山都町,馬見原公民館,熊本県山都町馬見原218,馬見原公民館,熊本県山都町馬見原218,1,,,32.68371701,131.1536716,"[{""共通ID"": ""E4344700050111"", ""経度"": ""131.1536716"", ""緯度"": ""32.68371701""}]",,matched,exact_name_address,1.000,reference/43000_1.csv,17068228366013260d8a1e506e0843bc9c0736e8ec7031a9e384d0d32abd7578,00001840,75,75,kumamoto_portal_map,2026-08-01T00:28:20+09:00,matched,portal_shelter_id,1.000,32.683736,131.153633,,,unmatched,manual_no_match,,,32.68371701,131.1536716,gsi_reference,reference_latitude_longitude,complete,0,0,0,0,0,0,0,0,0,0,0,0,0,0,0,0,0
ref:E4320800002111,f0f4b46f3447c65ef0b7,E4320800002111,E4320800002111,山鹿市,あんずの丘多目的体育館,熊本県山鹿市菊鹿町下永野650,あんずの丘多目的体育館,熊本県山鹿市菊鹿町下永野650,1,,,33.026856,130.769339,"[{""共通ID"": ""E4320800002111"", ""経度"": ""130.769339"", ""緯度"": ""33.026856""}]",,matched,exact_name_address,1.000,reference/43000_1.csv,17068228366013260d8a1e506e0843bc9c0736e8ec7031a9e384d0d32abd7578,00000943,1221,1221,kumamoto_portal_map,2026-08-01T00:28:20+09:00,matched,portal_shelter_id,1.000,33.026631,130.768891,,,unmatched,manual_no_match,,,33.026856,130.769339,gsi_reference,reference_latitude_longitude,complete,0,0,0,0,0,0,0,0,0,0,0,0,0,0,0,0,0
ref:E4320800054111,2c1b99efe49f4336074d,E4320800054111,E4320800054111,山鹿市,三岳地区公民館,熊本県山鹿市津留19-5,三岳地区公民館,熊本県山鹿市津留19-5,1,,,33.0540202043,130.68934260979,"[{""共通ID"": ""E4320800054111"", ""経度"": ""130.68934260979"", ""緯度"": ""33.0540202043""}]",,matched,exact_name_address,1.000,reference/43000_1.csv,17068228366013260d8a1e506e0843bc9c0736e8ec7031a9e384d0d32abd7578,00000917,175,175,kumamoto_portal_map,2026-08-01T00:28:20+09:00,matched,portal_shelter_id,1.000,33.054266,130.689524,,,unmatched,manual_no_match,,,33.0540202043,130.68934260979,gsi_reference,reference_latitude_longitude,complete,0,0,0,0,0,0,0,0,0,0,0,0,0,0,0,0,0
ref:E4320800015111,e1b57348f4f14c8a03c3,E4320800015111,E4320800015111,山鹿市,三玉地区公民館,熊本県山鹿市久原3007,三玉地区公民館,熊本県山鹿市久原3007,1,,,33.029278,130.720853,"[{""共通ID"": ""E4320800015111"", ""経度"": ""130.720853"", ""緯度"": ""33.029278""}]",,matched,exact_name_address,1.000,reference/43000_1.csv,17068228366013260d8a1e506e0843bc9c0736e8ec7031a9e384d0d32abd7578,00000920,175,175,kumamoto_portal_map,2026-08-01T00:28:20+09:00,matched,portal_shelter_id,1.000,33.029277,130.720853,,,unmatched,manual_no_match,,,33.029278,130.720853,gsi_reference,reference_latitude_longitude,complete,0,0,0,0,0,0,0,0,0,0,0,0,0,0,0,0,0
ref:E4320800016111,9db80d044d2bb90ee3e6,E4320800016111,E4320800016111,山鹿市,八幡地区公民館,熊本県山鹿市熊入町286-1,八幡地区公民館,熊本県山鹿市熊入町286-1,1,,,33.025868,130.685371,"[{""共通ID"": ""E4320800016111"", ""経度"": ""130.685371"", ""緯度"": ""33.025868""}]",,matched,exact_name_address,1.000,reference/43000_1.csv,17068228366013260d8a1e506e0843bc9c0736e8ec7031a9e384d0d32abd7578,00000913,175,175,kumamoto_portal_map,2026-08-01T00:28:20+09:00,matched,portal_shelter_id,1.000,33.025866,130.685423,,,unmatched,manual_no_match,,,33.025868,130.685371,gsi_reference,reference_latitude_longitude,complete,0,0,0,0,0,0,0,0,0,0,0,0,0,0,0,0,0
ref:E4320800010111,969f7f44470f6606758e,E4320800010111,E4320800010111,山鹿市,内田構造改善センター,熊本県山鹿市菊鹿町上内田618,内田構造改善センター,熊本県山鹿市菊鹿町上内田618,1,,,33.062855,130.775257,"[{""共通ID"": ""E4320800010111"", ""経度"": ""130.775257"", ""緯度"": ""33.062855""}]",,matched,exact_name_address,1.000,reference/43000_1.csv,17068228366013260d8a1e506e0843bc9c0736e8ec7031a9e384d0d32abd7578,00000938,418,418,kumamoto_portal_map,2026-08-01T00:28:20+09:00,matched,portal_shelter_id,1.000,33.062954,130.775469,,,unmatched,manual_no_match,,,33.062855,130.775257,gsi_reference,reference_latitude_longitude,complete,0,0,0,0,0,0,0,0,0,0,0,0,0,0,0,0,0
ref:E4320800006111,cca647c9e8cb0b120f38,E4320800006111,E4320800006111,山鹿市,城北体育館,熊本県山鹿市菊鹿町松尾57,城北体育館,熊本県山鹿市菊鹿町松尾57,1,,,33.01148,130.780342,"[{""共通ID"": ""E4320800006111"", ""経度"": ""130.780342"", ""緯度"": ""33.01148""}]",,matched,exact_name_address,1.000,reference/43000_1.csv,17068228366013260d8a1e506e0843bc9c0736e8ec7031a9e384d0d32abd7578,00000945,401,401,kumamoto_portal_map,2026-08-01T00:28:20+09:00,matched,portal_shelter_id,1.000,33.011424,130.780379,,,unmatched,manual_no_match,,,33.01148,130.780342,gsi_reference,reference_latitude_longitude,complete,0,0,0,0,0,0,0,0,0,0,0,0,0,0,0,0,0
ref:E4320800058111,86bbddcc272c47fc0dbb,E4320800058111,E4320800058111,山鹿市,大道地区公民館,熊本県山鹿市方保田155-3,大道地区公民館,熊本県山鹿市方保田155-3,1,,,32.996369,130.716689,"[{""共通ID"": ""E4320800058111"", ""経度"": ""130.716689"", ""緯度"": ""32.996369""}]",,matched,exact_name_address,1.000,reference/43000_1.csv,17068228366013260d8a1e506e0843bc9c0736e8ec7031a9e384d0d32abd7578,00000923,175,175,kumamoto_portal_map,2026-08-01T00:28:20+09:00,matched,portal_shelter_id,1.000,32.996358,130.716698,,,unmatched,manual_no_match,,,32.996369,130.716689,gsi_reference,reference_latitude_longitude,complete,0,0,0,0,0,0,0,0,0,0,0,0,0,0,0,0,0
ref:E4320800028111,8c31fc799d663320abdb,E4320800028111,E4320800028111,山鹿市,山内体育館,熊本県山鹿市鹿央町梅木谷245,山内体育館,熊本県山鹿市鹿央町梅木谷245,1,,,32.961197,130.650305,"[{""共通ID"": ""E4320800028111"", ""経度"": ""130.650305"", ""緯度"": ""32.961197""}]",,matched,exact_name_address,1.000,reference/43000_1.csv,17068228366013260d8a1e506e0843bc9c0736e8ec7031a9e384d0d32abd7578,00000966,663,663,kumamoto_portal_map,2026-08-01T00:28:20+09:00,matched,portal_shelter_id,1.000,32.96073,130.649974,,,unmatched,manual_no_match,,,32.961197,130.650305,gsi_reference,reference_latitude_longitude,complete,0,0,0,0,0,0,0,0,0,0,0,0,0,0,0,0,0
ref:E4320800020111,fc4c92170570a3c71de9,E4320800020111,E4320800020111,山鹿市,山鹿小学校(体育館),熊本県山鹿市山鹿351,山鹿小学校(体育館),熊本県山鹿市山鹿351,1,,,33.013991,130.693362,"[{""共通ID"": ""E4320800020111"", ""経度"": ""130.693362"", ""緯度"": ""33.013991""}]",,matched,exact_name_address,1.000,reference/43000_1.csv,17068228366013260d8a1e506e0843bc9c0736e8ec7031a9e384d0d32abd7578,00000908,584,584,kumamoto_portal_map,2026-08-01T00:28:20+09:00,matched,portal_shelter_id,1.000,33.013433,130.693056,,,unmatched,manual_no_match,,,33.013991,130.693362,gsi_reference,reference_latitude_longitude,complete,0,0,0,0,0,0,0,0,0,0,0,0,0,0,0,0,0
ref:E4320800051111,6c243c0c500f664555b6,E4320800051111,E4320800051111,山鹿市,山鹿市健康福祉センター,熊本県山鹿市中578,山鹿市健康福祉センター,熊本県山鹿市中578,1,,,33.009376,130.699933,"[{""共通ID"": ""E4320800051111"", ""経度"": ""130.699933"", ""緯度"": ""33.009376""}]",,matched,exact_name_address,1.000,reference/43000_1.csv,17068228366013260d8a1e506e0843bc9c0736e8ec7031a9e384d0d32abd7578,00000906,319,319,kumamoto_portal_map,2026-08-01T00:28:20+09:00,matched,portal_shelter_id,1.000,33.009478,130.700319,,,unmatched,manual_no_match,,,33.009376,130.699933,gsi_reference,reference_latitude_longitude,complete,0,1,1,1,1,1,1,0,0,0,0,0,0,0,0,0,0
ref:E4320800021111,e4ee972eb7d67377d533,E4320800021111,E4320800021111,山鹿市,山鹿市民交流センター,熊本県山鹿市山鹿987-3,山鹿市民交流センター,熊本県山鹿市山鹿987-3,1,,,33.017439567583,130.69094194834,"[{""共通ID"": ""E4320800021111"", ""経度"": ""130.69094194834"", ""緯度"": ""33.017439567583""}]",,matched,exact_name_address,1.000,reference/43000_1.csv,17068228366013260d8a1e506e0843bc9c0736e8ec7031a9e384d0d32abd7578,00000925,122,122,kumamoto_portal_map,2026-08-01T00:28:20+09:00,matched,portal_shelter_id,1.000,33.017386,130.691025,,,unmatched,manual_no_match,,,33.017439567583,130.69094194834,gsi_reference,reference_latitude_longitude,complete,0,0,0,0,0,0,0,0,0,0,0,0,0,0,0,0,0
ref:E4320800017111,58e2e8e71f3c84965f8e,E4320800017111,E4320800017111,山鹿市,山鹿市総合体育館,熊本県山鹿市熊入町416,山鹿市総合体育館,熊本県山鹿市熊入町416,1,,,33.030845,130.688443,"[{""共通ID"": ""E4320800017111"", ""経度"": ""130.688443"", ""緯度"": ""33.030845""}]",,matched,exact_name_address,1.000,reference/43000_1.csv,17068228366013260d8a1e506e0843bc9c0736e8ec7031a9e384d0d32abd7578,00000912,985,985,kumamoto_portal_map,2026-08-01T00:28:20+09:00,matched,portal_shelter_id,1.000,33.030954,130.688275,,,unmatched,manual_no_match,,,33.030845,130.688443,gsi_reference,reference_latitude_longitude,complete,0,0,0,0,0,0,0,0,0,0,0,0,0,0,0,0,0
ref:E4320800031111,2df30f8f0c2a81f38be2,E4320800031111,E4320800031111,山鹿市,岩野運動場(体育館),熊本県山鹿市鹿北町岩野500,岩野運動場(体育館),熊本県山鹿市鹿北町岩野500,1,,,33.116455,130.692342,"[{""共通ID"": ""E4320800031111"", ""経度"": ""130.692342"", ""緯度"": ""33.116455""}]",,matched,exact_name_address,1.000,reference/43000_1.csv,17068228366013260d8a1e506e0843bc9c0736e8ec7031a9e384d0d32abd7578,00000930,648,648,kumamoto_portal_map,2026-08-01T00:28:20+09:00,matched,portal_shelter_id,1.000,33.116091,130.691258,,,unmatched,manual_no_match,,,33.116455,130.692342,gsi_reference,reference_latitude_longitude,complete,0,0,0,0,0,0,0,0,0,0,0,0,0,0,0,0,0
ref:E4320800036111,b84e93b2510a51b636d2,E4320800036111,E4320800036111,山鹿市,岳間研修センター,熊本県山鹿市鹿北町多久1380-5,岳間研修センター,熊本県山鹿市鹿北町多久1380-5,1,,,33.106203,130.735518,"[{""共通ID"": ""E4320800036111"", ""経度"": ""130.735518"", ""緯度"": ""33.106203""}]",,matched,exact_name_address,1.000,reference/43000_1.csv,17068228366013260d8a1e506e0843bc9c0736e8ec7031a9e384d0d32abd7578,00000927,149,149,kumamoto_portal_map,2026-08-01T00:28:20+09:00,matched,portal_shelter_id,1.000,33.106223,130.73561,,,unmatched,manual_no_match,,,33.106203,130.735518,gsi_reference,reference_latitude_longitude,complete,0,0,0,0,0,0,0,0,0,0,0,0,0,0,0,0,0
ref:E4320800057112,e8c2bc7cd35f83b425c0,E4320800057112,E4320800057112,山鹿市,川辺地域コミュニティセンター,熊本県山鹿市保多田1551,川辺地域コミュニティセンター,熊本県山鹿市保多田1551,1,,,33.016471,130.659003,"[{""共通ID"": ""E4320800057112"", ""経度"": ""130.659003"", ""緯度"": ""33.016471""}]",,matched,exact_name_address,1.000,reference/43000_1.csv,17068228366013260d8a1e506e0843bc9c0736e8ec7031a9e384d0d32abd7578,00000915,263,263,kumamoto_portal_map,2026-08-01T00:28:20+09:00,matched,portal_shelter_id,1.000,33.016261,130.658911,,,unmatched,manual_no_match,,,33.016471,130.659003,gsi_reference,reference_latitude_longitude,complete,0,0,0,0,0,0,0,0,0,0,0,0,0,0,0,0,0
ref:E4320800056111,745e5817e4c82adc99a4,E4320800056111,E4320800056111,山鹿市,平小城地区公民館,熊本県山鹿市平山5380,平小城地区公民館,熊本県山鹿市平山5380,1,,,33.050237,130.662099,"[{""共通ID"": ""E4320800056111"", ""経度"": ""130.662099"", ""緯度"": ""33.050237""}]",,matched,exact_name_address,1.000,reference/43000_1.csv,17068228366013260d8a1e506e0843bc9c0736e8ec7031a9e384d0d32abd7578,00000916,175,175,kumamoto_portal_map,2026-08-01T00:28:20+09:00,matched,portal_shelter_id,1.000,33.050324,130.662093,,,unmatched,manual_no_match,,,33.050237,130.662099,gsi_reference,reference_latitude_longitude,complete,0,0,0,0,0,0,0,0,0,0,0,0,0,0,0,0,0
ref:E4320800003111,56ca5e0ec166b6ee898e,E4320800003111,E4320800003111,山鹿市,菊鹿多目的研修集会施設,熊本県山鹿市菊鹿町下内田165,菊鹿多目的研修集会施設,熊本県山鹿市菊鹿町下内田165,1,,,33.027786,130.767947,"[{""共通ID"": ""E4320800003111"", ""経度"": ""130.767947"", ""緯度"": ""33.027786""}]",,matched,exact_name_address,1.000,reference/43000_1.csv,17068228366013260d8a1e506e0843bc9c0736e8ec7031a9e384d0d32abd7578,00000942,327,327,kumamoto_portal_map,2026-08-01T00:28:20+09:00,matched,portal_shelter_id,1.000,33.027847,130.767957,,,unmatched,manual_no_match,,,33.027786,130.767947,gsi_reference,reference_latitude_longitude,complete,0,0,0,0,0,0,0,0,0,0,0,0,0,0,0,0,0
ref:E4320800005111,58a0bc40f9ed2bedfe4b,E4320800005111,E4320800005111,山鹿市,菊鹿市民センター,熊本県山鹿市菊鹿町下内田713,菊鹿市民センター,熊本県山鹿市菊鹿町下内田713,1,,,33.02809,130.768629,"[{""共通ID"": ""E4320800005111"", ""経度"": ""130.768629"", ""緯度"": ""33.02809""}]",,matched,exact_name_address,1.000,reference/43000_1.csv,17068228366013260d8a1e506e0843bc9c0736e8ec7031a9e384d0d32abd7578,00000937,321,321,kumamoto_portal_map,2026-08-01T00:28:20+09:00,matched,portal_shelter_id,1.000,33.0281,130.768693,,,unmatched,manual_no_match,,,33.02809,130.768629,gsi_reference,reference_latitude_longitude,complete,0,1,1,1,1,1,0,0,0,0,0,0,0,0,0,0,0
ref:E4320800033111,706cd9aa8509e72ef14d,E4320800033111,E4320800033111,山鹿市,鹿北体育センター,熊本県山鹿市鹿北町四丁1475,鹿北体育センター,熊本県山鹿市鹿北町四丁1475,1,,,33.108787,130.694757,"[{""共通ID"": ""E4320800033111"", ""経度"": ""130.694757"", ""緯度"": ""33.108787""}]",,matched,exact_name_address,1.000,reference/43000_1.csv,17068228366013260d8a1e506e0843bc9c0736e8ec7031a9e384d0d32abd7578,00000934,275,275,kumamoto_portal_map,2026-08-01T00:28:20+09:00,matched,portal_shelter_id,1.000,33.108717,130.69475,,,unmatched,manual_no_match,,,33.108787,130.694757,gsi_reference,reference_latitude_longitude,complete,0,0,0,0,0,0,0,0,0,0,0,0,0,0,0,0,0
ref:E4320800034111,9ef355f58ce335148d1b,E4320800034111,E4320800034111,山鹿市,鹿北市民センター,熊本県山鹿市鹿北町四丁1612,鹿北市民センター,熊本県山鹿市鹿北町四丁1612,1,,,33.109103,130.693903,"[{""共通ID"": ""E4320800034111"", ""経度"": ""130.693903"", ""緯度"": ""33.109103""}]",,matched,exact_name_address,1.000,reference/43000_1.csv,17068228366013260d8a1e506e0843bc9c0736e8ec7031a9e384d0d32abd7578,00000926,210,210,kumamoto_portal_map,2026-08-01T00:28:20+09:00,matched,portal_shelter_id,1.000,33.108481,130.693656,,,unmatched,manual_no_match,,,33.109103,130.693903,gsi_reference,reference_latitude_longitude,complete,0,1,1,1,1,1,0,0,0,0,0,0,0,0,0,0,0
ref:E4320800033112,10bff6336743b7c0b773,E4320800033112,E4320800033112,山鹿市,鹿北柔剣道場,熊本県山鹿市鹿北町四丁1475,鹿北柔剣道場,熊本県山鹿市鹿北町四丁1475,1,,,33.108495,130.694426,"[{""共通ID"": ""E4320800033112"", ""経度"": ""130.694426"", ""緯度"": ""33.108495""}]",,matched,exact_name_address,1.000,reference/43000_1.csv,17068228366013260d8a1e506e0843bc9c0736e8ec7031a9e384d0d32abd7578,00000933,133,133,kumamoto_portal_map,2026-08-01T00:28:20+09:00,matched,portal_shelter_id,1.000,33.108717,130.69475,,,unmatched,manual_no_match,,,33.108495,130.694426,gsi_reference,reference_latitude_longitude,complete,0,0,0,0,0,0,0,0,0,0,0,0,0,0,0,0,0
ref:E4320800023111,2b34c6c1fb47294db835,E4320800023111,E4320800023111,山鹿市,鹿央体育館,熊本県山鹿市鹿央町広230,鹿央体育館,熊本県山鹿市鹿央町広230,1,,,32.972518,130.684242,"[{""共通ID"": ""E4320800023111"", ""経度"": ""130.684242"", ""緯度"": ""32.972518""}]",,matched,exact_name_address,1.000,reference/43000_1.csv,17068228366013260d8a1e506e0843bc9c0736e8ec7031a9e384d0d32abd7578,00000961,583,583,kumamoto_portal_map,2026-08-01T00:28:20+09:00,matched,portal_shelter_id,1.000,32.972396,130.684258,,,unmatched,manual_no_match,,,32.972518,130.684242,gsi_reference,reference_latitude_longitude,complete,0,0,0,0,0,0,0,0,0,0,0,0,0,0,0,0,0
ref:E4320800024112,a4fa2b931cbff78b7ef6,E4320800024112,E4320800024112,山鹿市,鹿央多目的研修センター,熊本県山鹿市鹿央町合里158-1,鹿央多目的研修センター,熊本県山鹿市鹿央町合里158-1,1,,,32.974717,130.68341,"[{""共通ID"": ""E4320800024112"", ""経度"": ""130.68341"", ""緯度"": ""32.974717""}]",,matched,exact_name_address,1.000,reference/43000_1.csv,17068228366013260d8a1e506e0843bc9c0736e8ec7031a9e384d0d32abd7578,00000960,317,317,kumamoto_portal_map,2026-08-01T00:28:20+09:00,matched,portal_shelter_id,1.000,32.974762,130.683846,,,unmatched,manual_no_match,,,32.974717,130.68341,gsi_reference,reference_latitude_longitude,complete,0,0,0,0,0,0,0,0,0,0,0,0,0,0,0,0,0
ref:E4320800024111,d6ebfd1041ab029ac220,E4320800024111,E4320800024111,山鹿市,鹿央市民センター,熊本県山鹿市鹿央町合里158-1,鹿央市民センター,熊本県山鹿市鹿央町合里158-1,1,,,32.974807472132,130.68384414552,"[{""共通ID"": ""E4320800024111"", ""経度"": ""130.68384414552"", ""緯度"": ""32.974807472132""}]",,matched,exact_name_address,1.000,reference/43000_1.csv,17068228366013260d8a1e506e0843bc9c0736e8ec7031a9e384d0d32abd7578,00000967,247,247,kumamoto_portal_map,2026-08-01T00:28:20+09:00,matched,portal_shelter_id,1.000,32.974762,130.683846,,,unmatched,manual_no_match,,,32.974807472132,130.68384414552,gsi_reference,reference_latitude_longitude,complete,0,1,1,1,1,1,0,0,0,0,0,0,0,0,0,0,0
ref:E4320800049111,a3e2944cb907001ca795,E4320800049111,E4320800049111,山鹿市,鹿本ふれあいセンター,熊本県山鹿市鹿本町来民962-1,鹿本ふれあいセンター,熊本県山鹿市鹿本町来民962-1,1,,,33.003963,130.746802,"[{""共通ID"": ""E4320800049111"", ""経度"": ""130.746802"", ""緯度"": ""33.003963""}]",,matched,exact_name_address,1.000,reference/43000_1.csv,17068228366013260d8a1e506e0843bc9c0736e8ec7031a9e384d0d32abd7578,00000951,116,116,kumamoto_portal_map,2026-08-01T00:28:20+09:00,matched,portal_shelter_id,1.000,33.003963,130.746801,,,unmatched,manual_no_match,,,33.003963,130.746802,gsi_reference,reference_latitude_longitude,complete,0,0,0,0,0,0,0,0,0,0,0,0,0,0,0,0,0
ref:E4320800048111,2e540be22c38336e6e77,E4320800048111,E4320800048111,山鹿市,鹿本体育館,熊本県山鹿市鹿本町来民722,鹿本体育館,熊本県山鹿市鹿本町来民722,1,,,33.003755,130.742597,"[{""共通ID"": ""E4320800048111"", ""経度"": ""130.742597"", ""緯度"": ""33.003755""}]",,matched,exact_name_address,1.000,reference/43000_1.csv,17068228366013260d8a1e506e0843bc9c0736e8ec7031a9e384d0d32abd7578,00000950,515,515,kumamoto_portal_map,2026-08-01T00:28:20+09:00,matched,portal_shelter_id,1.000,33.00378,130.742605,,,unmatched,manual_no_match,,,33.003755,130.742597,gsi_reference,reference_latitude_longitude,complete,0,0,0,0,0,0,0,0,0,0,0,0,0,0,0,0,0
ref:E4320800047111,b57eea852522fbda2ffa,E4320800047111,E4320800047111,山鹿市,鹿本市民センター,熊本県山鹿市鹿本町来民686-1,鹿本市民センター,熊本県山鹿市鹿本町来民686-1,1,,,33.001175,130.739469,"[{""共通ID"": ""E4320800047111"", ""経度"": ""130.739469"", ""緯度"": ""33.001175""}]",,matched,exact_name_address,1.000,reference/43000_1.csv,17068228366013260d8a1e506e0843bc9c0736e8ec7031a9e384d0d32abd7578,00000949,296,296,kumamoto_portal_map,2026-08-01T00:28:20+09:00,matched,portal_shelter_id,1.000,33.001152,130.739469,,,unmatched,manual_no_match,,,33.001175,130.739469,gsi_reference,reference_latitude_longitude,complete,0,1,1,1,1,1,0,0,0,0,0,0,0,0,0,0,0
ref:E4344100005111,e50236bd6f67f3860d91,E4344100005111,E4344100005111,御船町,(有)ホンダ介護サービスセンター,熊本県御船町御船820,(有)ホンダ介護サービスセンター,熊本県御船町御船820,1,,,32.709444,130.797791,"[{""共通ID"": ""E4344100005111"", ""経度"": ""130.797791"", ""緯度"": ""32.709444""}]",,matched,exact_name_address,1.000,reference/43000_1.csv,17068228366013260d8a1e506e0843bc9c0736e8ec7031a9e384d0d32abd7578,00001725,70,70,kumamoto_portal_map,2026-08-01T00:28:20+09:00,matched,portal_shelter_id,1.000,32.70954,130.797847,,,unmatched,manual_no_match,,,32.709444,130.797791,gsi_reference,reference_latitude_longitude,complete,0,0,0,0,0,0,0,0,0,0,0,0,0,0,0,0,0
ref:E4344100010111,a6b76aad704ce6d3038f,E4344100010111,E4344100010111,御船町,七滝分館,熊本県御船町七滝2602-4,七滝分館,熊本県御船町七滝2602-4,1,,,32.725252,130.869545,"[{""共通ID"": ""E4344100010111"", ""経度"": ""130.869545"", ""緯度"": ""32.725252""}]",,matched,exact_name_address,1.000,reference/43000_1.csv,17068228366013260d8a1e506e0843bc9c0736e8ec7031a9e384d0d32abd7578,00001707,31,31,kumamoto_portal_map,2026-08-01T00:28:20+09:00,matched,portal_shelter_id,1.000,32.723482,130.864756,,,unmatched,manual_no_match,,,32.725252,130.869545,gsi_reference,reference_latitude_longitude,complete,0,1,1,1,1,1,0,0,0,0,0,0,0,0,0,0,0
ref:E4344100009111,1be3f4775f001d262485,E4344100009111,E4344100009111,御船町,七滝社会教育センター,熊本県御船町七滝2555-2,七滝社会教育センター,熊本県御船町七滝2555-2,1,,,32.72527837,130.8687655,"[{""共通ID"": ""E4344100009111"", ""経度"": ""130.8687655"", ""緯度"": ""32.72527837""}]",,matched,exact_name_address,1.000,reference/43000_1.csv,17068228366013260d8a1e506e0843bc9c0736e8ec7031a9e384d0d32abd7578,00001706,120,120,kumamoto_portal_map,2026-08-01T00:28:20+09:00,matched,portal_shelter_id,1.000,32.725204,130.868525,,,unmatched,manual_no_match,,,32.72527837,130.8687655,gsi_reference,reference_latitude_longitude,complete,0,0,0,0,0,0,0,0,0,0,0,0,0,0,0,0,0
ref:E4344100033111,2db62079dadd0f829a18,E4344100033111,E4344100033111,御船町,上益城消防組合消防本部,熊本県御船町辺田見169,上益城消防組合消防本部,熊本県御船町辺田見169,1,,,32.712866402672,130.8052940847,"[{""共通ID"": ""E4344100033111"", ""経度"": ""130.8052940847"", ""緯度"": ""32.712866402672""}]",,matched,exact_name_address,1.000,reference/43000_1.csv,17068228366013260d8a1e506e0843bc9c0736e8ec7031a9e384d0d32abd7578,00001726,700,700,kumamoto_portal_map,2026-08-01T00:28:20+09:00,matched,portal_shelter_id,1.000,32.713037,130.805047,,,unmatched,manual_no_match,,,32.712866402672,130.8052940847,gsi_reference,reference_latitude_longitude,complete,0,0,0,0,0,0,0,0,0,0,0,0,0,0,0,0,0
ref:E4344100014111,3381c35a693e8f8d8497,E4344100014111,E4344100014111,御船町,上野分館,熊本県御船町上野2262,上野分館,熊本県御船町上野2262,1,,,32.736737,130.859904,"[{""共通ID"": ""E4344100014111"", ""経度"": ""130.859904"", ""緯度"": ""32.736737""}]",,matched,exact_name_address,1.000,reference/43000_1.csv,17068228366013260d8a1e506e0843bc9c0736e8ec7031a9e384d0d32abd7578,,,,,,unmatched,no_candidate,,,,,,unmatched,manual_no_match,,,32.736737,130.859904,gsi_reference,reference_latitude_longitude,complete,0,0,0,0,0,0,0,0,0,0,0,0,0,0,0,0,0
ref:E4344100030111,ee416e38ac70b300faff,E4344100030111,E4344100030111,御船町,北田代分館,熊本県御船町田代748-1,北田代分館,熊本県御船町田代748-1,1,,,32.749659,130.85348,"[{""共通ID"": ""E4344100030111"", ""経度"": ""130.85348"", ""緯度"": ""32.749659""}]",,matched,exact_name_address,1.000,reference/43000_1.csv,17068228366013260d8a1e506e0843bc9c0736e8ec7031a9e384d0d32abd7578,00001715,35,35,kumamoto_portal_map,2026-08-01T00:28:20+09:00,matched,portal_shelter_id,1.000,32.754999,130.891005,,,unmatched,manual_no_match,,,32.749659,130.85348,gsi_reference,reference_latitude_longitude,complete,0,1,1,1,1,1,0,0,0,0,0,0,0,0,0,0,0
ref:E4344100035121,08a2c5a943d5e654edf4,E4344100035121,E4344100035121,御船町,御船町カルチャーセンター,御船町木倉1168,御船町カルチャーセンター,熊本県御船町木倉1168,1,,要配慮者,32.71504924,130.8014411,"[{""共通ID"": ""E4344100035121"", ""経度"": ""130.8014411"", ""緯度"": ""32.71504924""}]",,matched,exact_name_address,1.000,reference/43000_1.csv,17068228366013260d8a1e506e0843bc9c0736e8ec7031a9e384d0d32abd7578,00001694,747,747,kumamoto_portal_map,2026-08-01T00:28:20+09:00,matched,portal_shelter_id,1.000,32.715084,130.801403,,,unmatched,manual_no_match,,,32.71504924,130.8014411,gsi_reference,reference_latitude_longitude,complete,0,1,1,1,1,1,1,1,1,1,1,1,1,1,1,1,1
ref:E4344100036111,2e3515a363662e407b61,E4344100036111,E4344100036111,御船町,御船町スポーツセンター,熊本県御船町木倉1176-1,御船町スポーツセンター,熊本県御船町木倉1176-1,1,,,32.71585168,130.8011298,"[{""共通ID"": ""E4344100036111"", ""経度"": ""130.8011298"", ""緯度"": ""32.71585168""}]",,matched,exact_name_address,1.000,reference/43000_1.csv,17068228366013260d8a1e506e0843bc9c0736e8ec7031a9e384d0d32abd7578,00001693,1609,1609,kumamoto_portal_map,2026-08-01T00:28:20+09:00,matched,portal_shelter_id,1.000,32.716665,130.801011,,,unmatched,manual_no_match,,,32.71585168,130.8011298,gsi_reference,reference_latitude_longitude,complete,0,0,0,0,0,0,0,0,0,0,0,0,0,0,0,0,0
ref:E4344100002121,1209a7d83462fc8f258d,E4344100002121,E4344100002121,御船町,御船町子育てふれあい館,熊本県御船町御船1003-2,御船町子育てふれあい館,熊本県御船町御船1003-2,,,乳幼児,32.7139559546396,130.801463864141,"[{""共通ID"": ""E4344100002121"", ""経度"": ""130.801463864141"", ""緯度"": ""32.7139559546396""}]",,matched,exact_name_address,1.000,reference/43000_1.csv,17068228366013260d8a1e506e0843bc9c0736e8ec7031a9e384d0d32abd7578,,,,,,unmatched,no_candidate,,,,,,unmatched,manual_no_match,,,32.7139559546396,130.801463864141,gsi_reference,reference_latitude_longitude,complete,0,0,0,0,0,0,0,0,0,0,0,0,0,0,0,0,0
ref:E4344100012111,08bbe7f615f1cc521f77,E4344100012111,E4344100012111,御船町,御船町立七滝中央小学校,熊本県御船町上野1500,御船町立七滝中央小学校,熊本県御船町上野1500,1,,,32.73451117,130.8537285,"[{""共通ID"": ""E4344100012111"", ""経度"": ""130.8537285"", ""緯度"": ""32.73451117""}]",,matched,exact_name_address,1.000,reference/43000_1.csv,17068228366013260d8a1e506e0843bc9c0736e8ec7031a9e384d0d32abd7578,00001708,99,99,kumamoto_portal_map,2026-08-01T00:28:20+09:00,matched,portal_shelter_id,1.000,32.734594,130.853881,,,unmatched,manual_no_match,,,32.73451117,130.8537285,gsi_reference,reference_latitude_longitude,complete,0,0,0,0,0,0,0,0,0,0,0,0,0,0,0,0,0
ref:E4344100011111,99dc6f3a490a161038ad,E4344100011111,E4344100011111,御船町,御船町立小坂小学校,熊本県御船町小坂2193-2,御船町立小坂小学校,熊本県御船町小坂2193-2,1,,,32.72644196,130.7750045,"[{""共通ID"": ""E4344100011111"", ""経度"": ""130.7750045"", ""緯度"": ""32.72644196""}]",,matched,exact_name_address,1.000,reference/43000_1.csv,17068228366013260d8a1e506e0843bc9c0736e8ec7031a9e384d0d32abd7578,00001721,300,300,kumamoto_portal_map,2026-08-01T00:28:20+09:00,matched,portal_shelter_id,1.000,32.726261,130.77434,,,unmatched,manual_no_match,,,32.72644196,130.7750045,gsi_reference,reference_latitude_longitude,complete,0,0,0,0,0,0,0,0,0,0,0,0,0,0,0,0,0
ref:E4344100034111,db82468d94fa02c3d942,E4344100034111,E4344100034111,御船町,御船町立御船中学校,熊本県御船町辺田見55,御船町立御船中学校,熊本県御船町辺田見55,1,,,32.71279009,130.8023295,"[{""共通ID"": ""E4344100034111"", ""経度"": ""130.8023295"", ""緯度"": ""32.71279009""}]",,matched,exact_name_address,1.000,reference/43000_1.csv,17068228366013260d8a1e506e0843bc9c0736e8ec7031a9e384d0d32abd7578,00001696,538,538,kumamoto_portal_map,2026-08-01T00:28:20+09:00,matched,portal_shelter_id,1.000,32.712826,130.802475,,,unmatched,manual_no_match,,,32.71279009,130.8023295,gsi_reference,reference_latitude_longitude,complete,0,0,0,0,0,0,0,0,0,0,0,0,0,0,0,0,0
ref:E4344100023111,e9608aa0840633806c2a,E4344100023111,E4344100023111,御船町,御船町立御船小学校,熊本県御船町滝川3,御船町立御船小学校,熊本県御船町滝川3,1,,,32.71467868,130.8001911,"[{""共通ID"": ""E4344100023111"", ""経度"": ""130.8001911"", ""緯度"": ""32.71467868""}]",,matched,exact_name_address,1.000,reference/43000_1.csv,17068228366013260d8a1e506e0843bc9c0736e8ec7031a9e384d0d32abd7578,00001695,327,327,kumamoto_portal_map,2026-08-01T00:28:20+09:00,matched,portal_shelter_id,1.000,32.714712,130.800255,,,unmatched,manual_no_match,,,32.71467868,130.8001911,gsi_reference,reference_latitude_longitude,complete,0,0,0,0,0,0,0,0,0,0,0,0,0,0,0,0,0
ref:E4344100040111,64f5175e34d64f8850cb,E4344100040111,E4344100040111,御船町,御船町立木倉小学校,熊本県御船町木倉954,御船町立木倉小学校,熊本県御船町木倉954,1,,,32.71850093,130.8066464,"[{""共通ID"": ""E4344100040111"", ""経度"": ""130.8066464"", ""緯度"": ""32.71850093""}]",,matched,exact_name_address,1.000,reference/43000_1.csv,17068228366013260d8a1e506e0843bc9c0736e8ec7031a9e384d0d32abd7578,00001716,102,102,kumamoto_portal_map,2026-08-01T00:28:20+09:00,matched,portal_shelter_id,1.000,32.718437,130.806663,,,unmatched,manual_no_match,,,32.71850093,130.8066464,gsi_reference,reference_latitude_longitude,complete,0,0,0,0,0,0,0,0,0,0,0,0,0,0,0,0,0
ref:E4344100027111,5e6d9860903426e7bf54,E4344100027111,E4344100027111,御船町,御船町立滝尾小学校,熊本県御船町滝尾934-1,御船町立滝尾小学校,熊本県御船町滝尾934-1,1,,,32.70494146,130.8281117,"[{""共通ID"": ""E4344100027111"", ""経度"": ""130.8281117"", ""緯度"": ""32.70494146""}]",,matched,exact_name_address,1.000,reference/43000_1.csv,17068228366013260d8a1e506e0843bc9c0736e8ec7031a9e384d0d32abd7578,00001701,99,99,kumamoto_portal_map,2026-08-01T00:28:20+09:00,matched,portal_shelter_id,1.000,32.70485,130.828179,,,unmatched,manual_no_match,,,32.70494146,130.8281117,gsi_reference,reference_latitude_longitude,complete,0,0,0,0,0,0,0,0,0,0,0,0,0,0,0,0,0
ref:E4344100008111,da17407723b0d1648551,E4344100008111,E4344100008111,御船町,御船町立高木小学校,熊本県御船町高木1633,御船町立高木小学校,熊本県御船町高木1633,1,,,32.73796796,130.7914757,"[{""共通ID"": ""E4344100008111"", ""経度"": ""130.7914757"", ""緯度"": ""32.73796796""}]",,matched,exact_name_address,1.000,reference/43000_1.csv,17068228366013260d8a1e506e0843bc9c0736e8ec7031a9e384d0d32abd7578,00001720,99,99,kumamoto_portal_map,2026-08-01T00:28:20+09:00,matched,portal_shelter_id,1.000,32.737907,130.791566,,,unmatched,manual_no_match,,,32.73796796,130.7914757,gsi_reference,reference_latitude_longitude,complete,0,0,0,0,0,0,0,0,0,0,0,0,0,0,0,0,0
ref:E4344100001121,3b4be8013549b05b1412,E4344100001121,E4344100001121,御船町,御船町観光交流センター,熊本県御船町御船1003,御船町観光交流センター,熊本県御船町御船1003,,,高齢者,32.7140101167379,130.801581881345,"[{""共通ID"": ""E4344100001121"", ""経度"": ""130.801581881345"", ""緯度"": ""32.7140101167379""}]",,matched,exact_name_address,1.000,reference/43000_1.csv,17068228366013260d8a1e506e0843bc9c0736e8ec7031a9e384d0d32abd7578,,,,,,unmatched,no_candidate,,,,,,unmatched,manual_no_match,,,32.7140101167379,130.801581881345,gsi_reference,reference_latitude_longitude,complete,0,0,0,0,0,0,0,0,0,0,0,0,0,0,0,0,0
ref:E4344100020111,912fd22e6d095ffc7cbf,E4344100020111,E4344100020111,御船町,水越社会教育センター,熊本県御船町水越2449,水越社会教育センター,熊本県御船町水越2449,1,,,32.687855,130.870488,"[{""共通ID"": ""E4344100020111"", ""経度"": ""130.870488"", ""緯度"": ""32.687855""}]",,matched,exact_name_address,1.000,reference/43000_1.csv,17068228366013260d8a1e506e0843bc9c0736e8ec7031a9e384d0d32abd7578,00001704,120,120,kumamoto_portal_map,2026-08-01T00:28:20+09:00,matched,portal_shelter_id,1.000,32.68658,130.869387,,,unmatched,manual_no_match,,,32.687855,130.870488,gsi_reference,reference_latitude_longitude,complete,0,1,1,1,1,1,0,0,0,0,0,0,0,0,0,0,0
ref:E4344100037111,c767bb3cde260035e8a1,E4344100037111,E4344100037111,御船町,熊本県立御船高等学校,熊本県御船町木倉1253,熊本県立御船高等学校,熊本県御船町木倉1253,1,,,32.71498248,130.80532,"[{""共通ID"": ""E4344100037111"", ""経度"": ""130.80532"", ""緯度"": ""32.71498248""}]",,matched,exact_name_address,1.000,reference/43000_1.csv,17068228366013260d8a1e506e0843bc9c0736e8ec7031a9e384d0d32abd7578,00001717,510,510,kumamoto_portal_map,2026-08-01T00:28:20+09:00,matched,portal_shelter_id,1.000,32.715223,130.805116,,,unmatched,manual_no_match,,,32.71498248,130.80532,gsi_reference,reference_latitude_longitude,complete,0,0,0,0,0,0,0,0,0,0,0,0,0,0,0,0,0
ref:E4344100025111,07db552913dc7edc0b70,E4344100025111,E4344100025111,御船町,熊本県農業研究センター茶業研究所,熊本県御船町滝尾5450,熊本県農業研究センター茶業研究所,熊本県御船町滝尾5450,1,,,32.7020995267965,130.829237866169,"[{""共通ID"": ""E4344100025111"", ""経度"": ""130.829237866169"", ""緯度"": ""32.7020995267965""}]",,matched,exact_name_address,1.000,reference/43000_1.csv,17068228366013260d8a1e506e0843bc9c0736e8ec7031a9e384d0d32abd7578,00002206,53,53,kumamoto_portal_map,2026-08-01T00:28:20+09:00,matched,portal_shelter_id,1.000,32.702097874283034,130.8292829990387,,,unmatched,manual_no_match,,,32.7020995267965,130.829237866169,gsi_reference,reference_latitude_longitude,complete,0,1,1,0,0,0,0,0,0,0,0,0,0,0,0,0,0
ref:E4344100016111,edd15a7ff4af6a2d75ee,E4344100016111,E4344100016111,御船町,田代東部分館,熊本県御船町上野5191-3,田代東部分館,熊本県御船町上野5191-3,1,,,32.747868,130.886535,"[{""共通ID"": ""E4344100016111"", ""経度"": ""130.886535"", ""緯度"": ""32.747868""}]",,matched,exact_name_address,1.000,reference/43000_1.csv,17068228366013260d8a1e506e0843bc9c0736e8ec7031a9e384d0d32abd7578,00001713,35,35,kumamoto_portal_map,2026-08-01T00:28:20+09:00,matched,portal_shelter_id,1.000,32.747663,130.885937,,,unmatched,manual_no_match,,,32.747868,130.886535,gsi_reference,reference_latitude_longitude,complete,0,1,1,1,1,1,0,0,0,0,0,0,0,0,0,0,0
ref:E4344100029111,6699fb1bceafbc20a241,E4344100029111,E4344100029111,御船町,田代東部社会教育センター,熊本県御船町田代4984,田代東部社会教育センター,熊本県御船町田代4984,1,,,32.74848522,130.8870046,"[{""共通ID"": ""E4344100029111"", ""経度"": ""130.8870046"", ""緯度"": ""32.74848522""}]",,matched,exact_name_address,1.000,reference/43000_1.csv,17068228366013260d8a1e506e0843bc9c0736e8ec7031a9e384d0d32abd7578,00001711,150,150,kumamoto_portal_map,2026-08-01T00:28:20+09:00,matched,portal_shelter_id,1.000,32.74848,130.886881,,,unmatched,manual_no_match,,,32.74848522,130.8870046,gsi_reference,reference_latitude_longitude,complete,0,0,0,0,0,0,0,0,0,0,0,0,0,0,0,0,0
ref:E4344100003111,d4c3f6cc9383c7c6b1cd,E4344100003111,E4344100003111,御船町,町民憩いの家,熊本県御船町御船726,町民憩いの家,熊本県御船町御船726,1,,,32.709645,130.796486,"[{""共通ID"": ""E4344100003111"", ""経度"": ""130.796486"", ""緯度"": ""32.709645""}]",,matched,exact_name_address,1.000,reference/43000_1.csv,17068228366013260d8a1e506e0843bc9c0736e8ec7031a9e384d0d32abd7578,00002167,74,74,kumamoto_portal_map,2026-08-01T00:28:20+09:00,matched,portal_shelter_id,1.000,32.709654173628294,130.7965064048767,,,unmatched,manual_no_match,,,32.709645,130.796486,gsi_reference,reference_latitude_longitude,complete,0,0,0,0,0,0,0,0,0,0,0,0,0,0,0,0,0
ref:E4344400003121,3df2498aebebbc79f25d,E4344400003121,E4344400003121,御船町,社会福祉法人 伸生会養護老人ホーム オアシス,熊本県御船町大字木倉4780,社会福祉法人 伸生会養護老人ホーム オアシス,熊本県御船町大字木倉4780,,事前に福祉課に要相談,要介護高齢者、障害者、妊産婦、乳幼児等,32.7273500555022,130.812360549522,"[{""共通ID"": ""E4344400003121"", ""経度"": ""130.812360549522"", ""緯度"": ""32.7273500555022""}]",,matched,exact_name_address,1.000,reference/43000_1.csv,17068228366013260d8a1e506e0843bc9c0736e8ec7031a9e384d0d32abd7578,,,,,,unmatched,no_candidate,,,,,,unmatched,manual_no_match,,,32.7273500555022,130.812360549522,gsi_reference,reference_latitude_longitude,complete,0,0,0,0,0,0,0,0,0,0,0,0,0,0,0,0,0
ref:E4344100028111,7e437515744a0e7008c0,E4344100028111,E4344100028111,御船町,第二明星学園田代西部福祉センター,熊本県御船町田代1842-4,第二明星学園田代西部福祉センター,熊本県御船町田代1842-4,1,,,32.75680678,130.8571464,"[{""共通ID"": ""E4344100028111"", ""経度"": ""130.8571464"", ""緯度"": ""32.75680678""}]",,matched,exact_name_address,1.000,reference/43000_1.csv,17068228366013260d8a1e506e0843bc9c0736e8ec7031a9e384d0d32abd7578,00001714,280,280,kumamoto_portal_map,2026-08-01T00:28:20+09:00,matched,portal_shelter_id,1.000,32.756906,130.856892,,,unmatched,manual_no_match,,,32.75680678,130.8571464,gsi_reference,reference_latitude_longitude,complete,0,0,0,0,0,0,0,0,0,0,0,0,0,0,0,0,0
ref:E4344100031111,4822904651785a56ad35,E4344100031111,E4344100031111,御船町,緑の村,熊本県御船町田代8405-24,緑の村,熊本県御船町田代8405-24,1,,,32.774452167164,130.9282991865,"[{""共通ID"": ""E4344100031111"", ""経度"": ""130.9282991865"", ""緯度"": ""32.774452167164""}]",,matched,exact_name_address,1.000,reference/43000_1.csv,17068228366013260d8a1e506e0843bc9c0736e8ec7031a9e384d0d32abd7578,00001712,100,100,kumamoto_portal_map,2026-08-01T00:28:20+09:00,matched,portal_shelter_id,1.000,32.774417,130.927887,,,unmatched,manual_no_match,,,32.774452167164,130.9282991865,gsi_reference,reference_latitude_longitude,complete,0,1,0,0,0,0,0,0,0,0,0,0,0,0,0,0,0
ref:E4350700007121,28113392efea08086d4d,E4350700007121,E4350700007121,水上村,保健センター,熊本県水上村大字岩野2678,保健センター,熊本県水上村大字岩野2678,1,,要配慮者,32.294517014983,130.9869175439,"[{""共通ID"": ""E4350700007121"", ""経度"": ""130.9869175439"", ""緯度"": ""32.294517014983""}]",,matched,exact_name_address,1.000,reference/43000_1.csv,17068228366013260d8a1e506e0843bc9c0736e8ec7031a9e384d0d32abd7578,00001936,100,100,kumamoto_portal_map,2026-08-01T00:28:20+09:00,matched,portal_shelter_id,1.000,32.294521,130.986951,,,unmatched,manual_no_match,,,32.294517014983,130.9869175439,gsi_reference,reference_latitude_longitude,complete,0,0,0,0,0,0,0,0,0,0,0,0,0,0,0,0,0
ref:E4350700007122,519f2f5118a64a2c5ce1,E4350700007122,E4350700007122,水上村,岩野公民館,熊本県水上村大字岩野2678,岩野公民館,熊本県水上村大字岩野2678,1,,要配慮者,32.294947831465,130.9870462908,"[{""共通ID"": ""E4350700007122"", ""経度"": ""130.9870462908"", ""緯度"": ""32.294947831465""}]",,matched,exact_name_address,1.000,reference/43000_1.csv,17068228366013260d8a1e506e0843bc9c0736e8ec7031a9e384d0d32abd7578,00001935,200,200,kumamoto_portal_map,2026-08-01T00:28:20+09:00,matched,portal_shelter_id,1.000,32.294521,130.986951,,,unmatched,manual_no_match,,,32.294947831465,130.9870462908,gsi_reference,reference_latitude_longitude,complete,0,0,0,0,0,0,0,0,0,0,0,0,0,0,0,0,0
ref:E4350700015111,153c356d4410c1e50110,E4350700015111,E4350700015111,水上村,旧古屋敷体育館,熊本県水上村大字江代1274-1,旧古屋敷体育館,熊本県水上村大字江代1274-1,1,,,32.378944836587,131.02451831492,"[{""共通ID"": ""E4350700015111"", ""経度"": ""131.02451831492"", ""緯度"": ""32.378944836587""}]",,matched,exact_name_address,1.000,reference/43000_1.csv,17068228366013260d8a1e506e0843bc9c0736e8ec7031a9e384d0d32abd7578,00001942,300,300,kumamoto_portal_map,2026-08-01T00:28:20+09:00,matched,portal_shelter_id,1.000,32.379738,131.024424,,,unmatched,manual_no_match,,,32.378944836587,131.02451831492,gsi_reference,reference_latitude_longitude,complete,0,0,0,0,0,0,0,0,0,0,0,0,0,0,0,0,0
ref:E4350700031111,e666358c9febccf84188,E4350700031111,E4350700031111,水上村,旧湯山小学校体育館,熊本県水上村大字湯山412,旧湯山小学校体育館,熊本県水上村大字湯山412,1,,,32.31575895574,131.04480216794,"[{""共通ID"": ""E4350700031111"", ""経度"": ""131.04480216794"", ""緯度"": ""32.31575895574""}]",,matched,exact_name_address,1.000,reference/43000_1.csv,17068228366013260d8a1e506e0843bc9c0736e8ec7031a9e384d0d32abd7578,00001939,500,500,kumamoto_portal_map,2026-08-01T00:28:20+09:00,matched,portal_shelter_id,1.000,32.315915,131.044606,,,unmatched,manual_no_match,,,32.31575895574,131.04480216794,gsi_reference,reference_latitude_longitude,complete,0,0,0,0,0,0,0,0,0,0,0,0,0,0,0,0,0
ref:E4350700009111,28d40a5ee32701d4adc7,E4350700009111,E4350700009111,水上村,村民体育館,熊本県水上村大字岩野2886,村民体育館,熊本県水上村大字岩野2886,1,,,32.294011193717,130.98665314674,"[{""共通ID"": ""E4350700009111"", ""経度"": ""130.98665314674"", ""緯度"": ""32.294011193717""}]",,matched,exact_name_address,1.000,reference/43000_1.csv,17068228366013260d8a1e506e0843bc9c0736e8ec7031a9e384d0d32abd7578,00001937,500,500,kumamoto_portal_map,2026-08-01T00:28:20+09:00,matched,portal_shelter_id,1.000,32.331241,130.978258,,,unmatched,manual_no_match,,,32.294011193717,130.98665314674,gsi_reference,reference_latitude_longitude,complete,0,0,0,0,0,0,0,0,0,0,0,0,0,0,0,0,0
ref:E4350700012121,17f114d238f0369f2d3c,E4350700012121,E4350700012121,水上村,水上村役場,熊本県水上村大字岩野90,水上村役場,熊本県水上村大字岩野90,1,,要配慮者,32.314352445448,131.00945685465,"[{""共通ID"": ""E4350700012121"", ""経度"": ""131.00945685465"", ""緯度"": ""32.314352445448""}]",,matched,exact_name_address,1.000,reference/43000_1.csv,17068228366013260d8a1e506e0843bc9c0736e8ec7031a9e384d0d32abd7578,00001934,150,150,kumamoto_portal_map,2026-08-01T00:28:20+09:00,matched,portal_shelter_id,1.000,32.31327,131.008415,,,unmatched,manual_no_match,,,32.314352445448,131.00945685465,gsi_reference,reference_latitude_longitude,complete,0,0,0,0,0,0,0,0,0,0,0,0,0,0,0,0,0
ref:E4350700017121,c74260e1b8fbcf8fe713,E4350700017121,E4350700017121,水上村,江代地区集会施設,熊本県水上村大字江代1658-2,江代地区集会施設,熊本県水上村大字江代1658-2,1,,要配慮者,32.378838372502,131.02194232166,"[{""共通ID"": ""E4350700017121"", ""経度"": ""131.02194232166"", ""緯度"": ""32.378838372502""}]",,matched,exact_name_address,1.000,reference/43000_1.csv,17068228366013260d8a1e506e0843bc9c0736e8ec7031a9e384d0d32abd7578,00001943,30,30,kumamoto_portal_map,2026-08-01T00:28:20+09:00,matched,portal_shelter_id,1.000,32.379232,131.022621,,,unmatched,manual_no_match,,,32.378838372502,131.02194232166,gsi_reference,reference_latitude_longitude,complete,0,0,0,0,0,0,0,0,0,0,0,0,0,0,0,0,0
ref:E4350700014121,03311953b07d84db5891,E4350700014121,E4350700014121,水上村,江代地域防災拠点施設,熊本県水上村大字江代1255-3,江代地域防災拠点施設,熊本県水上村大字江代1255-3,1,,要配慮者,32.379072102689,131.02432091048,"[{""共通ID"": ""E4350700014121"", ""経度"": ""131.02432091048"", ""緯度"": ""32.379072102689""}]",,matched,exact_name_address,1.000,reference/43000_1.csv,17068228366013260d8a1e506e0843bc9c0736e8ec7031a9e384d0d32abd7578,00001941,30,30,kumamoto_portal_map,2026-08-01T00:28:20+09:00,matched,portal_shelter_id,1.000,32.378549,131.023118,,,unmatched,manual_no_match,,,32.379072102689,131.02432091048,gsi_reference,reference_latitude_longitude,complete,0,0,0,0,0,0,0,0,0,0,0,0,0,0,0,0,0
ref:E4350700025111,2d8d0c681af608249922,E4350700025111,E4350700025111,水上村,湯山保育所,熊本県水上村大字湯山1549,湯山保育所,熊本県水上村大字湯山1549,1,,,32.3198116370759,131.041199409119,"[{""共通ID"": ""E4350700025111"", ""経度"": ""131.041199409119"", ""緯度"": ""32.3198116370759""}]",,matched,exact_name_address,1.000,reference/43000_1.csv,17068228366013260d8a1e506e0843bc9c0736e8ec7031a9e384d0d32abd7578,00001940,200,200,kumamoto_portal_map,2026-08-01T00:28:20+09:00,matched,portal_shelter_id,1.000,32.320112,131.041517,,,unmatched,manual_no_match,,,32.3198116370759,131.041199409119,gsi_reference,reference_latitude_longitude,complete,0,0,0,0,0,0,0,0,0,0,0,0,0,0,0,0,0
ref:E4350700031121,8ba501ec33774410a7c7,E4350700031121,E4350700031121,水上村,湯山地域交流センター,熊本県水上村大字湯山412,湯山地域交流センター,熊本県水上村大字湯山412,1,,要配慮者,32.315633183938,131.04475204307,"[{""共通ID"": ""E4350700031121"", ""経度"": ""131.04475204307"", ""緯度"": ""32.315633183938""}]",,matched,exact_name_address,1.000,reference/43000_1.csv,17068228366013260d8a1e506e0843bc9c0736e8ec7031a9e384d0d32abd7578,00001938,100,100,kumamoto_portal_map,2026-08-01T00:28:20+09:00,matched,portal_shelter_id,1.000,32.315915,131.044606,,,unmatched,manual_no_match,,,32.315633183938,131.04475204307,gsi_reference,reference_latitude_longitude,complete,0,0,0,0,0,0,0,0,0,0,0,0,0,0,0,0,0
ref:E4320500061111,a5dc3ce0cd25e88230c8,E4320500061111,E4320500061111,水俣市,(旧)第三中学校体育館,熊本県水俣市平町2-7-1,(旧)第三中学校体育館,熊本県水俣市平町2-7-1,1,,,32.205645,130.405268,"[{""共通ID"": ""E4320500061111"", ""経度"": ""130.405268"", ""緯度"": ""32.205645""}]",,matched,exact_name_address,1.000,reference/43000_1.csv,17068228366013260d8a1e506e0843bc9c0736e8ec7031a9e384d0d32abd7578,00000834,300,300,kumamoto_portal_map,2026-08-01T00:28:20+09:00,matched,portal_shelter_id,1.000,32.205294,130.405348,,,unmatched,manual_no_match,,,32.205645,130.405268,gsi_reference,reference_latitude_longitude,complete,0,0,0,0,0,0,0,0,0,0,0,0,0,0,0,0,0
ref:E4320500051111,9d314a5a3d31cfb67658,E4320500051111,E4320500051111,水俣市,16部消防格納庫,熊本県水俣市長崎960,16部消防格納庫,熊本県水俣市長崎960,1,,,32.175781,130.413307,"[{""共通ID"": ""E4320500051111"", ""経度"": ""130.413307"", ""緯度"": ""32.175781""}]",,matched,exact_name_address,1.000,reference/43000_1.csv,17068228366013260d8a1e506e0843bc9c0736e8ec7031a9e384d0d32abd7578,00000877,10,10,kumamoto_portal_map,2026-08-01T00:28:20+09:00,matched,portal_shelter_id,1.000,32.176006,130.413387,,,unmatched,manual_no_match,,,32.175781,130.413307,gsi_reference,reference_latitude_longitude,complete,0,0,0,0,0,0,0,0,0,0,0,0,0,0,0,0,0
ref:E4320500012111,6fb784f3c1eb7f859290,E4320500012111,E4320500012111,水俣市,23区集会所,熊本県水俣市久木野1041-1,23区集会所,熊本県水俣市久木野1041-1,1,,,32.173029,130.525735,"[{""共通ID"": ""E4320500012111"", ""経度"": ""130.525735"", ""緯度"": ""32.173029""}]",,matched,exact_name_address,1.000,reference/43000_1.csv,17068228366013260d8a1e506e0843bc9c0736e8ec7031a9e384d0d32abd7578,00000893,80,80,kumamoto_portal_map,2026-08-01T00:28:20+09:00,matched,portal_shelter_id,1.000,32.173259,130.525385,,,unmatched,manual_no_match,,,32.173029,130.525735,gsi_reference,reference_latitude_longitude,complete,0,0,0,0,0,0,0,0,0,0,0,0,0,0,0,0,0
ref:E4320500003111,094565a4c764990e827f,E4320500003111,E4320500003111,水俣市,5区公民館,熊本県水俣市旭町2-56-5,5区公民館,熊本県水俣市旭町2-56-5,1,,,32.208505,130.402503,"[{""共通ID"": ""E4320500003111"", ""経度"": ""130.402503"", ""緯度"": ""32.208505""}]",,matched,exact_name_address,1.000,reference/43000_1.csv,17068228366013260d8a1e506e0843bc9c0736e8ec7031a9e384d0d32abd7578,00000863,20,20,kumamoto_portal_map,2026-08-01T00:28:20+09:00,matched,portal_shelter_id,1.000,32.20849828327488,130.40241479873657,,,unmatched,manual_no_match,,,32.208505,130.402503,gsi_reference,reference_latitude_longitude,complete,0,0,0,0,0,0,0,0,0,0,0,0,0,0,0,0,0
ref:E4320500052111,a5b89ff6cc3dbac8e15f,E4320500052111,E4320500052111,水俣市,7区公民館,熊本県水俣市長野町8-8,7区公民館,熊本県水俣市長野町8-8,1,,,32.202467,130.423745,"[{""共通ID"": ""E4320500052111"", ""経度"": ""130.423745"", ""緯度"": ""32.202467""}]",,matched,exact_name_address,1.000,reference/43000_1.csv,17068228366013260d8a1e506e0843bc9c0736e8ec7031a9e384d0d32abd7578,00000864,40,40,kumamoto_portal_map,2026-08-01T00:28:20+09:00,matched,portal_shelter_id,1.000,32.202161,130.424199,,,unmatched,manual_no_match,,,32.202467,130.423745,gsi_reference,reference_latitude_longitude,complete,0,0,0,0,0,0,0,0,0,0,0,0,0,0,0,0,0
ref:E4320500017111,3c91800a9238304514fa,E4320500017111,E4320500017111,水俣市,おれんじ館,熊本県水俣市月浦195-2,おれんじ館,熊本県水俣市月浦195-2,1,,,32.188737,130.382562,"[{""共通ID"": ""E4320500017111"", ""経度"": ""130.382562"", ""緯度"": ""32.188737""}]",,matched,exact_name_address,1.000,reference/43000_1.csv,17068228366013260d8a1e506e0843bc9c0736e8ec7031a9e384d0d32abd7578,00000840,50,50,kumamoto_portal_map,2026-08-01T00:28:20+09:00,matched,portal_shelter_id,1.000,32.188784,130.382556,,,unmatched,manual_no_match,,,32.188737,130.382562,gsi_reference,reference_latitude_longitude,complete,0,1,1,1,1,1,0,0,0,0,0,0,0,0,0,0,0
ref:E4320500020111,ad427b8fb3bd47e19cdc,E4320500020111,E4320500020111,水俣市,はぜのき館,熊本県水俣市月浦453-3,はぜのき館,熊本県水俣市月浦453-3,1,,,32.193766,130.393854,"[{""共通ID"": ""E4320500020111"", ""経度"": ""130.393854"", ""緯度"": ""32.193766""}]",,matched,exact_name_address,1.000,reference/43000_1.csv,17068228366013260d8a1e506e0843bc9c0736e8ec7031a9e384d0d32abd7578,00000841,20,20,kumamoto_portal_map,2026-08-01T00:28:20+09:00,matched,portal_shelter_id,1.000,32.193753,130.393836,,,unmatched,manual_no_match,,,32.193766,130.393854,gsi_reference,reference_latitude_longitude,complete,0,1,1,0,0,0,0,0,0,0,0,0,0,0,0,0,0
ref:E4320500065121,6bcb5b6b42c7bc52ea14,E4320500065121,E4320500065121,水俣市,もやい館,熊本県水俣市牧の内3-1,もやい館,熊本県水俣市牧の内3-1,1,,要配慮者,32.214874,130.406787,"[{""共通ID"": ""E4320500065121"", ""経度"": ""130.406787"", ""緯度"": ""32.214874""}]",,matched,exact_name_address,1.000,reference/43000_1.csv,17068228366013260d8a1e506e0843bc9c0736e8ec7031a9e384d0d32abd7578,00000824,300,300,kumamoto_portal_map,2026-08-01T00:28:20+09:00,matched,portal_shelter_id,1.000,32.214843,130.406842,,,unmatched,manual_no_match,,,32.214874,130.406787,gsi_reference,reference_latitude_longitude,complete,0,1,1,1,1,1,0,0,0,0,0,0,0,0,0,0,0
ref:E4320500063111,0741e493a15470608cc2,E4320500063111,E4320500063111,水俣市,中屋敷公民館,熊本県水俣市宝川内1118-1,中屋敷公民館,熊本県水俣市宝川内1118-1,1,,,32.188797,130.490772,"[{""共通ID"": ""E4320500063111"", ""経度"": ""130.490772"", ""緯度"": ""32.188797""}]",,matched,exact_name_address,1.000,reference/43000_1.csv,17068228366013260d8a1e506e0843bc9c0736e8ec7031a9e384d0d32abd7578,00000868,15,15,kumamoto_portal_map,2026-08-01T00:28:20+09:00,matched,portal_shelter_id,1.000,32.18870648373413,130.49105644226074,,,unmatched,manual_no_match,,,32.188797,130.490772,gsi_reference,reference_latitude_longitude,complete,0,0,0,0,0,0,0,0,0,0,0,0,0,0,0,0,0
ref:E4320500058111,65b279df140a4595f861,E4320500058111,E4320500058111,水俣市,八ノ窪公民館,熊本県水俣市八ノ窪町2-269,八ノ窪公民館,熊本県水俣市八ノ窪町2-269,1,,,32.198713,130.389711,"[{""共通ID"": ""E4320500058111"", ""経度"": ""130.389711"", ""緯度"": ""32.198713""}]",,matched,exact_name_address,1.000,reference/43000_1.csv,17068228366013260d8a1e506e0843bc9c0736e8ec7031a9e384d0d32abd7578,00000888,20,20,kumamoto_portal_map,2026-08-01T00:28:20+09:00,matched,portal_shelter_id,1.000,32.200408,130.390328,,,unmatched,manual_no_match,,,32.198713,130.389711,gsi_reference,reference_latitude_longitude,complete,0,0,0,0,0,0,0,0,0,0,0,0,0,0,0,0,0
ref:E4320500060111,0eee6ae4a35000ad6329,E4320500060111,E4320500060111,水俣市,公民館,熊本県水俣市浜町2-10-26,公民館,熊本県水俣市浜町2-10-26,1,,,32.212875,130.403143,"[{""共通ID"": ""E4320500060111"", ""経度"": ""130.403143"", ""緯度"": ""32.212875""}]",,matched,exact_name_address,1.000,reference/43000_1.csv,17068228366013260d8a1e506e0843bc9c0736e8ec7031a9e384d0d32abd7578,00000827,200,200,kumamoto_portal_map,2026-08-01T00:28:20+09:00,matched,portal_shelter_id,1.000,32.212799,130.403201,,,unmatched,manual_no_match,,,32.212875,130.403143,gsi_reference,reference_latitude_longitude,complete,0,1,1,0,0,0,0,0,0,0,0,0,0,0,0,0,0
ref:E4320500036111,7b0c5db0c1ca6ae812aa,E4320500036111,E4320500036111,水俣市,公民館分館,熊本県水俣市洗切町1-1,公民館分館,熊本県水俣市洗切町1-1,1,,,32.2135142584577,130.40098798738,"[{""共通ID"": ""E4320500036111"", ""経度"": ""130.40098798738"", ""緯度"": ""32.2135142584577""}]",,matched,exact_name_address,1.000,reference/43000_1.csv,17068228366013260d8a1e506e0843bc9c0736e8ec7031a9e384d0d32abd7578,00000829,100,100,kumamoto_portal_map,2026-08-01T00:28:20+09:00,matched,portal_shelter_id,1.000,32.213543,130.400896,,,unmatched,manual_no_match,,,32.2135142584577,130.40098798738,gsi_reference,reference_latitude_longitude,complete,0,0,0,0,0,0,0,0,0,0,0,0,0,0,0,0,0
ref:E4320500019111,2ac2f063759d9426fbf9,E4320500019111,E4320500019111,水俣市,出月公民館,熊本県水俣市月浦367-7,出月公民館,熊本県水俣市月浦367-7,1,,,32.185991,130.383,"[{""共通ID"": ""E4320500019111"", ""経度"": ""130.383"", ""緯度"": ""32.185991""}]",,matched,exact_name_address,1.000,reference/43000_1.csv,17068228366013260d8a1e506e0843bc9c0736e8ec7031a9e384d0d32abd7578,00000884,40,40,kumamoto_portal_map,2026-08-01T00:28:20+09:00,matched,portal_shelter_id,1.000,32.191473,130.389164,,,unmatched,manual_no_match,,,32.185991,130.383,gsi_reference,reference_latitude_longitude,complete,0,0,0,0,0,0,0,0,0,0,0,0,0,0,0,0,0
ref:E4320500028111,7e84b561f22755c15919,E4320500028111,E4320500028111,水俣市,初野集会所,熊本県水俣市初野186,初野集会所,熊本県水俣市初野186,1,,,32.209893,130.431744,"[{""共通ID"": ""E4320500028111"", ""経度"": ""130.431744"", ""緯度"": ""32.209893""}]",,matched,exact_name_address,1.000,reference/43000_1.csv,17068228366013260d8a1e506e0843bc9c0736e8ec7031a9e384d0d32abd7578,00000865,30,30,kumamoto_portal_map,2026-08-01T00:28:20+09:00,matched,portal_shelter_id,1.000,32.20971470297637,130.43168306350708,,,unmatched,manual_no_match,,,32.209893,130.431744,gsi_reference,reference_latitude_longitude,complete,0,0,0,0,0,0,0,0,0,0,0,0,0,0,0,0,0
ref:E4320500024111,4221749590f8a3243234,E4320500024111,E4320500024111,水俣市,厚生会館,熊本県水俣市古城1-6-88,厚生会館,熊本県水俣市古城1-6-88,1,,,32.20779605,130.4154171,"[{""共通ID"": ""E4320500024111"", ""経度"": ""130.4154171"", ""緯度"": ""32.20779605""}]",,matched,exact_name_address,1.000,reference/43000_1.csv,17068228366013260d8a1e506e0843bc9c0736e8ec7031a9e384d0d32abd7578,00000898,70,70,kumamoto_portal_map,2026-08-01T00:28:20+09:00,matched,portal_shelter_id,1.000,32.207838,130.415394,,,unmatched,manual_no_match,,,32.20779605,130.4154171,gsi_reference,reference_latitude_longitude,complete,0,0,0,0,0,0,0,0,0,0,0,0,0,0,0,0,0
ref:E4320500018111,5f91d5fe26166f97a911,E4320500018111,E4320500018111,水俣市,坂口公民館,熊本県水俣市月浦319,坂口公民館,熊本県水俣市月浦319,1,,,32.189472,130.386615,"[{""共通ID"": ""E4320500018111"", ""経度"": ""130.386615"", ""緯度"": ""32.189472""}]",,matched,exact_name_address,1.000,reference/43000_1.csv,17068228366013260d8a1e506e0843bc9c0736e8ec7031a9e384d0d32abd7578,00000885,30,30,kumamoto_portal_map,2026-08-01T00:28:20+09:00,matched,portal_shelter_id,1.000,32.186615,130.385892,,,unmatched,manual_no_match,,,32.189472,130.386615,gsi_reference,reference_latitude_longitude,complete,0,0,0,0,0,0,0,0,0,0,0,0,0,0,0,0,0
ref:E4320500044111,84680e37776e7e091d2a,E4320500044111,E4320500044111,水俣市,大川公民館,熊本県水俣市大川553-2,大川公民館,熊本県水俣市大川553-2,1,,,32.172379,130.568121,"[{""共通ID"": ""E4320500044111"", ""経度"": ""130.568121"", ""緯度"": ""32.172379""}]",,matched,exact_name_address,1.000,reference/43000_1.csv,17068228366013260d8a1e506e0843bc9c0736e8ec7031a9e384d0d32abd7578,00000895,60,60,kumamoto_portal_map,2026-08-01T00:28:20+09:00,matched,portal_shelter_id,1.000,32.172446,130.568124,,,unmatched,manual_no_match,,,32.172379,130.568121,gsi_reference,reference_latitude_longitude,complete,0,0,0,0,0,0,0,0,0,0,0,0,0,0,0,0,0
ref:E4320500013111,912893b450f0127a13a3,E4320500013111,E4320500013111,水俣市,愛林館,熊本県水俣市久木野1071-4,愛林館,熊本県水俣市久木野1071-4,1,,,32.171968,130.527618,"[{""共通ID"": ""E4320500013111"", ""経度"": ""130.527618"", ""緯度"": ""32.171968""}]",,matched,exact_name_address,1.000,reference/43000_1.csv,17068228366013260d8a1e506e0843bc9c0736e8ec7031a9e384d0d32abd7578,00000844,30,30,kumamoto_portal_map,2026-08-01T00:28:20+09:00,matched,portal_shelter_id,1.000,32.171967,130.52774,,,unmatched,manual_no_match,,,32.171968,130.527618,gsi_reference,reference_latitude_longitude,complete,0,1,1,1,1,1,0,0,0,0,0,0,0,0,0,0,0
ref:E4320500005111,1d881988f43622dacc92,E4320500005111,E4320500005111,水俣市,日当野公民館,熊本県水俣市越小場164-4,日当野公民館,熊本県水俣市越小場164-4,1,,,32.166722,130.519589,"[{""共通ID"": ""E4320500005111"", ""経度"": ""130.519589"", ""緯度"": ""32.166722""}]",,matched,exact_name_address,1.000,reference/43000_1.csv,17068228366013260d8a1e506e0843bc9c0736e8ec7031a9e384d0d32abd7578,00000897,15,15,kumamoto_portal_map,2026-08-01T00:28:20+09:00,matched,portal_shelter_id,1.000,32.166730729278015,130.51953077316284,,,unmatched,manual_no_match,,,32.166722,130.519589,gsi_reference,reference_latitude_longitude,complete,0,0,0,0,0,0,0,0,0,0,0,0,0,0,0,0,0
ref:E4320500054111,dd58c302977924300e76,E4320500054111,E4320500054111,水俣市,旧湯出中学校校舎,熊本県水俣市湯出1641,旧湯出中学校校舎,熊本県水俣市湯出1641,1,,,32.153226,130.441152,"[{""共通ID"": ""E4320500054111"", ""経度"": ""130.441152"", ""緯度"": ""32.153226""}]",,matched,exact_name_address,1.000,reference/43000_1.csv,17068228366013260d8a1e506e0843bc9c0736e8ec7031a9e384d0d32abd7578,00000875,80,80,kumamoto_portal_map,2026-08-01T00:28:20+09:00,matched,portal_shelter_id,1.000,32.153695,130.440879,,,unmatched,manual_no_match,,,32.153226,130.441152,gsi_reference,reference_latitude_longitude,complete,0,0,0,0,0,0,0,0,0,0,0,0,0,0,0,0,0
ref:E4320500035111,36cafee4d5617c822248,E4320500035111,E4320500035111,水俣市,旧石飛分校,熊本県水俣市石坂川370-84,旧石飛分校,熊本県水俣市石坂川370-84,1,,,32.138421,130.496174,"[{""共通ID"": ""E4320500035111"", ""経度"": ""130.496174"", ""緯度"": ""32.138421""}]",,matched,exact_name_address,1.000,reference/43000_1.csv,17068228366013260d8a1e506e0843bc9c0736e8ec7031a9e384d0d32abd7578,00000870,30,30,kumamoto_portal_map,2026-08-01T00:28:20+09:00,matched,portal_shelter_id,1.000,32.139431,130.498408,,,unmatched,manual_no_match,,,32.138421,130.496174,gsi_reference,reference_latitude_longitude,complete,0,0,0,0,0,0,0,0,0,0,0,0,0,0,0,0,0
ref:E4320500049111,8fde62eb35e0557f01b3,E4320500049111,E4320500049111,水俣市,木臼野公民館,熊本県水俣市長崎278,木臼野公民館,熊本県水俣市長崎278,1,,,32.151151,130.426944,"[{""共通ID"": ""E4320500049111"", ""経度"": ""130.426944"", ""緯度"": ""32.151151""}]",,matched,exact_name_address,1.000,reference/43000_1.csv,17068228366013260d8a1e506e0843bc9c0736e8ec7031a9e384d0d32abd7578,00000879,20,20,kumamoto_portal_map,2026-08-01T00:28:20+09:00,matched,portal_shelter_id,1.000,32.151163,130.426903,,,unmatched,manual_no_match,,,32.151151,130.426944,gsi_reference,reference_latitude_longitude,complete,0,0,0,0,0,0,0,0,0,0,0,0,0,0,0,0,0
ref:E4320500057111,8daec726e45bc4df55ea,E4320500057111,E4320500057111,水俣市,桜野集会所,熊本県水俣市薄原276,桜野集会所,熊本県水俣市薄原276,1,,,32.175092,130.452329,"[{""共通ID"": ""E4320500057111"", ""経度"": ""130.452329"", ""緯度"": ""32.175092""}]",,matched,exact_name_address,1.000,reference/43000_1.csv,17068228366013260d8a1e506e0843bc9c0736e8ec7031a9e384d0d32abd7578,00000873,30,30,kumamoto_portal_map,2026-08-01T00:28:20+09:00,matched,portal_shelter_id,1.000,32.175074,130.452361,,,unmatched,manual_no_match,,,32.175092,130.452329,gsi_reference,reference_latitude_longitude,complete,0,0,0,0,0,0,0,0,0,0,0,0,0,0,0,0,0
ref:E4320500059111,ca1459553de6c976ccf3,E4320500059111,E4320500059111,水俣市,武道館,熊本県水俣市八幡町3-9-2,武道館,熊本県水俣市八幡町3-9-2,1,,,32.217857,130.402197,"[{""共通ID"": ""E4320500059111"", ""経度"": ""130.402197"", ""緯度"": ""32.217857""}]",,matched,exact_name_address,1.000,reference/43000_1.csv,17068228366013260d8a1e506e0843bc9c0736e8ec7031a9e384d0d32abd7578,00000831,300,300,kumamoto_portal_map,2026-08-01T00:28:20+09:00,matched,portal_shelter_id,1.000,32.215312,130.400776,,,unmatched,manual_no_match,,,32.217857,130.402197,gsi_reference,reference_latitude_longitude,complete,0,1,1,0,0,0,0,0,0,0,0,0,0,0,0,0,0
ref:E4320500047112,4061b147aa411b037418,E4320500047112,E4320500047112,水俣市,水俣市企業支援センター深川分室,熊本県水俣市中鶴539-1,水俣市企業支援センター深川分室,熊本県水俣市中鶴539-1,1,,,32.193266,130.438347,"[{""共通ID"": ""E4320500047112"", ""経度"": ""130.438347"", ""緯度"": ""32.193266""}]",,matched,exact_name_address,1.000,reference/43000_1.csv,17068228366013260d8a1e506e0843bc9c0736e8ec7031a9e384d0d32abd7578,,,,,,unmatched,no_candidate,,,,,,unmatched,manual_no_match,,,32.193266,130.438347,gsi_reference,reference_latitude_longitude,complete,0,0,0,0,0,0,0,0,0,0,0,0,0,0,0,0,0
ref:E4320500031111,79cb0b370a2fca63a88d,E4320500031111,E4320500031111,水俣市,水俣市役所,熊本県水俣市陣内1-1-1,水俣市役所,熊本県水俣市陣内1-1-1,1,,,32.21182851294,130.40867595412,"[{""共通ID"": ""E4320500031111"", ""経度"": ""130.40867595412"", ""緯度"": ""32.21182851294""}]",,matched,exact_name_address,1.000,reference/43000_1.csv,17068228366013260d8a1e506e0843bc9c0736e8ec7031a9e384d0d32abd7578,00002298,84,84,kumamoto_portal_map,2026-08-01T00:28:20+09:00,matched,portal_shelter_id,1.000,32.21179057015655,130.4085901428054,,,unmatched,manual_no_match,,,32.21182851294,130.40867595412,gsi_reference,reference_latitude_longitude,complete,0,1,1,1,1,1,0,0,0,0,0,0,0,0,0,0,0
ref:E4320500036112,3d79316ec8b0859de645,E4320500036112,E4320500036112,水俣市,水俣市高齢者福祉センター,熊本県水俣市洗切町1-1,水俣市高齢者福祉センター,熊本県水俣市洗切町1-1,1,,,32.213556,130.400902,"[{""共通ID"": ""E4320500036112"", ""経度"": ""130.400902"", ""緯度"": ""32.213556""}]",,matched,exact_name_address,1.000,reference/43000_1.csv,17068228366013260d8a1e506e0843bc9c0736e8ec7031a9e384d0d32abd7578,,,,,,unmatched,no_candidate,,,,,,unmatched,manual_no_match,,,32.213556,130.400902,gsi_reference,reference_latitude_longitude,complete,0,0,0,0,0,0,0,0,0,0,0,0,0,0,0,0,0
ref:E4320500055111,e41b59a86c023295bd52,E4320500055111,E4320500055111,水俣市,水俣環境アカデミア,熊本県水俣市南福寺6-1,水俣環境アカデミア,熊本県水俣市南福寺6-1,1,,,32.202957806023,130.41002653689,"[{""共通ID"": ""E4320500055111"", ""経度"": ""130.41002653689"", ""緯度"": ""32.202957806023""}]",,matched,exact_name_address,1.000,reference/43000_1.csv,17068228366013260d8a1e506e0843bc9c0736e8ec7031a9e384d0d32abd7578,00000835,50,50,kumamoto_portal_map,2026-08-01T00:28:20+09:00,matched,portal_shelter_id,1.000,32.203,130.409962,,,unmatched,manual_no_match,,,32.202957806023,130.41002653689,gsi_reference,reference_latitude_longitude,complete,0,1,1,1,1,1,0,0,0,0,0,0,0,0,0,0,0
ref:E4320500066111,3d8321b2a63417c3ee4f,E4320500066111,E4320500066111,水俣市,水俣病資料館,熊本県水俣市明神町53,水俣病資料館,熊本県水俣市明神町53,1,,,32.203519,130.374754,"[{""共通ID"": ""E4320500066111"", ""経度"": ""130.374754"", ""緯度"": ""32.203519""}]",,matched,exact_name_address,1.000,reference/43000_1.csv,17068228366013260d8a1e506e0843bc9c0736e8ec7031a9e384d0d32abd7578,00000832,30,30,kumamoto_portal_map,2026-08-01T00:28:20+09:00,matched,portal_shelter_id,1.000,32.203513,130.374726,,,unmatched,manual_no_match,,,32.203519,130.374754,gsi_reference,reference_latitude_longitude,complete,0,0,0,0,0,0,0,0,0,0,0,0,0,0,0,0,0
web:b7ba4e53444d233613b7,b7ba4e53444d233613b7,,,水俣市,水俣高校体育館,水俣市洗切町11-1,,,,,,,,[],,unmatched,no_candidate,,reference/43000_1.csv,dd6686fa000c3e720180ba96d02aacff987aec1bba3c9bc69a5867fc0089d10d,00000830,400,400,kumamoto_portal_map,2026-08-01T00:28:20+09:00,matched,portal_shelter_id,1.000,32.21458021908986,130.4040026664734,32.21410896,130.4024453,matched,manual_shelter_id,マニュアルジオコーディング(1).csv,35f5dae36fe4e9577c53f227bd933e4604ed40e589ee27a700add2b32438424c,32.21410896,130.4024453,manual_geocoding,manual_shelter_id,complete,0,1,1,0,0,0,0,0,0,0,0,0,0,0,0,0,0
ref:E4320500029111,e93ff22c306a3853d8be,E4320500029111,E4320500029111,水俣市,水東小学校,熊本県水俣市初野55,水東小学校,熊本県水俣市初野55,1,,,32.21337,130.433504,"[{""共通ID"": ""E4320500029111"", ""経度"": ""130.433504"", ""緯度"": ""32.21337""}]",,matched,exact_name_address,1.000,reference/43000_1.csv,17068228366013260d8a1e506e0843bc9c0736e8ec7031a9e384d0d32abd7578,00000836,200,200,kumamoto_portal_map,2026-08-01T00:28:20+09:00,matched,portal_shelter_id,1.000,32.213327555122696,130.4334211349487,,,unmatched,manual_no_match,,,32.21337,130.433504,gsi_reference,reference_latitude_longitude,complete,0,0,0,0,0,0,0,0,0,0,0,0,0,0,0,0,0
web:a860a0f5fdcf3155c69b,a860a0f5fdcf3155c69b,,,水俣市,水東小学校多目的ホール,水俣市初野55,,,,,,,,[],,unmatched,no_candidate,,reference/43000_1.csv,dd6686fa000c3e720180ba96d02aacff987aec1bba3c9bc69a5867fc0089d10d,00000836,200,200,kumamoto_portal_map,2026-08-01T00:28:20+09:00,matched,portal_shelter_id,1.000,32.213327555122696,130.4334211349487,32.21335983,130.4334964,matched,manual_shelter_id,マニュアルジオコーディング(1).csv,35f5dae36fe4e9577c53f227bd933e4604ed40e589ee27a700add2b32438424c,32.21335983,130.4334964,manual_geocoding,manual_shelter_id,complete,0,1,1,0,0,0,0,0,0,0,0,0,0,0,0,0,0
ref:E4320500047111,195a4ac0aa4bc20821c0,E4320500047111,E4320500047111,水俣市,深川生涯学習センター,熊本県水俣市中鶴539-1,深川生涯学習センター,熊本県水俣市中鶴539-1,1,,,32.1928668676507,130.438116715778,"[{""共通ID"": ""E4320500047111"", ""経度"": ""130.438116715778"", ""緯度"": ""32.1928668676507""}]",,matched,exact_name_address,1.000,reference/43000_1.csv,17068228366013260d8a1e506e0843bc9c0736e8ec7031a9e384d0d32abd7578,00000867,80,80,kumamoto_portal_map,2026-08-01T00:28:20+09:00,matched,portal_shelter_id,1.000,32.193266,130.43834,,,unmatched,manual_no_match,,,32.1928668676507,130.438116715778,gsi_reference,reference_latitude_longitude,complete,0,0,0,0,0,0,0,0,0,0,0,0,0,0,0,0,0
ref:E4320500030111,94b450b2194b3644a3b3,E4320500030111,E4320500030111,水俣市,深川駅跡地休憩所,熊本県水俣市深川地内,深川駅跡地休憩所,熊本県水俣市深川地内,1,,,32.179453,130.447633,"[{""共通ID"": ""E4320500030111"", ""経度"": ""130.447633"", ""緯度"": ""32.179453""}]",,matched,exact_name_address,1.000,reference/43000_1.csv,17068228366013260d8a1e506e0843bc9c0736e8ec7031a9e384d0d32abd7578,00000866,20,20,kumamoto_portal_map,2026-08-01T00:28:20+09:00,matched,portal_shelter_id,1.000,32.179286,130.447909,,,unmatched,manual_no_match,,,32.179453,130.447633,gsi_reference,reference_latitude_longitude,complete,0,0,0,0,0,0,0,0,0,0,0,0,0,0,0,0,0
ref:E4320500053111,e52c9180164031e888f1,E4320500053111,E4320500053111,水俣市,湯の鶴温泉保健センター,熊本県水俣市湯出1532-2,湯の鶴温泉保健センター,熊本県水俣市湯出1532-2,1,,,32.147545,130.439494,"[{""共通ID"": ""E4320500053111"", ""経度"": ""130.439494"", ""緯度"": ""32.147545""}]",,matched,exact_name_address,1.000,reference/43000_1.csv,17068228366013260d8a1e506e0843bc9c0736e8ec7031a9e384d0d32abd7578,00000874,50,50,kumamoto_portal_map,2026-08-01T00:28:20+09:00,matched,portal_shelter_id,1.000,32.147504,130.439579,,,unmatched,manual_no_match,,,32.147545,130.439494,gsi_reference,reference_latitude_longitude,complete,0,0,0,0,0,0,0,0,0,0,0,0,0,0,0,0,0
ref:E4320500033111,1ba7ab3ee7f6ee2f9b3c,E4320500033111,E4320500033111,水俣市,石坂川生涯学習センター,熊本県水俣市石坂川113,石坂川生涯学習センター,熊本県水俣市石坂川113,1,,,32.16203353,130.4798042,"[{""共通ID"": ""E4320500033111"", ""経度"": ""130.4798042"", ""緯度"": ""32.16203353""}]",,matched,exact_name_address,1.000,reference/43000_1.csv,17068228366013260d8a1e506e0843bc9c0736e8ec7031a9e384d0d32abd7578,00000871,50,50,kumamoto_portal_map,2026-08-01T00:28:20+09:00,matched,portal_shelter_id,1.000,32.162239,130.479284,,,unmatched,manual_no_match,,,32.16203353,130.4798042,gsi_reference,reference_latitude_longitude,complete,0,0,0,0,0,0,0,0,0,0,0,0,0,0,0,0,0
ref:E4320500032111,48217a7328a48fc542b9,E4320500032111,E4320500032111,水俣市,第一小学校体育館,熊本県水俣市陣内1-1-2,第一小学校体育館,熊本県水俣市陣内1-1-2,1,,,32.213111,130.408352,"[{""共通ID"": ""E4320500032111"", ""経度"": ""130.408352"", ""緯度"": ""32.213111""}]",,matched,exact_name_address,1.000,reference/43000_1.csv,17068228366013260d8a1e506e0843bc9c0736e8ec7031a9e384d0d32abd7578,00000826,200,200,kumamoto_portal_map,2026-08-01T00:28:20+09:00,matched,portal_shelter_id,1.000,32.21310969875823,130.40833711624145,,,unmatched,manual_no_match,,,32.213111,130.408352,gsi_reference,reference_latitude_longitude,complete,0,0,0,0,0,0,0,0,0,0,0,0,0,0,0,0,0
ref:E4320500007111,3e668b8091c4301c2a97,E4320500007111,E4320500007111,水俣市,第二中学校体育館(校舎2階),熊本県水俣市塩浜町3-1,第二中学校体育館(校舎2階),熊本県水俣市塩浜町3-1,1,,,32.2137181307128,130.394523199535,"[{""共通ID"": ""E4320500007111"", ""経度"": ""130.394523199535"", ""緯度"": ""32.2137181307128""}]",,matched,exact_name_address,1.000,reference/43000_1.csv,17068228366013260d8a1e506e0843bc9c0736e8ec7031a9e384d0d32abd7578,00000843,300,300,kumamoto_portal_map,2026-08-01T00:28:20+09:00,matched,portal_shelter_id,1.000,32.213851,130.395171,,,unmatched,manual_no_match,,,32.2137181307128,130.394523199535,gsi_reference,reference_latitude_longitude,complete,0,0,0,0,0,0,0,0,0,0,0,0,0,0,0,0,0
ref:E4320500007112,75643fa5bd5adf434009,E4320500007112,E4320500007112,水俣市,第二中学校校舎,熊本県水俣市塩浜町3-1,第二中学校校舎,熊本県水俣市塩浜町3-1,1,,,32.213752,130.394668,"[{""共通ID"": ""E4320500007112"", ""経度"": ""130.394668"", ""緯度"": ""32.213752""}]",,matched,exact_name_address,1.000,reference/43000_1.csv,17068228366013260d8a1e506e0843bc9c0736e8ec7031a9e384d0d32abd7578,00000843,300,300,kumamoto_portal_map,2026-08-01T00:28:20+09:00,matched,portal_shelter_id,1.000,32.213851,130.395171,,,unmatched,manual_no_match,,,32.213752,130.394668,gsi_reference,reference_latitude_longitude,complete,0,0,0,0,0,0,0,0,0,0,0,0,0,0,0,0,0
ref:E4320500004111,d0092bc04b8ae6632141,E4320500004111,E4320500004111,水俣市,第二小学校体育館(校舎2階),熊本県水俣市栄町1-2-1,第二小学校体育館(校舎2階),熊本県水俣市栄町1-2-1,1,,,32.209128,130.397551,"[{""共通ID"": ""E4320500004111"", ""経度"": ""130.397551"", ""緯度"": ""32.209128""}]",,matched,exact_name_address,1.000,reference/43000_1.csv,17068228366013260d8a1e506e0843bc9c0736e8ec7031a9e384d0d32abd7578,,,,,,ambiguous,coordinate_near_tie,,,,,,unmatched,manual_no_match,,,32.209128,130.397551,gsi_reference,reference_latitude_longitude,complete,0,0,0,0,0,0,0,0,0,0,0,0,0,0,0,0,0
web:f6e4a028533f3a2450c1,f6e4a028533f3a2450c1,,,水俣市,第二小学校多目的ホール,水俣市栄町1-2-1,,,,,,,,[],,unmatched,no_candidate,,reference/43000_1.csv,dd6686fa000c3e720180ba96d02aacff987aec1bba3c9bc69a5867fc0089d10d,00000842,300,300,kumamoto_portal_map,2026-08-01T00:28:20+09:00,matched,portal_shelter_id,1.000,32.209688,130.396521,32.2097529,130.3965126,matched,manual_shelter_id,マニュアルジオコーディング(1).csv,35f5dae36fe4e9577c53f227bd933e4604ed40e589ee27a700add2b32438424c,32.2097529,130.3965126,manual_geocoding,manual_shelter_id,complete,0,1,1,0,0,0,0,0,0,0,0,0,0,0,0,0,0
ref:E4320500042111,6bd81b37cb8f5c01d2a5,E4320500042111,E4320500042111,水俣市,総合体育館(南部館),熊本県水俣市袋933外,総合体育館(南部館),熊本県水俣市袋933外,1,,,32.177946,130.384616,"[{""共通ID"": ""E4320500042111"", ""経度"": ""130.384616"", ""緯度"": ""32.177946""}]",,matched,exact_name_address,1.000,reference/43000_1.csv,17068228366013260d8a1e506e0843bc9c0736e8ec7031a9e384d0d32abd7578,00000838,400,400,kumamoto_portal_map,2026-08-01T00:28:20+09:00,matched,portal_shelter_id,1.000,32.177893,130.384656,,,unmatched,manual_no_match,,,32.177946,130.384616,gsi_reference,reference_latitude_longitude,complete,0,1,1,0,0,0,0,0,0,0,0,0,0,0,0,0,0
ref:E4320500046111,6ffe2020b78191dae366,E4320500046111,E4320500046111,水俣市,総合体育館(本館),熊本県水俣市中央公園1,総合体育館(本館),熊本県水俣市中央公園1,1,,,32.20863,130.406995,"[{""共通ID"": ""E4320500046111"", ""経度"": ""130.406995"", ""緯度"": ""32.20863""}]",,matched,exact_name_address,1.000,reference/43000_1.csv,17068228366013260d8a1e506e0843bc9c0736e8ec7031a9e384d0d32abd7578,00000828,1000,1000,kumamoto_portal_map,2026-08-01T00:28:20+09:00,matched,portal_shelter_id,1.000,32.20861,130.407109,,,unmatched,manual_no_match,,,32.20863,130.406995,gsi_reference,reference_latitude_longitude,complete,0,1,1,1,1,1,0,0,0,0,0,0,0,0,0,0,0
ref:E4320500050111,40be92b9d15779d2d08d,E4320500050111,E4320500050111,水俣市,茂川公民館,熊本県水俣市長崎443-2,茂川公民館,熊本県水俣市長崎443-2,1,,,32.156891,130.417491,"[{""共通ID"": ""E4320500050111"", ""経度"": ""130.417491"", ""緯度"": ""32.156891""}]",,matched,exact_name_address,1.000,reference/43000_1.csv,17068228366013260d8a1e506e0843bc9c0736e8ec7031a9e384d0d32abd7578,00000878,20,20,kumamoto_portal_map,2026-08-01T00:28:20+09:00,matched,portal_shelter_id,1.000,32.176006,130.413387,,,unmatched,manual_no_match,,,32.156891,130.417491,gsi_reference,reference_latitude_longitude,complete,0,0,0,0,0,0,0,0,0,0,0,0,0,0,0,0,0
ref:E4320500010111,d01b44f49377dbd6f5f6,E4320500010111,E4320500010111,水俣市,葛彩館,熊本県水俣市葛渡67-1,葛彩館,熊本県水俣市葛渡67-1,1,,,32.17334949,130.4591301,"[{""共通ID"": ""E4320500010111"", ""経度"": ""130.4591301"", ""緯度"": ""32.17334949""}]",,matched,exact_name_address,1.000,reference/43000_1.csv,17068228366013260d8a1e506e0843bc9c0736e8ec7031a9e384d0d32abd7578,00000837,70,70,kumamoto_portal_map,2026-08-01T00:28:20+09:00,matched,portal_shelter_id,1.000,32.173213,130.459399,,,unmatched,manual_no_match,,,32.17334949,130.4591301,gsi_reference,reference_latitude_longitude,complete,0,1,1,1,1,1,0,0,0,0,0,0,0,0,0,0,0
ref:E4320500038111,b1e5318368db3b63d769,E4320500038111,E4320500038111,水俣市,袋小中学校体育館,熊本県水俣市袋1403-2,袋小中学校体育館,熊本県水俣市袋1403-2,1,,,32.175975,130.379577,"[{""共通ID"": ""E4320500038111"", ""経度"": ""130.379577"", ""緯度"": ""32.175975""}]",,matched,exact_name_address,1.000,reference/43000_1.csv,17068228366013260d8a1e506e0843bc9c0736e8ec7031a9e384d0d32abd7578,00000839,300,300,kumamoto_portal_map,2026-08-01T00:28:20+09:00,matched,portal_shelter_id,1.000,32.176124,130.378982,,,unmatched,manual_no_match,,,32.175975,130.379577,gsi_reference,reference_latitude_longitude,complete,0,0,0,0,0,0,0,0,0,0,0,0,0,0,0,0,0
ref:E4320500006111,3b9e69b28b4189012106,E4320500006111,E4320500006111,水俣市,越小場公民館,熊本県水俣市越小場845-1,越小場公民館,熊本県水俣市越小場845-1,1,,,32.152773,130.521113,"[{""共通ID"": ""E4320500006111"", ""経度"": ""130.521113"", ""緯度"": ""32.152773""}]",,matched,exact_name_address,1.000,reference/43000_1.csv,17068228366013260d8a1e506e0843bc9c0736e8ec7031a9e384d0d32abd7578,00000896,50,50,kumamoto_portal_map,2026-08-01T00:28:20+09:00,matched,portal_shelter_id,1.000,32.152761,130.521222,,,unmatched,manual_no_match,,,32.152773,130.521113,gsi_reference,reference_latitude_longitude,complete,0,0,0,0,0,0,0,0,0,0,0,0,0,0,0,0,0
ref:E4320500048111,5018d459deb4cf6653e9,E4320500048111,E4320500048111,水俣市,野川公民館,熊本県水俣市長崎1201,野川公民館,熊本県水俣市長崎1201,1,,,32.175353,130.404547,"[{""共通ID"": ""E4320500048111"", ""経度"": ""130.404547"", ""緯度"": ""32.175353""}]",,matched,exact_name_address,1.000,reference/43000_1.csv,17068228366013260d8a1e506e0843bc9c0736e8ec7031a9e384d0d32abd7578,00000876,20,20,kumamoto_portal_map,2026-08-01T00:28:20+09:00,matched,portal_shelter_id,1.000,32.176006,130.413387,,,unmatched,manual_no_match,,,32.175353,130.404547,gsi_reference,reference_latitude_longitude,complete,0,0,0,0,0,0,0,0,0,0,0,0,0,0,0,0,0
ref:E4320500064111,801fa69c81b03ffc4b0e,E4320500064111,E4320500064111,水俣市,集・川原公民館,熊本県水俣市宝川内山神1-2,集・川原公民館,熊本県水俣市宝川内山神1-2,1,,,32.179486,130.468102,"[{""共通ID"": ""E4320500064111"", ""経度"": ""130.468102"", ""緯度"": ""32.179486""}]",,matched,exact_name_address,1.000,reference/43000_1.csv,17068228366013260d8a1e506e0843bc9c0736e8ec7031a9e384d0d32abd7578,00000869,30,30,kumamoto_portal_map,2026-08-01T00:28:20+09:00,matched,portal_shelter_id,1.000,32.179411,130.468239,,,unmatched,manual_no_match,,,32.179486,130.468102,gsi_reference,reference_latitude_longitude,complete,0,0,0,0,0,0,0,0,0,0,0,0,0,0,0,0,0
refgroup:a551630a372acfb0d848,b75c0a3cbc4314e1bf65,E4346800002111,E4346800002111;E4346800002121,氷川町,宮原福祉センター,氷川町宮原702-5,宮原福祉センター,熊本県氷川町宮原702-5,1,,要配慮者,32.554368510788,130.68236676679,"[{""共通ID"": ""E4346800002111"", ""経度"": ""130.68236676679"", ""緯度"": ""32.554368510788""}, {""共通ID"": ""E4346800002121"", ""経度"": ""130.68226888033"", ""緯度"": ""32.554201086282""}]",,matched_multiple,exact_name_address,1.000,reference/43000_1.csv,17068228366013260d8a1e506e0843bc9c0736e8ec7031a9e384d0d32abd7578,00001860,162,162,kumamoto_portal_map,2026-08-01T00:28:20+09:00,matched,portal_shelter_id,1.000,32.554276,130.682351,,,unmatched,manual_no_match,,,32.554368510788,130.68236676679,gsi_reference,reference_latitude_longitude,complete,0,0,0,0,0,0,0,0,0,1,1,1,1,1,1,1,1
ref:E4346800004111,b2897d1f687fdf0feaf5,E4346800004111,E4346800004111,氷川町,常葉保育所,熊本県氷川町宮原823,常葉保育所,熊本県氷川町宮原823,1,,,32.554055706425,130.68383155923,"[{""共通ID"": ""E4346800004111"", ""経度"": ""130.68383155923"", ""緯度"": ""32.554055706425""}]",,matched,exact_name_address,1.000,reference/43000_1.csv,17068228366013260d8a1e506e0843bc9c0736e8ec7031a9e384d0d32abd7578,00001861,121,121,kumamoto_portal_map,2026-08-01T00:28:20+09:00,matched,portal_shelter_id,1.000,32.554187,130.683962,,,unmatched,manual_no_match,,,32.554055706425,130.68383155923,gsi_reference,reference_latitude_longitude,complete,0,0,0,0,0,0,0,0,0,0,0,0,0,0,0,0,0
ref:E4346800001111,88bfe9dbbe556d2783f9,E4346800001111,E4346800001111,氷川町,氷川町公民館・宮原体育館,熊本県氷川町宮原690-2,氷川町公民館・宮原体育館,熊本県氷川町宮原690-2,1,,,32.553973666736,130.67945191464,"[{""共通ID"": ""E4346800001111"", ""経度"": ""130.67945191464"", ""緯度"": ""32.553973666736""}]",,matched,exact_name_address,1.000,reference/43000_1.csv,17068228366013260d8a1e506e0843bc9c0736e8ec7031a9e384d0d32abd7578,00001859,509,509,kumamoto_portal_map,2026-08-01T00:28:20+09:00,matched,portal_shelter_id,1.000,32.554026,130.679363,,,unmatched,manual_no_match,,,32.553973666736,130.67945191464,gsi_reference,reference_latitude_longitude,complete,0,0,0,0,0,0,0,0,0,0,0,0,0,0,0,0,0
web:1a33df0f5bb6c7324ed0,1a33df0f5bb6c7324ed0,,,氷川町,氷川町公民館・宮原公民館,氷川町宮原690-2,,,,,,,,[],,unmatched,fuzzy_below_threshold,0.851,reference/43000_1.csv,17068228366013260d8a1e506e0843bc9c0736e8ec7031a9e384d0d32abd7578,00001859,509,509,kumamoto_portal_map,2026-08-01T00:28:20+09:00,matched,portal_shelter_id,1.000,32.554026,130.679363,32.55401302,130.6793474,matched,manual_shelter_id,マニュアルジオコーディング(1).csv,35f5dae36fe4e9577c53f227bd933e4604ed40e589ee27a700add2b32438424c,32.55401302,130.6793474,manual_geocoding,manual_shelter_id,complete,0,0,1,1,1,1,1,1,1,1,1,1,1,1,1,1,1
ref:E4346800005111,5f38b35639dd3d39a7d2,E4346800005111,E4346800005111,氷川町,氷川町及び八代市中学校組合立氷川中学校,氷川町今39,氷川町及び八代市中学校組合立氷川中学校,熊本県氷川町今39,1,,,32.5532538157,130.67431871765,"[{""共通ID"": ""E4346800005111"", ""経度"": ""130.67431871765"", ""緯度"": ""32.5532538157""}]",,matched,exact_name_address,1.000,reference/43000_1.csv,17068228366013260d8a1e506e0843bc9c0736e8ec7031a9e384d0d32abd7578,00001858,515,515,kumamoto_portal_map,2026-08-01T00:28:20+09:00,matched,portal_shelter_id,1.000,32.553425,130.674219,,,unmatched,manual_no_match,,,32.5532538157,130.67431871765,gsi_reference,reference_latitude_longitude,complete,0,0,1,1,1,1,1,1,1,1,1,1,1,1,1,1,1
ref:E4346800009111,d8ce941e503d80ed8873,E4346800009111,E4346800009111,氷川町,氷川町文化センター,熊本県氷川町島地642,氷川町文化センター,熊本県氷川町島地642,1,,,32.582818199837,130.67365756867,"[{""共通ID"": ""E4346800009111"", ""経度"": ""130.67365756867"", ""緯度"": ""32.582818199837""}]",,matched,exact_name_address,1.000,reference/43000_1.csv,17068228366013260d8a1e506e0843bc9c0736e8ec7031a9e384d0d32abd7578,00001852,190,190,kumamoto_portal_map,2026-08-01T00:28:20+09:00,matched,portal_shelter_id,1.000,32.582994,130.673733,,,unmatched,manual_no_match,,,32.582818199837,130.67365756867,gsi_reference,reference_latitude_longitude,complete,0,0,0,0,0,0,0,0,0,0,0,0,0,0,0,0,0
ref:E4346800006111,539ca46cefd6b4c6bb54,E4346800006111,E4346800006111,氷川町,氷川町立宮原小学校,熊本県氷川町今762,氷川町立宮原小学校,熊本県氷川町今762,1,,,32.551939765241,130.68150108917,"[{""共通ID"": ""E4346800006111"", ""経度"": ""130.68150108917"", ""緯度"": ""32.551939765241""}]",,matched,exact_name_address,1.000,reference/43000_1.csv,17068228366013260d8a1e506e0843bc9c0736e8ec7031a9e384d0d32abd7578,00001857,365,365,kumamoto_portal_map,2026-08-01T00:28:20+09:00,matched,portal_shelter_id,1.000,32.551976,130.681626,,,unmatched,manual_no_match,,,32.551939765241,130.68150108917,gsi_reference,reference_latitude_longitude,complete,0,0,0,0,0,0,0,0,0,0,0,0,0,0,0,0,0
ref:E4346800011111,4f8b72ccccd8ccfdf04d,E4346800011111,E4346800011111,氷川町,氷川町立竜北中学校,熊本県氷川町島地665,氷川町立竜北中学校,熊本県氷川町島地665,1,,,32.582191399821,130.67597040623,"[{""共通ID"": ""E4346800011111"", ""経度"": ""130.67597040623"", ""緯度"": ""32.582191399821""}]",,matched,exact_name_address,1.000,reference/43000_1.csv,17068228366013260d8a1e506e0843bc9c0736e8ec7031a9e384d0d32abd7578,00001855,1185,1185,kumamoto_portal_map,2026-08-01T00:28:20+09:00,matched,portal_shelter_id,1.000,32.582578,130.675944,,,unmatched,manual_no_match,,,32.582191399821,130.67597040623,gsi_reference,reference_latitude_longitude,complete,0,0,0,0,0,0,0,0,0,0,0,0,0,0,0,0,0
ref:E4346800012111,a3f4c9cad483c158173b,E4346800012111,E4346800012111,氷川町,氷川町立竜北東小学校,氷川町野津2336,氷川町立竜北東小学校,熊本県氷川町野津2336,1,,,32.575353944257,130.6900687953,"[{""共通ID"": ""E4346800012111"", ""経度"": ""130.6900687953"", ""緯度"": ""32.575353944257""}]",,matched,exact_name_address,1.000,reference/43000_1.csv,17068228366013260d8a1e506e0843bc9c0736e8ec7031a9e384d0d32abd7578,00001853,318,318,kumamoto_portal_map,2026-08-01T00:28:20+09:00,matched,portal_shelter_id,1.000,32.575287,130.690419,,,unmatched,manual_no_match,,,32.575353944257,130.6900687953,gsi_reference,reference_latitude_longitude,complete,0,0,1,1,1,1,1,1,1,1,1,1,1,1,1,1,1
ref:E4346800008111,0bb736cb5da0a72616a2,E4346800008111,E4346800008111,氷川町,氷川町立竜北西部小学校,氷川町鹿島746,氷川町立竜北西部小学校,熊本県氷川町鹿島746,1,,,32.582520508884,130.66384608816,"[{""共通ID"": ""E4346800008111"", ""経度"": ""130.66384608816"", ""緯度"": ""32.582520508884""}]",,matched,exact_name_address,1.000,reference/43000_1.csv,17068228366013260d8a1e506e0843bc9c0736e8ec7031a9e384d0d32abd7578,00001854,455,455,kumamoto_portal_map,2026-08-01T00:28:20+09:00,matched,portal_shelter_id,1.000,32.582683,130.663728,,,unmatched,manual_no_match,,,32.582520508884,130.66384608816,gsi_reference,reference_latitude_longitude,complete,0,0,1,1,1,1,1,1,1,1,1,1,1,1,1,1,1
ref:E4346800007111,6e91f96bc79ee6b698c8,E4346800007111,E4346800007111,氷川町,氷川町農産加工研修センター,熊本県氷川町鹿島1624-1,氷川町農産加工研修センター,熊本県氷川町鹿島1624-1,1,,,32.584054822968,130.66435017838,"[{""共通ID"": ""E4346800007111"", ""経度"": ""130.66435017838"", ""緯度"": ""32.584054822968""}]",,matched,exact_name_address,1.000,reference/43000_1.csv,17068228366013260d8a1e506e0843bc9c0736e8ec7031a9e384d0d32abd7578,00001856,35,35,kumamoto_portal_map,2026-08-01T00:28:20+09:00,matched,portal_shelter_id,1.000,32.583975,130.664564,,,unmatched,manual_no_match,,,32.584054822968,130.66435017838,gsi_reference,reference_latitude_longitude,complete,0,0,0,0,0,0,0,0,0,0,0,0,0,0,0,0,0
refgroup:3e857dbc6a3a94f783aa,4e9385cd9aa2ec9b3221,E4346800010111,E4346800010111;E4346800010121,氷川町,竜北福祉センター,熊本県氷川町島地651,竜北福祉センター,熊本県氷川町島地651,1,,要配慮者,32.583387811092,130.67411923028,"[{""共通ID"": ""E4346800010111"", ""経度"": ""130.67411923028"", ""緯度"": ""32.583387811092""}, {""共通ID"": ""E4346800010121"", ""経度"": ""130.67390692249"", ""緯度"": ""32.583324585235""}]",,matched_multiple,exact_name_address,1.000,reference/43000_1.csv,17068228366013260d8a1e506e0843bc9c0736e8ec7031a9e384d0d32abd7578,,,,,,unmatched,no_candidate,,,,,,unmatched,manual_no_match,,,32.583387811092,130.67411923028,gsi_reference,reference_latitude_longitude,complete,0,0,0,0,0,0,0,0,0,0,0,0,0,0,0,0,0
refgroup:679351f168c4294e1350,957695fae59ad2e75bba,E4348400002111,E4348400002111;E4348400002122,津奈木町,つなぎ文化センター,熊本県津奈木町大字岩城1588-2,つなぎ文化センター,熊本県津奈木町大字岩城1588-2,1,,,32.2306310899913,130.456543338792,"[{""共通ID"": ""E4348400002111"", ""経度"": ""130.456543338792"", ""緯度"": ""32.2306310899913""}, {""共通ID"": ""E4348400002122"", ""経度"": ""130.456468236939"", ""緯度"": ""32.2306265521854""}]",,matched_multiple,exact_name_address,1.000,reference/43000_1.csv,17068228366013260d8a1e506e0843bc9c0736e8ec7031a9e384d0d32abd7578,00001905,800,800,kumamoto_portal_map,2026-08-01T00:28:20+09:00,matched,portal_shelter_id,1.000,32.230714,130.45644,,,unmatched,manual_no_match,,,32.2306310899913,130.456543338792,gsi_reference,reference_latitude_longitude,complete,0,1,1,1,1,1,0,0,0,0,0,0,0,0,0,0,0
ref:E4348400005111,ead2ab8dcf4dcb54d292,E4348400005111,E4348400005111,津奈木町,農業就業改善センター,熊本県津奈木町大字小津奈木2123,農業就業改善センター,熊本県津奈木町大字小津奈木2123,1,,,32.2339290652049,130.440077084644,"[{""共通ID"": ""E4348400005111"", ""経度"": ""130.440077084644"", ""緯度"": ""32.2339290652049""}]",,matched,exact_name_address,1.000,reference/43000_1.csv,17068228366013260d8a1e506e0843bc9c0736e8ec7031a9e384d0d32abd7578,00001908,500,500,kumamoto_portal_map,2026-08-01T00:28:20+09:00,matched,portal_shelter_id,1.000,32.233961,130.440149,,,unmatched,manual_no_match,,,32.2339290652049,130.440077084644,gsi_reference,reference_latitude_longitude,complete,0,1,0,0,0,0,0,0,0,0,0,0,0,0,0,0,0
ref:E4350600009111,bc403c8f95281a09df77,E4350600009111,E4350600009111,湯前町,旧南部保育所,熊本県湯前町3446-1,旧南部保育所,熊本県湯前町3446-1,1,,,32.26438189,130.9811078,"[{""共通ID"": ""E4350600009111"", ""経度"": ""130.9811078"", ""緯度"": ""32.26438189""}]",,matched,exact_name_address,1.000,reference/43000_1.csv,17068228366013260d8a1e506e0843bc9c0736e8ec7031a9e384d0d32abd7578,00001933,,0,kumamoto_portal_map,2026-08-01T00:28:20+09:00,matched,portal_shelter_id,1.000,32.264449,130.981874,,,unmatched,manual_no_match,,,32.26438189,130.9811078,gsi_reference,reference_latitude_longitude,complete,0,0,0,0,0,0,0,0,0,0,0,0,0,0,0,0,0
ref:E4350600001111,a21be76f8f86e7d14a1b,E4350600001111,E4350600001111,湯前町,湯前町B&G海洋センター,熊本県湯前町1693-2,湯前町B&G海洋センター,熊本県湯前町1693-2,1,,,32.272899243835,130.99671635192,"[{""共通ID"": ""E4350600001111"", ""経度"": ""130.99671635192"", ""緯度"": ""32.272899243835""}]",,matched,exact_name_address,1.000,reference/43000_1.csv,17068228366013260d8a1e506e0843bc9c0736e8ec7031a9e384d0d32abd7578,00001930,551,551,kumamoto_portal_map,2026-08-01T00:28:20+09:00,matched,portal_shelter_id,1.000,32.272488,130.997314,,,unmatched,manual_no_match,,,32.272899243835,130.99671635192,gsi_reference,reference_latitude_longitude,complete,0,0,0,0,0,0,0,0,0,0,0,0,0,0,0,0,0
ref:E4350600005111,54df9685f4bc55222f0a,E4350600005111,E4350600005111,湯前町,湯前町保健センター,熊本県湯前町1984,湯前町保健センター,熊本県湯前町1984,1,,,32.276679066494,130.98087312971,"[{""共通ID"": ""E4350600005111"", ""経度"": ""130.98087312971"", ""緯度"": ""32.276679066494""}]",,matched,exact_name_address,1.000,reference/43000_1.csv,17068228366013260d8a1e506e0843bc9c0736e8ec7031a9e384d0d32abd7578,00001927,215,215,kumamoto_portal_map,2026-08-01T00:28:20+09:00,matched,portal_shelter_id,1.000,32.276762,130.980765,,,unmatched,manual_no_match,,,32.276679066494,130.98087312971,gsi_reference,reference_latitude_longitude,complete,0,1,0,0,0,0,0,0,0,0,0,0,0,0,0,0,0
ref:E4350600011111,035f23514e074e6513a6,E4350600011111,E4350600011111,湯前町,湯前町立湯前中学校,熊本県湯前町2643,湯前町立湯前中学校,熊本県湯前町2643,1,,,32.274908533651,130.98656687303,"[{""共通ID"": ""E4350600011111"", ""経度"": ""130.98656687303"", ""緯度"": ""32.274908533651""}]",,matched,exact_name_address,1.000,reference/43000_1.csv,17068228366013260d8a1e506e0843bc9c0736e8ec7031a9e384d0d32abd7578,00001932,569,569,kumamoto_portal_map,2026-08-01T00:28:20+09:00,matched,portal_shelter_id,1.000,32.275112,130.986537,,,unmatched,manual_no_match,,,32.274908533651,130.98656687303,gsi_reference,reference_latitude_longitude,complete,0,0,0,0,0,0,0,0,0,0,0,0,0,0,0,0,0
ref:E4350600010111,7aa2035cd5c861bde62f,E4350600010111,E4350600010111,湯前町,湯前町立湯前小学校,熊本県湯前町2120,湯前町立湯前小学校,熊本県湯前町2120,1,,,32.275520836599,130.985129209,"[{""共通ID"": ""E4350600010111"", ""経度"": ""130.985129209"", ""緯度"": ""32.275520836599""}]",,matched,exact_name_address,1.000,reference/43000_1.csv,17068228366013260d8a1e506e0843bc9c0736e8ec7031a9e384d0d32abd7578,00001931,773,773,kumamoto_portal_map,2026-08-01T00:28:20+09:00,matched,portal_shelter_id,1.000,32.275665,130.985348,,,unmatched,manual_no_match,,,32.275520836599,130.985129209,gsi_reference,reference_latitude_longitude,complete,0,0,0,0,0,0,0,0,0,0,0,0,0,0,0,0,0
ref:E4350600004111,b883928e9c5a9b4819c2,E4350600004111,E4350600004111,湯前町,湯前町農村環境改善センター,熊本県湯前町1834-1,湯前町農村環境改善センター,熊本県湯前町1834-1,1,,,32.280418,130.981507,"[{""共通ID"": ""E4350600004111"", ""経度"": ""130.981507"", ""緯度"": ""32.280418""}]",,matched,exact_name_address,1.000,reference/43000_1.csv,17068228366013260d8a1e506e0843bc9c0736e8ec7031a9e384d0d32abd7578,00001929,548,548,kumamoto_portal_map,2026-08-01T00:28:20+09:00,matched,portal_shelter_id,1.000,32.280692,130.981132,,,unmatched,manual_no_match,,,32.280418,130.981507,gsi_reference,reference_latitude_longitude,complete,0,0,0,0,0,0,0,0,0,0,0,0,0,0,0,0,0
ref:E4350600003111,bba8a3ccd20e26a3991c,E4350600003111,E4350600003111,湯前町,湯前町避難防災交流施設,熊本県湯前町1822-4,湯前町避難防災交流施設,熊本県湯前町1822-4,1,,,32.281317655457,130.98043965472,"[{""共通ID"": ""E4350600003111"", ""経度"": ""130.98043965472"", ""緯度"": ""32.281317655457""}]",,matched,exact_name_address,1.000,reference/43000_1.csv,17068228366013260d8a1e506e0843bc9c0736e8ec7031a9e384d0d32abd7578,00001928,,0,kumamoto_portal_map,2026-08-01T00:28:20+09:00,matched,portal_shelter_id,1.000,32.281492,130.980426,,,unmatched,manual_no_match,,,32.281317655457,130.98043965472,gsi_reference,reference_latitude_longitude,complete,0,0,0,0,0,0,0,0,0,0,0,0,0,0,0,0,0
ref:E4310000014111,fca62eb6cb2b05faaa49,E4310000014111,E4310000014111,熊本市,くまもと森都心プラザ,熊本県熊本市西区春日1-14-1,くまもと森都心プラザ,熊本県熊本市西区春日1-14-1,1,,,32.790388,130.691058,"[{""共通ID"": ""E4310000014111"", ""経度"": ""130.691058"", ""緯度"": ""32.790388""}]",,matched,exact_name_address,1.000,reference/43000_1.csv,17068228366013260d8a1e506e0843bc9c0736e8ec7031a9e384d0d32abd7578,00000080,,0,kumamoto_portal_map,2026-08-01T00:28:20+09:00,matched,portal_shelter_id,1.000,32.790332,130.691065,,,unmatched,manual_no_match,,,32.790388,130.691058,gsi_reference,reference_latitude_longitude,complete,0,0,0,0,0,0,0,0,0,0,0,0,0,0,0,0,0
ref:E4344300002121,1ece47c366c11d38684b,E4344300002121,E4344300002121,熊本市,くまもと江津湖療育医療センター,熊本県熊本市東区画図町重富575,くまもと江津湖療育医療センター,熊本県熊本市東区画図町重富575,,,町が特定した在宅の身体障がい者、要介護者のうち、一般的な避難所では生活に支障をきたすもの,32.759453444381,130.72937018113,"[{""共通ID"": ""E4344300002121"", ""経度"": ""130.72937018113"", ""緯度"": ""32.759453444381""}]",,matched,exact_name_address,1.000,reference/43000_1.csv,17068228366013260d8a1e506e0843bc9c0736e8ec7031a9e384d0d32abd7578,,,,,,unmatched,no_candidate,,,,,,unmatched,manual_no_match,,,32.759453444381,130.72937018113,gsi_reference,reference_latitude_longitude,complete,0,0,0,0,0,0,0,0,0,0,0,0,0,0,0,0,0
ref:E4310000188111,0c2776c8aedc15885054,E4310000188111,E4310000188111,熊本市,アクアドームくまもと,熊本県熊本市南区荒尾2丁目1-1,アクアドームくまもと,熊本県熊本市南区荒尾2-1-1,1,,,32.763295,130.667863,"[{""共通ID"": ""E4310000188111"", ""経度"": ""130.667863"", ""緯度"": ""32.763295""}]",,matched,exact_name_municipality,0.990,reference/43000_1.csv,17068228366013260d8a1e506e0843bc9c0736e8ec7031a9e384d0d32abd7578,00000135,,0,kumamoto_portal_map,2026-08-01T00:28:20+09:00,matched,portal_shelter_id,1.000,32.763295,130.667863,,,unmatched,manual_no_match,,,32.763295,130.667863,gsi_reference,reference_latitude_longitude,complete,0,1,1,1,1,1,1,1,1,1,1,0,0,0,0,0,0
ref:E4310000219111,ee421cd35a12a4d70dde,E4310000219111,E4310000219111,熊本市,アスパル富合(富合公民館),熊本県熊本市南区富合町清藤400,アスパル富合(富合公民館),熊本県熊本市南区富合町清藤400,1,,,32.716065,130.678073,"[{""共通ID"": ""E4310000219111"", ""経度"": ""130.678073"", ""緯度"": ""32.716065""}]",,matched,exact_name_address,1.000,reference/43000_1.csv,17068228366013260d8a1e506e0843bc9c0736e8ec7031a9e384d0d32abd7578,00000124,,0,kumamoto_portal_map,2026-08-01T00:28:20+09:00,matched,portal_shelter_id,1.000,32.71606,130.677994,,,unmatched,manual_no_match,,,32.716065,130.678073,gsi_reference,reference_latitude_longitude,complete,0,1,1,1,1,1,1,1,1,1,1,1,1,1,1,1,1
ref:E4344300006121,12c48e18beed6d4d1ebb,E4344300006121,E4344300006121,熊本市,ケアハウスわらべ苑,熊本県熊本市東区新南部2-1-35,ケアハウスわらべ苑,熊本県熊本市東区新南部2-1-35,,,町が特定した在宅の身体障がい者、要介護者のうち、一般的な避難所では生活に支障をきたすもの,32.816312558443,130.74606425004,"[{""共通ID"": ""E4344300006121"", ""経度"": ""130.74606425004"", ""緯度"": ""32.816312558443""}]",,matched,exact_name_address,1.000,reference/43000_1.csv,17068228366013260d8a1e506e0843bc9c0736e8ec7031a9e384d0d32abd7578,,,,,,unmatched,no_candidate,,,,,,unmatched,manual_no_match,,,32.816312558443,130.74606425004,gsi_reference,reference_latitude_longitude,complete,0,0,0,0,0,0,0,0,0,0,0,0,0,0,0,0,0
ref:E4310000060111,edb5e16f06702ebed196,E4310000060111,E4310000060111,熊本市,サンライフ熊本,熊本県熊本市中央区黒髪3丁目3-12,サンライフ熊本,熊本県熊本市中央区黒髪3-3-12,1,,,32.81983876,130.720156,"[{""共通ID"": ""E4310000060111"", ""経度"": ""130.720156"", ""緯度"": ""32.81983876""}]",,matched,exact_name_municipality,0.990,reference/43000_1.csv,17068228366013260d8a1e506e0843bc9c0736e8ec7031a9e384d0d32abd7578,00000017,,0,kumamoto_portal_map,2026-08-01T00:28:20+09:00,matched,portal_shelter_id,1.000,32.819851,130.720212,,,unmatched,manual_no_match,,,32.81983876,130.720156,gsi_reference,reference_latitude_longitude,complete,1,1,1,1,1,1,1,1,1,1,1,0,0,0,0,0,0
ref:E4344300001121,5f311c1525c582b99b27,E4344300001121,E4344300001121,熊本市,ノットホーム,熊本県熊本市中央区黒髪5-23-1,ノットホーム,熊本県熊本市中央区黒髪5-23-1,,,町が特定した在宅の身体障がい者、要介護者のうち、一般的な避難所では生活に支障をきたすもの,32.818641628893,130.73083399259,"[{""共通ID"": ""E4344300001121"", ""経度"": ""130.73083399259"", ""緯度"": ""32.818641628893""}]",,matched,exact_name_address,1.000,reference/43000_1.csv,17068228366013260d8a1e506e0843bc9c0736e8ec7031a9e384d0d32abd7578,,,,,,unmatched,no_candidate,,,,,,unmatched,manual_no_match,,,32.818641628893,130.73083399259,gsi_reference,reference_latitude_longitude,complete,0,0,0,0,0,0,0,0,0,0,0,0,0,0,0,0,0
ref:E4310000074111,9d2354564d5683f2812b,E4310000074111,E4310000074111,熊本市,一新小学校,熊本県熊本市中央区新町3-10-45,一新小学校,熊本県熊本市中央区新町3-10-45,1,,,32.80239,130.69506,"[{""共通ID"": ""E4310000074111"", ""経度"": ""130.69506"", ""緯度"": ""32.80239""}]",,matched,exact_name_address,1.000,reference/43000_1.csv,17068228366013260d8a1e506e0843bc9c0736e8ec7031a9e384d0d32abd7578,00000005,,0,kumamoto_portal_map,2026-08-01T00:28:20+09:00,matched,portal_shelter_id,1.000,32.802454,130.6947555,,,unmatched,manual_no_match,,,32.80239,130.69506,gsi_reference,reference_latitude_longitude,complete,1,1,1,1,1,1,1,0,0,0,0,0,0,0,0,0,0
ref:E4310000025111,d40198e589dbd0ce0cbe,E4310000025111,E4310000025111,熊本市,三和中学校,熊本県熊本市西区上高橋1-4-1,三和中学校,熊本県熊本市西区上高橋1-4-1,1,,,32.78602,130.665237,"[{""共通ID"": ""E4310000025111"", ""経度"": ""130.665237"", ""緯度"": ""32.78602""}]",,matched,exact_name_address,1.000,reference/43000_1.csv,17068228366013260d8a1e506e0843bc9c0736e8ec7031a9e384d0d32abd7578,00000074,,0,kumamoto_portal_map,2026-08-01T00:28:20+09:00,matched,portal_shelter_id,1.000,32.785596,130.665001,,,unmatched,manual_no_match,,,32.78602,130.665237,gsi_reference,reference_latitude_longitude,complete,0,1,1,0,0,0,0,0,0,0,0,0,0,0,0,0,0
ref:E4310000195111,b91c24bc1c853b86d771,E4310000195111,E4310000195111,熊本市,下益城城南中学校,熊本県熊本市南区城南町宮地1020番地1,下益城城南中学校,熊本県熊本市南区城南町宮地1020-1,1,,,32.71029,130.729282,"[{""共通ID"": ""E4310000195111"", ""経度"": ""130.729282"", ""緯度"": ""32.71029""}]",,matched,exact_name_municipality,0.990,reference/43000_1.csv,17068228366013260d8a1e506e0843bc9c0736e8ec7031a9e384d0d32abd7578,00000139,,0,kumamoto_portal_map,2026-08-01T00:28:20+09:00,matched,portal_shelter_id,1.000,32.709992,130.729304,,,unmatched,manual_no_match,,,32.71029,130.729282,gsi_reference,reference_latitude_longitude,complete,0,1,1,1,1,1,1,1,1,1,1,1,1,1,1,1,1
ref:E4310000084111,57efcfda87a23161dde4,E4310000084111,E4310000084111,熊本市,中央公民館,熊本県熊本市中央区草葉町5-1,中央公民館,熊本県熊本市中央区草葉町5-1,1,,,32.804732,130.715552,"[{""共通ID"": ""E4310000084111"", ""経度"": ""130.715552"", ""緯度"": ""32.804732""}]",,matched,exact_name_address,1.000,reference/43000_1.csv,17068228366013260d8a1e506e0843bc9c0736e8ec7031a9e384d0d32abd7578,00000031,,0,kumamoto_portal_map,2026-08-01T00:28:20+09:00,matched,portal_shelter_id,1.000,32.804634,130.715374,,,unmatched,manual_no_match,,,32.804732,130.715552,gsi_reference,reference_latitude_longitude,complete,1,1,1,1,1,1,1,1,1,1,1,1,0,0,0,0,0
ref:E4310000038111,96137886cf02f5405a75,E4310000038111,E4310000038111,熊本市,中島小学校,熊本県熊本市西区中島町538,中島小学校,熊本県熊本市西区中島町538,1,,,32.76667,130.628934,"[{""共通ID"": ""E4310000038111"", ""経度"": ""130.628934"", ""緯度"": ""32.76667""}]",,matched,exact_name_address,1.000,reference/43000_1.csv,17068228366013260d8a1e506e0843bc9c0736e8ec7031a9e384d0d32abd7578,00000091,,0,kumamoto_portal_map,2026-08-01T00:28:20+09:00,matched,portal_shelter_id,1.000,32.766652,130.629004,,,unmatched,manual_no_match,,,32.76667,130.628934,gsi_reference,reference_latitude_longitude,complete,0,1,0,0,0,0,0,0,0,0,0,0,0,0,0,0,0
ref:E4310000217111,c5cf039c38ecc9797c39,E4310000217111,E4310000217111,熊本市,中緑小学校,熊本県熊本市南区美登里町800,中緑小学校,熊本県熊本市南区美登里町800,1,,,32.731069,130.660381,"[{""共通ID"": ""E4310000217111"", ""経度"": ""130.660381"", ""緯度"": ""32.731069""}]",,matched,exact_name_address,1.000,reference/43000_1.csv,17068228366013260d8a1e506e0843bc9c0736e8ec7031a9e384d0d32abd7578,00000125,,0,kumamoto_portal_map,2026-08-01T00:28:20+09:00,matched,portal_shelter_id,1.000,32.73085,130.660197,,,unmatched,manual_no_match,,,32.731069,130.660381,gsi_reference,reference_latitude_longitude,complete,0,1,1,1,0,0,0,0,0,0,0,0,0,0,0,0,0
web:92ac15ea64f21af2c9fa,92ac15ea64f21af2c9fa,,,熊本市,九州動物学院【ペット避難場所】,熊本県熊本市中央区本荘6丁目16-34,,,,,,,,[],,unmatched,no_candidate,,reference/43000_1.csv,dd6686fa000c3e720180ba96d02aacff987aec1bba3c9bc69a5867fc0089d10d,00002251,,0,kumamoto_portal_map,2026-08-01T00:28:20+09:00,matched,portal_shelter_id,1.000,32.7922059,130.7046784,32.79210382,130.7047918,matched,manual_shelter_id,マニュアルジオコーディング(1).csv,35f5dae36fe4e9577c53f227bd933e4604ed40e589ee27a700add2b32438424c,32.79210382,130.7047918,manual_geocoding,manual_shelter_id,complete,1,1,1,1,1,0,0,0,0,0,0,0,0,0,0,0,0
ref:E4310000129111,10c694bea562a9ddf5eb,E4310000129111,E4310000129111,熊本市,二岡中学校,熊本県熊本市東区戸島3-15-2,二岡中学校,熊本県熊本市東区戸島3-15-2,1,,,32.824024,130.792208,"[{""共通ID"": ""E4310000129111"", ""経度"": ""130.792208"", ""緯度"": ""32.824024""}]",,matched,exact_name_address,1.000,reference/43000_1.csv,17068228366013260d8a1e506e0843bc9c0736e8ec7031a9e384d0d32abd7578,00000059,,0,kumamoto_portal_map,2026-08-01T00:28:20+09:00,matched,portal_shelter_id,1.000,32.823597,130.792482,,,unmatched,manual_no_match,,,32.824024,130.792208,gsi_reference,reference_latitude_longitude,complete,0,1,1,0,0,0,0,0,0,0,0,0,0,0,0,0,0
ref:E4310000062111,7f721d66e572e96b8180,E4310000062111,E4310000062111,熊本市,五福交流室・公民館,熊本県熊本市中央区細工町2丁目25,五福交流室・公民館,熊本県熊本市中央区細工町2-25,1,,,32.79594238,130.6956943,"[{""共通ID"": ""E4310000062111"", ""経度"": ""130.6956943"", ""緯度"": ""32.79594238""}]",,matched,exact_name_municipality,0.990,reference/43000_1.csv,17068228366013260d8a1e506e0843bc9c0736e8ec7031a9e384d0d32abd7578,00000024,,0,kumamoto_portal_map,2026-08-01T00:28:20+09:00,matched,portal_shelter_id,1.000,32.795862,130.695731,,,unmatched,manual_no_match,,,32.79594238,130.6956943,gsi_reference,reference_latitude_longitude,complete,1,1,1,1,1,1,1,1,1,1,1,0,0,0,0,0,0
ref:E4310000062112,336e00e5f0abc51496a2,E4310000062112,E4310000062112,熊本市,五福小学校,熊本県熊本市中央区細工町2-25,五福小学校,熊本県熊本市中央区細工町2-25,1,,,32.795878,130.695933,"[{""共通ID"": ""E4310000062112"", ""経度"": ""130.695933"", ""緯度"": ""32.795878""}]",,matched,exact_name_address,1.000,reference/43000_1.csv,17068228366013260d8a1e506e0843bc9c0736e8ec7031a9e384d0d32abd7578,00000023,,0,kumamoto_portal_map,2026-08-01T00:28:20+09:00,matched,portal_shelter_id,1.000,32.79587694,130.6960173,,,unmatched,manual_no_match,,,32.795878,130.695933,gsi_reference,reference_latitude_longitude,complete,1,1,1,0,0,0,0,0,0,0,0,0,0,0,0,0,0
ref:E4310000236111,dba2ef09fce77bc763fd,E4310000236111,E4310000236111,熊本市,五霊中学校,熊本県熊本市北区植木町一木163,五霊中学校,熊本県熊本市北区植木町一木163,1,,,32.905268,130.690622,"[{""共通ID"": ""E4310000236111"", ""経度"": ""130.690622"", ""緯度"": ""32.905268""}]",,matched,exact_name_address,1.000,reference/43000_1.csv,17068228366013260d8a1e506e0843bc9c0736e8ec7031a9e384d0d32abd7578,00000144,,0,kumamoto_portal_map,2026-08-01T00:28:20+09:00,matched,portal_shelter_id,1.000,32.904974,130.690136,,,unmatched,manual_no_match,,,32.905268,130.690622,gsi_reference,reference_latitude_longitude,complete,0,1,1,0,0,0,0,0,0,0,0,0,0,0,0,0,0
ref:E4310000024111,93ef173f495bc7fadac1,E4310000024111,E4310000024111,熊本市,井芹中学校,熊本県熊本市西区上熊本3-27-1,井芹中学校,熊本県熊本市西区上熊本3-27-1,1,,,32.820992,130.698625,"[{""共通ID"": ""E4310000024111"", ""経度"": ""130.698625"", ""緯度"": ""32.820992""}]",,matched,exact_name_address,1.000,reference/43000_1.csv,17068228366013260d8a1e506e0843bc9c0736e8ec7031a9e384d0d32abd7578,00000072,,0,kumamoto_portal_map,2026-08-01T00:28:20+09:00,matched,portal_shelter_id,1.000,32.821176,130.698525,,,unmatched,manual_no_match,,,32.820992,130.698625,gsi_reference,reference_latitude_longitude,complete,0,1,1,0,0,0,0,0,0,0,0,0,0,0,0,0,0
ref:E4310000048111,2d265c3ca22bd164d0f0,E4310000048111,E4310000048111,熊本市,京陵中学校,熊本県熊本市中央区京町本丁1-14,京陵中学校,熊本県熊本市中央区京町本丁1-14,1,,,32.81728,130.704112,"[{""共通ID"": ""E4310000048111"", ""経度"": ""130.704112"", ""緯度"": ""32.81728""}]",,matched,exact_name_address,1.000,reference/43000_1.csv,17068228366013260d8a1e506e0843bc9c0736e8ec7031a9e384d0d32abd7578,00000022,,0,kumamoto_portal_map,2026-08-01T00:28:20+09:00,matched,portal_shelter_id,1.000,32.817232,130.704358,,,unmatched,manual_no_match,,,32.81728,130.704112,gsi_reference,reference_latitude_longitude,complete,1,1,1,1,1,1,1,1,0,0,0,0,0,0,0,0,0
ref:E4310000126111,1e57a25df2ffaef2ea73,E4310000126111,E4310000126111,熊本市,健軍小学校,熊本県熊本市東区健軍2-25-56,健軍小学校,熊本県熊本市東区健軍2-25-56,1,,,32.784179,130.752403,"[{""共通ID"": ""E4310000126111"", ""経度"": ""130.752403"", ""緯度"": ""32.784179""}]",,matched,exact_name_address,1.000,reference/43000_1.csv,17068228366013260d8a1e506e0843bc9c0736e8ec7031a9e384d0d32abd7578,00000047,,0,kumamoto_portal_map,2026-08-01T00:28:20+09:00,matched,portal_shelter_id,1.000,32.784152,130.752272,,,unmatched,manual_no_match,,,32.784179,130.752403,gsi_reference,reference_latitude_longitude,complete,1,1,1,0,0,0,0,0,0,0,0,0,0,0,0,0,0
ref:E4310000139111,e863224a4a3705d54b5b,E4310000139111,E4310000139111,熊本市,健軍文化ホール,熊本県熊本市東区若葉3丁目5-11,健軍文化ホール,熊本県熊本市東区若葉3-5-11,1,,,32.77519,130.762075,"[{""共通ID"": ""E4310000139111"", ""経度"": ""130.762075"", ""緯度"": ""32.77519""}]",,matched,exact_name_municipality,0.990,reference/43000_1.csv,17068228366013260d8a1e506e0843bc9c0736e8ec7031a9e384d0d32abd7578,00000070,,0,kumamoto_portal_map,2026-08-01T00:28:20+09:00,matched,portal_shelter_id,1.000,32.77516,130.76208,,,unmatched,manual_no_match,,,32.77519,130.762075,gsi_reference,reference_latitude_longitude,complete,0,1,1,1,1,1,1,1,1,1,1,0,0,0,0,0,0
ref:E4310000163111,589d0c6bc8d0529547ec,E4310000163111,E4310000163111,熊本市,健軍東小学校,熊本県熊本市東区東町4-15-2,健軍東小学校,熊本県熊本市東区東町4-15-2,1,,,32.783268,130.764276,"[{""共通ID"": ""E4310000163111"", ""経度"": ""130.764276"", ""緯度"": ""32.783268""}]",,matched,exact_name_address,1.000,reference/43000_1.csv,17068228366013260d8a1e506e0843bc9c0736e8ec7031a9e384d0d32abd7578,00000049,,0,kumamoto_portal_map,2026-08-01T00:28:20+09:00,matched,portal_shelter_id,1.000,32.783014,130.764854,,,unmatched,manual_no_match,,,32.783268,130.764276,gsi_reference,reference_latitude_longitude,complete,1,1,1,0,0,0,0,0,0,0,0,0,0,0,0,0,0
ref:E4310000069111,3fe120d0351c17835859,E4310000069111,E4310000069111,熊本市,出水中学校,熊本県熊本市中央区出水5-3-1,出水中学校,熊本県熊本市中央区出水5-3-1,1,,,32.784081,130.726848,"[{""共通ID"": ""E4310000069111"", ""経度"": ""130.726848"", ""緯度"": ""32.784081""}]",,matched,exact_name_address,1.000,reference/43000_1.csv,17068228366013260d8a1e506e0843bc9c0736e8ec7031a9e384d0d32abd7578,00000003,,0,kumamoto_portal_map,2026-08-01T00:28:20+09:00,matched,portal_shelter_id,1.000,32.783652,130.726663,,,unmatched,manual_no_match,,,32.784081,130.726848,gsi_reference,reference_latitude_longitude,complete,1,1,1,0,0,0,0,0,0,0,0,0,0,0,0,0,0
ref:E4310000070111,87ac8cdd27ef7dc3d377,E4310000070111,E4310000070111,熊本市,出水南中学校,熊本県熊本市中央区出水7-86-1,出水南中学校,熊本県熊本市中央区出水7-86-1,1,,,32.775036,130.728094,"[{""共通ID"": ""E4310000070111"", ""経度"": ""130.728094"", ""緯度"": ""32.775036""}]",,matched,exact_name_address,1.000,reference/43000_1.csv,17068228366013260d8a1e506e0843bc9c0736e8ec7031a9e384d0d32abd7578,00000004,,0,kumamoto_portal_map,2026-08-01T00:28:20+09:00,matched,portal_shelter_id,1.000,32.775034,130.72784,,,unmatched,manual_no_match,,,32.775036,130.728094,gsi_reference,reference_latitude_longitude,complete,1,1,1,0,0,0,0,0,0,0,0,0,0,0,0,0,0
ref:E4310000067111,c6474dc2758a6d02a429,E4310000067111,E4310000067111,熊本市,出水南小学校,熊本県熊本市中央区出水4-1-1,出水南小学校,熊本県熊本市中央区出水4-1-1,1,,,32.783234,130.7306183,"[{""共通ID"": ""E4310000067111"", ""経度"": ""130.7306183"", ""緯度"": ""32.783234""}]",,matched,exact_name_address,1.000,reference/43000_1.csv,17068228366013260d8a1e506e0843bc9c0736e8ec7031a9e384d0d32abd7578,00000002,,0,kumamoto_portal_map,2026-08-01T00:28:20+09:00,matched,portal_shelter_id,1.000,32.78318,130.730496,,,unmatched,manual_no_match,,,32.783234,130.7306183,gsi_reference,reference_latitude_longitude,complete,1,1,1,0,0,0,0,0,0,0,0,0,0,0,0,0,0
ref:E4310000064111,e9ca2f1eff9508d2be16,E4310000064111,E4310000064111,熊本市,出水小学校,熊本県熊本市中央区出水1-1-75,出水小学校,熊本県熊本市中央区出水1-1-75,1,,,32.789046,130.731203,"[{""共通ID"": ""E4310000064111"", ""経度"": ""130.731203"", ""緯度"": ""32.789046""}]",,matched,exact_name_address,1.000,reference/43000_1.csv,17068228366013260d8a1e506e0843bc9c0736e8ec7031a9e384d0d32abd7578,00000001,,0,kumamoto_portal_map,2026-08-01T00:28:20+09:00,matched,portal_shelter_id,1.000,32.78901200000001,130.731218,,,unmatched,manual_no_match,,,32.789046,130.731203,gsi_reference,reference_latitude_longitude,complete,1,1,1,1,1,1,1,1,0,0,0,0,0,0,0,0,0
ref:E4310000209111,0b42d6d1026667571add,E4310000209111,E4310000209111,熊本市,力合中学校,熊本県熊本市南区島町5-8-1,力合中学校,熊本県熊本市南区島町5-8-1,1,,,32.76218,130.677426,"[{""共通ID"": ""E4310000209111"", ""経度"": ""130.677426"", ""緯度"": ""32.76218""}]",,matched,exact_name_address,1.000,reference/43000_1.csv,17068228366013260d8a1e506e0843bc9c0736e8ec7031a9e384d0d32abd7578,00000132,,0,kumamoto_portal_map,2026-08-01T00:28:20+09:00,matched,portal_shelter_id,1.000,32.761535,130.677843,,,unmatched,manual_no_match,,,32.76218,130.677426,gsi_reference,reference_latitude_longitude,complete,0,1,1,1,1,1,1,1,1,0,0,0,0,0,0,0,0
ref:E4310000176111,89753a9c90b6ee3592c2,E4310000176111,E4310000176111,熊本市,力合小学校,熊本県熊本市南区刈草2丁目10-1,力合小学校,熊本県熊本市南区刈草2-10-1,1,,,32.758665,130.681428,"[{""共通ID"": ""E4310000176111"", ""経度"": ""130.681428"", ""緯度"": ""32.758665""}]",,matched,exact_name_municipality,0.990,reference/43000_1.csv,17068228366013260d8a1e506e0843bc9c0736e8ec7031a9e384d0d32abd7578,00000131,,0,kumamoto_portal_map,2026-08-01T00:28:20+09:00,matched,portal_shelter_id,1.000,32.757976,130.681309,,,unmatched,manual_no_match,,,32.758665,130.681428,gsi_reference,reference_latitude_longitude,complete,0,1,1,1,1,1,1,1,1,1,1,1,1,1,1,1,1
ref:E4310000187111,3edd270fb1457cbd96ac,E4310000187111,E4310000187111,熊本市,力合西小学校,熊本県熊本市南区荒尾1-11-1,力合西小学校,熊本県熊本市南区荒尾1-11-1,1,,,32.763349,130.67152,"[{""共通ID"": ""E4310000187111"", ""経度"": ""130.67152"", ""緯度"": ""32.763349""}]",,matched,exact_name_address,1.000,reference/43000_1.csv,17068228366013260d8a1e506e0843bc9c0736e8ec7031a9e384d0d32abd7578,00000133,,0,kumamoto_portal_map,2026-08-01T00:28:20+09:00,matched,portal_shelter_id,1.000,32.763786,130.671626,,,unmatched,manual_no_match,,,32.763349,130.67152,gsi_reference,reference_latitude_longitude,complete,0,1,1,0,0,0,0,0,0,0,0,0,0,0,0,0,0
ref:E4310000263111,0ce2055906c2b237b710,E4310000263111,E4310000263111,熊本市,勤労青少年ホーム,熊本県熊本市北区鶴羽田2-13-10,勤労青少年ホーム,熊本県熊本市北区鶴羽田2-13-10,1,,,32.861901311712,130.72458996634,"[{""共通ID"": ""E4310000263111"", ""経度"": ""130.72458996634"", ""緯度"": ""32.861901311712""}]",,matched,exact_name_address,1.000,reference/43000_1.csv,17068228366013260d8a1e506e0843bc9c0736e8ec7031a9e384d0d32abd7578,00000174,,0,kumamoto_portal_map,2026-08-01T00:28:20+09:00,matched,portal_shelter_id,1.000,32.86192,130.72459,,,unmatched,manual_no_match,,,32.861901311712,130.72458996634,gsi_reference,reference_latitude_longitude,complete,0,1,1,0,0,0,0,0,0,0,0,0,0,0,0,0,0
ref:E4310000235111,1889dbc459ca5d4855c5,E4310000235111,E4310000235111,熊本市,北部まちづくりセンター・公民館,熊本県熊本市北区鹿子木町66,北部まちづくりセンター・公民館,熊本県熊本市北区鹿子木町66,1,,,32.869936,130.703005,"[{""共通ID"": ""E4310000235111"", ""経度"": ""130.703005"", ""緯度"": ""32.869936""}]",,matched,exact_name_address,1.000,reference/43000_1.csv,17068228366013260d8a1e506e0843bc9c0736e8ec7031a9e384d0d32abd7578,00000146,,0,kumamoto_portal_map,2026-08-01T00:28:20+09:00,matched,portal_shelter_id,1.000,32.87002566,130.702974,,,unmatched,manual_no_match,,,32.869936,130.703005,gsi_reference,reference_latitude_longitude,complete,0,1,1,1,1,1,1,1,1,1,1,0,0,0,0,0,0
ref:E4310000234111,01306c67fc57b5b2e0fb,E4310000234111,E4310000234111,熊本市,北部中学校,熊本県熊本市北区鹿子木町1,北部中学校,熊本県熊本市北区鹿子木町1,1,,,32.867834,130.702977,"[{""共通ID"": ""E4310000234111"", ""経度"": ""130.702977"", ""緯度"": ""32.867834""}]",,matched,exact_name_address,1.000,reference/43000_1.csv,17068228366013260d8a1e506e0843bc9c0736e8ec7031a9e384d0d32abd7578,00000148,,0,kumamoto_portal_map,2026-08-01T00:28:20+09:00,matched,portal_shelter_id,1.000,32.868005,130.703052,,,unmatched,manual_no_match,,,32.867834,130.702977,gsi_reference,reference_latitude_longitude,complete,0,1,1,0,0,0,0,0,0,0,0,0,0,0,0,0,0
ref:E4310000264111,a2a82046098c3eb68af4,E4310000264111,E4310000264111,熊本市,北部東小学校,熊本県熊本市北区鶴羽田2-7-1,北部東小学校,熊本県熊本市北区鶴羽田2-7-1,1,,,32.860232,130.72358,"[{""共通ID"": ""E4310000264111"", ""経度"": ""130.72358"", ""緯度"": ""32.860232""}]",,matched,exact_name_address,1.000,reference/43000_1.csv,17068228366013260d8a1e506e0843bc9c0736e8ec7031a9e384d0d32abd7578,00000173,,0,kumamoto_portal_map,2026-08-01T00:28:20+09:00,matched,portal_shelter_id,1.000,32.860339,130.723523,,,unmatched,manual_no_match,,,32.860232,130.72358,gsi_reference,reference_latitude_longitude,complete,0,1,1,0,0,0,0,0,0,0,0,0,0,0,0,0,0
ref:E4310000211111,9d890e5223c94db87547,E4310000211111,E4310000211111,熊本市,南部まちづくりセンター・公民館,熊本県熊本市南区南高江6丁目7-35,南部まちづくりセンター・公民館,熊本県熊本市南区南高江6-7-35,1,,,32.748239,130.686263,"[{""共通ID"": ""E4310000211111"", ""経度"": ""130.686263"", ""緯度"": ""32.748239""}]",,matched,exact_name_municipality,0.990,reference/43000_1.csv,17068228366013260d8a1e506e0843bc9c0736e8ec7031a9e384d0d32abd7578,00000113,,0,kumamoto_portal_map,2026-08-01T00:28:20+09:00,matched,portal_shelter_id,1.000,32.74843074,130.6863356,,,unmatched,manual_no_match,,,32.748239,130.686263,gsi_reference,reference_latitude_longitude,complete,0,1,1,1,1,1,1,1,1,1,1,1,1,1,1,1,1
ref:E4310000215111,042b42dd5866b9c39556,E4310000215111,E4310000215111,熊本市,南部総合スポーツセンター,熊本県熊本市南区白藤5-2-1,南部総合スポーツセンター,熊本県熊本市南区白藤5-2-1,1,,,32.755067,130.673652,"[{""共通ID"": ""E4310000215111"", ""経度"": ""130.673652"", ""緯度"": ""32.755067""}]",,matched,exact_name_address,1.000,reference/43000_1.csv,17068228366013260d8a1e506e0843bc9c0736e8ec7031a9e384d0d32abd7578,00000134,,0,kumamoto_portal_map,2026-08-01T00:28:20+09:00,matched,portal_shelter_id,1.000,32.755259,130.673502,,,unmatched,manual_no_match,,,32.755067,130.673652,gsi_reference,reference_latitude_longitude,complete,0,0,0,0,0,0,0,0,0,0,0,0,0,0,0,0,0
ref:E4310000043111,008a1da91a37cc4b75b0,E4310000043111,E4310000043111,熊本市,古町小学校,熊本県熊本市西区二本木4-9-65,古町小学校,熊本県熊本市西区二本木4-9-65,1,,,32.782321,130.689592,"[{""共通ID"": ""E4310000043111"", ""経度"": ""130.689592"", ""緯度"": ""32.782321""}]",,matched,exact_name_address,1.000,reference/43000_1.csv,17068228366013260d8a1e506e0843bc9c0736e8ec7031a9e384d0d32abd7578,00000094,,0,kumamoto_portal_map,2026-08-01T00:28:20+09:00,matched,portal_shelter_id,1.000,32.782207,130.689749,,,unmatched,manual_no_match,,,32.782321,130.689592,gsi_reference,reference_latitude_longitude,complete,0,1,1,0,0,0,0,0,0,0,0,0,0,0,0,0,0
ref:E4310000253111,84cfd15139448903fd26,E4310000253111,E4310000253111,熊本市,吉松小学校,熊本県熊本市北区植木町豊田474,吉松小学校,熊本県熊本市北区植木町豊田474,1,,,32.941058,130.70948,"[{""共通ID"": ""E4310000253111"", ""経度"": ""130.70948"", ""緯度"": ""32.941058""}]",,matched,exact_name_address,1.000,reference/43000_1.csv,17068228366013260d8a1e506e0843bc9c0736e8ec7031a9e384d0d32abd7578,00000180,,0,kumamoto_portal_map,2026-08-01T00:28:20+09:00,matched,portal_shelter_id,1.000,32.941055,130.709717,,,unmatched,manual_no_match,,,32.941058,130.70948,gsi_reference,reference_latitude_longitude,complete,0,1,1,0,0,0,0,0,0,0,0,0,0,0,0,0,0
ref:E4310000110111,64a4c521a26ed149b7c9,E4310000110111,E4310000110111,熊本市,向山小学校,熊本県熊本市中央区本山4-5-11,向山小学校,熊本県熊本市中央区本山4-5-11,1,,,32.789394,130.700032,"[{""共通ID"": ""E4310000110111"", ""経度"": ""130.700032"", ""緯度"": ""32.789394""}]",,matched,exact_name_address,1.000,reference/43000_1.csv,17068228366013260d8a1e506e0843bc9c0736e8ec7031a9e384d0d32abd7578,00000019,,0,kumamoto_portal_map,2026-08-01T00:28:20+09:00,matched,portal_shelter_id,1.000,32.789346,130.700053,,,unmatched,manual_no_match,,,32.789394,130.700032,gsi_reference,reference_latitude_longitude,complete,1,1,1,0,0,0,0,0,0,0,0,0,0,0,0,0,0
ref:E4310000256111,202ed987ffe25cba0e70,E4310000256111,E4310000256111,熊本市,城北小学校,熊本県熊本市北区清水新地1-4-1,城北小学校,熊本県熊本市北区清水新地1-4-1,1,,,32.849235,130.730549,"[{""共通ID"": ""E4310000256111"", ""経度"": ""130.730549"", ""緯度"": ""32.849235""}]",,matched,exact_name_address,1.000,reference/43000_1.csv,17068228366013260d8a1e506e0843bc9c0736e8ec7031a9e384d0d32abd7578,00000157,,0,kumamoto_portal_map,2026-08-01T00:28:20+09:00,matched,portal_shelter_id,1.000,32.849419,130.730572,,,unmatched,manual_no_match,,,32.849235,130.730549,gsi_reference,reference_latitude_longitude,complete,0,1,1,0,0,0,0,0,0,0,0,0,0,0,0,0,0
ref:E4310000216111,138a2f13015000a90b92,E4310000216111,E4310000216111,熊本市,城南中学校,熊本県熊本市南区八幡8-1-1,城南中学校,熊本県熊本市南区八幡8-1-1,1,,,32.7438,130.686871,"[{""共通ID"": ""E4310000216111"", ""経度"": ""130.686871"", ""緯度"": ""32.7438""}]",,matched,exact_name_address,1.000,reference/43000_1.csv,17068228366013260d8a1e506e0843bc9c0736e8ec7031a9e384d0d32abd7578,00000112,,0,kumamoto_portal_map,2026-08-01T00:28:20+09:00,matched,portal_shelter_id,1.000,32.743308,130.687218,,,unmatched,manual_no_match,,,32.7438,130.686871,gsi_reference,reference_latitude_longitude,complete,0,1,1,0,0,0,0,0,0,0,0,0,0,0,0,0,0
ref:E4310000210111,3e5a762949e470642869,E4310000210111,E4310000210111,熊本市,城南小学校,熊本県熊本市南区南高江4-2-70,城南小学校,熊本県熊本市南区南高江4-2-70,1,,,32.751467,130.691177,"[{""共通ID"": ""E4310000210111"", ""経度"": ""130.691177"", ""緯度"": ""32.751467""}]",,matched,exact_name_address,1.000,reference/43000_1.csv,17068228366013260d8a1e506e0843bc9c0736e8ec7031a9e384d0d32abd7578,00000114,,0,kumamoto_portal_map,2026-08-01T00:28:20+09:00,matched,portal_shelter_id,1.000,32.750946,130.69127,,,unmatched,manual_no_match,,,32.751467,130.691177,gsi_reference,reference_latitude_longitude,complete,0,1,1,0,0,0,0,0,0,0,0,0,0,0,0,0,0
ref:E4310000202111,4ce4fc868697548166c7,E4310000202111,E4310000202111,熊本市,城南総合スポーツセンター,熊本県熊本市南区城南町舞原144-1,城南総合スポーツセンター,熊本県熊本市南区城南町舞原144-1,1,,,32.70785024,130.7481883,"[{""共通ID"": ""E4310000202111"", ""経度"": ""130.7481883"", ""緯度"": ""32.70785024""}]",,matched,exact_name_address,1.000,reference/43000_1.csv,17068228366013260d8a1e506e0843bc9c0736e8ec7031a9e384d0d32abd7578,,,,,,unmatched,fuzzy_below_threshold,0.828,,,,,unmatched,manual_no_match,,,32.70785024,130.7481883,gsi_reference,reference_latitude_longitude,complete,0,0,0,0,0,0,0,0,0,0,0,0,0,0,0,0,0
ref:E4310000196111,7fb422d26bddd8f1121c,E4310000196111,E4310000196111,熊本市,城南老人福祉センター,熊本県熊本市南区城南町宮地1050番地,城南老人福祉センター,熊本県熊本市南区城南町宮地1050,1,,,32.708973,130.728886,"[{""共通ID"": ""E4310000196111"", ""経度"": ""130.728886"", ""緯度"": ""32.708973""}]",,matched,exact_name_address,1.000,reference/43000_1.csv,17068228366013260d8a1e506e0843bc9c0736e8ec7031a9e384d0d32abd7578,00000136,,0,kumamoto_portal_map,2026-08-01T00:28:20+09:00,matched,portal_shelter_id,1.000,32.709103500000005,130.7288158,,,unmatched,manual_no_match,,,32.708973,130.728886,gsi_reference,reference_latitude_longitude,complete,0,1,1,1,1,1,1,1,1,1,1,1,1,1,1,1,1
ref:E4310000027111,246de3636a4813e4331f,E4310000027111,E4310000027111,熊本市,城山小学校,熊本県熊本市西区城山大塘1-23-1,城山小学校,熊本県熊本市西区城山大塘1-23-1,1,,,32.778041,130.65709,"[{""共通ID"": ""E4310000027111"", ""経度"": ""130.65709"", ""緯度"": ""32.778041""}]",,matched,exact_name_address,1.000,reference/43000_1.csv,17068228366013260d8a1e506e0843bc9c0736e8ec7031a9e384d0d32abd7578,00000085,,0,kumamoto_portal_map,2026-08-01T00:28:20+09:00,matched,portal_shelter_id,1.000,32.778041,130.657251,,,unmatched,manual_no_match,,,32.778041,130.65709,gsi_reference,reference_latitude_longitude,complete,0,0,0,0,0,0,0,0,0,0,0,0,0,0,0,0,0
ref:E4310000081111,a4cf91523f0ab1d5dbcb,E4310000081111,E4310000081111,熊本市,城東小学校,熊本県熊本市中央区千葉城町5-1,城東小学校,熊本県熊本市中央区千葉城町5-1,1,,,32.808347,130.709322,"[{""共通ID"": ""E4310000081111"", ""経度"": ""130.709322"", ""緯度"": ""32.808347""}]",,matched,exact_name_address,1.000,reference/43000_1.csv,17068228366013260d8a1e506e0843bc9c0736e8ec7031a9e384d0d32abd7578,00000025,,0,kumamoto_portal_map,2026-08-01T00:28:20+09:00,matched,portal_shelter_id,1.000,32.808316,130.709358,,,unmatched,manual_no_match,,,32.808347,130.709322,gsi_reference,reference_latitude_longitude,complete,1,1,1,0,0,0,0,0,0,0,0,0,0,0,0,0,0
ref:E4310000020111,6701233813efd9a9af06,E4310000020111,E4310000020111,熊本市,城西中学校,熊本県熊本市西区小島8-17-1,城西中学校,熊本県熊本市西区小島8-17-1,1,,,32.782574,130.63292,"[{""共通ID"": ""E4310000020111"", ""経度"": ""130.63292"", ""緯度"": ""32.782574""}]",,matched,exact_name_address,1.000,reference/43000_1.csv,17068228366013260d8a1e506e0843bc9c0736e8ec7031a9e384d0d32abd7578,00000077,,0,kumamoto_portal_map,2026-08-01T00:28:20+09:00,matched,portal_shelter_id,1.000,32.782151,130.633086,,,unmatched,manual_no_match,,,32.782574,130.63292,gsi_reference,reference_latitude_longitude,complete,0,1,1,0,0,0,0,0,0,0,0,0,0,0,0,0,0
ref:E4310000040111,1cd966319fc5e4fcca24,E4310000040111,E4310000040111,熊本市,城西小学校,熊本県熊本市西区島崎3丁目12-60,城西小学校,熊本県熊本市西区島崎3-12-60,1,,,32.80565366,130.6827819,"[{""共通ID"": ""E4310000040111"", ""経度"": ""130.6827819"", ""緯度"": ""32.80565366""}]",,matched,exact_name_municipality,0.990,reference/43000_1.csv,17068228366013260d8a1e506e0843bc9c0736e8ec7031a9e384d0d32abd7578,00000086,,0,kumamoto_portal_map,2026-08-01T00:28:20+09:00,matched,portal_shelter_id,1.000,32.805455,130.682443,,,unmatched,manual_no_match,,,32.80565366,130.6827819,gsi_reference,reference_latitude_longitude,complete,0,1,1,1,1,1,1,1,1,1,0,0,0,0,0,0,0
ref:E4310000114111,a712fb9927d99d1b2b1f,E4310000114111,E4310000114111,熊本市,壼川小学校,熊本県熊本市中央区壼川1-4-5,壼川小学校,熊本県熊本市中央区壼川1-4-5,1,,,32.81301698,130.710128,"[{""共通ID"": ""E4310000114111"", ""経度"": ""130.710128"", ""緯度"": ""32.81301698""}]",,matched,exact_name_address,1.000,reference/43000_1.csv,17068228366013260d8a1e506e0843bc9c0736e8ec7031a9e384d0d32abd7578,00000021,,0,kumamoto_portal_map,2026-08-01T00:28:20+09:00,matched,portal_shelter_id,1.000,32.812963,130.710163,,,unmatched,manual_no_match,,,32.81301698,130.710128,gsi_reference,reference_latitude_longitude,complete,1,1,1,1,0,0,0,0,0,0,0,0,0,0,0,0,0
ref:E4310000303111,87779d5df87771bd543f,E4310000303111,E4310000303111,熊本市,大和地域コミュニティセンター,熊本県熊本市北区植木町大和70-22,大和地域コミュニティセンター,熊本県熊本市北区植木町大和70-22,1,,,32.880621,130.672335,"[{""共通ID"": ""E4310000303111"", ""経度"": ""130.672335"", ""緯度"": ""32.880621""}]",,matched,exact_name_address,1.000,reference/43000_1.csv,17068228366013260d8a1e506e0843bc9c0736e8ec7031a9e384d0d32abd7578,00002249,,0,kumamoto_portal_map,2026-08-01T00:28:20+09:00,matched,portal_shelter_id,1.000,32.8806123,130.6723237,,,unmatched,manual_no_match,,,32.880621,130.672335,gsi_reference,reference_latitude_longitude,complete,1,1,1,0,0,0,0,0,0,0,0,0,0,0,0,0,0
ref:E4310000095111,b636191816d1a5243a8c,E4310000095111,E4310000095111,熊本市,大江交流室・公民館,熊本県熊本市中央区大江6丁目1-85,大江交流室・公民館,熊本県熊本市中央区大江6-1-85,1,,,32.798861,130.725085,"[{""共通ID"": ""E4310000095111"", ""経度"": ""130.725085"", ""緯度"": ""32.798861""}]",,matched,exact_name_municipality,0.990,reference/43000_1.csv,17068228366013260d8a1e506e0843bc9c0736e8ec7031a9e384d0d32abd7578,00000007,,0,kumamoto_portal_map,2026-08-01T00:28:20+09:00,matched,portal_shelter_id,1.000,32.79901341,130.7251299,,,unmatched,manual_no_match,,,32.798861,130.725085,gsi_reference,reference_latitude_longitude,complete,1,1,1,1,1,1,1,1,1,1,1,1,1,1,1,1,1
ref:E4310000092111,8dd4a2ae76d2001d3173,E4310000092111,E4310000092111,熊本市,大江小学校,熊本県熊本市中央区大江3-5-31,大江小学校,熊本県熊本市中央区大江3-5-31,1,,,32.801929,130.725461,"[{""共通ID"": ""E4310000092111"", ""経度"": ""130.725461"", ""緯度"": ""32.801929""}]",,matched,exact_name_address,1.000,reference/43000_1.csv,17068228366013260d8a1e506e0843bc9c0736e8ec7031a9e384d0d32abd7578,00000008,,0,kumamoto_portal_map,2026-08-01T00:28:20+09:00,matched,portal_shelter_id,1.000,32.8019,130.725495,,,unmatched,manual_no_match,,,32.801929,130.725461,gsi_reference,reference_latitude_longitude,complete,1,1,1,0,0,0,0,0,0,0,0,0,0,0,0,0,0
ref:E4310000171111,f0a384fa171598599b1c,E4310000171111,E4310000171111,熊本市,天明まちづくりセンター・公民館,熊本県熊本市南区奥古閑町2035,天明まちづくりセンター・公民館,熊本県熊本市南区奥古閑町2035,1,,,32.732919,130.636721,"[{""共通ID"": ""E4310000171111"", ""経度"": ""130.636721"", ""緯度"": ""32.732919""}]",,matched,exact_name_address,1.000,reference/43000_1.csv,17068228366013260d8a1e506e0843bc9c0736e8ec7031a9e384d0d32abd7578,00000109,,0,kumamoto_portal_map,2026-08-01T00:28:20+09:00,matched,portal_shelter_id,1.000,32.732478,130.63587,,,unmatched,manual_no_match,,,32.732919,130.636721,gsi_reference,reference_latitude_longitude,complete,0,1,1,1,1,1,1,1,1,1,1,1,1,1,1,1,1
ref:E4310000172111,b119d512c1f24868a09b,E4310000172111,E4310000172111,熊本市,天明中学校,熊本県熊本市南区奥古閑町2146-1,天明中学校,熊本県熊本市南区奥古閑町2146-1,1,,,32.734407,130.636153,"[{""共通ID"": ""E4310000172111"", ""経度"": ""130.636153"", ""緯度"": ""32.734407""}]",,matched,exact_name_address,1.000,reference/43000_1.csv,17068228366013260d8a1e506e0843bc9c0736e8ec7031a9e384d0d32abd7578,00000107,,0,kumamoto_portal_map,2026-08-01T00:28:20+09:00,matched,portal_shelter_id,1.000,32.73446,130.636448,,,unmatched,manual_no_match,,,32.734407,130.636153,gsi_reference,reference_latitude_longitude,complete,0,1,1,0,0,0,0,0,0,0,0,0,0,0,0,0,0
ref:E4310000170111,0d30b562bd14f61ac7ce,E4310000170111,E4310000170111,熊本市,天明体育館,熊本県熊本市南区奥古閑町1877,天明体育館,熊本県熊本市南区奥古閑町1877,1,,,32.732474,130.635933,"[{""共通ID"": ""E4310000170111"", ""経度"": ""130.635933"", ""緯度"": ""32.732474""}]",,matched,exact_name_address,1.000,reference/43000_1.csv,17068228366013260d8a1e506e0843bc9c0736e8ec7031a9e384d0d32abd7578,00000108,,0,kumamoto_portal_map,2026-08-01T00:28:20+09:00,matched,portal_shelter_id,1.000,32.732416,130.63586,,,unmatched,manual_no_match,,,32.732474,130.635933,gsi_reference,reference_latitude_longitude,complete,0,0,0,0,0,0,0,0,0,0,0,0,0,0,0,0,0
ref:E4310000173111,3e1fb3d62b8d5fb54eeb,E4310000173111,E4310000173111,熊本市,奥古閑小学校,熊本県熊本市南区奥古閑町4072,奥古閑小学校,熊本県熊本市南区奥古閑町4072,1,,,32.730577,130.62465,"[{""共通ID"": ""E4310000173111"", ""経度"": ""130.62465"", ""緯度"": ""32.730577""}]",,matched,exact_name_address,1.000,reference/43000_1.csv,17068228366013260d8a1e506e0843bc9c0736e8ec7031a9e384d0d32abd7578,00000106,,0,kumamoto_portal_map,2026-08-01T00:28:20+09:00,matched,portal_shelter_id,1.000,32.730155,130.624116,,,unmatched,manual_no_match,,,32.730577,130.62465,gsi_reference,reference_latitude_longitude,complete,0,1,1,0,0,0,0,0,0,0,0,0,0,0,0,0,0
ref:E4310000222111,74061f53511ca219dfa4,E4310000222111,E4310000222111,熊本市,富合中学校,熊本県熊本市南区富合町平原56番地,富合中学校,熊本県熊本市南区富合町平原56,1,,,32.707161,130.684102,"[{""共通ID"": ""E4310000222111"", ""経度"": ""130.684102"", ""緯度"": ""32.707161""}]",,matched,exact_name_address,1.000,reference/43000_1.csv,17068228366013260d8a1e506e0843bc9c0736e8ec7031a9e384d0d32abd7578,00000122,,0,kumamoto_portal_map,2026-08-01T00:28:20+09:00,matched,portal_shelter_id,1.000,32.706908,130.684335,,,unmatched,manual_no_match,,,32.707161,130.684102,gsi_reference,reference_latitude_longitude,complete,0,1,1,1,1,1,1,1,1,1,1,1,0,0,0,0,0
ref:E4310000221111,ae84976f113401db6afe,E4310000221111,E4310000221111,熊本市,富合小学校,熊本県熊本市南区富合町清藤472,富合小学校,熊本県熊本市南区富合町清藤472,1,,,32.714091,130.680967,"[{""共通ID"": ""E4310000221111"", ""経度"": ""130.680967"", ""緯度"": ""32.714091""}]",,matched,exact_name_address,1.000,reference/43000_1.csv,17068228366013260d8a1e506e0843bc9c0736e8ec7031a9e384d0d32abd7578,00000121,,0,kumamoto_portal_map,2026-08-01T00:28:20+09:00,matched,portal_shelter_id,1.000,32.714102,130.680974,,,unmatched,manual_no_match,,,32.714091,130.680967,gsi_reference,reference_latitude_longitude,complete,0,1,1,1,1,1,1,1,1,0,0,0,0,0,0,0,0
ref:E4310000019111,64750c0622771cd746c2,E4310000019111,E4310000019111,熊本市,小島小学校,熊本県熊本市西区小島7-9-1,小島小学校,熊本県熊本市西区小島7-9-1,1,,,32.778943,130.634586,"[{""共通ID"": ""E4310000019111"", ""経度"": ""130.634586"", ""緯度"": ""32.778943""}]",,matched,exact_name_address,1.000,reference/43000_1.csv,17068228366013260d8a1e506e0843bc9c0736e8ec7031a9e384d0d32abd7578,00000076,,0,kumamoto_portal_map,2026-08-01T00:28:20+09:00,matched,portal_shelter_id,1.000,32.778957,130.634698,,,unmatched,manual_no_match,,,32.778943,130.634586,gsi_reference,reference_latitude_longitude,complete,0,1,1,0,0,0,0,0,0,0,0,0,0,0,0,0,0
ref:E4344300007121,efe98bd183ba7c1963e4,E4344300007121,E4344300007121,熊本市,小規模多機能ホーム 田原ふれあいの家,熊本県熊本市北区植木町鞍掛1791,小規模多機能ホーム 田原ふれあいの家,熊本県熊本市北区植木町鞍掛1791,,,町が特定した在宅の身体障がい者、要介護者のうち、一般的な避難所では生活に支障をきたすもの,32.90198664824,130.67576792579,"[{""共通ID"": ""E4344300007121"", ""経度"": ""130.67576792579"", ""緯度"": ""32.90198664824""}]",,matched,exact_name_address,1.000,reference/43000_1.csv,17068228366013260d8a1e506e0843bc9c0736e8ec7031a9e384d0d32abd7578,,,,,,unmatched,no_candidate,,,,,,unmatched,manual_no_match,,,32.90198664824,130.67576792579,gsi_reference,reference_latitude_longitude,complete,0,0,0,0,0,0,0,0,0,0,0,0,0,0,0,0,0
ref:E4310000167111,df49767360dbd6c2b1f9,E4310000167111,E4310000167111,熊本市,尾ノ上小学校,熊本県熊本市東区尾ノ上2-8-1,尾ノ上小学校,熊本県熊本市東区尾ノ上2-8-1,1,,,32.793805,130.754073,"[{""共通ID"": ""E4310000167111"", ""経度"": ""130.754073"", ""緯度"": ""32.793805""}]",,matched,exact_name_address,1.000,reference/43000_1.csv,17068228366013260d8a1e506e0843bc9c0736e8ec7031a9e384d0d32abd7578,00000045,,0,kumamoto_portal_map,2026-08-01T00:28:20+09:00,matched,portal_shelter_id,1.000,32.793512,130.754022,,,unmatched,manual_no_match,,,32.793805,130.754073,gsi_reference,reference_latitude_longitude,complete,1,1,1,1,1,1,1,1,0,0,0,0,0,0,0,0,0
ref:E4310000138111,96071b8ed3d0ad31c8b2,E4310000138111,E4310000138111,熊本市,山ノ内小学校,熊本県熊本市東区山ノ内4-1-1,山ノ内小学校,熊本県熊本市東区山ノ内4-1-1,1,,,32.798119,130.771003,"[{""共通ID"": ""E4310000138111"", ""経度"": ""130.771003"", ""緯度"": ""32.798119""}]",,matched,exact_name_address,1.000,reference/43000_1.csv,17068228366013260d8a1e506e0843bc9c0736e8ec7031a9e384d0d32abd7578,00000068,,0,kumamoto_portal_map,2026-08-01T00:28:20+09:00,matched,portal_shelter_id,1.000,32.798096,130.771048,,,unmatched,manual_no_match,,,32.798119,130.771003,gsi_reference,reference_latitude_longitude,complete,0,1,1,0,0,0,0,0,0,0,0,0,0,0,0,0,0
ref:E4310000250111,308b81bb1786e0a43416,E4310000250111,E4310000250111,熊本市,山本小学校,熊本県熊本市北区植木町内1424,山本小学校,熊本県熊本市北区植木町内1424,1,,,32.937435,130.681721,"[{""共通ID"": ""E4310000250111"", ""経度"": ""130.681721"", ""緯度"": ""32.937435""}]",,matched,exact_name_address,1.000,reference/43000_1.csv,17068228366013260d8a1e506e0843bc9c0736e8ec7031a9e384d0d32abd7578,00000178,,0,kumamoto_portal_map,2026-08-01T00:28:20+09:00,matched,portal_shelter_id,1.000,32.937471,130.681497,,,unmatched,manual_no_match,,,32.937435,130.681721,gsi_reference,reference_latitude_longitude,complete,0,1,1,0,0,0,0,0,0,0,0,0,0,0,0,0,0
ref:E4310000254111,00d708ee0769c264885a,E4310000254111,E4310000254111,熊本市,山東小学校,熊本県熊本市北区植木町有泉841,山東小学校,熊本県熊本市北区植木町有泉841,1,,,32.912771,130.707767,"[{""共通ID"": ""E4310000254111"", ""経度"": ""130.707767"", ""緯度"": ""32.912771""}]",,matched,exact_name_address,1.000,reference/43000_1.csv,17068228366013260d8a1e506e0843bc9c0736e8ec7031a9e384d0d32abd7578,00000152,,0,kumamoto_portal_map,2026-08-01T00:28:20+09:00,matched,portal_shelter_id,1.000,32.912724,130.707968,,,unmatched,manual_no_match,,,32.912771,130.707767,gsi_reference,reference_latitude_longitude,complete,0,1,1,0,0,0,0,0,0,0,0,0,0,0,0,0,0
ref:E4310000262111,3343d08d19dbb17ec1ce,E4310000262111,E4310000262111,熊本市,川上小学校,熊本県熊本市北区西梶尾町480,川上小学校,熊本県熊本市北区西梶尾町480,1,,,32.870162,130.704649,"[{""共通ID"": ""E4310000262111"", ""経度"": ""130.704649"", ""緯度"": ""32.870162""}]",,matched,exact_name_address,1.000,reference/43000_1.csv,17068228366013260d8a1e506e0843bc9c0736e8ec7031a9e384d0d32abd7578,00000147,,0,kumamoto_portal_map,2026-08-01T00:28:20+09:00,matched,portal_shelter_id,1.000,32.870467,130.704548,,,unmatched,manual_no_match,,,32.870162,130.704649,gsi_reference,reference_latitude_longitude,complete,0,1,1,0,0,0,0,0,0,0,0,0,0,0,0,0,0
ref:E4310000204111,4810b09b4b450dff71c9,E4310000204111,E4310000204111,熊本市,川口小学校,熊本県熊本市南区川口町3045,川口小学校,熊本県熊本市南区川口町3045,1,,,32.717522,130.627347,"[{""共通ID"": ""E4310000204111"", ""経度"": ""130.627347"", ""緯度"": ""32.717522""}]",,matched,exact_name_address,1.000,reference/43000_1.csv,17068228366013260d8a1e506e0843bc9c0736e8ec7031a9e384d0d32abd7578,00000110,,0,kumamoto_portal_map,2026-08-01T00:28:20+09:00,matched,portal_shelter_id,1.000,32.717712,130.627366,,,unmatched,manual_no_match,,,32.717522,130.627347,gsi_reference,reference_latitude_longitude,complete,0,1,1,0,0,0,0,0,0,0,0,0,0,0,0,0,0
ref:E4310000205111,b0d3c8ca0a5497aa887c,E4310000205111,E4310000205111,熊本市,川尻小学校,熊本県熊本市南区川尻4丁目1-1,川尻小学校,熊本県熊本市南区川尻4-1-1,1,,,32.739586,130.681744,"[{""共通ID"": ""E4310000205111"", ""経度"": ""130.681744"", ""緯度"": ""32.739586""}]",,matched,exact_name_municipality,0.990,reference/43000_1.csv,17068228366013260d8a1e506e0843bc9c0736e8ec7031a9e384d0d32abd7578,00000111,,0,kumamoto_portal_map,2026-08-01T00:28:20+09:00,matched,portal_shelter_id,1.000,32.739402,130.681017,,,unmatched,manual_no_match,,,32.739586,130.681744,gsi_reference,reference_latitude_longitude,complete,0,1,1,1,1,1,1,1,1,1,1,1,1,1,1,1,1
ref:E4310000039111,f11081b37288c312963a,E4310000039111,E4310000039111,熊本市,市立千原台高校,熊本県熊本市西区島崎2-37-1,市立千原台高校,熊本県熊本市西区島崎2-37-1,1,,,32.80685386,130.6865109,"[{""共通ID"": ""E4310000039111"", ""経度"": ""130.6865109"", ""緯度"": ""32.80685386""}]",,matched,exact_name_address,1.000,reference/43000_1.csv,17068228366013260d8a1e506e0843bc9c0736e8ec7031a9e384d0d32abd7578,00000087,,0,kumamoto_portal_map,2026-08-01T00:28:20+09:00,matched,portal_shelter_id,1.000,32.807094,130.686971,,,unmatched,manual_no_match,,,32.80685386,130.6865109,gsi_reference,reference_latitude_longitude,complete,0,1,1,0,0,0,0,0,0,0,0,0,0,0,0,0,0
ref:E4310000100111,b119b8e5cbe2a5b80990,E4310000100111,E4310000100111,熊本市,市立必由館高校,熊本県熊本市中央区坪井4-15-1,市立必由館高校,熊本県熊本市中央区坪井4-15-1,1,,,32.815799,130.714035,"[{""共通ID"": ""E4310000100111"", ""経度"": ""130.714035"", ""緯度"": ""32.815799""}]",,matched,exact_name_address,1.000,reference/43000_1.csv,17068228366013260d8a1e506e0843bc9c0736e8ec7031a9e384d0d32abd7578,00000016,,0,kumamoto_portal_map,2026-08-01T00:28:20+09:00,matched,portal_shelter_id,1.000,32.81586,130.71401,,,unmatched,manual_no_match,,,32.815799,130.714035,gsi_reference,reference_latitude_longitude,complete,1,1,1,0,0,0,0,0,0,0,0,0,0,0,0,0,0
ref:E4310000086111,a60f4f47bf0ea6b65258,E4310000086111,E4310000086111,熊本市,帯山中学校,熊本県熊本市中央区帯山1-35-32,帯山中学校,熊本県熊本市中央区帯山1-35-32,1,,,32.801179,130.74504,"[{""共通ID"": ""E4310000086111"", ""経度"": ""130.74504"", ""緯度"": ""32.801179""}]",,matched,exact_name_address,1.000,reference/43000_1.csv,17068228366013260d8a1e506e0843bc9c0736e8ec7031a9e384d0d32abd7578,00000012,,0,kumamoto_portal_map,2026-08-01T00:28:20+09:00,matched,portal_shelter_id,1.000,32.801178,130.74505,,,unmatched,manual_no_match,,,32.801179,130.74504,gsi_reference,reference_latitude_longitude,complete,1,1,1,1,0,0,0,0,0,0,0,0,0,0,0,0,0
ref:E4310000087111,e94c363dc66aa68b0632,E4310000087111,E4310000087111,熊本市,帯山小学校,熊本県熊本市中央区帯山4-11-11,帯山小学校,熊本県熊本市中央区帯山4-11-11,1,,,32.80193,130.749869,"[{""共通ID"": ""E4310000087111"", ""経度"": ""130.749869"", ""緯度"": ""32.80193""}]",,matched,exact_name_address,1.000,reference/43000_1.csv,17068228366013260d8a1e506e0843bc9c0736e8ec7031a9e384d0d32abd7578,00000010,,0,kumamoto_portal_map,2026-08-01T00:28:20+09:00,matched,portal_shelter_id,1.000,32.801956,130.749744,,,unmatched,manual_no_match,,,32.80193,130.749869,gsi_reference,reference_latitude_longitude,complete,1,1,1,0,0,0,0,0,0,0,0,0,0,0,0,0,0
ref:E4310000085111,d092c77917f457aaaa48,E4310000085111,E4310000085111,熊本市,帯山西小学校,熊本県熊本市中央区帯山1-29-8,帯山西小学校,熊本県熊本市中央区帯山1-29-8,1,,,32.802307,130.741402,"[{""共通ID"": ""E4310000085111"", ""経度"": ""130.741402"", ""緯度"": ""32.802307""}]",,matched,exact_name_address,1.000,reference/43000_1.csv,17068228366013260d8a1e506e0843bc9c0736e8ec7031a9e384d0d32abd7578,00000011,,0,kumamoto_portal_map,2026-08-01T00:28:20+09:00,matched,portal_shelter_id,1.000,32.802317,130.741467,,,unmatched,manual_no_match,,,32.802307,130.741402,gsi_reference,reference_latitude_longitude,complete,0,0,0,0,0,0,0,0,0,0,0,0,0,0,0,0,0
ref:E4310000186111,1216bfe1eae22a17ff85,E4310000186111,E4310000186111,熊本市,幸田まちづくりセンター・公民館,熊本県熊本市南区幸田2丁目4-1,幸田まちづくりセンター・公民館,熊本県熊本市南区幸田2-4-1,1,,,32.766682,130.712253,"[{""共通ID"": ""E4310000186111"", ""経度"": ""130.712253"", ""緯度"": ""32.766682""}]",,matched,exact_name_municipality,0.990,reference/43000_1.csv,17068228366013260d8a1e506e0843bc9c0736e8ec7031a9e384d0d32abd7578,00000129,,0,kumamoto_portal_map,2026-08-01T00:28:20+09:00,matched,portal_shelter_id,1.000,32.766779,130.71235,,,unmatched,manual_no_match,,,32.766682,130.712253,gsi_reference,reference_latitude_longitude,complete,0,1,1,1,1,1,1,1,1,1,1,1,1,1,1,1,1
ref:E4310000230111,be1897446477d4de5de9,E4310000230111,E4310000230111,熊本市,弓削小学校,熊本県熊本市北区弓削3-20-1,弓削小学校,熊本県熊本市北区弓削3-20-1,1,,,32.853093,130.780751,"[{""共通ID"": ""E4310000230111"", ""経度"": ""130.780751"", ""緯度"": ""32.853093""}]",,matched,exact_name_address,1.000,reference/43000_1.csv,17068228366013260d8a1e506e0843bc9c0736e8ec7031a9e384d0d32abd7578,00000177,,0,kumamoto_portal_map,2026-08-01T00:28:20+09:00,matched,portal_shelter_id,1.000,32.853341,130.781213,,,unmatched,manual_no_match,,,32.853093,130.780751,gsi_reference,reference_latitude_longitude,complete,0,1,1,0,0,0,0,0,0,0,0,0,0,0,0,0,0
ref:E4310000183111,2da917d8ed01c5980b1b,E4310000183111,E4310000183111,熊本市,御幸小学校,熊本県熊本市南区御幸笛田7-16-1,御幸小学校,熊本県熊本市南区御幸笛田7-16-1,1,,,32.754308,130.716055,"[{""共通ID"": ""E4310000183111"", ""経度"": ""130.716055"", ""緯度"": ""32.754308""}]",,matched,exact_name_address,1.000,reference/43000_1.csv,17068228366013260d8a1e506e0843bc9c0736e8ec7031a9e384d0d32abd7578,00000130,,0,kumamoto_portal_map,2026-08-01T00:28:20+09:00,matched,portal_shelter_id,1.000,32.753941,130.715926,,,unmatched,manual_no_match,,,32.754308,130.716055,gsi_reference,reference_latitude_longitude,complete,0,1,0,0,0,0,0,0,0,0,0,0,0,0,0,0,0
ref:E4310000063111,0773ef5e716505cc0fb7,E4310000063111,E4310000063111,熊本市,慶徳小学校,熊本県熊本市中央区山崎町72,慶徳小学校,熊本県熊本市中央区山崎町72,,,,32.797031,130.701795,"[{""共通ID"": ""E4310000063111"", ""経度"": ""130.701795"", ""緯度"": ""32.797031""}]",,matched,exact_name_address,1.000,reference/43000_1.csv,17068228366013260d8a1e506e0843bc9c0736e8ec7031a9e384d0d32abd7578,00000018,,0,kumamoto_portal_map,2026-08-01T00:28:20+09:00,matched,portal_shelter_id,1.000,32.797123,130.701664,,,unmatched,manual_no_match,,,32.797031,130.701795,gsi_reference,reference_latitude_longitude,complete,1,1,1,1,1,1,1,1,1,1,1,0,0,0,0,0,0
ref:E4310000179111,585d77dadd367c3204d1,E4310000179111,E4310000179111,熊本市,日吉中学校,熊本県熊本市南区近見5-5-1,日吉中学校,熊本県熊本市南区近見5-5-1,1,,,32.764194,130.699259,"[{""共通ID"": ""E4310000179111"", ""経度"": ""130.699259"", ""緯度"": ""32.764194""}]",,matched,exact_name_address,1.000,reference/43000_1.csv,17068228366013260d8a1e506e0843bc9c0736e8ec7031a9e384d0d32abd7578,00000128,,0,kumamoto_portal_map,2026-08-01T00:28:20+09:00,matched,portal_shelter_id,1.000,32.76427,130.699374,,,unmatched,manual_no_match,,,32.764194,130.699259,gsi_reference,reference_latitude_longitude,complete,0,1,1,0,0,0,0,0,0,0,0,0,0,0,0,0,0
ref:E4310000177111,3a22d446f13366bafbf4,E4310000177111,E4310000177111,熊本市,日吉小学校,熊本県熊本市南区近見1-9-30,日吉小学校,熊本県熊本市南区近見1-9-30,1,,,32.766734,130.689465,"[{""共通ID"": ""E4310000177111"", ""経度"": ""130.689465"", ""緯度"": ""32.766734""}]",,matched,exact_name_address,1.000,reference/43000_1.csv,17068228366013260d8a1e506e0843bc9c0736e8ec7031a9e384d0d32abd7578,00000126,,0,kumamoto_portal_map,2026-08-01T00:28:20+09:00,matched,portal_shelter_id,1.000,32.766656,130.689463,,,unmatched,manual_no_match,,,32.766734,130.689465,gsi_reference,reference_latitude_longitude,complete,0,1,1,0,0,0,0,0,0,0,0,0,0,0,0,0,0
ref:E4310000178111,1d7e8de0752a4ab1629a,E4310000178111,E4310000178111,熊本市,日吉東小学校,熊本県熊本市南区近見5-1-1,日吉東小学校,熊本県熊本市南区近見5-1-1,1,,,32.765077,130.697754,"[{""共通ID"": ""E4310000178111"", ""経度"": ""130.697754"", ""緯度"": ""32.765077""}]",,matched,exact_name_address,1.000,reference/43000_1.csv,17068228366013260d8a1e506e0843bc9c0736e8ec7031a9e384d0d32abd7578,00000127,,0,kumamoto_portal_map,2026-08-01T00:28:20+09:00,matched,portal_shelter_id,1.000,32.765355,130.698886,,,unmatched,manual_no_match,,,32.765077,130.697754,gsi_reference,reference_latitude_longitude,complete,0,1,1,0,0,0,0,0,0,0,0,0,0,0,0,0,0
ref:E4310000022111,6c60e50a18a415f2dd8a,E4310000022111,E4310000022111,熊本市,旧松尾北小学校,熊本県熊本市西区松尾町平山255,旧松尾北小学校,熊本県熊本市西区松尾町平山255,1,,,32.812419,130.625217,"[{""共通ID"": ""E4310000022111"", ""経度"": ""130.625217"", ""緯度"": ""32.812419""}]",,matched,exact_name_address,1.000,reference/43000_1.csv,17068228366013260d8a1e506e0843bc9c0736e8ec7031a9e384d0d32abd7578,00000095,,0,kumamoto_portal_map,2026-08-01T00:28:20+09:00,matched,portal_shelter_id,1.000,32.812315,130.625142,,,unmatched,manual_no_match,,,32.812419,130.625217,gsi_reference,reference_latitude_longitude,complete,0,1,1,0,0,0,0,0,0,0,0,0,0,0,0,0,0
ref:E4310000026111,d5aa9b89fa657bcbc015,E4310000026111,E4310000026111,熊本市,旧松尾東小学校,熊本県熊本市西区上松尾町2880,旧松尾東小学校,熊本県熊本市西区上松尾町2880,1,,,32.796715,130.634725,"[{""共通ID"": ""E4310000026111"", ""経度"": ""130.634725"", ""緯度"": ""32.796715""}]",,matched,exact_name_address,1.000,reference/43000_1.csv,17068228366013260d8a1e506e0843bc9c0736e8ec7031a9e384d0d32abd7578,00000097,,0,kumamoto_portal_map,2026-08-01T00:28:20+09:00,matched,portal_shelter_id,1.000,32.796678,130.63478,,,unmatched,manual_no_match,,,32.796715,130.634725,gsi_reference,reference_latitude_longitude,complete,0,1,1,0,0,0,0,0,0,0,0,0,0,0,0,0,0
ref:E4310000031111,8bdc706708bf139bb0f6,E4310000031111,E4310000031111,熊本市,旧松尾西小学校,熊本県熊本市西区西松尾町4456-1,旧松尾西小学校,熊本県熊本市西区西松尾町4456-1,1,,,32.797802,130.614508,"[{""共通ID"": ""E4310000031111"", ""経度"": ""130.614508"", ""緯度"": ""32.797802""}]",,matched,exact_name_address,1.000,reference/43000_1.csv,17068228366013260d8a1e506e0843bc9c0736e8ec7031a9e384d0d32abd7578,00000096,,0,kumamoto_portal_map,2026-08-01T00:28:20+09:00,matched,portal_shelter_id,1.000,32.797761,130.614643,,,unmatched,manual_no_match,,,32.797802,130.614508,gsi_reference,reference_latitude_longitude,complete,0,1,1,0,0,0,0,0,0,0,0,0,0,0,0,0,0
ref:E4310000005111,64d3cf2fcc30b456fa7b,E4310000005111,E4310000005111,熊本市,旧河内小学校白浜分校,熊本県熊本市西区河内町白浜1018-6,旧河内小学校白浜分校,熊本県熊本市西区河内町白浜1018-6,1,,,32.841892,130.586976,"[{""共通ID"": ""E4310000005111"", ""経度"": ""130.586976"", ""緯度"": ""32.841892""}]",,matched,exact_name_address,1.000,reference/43000_1.csv,17068228366013260d8a1e506e0843bc9c0736e8ec7031a9e384d0d32abd7578,00000083,,0,kumamoto_portal_map,2026-08-01T00:28:20+09:00,matched,portal_shelter_id,1.000,32.841979,130.586701,,,unmatched,manual_no_match,,,32.841892,130.586976,gsi_reference,reference_latitude_longitude,complete,0,1,1,0,0,0,0,0,0,0,0,0,0,0,0,0,0
ref:E4310000015111,9bfda7e825a8b8924496,E4310000015111,E4310000015111,熊本市,春日小学校,熊本県熊本市西区春日5-3-5,春日小学校,熊本県熊本市西区春日5-3-5,1,,,32.789842,130.685916,"[{""共通ID"": ""E4310000015111"", ""経度"": ""130.685916"", ""緯度"": ""32.789842""}]",,matched,exact_name_address,1.000,reference/43000_1.csv,17068228366013260d8a1e506e0843bc9c0736e8ec7031a9e384d0d32abd7578,00000079,,0,kumamoto_portal_map,2026-08-01T00:28:20+09:00,matched,portal_shelter_id,1.000,32.78979,130.68611,,,unmatched,manual_no_match,,,32.789842,130.685916,gsi_reference,reference_latitude_longitude,complete,0,1,1,0,0,0,0,0,0,0,0,0,0,0,0,0,0
ref:E4310000050111,24eb84166be63e1cfae9,E4310000050111,E4310000050111,熊本市,春竹小学校,熊本県熊本市中央区琴平1-9-43,春竹小学校,熊本県熊本市中央区琴平1-9-43,1,,,32.78826447,130.7075609,"[{""共通ID"": ""E4310000050111"", ""経度"": ""130.7075609"", ""緯度"": ""32.78826447""}]",,matched,exact_name_address,1.000,reference/43000_1.csv,17068228366013260d8a1e506e0843bc9c0736e8ec7031a9e384d0d32abd7578,00000035,,0,kumamoto_portal_map,2026-08-01T00:28:20+09:00,matched,portal_shelter_id,1.000,32.788124,130.707608,,,unmatched,manual_no_match,,,32.78826447,130.7075609,gsi_reference,reference_latitude_longitude,complete,1,1,1,1,1,1,1,1,0,0,0,0,0,0,0,0,0
ref:E4310000124111,597429db9002e2877400,E4310000124111,E4310000124111,熊本市,月出小学校,熊本県熊本市東区月出6-2-40,月出小学校,熊本県熊本市東区月出6-2-40,1,,,32.805075,130.770825,"[{""共通ID"": ""E4310000124111"", ""経度"": ""130.770825"", ""緯度"": ""32.805075""}]",,matched,exact_name_address,1.000,reference/43000_1.csv,17068228366013260d8a1e506e0843bc9c0736e8ec7031a9e384d0d32abd7578,00000062,,0,kumamoto_portal_map,2026-08-01T00:28:20+09:00,matched,portal_shelter_id,1.000,32.804873,130.770826,,,unmatched,manual_no_match,,,32.805075,130.770825,gsi_reference,reference_latitude_longitude,complete,0,1,1,1,0,0,0,0,0,0,0,0,0,0,0,0,0
ref:E4310000113111,85b455d9073317f26b6a,E4310000113111,E4310000113111,熊本市,本荘小学校,熊本県熊本市中央区本荘6丁目5-47,本荘小学校,熊本県熊本市中央区本荘6-5-47,1,,,32.792637,130.708133,"[{""共通ID"": ""E4310000113111"", ""経度"": ""130.708133"", ""緯度"": ""32.792637""}]",,matched,exact_name_municipality,0.990,reference/43000_1.csv,17068228366013260d8a1e506e0843bc9c0736e8ec7031a9e384d0d32abd7578,00000037,,0,kumamoto_portal_map,2026-08-01T00:28:20+09:00,matched,portal_shelter_id,1.000,32.792651,130.708414,,,unmatched,manual_no_match,,,32.792637,130.708133,gsi_reference,reference_latitude_longitude,complete,1,1,1,1,1,1,1,1,1,1,1,0,0,0,0,0,0
ref:E4310000194111,ef7056e0a0632b44098b,E4310000194111,E4310000194111,熊本市,杉上小学校,熊本県熊本市南区城南町永505番地1,杉上小学校,熊本県熊本市南区城南町永505-1,1,,,32.724549,130.727294,"[{""共通ID"": ""E4310000194111"", ""経度"": ""130.727294"", ""緯度"": ""32.724549""}]",,matched,exact_name_municipality,0.990,reference/43000_1.csv,17068228366013260d8a1e506e0843bc9c0736e8ec7031a9e384d0d32abd7578,00000141,,0,kumamoto_portal_map,2026-08-01T00:28:20+09:00,matched,portal_shelter_id,1.000,32.724473,130.72784,,,unmatched,manual_no_match,,,32.724549,130.727294,gsi_reference,reference_latitude_longitude,complete,0,1,1,1,1,1,1,1,1,1,1,1,1,1,1,1,1
web:0eec9dba2b46c492c406,0eec9dba2b46c492c406,,,熊本市,東海大学熊本キャンパス・付属熊本星翔高等学校,熊本県熊本市東区渡鹿9丁目1-1,,,,,,,,[],,unmatched,no_candidate,,reference/43000_1.csv,dd6686fa000c3e720180ba96d02aacff987aec1bba3c9bc69a5867fc0089d10d,00002295,,0,kumamoto_portal_map,2026-08-01T00:28:20+09:00,matched,portal_shelter_id,1.000,32.8117569,130.7430407,32.80968051,130.7425112,matched,manual_shelter_id,マニュアルジオコーディング(1).csv,35f5dae36fe4e9577c53f227bd933e4604ed40e589ee27a700add2b32438424c,32.80968051,130.7425112,manual_geocoding,manual_shelter_id,complete,1,1,1,0,0,0,0,0,0,0,0,0,0,0,0,0,0
ref:E4310000162111,10f157f227e704493d87,E4310000162111,E4310000162111,熊本市,東町中学校,熊本県熊本市東区東町4-15-1,東町中学校,熊本県熊本市東区東町4-15-1,1,,,32.781434,130.76483,"[{""共通ID"": ""E4310000162111"", ""経度"": ""130.76483"", ""緯度"": ""32.781434""}]",,matched,exact_name_address,1.000,reference/43000_1.csv,17068228366013260d8a1e506e0843bc9c0736e8ec7031a9e384d0d32abd7578,00000050,,0,kumamoto_portal_map,2026-08-01T00:28:20+09:00,matched,portal_shelter_id,1.000,32.781431,130.764799,,,unmatched,manual_no_match,,,32.781434,130.76483,gsi_reference,reference_latitude_longitude,complete,0,0,0,0,0,0,0,0,0,0,0,0,0,0,0,0,0
ref:E4310000161111,41bdebf50ae278fb6ca0,E4310000161111,E4310000161111,熊本市,東町小学校,熊本県熊本市東区東町3丁目3-1,東町小学校,熊本県熊本市東区東町3-3-1,1,,,32.786564,130.767843,"[{""共通ID"": ""E4310000161111"", ""経度"": ""130.767843"", ""緯度"": ""32.786564""}]",,matched,exact_name_municipality,0.990,reference/43000_1.csv,17068228366013260d8a1e506e0843bc9c0736e8ec7031a9e384d0d32abd7578,00000067,,0,kumamoto_portal_map,2026-08-01T00:28:20+09:00,matched,portal_shelter_id,1.000,32.787014,130.767771,,,unmatched,manual_no_match,,,32.786564,130.767843,gsi_reference,reference_latitude_longitude,complete,0,1,1,1,1,1,1,1,1,1,1,0,0,0,0,0,0
ref:E4310000148111,cc53478f44896f5850fb,E4310000148111,E4310000148111,熊本市,東部中学校,熊本県熊本市東区上南部2-21-1,東部中学校,熊本県熊本市東区上南部2-21-1,1,,,32.833972,130.771003,"[{""共通ID"": ""E4310000148111"", ""経度"": ""130.771003"", ""緯度"": ""32.833972""}]",,matched,exact_name_address,1.000,reference/43000_1.csv,17068228366013260d8a1e506e0843bc9c0736e8ec7031a9e384d0d32abd7578,00000055,,0,kumamoto_portal_map,2026-08-01T00:28:20+09:00,matched,portal_shelter_id,1.000,32.833839,130.771194,,,unmatched,manual_no_match,,,32.833972,130.771003,gsi_reference,reference_latitude_longitude,complete,0,1,1,0,0,0,0,0,0,0,0,0,0,0,0,0,0
ref:E4310000120112,9bde09bd2a69c8164315,E4310000120112,E4310000120112,熊本市,東部公民館,熊本県熊本市東区錦ヶ丘1-1,東部公民館,熊本県熊本市東区錦ケ丘1-1,,,,32.788455211444,130.75372354951,"[{""共通ID"": ""E4310000120112"", ""経度"": ""130.75372354951"", ""緯度"": ""32.788455211444""}]",,matched,exact_name_municipality,0.990,reference/43000_1.csv,17068228366013260d8a1e506e0843bc9c0736e8ec7031a9e384d0d32abd7578,00000044,,0,kumamoto_portal_map,2026-08-01T00:28:20+09:00,matched,portal_shelter_id,1.000,32.78853145000001,130.7534773,,,unmatched,manual_no_match,,,32.788455211444,130.75372354951,gsi_reference,reference_latitude_longitude,complete,1,1,1,1,1,1,1,1,1,1,1,0,0,0,0,0,0
ref:E4310000166111,6a7ceb515e3c86942fe9,E4310000166111,E4310000166111,熊本市,東野中学校,熊本県熊本市東区東野3-6-50,東野中学校,熊本県熊本市東区東野3-6-50,1,,,32.774973,130.767996,"[{""共通ID"": ""E4310000166111"", ""経度"": ""130.767996"", ""緯度"": ""32.774973""}]",,matched,exact_name_address,1.000,reference/43000_1.csv,17068228366013260d8a1e506e0843bc9c0736e8ec7031a9e384d0d32abd7578,00000040,,0,kumamoto_portal_map,2026-08-01T00:28:20+09:00,matched,portal_shelter_id,1.000,32.774709,130.767827,,,unmatched,manual_no_match,,,32.774973,130.767996,gsi_reference,reference_latitude_longitude,complete,1,1,1,1,1,1,1,1,1,0,0,0,0,0,0,0,0
ref:E4310000248111,41cb02933398cd8173bb,E4310000248111,E4310000248111,熊本市,桜井小学校,熊本県熊本市北区植木町滴水2255,桜井小学校,熊本県熊本市北区植木町滴水2255,1,,,32.888723,130.684282,"[{""共通ID"": ""E4310000248111"", ""経度"": ""130.684282"", ""緯度"": ""32.888723""}]",,matched,exact_name_address,1.000,reference/43000_1.csv,17068228366013260d8a1e506e0843bc9c0736e8ec7031a9e384d0d32abd7578,00000151,,0,kumamoto_portal_map,2026-08-01T00:28:20+09:00,matched,portal_shelter_id,1.000,32.88867,130.684386,,,unmatched,manual_no_match,,,32.888723,130.684282,gsi_reference,reference_latitude_longitude,complete,0,1,1,0,0,0,0,0,0,0,0,0,0,0,0,0,0
ref:E4310000061111,5f8453181583aa768860,E4310000061111,E4310000061111,熊本市,桜山中学校,熊本県熊本市中央区黒髪5-13-1,桜山中学校,熊本県熊本市中央区黒髪5-13-1,1,,,32.816408,130.731902,"[{""共通ID"": ""E4310000061111"", ""経度"": ""130.731902"", ""緯度"": ""32.816408""}]",,matched,exact_name_address,1.000,reference/43000_1.csv,17068228366013260d8a1e506e0843bc9c0736e8ec7031a9e384d0d32abd7578,00000014,,0,kumamoto_portal_map,2026-08-01T00:28:20+09:00,matched,portal_shelter_id,1.000,32.816371,130.732106,,,unmatched,manual_no_match,,,32.816408,130.731902,gsi_reference,reference_latitude_longitude,complete,1,1,1,0,0,0,0,0,0,0,0,0,0,0,0,0,0
ref:E4310000135111,8ae80c4044e75f20d4d0,E4310000135111,E4310000135111,熊本市,桜木中学校,熊本県熊本市東区桜木4-13-23,桜木中学校,熊本県熊本市東区桜木4-13-23,1,,,32.782509,130.782984,"[{""共通ID"": ""E4310000135111"", ""経度"": ""130.782984"", ""緯度"": ""32.782509""}]",,matched,exact_name_address,1.000,reference/43000_1.csv,17068228366013260d8a1e506e0843bc9c0736e8ec7031a9e384d0d32abd7578,00000053,,0,kumamoto_portal_map,2026-08-01T00:28:20+09:00,matched,portal_shelter_id,1.000,32.782375,130.783076,,,unmatched,manual_no_match,,,32.782509,130.782984,gsi_reference,reference_latitude_longitude,complete,0,1,1,1,1,1,1,1,1,0,0,0,0,0,0,0,0
ref:E4310000117111,3c15da9b1d6fcfb4a9d3,E4310000117111,E4310000117111,熊本市,桜木小学校,熊本県熊本市東区花立2-23-1,桜木小学校,熊本県熊本市東区花立2-23-1,1,,,32.781405,130.776701,"[{""共通ID"": ""E4310000117111"", ""経度"": ""130.776701"", ""緯度"": ""32.781405""}]",,matched,exact_name_address,1.000,reference/43000_1.csv,17068228366013260d8a1e506e0843bc9c0736e8ec7031a9e384d0d32abd7578,00000051,,0,kumamoto_portal_map,2026-08-01T00:28:20+09:00,matched,portal_shelter_id,1.000,32.78163,130.777103,,,unmatched,manual_no_match,,,32.781405,130.776701,gsi_reference,reference_latitude_longitude,complete,1,1,1,0,0,0,0,0,0,0,0,0,0,0,0,0,0
ref:E4310000136111,13b6f4bde0e538242b71,E4310000136111,E4310000136111,熊本市,桜木東小学校,熊本県熊本市東区桜木6-10-1,桜木東小学校,熊本県熊本市東区桜木6-10-1,1,,,32.788308,130.781765,"[{""共通ID"": ""E4310000136111"", ""経度"": ""130.781765"", ""緯度"": ""32.788308""}]",,matched,exact_name_address,1.000,reference/43000_1.csv,17068228366013260d8a1e506e0843bc9c0736e8ec7031a9e384d0d32abd7578,00000052,,0,kumamoto_portal_map,2026-08-01T00:28:20+09:00,matched,portal_shelter_id,1.000,32.788236,130.781853,,,unmatched,manual_no_match,,,32.788308,130.781765,gsi_reference,reference_latitude_longitude,complete,1,1,1,0,0,0,0,0,0,0,0,0,0,0,0,0,0
ref:E4310000241111,531484128a8797fdd249,E4310000241111,E4310000241111,熊本市,植木中央公園運動施設,熊本県熊本市北区植木町岩野285-35,植木中央公園運動施設,熊本県熊本市北区植木町岩野285-35,1,,,32.902734,130.69985,"[{""共通ID"": ""E4310000241111"", ""経度"": ""130.69985"", ""緯度"": ""32.902734""}]",,matched,exact_name_address,1.000,reference/43000_1.csv,17068228366013260d8a1e506e0843bc9c0736e8ec7031a9e384d0d32abd7578,,,,,,unmatched,no_candidate,,,,,,unmatched,manual_no_match,,,32.902734,130.69985,gsi_reference,reference_latitude_longitude,complete,0,0,0,0,0,0,0,0,0,0,0,0,0,0,0,0,0
ref:E4310000245111,806fc3bc9ed7cbdb5608,E4310000245111,E4310000245111,熊本市,植木北中学校,熊本県熊本市北区植木町舟島455-1,植木北中学校,熊本県熊本市北区植木町舟島455-1,1,,,32.944999,130.717646,"[{""共通ID"": ""E4310000245111"", ""経度"": ""130.717646"", ""緯度"": ""32.944999""}]",,matched,exact_name_address,1.000,reference/43000_1.csv,17068228366013260d8a1e506e0843bc9c0736e8ec7031a9e384d0d32abd7578,00000179,,0,kumamoto_portal_map,2026-08-01T00:28:20+09:00,matched,portal_shelter_id,1.000,32.944972,130.717772,,,unmatched,manual_no_match,,,32.944999,130.717646,gsi_reference,reference_latitude_longitude,complete,0,1,1,0,0,0,0,0,0,0,0,0,0,0,0,0,0
ref:E4310000243111,cd38358c5bf68016cf92,E4310000243111,E4310000243111,熊本市,植木小学校,熊本県熊本市北区植木町広住1,植木小学校,熊本県熊本市北区植木町広住1,1,,,32.896477,130.693554,"[{""共通ID"": ""E4310000243111"", ""経度"": ""130.693554"", ""緯度"": ""32.896477""}]",,matched,exact_name_address,1.000,reference/43000_1.csv,17068228366013260d8a1e506e0843bc9c0736e8ec7031a9e384d0d32abd7578,00000145,,0,kumamoto_portal_map,2026-08-01T00:28:20+09:00,matched,portal_shelter_id,1.000,32.896447,130.693497,,,unmatched,manual_no_match,,,32.896477,130.693554,gsi_reference,reference_latitude_longitude,complete,0,1,1,0,0,0,0,0,0,0,0,0,0,0,0,0,0
ref:E4310000239111,74e25c0e751298a5b5aa,E4310000239111,E4310000239111,熊本市,植木文化センター,熊本県熊本市北区植木町岩野238番地1,植木文化センター,熊本県熊本市北区植木町岩野238-1,1,,,32.903881,130.695545,"[{""共通ID"": ""E4310000239111"", ""経度"": ""130.695545"", ""緯度"": ""32.903881""}]",,matched,exact_name_municipality,0.990,reference/43000_1.csv,17068228366013260d8a1e506e0843bc9c0736e8ec7031a9e384d0d32abd7578,00000153,,0,kumamoto_portal_map,2026-08-01T00:28:20+09:00,matched,portal_shelter_id,1.000,32.90381718,130.6954994,,,unmatched,manual_no_match,,,32.903881,130.695545,gsi_reference,reference_latitude_longitude,complete,0,1,1,1,1,1,1,1,1,1,1,0,0,0,0,0,0
ref:E4310000267111,2530d8b7be4f7eca3b13,E4310000267111,E4310000267111,熊本市,楠中学校,熊本県熊本市北区楠3-2-1,楠中学校,熊本県熊本市北区楠3-2-1,1,,,32.848246,130.755617,"[{""共通ID"": ""E4310000267111"", ""経度"": ""130.755617"", ""緯度"": ""32.848246""}]",,matched,exact_name_address,1.000,reference/43000_1.csv,17068228366013260d8a1e506e0843bc9c0736e8ec7031a9e384d0d32abd7578,00000171,,0,kumamoto_portal_map,2026-08-01T00:28:20+09:00,matched,portal_shelter_id,1.000,32.848258,130.755605,,,unmatched,manual_no_match,,,32.848246,130.755617,gsi_reference,reference_latitude_longitude,complete,0,1,1,0,0,0,0,0,0,0,0,0,0,0,0,0,0
ref:E4310000269111,2251b2853573175d3a36,E4310000269111,E4310000269111,熊本市,楠小学校,熊本県熊本市北区楠5-15-1,楠小学校,熊本県熊本市北区楠5-15-1,1,,,32.851333,130.758427,"[{""共通ID"": ""E4310000269111"", ""経度"": ""130.758427"", ""緯度"": ""32.851333""}]",,matched,exact_name_address,1.000,reference/43000_1.csv,17068228366013260d8a1e506e0843bc9c0736e8ec7031a9e384d0d32abd7578,00000149,,0,kumamoto_portal_map,2026-08-01T00:28:20+09:00,matched,portal_shelter_id,1.000,32.851202,130.758521,,,unmatched,manual_no_match,,,32.851333,130.758427,gsi_reference,reference_latitude_longitude,complete,0,1,1,0,0,0,0,0,0,0,0,0,0,0,0,0,0
ref:E4310000281111,496eaaf4bbf0642b6b13,E4310000281111,E4310000281111,熊本市,楡木小学校,熊本県熊本市北区楡木3-9-1,楡木小学校,熊本県熊本市北区楡木3-9-1,1,,,32.848279,130.75355,"[{""共通ID"": ""E4310000281111"", ""経度"": ""130.75355"", ""緯度"": ""32.848279""}]",,matched,exact_name_address,1.000,reference/43000_1.csv,17068228366013260d8a1e506e0843bc9c0736e8ec7031a9e384d0d32abd7578,00000170,,0,kumamoto_portal_map,2026-08-01T00:28:20+09:00,matched,portal_shelter_id,1.000,32.85465441,130.7519747,,,unmatched,manual_no_match,,,32.848279,130.75355,gsi_reference,reference_latitude_longitude,complete,0,1,1,1,0,0,0,0,0,0,0,0,0,0,0,0,0
ref:E4310000273111,6d5d59954d7d89e996ed,E4310000273111,E4310000273111,熊本市,武蔵中学校,熊本県熊本市北区武蔵ケ丘4-19-1,武蔵中学校,熊本県熊本市北区武蔵ケ丘4-19-1,1,,,32.8561,130.772639,"[{""共通ID"": ""E4310000273111"", ""経度"": ""130.772639"", ""緯度"": ""32.8561""}]",,matched,exact_name_address,1.000,reference/43000_1.csv,17068228366013260d8a1e506e0843bc9c0736e8ec7031a9e384d0d32abd7578,00000176,,0,kumamoto_portal_map,2026-08-01T00:28:20+09:00,matched,portal_shelter_id,1.000,32.856424,130.772492,,,unmatched,manual_no_match,,,32.8561,130.772639,gsi_reference,reference_latitude_longitude,complete,0,1,1,0,0,0,0,0,0,0,0,0,0,0,0,0,0
ref:E4310000278112,d3dd4057860b75a60953,E4310000278112,E4310000278112,熊本市,武蔵塚武道場,熊本県熊本市北区龍田弓削1-1-10,武蔵塚武道場,熊本県熊本市北区龍田弓削1-1-10,1,,,32.84450051,130.7645015,"[{""共通ID"": ""E4310000278112"", ""経度"": ""130.7645015"", ""緯度"": ""32.84450051""}]",,matched,exact_name_address,1.000,reference/43000_1.csv,17068228366013260d8a1e506e0843bc9c0736e8ec7031a9e384d0d32abd7578,00000163,,0,kumamoto_portal_map,2026-08-01T00:28:20+09:00,matched,portal_shelter_id,1.000,32.844153,130.764427,,,unmatched,manual_no_match,,,32.84450051,130.7645015,gsi_reference,reference_latitude_longitude,complete,0,1,1,0,0,0,0,0,0,0,0,0,0,0,0,0,0
ref:E4310000271111,21fee0d3bf3948c7e746,E4310000271111,E4310000271111,熊本市,武蔵小学校,熊本県熊本市北区武蔵ケ丘3-15-1,武蔵小学校,熊本県熊本市北区武蔵ケ丘3-15-1,1,,,32.854032,130.767996,"[{""共通ID"": ""E4310000271111"", ""経度"": ""130.767996"", ""緯度"": ""32.854032""}]",,matched,exact_name_address,1.000,reference/43000_1.csv,17068228366013260d8a1e506e0843bc9c0736e8ec7031a9e384d0d32abd7578,00000175,,0,kumamoto_portal_map,2026-08-01T00:28:20+09:00,matched,portal_shelter_id,1.000,32.854257,130.767826,,,unmatched,manual_no_match,,,32.854032,130.767996,gsi_reference,reference_latitude_longitude,complete,0,1,1,0,0,0,0,0,0,0,0,0,0,0,0,0,0
ref:E4310000078111,d7460ba992ba4827ecdd,E4310000078111,E4310000078111,熊本市,水前寺競技場,熊本県熊本市中央区水前寺5-23-3,水前寺競技場,熊本県熊本市中央区水前寺5-23-3,1,,,32.794178282773,130.74136747619,"[{""共通ID"": ""E4310000078111"", ""経度"": ""130.74136747619"", ""緯度"": ""32.794178282773""}]",,matched,exact_name_address,1.000,reference/43000_1.csv,17068228366013260d8a1e506e0843bc9c0736e8ec7031a9e384d0d32abd7578,00000029,,0,kumamoto_portal_map,2026-08-01T00:28:20+09:00,matched,portal_shelter_id,1.000,32.794515,130.740764,,,unmatched,manual_no_match,,,32.794178282773,130.74136747619,gsi_reference,reference_latitude_longitude,complete,0,0,0,0,0,0,0,0,0,0,0,0,0,0,0,0,0
web:a8686c9b3a353a1462ae,a8686c9b3a353a1462ae,,,熊本市,水前寺競技場【ペット避難場所】,熊本市中央区水前寺5-23-3,,,,,,,,[],,unmatched,no_candidate,,reference/43000_1.csv,17068228366013260d8a1e506e0843bc9c0736e8ec7031a9e384d0d32abd7578,00002252,,0,kumamoto_portal_map,2026-08-01T00:28:20+09:00,matched,portal_shelter_id,1.000,32.7944344,130.7406853,32.79446798,130.7405985,matched,manual_shelter_id,マニュアルジオコーディング(1).csv,35f5dae36fe4e9577c53f227bd933e4604ed40e589ee27a700add2b32438424c,32.79446798,130.7405985,manual_geocoding,manual_shelter_id,complete,1,1,1,1,1,1,1,1,1,1,1,0,0,0,0,0,0
ref:E4310000111111,34dfcb5e0abf5276e639,E4310000111111,E4310000111111,熊本市,江南中学校,熊本県熊本市中央区本山町75,江南中学校,熊本県熊本市中央区本山町75,1,,,32.787578,130.698705,"[{""共通ID"": ""E4310000111111"", ""経度"": ""130.698705"", ""緯度"": ""32.787578""}]",,matched,exact_name_address,1.000,reference/43000_1.csv,17068228366013260d8a1e506e0843bc9c0736e8ec7031a9e384d0d32abd7578,00000020,,0,kumamoto_portal_map,2026-08-01T00:28:20+09:00,matched,portal_shelter_id,1.000,32.787596,130.699165,,,unmatched,manual_no_match,,,32.787578,130.698705,gsi_reference,reference_latitude_longitude,complete,1,1,1,0,0,0,0,0,0,0,0,0,0,0,0,0,0
ref:E4310000051111,d27774a8e4d35da959fd,E4310000051111,E4310000051111,熊本市,江原中学校,熊本県熊本市中央区琴平2-9-59,江原中学校,熊本県熊本市中央区琴平2-9-59,1,,,32.784347,130.70534,"[{""共通ID"": ""E4310000051111"", ""経度"": ""130.70534"", ""緯度"": ""32.784347""}]",,matched,exact_name_address,1.000,reference/43000_1.csv,17068228366013260d8a1e506e0843bc9c0736e8ec7031a9e384d0d32abd7578,00000036,,0,kumamoto_portal_map,2026-08-01T00:28:20+09:00,matched,portal_shelter_id,1.000,32.784291,130.705359,,,unmatched,manual_no_match,,,32.784347,130.70534,gsi_reference,reference_latitude_longitude,complete,1,1,1,0,0,0,0,0,0,0,0,0,0,0,0,0,0
ref:E4310000034111,7ccd584f2967da518bb0,E4310000034111,E4310000034111,熊本市,池上小学校,熊本県熊本市西区池上町850,池上小学校,熊本県熊本市西区池上町850,1,,,32.790488,130.67139,"[{""共通ID"": ""E4310000034111"", ""経度"": ""130.67139"", ""緯度"": ""32.790488""}]",,matched,exact_name_address,1.000,reference/43000_1.csv,17068228366013260d8a1e506e0843bc9c0736e8ec7031a9e384d0d32abd7578,00000073,,0,kumamoto_portal_map,2026-08-01T00:28:20+09:00,matched,portal_shelter_id,1.000,32.790651,130.671306,,,unmatched,manual_no_match,,,32.790488,130.67139,gsi_reference,reference_latitude_longitude,complete,0,1,1,0,0,0,0,0,0,0,0,0,0,0,0,0,0
ref:E4310000036111,7515a09d5dcab9e4f390,E4310000036111,E4310000036111,熊本市,池田小学校,熊本県熊本市西区池田1-28-5,池田小学校,熊本県熊本市西区池田1-28-5,1,,,32.825171,130.704221,"[{""共通ID"": ""E4310000036111"", ""経度"": ""130.704221"", ""緯度"": ""32.825171""}]",,matched,exact_name_address,1.000,reference/43000_1.csv,17068228366013260d8a1e506e0843bc9c0736e8ec7031a9e384d0d32abd7578,00000071,,0,kumamoto_portal_map,2026-08-01T00:28:20+09:00,matched,portal_shelter_id,1.000,32.824842,130.70433,,,unmatched,manual_no_match,,,32.825171,130.704221,gsi_reference,reference_latitude_longitude,complete,0,1,1,0,0,0,0,0,0,0,0,0,0,0,0,0,0
ref:E4310000002111,286aade4c92302e33079,E4310000002111,E4310000002111,熊本市,河内中学校,熊本県熊本市西区河内町船津2470-1,河内中学校,熊本県熊本市西区河内町船津2470-1,1,,,32.828426,130.590585,"[{""共通ID"": ""E4310000002111"", ""経度"": ""130.590585"", ""緯度"": ""32.828426""}]",,matched,exact_name_address,1.000,reference/43000_1.csv,17068228366013260d8a1e506e0843bc9c0736e8ec7031a9e384d0d32abd7578,00000084,,0,kumamoto_portal_map,2026-08-01T00:28:20+09:00,matched,portal_shelter_id,1.000,32.828759,130.590934,,,unmatched,manual_no_match,,,32.828426,130.590585,gsi_reference,reference_latitude_longitude,complete,0,0,0,0,0,0,0,0,0,0,0,0,0,0,0,0,0
ref:E4310000004111,f4ea4cb88cdf0f5342c2,E4310000004111,E4310000004111,熊本市,河内交流室・公民館,熊本県熊本市西区河内町船津791,河内交流室・公民館,熊本県熊本市西区河内町船津791,1,,,32.836669,130.583855,"[{""共通ID"": ""E4310000004111"", ""経度"": ""130.583855"", ""緯度"": ""32.836669""}]",,matched,exact_name_address,1.000,reference/43000_1.csv,17068228366013260d8a1e506e0843bc9c0736e8ec7031a9e384d0d32abd7578,00000081,,0,kumamoto_portal_map,2026-08-01T00:28:20+09:00,matched,portal_shelter_id,1.000,32.8366714,130.5838742,,,unmatched,manual_no_match,,,32.836669,130.583855,gsi_reference,reference_latitude_longitude,complete,0,1,1,1,1,1,0,0,0,0,0,0,0,0,0,0,0
ref:E4310000003111,5a8cfb3a290e79868e59,E4310000003111,E4310000003111,熊本市,河内小学校,熊本県熊本市西区河内町船津2505-2,河内小学校,熊本県熊本市西区河内町船津2505-2,1,,,32.828409,130.591517,"[{""共通ID"": ""E4310000003111"", ""経度"": ""130.591517"", ""緯度"": ""32.828409""}]",,matched,exact_name_address,1.000,reference/43000_1.csv,17068228366013260d8a1e506e0843bc9c0736e8ec7031a9e384d0d32abd7578,00000082,,0,kumamoto_portal_map,2026-08-01T00:28:20+09:00,matched,portal_shelter_id,1.000,32.828619,130.592034,,,unmatched,manual_no_match,,,32.828409,130.591517,gsi_reference,reference_latitude_longitude,complete,0,1,1,0,0,0,0,0,0,0,0,0,0,0,0,0,0
ref:E4310000152111,9ac172118b47f39d0cda,E4310000152111,E4310000152111,熊本市,泉ヶ丘小学校,熊本県熊本市東区水源1-7-1,泉ヶ丘小学校,熊本県熊本市東区水源1-7-1,1,,,32.776778,130.753034,"[{""共通ID"": ""E4310000152111"", ""経度"": ""130.753034"", ""緯度"": ""32.776778""}]",,matched,exact_name_address,1.000,reference/43000_1.csv,17068228366013260d8a1e506e0843bc9c0736e8ec7031a9e384d0d32abd7578,00000041,,0,kumamoto_portal_map,2026-08-01T00:28:20+09:00,matched,portal_shelter_id,1.000,32.776597,130.753244,,,unmatched,manual_no_match,,,32.776778,130.753034,gsi_reference,reference_latitude_longitude,complete,1,1,1,0,0,0,0,0,0,0,0,0,0,0,0,0,0
ref:E4310000227111,ad9fbcc45eb84c402557,E4310000227111,E4310000227111,熊本市,浜線健康パーク(田迎公園運動施設),熊本県熊本市南区良町4-8-1,浜線健康パーク(田迎公園運動施設),熊本県熊本市南区良町4-8-1,1,,,32.758796,130.728213,"[{""共通ID"": ""E4310000227111"", ""経度"": ""130.728213"", ""緯度"": ""32.758796""}]",,matched,exact_name_address,1.000,reference/43000_1.csv,17068228366013260d8a1e506e0843bc9c0736e8ec7031a9e384d0d32abd7578,00000120,,0,kumamoto_portal_map,2026-08-01T00:28:20+09:00,matched,portal_shelter_id,1.000,32.75900468,130.7282425,,,unmatched,manual_no_match,,,32.758796,130.728213,gsi_reference,reference_latitude_longitude,complete,0,1,1,1,1,1,0,0,0,0,0,0,0,0,0,0,0
ref:E4310000255111,77cd8b14c9b9359db117,E4310000255111,E4310000255111,熊本市,清水まちづくりセンター・公民館,熊本県熊本市北区清水亀井町14-7,清水まちづくりセンター・公民館,熊本県熊本市北区清水亀井町14-7,1,,,32.841336,130.721639,"[{""共通ID"": ""E4310000255111"", ""経度"": ""130.721639"", ""緯度"": ""32.841336""}]",,matched,exact_name_address,1.000,reference/43000_1.csv,17068228366013260d8a1e506e0843bc9c0736e8ec7031a9e384d0d32abd7578,00000154,,0,kumamoto_portal_map,2026-08-01T00:28:20+09:00,matched,portal_shelter_id,1.000,32.84143780000004,130.7216306,,,unmatched,manual_no_match,,,32.841336,130.721639,gsi_reference,reference_latitude_longitude,complete,0,1,1,1,1,1,1,1,1,1,1,0,0,0,0,0,0
ref:E4310000261111,c9ea945db941d63b900e,E4310000261111,E4310000261111,熊本市,清水スポーツセンター,熊本県熊本市北区清水万石2-3-73,清水スポーツセンター,熊本県熊本市北区清水万石2-3-73,1,,,32.829574,130.728767,"[{""共通ID"": ""E4310000261111"", ""経度"": ""130.728767"", ""緯度"": ""32.829574""}]",,matched,exact_name_address,1.000,reference/43000_1.csv,17068228366013260d8a1e506e0843bc9c0736e8ec7031a9e384d0d32abd7578,00000156,,0,kumamoto_portal_map,2026-08-01T00:28:20+09:00,matched,portal_shelter_id,1.000,32.82956,130.728837,,,unmatched,manual_no_match,,,32.829574,130.728767,gsi_reference,reference_latitude_longitude,complete,0,1,1,0,0,0,0,0,0,0,0,0,0,0,0,0,0
ref:E4310000257111,4340acb6aef691f79dc2,E4310000257111,E4310000257111,熊本市,清水中学校,熊本県熊本市北区清水新地2-3-1,清水中学校,熊本県熊本市北区清水新地2-3-1,1,,,32.849718,130.733967,"[{""共通ID"": ""E4310000257111"", ""経度"": ""130.733967"", ""緯度"": ""32.849718""}]",,matched,exact_name_address,1.000,reference/43000_1.csv,17068228366013260d8a1e506e0843bc9c0736e8ec7031a9e384d0d32abd7578,00000158,,0,kumamoto_portal_map,2026-08-01T00:28:20+09:00,matched,portal_shelter_id,1.000,32.849375,130.734088,,,unmatched,manual_no_match,,,32.849718,130.733967,gsi_reference,reference_latitude_longitude,complete,0,1,1,0,0,0,0,0,0,0,0,0,0,0,0,0,0
ref:E4310000260111,1f81c8c40ae0d2b6f554,E4310000260111,E4310000260111,熊本市,清水小学校,熊本県熊本市北区清水本町14-58,清水小学校,熊本県熊本市北区清水本町14-58,1,,,32.83281,130.724312,"[{""共通ID"": ""E4310000260111"", ""経度"": ""130.724312"", ""緯度"": ""32.83281""}]",,matched,exact_name_address,1.000,reference/43000_1.csv,17068228366013260d8a1e506e0843bc9c0736e8ec7031a9e384d0d32abd7578,00000155,,0,kumamoto_portal_map,2026-08-01T00:28:20+09:00,matched,portal_shelter_id,1.000,32.832842,130.72394,,,unmatched,manual_no_match,,,32.83281,130.724312,gsi_reference,reference_latitude_longitude,complete,0,1,1,0,0,0,0,0,0,0,0,0,0,0,0,0,0
web:68ebba8ceae244e886a8,68ebba8ceae244e886a8,,,熊本市,済々黌高校,熊本県熊本市中央区黒髪2丁目22-1,,,,,,,,[],,unmatched,no_candidate,,reference/43000_1.csv,dd6686fa000c3e720180ba96d02aacff987aec1bba3c9bc69a5867fc0089d10d,00000186,,0,kumamoto_portal_map,2026-08-01T00:28:20+09:00,matched,portal_shelter_id,1.000,32.817399,130.722884,32.81655996,130.7231465,matched,manual_shelter_id,マニュアルジオコーディング(1).csv,35f5dae36fe4e9577c53f227bd933e4604ed40e589ee27a700add2b32438424c,32.81655996,130.7231465,manual_geocoding,manual_shelter_id,complete,1,1,1,1,0,0,0,0,0,0,0,0,0,0,0,0,0
ref:E4310000132111,c4079ec0208a04d69a65,E4310000132111,E4310000132111,熊本市,湖東中学校,熊本県熊本市東区湖東1-13-1,湖東中学校,熊本県熊本市東区湖東1-13-1,1,,,32.781329,130.748048,"[{""共通ID"": ""E4310000132111"", ""経度"": ""130.748048"", ""緯度"": ""32.781329""}]",,matched,exact_name_address,1.000,reference/43000_1.csv,17068228366013260d8a1e506e0843bc9c0736e8ec7031a9e384d0d32abd7578,00000048,,0,kumamoto_portal_map,2026-08-01T00:28:20+09:00,matched,portal_shelter_id,1.000,32.781097,130.748022,,,unmatched,manual_no_match,,,32.781329,130.748048,gsi_reference,reference_latitude_longitude,complete,1,1,1,1,0,0,0,0,0,0,0,0,0,0,0,0,0
ref:E4310000203111,dc50d40b2f9646bd9651,E4310000203111,E4310000203111,熊本市,火の君文化センター,熊本県熊本市南区城南町舞原394番地1,火の君文化センター,熊本県熊本市南区城南町舞原394-1,1,,,32.707404,130.740024,"[{""共通ID"": ""E4310000203111"", ""経度"": ""130.740024"", ""緯度"": ""32.707404""}]",,matched,exact_name_municipality,0.990,reference/43000_1.csv,17068228366013260d8a1e506e0843bc9c0736e8ec7031a9e384d0d32abd7578,00000138,,0,kumamoto_portal_map,2026-08-01T00:28:20+09:00,matched,portal_shelter_id,1.000,32.70747,130.739995,,,unmatched,manual_no_match,,,32.707404,130.740024,gsi_reference,reference_latitude_longitude,complete,0,1,1,1,1,1,1,1,1,1,1,1,1,1,1,1,1
web:ea37c810630367993fe2,ea37c810630367993fe2,,,熊本市,熊本刑務所,熊本県熊本市中央区渡鹿7丁目12ー1,,,,,,,,[],,unmatched,no_candidate,,reference/43000_1.csv,dd6686fa000c3e720180ba96d02aacff987aec1bba3c9bc69a5867fc0089d10d,00002256,,0,kumamoto_portal_map,2026-08-01T00:28:20+09:00,matched,portal_shelter_id,1.000,32.809403837771136,130.7386300762243,32.80925751,130.7384538,matched,manual_shelter_id,マニュアルジオコーディング(1).csv,35f5dae36fe4e9577c53f227bd933e4604ed40e589ee27a700add2b32438424c,32.80925751,130.7384538,manual_geocoding,manual_shelter_id,complete,1,1,1,1,1,1,0,0,0,0,0,0,0,0,0,0,0
web:89e66c21ccc929c79f19,89e66c21ccc929c79f19,,,熊本市,熊本北高校,熊本市北区兎谷3丁目5-1,,,,,,,,[],,unmatched,no_candidate,,reference/43000_1.csv,dd6686fa000c3e720180ba96d02aacff987aec1bba3c9bc69a5867fc0089d10d,00000197,,0,kumamoto_portal_map,2026-08-01T00:28:20+09:00,matched,portal_shelter_id,1.000,32.84165,130.746685,32.84134381,130.7470975,matched,manual_shelter_id,マニュアルジオコーディング(1).csv,35f5dae36fe4e9577c53f227bd933e4604ed40e589ee27a700add2b32438424c,32.84134381,130.7470975,manual_geocoding,manual_shelter_id,complete,0,1,1,0,0,0,0,0,0,0,0,0,0,0,0,0,0
web:9db5a91275ae29313c40,9db5a91275ae29313c40,,,熊本市,熊本商業高校,熊本県熊本市中央区神水1丁目1-2,,,,,,,,[],,unmatched,no_candidate,,reference/43000_1.csv,dd6686fa000c3e720180ba96d02aacff987aec1bba3c9bc69a5867fc0089d10d,00000188,,0,kumamoto_portal_map,2026-08-01T00:28:20+09:00,matched,portal_shelter_id,1.000,32.786485,130.740412,32.78658688,130.7400923,matched,manual_shelter_id,マニュアルジオコーディング(1).csv,35f5dae36fe4e9577c53f227bd933e4604ed40e589ee27a700add2b32438424c,32.78658688,130.7400923,manual_geocoding,manual_shelter_id,complete,1,1,1,0,0,0,0,0,0,0,0,0,0,0,0,0,0
web:e058f968109ebad6cc37,e058f968109ebad6cc37,,,熊本市,熊本大学大江体育館,熊本県熊本市中央区大江本町5-1,,,,,,,,[],,unmatched,no_candidate,,reference/43000_1.csv,dd6686fa000c3e720180ba96d02aacff987aec1bba3c9bc69a5867fc0089d10d,00000183,,0,kumamoto_portal_map,2026-08-01T00:28:20+09:00,matched,portal_shelter_id,1.000,32.794526,130.720868,32.80723567,130.7282172,matched,manual_shelter_id,マニュアルジオコーディング(1).csv,35f5dae36fe4e9577c53f227bd933e4604ed40e589ee27a700add2b32438424c,32.80723567,130.7282172,manual_geocoding,manual_shelter_id,complete,1,1,1,0,0,0,0,0,0,0,0,0,0,0,0,0,0
web:e1a7830548efc400ddea,e1a7830548efc400ddea,,,熊本市,熊本大学本荘体育館,熊本県熊本市中央区九品寺4丁目24番1号,,,,,,,,[],,unmatched,no_candidate,,reference/43000_1.csv,dd6686fa000c3e720180ba96d02aacff987aec1bba3c9bc69a5867fc0089d10d,00000187,,0,kumamoto_portal_map,2026-08-01T00:28:20+09:00,matched,portal_shelter_id,1.000,32.792645,130.714441,32.79357186,130.7152586,matched,manual_shelter_id,マニュアルジオコーディング(1).csv,35f5dae36fe4e9577c53f227bd933e4604ed40e589ee27a700add2b32438424c,32.79357186,130.7152586,manual_geocoding,manual_shelter_id,complete,1,1,1,0,0,0,0,0,0,0,0,0,0,0,0,0,0
web:94a671499e0adc80a9c5,94a671499e0adc80a9c5,,,熊本市,熊本学園大学,熊本県熊本市中央区大江2丁目5-1,,,,,,,,[],,unmatched,no_candidate,,reference/43000_1.csv,dd6686fa000c3e720180ba96d02aacff987aec1bba3c9bc69a5867fc0089d10d,00000184,,0,kumamoto_portal_map,2026-08-01T00:28:20+09:00,matched,portal_shelter_id,1.000,32.804372,130.72944,32.80470069,130.728834,matched,manual_shelter_id,マニュアルジオコーディング(1).csv,35f5dae36fe4e9577c53f227bd933e4604ed40e589ee27a700add2b32438424c,32.80470069,130.728834,manual_geocoding,manual_shelter_id,complete,1,1,1,0,0,0,0,0,0,0,0,0,0,0,0,0,0
web:d54cb7159e4318be2070,d54cb7159e4318be2070,,,熊本市,熊本工業高校,熊本県熊本市中央区上京塚町5-1,,,,,,,,[],,unmatched,no_candidate,,reference/43000_1.csv,dd6686fa000c3e720180ba96d02aacff987aec1bba3c9bc69a5867fc0089d10d,00002264,,0,kumamoto_portal_map,2026-08-01T00:28:20+09:00,matched,portal_shelter_id,1.000,32.792393,130.747075,32.79243559,130.7471977,matched,manual_shelter_id,マニュアルジオコーディング(1).csv,35f5dae36fe4e9577c53f227bd933e4604ed40e589ee27a700add2b32438424c,32.79243559,130.7471977,manual_geocoding,manual_shelter_id,complete,1,1,1,0,0,0,0,0,0,0,0,0,0,0,0,0,0
ref:E4310000065111,7d8076d1ef870767d0bf,E4310000065111,E4310000065111,熊本市,熊本市総合体育館・青年会館,熊本県熊本市中央区出水2丁目7-1,熊本市総合体育館・青年会館,熊本県熊本市中央区出水2-7-1,1,,,32.785117,130.736607,"[{""共通ID"": ""E4310000065111"", ""経度"": ""130.736607"", ""緯度"": ""32.785117""}]",,matched,exact_name_municipality,0.990,reference/43000_1.csv,17068228366013260d8a1e506e0843bc9c0736e8ec7031a9e384d0d32abd7578,00000030,,0,kumamoto_portal_map,2026-08-01T00:28:20+09:00,matched,portal_shelter_id,1.000,32.785244,130.736623,,,unmatched,manual_no_match,,,32.785117,130.736607,gsi_reference,reference_latitude_longitude,complete,1,1,1,1,1,1,1,1,1,1,1,0,0,0,0,0,0
ref:E4310000231111,cfd94a44649157e1404b,E4310000231111,E4310000231111,熊本市,熊本市食品交流会館,熊本県熊本市北区貢町581-2,熊本市食品交流会館,熊本県熊本市北区貢町581-2,1,,,32.848313,130.695971,"[{""共通ID"": ""E4310000231111"", ""経度"": ""130.695971"", ""緯度"": ""32.848313""}]",,matched,exact_name_address,1.000,reference/43000_1.csv,17068228366013260d8a1e506e0843bc9c0736e8ec7031a9e384d0d32abd7578,00000169,,0,kumamoto_portal_map,2026-08-01T00:28:20+09:00,matched,portal_shelter_id,1.000,32.848249,130.695997,,,unmatched,manual_no_match,,,32.848313,130.695971,gsi_reference,reference_latitude_longitude,complete,0,1,1,1,1,1,1,0,0,0,0,0,0,0,0,0,0
web:d0c8a16c421a63c43297,d0c8a16c421a63c43297,,,熊本市,熊本武道館,熊本県熊本市中央区水前寺5丁目23ー2,,,,,,,,[],,unmatched,no_candidate,,reference/43000_1.csv,dd6686fa000c3e720180ba96d02aacff987aec1bba3c9bc69a5867fc0089d10d,00002248,,0,kumamoto_portal_map,2026-08-01T00:28:20+09:00,matched,portal_shelter_id,1.000,32.7931149,130.7389898,32.79317672,130.7389561,matched,manual_shelter_id,マニュアルジオコーディング(1).csv,35f5dae36fe4e9577c53f227bd933e4604ed40e589ee27a700add2b32438424c,32.79317672,130.7389561,manual_geocoding,manual_shelter_id,complete,1,1,1,0,0,0,0,0,0,0,0,0,0,0,0,0,0
web:271878f9cb57268137a0,271878f9cb57268137a0,,,熊本市,熊本県立大学,熊本市東区月出3丁目1-100,,,,,,,,[],,unmatched,no_candidate,,reference/43000_1.csv,dd6686fa000c3e720180ba96d02aacff987aec1bba3c9bc69a5867fc0089d10d,00000191,,0,kumamoto_portal_map,2026-08-01T00:28:20+09:00,matched,portal_shelter_id,1.000,32.805681,130.764915,32.8058545,130.7644745,matched,manual_shelter_id,マニュアルジオコーディング(1).csv,35f5dae36fe4e9577c53f227bd933e4604ed40e589ee27a700add2b32438424c,32.8058545,130.7644745,manual_geocoding,manual_shelter_id,complete,0,1,1,0,0,0,0,0,0,0,0,0,0,0,0,0,0
web:7d8be1d34b09c1571fcf,7d8be1d34b09c1571fcf,,,熊本市,熊本県立総合体育館,熊本県熊本市西区上熊本1丁目9-28,,,,,,,,[],,unmatched,no_candidate,,reference/43000_1.csv,17068228366013260d8a1e506e0843bc9c0736e8ec7031a9e384d0d32abd7578,00002191,,0,kumamoto_portal_map,2026-08-01T00:28:20+09:00,matched,portal_shelter_id,1.000,32.8140808,130.7019483,32.81450868,130.7016478,matched,manual_shelter_id,マニュアルジオコーディング(1).csv,35f5dae36fe4e9577c53f227bd933e4604ed40e589ee27a700add2b32438424c,32.81450868,130.7016478,manual_geocoding,manual_shelter_id,complete,1,1,1,1,1,1,1,1,1,1,1,0,0,0,0,0,0
web:0d414b9d9107783208a9,0d414b9d9107783208a9,,,熊本市,熊本西高校,熊本市西区城山大塘5丁目5-15,,,,,,,,[],,unmatched,no_candidate,,reference/43000_1.csv,dd6686fa000c3e720180ba96d02aacff987aec1bba3c9bc69a5867fc0089d10d,00000194,,0,kumamoto_portal_map,2026-08-01T00:28:20+09:00,matched,portal_shelter_id,1.000,32.782512,130.649085,32.7826862,130.6490762,matched,manual_shelter_id,マニュアルジオコーディング(1).csv,35f5dae36fe4e9577c53f227bd933e4604ed40e589ee27a700add2b32438424c,32.7826862,130.6490762,manual_geocoding,manual_shelter_id,complete,0,1,1,0,0,0,0,0,0,0,0,0,0,0,0,0,0
web:26e35ed650bd8fb7ebc9,26e35ed650bd8fb7ebc9,,,熊本市,熊本駅周辺帰宅困難者対策本部,熊本市西区春日2丁目10-1,,,,,,,,[],,unmatched,no_candidate,,reference/43000_1.csv,dd6686fa000c3e720180ba96d02aacff987aec1bba3c9bc69a5867fc0089d10d,00002294,,0,kumamoto_portal_map,2026-08-01T00:28:20+09:00,matched,portal_shelter_id,1.000,32.7862294,130.6885205,32.7862315,130.6885114,matched,manual_shelter_id,マニュアルジオコーディング(1).csv,35f5dae36fe4e9577c53f227bd933e4604ed40e589ee27a700add2b32438424c,32.7862315,130.6885114,manual_geocoding,manual_shelter_id,complete,1,1,0,0,0,0,0,0,0,0,0,0,0,0,0,0,0
ref:E4344300004121,5119f8dcdb28f393ee3b,E4344300004121,E4344300004121,熊本市,特別養護老人ホームシルバーピアさくら樹,熊本県熊本市東区佐土原3-12-26,特別養護老人ホームシルバーピアさくら樹,熊本県熊本市東区佐土原3-12-26,,,町が特定した在宅の身体障がい者、要介護者のうち、一般的な避難所では生活に支障をきたすもの,32.795304276417,130.78245428508,"[{""共通ID"": ""E4344300004121"", ""経度"": ""130.78245428508"", ""緯度"": ""32.795304276417""}]",,matched,exact_name_address,1.000,reference/43000_1.csv,17068228366013260d8a1e506e0843bc9c0736e8ec7031a9e384d0d32abd7578,,,,,,unmatched,no_candidate,,,,,,unmatched,manual_no_match,,,32.795304276417,130.78245428508,gsi_reference,reference_latitude_longitude,complete,0,0,0,0,0,0,0,0,0,0,0,0,0,0,0,0,0
ref:E4310000118111,4d1ac751a9b67d9aadb0,E4310000118111,E4310000118111,熊本市,環境総合センター,熊本県熊本市東区画図町所島404-1,環境総合センター,熊本県熊本市東区画図町所島404-1,1,,,32.76411077,130.7344769,"[{""共通ID"": ""E4310000118111"", ""経度"": ""130.7344769"", ""緯度"": ""32.76411077""}]",,matched,exact_name_address,1.000,reference/43000_1.csv,17068228366013260d8a1e506e0843bc9c0736e8ec7031a9e384d0d32abd7578,00000043,,0,kumamoto_portal_map,2026-08-01T00:28:20+09:00,matched,portal_shelter_id,1.000,32.76407,130.73444,,,unmatched,manual_no_match,,,32.76411077,130.7344769,gsi_reference,reference_latitude_longitude,complete,1,1,1,1,0,0,0,0,0,0,0,0,0,0,0,0,0
ref:E4310000251111,7b675738917e3ecda51b,E4310000251111,E4310000251111,熊本市,田原小学校,熊本県熊本市北区植木町富応1302-5,田原小学校,熊本県熊本市北区植木町富応1302-5,1,,,32.91052,130.664769,"[{""共通ID"": ""E4310000251111"", ""経度"": ""130.664769"", ""緯度"": ""32.91052""}]",,matched,exact_name_address,1.000,reference/43000_1.csv,17068228366013260d8a1e506e0843bc9c0736e8ec7031a9e384d0d32abd7578,00000167,,0,kumamoto_portal_map,2026-08-01T00:28:20+09:00,matched,portal_shelter_id,1.000,32.910445,130.664693,,,unmatched,manual_no_match,,,32.91052,130.664769,gsi_reference,reference_latitude_longitude,complete,0,1,1,0,0,0,0,0,0,0,0,0,0,0,0,0,0
ref:E4310000246111,70a9c1202382cd331a5a,E4310000246111,E4310000246111,熊本市,田底小学校,熊本県熊本市北区植木町正清515,田底小学校,熊本県熊本市北区植木町正清515,1,,,32.962701,130.716955,"[{""共通ID"": ""E4310000246111"", ""経度"": ""130.716955"", ""緯度"": ""32.962701""}]",,matched,exact_name_address,1.000,reference/43000_1.csv,17068228366013260d8a1e506e0843bc9c0736e8ec7031a9e384d0d32abd7578,00000160,,0,kumamoto_portal_map,2026-08-01T00:28:20+09:00,matched,portal_shelter_id,1.000,32.962692,130.716966,,,unmatched,manual_no_match,,,32.962701,130.716955,gsi_reference,reference_latitude_longitude,complete,0,1,1,0,0,0,0,0,0,0,0,0,0,0,0,0,0
ref:E4310000208111,b79d41973ee244ff98ce,E4310000208111,E4310000208111,熊本市,田迎南小学校,熊本県熊本市南区田井島3-12-1,田迎南小学校,熊本県熊本市南区田井島3-12-1,1,,,32.762991,130.724035,"[{""共通ID"": ""E4310000208111"", ""経度"": ""130.724035"", ""緯度"": ""32.762991""}]",,matched,exact_name_address,1.000,reference/43000_1.csv,17068228366013260d8a1e506e0843bc9c0736e8ec7031a9e384d0d32abd7578,00000119,,0,kumamoto_portal_map,2026-08-01T00:28:20+09:00,matched,portal_shelter_id,1.000,32.762577,130.724861,,,unmatched,manual_no_match,,,32.762991,130.724035,gsi_reference,reference_latitude_longitude,complete,0,1,1,1,1,1,0,0,0,0,0,0,0,0,0,0,0
ref:E4310000193111,db42a6b7f7c8b28bb953,E4310000193111,E4310000193111,熊本市,田迎小学校,熊本県熊本市南区出仲間8-3-30,田迎小学校,熊本県熊本市南区出仲間8-3-30,1,,,32.767956,130.720313,"[{""共通ID"": ""E4310000193111"", ""経度"": ""130.720313"", ""緯度"": ""32.767956""}]",,matched,exact_name_address,1.000,reference/43000_1.csv,17068228366013260d8a1e506e0843bc9c0736e8ec7031a9e384d0d32abd7578,00000116,,0,kumamoto_portal_map,2026-08-01T00:28:20+09:00,matched,portal_shelter_id,1.000,32.768264,130.719802,,,unmatched,manual_no_match,,,32.767956,130.720313,gsi_reference,reference_latitude_longitude,complete,0,1,1,0,0,0,0,0,0,0,0,0,0,0,0,0,0
ref:E4310000213111,096dba3e45108eb8a8c0,E4310000213111,E4310000213111,熊本市,田迎西小学校,熊本県熊本市南区馬渡2丁目5-1,田迎西小学校,熊本県熊本市南区馬渡2-5-1,1,,,32.774204,130.705439,"[{""共通ID"": ""E4310000213111"", ""経度"": ""130.705439"", ""緯度"": ""32.774204""}]",,matched,exact_name_municipality,0.990,reference/43000_1.csv,17068228366013260d8a1e506e0843bc9c0736e8ec7031a9e384d0d32abd7578,00000118,,0,kumamoto_portal_map,2026-08-01T00:28:20+09:00,matched,portal_shelter_id,1.000,32.774147,130.705442,,,unmatched,manual_no_match,,,32.774204,130.705439,gsi_reference,reference_latitude_longitude,complete,0,1,1,1,1,1,1,1,1,1,1,1,0,0,0,0,0
ref:E4310000115111,0d976b9bf6f1f9a3b8dc,E4310000115111,E4310000115111,熊本市,画図小学校,熊本県熊本市東区下江津8-1-6,画図小学校,熊本県熊本市東区下江津8-1-6,1,,,32.767193,130.739992,"[{""共通ID"": ""E4310000115111"", ""経度"": ""130.739992"", ""緯度"": ""32.767193""}]",,matched,exact_name_address,1.000,reference/43000_1.csv,17068228366013260d8a1e506e0843bc9c0736e8ec7031a9e384d0d32abd7578,00000042,,0,kumamoto_portal_map,2026-08-01T00:28:20+09:00,matched,portal_shelter_id,1.000,32.766961,130.740094,,,unmatched,manual_no_match,,,32.767193,130.739992,gsi_reference,reference_latitude_longitude,complete,1,1,1,0,0,0,0,0,0,0,0,0,0,0,0,0,0
ref:E4310000046111,7775a08bf6b0c6de0682,E4310000046111,E4310000046111,熊本市,白坪小学校,熊本県熊本市西区蓮台寺4-4-1,白坪小学校,熊本県熊本市西区蓮台寺4-4-1,1,,,32.777815,130.684143,"[{""共通ID"": ""E4310000046111"", ""経度"": ""130.684143"", ""緯度"": ""32.777815""}]",,matched,exact_name_address,1.000,reference/43000_1.csv,17068228366013260d8a1e506e0843bc9c0736e8ec7031a9e384d0d32abd7578,00000088,,0,kumamoto_portal_map,2026-08-01T00:28:20+09:00,matched,portal_shelter_id,1.000,32.777636,130.684141,,,unmatched,manual_no_match,,,32.777815,130.684143,gsi_reference,reference_latitude_longitude,complete,0,1,1,0,0,0,0,0,0,0,0,0,0,0,0,0,0
ref:E4310000080111,6f17a225816bb897fed8,E4310000080111,E4310000080111,熊本市,白山小学校,熊本県熊本市中央区菅原町9-1,白山小学校,熊本県熊本市中央区菅原町9-1,1,,,32.790061,130.719695,"[{""共通ID"": ""E4310000080111"", ""経度"": ""130.719695"", ""緯度"": ""32.790061""}]",,matched,exact_name_address,1.000,reference/43000_1.csv,17068228366013260d8a1e506e0843bc9c0736e8ec7031a9e384d0d32abd7578,00000034,,0,kumamoto_portal_map,2026-08-01T00:28:20+09:00,matched,portal_shelter_id,1.000,32.789401,130.719635,,,unmatched,manual_no_match,,,32.790061,130.719695,gsi_reference,reference_latitude_longitude,complete,1,1,1,1,1,1,1,1,1,1,1,0,0,0,0,0,0
ref:E4310000091111,406028be9866e611eb17,E4310000091111,E4310000091111,熊本市,白川中学校,熊本県熊本市中央区大江3-1-12,白川中学校,熊本県熊本市中央区大江3-1-12,1,,,32.80339,130.722104,"[{""共通ID"": ""E4310000091111"", ""経度"": ""130.722104"", ""緯度"": ""32.80339""}]",,matched,exact_name_address,1.000,reference/43000_1.csv,17068228366013260d8a1e506e0843bc9c0736e8ec7031a9e384d0d32abd7578,00000009,,0,kumamoto_portal_map,2026-08-01T00:28:20+09:00,matched,portal_shelter_id,1.000,32.803844,130.722329,,,unmatched,manual_no_match,,,32.80339,130.722104,gsi_reference,reference_latitude_longitude,complete,1,1,1,0,0,0,0,0,0,0,0,0,0,0,0,0,0
ref:E4310000072111,eb99457caf70f60bbc37,E4310000072111,E4310000072111,熊本市,白川小学校,熊本県熊本市中央区新屋敷1-7-13,白川小学校,熊本県熊本市中央区新屋敷1-7-13,1,,,32.802677,130.716847,"[{""共通ID"": ""E4310000072111"", ""経度"": ""130.716847"", ""緯度"": ""32.802677""}]",,matched,exact_name_address,1.000,reference/43000_1.csv,17068228366013260d8a1e506e0843bc9c0736e8ec7031a9e384d0d32abd7578,00000027,,0,kumamoto_portal_map,2026-08-01T00:28:20+09:00,matched,portal_shelter_id,1.000,32.802622,130.716913,,,unmatched,manual_no_match,,,32.802677,130.716847,gsi_reference,reference_latitude_longitude,complete,1,1,1,0,0,0,0,0,0,0,0,0,0,0,0,0,0
ref:E4344300005121,e163223bbceaf60e8ce7,E4344300005121,E4344300005121,熊本市,盲養護老人ホーム熊本めぐみの園,熊本県熊本市東区小山1781,盲養護老人ホーム熊本めぐみの園,熊本県熊本市東区小山1781,,,町が特定した在宅の身体障がい者、要介護者のうち、一般的な避難所では生活に支障をきたすもの,32.831782254471,130.81219998306,"[{""共通ID"": ""E4344300005121"", ""経度"": ""130.81219998306"", ""緯度"": ""32.831782254471""}]",,matched,exact_name_address,1.000,reference/43000_1.csv,17068228366013260d8a1e506e0843bc9c0736e8ec7031a9e384d0d32abd7578,,,,,,unmatched,no_candidate,,,,,,unmatched,manual_no_match,,,32.831782254471,130.81219998306,gsi_reference,reference_latitude_longitude,complete,0,0,0,0,0,0,0,0,0,0,0,0,0,0,0,0,0
ref:E4310000075111,1bf287f4f663852480a2,E4310000075111,E4310000075111,熊本市,砂取小学校,熊本県熊本市中央区神水1-1-1,砂取小学校,熊本県熊本市中央区神水1-1-1,1,,,32.787241,130.738785,"[{""共通ID"": ""E4310000075111"", ""経度"": ""130.738785"", ""緯度"": ""32.787241""}]",,matched,exact_name_address,1.000,reference/43000_1.csv,17068228366013260d8a1e506e0843bc9c0736e8ec7031a9e384d0d32abd7578,00000028,,0,kumamoto_portal_map,2026-08-01T00:28:20+09:00,matched,portal_shelter_id,1.000,32.787152,130.738745,,,unmatched,manual_no_match,,,32.787241,130.738785,gsi_reference,reference_latitude_longitude,complete,1,1,1,1,0,0,0,0,0,0,0,0,0,0,0,0,0
ref:E4310000047111,d36d22f47ed49b8f2ae0,E4310000047111,E4310000047111,熊本市,碩台小学校,熊本県熊本市中央区井川淵町4-8,碩台小学校,熊本県熊本市中央区井川淵町4-8,1,,,32.809114,130.718431,"[{""共通ID"": ""E4310000047111"", ""経度"": ""130.718431"", ""緯度"": ""32.809114""}]",,matched,exact_name_address,1.000,reference/43000_1.csv,17068228366013260d8a1e506e0843bc9c0736e8ec7031a9e384d0d32abd7578,00000032,,0,kumamoto_portal_map,2026-08-01T00:28:20+09:00,matched,portal_shelter_id,1.000,32.809455,130.718496,,,unmatched,manual_no_match,,,32.809114,130.718431,gsi_reference,reference_latitude_longitude,complete,1,1,1,0,0,0,0,0,0,0,0,0,0,0,0,0,0
ref:E4344400002121,f025ac1bb4a835721073,E4344400002121,E4344400002121,熊本市,社会福祉法人 恵春会特別養護老人ホーム 祥麟館,熊本県熊本市南区沈目1513,社会福祉法人 恵春会特別養護老人ホーム 祥麟館,熊本県熊本市南区沈目1513,,事前に福祉課に要相談,要介護高齢者、障害者、妊産婦、乳幼児等,32.6970881590132,130.750495830281,"[{""共通ID"": ""E4344400002121"", ""経度"": ""130.750495830281"", ""緯度"": ""32.6970881590132""}]",,matched,exact_name_address,1.000,reference/43000_1.csv,17068228366013260d8a1e506e0843bc9c0736e8ec7031a9e384d0d32abd7578,,,,,,unmatched,no_candidate,,,,,,unmatched,manual_no_match,,,32.6970881590132,130.750495830281,gsi_reference,reference_latitude_longitude,complete,0,0,0,0,0,0,0,0,0,0,0,0,0,0,0,0,0
ref:E4310000141111,da6d9f315471071a3f0c,E4310000141111,E4310000141111,熊本市,秋津まちづくりセンター・公民館,熊本県熊本市東区秋津3丁目15-1,秋津まちづくりセンター・公民館,熊本県熊本市東区秋津3-15-1,1,,,32.771161,130.773298,"[{""共通ID"": ""E4310000141111"", ""経度"": ""130.773298"", ""緯度"": ""32.771161""}]",,matched,exact_name_municipality,0.990,reference/43000_1.csv,17068228366013260d8a1e506e0843bc9c0736e8ec7031a9e384d0d32abd7578,00000038,,0,kumamoto_portal_map,2026-08-01T00:28:20+09:00,matched,portal_shelter_id,1.000,32.771237000000006,130.77320999999998,,,unmatched,manual_no_match,,,32.771161,130.773298,gsi_reference,reference_latitude_longitude,complete,1,1,1,1,1,1,1,1,1,1,1,1,1,1,1,1,1
ref:E4310000143111,9bccb64661aaf437d2f9,E4310000143111,E4310000143111,熊本市,秋津小学校,熊本県熊本市東区秋津3-9-20,秋津小学校,熊本県熊本市東区秋津3-9-20,1,,,32.772485,130.771715,"[{""共通ID"": ""E4310000143111"", ""経度"": ""130.771715"", ""緯度"": ""32.772485""}]",,matched,exact_name_address,1.000,reference/43000_1.csv,17068228366013260d8a1e506e0843bc9c0736e8ec7031a9e384d0d32abd7578,00000039,,0,kumamoto_portal_map,2026-08-01T00:28:20+09:00,matched,portal_shelter_id,1.000,32.77232,130.772049,,,unmatched,manual_no_match,,,32.772485,130.771715,gsi_reference,reference_latitude_longitude,complete,0,0,0,0,0,0,0,0,0,0,0,0,0,0,0,0,0
ref:E4310000101111,018eed9b9a4ef520d41f,E4310000101111,E4310000101111,熊本市,竜南中学校,熊本県熊本市中央区坪井4-16-1,竜南中学校,熊本県熊本市中央区坪井4-16-1,1,,,32.817869,130.715085,"[{""共通ID"": ""E4310000101111"", ""経度"": ""130.715085"", ""緯度"": ""32.817869""}]",,matched,exact_name_address,1.000,reference/43000_1.csv,17068228366013260d8a1e506e0843bc9c0736e8ec7031a9e384d0d32abd7578,00000015,,0,kumamoto_portal_map,2026-08-01T00:28:20+09:00,matched,portal_shelter_id,1.000,32.817593,130.714441,,,unmatched,manual_no_match,,,32.817869,130.715085,gsi_reference,reference_latitude_longitude,complete,1,1,1,0,0,0,0,0,0,0,0,0,0,0,0,0,0
web:37ecdf0ff34eabd36f40,37ecdf0ff34eabd36f40,,,熊本市,第二高校,熊本市東区東町3丁目13-1,,,,,,,,[],,unmatched,no_candidate,,reference/43000_1.csv,dd6686fa000c3e720180ba96d02aacff987aec1bba3c9bc69a5867fc0089d10d,00000192,,0,kumamoto_portal_map,2026-08-01T00:28:20+09:00,matched,portal_shelter_id,1.000,32.782208,130.766799,32.78185078,130.766892,matched,manual_shelter_id,マニュアルジオコーディング(1).csv,35f5dae36fe4e9577c53f227bd933e4604ed40e589ee27a700add2b32438424c,32.78185078,130.766892,manual_geocoding,manual_shelter_id,complete,0,1,1,0,0,0,0,0,0,0,0,0,0,0,0,0,0
ref:E4310000009111,a205c418fbaf6ce3be43,E4310000009111,E4310000009111,熊本市,花園まちづくりセンター・公民館,熊本県熊本市西区花園5丁目8-3,花園まちづくりセンター・公民館,熊本県熊本市西区花園5-8-3,1,,,32.817577,130.694862,"[{""共通ID"": ""E4310000009111"", ""経度"": ""130.694862"", ""緯度"": ""32.817577""}]",,matched,exact_name_municipality,0.990,reference/43000_1.csv,17068228366013260d8a1e506e0843bc9c0736e8ec7031a9e384d0d32abd7578,00000092,,0,kumamoto_portal_map,2026-08-01T00:28:20+09:00,matched,portal_shelter_id,1.000,32.81763602,130.69498219999997,,,unmatched,manual_no_match,,,32.817577,130.694862,gsi_reference,reference_latitude_longitude,complete,0,1,1,1,1,1,1,1,1,1,1,1,1,1,1,1,1
ref:E4310000011111,bdf5b20951a2004cd058,E4310000011111,E4310000011111,熊本市,花園小学校,熊本県熊本市西区花園6-9-15,花園小学校,熊本県熊本市西区花園6-9-15,1,,,32.822749,130.690747,"[{""共通ID"": ""E4310000011111"", ""経度"": ""130.690747"", ""緯度"": ""32.822749""}]",,matched,exact_name_address,1.000,reference/43000_1.csv,17068228366013260d8a1e506e0843bc9c0736e8ec7031a9e384d0d32abd7578,00000093,,0,kumamoto_portal_map,2026-08-01T00:28:20+09:00,matched,portal_shelter_id,1.000,32.822704,130.690748,,,unmatched,manual_no_match,,,32.822749,130.690747,gsi_reference,reference_latitude_longitude,complete,0,1,1,0,0,0,0,0,0,0,0,0,0,0,0,0,0
ref:E4310000044111,1491f6e79fadcec82fca,E4310000044111,E4310000044111,熊本市,花陵中学校,熊本県熊本市西区八島2-14-1,花陵中学校,熊本県熊本市西区八島2-14-1,1,,,32.779347,130.678545,"[{""共通ID"": ""E4310000044111"", ""経度"": ""130.678545"", ""緯度"": ""32.779347""}]",,matched,exact_name_address,1.000,reference/43000_1.csv,17068228366013260d8a1e506e0843bc9c0736e8ec7031a9e384d0d32abd7578,00000089,,0,kumamoto_portal_map,2026-08-01T00:28:20+09:00,matched,portal_shelter_id,1.000,32.779041,130.677667,,,unmatched,manual_no_match,,,32.779347,130.678545,gsi_reference,reference_latitude_longitude,complete,0,1,1,0,0,0,0,0,0,0,0,0,0,0,0,0,0
ref:E4310000006111,c1c11a8e8806cc30564a,E4310000006111,E4310000006111,熊本市,芳野コミュニティセンター,熊本県熊本市西区河内町野出1410,芳野コミュニティセンター,熊本県熊本市西区河内町野出1410,1,,,32.843362,130.643095,"[{""共通ID"": ""E4310000006111"", ""経度"": ""130.643095"", ""緯度"": ""32.843362""}]",,matched,exact_name_address,1.000,reference/43000_1.csv,17068228366013260d8a1e506e0843bc9c0736e8ec7031a9e384d0d32abd7578,00000100,,0,kumamoto_portal_map,2026-08-01T00:28:20+09:00,matched,portal_shelter_id,1.000,32.84340184,130.6430633,,,unmatched,manual_no_match,,,32.843362,130.643095,gsi_reference,reference_latitude_longitude,complete,0,0,0,0,0,0,0,0,0,0,0,0,0,0,0,0,0
ref:E4310000008111,60d41a53193a05513911,E4310000008111,E4310000008111,熊本市,芳野中学校,熊本県熊本市西区河内町野出1420-46,芳野中学校,熊本県熊本市西区河内町野出1420-46,1,,,32.841102,130.640674,"[{""共通ID"": ""E4310000008111"", ""経度"": ""130.640674"", ""緯度"": ""32.841102""}]",,matched,exact_name_address,1.000,reference/43000_1.csv,17068228366013260d8a1e506e0843bc9c0736e8ec7031a9e384d0d32abd7578,00000099,,0,kumamoto_portal_map,2026-08-01T00:28:20+09:00,matched,portal_shelter_id,1.000,32.84096622517049,130.64079094118213,,,unmatched,manual_no_match,,,32.841102,130.640674,gsi_reference,reference_latitude_longitude,complete,0,1,1,0,0,0,0,0,0,0,0,0,0,0,0,0,0
ref:E4310000007111,67fc949ae042e487b9d1,E4310000007111,E4310000007111,熊本市,芳野小学校,熊本県熊本市西区河内町野出1419,芳野小学校,熊本県熊本市西区河内町野出1419,1,,,32.842398,130.642815,"[{""共通ID"": ""E4310000007111"", ""経度"": ""130.642815"", ""緯度"": ""32.842398""}]",,matched,exact_name_address,1.000,reference/43000_1.csv,17068228366013260d8a1e506e0843bc9c0736e8ec7031a9e384d0d32abd7578,00000098,,0,kumamoto_portal_map,2026-08-01T00:28:20+09:00,matched,portal_shelter_id,1.000,32.842423,130.642863,,,unmatched,manual_no_match,,,32.842398,130.642815,gsi_reference,reference_latitude_longitude,complete,1,1,1,0,0,0,0,0,0,0,0,0,0,0,0,0,0
ref:E4310000140111,8e895eaf62289ff1d1f3,E4310000140111,E4310000140111,熊本市,若葉小学校,熊本県熊本市東区若葉4-23-1,若葉小学校,熊本県熊本市東区若葉4-23-1,1,,,32.772732,130.763405,"[{""共通ID"": ""E4310000140111"", ""経度"": ""130.763405"", ""緯度"": ""32.772732""}]",,matched,exact_name_address,1.000,reference/43000_1.csv,17068228366013260d8a1e506e0843bc9c0736e8ec7031a9e384d0d32abd7578,00000069,,0,kumamoto_portal_map,2026-08-01T00:28:20+09:00,matched,portal_shelter_id,1.000,32.772598,130.763216,,,unmatched,manual_no_match,,,32.772732,130.763405,gsi_reference,reference_latitude_longitude,complete,0,1,1,1,1,1,1,0,0,0,0,0,0,0,0,0,0
ref:E4310000237111,ec1cdd50d0dd50573c1e,E4310000237111,E4310000237111,熊本市,菱形小学校,熊本県熊本市北区植木町円台寺124,菱形小学校,熊本県熊本市北区植木町円台寺124,1,,,32.883109,130.659983,"[{""共通ID"": ""E4310000237111"", ""経度"": ""130.659983"", ""緯度"": ""32.883109""}]",,matched,exact_name_address,1.000,reference/43000_1.csv,17068228366013260d8a1e506e0843bc9c0736e8ec7031a9e384d0d32abd7578,00000172,,0,kumamoto_portal_map,2026-08-01T00:28:20+09:00,matched,portal_shelter_id,1.000,32.883253,130.66036,,,unmatched,manual_no_match,,,32.883109,130.659983,gsi_reference,reference_latitude_longitude,complete,0,1,1,0,0,0,0,0,0,0,0,0,0,0,0,0,0
ref:E4310000082111,8656effb3c73f31f40aa,E4310000082111,E4310000082111,熊本市,藤園中学校,熊本県熊本市中央区千葉城町5-2,藤園中学校,熊本県熊本市中央区千葉城町5-2,1,,,32.808708,130.708212,"[{""共通ID"": ""E4310000082111"", ""経度"": ""130.708212"", ""緯度"": ""32.808708""}]",,matched,exact_name_address,1.000,reference/43000_1.csv,17068228366013260d8a1e506e0843bc9c0736e8ec7031a9e384d0d32abd7578,00000026,,0,kumamoto_portal_map,2026-08-01T00:28:20+09:00,matched,portal_shelter_id,1.000,32.808705,130.708219,,,unmatched,manual_no_match,,,32.808708,130.708212,gsi_reference,reference_latitude_longitude,complete,1,1,1,0,0,0,0,0,0,0,0,0,0,0,0,0,0
ref:E4310000168111,17a0e033289171f8a6cd,E4310000168111,E4310000168111,熊本市,西原中学校,熊本県熊本市東区保田窪4-9-1,西原中学校,熊本県熊本市東区保田窪4-9-1,1,,,32.809566,130.75577,"[{""共通ID"": ""E4310000168111"", ""経度"": ""130.75577"", ""緯度"": ""32.809566""}]",,matched,exact_name_address,1.000,reference/43000_1.csv,17068228366013260d8a1e506e0843bc9c0736e8ec7031a9e384d0d32abd7578,00000066,,0,kumamoto_portal_map,2026-08-01T00:28:20+09:00,matched,portal_shelter_id,1.000,32.809511,130.755827,,,unmatched,manual_no_match,,,32.809566,130.75577,gsi_reference,reference_latitude_longitude,complete,0,1,1,0,0,0,0,0,0,0,0,0,0,0,0,0,0
ref:E4310000151111,6c89ce816aad1e391fc0,E4310000151111,E4310000151111,熊本市,西原小学校,熊本県熊本市東区新南部3丁目4-60,西原小学校,熊本県熊本市東区新南部3-4-60,1,,,32.813052,130.747984,"[{""共通ID"": ""E4310000151111"", ""経度"": ""130.747984"", ""緯度"": ""32.813052""}]",,matched,exact_name_municipality,0.990,reference/43000_1.csv,17068228366013260d8a1e506e0843bc9c0736e8ec7031a9e384d0d32abd7578,00000065,,0,kumamoto_portal_map,2026-08-01T00:28:20+09:00,matched,portal_shelter_id,1.000,32.813038,130.748022,,,unmatched,manual_no_match,,,32.813052,130.747984,gsi_reference,reference_latitude_longitude,complete,0,1,1,1,1,1,1,1,1,1,1,0,0,0,0,0,0
ref:E4310000105111,21e966848d13b7128251,E4310000105111,E4310000105111,熊本市,西山中学校,熊本県熊本市中央区島崎1-27-1,西山中学校,熊本県熊本市中央区島崎1-27-1,1,,,32.803535,130.692925,"[{""共通ID"": ""E4310000105111"", ""経度"": ""130.692925"", ""緯度"": ""32.803535""}]",,matched,exact_name_address,1.000,reference/43000_1.csv,17068228366013260d8a1e506e0843bc9c0736e8ec7031a9e384d0d32abd7578,00000006,,0,kumamoto_portal_map,2026-08-01T00:28:20+09:00,matched,portal_shelter_id,1.000,32.803511,130.692859,,,unmatched,manual_no_match,,,32.803535,130.692925,gsi_reference,reference_latitude_longitude,complete,0,0,0,0,0,0,0,0,0,0,0,0,0,0,0,0,0
ref:E4310000017111,4d6f97fcdf99c2e864b6,E4310000017111,E4310000017111,熊本市,西部交流センター,熊本県熊本市西区小島2-7-50,西部交流センター,熊本県熊本市西区小島2-7-50,1,,,32.776323,130.646861,"[{""共通ID"": ""E4310000017111"", ""経度"": ""130.646861"", ""緯度"": ""32.776323""}]",,matched,exact_name_address,1.000,reference/43000_1.csv,17068228366013260d8a1e506e0843bc9c0736e8ec7031a9e384d0d32abd7578,00000078,,0,kumamoto_portal_map,2026-08-01T00:28:20+09:00,matched,portal_shelter_id,1.000,32.776321,130.646613,,,unmatched,manual_no_match,,,32.776323,130.646861,gsi_reference,reference_latitude_longitude,complete,0,1,1,1,0,0,0,0,0,0,0,0,0,0,0,0,0
ref:E4310000016111,1c0b36884a70681c025e,E4310000016111,E4310000016111,熊本市,西部公民館,熊本県熊本市西区小島2丁目7-1,西部公民館,熊本県熊本市西区小島2-7-1,1,,,32.776850234628,130.64761056763,"[{""共通ID"": ""E4310000016111"", ""経度"": ""130.64761056763"", ""緯度"": ""32.776850234628""}]",,matched,exact_name_municipality,0.990,reference/43000_1.csv,17068228366013260d8a1e506e0843bc9c0736e8ec7031a9e384d0d32abd7578,00000075,,0,kumamoto_portal_map,2026-08-01T00:28:20+09:00,matched,portal_shelter_id,1.000,32.77621514,130.6474542,,,unmatched,manual_no_match,,,32.776850234628,130.64761056763,gsi_reference,reference_latitude_longitude,complete,0,0,0,0,1,1,1,1,1,1,1,0,0,0,0,0,0
web:358b261636aac271b1ce,358b261636aac271b1ce,,,熊本市,西部環境工場,熊本県熊本市西区城山薬師2丁目12-1,,,,,,,,[],,unmatched,no_candidate,,reference/43000_1.csv,17068228366013260d8a1e506e0843bc9c0736e8ec7031a9e384d0d32abd7578,00000195,,0,kumamoto_portal_map,2026-08-01T00:28:20+09:00,matched,portal_shelter_id,1.000,32.773744,130.646061,32.77398741,130.6464445,matched,manual_shelter_id,マニュアルジオコーディング(1).csv,35f5dae36fe4e9577c53f227bd933e4604ed40e589ee27a700add2b32438424c,32.77398741,130.6464445,manual_geocoding,manual_shelter_id,complete,0,1,1,1,1,1,1,1,0,0,0,0,0,0,0,0,0
ref:E4310000228111,58853da6bfcafbe175fa,E4310000228111,E4310000228111,熊本市,西里小学校,熊本県熊本市北区下硯川町1784,西里小学校,熊本県熊本市北区下硯川町1784,1,,,32.853621,130.702587,"[{""共通ID"": ""E4310000228111"", ""経度"": ""130.702587"", ""緯度"": ""32.853621""}]",,matched,exact_name_address,1.000,reference/43000_1.csv,17068228366013260d8a1e506e0843bc9c0736e8ec7031a9e384d0d32abd7578,00000168,,0,kumamoto_portal_map,2026-08-01T00:28:20+09:00,matched,portal_shelter_id,1.000,32.853868,130.702135,,,unmatched,manual_no_match,,,32.853621,130.702587,gsi_reference,reference_latitude_longitude,complete,0,1,1,0,0,0,0,0,0,0,0,0,0,0,0,0,0
ref:E4310000155111,10f084a0395da4232b5b,E4310000155111,E4310000155111,熊本市,託麻まちづくりセンター・公民館,熊本県熊本市東区長嶺東7丁目11-15,託麻まちづくりセンター・公民館,熊本県熊本市東区長嶺東7-11-15,1,,,32.827905,130.779154,"[{""共通ID"": ""E4310000155111"", ""経度"": ""130.779154"", ""緯度"": ""32.827905""}]",,matched,exact_name_municipality,0.990,reference/43000_1.csv,17068228366013260d8a1e506e0843bc9c0736e8ec7031a9e384d0d32abd7578,00000060,,0,kumamoto_portal_map,2026-08-01T00:28:20+09:00,matched,portal_shelter_id,1.000,32.82795399999999,130.779187,,,unmatched,manual_no_match,,,32.827905,130.779154,gsi_reference,reference_latitude_longitude,complete,0,1,1,1,1,1,1,1,1,1,1,0,0,0,0,0,0
ref:E4310000149111,dcbcc93ef0986b3052ef,E4310000149111,E4310000149111,熊本市,託麻スポーツセンター,熊本県熊本市東区上南部3-22-30,託麻スポーツセンター,熊本県熊本市東区上南部3-22-30,1,,,32.837301,130.774227,"[{""共通ID"": ""E4310000149111"", ""経度"": ""130.774227"", ""緯度"": ""32.837301""}]",,matched,exact_name_address,1.000,reference/43000_1.csv,17068228366013260d8a1e506e0843bc9c0736e8ec7031a9e384d0d32abd7578,00000056,,0,kumamoto_portal_map,2026-08-01T00:28:20+09:00,matched,portal_shelter_id,1.000,32.83725,130.774242,,,unmatched,manual_no_match,,,32.837301,130.774227,gsi_reference,reference_latitude_longitude,complete,0,1,1,1,0,0,0,0,0,0,0,0,0,0,0,0,0
ref:E4310000192111,4b2ce4a3772ee53b38fb,E4310000192111,E4310000192111,熊本市,託麻中学校,熊本県熊本市南区出仲間6-4-1,託麻中学校,熊本県熊本市南区出仲間6-4-1,1,,,32.772271,130.715791,"[{""共通ID"": ""E4310000192111"", ""経度"": ""130.715791"", ""緯度"": ""32.772271""}]",,matched,exact_name_address,1.000,reference/43000_1.csv,17068228366013260d8a1e506e0843bc9c0736e8ec7031a9e384d0d32abd7578,00000117,,0,kumamoto_portal_map,2026-08-01T00:28:20+09:00,matched,portal_shelter_id,1.000,32.77232,130.716608,,,unmatched,manual_no_match,,,32.772271,130.715791,gsi_reference,reference_latitude_longitude,complete,0,1,1,0,0,0,0,0,0,0,0,0,0,0,0,0,0
ref:E4310000150111,dbfd26fe28427aa8f56d,E4310000150111,E4310000150111,熊本市,託麻北小学校,熊本県熊本市東区上南部3-34-1,託麻北小学校,熊本県熊本市東区上南部3-34-1,1,,,32.839182,130.77401,"[{""共通ID"": ""E4310000150111"", ""経度"": ""130.77401"", ""緯度"": ""32.839182""}]",,matched,exact_name_address,1.000,reference/43000_1.csv,17068228366013260d8a1e506e0843bc9c0736e8ec7031a9e384d0d32abd7578,00000054,,0,kumamoto_portal_map,2026-08-01T00:28:20+09:00,matched,portal_shelter_id,1.000,32.839003,130.774173,,,unmatched,manual_no_match,,,32.839182,130.77401,gsi_reference,reference_latitude_longitude,complete,0,1,1,1,1,0,0,0,0,0,0,0,0,0,0,0,0
ref:E4310000153111,2d715a3d09b1d670f1fb,E4310000153111,E4310000153111,熊本市,託麻南小学校,熊本県熊本市東区長嶺東3-2-20,託麻南小学校,熊本県熊本市東区長嶺東3-2-20,1,,,32.817545,130.776542,"[{""共通ID"": ""E4310000153111"", ""経度"": ""130.776542"", ""緯度"": ""32.817545""}]",,matched,exact_name_address,1.000,reference/43000_1.csv,17068228366013260d8a1e506e0843bc9c0736e8ec7031a9e384d0d32abd7578,00000061,,0,kumamoto_portal_map,2026-08-01T00:28:20+09:00,matched,portal_shelter_id,1.000,32.81765,130.776742,,,unmatched,manual_no_match,,,32.817545,130.776542,gsi_reference,reference_latitude_longitude,complete,0,1,1,1,1,1,1,1,1,0,0,0,0,0,0,0,0
ref:E4310000104111,7e4c0a427c4062c532a6,E4310000104111,E4310000104111,熊本市,託麻原小学校,熊本県熊本市中央区渡鹿2-3-1,託麻原小学校,熊本県熊本市中央区渡鹿2-3-1,1,,,32.803944,130.735808,"[{""共通ID"": ""E4310000104111"", ""経度"": ""130.735808"", ""緯度"": ""32.803944""}]",,matched,exact_name_address,1.000,reference/43000_1.csv,17068228366013260d8a1e506e0843bc9c0736e8ec7031a9e384d0d32abd7578,00000033,,0,kumamoto_portal_map,2026-08-01T00:28:20+09:00,matched,portal_shelter_id,1.000,32.803733,130.735606,,,unmatched,manual_no_match,,,32.803944,130.735808,gsi_reference,reference_latitude_longitude,complete,1,1,1,1,1,0,0,0,0,0,0,0,0,0,0,0,0
ref:E4310000128111,867f13f028211e44a2ed,E4310000128111,E4310000128111,熊本市,託麻東小学校,熊本県熊本市東区戸島3-15-1,託麻東小学校,熊本県熊本市東区戸島3-15-1,1,,,32.824541,130.793929,"[{""共通ID"": ""E4310000128111"", ""経度"": ""130.793929"", ""緯度"": ""32.824541""}]",,matched,exact_name_address,1.000,reference/43000_1.csv,17068228366013260d8a1e506e0843bc9c0736e8ec7031a9e384d0d32abd7578,00000058,,0,kumamoto_portal_map,2026-08-01T00:28:20+09:00,matched,portal_shelter_id,1.000,32.824335,130.793897,,,unmatched,manual_no_match,,,32.824541,130.793929,gsi_reference,reference_latitude_longitude,complete,0,0,0,0,0,0,0,0,0,0,0,0,0,0,0,0,0
ref:E4310000133111,5c35a8d71b0607c3aeba,E4310000133111,E4310000133111,熊本市,託麻西小学校,熊本県熊本市東区御領2-3-30,託麻西小学校,熊本県熊本市東区御領2-3-30,1,,,32.821374,130.765997,"[{""共通ID"": ""E4310000133111"", ""経度"": ""130.765997"", ""緯度"": ""32.821374""}]",,matched,exact_name_address,1.000,reference/43000_1.csv,17068228366013260d8a1e506e0843bc9c0736e8ec7031a9e384d0d32abd7578,00000057,,0,kumamoto_portal_map,2026-08-01T00:28:20+09:00,matched,portal_shelter_id,1.000,32.82151,130.766243,,,unmatched,manual_no_match,,,32.821374,130.765997,gsi_reference,reference_latitude_longitude,complete,0,1,1,0,0,0,0,0,0,0,0,0,0,0,0,0,0
ref:E4310000200111,908ba9ae0b6938d7ac34,E4310000200111,E4310000200111,熊本市,豊田小学校,熊本県熊本市南区城南町塚原259番地,豊田小学校,熊本県熊本市南区城南町塚原259,1,,,32.690114,130.74537,"[{""共通ID"": ""E4310000200111"", ""経度"": ""130.74537"", ""緯度"": ""32.690114""}]",,matched,exact_name_address,1.000,reference/43000_1.csv,17068228366013260d8a1e506e0843bc9c0736e8ec7031a9e384d0d32abd7578,00000142,,0,kumamoto_portal_map,2026-08-01T00:28:20+09:00,matched,portal_shelter_id,1.000,32.690077,130.74547,,,unmatched,manual_no_match,,,32.690114,130.74537,gsi_reference,reference_latitude_longitude,complete,0,1,1,1,1,1,1,1,1,1,1,1,1,1,1,1,1
ref:E4344300003121,cbdcc2e8101e29978fca,E4344300003121,E4344300003121,熊本市,軽費老人ホーム あかつき,熊本県熊本市東区戸島西2-4-50,軽費老人ホーム あかつき,熊本県熊本市東区戸島西2-4-50,,,町が特定した在宅の身体障がい者、要介護者のうち、一般的な避難所では生活に支障をきたすもの,32.812583625154,130.78212735448,"[{""共通ID"": ""E4344300003121"", ""経度"": ""130.78212735448"", ""緯度"": ""32.812583625154""}]",,matched,exact_name_address,1.000,reference/43000_1.csv,17068228366013260d8a1e506e0843bc9c0736e8ec7031a9e384d0d32abd7578,,,,,,unmatched,no_candidate,,,,,,unmatched,manual_no_match,,,32.812583625154,130.78212735448,gsi_reference,reference_latitude_longitude,complete,0,0,0,0,0,0,0,0,0,0,0,0,0,0,0,0,0
ref:E4310000206111,0f88abf32c56ab7cf722,E4310000206111,E4310000206111,熊本市,銭塘小学校,熊本県熊本市南区銭塘町990,銭塘小学校,熊本県熊本市南区銭塘町990,1,,,32.741673,130.645822,"[{""共通ID"": ""E4310000206111"", ""経度"": ""130.645822"", ""緯度"": ""32.741673""}]",,matched,exact_name_address,1.000,reference/43000_1.csv,17068228366013260d8a1e506e0843bc9c0736e8ec7031a9e384d0d32abd7578,00000115,,0,kumamoto_portal_map,2026-08-01T00:28:20+09:00,matched,portal_shelter_id,1.000,32.741682,130.645698,,,unmatched,manual_no_match,,,32.741673,130.645822,gsi_reference,reference_latitude_longitude,complete,0,1,1,0,0,0,0,0,0,0,0,0,0,0,0,0,0
ref:E4310000121111,9b13ce2c3588a69353b4,E4310000121111,E4310000121111,熊本市,錦ケ丘中学校,熊本県熊本市東区錦ケ丘22-1,錦ケ丘中学校,熊本県熊本市東区錦ケ丘22-1,1,,,32.790850283483,130.75707795504,"[{""共通ID"": ""E4310000121111"", ""経度"": ""130.75707795504"", ""緯度"": ""32.790850283483""}]",,matched,exact_name_address,1.000,reference/43000_1.csv,17068228366013260d8a1e506e0843bc9c0736e8ec7031a9e384d0d32abd7578,00000046,,0,kumamoto_portal_map,2026-08-01T00:28:20+09:00,matched,portal_shelter_id,1.000,32.790846,130.757105,,,unmatched,manual_no_match,,,32.790850283483,130.75707795504,gsi_reference,reference_latitude_longitude,complete,0,0,0,0,0,0,0,0,0,0,0,0,0,0,0,0,0
web:d5a14b498c66f011dfe0,d5a14b498c66f011dfe0,,,熊本市,錦ヶ丘中学校,熊本県熊本市東区錦ヶ丘22-1,,,,,,,,[],,unmatched,fuzzy_below_threshold,0.848,reference/43000_1.csv,dd6686fa000c3e720180ba96d02aacff987aec1bba3c9bc69a5867fc0089d10d,00000046,,0,kumamoto_portal_map,2026-08-01T00:28:20+09:00,matched,portal_shelter_id,1.000,32.790846,130.757105,32.790893,130.756954,matched,manual_shelter_id,マニュアルジオコーディング(1).csv,35f5dae36fe4e9577c53f227bd933e4604ed40e589ee27a700add2b32438424c,32.790893,130.756954,manual_geocoding,manual_shelter_id,complete,1,1,1,0,0,0,0,0,0,0,0,0,0,0,0,0,0
ref:E4310000157111,2fbc8bb03968ff0dea01,E4310000157111,E4310000157111,熊本市,長嶺中学校,熊本県熊本市東区長嶺南7-21-40,長嶺中学校,熊本県熊本市東区長嶺南7-21-40,1,,,32.81408,130.778442,"[{""共通ID"": ""E4310000157111"", ""経度"": ""130.778442"", ""緯度"": ""32.81408""}]",,matched,exact_name_address,1.000,reference/43000_1.csv,17068228366013260d8a1e506e0843bc9c0736e8ec7031a9e384d0d32abd7578,00000064,,0,kumamoto_portal_map,2026-08-01T00:28:20+09:00,matched,portal_shelter_id,1.000,32.813705,130.778437,,,unmatched,manual_no_match,,,32.81408,130.778442,gsi_reference,reference_latitude_longitude,complete,0,1,1,0,0,0,0,0,0,0,0,0,0,0,0,0,0
ref:E4310000158111,40a8a74058bf050d0771,E4310000158111,E4310000158111,熊本市,長嶺小学校,熊本県熊本市東区長嶺南7-22-1,長嶺小学校,熊本県熊本市東区長嶺南7-22-1,1,,,32.812627,130.779632,"[{""共通ID"": ""E4310000158111"", ""経度"": ""130.779632"", ""緯度"": ""32.812627""}]",,matched,exact_name_address,1.000,reference/43000_1.csv,17068228366013260d8a1e506e0843bc9c0736e8ec7031a9e384d0d32abd7578,00000063,,0,kumamoto_portal_map,2026-08-01T00:28:20+09:00,matched,portal_shelter_id,1.000,32.812428,130.779464,,,unmatched,manual_no_match,,,32.812627,130.779632,gsi_reference,reference_latitude_longitude,complete,0,1,1,0,0,0,0,0,0,0,0,0,0,0,0,0,0
ref:E4310000197111,736ad5c272c0b44c7d8b,E4310000197111,E4310000197111,熊本市,隈庄小学校,熊本県熊本市南区城南町隈庄270,隈庄小学校,熊本県熊本市南区城南町隈庄270,1,,,32.708173,130.726723,"[{""共通ID"": ""E4310000197111"", ""経度"": ""130.726723"", ""緯度"": ""32.708173""}]",,matched,exact_name_address,1.000,reference/43000_1.csv,17068228366013260d8a1e506e0843bc9c0736e8ec7031a9e384d0d32abd7578,00000140,,0,kumamoto_portal_map,2026-08-01T00:28:20+09:00,matched,portal_shelter_id,1.000,32.708131,130.726526,,,unmatched,manual_no_match,,,32.708173,130.726723,gsi_reference,reference_latitude_longitude,complete,0,0,0,0,0,0,0,0,0,0,0,0,0,0,0,0,0
ref:E4310000220111,22c2f0b906de88e385a5,E4310000220111,E4310000220111,熊本市,雁回館,熊本県熊本市南区富合町清藤405-1,雁回館,熊本県熊本市南区富合町清藤405-1,1,,,32.715342,130.678187,"[{""共通ID"": ""E4310000220111"", ""経度"": ""130.678187"", ""緯度"": ""32.715342""}]",,matched,exact_name_address,1.000,reference/43000_1.csv,17068228366013260d8a1e506e0843bc9c0736e8ec7031a9e384d0d32abd7578,00000123,,0,kumamoto_portal_map,2026-08-01T00:28:20+09:00,matched,portal_shelter_id,1.000,32.71536997,130.6781455,,,unmatched,manual_no_match,,,32.715342,130.678187,gsi_reference,reference_latitude_longitude,complete,0,0,0,0,0,0,0,0,0,0,0,0,0,0,0,0,0
ref:E4310000174111,6c6c2c3df218d2d8ebc4,E4310000174111,E4310000174111,熊本市,飽田まちづくりセンター・公民館,熊本県熊本市南区会富町1333-1,飽田まちづくりセンター・公民館,熊本県熊本市南区会富町1333-1,1,,,32.75444,130.653539,"[{""共通ID"": ""E4310000174111"", ""経度"": ""130.653539"", ""緯度"": ""32.75444""}]",,matched,exact_name_address,1.000,reference/43000_1.csv,17068228366013260d8a1e506e0843bc9c0736e8ec7031a9e384d0d32abd7578,00000104,,0,kumamoto_portal_map,2026-08-01T00:28:20+09:00,matched,portal_shelter_id,1.000,32.75434654,130.65358610000004,,,unmatched,manual_no_match,,,32.75444,130.653539,gsi_reference,reference_latitude_longitude,complete,0,1,1,1,1,1,1,1,1,1,1,1,0,0,0,0,0
ref:E4310000207111,51a34f3bf86a448e2224,E4310000207111,E4310000207111,熊本市,飽田中学校,熊本県熊本市南区孫代町72,飽田中学校,熊本県熊本市南区孫代町72,1,,,32.760083,130.653522,"[{""共通ID"": ""E4310000207111"", ""経度"": ""130.653522"", ""緯度"": ""32.760083""}]",,matched,exact_name_address,1.000,reference/43000_1.csv,17068228366013260d8a1e506e0843bc9c0736e8ec7031a9e384d0d32abd7578,00000102,,0,kumamoto_portal_map,2026-08-01T00:28:20+09:00,matched,portal_shelter_id,1.000,32.760347,130.654197,,,unmatched,manual_no_match,,,32.760083,130.653522,gsi_reference,reference_latitude_longitude,complete,0,1,1,0,0,0,0,0,0,0,0,0,0,0,0,0,0
ref:E4310000185111,21a6b13d61f388fad304,E4310000185111,E4310000185111,熊本市,飽田南小学校,熊本県熊本市南区護藤町999,飽田南小学校,熊本県熊本市南区護藤町999,1,,,32.75008,130.663054,"[{""共通ID"": ""E4310000185111"", ""経度"": ""130.663054"", ""緯度"": ""32.75008""}]",,matched,exact_name_address,1.000,reference/43000_1.csv,17068228366013260d8a1e506e0843bc9c0736e8ec7031a9e384d0d32abd7578,00000105,,0,kumamoto_portal_map,2026-08-01T00:28:20+09:00,matched,portal_shelter_id,1.000,32.750071,130.662918,,,unmatched,manual_no_match,,,32.75008,130.663054,gsi_reference,reference_latitude_longitude,complete,0,1,1,0,0,0,0,0,0,0,0,0,0,0,0,0,0
ref:E4310000190111,ee48ed4c2e9e0b19d0eb,E4310000190111,E4310000190111,熊本市,飽田東小学校,熊本県熊本市南区砂原町115,飽田東小学校,熊本県熊本市南区砂原町115,1,,,32.763369,130.662154,"[{""共通ID"": ""E4310000190111"", ""経度"": ""130.662154"", ""緯度"": ""32.763369""}]",,matched,exact_name_address,1.000,reference/43000_1.csv,17068228366013260d8a1e506e0843bc9c0736e8ec7031a9e384d0d32abd7578,00000101,,0,kumamoto_portal_map,2026-08-01T00:28:20+09:00,matched,portal_shelter_id,1.000,32.763097,130.662251,,,unmatched,manual_no_match,,,32.763369,130.662154,gsi_reference,reference_latitude_longitude,complete,0,1,1,0,0,0,0,0,0,0,0,0,0,0,0,0,0
ref:E4310000224111,87ce4b47521fb9edba8f,E4310000224111,E4310000224111,熊本市,飽田西小学校,熊本県熊本市南区並建町1005,飽田西小学校,熊本県熊本市南区並建町1005,1,,,32.754662,130.633948,"[{""共通ID"": ""E4310000224111"", ""経度"": ""130.633948"", ""緯度"": ""32.754662""}]",,matched,exact_name_address,1.000,reference/43000_1.csv,17068228366013260d8a1e506e0843bc9c0736e8ec7031a9e384d0d32abd7578,00000103,,0,kumamoto_portal_map,2026-08-01T00:28:20+09:00,matched,portal_shelter_id,1.000,32.75482,130.633893,,,unmatched,manual_no_match,,,32.754662,130.633948,gsi_reference,reference_latitude_longitude,complete,0,1,1,0,0,0,0,0,0,0,0,0,0,0,0,0,0
ref:E4310000233111,31273e4ecd19165ea12c,E4310000233111,E4310000233111,熊本市,高平台小学校,熊本県熊本市北区高平1-17-28,高平台小学校,熊本県熊本市北区高平1-17-28,1,,,32.834114,130.713302,"[{""共通ID"": ""E4310000233111"", ""経度"": ""130.713302"", ""緯度"": ""32.834114""}]",,matched,exact_name_address,1.000,reference/43000_1.csv,17068228366013260d8a1e506e0843bc9c0736e8ec7031a9e384d0d32abd7578,00000159,,0,kumamoto_portal_map,2026-08-01T00:28:20+09:00,matched,portal_shelter_id,1.000,32.834147,130.713274,,,unmatched,manual_no_match,,,32.834114,130.713302,gsi_reference,reference_latitude_longitude,complete,0,1,1,1,1,1,1,0,0,0,0,0,0,0,0,0,0
ref:E4310000013111,754948977a347773d779,E4310000013111,E4310000013111,熊本市,高橋小学校,熊本県熊本市西区高橋町1-6-1,高橋小学校,熊本県熊本市西区高橋町1-6-1,1,,,32.784237,130.656297,"[{""共通ID"": ""E4310000013111"", ""経度"": ""130.656297"", ""緯度"": ""32.784237""}]",,matched,exact_name_address,1.000,reference/43000_1.csv,17068228366013260d8a1e506e0843bc9c0736e8ec7031a9e384d0d32abd7578,00000090,,0,kumamoto_portal_map,2026-08-01T00:28:20+09:00,matched,portal_shelter_id,1.000,32.784103,130.656457,,,unmatched,manual_no_match,,,32.784237,130.656297,gsi_reference,reference_latitude_longitude,complete,0,0,0,0,0,0,0,0,0,0,0,0,0,0,0,0,0
ref:E4310000247111,9091a6462132ca91b5aa,E4310000247111,E4310000247111,熊本市,鹿南中学校,熊本県熊本市北区植木町滴水1110,鹿南中学校,熊本県熊本市北区植木町滴水1110,1,,,32.896659,130.674532,"[{""共通ID"": ""E4310000247111"", ""経度"": ""130.674532"", ""緯度"": ""32.896659""}]",,matched,exact_name_address,1.000,reference/43000_1.csv,17068228366013260d8a1e506e0843bc9c0736e8ec7031a9e384d0d32abd7578,00000150,,0,kumamoto_portal_map,2026-08-01T00:28:20+09:00,matched,portal_shelter_id,1.000,32.896808,130.674192,,,unmatched,manual_no_match,,,32.896659,130.674532,gsi_reference,reference_latitude_longitude,complete,0,1,1,0,0,0,0,0,0,0,0,0,0,0,0,0,0
ref:E4310000274111,fe9ded01ce85108a98ce,E4310000274111,E4310000274111,熊本市,麻生田小学校,熊本県熊本市北区麻生田3-9-1,麻生田小学校,熊本県熊本市北区麻生田3-9-1,1,,,32.852321,130.744486,"[{""共通ID"": ""E4310000274111"", ""経度"": ""130.744486"", ""緯度"": ""32.852321""}]",,matched,exact_name_address,1.000,reference/43000_1.csv,17068228366013260d8a1e506e0843bc9c0736e8ec7031a9e384d0d32abd7578,00000143,,0,kumamoto_portal_map,2026-08-01T00:28:20+09:00,matched,portal_shelter_id,1.000,32.852283,130.744195,,,unmatched,manual_no_match,,,32.852321,130.744486,gsi_reference,reference_latitude_longitude,complete,0,1,1,0,0,0,0,0,0,0,0,0,0,0,0,0,0
ref:E4310000057111,3cf6296152c9532b66ca,E4310000057111,E4310000057111,熊本市,黒髪小学校,熊本県熊本市中央区黒髪2-2-1,黒髪小学校,熊本県熊本市中央区黒髪2-2-1,1,,,32.814575,130.720253,"[{""共通ID"": ""E4310000057111"", ""経度"": ""130.720253"", ""緯度"": ""32.814575""}]",,matched,exact_name_address,1.000,reference/43000_1.csv,17068228366013260d8a1e506e0843bc9c0736e8ec7031a9e384d0d32abd7578,00000013,,0,kumamoto_portal_map,2026-08-01T00:28:20+09:00,matched,portal_shelter_id,1.000,32.815065,130.720051,,,unmatched,manual_no_match,,,32.814575,130.720253,gsi_reference,reference_latitude_longitude,complete,1,1,1,1,0,0,0,0,0,0,0,0,0,0,0,0,0
ref:E4310000278113,6d13ea6de6d0f75a802e,E4310000278113,E4310000278113,熊本市,龍田まちづくりセンター・公民館,熊本県熊本市北区龍田弓削1丁目1-10,龍田まちづくりセンター・公民館,熊本県熊本市北区龍田弓削1-1-10,1,,,32.844132,130.764407,"[{""共通ID"": ""E4310000278113"", ""経度"": ""130.764407"", ""緯度"": ""32.844132""}]",,matched,exact_name_municipality,0.990,reference/43000_1.csv,17068228366013260d8a1e506e0843bc9c0736e8ec7031a9e384d0d32abd7578,00000161,,0,kumamoto_portal_map,2026-08-01T00:28:20+09:00,matched,portal_shelter_id,1.000,32.84401471000002,130.764357,,,unmatched,manual_no_match,,,32.844132,130.764407,gsi_reference,reference_latitude_longitude,complete,0,1,1,1,1,1,1,1,1,1,1,1,1,1,1,1,1
ref:E4310000277111,3330651c0b5d62222a7b,E4310000277111,E4310000277111,熊本市,龍田中学校,熊本県熊本市北区龍田7-8-1,龍田中学校,熊本県熊本市北区龍田7-8-1,1,,,32.836342,130.761389,"[{""共通ID"": ""E4310000277111"", ""経度"": ""130.761389"", ""緯度"": ""32.836342""}]",,matched,exact_name_address,1.000,reference/43000_1.csv,17068228366013260d8a1e506e0843bc9c0736e8ec7031a9e384d0d32abd7578,00000165,,0,kumamoto_portal_map,2026-08-01T00:28:20+09:00,matched,portal_shelter_id,1.000,32.836052,130.761186,,,unmatched,manual_no_match,,,32.836342,130.761389,gsi_reference,reference_latitude_longitude,complete,0,1,1,0,0,0,0,0,0,0,0,0,0,0,0,0,0
ref:E4310000278111,2b0285162df83e0a063b,E4310000278111,E4310000278111,熊本市,龍田体育館,熊本県熊本市北区龍田弓削1-1-10,龍田体育館,熊本県熊本市北区龍田弓削1-1-10,1,,,32.84377,130.764173,"[{""共通ID"": ""E4310000278111"", ""経度"": ""130.764173"", ""緯度"": ""32.84377""}]",,matched,exact_name_address,1.000,reference/43000_1.csv,17068228366013260d8a1e506e0843bc9c0736e8ec7031a9e384d0d32abd7578,00000162,,0,kumamoto_portal_map,2026-08-01T00:28:20+09:00,matched,portal_shelter_id,1.000,32.844153,130.764427,,,unmatched,manual_no_match,,,32.84377,130.764173,gsi_reference,reference_latitude_longitude,complete,0,1,1,0,0,0,0,0,0,0,0,0,0,0,0,0,0
ref:E4310000276111,0d210c9a991a020e9cac,E4310000276111,E4310000276111,熊本市,龍田小学校,熊本県熊本市北区龍田7-7-1,龍田小学校,熊本県熊本市北区龍田7-7-1,1,,,32.837635,130.760556,"[{""共通ID"": ""E4310000276111"", ""経度"": ""130.760556"", ""緯度"": ""32.837635""}]",,matched,exact_name_address,1.000,reference/43000_1.csv,17068228366013260d8a1e506e0843bc9c0736e8ec7031a9e384d0d32abd7578,00000164,,0,kumamoto_portal_map,2026-08-01T00:28:20+09:00,matched,portal_shelter_id,1.000,32.837788,130.761039,,,unmatched,manual_no_match,,,32.837635,130.760556,gsi_reference,reference_latitude_longitude,complete,0,1,1,0,0,0,0,0,0,0,0,0,0,0,0,0,0
ref:E4310000280111,505f0492e0ab643acdc9,E4310000280111,E4310000280111,熊本市,龍田西小学校,熊本県熊本市北区龍田陳内2-17-1,龍田西小学校,熊本県熊本市北区龍田陳内2-17-1,1,,,32.82868442,130.7448517,"[{""共通ID"": ""E4310000280111"", ""経度"": ""130.7448517"", ""緯度"": ""32.82868442""}]",,matched,exact_name_address,1.000,reference/43000_1.csv,17068228366013260d8a1e506e0843bc9c0736e8ec7031a9e384d0d32abd7578,00000166,,0,kumamoto_portal_map,2026-08-01T00:28:20+09:00,matched,portal_shelter_id,1.000,32.828637,130.744572,,,unmatched,manual_no_match,,,32.82868442,130.7448517,gsi_reference,reference_latitude_longitude,complete,0,1,1,0,0,0,0,0,0,0,0,0,0,0,0,0,0
ref:E4320600027111,653aea9564f9d5df6ae6,E4320600027111,E4320600027111,玉名市,B&G海洋センター,熊本県玉名市岱明町中土590,B&G海洋センター,熊本県玉名市岱明町中土590,,,,32.919205,130.512992,"[{""共通ID"": ""E4320600027111"", ""経度"": ""130.512992"", ""緯度"": ""32.919205""}]",,matched,exact_name_address,1.000,reference/43000_1.csv,17068228366013260d8a1e506e0843bc9c0736e8ec7031a9e384d0d32abd7578,00000344,828,828,kumamoto_portal_map,2026-08-01T00:28:20+09:00,matched,portal_shelter_id,1.000,32.919157,130.512942,,,unmatched,manual_no_match,,,32.919205,130.512992,gsi_reference,reference_latitude_longitude,complete,0,0,0,0,0,0,0,0,0,0,0,0,0,0,0,0,0
ref:E4320600025111,dd4cd0633c5ce58cb4f2,E4320600025111,E4320600025111,玉名市,ふれあい健康センター,熊本県玉名市岱明町中土1022,ふれあい健康センター,熊本県玉名市岱明町中土1022,,,,32.916831,130.512662,"[{""共通ID"": ""E4320600025111"", ""経度"": ""130.512662"", ""緯度"": ""32.916831""}]",,matched,exact_name_address,1.000,reference/43000_1.csv,17068228366013260d8a1e506e0843bc9c0736e8ec7031a9e384d0d32abd7578,00000341,1339,1339,kumamoto_portal_map,2026-08-01T00:28:20+09:00,matched,portal_shelter_id,1.000,32.916841,130.512637,,,unmatched,manual_no_match,,,32.916831,130.512662,gsi_reference,reference_latitude_longitude,complete,0,0,0,0,0,0,0,0,0,0,0,0,0,0,0,0,0
ref:E4320600048111,f419325dc1d2b5047427,E4320600048111,E4320600048111,玉名市,九州看護福祉大学,熊本県玉名市富尾888,九州看護福祉大学,熊本県玉名市富尾888,1,,,32.946294,130.55339,"[{""共通ID"": ""E4320600048111"", ""経度"": ""130.55339"", ""緯度"": ""32.946294""}]",,matched,exact_name_address,1.000,reference/43000_1.csv,17068228366013260d8a1e506e0843bc9c0736e8ec7031a9e384d0d32abd7578,00000901,65338,65338,kumamoto_portal_map,2026-08-01T00:28:20+09:00,matched,portal_shelter_id,1.000,32.946258,130.553534,,,unmatched,manual_no_match,,,32.946294,130.55339,gsi_reference,reference_latitude_longitude,complete,0,0,0,0,0,0,0,0,0,0,0,0,0,0,0,0,0
ref:E4320600003111,2edc63053f4ae583a097,E4320600003111,E4320600003111,玉名市,伊倉ふれあいセンター,熊本県玉名市伊倉北方3230-5,伊倉ふれあいセンター,熊本県玉名市伊倉北方3230-5,,,,32.907925,130.569245,"[{""共通ID"": ""E4320600003111"", ""経度"": ""130.569245"", ""緯度"": ""32.907925""}]",,matched,exact_name_address,1.000,reference/43000_1.csv,17068228366013260d8a1e506e0843bc9c0736e8ec7031a9e384d0d32abd7578,,,,,,unmatched,no_candidate,,,,,,unmatched,manual_no_match,,,32.907925,130.569245,gsi_reference,reference_latitude_longitude,complete,0,0,0,0,0,0,0,0,0,0,0,0,0,0,0,0,0
ref:E4320600017111,2e3c231449ef047a5ab2,E4320600017111,E4320600017111,玉名市,伊倉小学校(体育館),熊本県玉名市宮原678,伊倉小学校(体育館),熊本県玉名市宮原678,,,,32.90495397,130.5754943,"[{""共通ID"": ""E4320600017111"", ""経度"": ""130.5754943"", ""緯度"": ""32.90495397""}]",,matched,exact_name_address,1.000,reference/43000_1.csv,17068228366013260d8a1e506e0843bc9c0736e8ec7031a9e384d0d32abd7578,00000330,301,301,kumamoto_portal_map,2026-08-01T00:28:20+09:00,matched,portal_shelter_id,1.000,32.90525,130.575106,,,unmatched,manual_no_match,,,32.90495397,130.5754943,gsi_reference,reference_latitude_longitude,complete,0,0,0,0,0,0,0,0,0,0,0,0,0,0,0,0,0
ref:E4320600045111,f0b451b0ec30c8d7c5a7,E4320600045111,E4320600045111,玉名市,八嘉小学校(体育館),熊本県玉名市田崎835-25,八嘉小学校(体育館),熊本県玉名市田崎835-25,,,,32.91528158,130.5936002,"[{""共通ID"": ""E4320600045111"", ""経度"": ""130.5936002"", ""緯度"": ""32.91528158""}]",,matched,exact_name_address,1.000,reference/43000_1.csv,17068228366013260d8a1e506e0843bc9c0736e8ec7031a9e384d0d32abd7578,00000333,301,301,kumamoto_portal_map,2026-08-01T00:28:20+09:00,matched,portal_shelter_id,1.000,32.915569,130.593507,,,unmatched,manual_no_match,,,32.91528158,130.5936002,gsi_reference,reference_latitude_longitude,complete,0,0,0,0,0,0,0,0,0,0,0,0,0,0,0,0,0
ref:E4320600050111,90102a6c56dbcd8e6e62,E4320600050111,E4320600050111,玉名市,北稜高等学校,熊本県玉名市立願寺247,北稜高等学校,熊本県玉名市立願寺247,,,,32.935821309589,130.55042044052,"[{""共通ID"": ""E4320600050111"", ""経度"": ""130.55042044052"", ""緯度"": ""32.935821309589""}]",,matched,exact_name_address,1.000,reference/43000_1.csv,17068228366013260d8a1e506e0843bc9c0736e8ec7031a9e384d0d32abd7578,00000360,695,695,kumamoto_portal_map,2026-08-01T00:28:20+09:00,matched,portal_shelter_id,1.000,32.935706,130.550673,,,unmatched,manual_no_match,,,32.935821309589,130.55042044052,gsi_reference,reference_latitude_longitude,complete,0,0,0,0,0,0,0,0,0,0,0,0,0,0,0,0,0
ref:E4320600035111,2e950695cd76c1a100f4,E4320600035111,E4320600035111,玉名市,大浜小学校(体育館),熊本県玉名市大浜町2100,大浜小学校(体育館),熊本県玉名市大浜町2100,,,,32.8996119,130.5429311,"[{""共通ID"": ""E4320600035111"", ""経度"": ""130.5429311"", ""緯度"": ""32.8996119""}]",,matched,exact_name_address,1.000,reference/43000_1.csv,17068228366013260d8a1e506e0843bc9c0736e8ec7031a9e384d0d32abd7578,00000326,300,300,kumamoto_portal_map,2026-08-01T00:28:20+09:00,matched,portal_shelter_id,1.000,32.899691,130.543649,,,unmatched,manual_no_match,,,32.8996119,130.5429311,gsi_reference,reference_latitude_longitude,complete,0,0,0,0,0,0,0,0,0,0,0,0,0,0,0,0,0
ref:E4320600032111,37791f158e31817983d0,E4320600032111,E4320600032111,玉名市,大野小学校(体育館),熊本県玉名市岱明町野口2460,大野小学校(体育館),熊本県玉名市岱明町野口2460,,,,32.921065576785,130.52027521585,"[{""共通ID"": ""E4320600032111"", ""経度"": ""130.52027521585"", ""緯度"": ""32.921065576785""}]",,matched,exact_name_address,1.000,reference/43000_1.csv,17068228366013260d8a1e506e0843bc9c0736e8ec7031a9e384d0d32abd7578,00000345,340,340,kumamoto_portal_map,2026-08-01T00:28:20+09:00,matched,portal_shelter_id,1.000,32.920854,130.520781,,,unmatched,manual_no_match,,,32.921065576785,130.52027521585,gsi_reference,reference_latitude_longitude,complete,0,0,0,0,0,0,0,0,0,0,0,0,0,0,0,0,0
ref:E4320600042111,d32e26698816402e6491,E4320600042111,E4320600042111,玉名市,天水中学校(体育館),熊本県玉名市天水町小天7032,天水中学校(体育館),熊本県玉名市天水町小天7032,,,,32.864416355089,130.59084150918,"[{""共通ID"": ""E4320600042111"", ""経度"": ""130.59084150918"", ""緯度"": ""32.864416355089""}]",,matched,exact_name_address,1.000,reference/43000_1.csv,17068228366013260d8a1e506e0843bc9c0736e8ec7031a9e384d0d32abd7578,00000356,569,569,kumamoto_portal_map,2026-08-01T00:28:20+09:00,matched,portal_shelter_id,1.000,32.864321,130.590108,,,unmatched,manual_no_match,,,32.864416355089,130.59084150918,gsi_reference,reference_latitude_longitude,complete,0,0,0,0,0,0,0,0,0,0,0,0,0,0,0,0,0
ref:E4320600043111,f1be5c97467683e3ab1f,E4320600043111,E4320600043111,玉名市,天水体育館,熊本県玉名市天水町小天7237-1,天水体育館,熊本県玉名市天水町小天7237-1,,,,32.86508,130.591665,"[{""共通ID"": ""E4320600043111"", ""経度"": ""130.591665"", ""緯度"": ""32.86508""}]",,matched,exact_name_address,1.000,reference/43000_1.csv,17068228366013260d8a1e506e0843bc9c0736e8ec7031a9e384d0d32abd7578,00000355,1667,1667,kumamoto_portal_map,2026-08-01T00:28:20+09:00,matched,portal_shelter_id,1.000,32.865263,130.592297,,,unmatched,manual_no_match,,,32.86508,130.591665,gsi_reference,reference_latitude_longitude,complete,0,0,0,0,0,0,0,0,0,0,0,0,0,0,0,0,0
ref:E4320600043112,2c2b3c2185d25f3e7f98,E4320600043112,E4320600043112,玉名市,天水市民センター,熊本県玉名市天水町小天7237-1,天水市民センター,熊本県玉名市天水町小天7237-1,,,,32.865247905912,130.59227665906,"[{""共通ID"": ""E4320600043112"", ""経度"": ""130.59227665906"", ""緯度"": ""32.865247905912""}]",,matched,exact_name_address,1.000,reference/43000_1.csv,17068228366013260d8a1e506e0843bc9c0736e8ec7031a9e384d0d32abd7578,00000353,146,146,kumamoto_portal_map,2026-08-01T00:28:20+09:00,matched,portal_shelter_id,1.000,32.865263,130.592297,,,unmatched,manual_no_match,,,32.865247905912,130.59227665906,gsi_reference,reference_latitude_longitude,complete,0,1,1,0,0,0,0,0,0,0,0,0,0,0,0,0,0
ref:E4320600031111,69c0ff38cf79e6a354f2,E4320600031111,E4320600031111,玉名市,専大玉名高等学校,熊本県玉名市岱明町野口1046,専大玉名高等学校,熊本県玉名市岱明町野口1046,,,,32.924365917544,130.53798650647,"[{""共通ID"": ""E4320600031111"", ""経度"": ""130.53798650647"", ""緯度"": ""32.924365917544""}]",,matched,exact_name_address,1.000,reference/43000_1.csv,17068228366013260d8a1e506e0843bc9c0736e8ec7031a9e384d0d32abd7578,00000363,695,695,kumamoto_portal_map,2026-08-01T00:28:20+09:00,matched,portal_shelter_id,1.000,32.924349,130.537411,,,unmatched,manual_no_match,,,32.924365917544,130.53798650647,gsi_reference,reference_latitude_longitude,complete,0,0,0,0,0,0,0,0,0,0,0,0,0,0,0,0,0
ref:E4320600040111,f51e31eefa9f47e2479a,E4320600040111,E4320600040111,玉名市,小天小学校(体育館),熊本県玉名市天水町小天6966,小天小学校(体育館),熊本県玉名市天水町小天6966,,,,32.861952690389,130.59370517868,"[{""共通ID"": ""E4320600040111"", ""経度"": ""130.59370517868"", ""緯度"": ""32.861952690389""}]",,matched,exact_name_address,1.000,reference/43000_1.csv,17068228366013260d8a1e506e0843bc9c0736e8ec7031a9e384d0d32abd7578,00000357,418,418,kumamoto_portal_map,2026-08-01T00:28:20+09:00,matched,portal_shelter_id,1.000,32.861744,130.593477,,,unmatched,manual_no_match,,,32.861952690389,130.59370517868,gsi_reference,reference_latitude_longitude,complete,0,0,0,0,0,0,0,0,0,0,0,0,0,0,0,0,0
ref:E4320600030111,c4939980c1aad548ced4,E4320600030111,E4320600030111,玉名市,岱明中学校(体育館),熊本県玉名市岱明町浜田120,岱明中学校(体育館),熊本県玉名市岱明町浜田120,,,,32.91202144,130.5089134,"[{""共通ID"": ""E4320600030111"", ""経度"": ""130.5089134"", ""緯度"": ""32.91202144""}]",,matched,exact_name_address,1.000,reference/43000_1.csv,17068228366013260d8a1e506e0843bc9c0736e8ec7031a9e384d0d32abd7578,00000342,695,695,kumamoto_portal_map,2026-08-01T00:28:20+09:00,matched,portal_shelter_id,1.000,32.911558,130.509364,,,unmatched,manual_no_match,,,32.91202144,130.5089134,gsi_reference,reference_latitude_longitude,complete,0,0,0,0,0,0,0,0,0,0,0,0,0,0,0,0,0
ref:E4320600051111,2c9ab0568658925a9491,E4320600051111,E4320600051111,玉名市,岱明防災コミュニティセンター,熊本県玉名市岱明町中土980-1,岱明防災コミュニティセンター,熊本県玉名市岱明町中土980-1,,,,32.915623,130.512537,"[{""共通ID"": ""E4320600051111"", ""経度"": ""130.512537"", ""緯度"": ""32.915623""}]",,matched,exact_name_address,1.000,reference/43000_1.csv,17068228366013260d8a1e506e0843bc9c0736e8ec7031a9e384d0d32abd7578,00002290,281,281,kumamoto_portal_map,2026-08-01T00:28:20+09:00,matched,portal_shelter_id,1.000,32.914813101717655,130.51050981064816,,,unmatched,manual_no_match,,,32.915623,130.512537,gsi_reference,reference_latitude_longitude,complete,0,1,1,0,0,0,0,0,0,0,0,0,0,0,0,0,0
ref:E4320600019111,db6585d0839bc7f2eb41,E4320600019111,E4320600019111,玉名市,月瀬小学校(体育館),熊本県玉名市溝上507,月瀬小学校(体育館),熊本県玉名市溝上507,,,,32.96383032,130.5875717,"[{""共通ID"": ""E4320600019111"", ""経度"": ""130.5875717"", ""緯度"": ""32.96383032""}]",,matched,exact_name_address,1.000,reference/43000_1.csv,17068228366013260d8a1e506e0843bc9c0736e8ec7031a9e384d0d32abd7578,00000338,174,174,kumamoto_portal_map,2026-08-01T00:28:20+09:00,matched,portal_shelter_id,1.000,32.963815,130.587883,,,unmatched,manual_no_match,,,32.96383032,130.5875717,gsi_reference,reference_latitude_longitude,complete,0,0,0,0,0,0,0,0,0,0,0,0,0,0,0,0,0
ref:E4320600034111,90045cabc46535c6273a,E4320600034111,E4320600034111,玉名市,有明中学校(体育館),熊本県玉名市大浜町1765-8,有明中学校(体育館),熊本県玉名市大浜町1765-8,,,,32.89655519,130.5531023,"[{""共通ID"": ""E4320600034111"", ""経度"": ""130.5531023"", ""緯度"": ""32.89655519""}]",,matched,exact_name_address,1.000,reference/43000_1.csv,17068228366013260d8a1e506e0843bc9c0736e8ec7031a9e384d0d32abd7578,00000327,705,705,kumamoto_portal_map,2026-08-01T00:28:20+09:00,matched,portal_shelter_id,1.000,32.896842,130.552639,,,unmatched,manual_no_match,,,32.89655519,130.5531023,gsi_reference,reference_latitude_longitude,complete,0,0,0,0,0,0,0,0,0,0,0,0,0,0,0,0,0
ref:E4320600008111,58e68672332828abf00c,E4320600008111,E4320600008111,玉名市,横島小学校(体育館),熊本県玉名市横島町横島3810,横島小学校(体育館),熊本県玉名市横島町横島3810,,,,32.878419851489,130.55504079525,"[{""共通ID"": ""E4320600008111"", ""経度"": ""130.55504079525"", ""緯度"": ""32.878419851489""}]",,matched,exact_name_address,1.000,reference/43000_1.csv,17068228366013260d8a1e506e0843bc9c0736e8ec7031a9e384d0d32abd7578,00000350,565,565,kumamoto_portal_map,2026-08-01T00:28:20+09:00,matched,portal_shelter_id,1.000,32.877652,130.554187,,,unmatched,manual_no_match,,,32.878419851489,130.55504079525,gsi_reference,reference_latitude_longitude,complete,0,0,0,0,0,0,0,0,0,0,0,0,0,0,0,0,0
ref:E4320600007111,8b9db3b7541b9e5550ae,E4320600007111,E4320600007111,玉名市,横島町体育館,熊本県玉名市横島町横島3808,横島町体育館,熊本県玉名市横島町横島3808,,,,32.877841,130.553102,"[{""共通ID"": ""E4320600007111"", ""経度"": ""130.553102"", ""緯度"": ""32.877841""}]",,matched,exact_name_address,1.000,reference/43000_1.csv,17068228366013260d8a1e506e0843bc9c0736e8ec7031a9e384d0d32abd7578,,,,,,unmatched,fuzzy_below_threshold,0.880,,,,,unmatched,manual_no_match,,,32.877841,130.553102,gsi_reference,reference_latitude_longitude,complete,0,0,0,0,0,0,0,0,0,0,0,0,0,0,0,0,0
ref:E4320600005111,921b00b4c633d15446a0,E4320600005111,E4320600005111,玉名市,横島町公民館,熊本県玉名市横島町横島3644,横島町公民館,熊本県玉名市横島町横島3644,,,,32.877621,130.555438,"[{""共通ID"": ""E4320600005111"", ""経度"": ""130.555438"", ""緯度"": ""32.877621""}]",,matched,exact_name_address,1.000,reference/43000_1.csv,17068228366013260d8a1e506e0843bc9c0736e8ec7031a9e384d0d32abd7578,00000351,501,501,kumamoto_portal_map,2026-08-01T00:28:20+09:00,matched,portal_shelter_id,1.000,32.877616,130.555551,,,unmatched,manual_no_match,,,32.877621,130.555438,gsi_reference,reference_latitude_longitude,complete,0,1,1,1,0,0,0,0,0,0,0,0,0,0,0,0,0
ref:E4320600009111,4d343e1b38733a02f5dd,E4320600009111,E4320600009111,玉名市,横島町総合保健福祉センター,熊本県玉名市横島町横島3923,横島町総合保健福祉センター,熊本県玉名市横島町横島3923,,,,32.877055,130.556184,"[{""共通ID"": ""E4320600009111"", ""経度"": ""130.556184"", ""緯度"": ""32.877055""}]",,matched,exact_name_address,1.000,reference/43000_1.csv,17068228366013260d8a1e506e0843bc9c0736e8ec7031a9e384d0d32abd7578,00000352,1819,1819,kumamoto_portal_map,2026-08-01T00:28:20+09:00,matched,portal_shelter_id,1.000,32.876997,130.55627,,,unmatched,manual_no_match,,,32.877055,130.556184,gsi_reference,reference_latitude_longitude,complete,0,0,0,0,0,0,0,0,0,0,0,0,0,0,0,0,0
ref:E4320600010111,9e40a56e5aeb00592566,E4320600010111,E4320600010111,玉名市,滑石小学校(体育館),熊本県玉名市滑石1542,滑石小学校(体育館),熊本県玉名市滑石1542,,,,32.901451,130.529478,"[{""共通ID"": ""E4320600010111"", ""経度"": ""130.529478"", ""緯度"": ""32.901451""}]",,matched,exact_name_address,1.000,reference/43000_1.csv,17068228366013260d8a1e506e0843bc9c0736e8ec7031a9e384d0d32abd7578,00000325,301,301,kumamoto_portal_map,2026-08-01T00:28:20+09:00,matched,portal_shelter_id,1.000,32.901921,130.529505,,,unmatched,manual_no_match,,,32.901451,130.529478,gsi_reference,reference_latitude_longitude,complete,0,0,0,0,0,0,0,0,0,0,0,0,0,0,0,0,0
ref:E4320600002111,697f6f34eb5c6043f816,E4320600002111,E4320600002111,玉名市,玉南中学校(体育館),熊本県玉名市伊倉北方2636,玉南中学校(体育館),熊本県玉名市伊倉北方2636,,,,32.90878062,130.5785801,"[{""共通ID"": ""E4320600002111"", ""経度"": ""130.5785801"", ""緯度"": ""32.90878062""}]",,matched,exact_name_address,1.000,reference/43000_1.csv,17068228366013260d8a1e506e0843bc9c0736e8ec7031a9e384d0d32abd7578,00000331,826,826,kumamoto_portal_map,2026-08-01T00:28:20+09:00,matched,portal_shelter_id,1.000,32.90842,130.578739,,,unmatched,manual_no_match,,,32.90878062,130.5785801,gsi_reference,reference_latitude_longitude,complete,0,0,0,0,0,0,0,0,0,0,0,0,0,0,0,0,0
ref:E4320600038111,e09f42be2e195effdf6c,E4320600038111,E4320600038111,玉名市,玉名中学校(体育館),熊本県玉名市中尾380,玉名中学校(体育館),熊本県玉名市中尾380,,,,32.93538328,130.5472171,"[{""共通ID"": ""E4320600038111"", ""経度"": ""130.5472171"", ""緯度"": ""32.93538328""}]",,matched,exact_name_address,1.000,reference/43000_1.csv,17068228366013260d8a1e506e0843bc9c0736e8ec7031a9e384d0d32abd7578,00000317,625,625,kumamoto_portal_map,2026-08-01T00:28:20+09:00,matched,portal_shelter_id,1.000,32.935348,130.546324,,,unmatched,manual_no_match,,,32.93538328,130.5472171,gsi_reference,reference_latitude_longitude,complete,0,0,0,0,0,0,0,0,0,0,0,0,0,0,0,0,0
ref:E4320600015111,64fddc51932db039f539,E4320600015111,E4320600015111,玉名市,玉名勤労者体育センター,熊本県玉名市岩崎173-2,玉名勤労者体育センター,熊本県玉名市岩崎173-2,,,,32.933706,130.562609,"[{""共通ID"": ""E4320600015111"", ""経度"": ""130.562609"", ""緯度"": ""32.933706""}]",,matched,exact_name_address,1.000,reference/43000_1.csv,17068228366013260d8a1e506e0843bc9c0736e8ec7031a9e384d0d32abd7578,00000322,705,705,kumamoto_portal_map,2026-08-01T00:28:20+09:00,matched,portal_shelter_id,1.000,32.933687,130.562584,,,unmatched,manual_no_match,,,32.933706,130.562609,gsi_reference,reference_latitude_longitude,complete,0,0,0,0,0,0,0,0,0,0,0,0,0,0,0,0,0
ref:E4320600011111,5206e09835f7955d1d4c,E4320600011111,E4320600011111,玉名市,玉名女子高等学校,熊本県玉名市岩崎1061,玉名女子高等学校,熊本県玉名市岩崎1061,,,,32.93270844159,130.55637314797,"[{""共通ID"": ""E4320600011111"", ""経度"": ""130.55637314797"", ""緯度"": ""32.93270844159""}]",,matched,exact_name_address,1.000,reference/43000_1.csv,17068228366013260d8a1e506e0843bc9c0736e8ec7031a9e384d0d32abd7578,00000362,695,695,kumamoto_portal_map,2026-08-01T00:28:20+09:00,matched,portal_shelter_id,1.000,32.932673,130.556271,,,unmatched,manual_no_match,,,32.93270844159,130.55637314797,gsi_reference,reference_latitude_longitude,complete,0,0,0,0,0,0,0,0,0,0,0,0,0,0,0,0,0
ref:E4320600022111,bf4efeae9ad28c3daac9,E4320600022111,E4320600022111,玉名市,玉名工業高等学校,熊本県玉名市岱明町下前原368,玉名工業高等学校,熊本県玉名市岱明町下前原368,,,,32.92902955061,130.52610182805,"[{""共通ID"": ""E4320600022111"", ""経度"": ""130.52610182805"", ""緯度"": ""32.92902955061""}]",,matched,exact_name_address,1.000,reference/43000_1.csv,17068228366013260d8a1e506e0843bc9c0736e8ec7031a9e384d0d32abd7578,00000361,695,695,kumamoto_portal_map,2026-08-01T00:28:20+09:00,matched,portal_shelter_id,1.000,32.929026,130.526245,,,unmatched,manual_no_match,,,32.92902955061,130.52610182805,gsi_reference,reference_latitude_longitude,complete,0,0,0,0,0,0,0,0,0,0,0,0,0,0,0,0,0
ref:E4320600046111,e0f3e42950855bbbbd3f,E4320600046111,E4320600046111,玉名市,玉名市文化センター,熊本県玉名市繁根木88-1,玉名市文化センター,熊本県玉名市繁根木88-1,,,,32.928422,130.558929,"[{""共通ID"": ""E4320600046111"", ""経度"": ""130.558929"", ""緯度"": ""32.928422""}]",,matched,exact_name_address,1.000,reference/43000_1.csv,17068228366013260d8a1e506e0843bc9c0736e8ec7031a9e384d0d32abd7578,00000318,829,829,kumamoto_portal_map,2026-08-01T00:28:20+09:00,matched,portal_shelter_id,1.000,32.928407,130.558882,,,unmatched,manual_no_match,,,32.928422,130.558929,gsi_reference,reference_latitude_longitude,complete,0,1,1,1,1,1,1,0,0,0,0,0,0,0,0,0,0
ref:E4320600047111,3c52d09e79b12ed7a7eb,E4320600047111,E4320600047111,玉名市,玉名市武道館,熊本県玉名市繁根木94-11,玉名市武道館,熊本県玉名市繁根木94-11,,,,32.929557,130.558775,"[{""共通ID"": ""E4320600047111"", ""経度"": ""130.558775"", ""緯度"": ""32.929557""}]",,matched,exact_name_address,1.000,reference/43000_1.csv,17068228366013260d8a1e506e0843bc9c0736e8ec7031a9e384d0d32abd7578,00000321,750,750,kumamoto_portal_map,2026-08-01T00:28:20+09:00,matched,portal_shelter_id,1.000,32.929251,130.558907,,,unmatched,manual_no_match,,,32.929557,130.558775,gsi_reference,reference_latitude_longitude,complete,0,0,0,0,0,0,0,0,0,0,0,0,0,0,0,0,0
ref:E4320600013111,538baa7b91de0909ffd5,E4320600013111,E4320600013111,玉名市,玉名市民会館,熊本県玉名市岩崎152-2,玉名市民会館,熊本県玉名市岩崎152-2,,,,32.933937,130.562057,"[{""共通ID"": ""E4320600013111"", ""経度"": ""130.562057"", ""緯度"": ""32.933937""}]",,matched,exact_name_address,1.000,reference/43000_1.csv,17068228366013260d8a1e506e0843bc9c0736e8ec7031a9e384d0d32abd7578,00000320,492,492,kumamoto_portal_map,2026-08-01T00:28:20+09:00,matched,portal_shelter_id,1.000,32.933951,130.562021,,,unmatched,manual_no_match,,,32.933937,130.562057,gsi_reference,reference_latitude_longitude,complete,0,0,0,0,0,0,0,0,0,0,0,0,0,0,0,0,0
ref:E4320600016111,a00ab209cd39c4a55926,E4320600016111,E4320600016111,玉名市,玉名市福祉センター,熊本県玉名市岩崎88-4,玉名市福祉センター,熊本県玉名市岩崎88-4,,,,32.935838,130.561037,"[{""共通ID"": ""E4320600016111"", ""経度"": ""130.561037"", ""緯度"": ""32.935838""}]",,matched,exact_name_address,1.000,reference/43000_1.csv,17068228366013260d8a1e506e0843bc9c0736e8ec7031a9e384d0d32abd7578,00000319,1332,1332,kumamoto_portal_map,2026-08-01T00:28:20+09:00,matched,portal_shelter_id,1.000,32.935931,130.561018,,,unmatched,manual_no_match,,,32.935838,130.561037,gsi_reference,reference_latitude_longitude,complete,0,0,0,0,0,0,0,0,0,0,0,0,0,0,0,0,0
ref:E4320600033111,1b1df27c5ea3eb628110,E4320600033111,E4320600033111,玉名市,玉名市総合体育館,熊本県玉名市大倉1144,玉名市総合体育館,熊本県玉名市大倉1144,1,,,32.921934,130.567717,"[{""共通ID"": ""E4320600033111"", ""経度"": ""130.567717"", ""緯度"": ""32.921934""}]",,matched,exact_name_address,1.000,reference/43000_1.csv,17068228366013260d8a1e506e0843bc9c0736e8ec7031a9e384d0d32abd7578,00000329,1563,1563,kumamoto_portal_map,2026-08-01T00:28:20+09:00,matched,portal_shelter_id,1.000,32.917713,130.569307,,,unmatched,manual_no_match,,,32.921934,130.567717,gsi_reference,reference_latitude_longitude,complete,0,1,1,0,0,0,0,0,0,0,0,0,0,0,0,0,0
ref:E4320600012111,708e63c6430e92f257d1,E4320600012111,E4320600012111,玉名市,玉名町小学校(体育館),熊本県玉名市岩崎1120,玉名町小学校(体育館),熊本県玉名市岩崎1120,,,,32.93279374,130.5547865,"[{""共通ID"": ""E4320600012111"", ""経度"": ""130.5547865"", ""緯度"": ""32.93279374""}]",,matched,exact_name_address,1.000,reference/43000_1.csv,17068228366013260d8a1e506e0843bc9c0736e8ec7031a9e384d0d32abd7578,00000316,668,668,kumamoto_portal_map,2026-08-01T00:28:20+09:00,matched,portal_shelter_id,1.000,32.932565,130.554476,,,unmatched,manual_no_match,,,32.93279374,130.5547865,gsi_reference,reference_latitude_longitude,complete,0,0,0,0,0,0,0,0,0,0,0,0,0,0,0,0,0
ref:E4320600037111,ae79ab6e74447583b6f8,E4320600037111,E4320600037111,玉名市,玉名高等学校玉名高等学校附属中学校,熊本県玉名市中1853,玉名高等学校玉名高等学校附属中学校,熊本県玉名市中1853,,,,32.930979107802,130.54885455803,"[{""共通ID"": ""E4320600037111"", ""経度"": ""130.54885455803"", ""緯度"": ""32.930979107802""}]",,matched,exact_name_address,1.000,reference/43000_1.csv,17068228366013260d8a1e506e0843bc9c0736e8ec7031a9e384d0d32abd7578,00000359,695,695,kumamoto_portal_map,2026-08-01T00:28:20+09:00,matched,portal_shelter_id,1.000,32.930993,130.54856,,,unmatched,manual_no_match,,,32.930979107802,130.54885455803,gsi_reference,reference_latitude_longitude,complete,0,0,0,0,0,0,0,0,0,0,0,0,0,0,0,0,0
ref:E4320600044111,15f6fc0219735c4b09d2,E4320600044111,E4320600044111,玉名市,玉水小学校(体育館),熊本県玉名市天水町部田見1440-2,玉水小学校(体育館),熊本県玉名市天水町部田見1440-2,,,,32.878851136047,130.58236139851,"[{""共通ID"": ""E4320600044111"", ""経度"": ""130.58236139851"", ""緯度"": ""32.878851136047""}]",,matched,exact_name_address,1.000,reference/43000_1.csv,17068228366013260d8a1e506e0843bc9c0736e8ec7031a9e384d0d32abd7578,00000354,433,433,kumamoto_portal_map,2026-08-01T00:28:20+09:00,matched,portal_shelter_id,1.000,32.8788,130.582997,,,unmatched,manual_no_match,,,32.878851136047,130.58236139851,gsi_reference,reference_latitude_longitude,complete,0,0,0,0,0,0,0,0,0,0,0,0,0,0,0,0,0
ref:E4320600018112,40b65a91cbeccf248d9a,E4320600018112,E4320600018112,玉名市,玉陵中学校(体育館),熊本県玉名市玉名900,玉陵中学校(体育館),熊本県玉名市玉名900,,,,32.94442348,130.578029,"[{""共通ID"": ""E4320600018112"", ""経度"": ""130.578029"", ""緯度"": ""32.94442348""}]",,matched,exact_name_address,1.000,reference/43000_1.csv,17068228366013260d8a1e506e0843bc9c0736e8ec7031a9e384d0d32abd7578,00000335,690,690,kumamoto_portal_map,2026-08-01T00:28:20+09:00,matched,portal_shelter_id,1.000,32.943467,130.577666,,,unmatched,manual_no_match,,,32.94442348,130.578029,gsi_reference,reference_latitude_longitude,complete,0,0,0,0,0,0,0,0,0,0,0,0,0,0,0,0,0
ref:E4320600018111,c14ac2084bccc609a16c,E4320600018111,E4320600018111,玉名市,玉陵小学校(体育館),熊本県玉名市玉名900,玉陵小学校(体育館),熊本県玉名市玉名900,,,,32.944169738147,130.57739167572,"[{""共通ID"": ""E4320600018111"", ""経度"": ""130.57739167572"", ""緯度"": ""32.944169738147""}]",,matched,exact_name_address,1.000,reference/43000_1.csv,17068228366013260d8a1e506e0843bc9c0736e8ec7031a9e384d0d32abd7578,00000337,523,523,kumamoto_portal_map,2026-08-01T00:28:20+09:00,matched,portal_shelter_id,1.000,32.943467,130.577666,,,unmatched,manual_no_match,,,32.944169738147,130.57739167572,gsi_reference,reference_latitude_longitude,complete,0,0,0,0,0,0,0,0,0,0,0,0,0,0,0,0,0
ref:E4320600023111,e6feef07c1a3fbfdd2fc,E4320600023111,E4320600023111,玉名市,睦合小学校(体育館),熊本県玉名市岱明町古閑302,睦合小学校(体育館),熊本県玉名市岱明町古閑302,,,,32.930355434629,130.50952593452,"[{""共通ID"": ""E4320600023111"", ""経度"": ""130.50952593452"", ""緯度"": ""32.930355434629""}]",,matched,exact_name_address,1.000,reference/43000_1.csv,17068228366013260d8a1e506e0843bc9c0736e8ec7031a9e384d0d32abd7578,00000343,273,273,kumamoto_portal_map,2026-08-01T00:28:20+09:00,matched,portal_shelter_id,1.000,32.930045,130.509212,,,unmatched,manual_no_match,,,32.930355434629,130.50952593452,gsi_reference,reference_latitude_longitude,complete,0,0,0,0,0,0,0,0,0,0,0,0,0,0,0,0,0
ref:E4320600021111,cc8023c22687b7724c5a,E4320600021111,E4320600021111,玉名市,石貫小学校(体育館),熊本県玉名市石貫3771,石貫小学校(体育館),熊本県玉名市石貫3771,,,,32.95760504,130.5643717,"[{""共通ID"": ""E4320600021111"", ""経度"": ""130.5643717"", ""緯度"": ""32.95760504""}]",,matched,exact_name_address,1.000,reference/43000_1.csv,17068228366013260d8a1e506e0843bc9c0736e8ec7031a9e384d0d32abd7578,00000339,213,213,kumamoto_portal_map,2026-08-01T00:28:20+09:00,matched,portal_shelter_id,1.000,32.95794,130.563924,,,unmatched,manual_no_match,,,32.95760504,130.5643717,gsi_reference,reference_latitude_longitude,complete,0,0,0,0,0,0,0,0,0,0,0,0,0,0,0,0,0
ref:E4320600036111,8d905f66147007ed4085,E4320600036111,E4320600036111,玉名市,築山小学校(体育館),熊本県玉名市築地1880,築山小学校(体育館),熊本県玉名市築地1880,,,,32.93557238,130.5363595,"[{""共通ID"": ""E4320600036111"", ""経度"": ""130.5363595"", ""緯度"": ""32.93557238""}]",,matched,exact_name_address,1.000,reference/43000_1.csv,17068228366013260d8a1e506e0843bc9c0736e8ec7031a9e384d0d32abd7578,00000324,300,300,kumamoto_portal_map,2026-08-01T00:28:20+09:00,matched,portal_shelter_id,1.000,32.935353,130.537213,,,unmatched,manual_no_match,,,32.93557238,130.5363595,gsi_reference,reference_latitude_longitude,complete,0,0,0,0,0,0,0,0,0,0,0,0,0,0,0,0,0
ref:E4320600020111,02b46a4a204a95d5a079,E4320600020111,E4320600020111,玉名市,豊水小学校(体育館),熊本県玉名市小野尻373,豊水小学校(体育館),熊本県玉名市小野尻373,,,,32.91270595,130.5599955,"[{""共通ID"": ""E4320600020111"", ""経度"": ""130.5599955"", ""緯度"": ""32.91270595""}]",,matched,exact_name_address,1.000,reference/43000_1.csv,17068228366013260d8a1e506e0843bc9c0736e8ec7031a9e384d0d32abd7578,00000328,245,245,kumamoto_portal_map,2026-08-01T00:28:20+09:00,matched,portal_shelter_id,1.000,32.912714,130.559357,,,unmatched,manual_no_match,,,32.91270595,130.5599955,gsi_reference,reference_latitude_longitude,complete,0,0,0,0,0,0,0,0,0,0,0,0,0,0,0,0,0
ref:E4320600029111,ef29191233a2e0119f4f,E4320600029111,E4320600029111,玉名市,鍋小学校(体育館),熊本県玉名市岱明町鍋345-2,鍋小学校(体育館),熊本県玉名市岱明町鍋345-2,,,,32.91097202631,130.49425114771,"[{""共通ID"": ""E4320600029111"", ""経度"": ""130.49425114771"", ""緯度"": ""32.91097202631""}]",,matched,exact_name_address,1.000,reference/43000_1.csv,17068228366013260d8a1e506e0843bc9c0736e8ec7031a9e384d0d32abd7578,00000347,392,392,kumamoto_portal_map,2026-08-01T00:28:20+09:00,matched,portal_shelter_id,1.000,32.910666,130.493538,,,unmatched,manual_no_match,,,32.91097202631,130.49425114771,gsi_reference,reference_latitude_longitude,complete,0,0,0,0,0,0,0,0,0,0,0,0,0,0,0,0,0
ref:E4320600024111,4cf81fbc025c7251573a,E4320600024111,E4320600024111,玉名市,高道小学校(体育館),熊本県玉名市岱明町高道1230,高道小学校(体育館),熊本県玉名市岱明町高道1230,,,,32.907479628647,130.5131021249,"[{""共通ID"": ""E4320600024111"", ""経度"": ""130.5131021249"", ""緯度"": ""32.907479628647""}]",,matched,exact_name_address,1.000,reference/43000_1.csv,17068228366013260d8a1e506e0843bc9c0736e8ec7031a9e384d0d32abd7578,00000346,427,427,kumamoto_portal_map,2026-08-01T00:28:20+09:00,matched,portal_shelter_id,1.000,32.907452,130.51254,,,unmatched,manual_no_match,,,32.907479628647,130.5131021249,gsi_reference,reference_latitude_longitude,complete,0,0,0,0,0,0,0,0,0,0,0,0,0,0,0,0,0
ref:E4336400014123,87ed75cdf13935523bfe,E4336400014123,E4336400014123,玉東町,このはリハビリ倶楽部,熊本県玉東町山口8-13,このはリハビリ倶楽部,熊本県玉東町山口8-13,,,,32.916186,130.614991,"[{""共通ID"": ""E4336400014123"", ""経度"": ""130.614991"", ""緯度"": ""32.916186""}]",,matched,exact_name_address,1.000,reference/43000_1.csv,17068228366013260d8a1e506e0843bc9c0736e8ec7031a9e384d0d32abd7578,00000548,1,1,kumamoto_portal_map,2026-08-01T00:28:20+09:00,matched,portal_shelter_id,1.000,32.916186,130.614958,,,unmatched,manual_no_match,,,32.916186,130.614991,gsi_reference,reference_latitude_longitude,complete,0,0,0,0,0,0,0,0,0,0,0,0,0,0,0,0,0
ref:E4336400011111,d5372ead727728c0b1a9,E4336400011111,E4336400011111,玉東町,ふれあいの丘保健センター,熊本県玉東町木葉372,ふれあいの丘保健センター,熊本県玉東町木葉372,,,,32.91370014,130.6214608,"[{""共通ID"": ""E4336400011111"", ""経度"": ""130.6214608"", ""緯度"": ""32.91370014""}]",,matched,exact_name_address,1.000,reference/43000_1.csv,17068228366013260d8a1e506e0843bc9c0736e8ec7031a9e384d0d32abd7578,00000542,500,500,kumamoto_portal_map,2026-08-01T00:28:20+09:00,matched,portal_shelter_id,1.000,32.913653,130.621482,,,unmatched,manual_no_match,,,32.91370014,130.6214608,gsi_reference,reference_latitude_longitude,complete,0,0,0,0,0,0,0,0,0,0,0,0,0,0,0,0,0
ref:E4336400005121,7bfcef9524b64c4afa65,E4336400005121,E4336400005121,玉東町,るぴなす,熊本県玉東町二俣72,るぴなす,熊本県玉東町二俣72,,,要配慮者,32.913144716995,130.62925763109,"[{""共通ID"": ""E4336400005121"", ""経度"": ""130.62925763109"", ""緯度"": ""32.913144716995""}]",,matched,exact_name_address,1.000,reference/43000_1.csv,17068228366013260d8a1e506e0843bc9c0736e8ec7031a9e384d0d32abd7578,00000551,1,1,kumamoto_portal_map,2026-08-01T00:28:20+09:00,matched,portal_shelter_id,1.000,32.913155,130.62941,,,unmatched,manual_no_match,,,32.913144716995,130.62925763109,gsi_reference,reference_latitude_longitude,complete,0,0,0,0,0,0,0,0,0,0,0,0,0,0,0,0,0
ref:E4336400004121,95fab510f42b26d60897,E4336400004121,E4336400004121,玉東町,グル―プホームはる,熊本県玉東町西安寺302-1,グル―プホームはる,熊本県玉東町西安寺302-1,,,要配慮者,32.893208600004,130.63430388828,"[{""共通ID"": ""E4336400004121"", ""経度"": ""130.63430388828"", ""緯度"": ""32.893208600004""}]",,matched,exact_name_address,1.000,reference/43000_1.csv,17068228366013260d8a1e506e0843bc9c0736e8ec7031a9e384d0d32abd7578,00000547,1,1,kumamoto_portal_map,2026-08-01T00:28:20+09:00,matched,portal_shelter_id,1.000,32.893172,130.634262,,,unmatched,manual_no_match,,,32.893208600004,130.63430388828,gsi_reference,reference_latitude_longitude,complete,0,0,0,0,0,0,0,0,0,0,0,0,0,0,0,0,0
ref:E4336400012121,bad587f4c73ec9edc95c,E4336400012121,E4336400012121,玉東町,介護ホームはぶの,熊本県玉東町木葉713-3,介護ホームはぶの,熊本県玉東町木葉713-3,,,要配慮者,32.917094771544,130.63029969592,"[{""共通ID"": ""E4336400012121"", ""経度"": ""130.63029969592"", ""緯度"": ""32.917094771544""}]",,matched,exact_name_address,1.000,reference/43000_1.csv,17068228366013260d8a1e506e0843bc9c0736e8ec7031a9e384d0d32abd7578,00000550,1,1,kumamoto_portal_map,2026-08-01T00:28:20+09:00,matched,portal_shelter_id,1.000,32.916202,130.628029,,,unmatched,manual_no_match,,,32.917094771544,130.63029969592,gsi_reference,reference_latitude_longitude,complete,0,0,0,0,0,0,0,0,0,0,0,0,0,0,0,0,0
ref:E4336400003111,c2ae017a38350ec2420a,E4336400003111,E4336400003111,玉東町,山北小学校体育館,熊本県玉東町上白木370-1,山北小学校体育館,熊本県玉東町上白木370-1,1,,,32.89671218,130.6267216,"[{""共通ID"": ""E4336400003111"", ""経度"": ""130.6267216"", ""緯度"": ""32.89671218""}]",,matched,exact_name_address,1.000,reference/43000_1.csv,17068228366013260d8a1e506e0843bc9c0736e8ec7031a9e384d0d32abd7578,00001436,250,250,kumamoto_portal_map,2026-08-01T00:28:20+09:00,matched,portal_shelter_id,1.000,32.896241,130.631204,,,unmatched,manual_no_match,,,32.89671218,130.6267216,gsi_reference,reference_latitude_longitude,complete,0,0,0,0,0,0,0,0,0,0,0,0,0,0,0,0,0
ref:E4336400009111,6b34f43deb499c0e078b,E4336400009111,E4336400009111,玉東町,木葉小学校体育館,熊本県玉東町木葉1113,木葉小学校体育館,熊本県玉東町木葉1113,1,,,32.92047301,130.620632,"[{""共通ID"": ""E4336400009111"", ""経度"": ""130.620632"", ""緯度"": ""32.92047301""}]",,matched,exact_name_address,1.000,reference/43000_1.csv,17068228366013260d8a1e506e0843bc9c0736e8ec7031a9e384d0d32abd7578,00001433,200,200,kumamoto_portal_map,2026-08-01T00:28:20+09:00,matched,portal_shelter_id,1.000,32.916202,130.628029,,,unmatched,manual_no_match,,,32.92047301,130.620632,gsi_reference,reference_latitude_longitude,complete,0,0,0,0,0,0,0,0,0,0,0,0,0,0,0,0,0
ref:E4336400010121,147508f1db81394f7450,E4336400010121,E4336400010121,玉東町,特別養護老人ホーム葉山苑,熊本県玉東町木葉348,特別養護老人ホーム葉山苑,熊本県玉東町木葉348,,,要配慮者,32.914146278938,130.62044049831,"[{""共通ID"": ""E4336400010121"", ""経度"": ""130.62044049831"", ""緯度"": ""32.914146278938""}]",,matched,exact_name_address,1.000,reference/43000_1.csv,17068228366013260d8a1e506e0843bc9c0736e8ec7031a9e384d0d32abd7578,00000546,1,1,kumamoto_portal_map,2026-08-01T00:28:20+09:00,matched,portal_shelter_id,1.000,32.914261,130.620382,,,unmatched,manual_no_match,,,32.914146278938,130.62044049831,gsi_reference,reference_latitude_longitude,complete,0,0,0,0,0,0,0,0,0,0,0,0,0,0,0,0,0
ref:E4336400008111,749c6456d496a12a4628,E4336400008111,E4336400008111,玉東町,玉東中学校体育館,熊本県玉東町白木51-1,玉東中学校体育館,熊本県玉東町白木51-1,1,,,32.91219426,130.6273475,"[{""共通ID"": ""E4336400008111"", ""経度"": ""130.6273475"", ""緯度"": ""32.91219426""}]",,matched,exact_name_address,1.000,reference/43000_1.csv,17068228366013260d8a1e506e0843bc9c0736e8ec7031a9e384d0d32abd7578,00001435,400,400,kumamoto_portal_map,2026-08-01T00:28:20+09:00,matched,portal_shelter_id,1.000,32.91228,130.626374,,,unmatched,manual_no_match,,,32.91219426,130.6273475,gsi_reference,reference_latitude_longitude,complete,0,0,0,0,0,0,0,0,0,0,0,0,0,0,0,0,0
ref:E4336400007112,64ffed438382205e01a4,E4336400007112,E4336400007112,玉東町,玉東町中央公民館,熊本県玉東町白木1-1,玉東町中央公民館,熊本県玉東町白木1-1,,,,32.91355249,130.6270253,"[{""共通ID"": ""E4336400007112"", ""経度"": ""130.6270253"", ""緯度"": ""32.91355249""}]",,matched,exact_name_address,1.000,reference/43000_1.csv,17068228366013260d8a1e506e0843bc9c0736e8ec7031a9e384d0d32abd7578,00000543,300,300,kumamoto_portal_map,2026-08-01T00:28:20+09:00,matched,portal_shelter_id,1.000,32.913672,130.626871,,,unmatched,manual_no_match,,,32.91355249,130.6270253,gsi_reference,reference_latitude_longitude,complete,0,0,0,0,0,0,0,0,0,0,0,0,0,0,0,0,0
web:41ab9cc84725ed39e0d6,41ab9cc84725ed39e0d6,,,玉東町,玉東町役場,熊本県玉名郡玉東町木葉759,,,,,,,,[],,unmatched,no_candidate,,reference/43000_1.csv,dd6686fa000c3e720180ba96d02aacff987aec1bba3c9bc69a5867fc0089d10d,00002316,120,120,kumamoto_portal_map,2026-08-01T00:28:20+09:00,matched,portal_shelter_id,1.000,32.9190165423411,130.62799576233516,32.91891185,130.6281831,matched,manual_shelter_id,マニュアルジオコーディング(1).csv,35f5dae36fe4e9577c53f227bd933e4604ed40e589ee27a700add2b32438424c,32.91891185,130.6281831,manual_geocoding,manual_shelter_id,complete,0,1,0,0,0,0,0,0,0,0,0,0,0,0,0,0,0
ref:E4336400013113,c054db02dc8a786e876e,E4336400013113,E4336400013113,玉東町,玉東町役場(各階あるまちスペース),熊本県玉東町木葉759,玉東町役場(各階あるまちスペース),熊本県玉東町木葉759,1,,,32.919205,130.628542,"[{""共通ID"": ""E4336400013113"", ""経度"": ""130.628542"", ""緯度"": ""32.919205""}]",,matched,exact_name_address,1.000,reference/43000_1.csv,17068228366013260d8a1e506e0843bc9c0736e8ec7031a9e384d0d32abd7578,,,,,,ambiguous,coordinate_near_tie,,,,,,unmatched,manual_no_match,,,32.919205,130.628542,gsi_reference,reference_latitude_longitude,complete,0,0,0,0,0,0,0,0,0,0,0,0,0,0,0,0,0
ref:E4336400006111,eb9eaae71c5917404a79,E4336400006111,E4336400006111,玉東町,玉東町武道館,熊本県玉東町二俣92-1,玉東町武道館,熊本県玉東町二俣92-1,,,,32.91313728,130.6282987,"[{""共通ID"": ""E4336400006111"", ""経度"": ""130.6282987"", ""緯度"": ""32.91313728""}]",,matched,exact_name_address,1.000,reference/43000_1.csv,17068228366013260d8a1e506e0843bc9c0736e8ec7031a9e384d0d32abd7578,00000545,250,250,kumamoto_portal_map,2026-08-01T00:28:20+09:00,matched,portal_shelter_id,1.000,32.913208,130.628307,,,unmatched,manual_no_match,,,32.91313728,130.6282987,gsi_reference,reference_latitude_longitude,complete,0,0,0,0,0,0,0,0,0,0,0,0,0,0,0,0,0
ref:E4336400007111,4f2d11855d53c6f6e000,E4336400007111,E4336400007111,玉東町,玉東町民体育館,熊本県玉東町白木1-1,玉東町民体育館,熊本県玉東町白木1-1,,,,32.91400143,130.6267971,"[{""共通ID"": ""E4336400007111"", ""経度"": ""130.6267971"", ""緯度"": ""32.91400143""}]",,matched,exact_name_address,1.000,reference/43000_1.csv,17068228366013260d8a1e506e0843bc9c0736e8ec7031a9e384d0d32abd7578,00000544,600,600,kumamoto_portal_map,2026-08-01T00:28:20+09:00,matched,portal_shelter_id,1.000,32.913672,130.626871,,,unmatched,manual_no_match,,,32.91400143,130.6267971,gsi_reference,reference_latitude_longitude,complete,0,0,0,0,0,0,0,0,0,0,0,0,0,0,0,0,0
ref:E4336400013111,0cc02753ba2a0dcf304d,E4336400013111,E4336400013111,玉東町,玉東町福祉センター,熊本県玉東町木葉759,玉東町福祉センター,熊本県玉東町木葉759,1,,,32.91892371,130.6279948,"[{""共通ID"": ""E4336400013111"", ""経度"": ""130.6279948"", ""緯度"": ""32.91892371""}]",,matched,exact_name_address,1.000,reference/43000_1.csv,17068228366013260d8a1e506e0843bc9c0736e8ec7031a9e384d0d32abd7578,00001432,200,200,kumamoto_portal_map,2026-08-01T00:28:20+09:00,matched,portal_shelter_id,1.000,32.918877,130.628212,,,unmatched,manual_no_match,,,32.91892371,130.6279948,gsi_reference,reference_latitude_longitude,complete,0,0,0,0,0,0,0,0,0,0,0,0,0,0,0,0,0
ref:E4336400001111,bfbf541f2c53818ab5fd,E4336400001111,E4336400001111,玉東町,稲佐公民館,熊本県玉東町稲佐464,稲佐公民館,熊本県玉東町稲佐464,1,,,32.92227841,130.6111317,"[{""共通ID"": ""E4336400001111"", ""経度"": ""130.6111317"", ""緯度"": ""32.92227841""}]",,matched,exact_name_address,1.000,reference/43000_1.csv,17068228366013260d8a1e506e0843bc9c0736e8ec7031a9e384d0d32abd7578,00001434,70,70,kumamoto_portal_map,2026-08-01T00:28:20+09:00,matched,portal_shelter_id,1.000,32.919424,130.609011,,,unmatched,manual_no_match,,,32.92227841,130.6111317,gsi_reference,reference_latitude_longitude,complete,0,0,0,0,0,0,0,0,0,0,0,0,0,0,0,0,0
ref:E4351300028111,3142083a804c9b3d7f49,E4351300028111,E4351300028111,球磨村,さくらドーム及び周辺施設(千寿園),熊本県球磨村大字渡乙880-21,さくらドーム及び周辺施設(千寿園),熊本県球磨村大字渡乙880-21,,,,32.234947,130.703276,"[{""共通ID"": ""E4351300028111"", ""経度"": ""130.703276"", ""緯度"": ""32.234947""}]",,matched,exact_name_address,1.000,reference/43000_1.csv,17068228366013260d8a1e506e0843bc9c0736e8ec7031a9e384d0d32abd7578,,,,,,unmatched,no_candidate,,,,,,unmatched,manual_no_match,,,32.234947,130.703276,gsi_reference,reference_latitude_longitude,complete,0,0,0,0,0,0,0,0,0,0,0,0,0,0,0,0,0
ref:E4351300017111,83c6dc4282358a0008f9,E4351300017111,E4351300017111,球磨村,コミニュティセンターたかさわ,熊本県球磨村大字神瀬丁548-2,コミニュティセンターたかさわ,熊本県球磨村大字神瀬丁548-2,1,,,32.2951714061669,130.64217147848,"[{""共通ID"": ""E4351300017111"", ""経度"": ""130.64217147848"", ""緯度"": ""32.2951714061669""}]",,matched,exact_name_address,1.000,reference/43000_1.csv,17068228366013260d8a1e506e0843bc9c0736e8ec7031a9e384d0d32abd7578,,,,,,unmatched,fuzzy_below_threshold,0.937,,,,,unmatched,manual_no_match,,,32.2951714061669,130.64217147848,gsi_reference,reference_latitude_longitude,complete,0,0,0,0,0,0,0,0,0,0,0,0,0,0,0,0,0
ref:E4351300006111,f9e6c476ebbe0653d834,E4351300006111,E4351300006111,球磨村,中津公民館,熊本県球磨村大字一勝地甲1248,中津公民館,熊本県球磨村大字一勝地甲1248,,,,32.230467599859,130.640317292376,"[{""共通ID"": ""E4351300006111"", ""経度"": ""130.640317292376"", ""緯度"": ""32.230467599859""}]",,matched,exact_name_address,1.000,reference/43000_1.csv,17068228366013260d8a1e506e0843bc9c0736e8ec7031a9e384d0d32abd7578,00002282,30,30,kumamoto_portal_map,2026-08-01T00:28:20+09:00,matched,portal_shelter_id,1.000,32.23017353315078,130.64026737189124,,,unmatched,manual_no_match,,,32.230467599859,130.640317292376,gsi_reference,reference_latitude_longitude,complete,0,0,0,0,0,0,0,0,0,0,0,0,0,0,0,0,0
ref:E4351300004111,2ca855eb420e4b513eec,E4351300004111,E4351300004111,球磨村,吐合公民館,熊本県球磨村大字一勝地乙739-1,吐合公民館,熊本県球磨村大字一勝地乙739-1,,,,32.2347502010199,130.642199040257,"[{""共通ID"": ""E4351300004111"", ""経度"": ""130.642199040257"", ""緯度"": ""32.2347502010199""}]",,matched,exact_name_address,1.000,reference/43000_1.csv,17068228366013260d8a1e506e0843bc9c0736e8ec7031a9e384d0d32abd7578,00002281,30,30,kumamoto_portal_map,2026-08-01T00:28:20+09:00,matched,portal_shelter_id,1.000,32.23474754850204,130.64212346052955,,,unmatched,manual_no_match,,,32.2347502010199,130.642199040257,gsi_reference,reference_latitude_longitude,complete,0,0,0,0,0,0,0,0,0,0,0,0,0,0,0,0,0
ref:E4351300009111,99463abe0e099d335752,E4351300009111,E4351300009111,球磨村,告公民館,熊本県球磨村大字一勝地丁1252-1,告公民館,熊本県球磨村大字一勝地丁1252-1,,,,32.2694039009922,130.599289440753,"[{""共通ID"": ""E4351300009111"", ""経度"": ""130.599289440753"", ""緯度"": ""32.2694039009922""}]",,matched,exact_name_address,1.000,reference/43000_1.csv,17068228366013260d8a1e506e0843bc9c0736e8ec7031a9e384d0d32abd7578,00002285,30,30,kumamoto_portal_map,2026-08-01T00:28:20+09:00,matched,portal_shelter_id,1.000,32.269181399745875,130.59982252108966,,,unmatched,manual_no_match,,,32.2694039009922,130.599289440753,gsi_reference,reference_latitude_longitude,complete,0,0,0,0,0,0,0,0,0,0,0,0,0,0,0,0,0
ref:E4351300018111,16972db550a8dd8c5fb2,E4351300018111,E4351300018111,球磨村,大瀬公民館,熊本県球磨村大字大瀬178,大瀬公民館,熊本県球磨村大字大瀬178,,,,32.2819186425034,130.605931532122,"[{""共通ID"": ""E4351300018111"", ""経度"": ""130.605931532122"", ""緯度"": ""32.2819186425034""}]",,matched,exact_name_address,1.000,reference/43000_1.csv,17068228366013260d8a1e506e0843bc9c0736e8ec7031a9e384d0d32abd7578,00002289,30,30,kumamoto_portal_map,2026-08-01T00:28:20+09:00,matched,portal_shelter_id,1.000,32.281899113142714,130.60593509650062,,,unmatched,manual_no_match,,,32.2819186425034,130.605931532122,gsi_reference,reference_latitude_longitude,complete,0,0,0,0,0,0,0,0,0,0,0,0,0,0,0,0,0
ref:E4351300011111,0692a386a593a3e9d158,E4351300011111,E4351300011111,球磨村,大無田地区林業総合センター,熊本県球磨村大字三ケ浦乙1245,大無田地区林業総合センター,熊本県球磨村大字三ケ浦乙1245,,,,32.2248944497042,130.682505626005,"[{""共通ID"": ""E4351300011111"", ""経度"": ""130.682505626005"", ""緯度"": ""32.2248944497042""}]",,matched,exact_name_address,1.000,reference/43000_1.csv,17068228366013260d8a1e506e0843bc9c0736e8ec7031a9e384d0d32abd7578,00002278,50,50,kumamoto_portal_map,2026-08-01T00:28:20+09:00,matched,portal_shelter_id,1.000,32.22492765290528,130.6824903483357,,,unmatched,manual_no_match,,,32.2248944497042,130.682505626005,gsi_reference,reference_latitude_longitude,complete,0,0,0,0,0,0,0,0,0,0,0,0,0,0,0,0,0
ref:E4351300019111,9baa6b7235552178c8d9,E4351300019111,E4351300019111,球磨村,小川公民館,熊本県球磨村大字渡乙2595,小川公民館,熊本県球磨村大字渡乙2595,,,,32.2400903707695,130.69094737318,"[{""共通ID"": ""E4351300019111"", ""経度"": ""130.69094737318"", ""緯度"": ""32.2400903707695""}]",,matched,exact_name_address,1.000,reference/43000_1.csv,17068228366013260d8a1e506e0843bc9c0736e8ec7031a9e384d0d32abd7578,00002276,30,30,kumamoto_portal_map,2026-08-01T00:28:20+09:00,matched,portal_shelter_id,1.000,32.2400926834044,130.69100403761695,,,unmatched,manual_no_match,,,32.2400903707695,130.69094737318,gsi_reference,reference_latitude_longitude,complete,0,0,0,0,0,0,0,0,0,0,0,0,0,0,0,0,0
ref:E4351300025111,16d3056c5b43d77b8504,E4351300025111,E4351300025111,球磨村,岡公民館(久保),熊本県球磨村大字渡丙630,岡公民館(久保),熊本県球磨村大字渡丙630,,,,32.2589268500361,130.665248097424,"[{""共通ID"": ""E4351300025111"", ""経度"": ""130.665248097424"", ""緯度"": ""32.2589268500361""}]",,matched,exact_name_address,1.000,reference/43000_1.csv,17068228366013260d8a1e506e0843bc9c0736e8ec7031a9e384d0d32abd7578,00002280,30,30,kumamoto_portal_map,2026-08-01T00:28:20+09:00,matched,portal_shelter_id,1.000,32.25879817874125,130.6650967596761,,,unmatched,manual_no_match,,,32.2589268500361,130.665248097424,gsi_reference,reference_latitude_longitude,complete,0,0,0,0,0,0,0,0,0,0,0,0,0,0,0,0,0
ref:E4351300023111,28848613010d7d9cbd5e,E4351300023111,E4351300023111,球磨村,岡公民館(椎葉),熊本県球磨村大字渡丙1323-1,岡公民館(椎葉),熊本県球磨村大字渡丙1323-1,,,,32.2642525663406,130.666466933227,"[{""共通ID"": ""E4351300023111"", ""経度"": ""130.666466933227"", ""緯度"": ""32.2642525663406""}]",,matched,exact_name_address,1.000,reference/43000_1.csv,17068228366013260d8a1e506e0843bc9c0736e8ec7031a9e384d0d32abd7578,00002279,30,30,kumamoto_portal_map,2026-08-01T00:28:20+09:00,matched,portal_shelter_id,1.000,32.26447303519279,130.6667382715932,,,unmatched,manual_no_match,,,32.2642525663406,130.666466933227,gsi_reference,reference_latitude_longitude,complete,0,0,0,0,0,0,0,0,0,0,0,0,0,0,0,0,0
ref:E4351300029111,af2ef7ea4ac199004d7f,E4351300029111,E4351300029111,球磨村,岳本公民館,熊本県球磨村大字一勝地乙1389-1,岳本公民館,熊本県球磨村大字一勝地乙1389-1,,,,32.2259110909684,130.609773964215,"[{""共通ID"": ""E4351300029111"", ""経度"": ""130.609773964215"", ""緯度"": ""32.2259110909684""}]",,matched,exact_name_address,1.000,reference/43000_1.csv,17068228366013260d8a1e506e0843bc9c0736e8ec7031a9e384d0d32abd7578,00002284,30,30,kumamoto_portal_map,2026-08-01T00:28:20+09:00,matched,portal_shelter_id,1.000,32.225907874871695,130.60976529097388,,,unmatched,manual_no_match,,,32.2259110909684,130.609773964215,gsi_reference,reference_latitude_longitude,complete,0,0,0,0,0,0,0,0,0,0,0,0,0,0,0,0,0
ref:E4351300022111,5da067fb9f5d555a03cf,E4351300022111,E4351300022111,球磨村,峯公民館,熊本県球磨村大字渡乙996,峯公民館,熊本県球磨村大字渡乙996,,,,32.236157,130.700636,"[{""共通ID"": ""E4351300022111"", ""経度"": ""130.700636"", ""緯度"": ""32.236157""}]",,matched,exact_name_address,1.000,reference/43000_1.csv,17068228366013260d8a1e506e0843bc9c0736e8ec7031a9e384d0d32abd7578,00002273,30,30,kumamoto_portal_map,2026-08-01T00:28:20+09:00,matched,portal_shelter_id,1.000,32.236172343553626,130.70068144774268,,,unmatched,manual_no_match,,,32.236157,130.700636,gsi_reference,reference_latitude_longitude,complete,0,0,0,0,0,0,0,0,0,0,0,0,0,0,0,0,0
ref:E4351300003111,e5988ea3765f71651dde,E4351300003111,E4351300003111,球磨村,日隠公民館,熊本県球磨村大字一勝地乙581-5,日隠公民館,熊本県球磨村大字一勝地乙581-5,,,,32.2357000614915,130.637075829075,"[{""共通ID"": ""E4351300003111"", ""経度"": ""130.637075829075"", ""緯度"": ""32.2357000614915""}]",,matched,exact_name_address,1.000,reference/43000_1.csv,17068228366013260d8a1e506e0843bc9c0736e8ec7031a9e384d0d32abd7578,00002283,30,30,kumamoto_portal_map,2026-08-01T00:28:20+09:00,matched,portal_shelter_id,1.000,32.23559153800805,130.63688528525745,,,unmatched,manual_no_match,,,32.2357000614915,130.637075829075,gsi_reference,reference_latitude_longitude,complete,0,0,0,0,0,0,0,0,0,0,0,0,0,0,0,0,0
ref:E4351300014111,2fa80e4c7ac67e09d0aa,E4351300014111,E4351300014111,球磨村,松谷公民館,熊本県球磨村大字三ケ浦乙623-2,松谷公民館,熊本県球磨村大字三ケ浦乙623-2,,,,32.2237961678889,130.665187227939,"[{""共通ID"": ""E4351300014111"", ""経度"": ""130.665187227939"", ""緯度"": ""32.2237961678889""}]",,matched,exact_name_address,1.000,reference/43000_1.csv,17068228366013260d8a1e506e0843bc9c0736e8ec7031a9e384d0d32abd7578,00002286,30,30,kumamoto_portal_map,2026-08-01T00:28:20+09:00,matched,portal_shelter_id,1.000,32.2238611953455,130.66554200637256,,,unmatched,manual_no_match,,,32.2237961678889,130.665187227939,gsi_reference,reference_latitude_longitude,complete,0,0,0,0,0,0,0,0,0,0,0,0,0,0,0,0,0
ref:E4351300020111,3135e7b35b2bc875b6c1,E4351300020111,E4351300020111,球磨村,水篠公民館,熊本県球磨村大字渡乙3164-1,水篠公民館,熊本県球磨村大字渡乙3164-1,,,,32.247973340103,130.699289615948,"[{""共通ID"": ""E4351300020111"", ""経度"": ""130.699289615948"", ""緯度"": ""32.247973340103""}]",,matched,exact_name_address,1.000,reference/43000_1.csv,17068228366013260d8a1e506e0843bc9c0736e8ec7031a9e384d0d32abd7578,00002275,30,30,kumamoto_portal_map,2026-08-01T00:28:20+09:00,matched,portal_shelter_id,1.000,32.24819146076024,130.69934856879627,,,unmatched,manual_no_match,,,32.247973340103,130.699289615948,gsi_reference,reference_latitude_longitude,complete,0,0,0,0,0,0,0,0,0,0,0,0,0,0,0,0,0
ref:E4351300021111,527121210135f2349f82,E4351300021111,E4351300021111,球磨村,渡保育園,熊本県球磨村大字渡乙763,渡保育園,熊本県球磨村大字渡乙763,,,,32.234903,130.702204,"[{""共通ID"": ""E4351300021111"", ""経度"": ""130.702204"", ""緯度"": ""32.234903""}]",,matched,exact_name_address,1.000,reference/43000_1.csv,17068228366013260d8a1e506e0843bc9c0736e8ec7031a9e384d0d32abd7578,00002274,50,50,kumamoto_portal_map,2026-08-01T00:28:20+09:00,matched,portal_shelter_id,1.000,32.23501072888819,130.70223712897132,,,unmatched,manual_no_match,,,32.234903,130.702204,gsi_reference,reference_latitude_longitude,complete,0,0,0,0,0,0,0,0,0,0,0,0,0,0,0,0,0
ref:E4351300002121,511731c94ade58b0c54c,E4351300002121,E4351300002121,球磨村,球磨村高齢者生活福祉センター「せせらぎ」,熊本県球磨村大字一勝地乙1-5,球磨村高齢者生活福祉センター「せせらぎ」,熊本県球磨村大字一勝地乙1-5,1,,要配慮者,32.24475877,130.646625,"[{""共通ID"": ""E4351300002121"", ""経度"": ""130.646625"", ""緯度"": ""32.24475877""}]",,matched,exact_name_address,1.000,reference/43000_1.csv,17068228366013260d8a1e506e0843bc9c0736e8ec7031a9e384d0d32abd7578,00002271,50,50,kumamoto_portal_map,2026-08-01T00:28:20+09:00,matched,portal_shelter_id,1.000,32.2450200930,130.6466560359,,,unmatched,manual_no_match,,,32.24475877,130.646625,gsi_reference,reference_latitude_longitude,complete,0,0,0,0,0,0,0,0,0,0,0,0,0,0,0,0,0
ref:E4351300010111,f3cf022b028df89bc275,E4351300010111,E4351300010111,球磨村,球磨清流学園南屋内運動場,熊本県球磨村大字一勝地丙181,球磨清流学園南屋内運動場,熊本県球磨村大字一勝地丙181,1,,,32.246143,130.646882,"[{""共通ID"": ""E4351300010111"", ""経度"": ""130.646882"", ""緯度"": ""32.246143""}]",,matched,exact_name_address,1.000,reference/43000_1.csv,17068228366013260d8a1e506e0843bc9c0736e8ec7031a9e384d0d32abd7578,00002268,100,100,kumamoto_portal_map,2026-08-01T00:28:20+09:00,matched,portal_shelter_id,1.000,32.2463812087,130.6467847819,,,unmatched,manual_no_match,,,32.246143,130.646882,gsi_reference,reference_latitude_longitude,complete,0,0,0,0,0,0,0,0,0,0,0,0,0,0,0,0,0
ref:E4351300013111,e22665f38de78353586b,E4351300013111,E4351300013111,球磨村,田舎の体験交流館「さんがうら」,熊本県球磨村大字三ケ浦乙245-5,田舎の体験交流館「さんがうら」,熊本県球磨村大字三ケ浦乙245-5,,,,32.224339,130.66672,"[{""共通ID"": ""E4351300013111"", ""経度"": ""130.66672"", ""緯度"": ""32.224339""}]",,matched,exact_name_address,1.000,reference/43000_1.csv,17068228366013260d8a1e506e0843bc9c0736e8ec7031a9e384d0d32abd7578,00002269,100,100,kumamoto_portal_map,2026-08-01T00:28:20+09:00,matched,portal_shelter_id,1.000,32.22452830012823,130.66665458631178,,,unmatched,manual_no_match,,,32.224339,130.66672,gsi_reference,reference_latitude_longitude,complete,0,0,0,0,0,0,0,0,0,0,0,0,0,0,0,0,0
ref:E4351300026111,6e6a596afae472338a6e,E4351300026111,E4351300026111,球磨村,神瀬神照寺,熊本県球磨村大字神瀬1132,神瀬神照寺,熊本県球磨村大字神瀬1132,,,,32.31233,130.614599,"[{""共通ID"": ""E4351300026111"", ""経度"": ""130.614599"", ""緯度"": ""32.31233""}]",,matched,exact_name_address,1.000,reference/43000_1.csv,17068228366013260d8a1e506e0843bc9c0736e8ec7031a9e384d0d32abd7578,,,,,,unmatched,no_candidate,,,,,,unmatched,manual_no_match,,,32.31233,130.614599,gsi_reference,reference_latitude_longitude,complete,0,0,0,0,0,0,0,0,0,0,0,0,0,0,0,0,0
ref:E4351300007111,2f0dddebad5cbab16891,E4351300007111,E4351300007111,球磨村,茂田公民館,熊本県球磨村大字一勝地甲1747,茂田公民館,熊本県球磨村大字一勝地甲1747,,,,32.2083245365831,130.639923494087,"[{""共通ID"": ""E4351300007111"", ""経度"": ""130.639923494087"", ""緯度"": ""32.2083245365831""}]",,matched,exact_name_address,1.000,reference/43000_1.csv,17068228366013260d8a1e506e0843bc9c0736e8ec7031a9e384d0d32abd7578,00002287,30,30,kumamoto_portal_map,2026-08-01T00:28:20+09:00,matched,portal_shelter_id,1.000,32.208843239906706,130.64119005179236,,,unmatched,manual_no_match,,,32.2083245365831,130.639923494087,gsi_reference,reference_latitude_longitude,complete,0,0,0,0,0,0,0,0,0,0,0,0,0,0,0,0,0
ref:E4351300008111,93a804f5a0abc93b5578,E4351300008111,E4351300008111,球磨村,遠原公民館,熊本県球磨村大字一勝地甲1933-13,遠原公民館,熊本県球磨村大字一勝地甲1933-13,,,,32.1826286766066,130.631423757381,"[{""共通ID"": ""E4351300008111"", ""経度"": ""130.631423757381"", ""緯度"": ""32.1826286766066""}]",,matched,exact_name_address,1.000,reference/43000_1.csv,17068228366013260d8a1e506e0843bc9c0736e8ec7031a9e384d0d32abd7578,00002288,30,30,kumamoto_portal_map,2026-08-01T00:28:20+09:00,matched,portal_shelter_id,1.000,32.18262281828921,130.63144826865027,,,unmatched,manual_no_match,,,32.1826286766066,130.631423757381,gsi_reference,reference_latitude_longitude,complete,0,0,0,0,0,0,0,0,0,0,0,0,0,0,0,0,0
ref:E4351300024111,714a3e02ea0c8aa7630e,E4351300024111,E4351300024111,球磨村,馬場公民館,熊本県球磨村大字渡丙241-1,馬場公民館,熊本県球磨村大字渡丙241-1,,,,32.2446727234723,130.660744184349,"[{""共通ID"": ""E4351300024111"", ""経度"": ""130.660744184349"", ""緯度"": ""32.2446727234723""}]",,matched,exact_name_address,1.000,reference/43000_1.csv,17068228366013260d8a1e506e0843bc9c0736e8ec7031a9e384d0d32abd7578,00002277,30,30,kumamoto_portal_map,2026-08-01T00:28:20+09:00,matched,portal_shelter_id,1.000,32.244684347825206,130.66072726225684,,,unmatched,manual_no_match,,,32.2446727234723,130.660744184349,gsi_reference,reference_latitude_longitude,complete,0,0,0,0,0,0,0,0,0,0,0,0,0,0,0,0,0
ref:E4342500007121,a952dbc2d8f3e99e4078,E4342500007121,E4342500007121,産山村,ほっと館(福祉避難所),熊本県産山村大字大利657-16,ほっと館(福祉避難所),熊本県産山村大字大利657-16,,,要配慮者,32.98539995153,131.20068635571,"[{""共通ID"": ""E4342500007121"", ""経度"": ""131.20068635571"", ""緯度"": ""32.98539995153""}]",,matched,exact_name_address,1.000,reference/43000_1.csv,17068228366013260d8a1e506e0843bc9c0736e8ec7031a9e384d0d32abd7578,00000590,30,30,kumamoto_portal_map,2026-08-01T00:28:20+09:00,matched,portal_shelter_id,1.000,32.985579,131.20077,,,unmatched,manual_no_match,,,32.98539995153,131.20068635571,gsi_reference,reference_latitude_longitude,complete,0,0,0,0,0,0,0,0,0,0,0,0,0,0,0,0,0
ref:E4342500010111,5316d52929ff6d71da95,E4342500010111,E4342500010111,産山村,南田尻公民館,熊本県産山村大字田尻1497-1,南田尻公民館,熊本県産山村大字田尻1497-1,,,,33.023125213005,131.1757080775,"[{""共通ID"": ""E4342500010111"", ""経度"": ""131.1757080775"", ""緯度"": ""33.023125213005""}]",,matched,exact_name_address,1.000,reference/43000_1.csv,17068228366013260d8a1e506e0843bc9c0736e8ec7031a9e384d0d32abd7578,,,,,,unmatched,no_candidate,,,,,,unmatched,manual_no_match,,,33.023125213005,131.1757080775,gsi_reference,reference_latitude_longitude,complete,0,0,0,0,0,0,0,0,0,0,0,0,0,0,0,0,0
ref:E4342500008111,c6a88b14659466cd0eae,E4342500008111,E4342500008111,産山村,南部地区公民館,熊本県産山村大字大利76-5,南部地区公民館,熊本県産山村大字大利76-5,1,,,32.971715080649,131.24383072189,"[{""共通ID"": ""E4342500008111"", ""経度"": ""131.24383072189"", ""緯度"": ""32.971715080649""}]",,matched,exact_name_address,1.000,reference/43000_1.csv,17068228366013260d8a1e506e0843bc9c0736e8ec7031a9e384d0d32abd7578,00001635,250,250,kumamoto_portal_map,2026-08-01T00:28:20+09:00,matched,portal_shelter_id,1.000,32.972475,131.243544,,,unmatched,manual_no_match,,,32.971715080649,131.24383072189,gsi_reference,reference_latitude_longitude,complete,0,0,0,0,0,0,0,0,0,0,0,0,0,0,0,0,0
ref:E4342500005111,886e1978db1b9d7ffe4e,E4342500005111,E4342500005111,産山村,山鹿体育館,熊本県産山村大字産山1240,山鹿体育館,熊本県産山村大字産山1240,,,,32.998906694768,131.21799112245,"[{""共通ID"": ""E4342500005111"", ""経度"": ""131.21799112245"", ""緯度"": ""32.998906694768""}]",,matched,exact_name_address,1.000,reference/43000_1.csv,17068228366013260d8a1e506e0843bc9c0736e8ec7031a9e384d0d32abd7578,00000585,280,280,kumamoto_portal_map,2026-08-01T00:28:20+09:00,matched,portal_shelter_id,1.000,33.014211,131.215275,,,unmatched,manual_no_match,,,32.998906694768,131.21799112245,gsi_reference,reference_latitude_longitude,complete,0,0,0,0,0,0,0,0,0,0,0,0,0,0,0,0,0
ref:E4342500003111,f43997ef43f8f9a372f8,E4342500003111,E4342500003111,産山村,山鹿地区公民館,熊本県産山村大字山鹿556-1,山鹿地区公民館,熊本県産山村大字山鹿556-1,1,,,32.995790183886,131.21395298394,"[{""共通ID"": ""E4342500003111"", ""経度"": ""131.21395298394"", ""緯度"": ""32.995790183886""}]",,matched,exact_name_address,1.000,reference/43000_1.csv,17068228366013260d8a1e506e0843bc9c0736e8ec7031a9e384d0d32abd7578,00001634,165,165,kumamoto_portal_map,2026-08-01T00:28:20+09:00,matched,portal_shelter_id,1.000,32.995534,131.216773,,,unmatched,manual_no_match,,,32.995790183886,131.21395298394,gsi_reference,reference_latitude_longitude,complete,0,0,0,0,0,0,0,0,0,0,0,0,0,0,0,0,0
ref:E4342500001111,b67721af95551312c629,E4342500001111,E4342500001111,産山村,平川公民館,熊本県産山村大字山鹿1332-14,平川公民館,熊本県産山村大字山鹿1332-14,1,,,33.015570922868,131.1823136464,"[{""共通ID"": ""E4342500001111"", ""経度"": ""131.1823136464"", ""緯度"": ""33.015570922868""}]",,matched,exact_name_address,1.000,reference/43000_1.csv,17068228366013260d8a1e506e0843bc9c0736e8ec7031a9e384d0d32abd7578,,,,,,unmatched,no_candidate,,,,,,unmatched,manual_no_match,,,33.015570922868,131.1823136464,gsi_reference,reference_latitude_longitude,complete,0,0,0,0,0,0,0,0,0,0,0,0,0,0,0,0,0
ref:E4342500004111,46f02b65e2bef356f7d2,E4342500004111,E4342500004111,産山村,日向消防詰所,熊本県産山村大字産山1139-2,日向消防詰所,熊本県産山村大字産山1139-2,1,,,33.003910185567,131.22634472034,"[{""共通ID"": ""E4342500004111"", ""経度"": ""131.22634472034"", ""緯度"": ""33.003910185567""}]",,matched,exact_name_address,1.000,reference/43000_1.csv,17068228366013260d8a1e506e0843bc9c0736e8ec7031a9e384d0d32abd7578,00001631,10,10,kumamoto_portal_map,2026-08-01T00:28:20+09:00,matched,portal_shelter_id,1.000,33.004083,131.226746,,,unmatched,manual_no_match,,,33.003910185567,131.22634472034,gsi_reference,reference_latitude_longitude,complete,0,0,0,0,0,0,0,0,0,0,0,0,0,0,0,0,0
ref:E4342500012111,e8496693277226f30cb0,E4342500012111,E4342500012111,産山村,片俣公民館,熊本県産山村大字片俣460-4,片俣公民館,熊本県産山村大字片俣460-4,,,,32.965831788104,131.24942683939,"[{""共通ID"": ""E4342500012111"", ""経度"": ""131.24942683939"", ""緯度"": ""32.965831788104""}]",,matched,exact_name_address,1.000,reference/43000_1.csv,17068228366013260d8a1e506e0843bc9c0736e8ec7031a9e384d0d32abd7578,00000589,15,15,kumamoto_portal_map,2026-08-01T00:28:20+09:00,matched,portal_shelter_id,1.000,32.965951,131.249671,,,unmatched,manual_no_match,,,32.965831788104,131.24942683939,gsi_reference,reference_latitude_longitude,complete,0,0,0,0,0,0,0,0,0,0,0,0,0,0,0,0,0
ref:E4342500006111,0c1895a4a5482134ffa5,E4342500006111,E4342500006111,産山村,産山地区公民館,熊本県産山村大字産山1355-2,産山地区公民館,熊本県産山村大字産山1355-2,,,,33.009070774598,131.22498222825,"[{""共通ID"": ""E4342500006111"", ""経度"": ""131.22498222825"", ""緯度"": ""33.009070774598""}]",,matched,exact_name_address,1.000,reference/43000_1.csv,17068228366013260d8a1e506e0843bc9c0736e8ec7031a9e384d0d32abd7578,00000584,285,285,kumamoto_portal_map,2026-08-01T00:28:20+09:00,matched,portal_shelter_id,1.000,33.014211,131.215275,,,unmatched,manual_no_match,,,33.009070774598,131.22498222825,gsi_reference,reference_latitude_longitude,complete,0,0,0,0,0,0,0,0,0,0,0,0,0,0,0,0,0
ref:E4342500002111,47b09b565f5edcbc7106,E4342500002111,E4342500002111,産山村,産山学園体育館,熊本県産山村大字山鹿474-1,産山学園体育館,熊本県産山村大字山鹿474-1,,,,32.99488026977,131.21760304934,"[{""共通ID"": ""E4342500002111"", ""経度"": ""131.21760304934"", ""緯度"": ""32.99488026977""}]",,matched,exact_name_address,1.000,reference/43000_1.csv,17068228366013260d8a1e506e0843bc9c0736e8ec7031a9e384d0d32abd7578,00000588,500,500,kumamoto_portal_map,2026-08-01T00:28:20+09:00,matched,portal_shelter_id,1.000,32.995139,131.217256,,,unmatched,manual_no_match,,,32.99488026977,131.21760304934,gsi_reference,reference_latitude_longitude,complete,0,0,0,0,0,0,0,0,0,0,0,0,0,0,0,0,0
ref:E4342500002112,7d63169963f86e3fdd56,E4342500002112,E4342500002112,産山村,産山小中学校体育館,熊本県産山村大字山鹿474-1,産山小中学校体育館,熊本県産山村大字山鹿474-1,,,,32.99478451973,131.21760418229,"[{""共通ID"": ""E4342500002112"", ""経度"": ""131.21760418229"", ""緯度"": ""32.99478451973""}]",,matched,exact_name_address,1.000,reference/43000_1.csv,17068228366013260d8a1e506e0843bc9c0736e8ec7031a9e384d0d32abd7578,00000588,500,500,kumamoto_portal_map,2026-08-01T00:28:20+09:00,matched,portal_shelter_id,1.000,32.995139,131.217256,,,unmatched,manual_no_match,,,32.99478451973,131.21760418229,gsi_reference,reference_latitude_longitude,complete,0,0,0,0,0,0,0,0,0,0,0,0,0,0,0,0,0
ref:E4342500011111,d8ef6070268a194d9aa1,E4342500011111,E4342500011111,産山村,田尻地区公民館,熊本県産山村大字田尻614-1,田尻地区公民館,熊本県産山村大字田尻614-1,1,,,33.031931465327,131.17372860725,"[{""共通ID"": ""E4342500011111"", ""経度"": ""131.17372860725"", ""緯度"": ""33.031931465327""}]",,matched,exact_name_address,1.000,reference/43000_1.csv,17068228366013260d8a1e506e0843bc9c0736e8ec7031a9e384d0d32abd7578,00001632,155,155,kumamoto_portal_map,2026-08-01T00:28:20+09:00,matched,portal_shelter_id,1.000,33.031551,131.173021,,,unmatched,manual_no_match,,,33.031931465327,131.17372860725,gsi_reference,reference_latitude_longitude,complete,0,0,0,0,0,0,0,0,0,0,0,0,0,0,0,0,0
ref:E4342500009111,5c2c1275f774083633a9,E4342500009111,E4342500009111,産山村,竹の畑公民館,熊本県産山村大字田尻1111-1,竹の畑公民館,熊本県産山村大字田尻1111-1,,,,33.031756068481,131.19603922184,"[{""共通ID"": ""E4342500009111"", ""経度"": ""131.19603922184"", ""緯度"": ""33.031756068481""}]",,matched,exact_name_address,1.000,reference/43000_1.csv,17068228366013260d8a1e506e0843bc9c0736e8ec7031a9e384d0d32abd7578,,,,,,unmatched,no_candidate,,,,,,unmatched,manual_no_match,,,33.031756068481,131.19603922184,gsi_reference,reference_latitude_longitude,complete,0,0,0,0,0,0,0,0,0,0,0,0,0,0,0,0,0
ref:E4344400029111,afa652778b4e919132a0,E4344400029111,E4344400029111,甲佐町,上田口公民館,熊本県甲佐町田口204-1,上田口公民館,熊本県甲佐町田口204-1,,,,32.695220354612,130.77698566894,"[{""共通ID"": ""E4344400029111"", ""経度"": ""130.77698566894"", ""緯度"": ""32.695220354612""}]",,matched,exact_name_address,1.000,reference/43000_1.csv,17068228366013260d8a1e506e0843bc9c0736e8ec7031a9e384d0d32abd7578,,,,,,unmatched,no_candidate,,,,,,unmatched,manual_no_match,,,32.695220354612,130.77698566894,gsi_reference,reference_latitude_longitude,complete,0,0,0,0,0,0,0,0,0,0,0,0,0,0,0,0,0
ref:E4344400016111,32ba587d616788f8409e,E4344400016111,E4344400016111,甲佐町,上益城農業協同組合第一営農センター,熊本県甲佐町白旗543-1,上益城農業協同組合第一営農センター,熊本県甲佐町白旗543-1,1,,,32.701636,130.781648,"[{""共通ID"": ""E4344400016111"", ""経度"": ""130.781648"", ""緯度"": ""32.701636""}]",,matched,exact_name_address,1.000,reference/43000_1.csv,17068228366013260d8a1e506e0843bc9c0736e8ec7031a9e384d0d32abd7578,,,,,,unmatched,no_candidate,,,,,,unmatched,manual_no_match,,,32.701636,130.781648,gsi_reference,reference_latitude_longitude,complete,0,0,0,0,0,0,0,0,0,0,0,0,0,0,0,0,0
ref:E4344400026111,a06543784e0ce5709fb5,E4344400026111,E4344400026111,甲佐町,世持公民館,熊本県甲佐町世持315,世持公民館,熊本県甲佐町世持315,,,,32.676442,130.789724,"[{""共通ID"": ""E4344400026111"", ""経度"": ""130.789724"", ""緯度"": ""32.676442""}]",,matched,exact_name_address,1.000,reference/43000_1.csv,17068228366013260d8a1e506e0843bc9c0736e8ec7031a9e384d0d32abd7578,,,,,,unmatched,no_candidate,,,,,,unmatched,manual_no_match,,,32.676442,130.789724,gsi_reference,reference_latitude_longitude,complete,0,0,0,0,0,0,0,0,0,0,0,0,0,0,0,0,0
ref:E4344400013112,5040f1e668a9858a7826,E4344400013112,E4344400013112,甲佐町,乙女小学校,熊本県甲佐町津志田3073,乙女小学校,熊本県甲佐町津志田3073,1,,,32.684725,130.781436,"[{""共通ID"": ""E4344400013112"", ""経度"": ""130.781436"", ""緯度"": ""32.684725""}]",,matched,exact_name_address,1.000,reference/43000_1.csv,17068228366013260d8a1e506e0843bc9c0736e8ec7031a9e384d0d32abd7578,00001785,350,350,kumamoto_portal_map,2026-08-01T00:28:20+09:00,matched,portal_shelter_id,1.000,32.684793,130.781296,,,unmatched,manual_no_match,,,32.684725,130.781436,gsi_reference,reference_latitude_longitude,complete,0,0,0,0,0,0,0,0,0,0,0,0,0,0,0,0,0
ref:E4344400013111,56aa6fb931ef8e8b39e4,E4344400013111,E4344400013111,甲佐町,乙女高齢者福祉センター,熊本県甲佐町津志田3073,乙女高齢者福祉センター,熊本県甲佐町津志田3073,1,,,32.684732,130.781722,"[{""共通ID"": ""E4344400013111"", ""経度"": ""130.781722"", ""緯度"": ""32.684732""}]",,matched,exact_name_address,1.000,reference/43000_1.csv,17068228366013260d8a1e506e0843bc9c0736e8ec7031a9e384d0d32abd7578,00001789,30,30,kumamoto_portal_map,2026-08-01T00:28:20+09:00,matched,portal_shelter_id,1.000,32.684793,130.781296,,,unmatched,manual_no_match,,,32.684732,130.781722,gsi_reference,reference_latitude_longitude,complete,0,0,0,0,0,0,0,0,0,0,0,0,0,0,0,0,0
ref:E4344400030111,0e6a29ebbd6ac77e6b5a,E4344400030111,E4344400030111,甲佐町,六谷公民館,熊本県甲佐町上早川4496,六谷公民館,熊本県甲佐町上早川4496,,,,32.680423942016,130.85295151616,"[{""共通ID"": ""E4344400030111"", ""経度"": ""130.85295151616"", ""緯度"": ""32.680423942016""}]",,matched,exact_name_address,1.000,reference/43000_1.csv,17068228366013260d8a1e506e0843bc9c0736e8ec7031a9e384d0d32abd7578,,,,,,unmatched,no_candidate,,,,,,unmatched,manual_no_match,,,32.680423942016,130.85295151616,gsi_reference,reference_latitude_longitude,complete,0,0,0,0,0,0,0,0,0,0,0,0,0,0,0,0,0
ref:E4344400023111,58c3163c612e68af65db,E4344400023111,E4344400023111,甲佐町,北早川公民館,熊本県甲佐町早川1942,北早川公民館,熊本県甲佐町早川1942,,,,32.69491656132,130.80082926425,"[{""共通ID"": ""E4344400023111"", ""経度"": ""130.80082926425"", ""緯度"": ""32.69491656132""}]",,matched,exact_name_address,1.000,reference/43000_1.csv,17068228366013260d8a1e506e0843bc9c0736e8ec7031a9e384d0d32abd7578,,,,,,unmatched,no_candidate,,,,,,unmatched,manual_no_match,,,32.69491656132,130.80082926425,gsi_reference,reference_latitude_longitude,complete,0,0,0,0,0,0,0,0,0,0,0,0,0,0,0,0,0
ref:E4344400011121,465f7fe753bfd12d845d,E4344400011121,E4344400011121,甲佐町,医療法人 荒瀬会 老人保健施設 緑風苑,熊本県甲佐町大字白旗271,医療法人 荒瀬会 老人保健施設 緑風苑,熊本県甲佐町大字白旗271,,事前に福祉課に要相談,要介護高齢者、障害者、妊産婦、乳幼児等,32.6980363711,130.789459798416,"[{""共通ID"": ""E4344400011121"", ""経度"": ""130.789459798416"", ""緯度"": ""32.6980363711""}]",,matched,exact_name_address,1.000,reference/43000_1.csv,17068228366013260d8a1e506e0843bc9c0736e8ec7031a9e384d0d32abd7578,,,,,,unmatched,no_candidate,,,,,,unmatched,manual_no_match,,,32.6980363711,130.789459798416,gsi_reference,reference_latitude_longitude,complete,0,0,0,0,0,0,0,0,0,0,0,0,0,0,0,0,0
ref:E4344400028111,f4223efa6a4aa2f444a2,E4344400028111,E4344400028111,甲佐町,和田内公民館,熊本県甲佐町田口2745,和田内公民館,熊本県甲佐町田口2745,,,,32.699663,130.77205,"[{""共通ID"": ""E4344400028111"", ""経度"": ""130.77205"", ""緯度"": ""32.699663""}]",,matched,exact_name_address,1.000,reference/43000_1.csv,17068228366013260d8a1e506e0843bc9c0736e8ec7031a9e384d0d32abd7578,,,,,,unmatched,no_candidate,,,,,,unmatched,manual_no_match,,,32.699663,130.77205,gsi_reference,reference_latitude_longitude,complete,0,0,0,0,0,0,0,0,0,0,0,0,0,0,0,0,0
ref:E4344400005111,53858d896331cc309bbc,E4344400005111,E4344400005111,甲佐町,宮内地区社会教育センター,熊本県甲佐町小鹿358,宮内地区社会教育センター,熊本県甲佐町小鹿358,1,,,32.650116,130.847696,"[{""共通ID"": ""E4344400005111"", ""経度"": ""130.847696"", ""緯度"": ""32.650116""}]",,matched,exact_name_address,1.000,reference/43000_1.csv,17068228366013260d8a1e506e0843bc9c0736e8ec7031a9e384d0d32abd7578,00001787,180,180,kumamoto_portal_map,2026-08-01T00:28:20+09:00,matched,portal_shelter_id,1.000,32.650002,130.847886,,,unmatched,manual_no_match,,,32.650116,130.847696,gsi_reference,reference_latitude_longitude,complete,0,0,0,0,0,0,0,0,0,0,0,0,0,0,0,0,0
ref:E4344400022111,632aa718e873eb129283,E4344400022111,E4344400022111,甲佐町,早川公民館,熊本県甲佐町早川780,早川公民館,熊本県甲佐町早川780,,,,32.686538,130.807178,"[{""共通ID"": ""E4344400022111"", ""経度"": ""130.807178"", ""緯度"": ""32.686538""}]",,matched,exact_name_address,1.000,reference/43000_1.csv,17068228366013260d8a1e506e0843bc9c0736e8ec7031a9e384d0d32abd7578,,,,,,unmatched,no_candidate,,,,,,unmatched,manual_no_match,,,32.686538,130.807178,gsi_reference,reference_latitude_longitude,complete,0,0,0,0,0,0,0,0,0,0,0,0,0,0,0,0,0
ref:E4344400027111,7b03c3bd4572aa1c94d0,E4344400027111,E4344400027111,甲佐町,津志田公民館,熊本県甲佐町津志田1290,津志田公民館,熊本県甲佐町津志田1290,,,,32.688707,130.789396,"[{""共通ID"": ""E4344400027111"", ""経度"": ""130.789396"", ""緯度"": ""32.688707""}]",,matched,exact_name_address,1.000,reference/43000_1.csv,17068228366013260d8a1e506e0843bc9c0736e8ec7031a9e384d0d32abd7578,,,,,,unmatched,no_candidate,,,,,,unmatched,manual_no_match,,,32.688707,130.789396,gsi_reference,reference_latitude_longitude,complete,0,0,0,0,0,0,0,0,0,0,0,0,0,0,0,0,0
ref:E4344400012111,a523545de6ee9fcf18b3,E4344400012111,E4344400012111,甲佐町,甲佐中学校,熊本県甲佐町中横田300,甲佐中学校,熊本県甲佐町中横田300,1,,,32.666763,130.818283,"[{""共通ID"": ""E4344400012111"", ""経度"": ""130.818283"", ""緯度"": ""32.666763""}]",,matched,exact_name_address,1.000,reference/43000_1.csv,17068228366013260d8a1e506e0843bc9c0736e8ec7031a9e384d0d32abd7578,00001779,380,380,kumamoto_portal_map,2026-08-01T00:28:20+09:00,matched,portal_shelter_id,1.000,32.666681,130.817945,,,unmatched,manual_no_match,,,32.666763,130.818283,gsi_reference,reference_latitude_longitude,complete,0,0,0,0,0,0,0,0,0,0,0,0,0,0,0,0,0
ref:E4344400021121,50c7526041cd8184d526,E4344400021121,E4344400021121,甲佐町,甲佐団地集会所,熊本県甲佐町豊内776,甲佐団地集会所,熊本県甲佐町豊内776,1,事前に福祉課に要相談,要介護高齢者、障害者、妊産婦、乳幼児等,32.6507486373915,130.812677104788,"[{""共通ID"": ""E4344400021121"", ""経度"": ""130.812677104788"", ""緯度"": ""32.6507486373915""}]",,matched,exact_name_address,1.000,reference/43000_1.csv,17068228366013260d8a1e506e0843bc9c0736e8ec7031a9e384d0d32abd7578,00002337,6,6,kumamoto_portal_map,2026-08-01T00:28:20+09:00,matched,portal_shelter_id,1.000,32.65147057000007,130.81138468000006,,,unmatched,manual_no_match,,,32.6507486373915,130.812677104788,gsi_reference,reference_latitude_longitude,complete,0,0,0,0,0,0,0,0,0,0,0,0,0,0,0,0,0
ref:E4344400017111,1d9f8c62ff14013bdf79,E4344400017111,E4344400017111,甲佐町,甲佐小学校,熊本県甲佐町豊内613-1,甲佐小学校,熊本県甲佐町豊内613-1,1,,,32.647422,130.810735,"[{""共通ID"": ""E4344400017111"", ""経度"": ""130.810735"", ""緯度"": ""32.647422""}]",,matched,exact_name_address,1.000,reference/43000_1.csv,17068228366013260d8a1e506e0843bc9c0736e8ec7031a9e384d0d32abd7578,00001777,400,400,kumamoto_portal_map,2026-08-01T00:28:20+09:00,matched,portal_shelter_id,1.000,32.647494,130.810713,,,unmatched,manual_no_match,,,32.647422,130.810735,gsi_reference,reference_latitude_longitude,complete,0,0,0,0,0,0,0,0,0,0,0,0,0,0,0,0,0
web:05f304ae849ce5e5df0e,05f304ae849ce5e5df0e,,,甲佐町,甲佐町総合保健福祉センター(鮎緑),甲佐町豊内619,,,,,,,,[],,unmatched,no_candidate,,reference/43000_1.csv,17068228366013260d8a1e506e0843bc9c0736e8ec7031a9e384d0d32abd7578,00001776,200,200,kumamoto_portal_map,2026-08-01T00:28:20+09:00,matched,portal_shelter_id,1.000,32.649321,130.809883,32.64943407,130.809801,matched,manual_shelter_id,マニュアルジオコーディング(1).csv,35f5dae36fe4e9577c53f227bd933e4604ed40e589ee27a700add2b32438424c,32.64943407,130.809801,manual_geocoding,manual_shelter_id,complete,0,1,1,1,1,1,1,1,1,1,1,1,1,1,1,1,1
web:fca9bef15fe293a50d8c,fca9bef15fe293a50d8c,,,甲佐町,甲佐町農業研修センター(ろくじ館),熊本県上益城郡甲佐町豊内719-2,,,,,,,,[],,unmatched,no_candidate,,reference/43000_1.csv,17068228366013260d8a1e506e0843bc9c0736e8ec7031a9e384d0d32abd7578,00002335,50,50,kumamoto_portal_map,2026-08-01T00:28:20+09:00,matched,portal_shelter_id,1.000,32.65073059352114,130.8116501569748,32.65062307,130.8113328,matched,manual_shelter_id,マニュアルジオコーディング(1).csv,35f5dae36fe4e9577c53f227bd933e4604ed40e589ee27a700add2b32438424c,32.65062307,130.8113328,manual_geocoding,manual_shelter_id,complete,0,1,1,1,1,1,1,1,1,1,1,1,1,1,1,1,1
ref:E4344400004111,2ff74b41eb174c1c9183,E4344400004111,E4344400004111,甲佐町,町民センター,熊本県甲佐町糸田9-1,町民センター,熊本県甲佐町糸田9-1,1,,,32.678763,130.809815,"[{""共通ID"": ""E4344400004111"", ""経度"": ""130.809815"", ""緯度"": ""32.678763""}]",,matched,exact_name_address,1.000,reference/43000_1.csv,17068228366013260d8a1e506e0843bc9c0736e8ec7031a9e384d0d32abd7578,00001786,50,50,kumamoto_portal_map,2026-08-01T00:28:20+09:00,matched,portal_shelter_id,1.000,32.678822,130.810064,,,unmatched,manual_no_match,,,32.678763,130.809815,gsi_reference,reference_latitude_longitude,complete,0,0,0,0,0,0,0,0,0,0,0,0,0,0,0,0,0
ref:E4344400015111,5d6f008c1ef5461522a8,E4344400015111,E4344400015111,甲佐町,白旗小学校,熊本県甲佐町白旗50,白旗小学校,熊本県甲佐町白旗50,1,,,32.697219,130.788098,"[{""共通ID"": ""E4344400015111"", ""経度"": ""130.788098"", ""緯度"": ""32.697219""}]",,matched,exact_name_address,1.000,reference/43000_1.csv,17068228366013260d8a1e506e0843bc9c0736e8ec7031a9e384d0d32abd7578,00001783,300,300,kumamoto_portal_map,2026-08-01T00:28:20+09:00,matched,portal_shelter_id,1.000,32.697286,130.788146,,,unmatched,manual_no_match,,,32.697219,130.788098,gsi_reference,reference_latitude_longitude,complete,0,0,0,0,0,0,0,0,0,0,0,0,0,0,0,0,0
refgroup:844852441afde3662cdc,282a98dabc1bd2e355c9,E4344400014111,E4344400014111;E4344400014121,甲佐町,白旗福祉ふれあいセンター,甲佐町白旗216-2,白旗福祉ふれあいセンター,熊本県甲佐町白旗216-2,1,,,32.6985188731672,130.787663993273,"[{""共通ID"": ""E4344400014111"", ""経度"": ""130.787663993273"", ""緯度"": ""32.6985188731672""}, {""共通ID"": ""E4344400014121"", ""経度"": ""130.78771678481"", ""緯度"": ""32.698360702641""}]",,matched_multiple,exact_name_address,1.000,reference/43000_1.csv,17068228366013260d8a1e506e0843bc9c0736e8ec7031a9e384d0d32abd7578,00001782,40,40,kumamoto_portal_map,2026-08-01T00:28:20+09:00,matched,portal_shelter_id,1.000,32.698602,130.787665,,,unmatched,manual_no_match,,,32.6985188731672,130.787663993273,gsi_reference,reference_latitude_longitude,complete,0,1,1,1,1,1,1,1,1,1,1,1,1,1,1,1,1
ref:E4344400010121,fba3a2ac721cf3d33932,E4344400010121,E4344400010121,甲佐町,社会福祉法人 五色会ライフサポート あゆの里,熊本県甲佐町大字津志田2472,社会福祉法人 五色会ライフサポート あゆの里,熊本県甲佐町大字津志田2472,,事前に福祉課に要相談,要介護高齢者、障害者、妊産婦、乳幼児等,32.693208847848,130.782620689491,"[{""共通ID"": ""E4344400010121"", ""経度"": ""130.782620689491"", ""緯度"": ""32.693208847848""}]",,matched,exact_name_address,1.000,reference/43000_1.csv,17068228366013260d8a1e506e0843bc9c0736e8ec7031a9e384d0d32abd7578,,,,,,unmatched,no_candidate,,,,,,unmatched,manual_no_match,,,32.693208847848,130.782620689491,gsi_reference,reference_latitude_longitude,complete,0,0,0,0,0,0,0,0,0,0,0,0,0,0,0,0,0
ref:E4344400031121,1c54a30ebf6c056f5d75,E4344400031121,E4344400031121,甲佐町,社会福祉法人 五色会養護老人ホーム 緑川荘,熊本県甲佐町緑町50,社会福祉法人 五色会養護老人ホーム 緑川荘,熊本県甲佐町緑町50,,事前に福祉課に要相談,要介護高齢者、障害者、妊産婦、乳幼児等,32.6453007111065,130.808801319426,"[{""共通ID"": ""E4344400031121"", ""経度"": ""130.808801319426"", ""緯度"": ""32.6453007111065""}]",,matched,exact_name_address,1.000,reference/43000_1.csv,17068228366013260d8a1e506e0843bc9c0736e8ec7031a9e384d0d32abd7578,,,,,,unmatched,no_candidate,,,,,,unmatched,manual_no_match,,,32.6453007111065,130.808801319426,gsi_reference,reference_latitude_longitude,complete,0,0,0,0,0,0,0,0,0,0,0,0,0,0,0,0,0
ref:E4344400009121,e20667db6fbda77d943f,E4344400009121,E4344400009121,甲佐町,社会福祉法人 綾友会特別養護老人ホーム桜の丘,熊本県甲佐町西寒野1161,社会福祉法人 綾友会特別養護老人ホーム桜の丘,熊本県甲佐町西寒野1161,,事前に福祉課に要相談,要介護高齢者、障害者、妊産婦、乳幼児等,32.6382969547004,130.811957823372,"[{""共通ID"": ""E4344400009121"", ""経度"": ""130.811957823372"", ""緯度"": ""32.6382969547004""}]",,matched,exact_name_address,1.000,reference/43000_1.csv,17068228366013260d8a1e506e0843bc9c0736e8ec7031a9e384d0d32abd7578,,,,,,unmatched,no_candidate,,,,,,unmatched,manual_no_match,,,32.6382969547004,130.811957823372,gsi_reference,reference_latitude_longitude,complete,0,0,0,0,0,0,0,0,0,0,0,0,0,0,0,0,0
ref:E4344400007121,1eac09c1c81994e3e359,E4344400007121,E4344400007121,甲佐町,竜野福祉ふれあいセンター,熊本県甲佐町上早川334,竜野福祉ふれあいセンター,熊本県甲佐町上早川334,1,,,32.676866600511,130.82067311735,"[{""共通ID"": ""E4344400007121"", ""経度"": ""130.82067311735"", ""緯度"": ""32.676866600511""}]",,matched,exact_name_address,1.000,reference/43000_1.csv,17068228366013260d8a1e506e0843bc9c0736e8ec7031a9e384d0d32abd7578,00001781,40,40,kumamoto_portal_map,2026-08-01T00:28:20+09:00,matched,portal_shelter_id,1.000,32.676836,130.820727,,,unmatched,manual_no_match,,,32.676866600511,130.82067311735,gsi_reference,reference_latitude_longitude,complete,0,0,0,0,0,0,0,0,0,0,0,0,0,0,0,0,0
refgroup:644e918facffffa778c4,652034ec1de122dad034,E4344400018111,E4344400018111;E4344400018121,甲佐町,総合保健福祉センター,熊本県甲佐町豊内619,総合保健福祉センター,熊本県甲佐町豊内619,1,,,32.6493228227822,130.809850144839,"[{""共通ID"": ""E4344400018111"", ""経度"": ""130.809850144839"", ""緯度"": ""32.6493228227822""}, {""共通ID"": ""E4344400018121"", ""経度"": ""130.809863"", ""緯度"": ""32.649457""}]",,matched_multiple,exact_name_address,1.000,reference/43000_1.csv,17068228366013260d8a1e506e0843bc9c0736e8ec7031a9e384d0d32abd7578,00001776,200,200,kumamoto_portal_map,2026-08-01T00:28:20+09:00,matched,portal_shelter_id,1.000,32.649321,130.809883,,,unmatched,manual_no_match,,,32.6493228227822,130.809850144839,gsi_reference,reference_latitude_longitude,complete,0,0,0,0,0,0,0,0,0,0,0,0,0,0,0,0,0
ref:E4344400025111,798523b03168b441a347,E4344400025111,E4344400025111,甲佐町,船津公民館,熊本県甲佐町船津763-2,船津公民館,熊本県甲佐町船津763-2,,,,32.665706,130.79706,"[{""共通ID"": ""E4344400025111"", ""経度"": ""130.79706"", ""緯度"": ""32.665706""}]",,matched,exact_name_address,1.000,reference/43000_1.csv,17068228366013260d8a1e506e0843bc9c0736e8ec7031a9e384d0d32abd7578,,,,,,unmatched,no_candidate,,,,,,unmatched,manual_no_match,,,32.665706,130.79706,gsi_reference,reference_latitude_longitude,complete,0,0,0,0,0,0,0,0,0,0,0,0,0,0,0,0,0
web:064fdd1deeb7e38c7d57,064fdd1deeb7e38c7d57,,,甲佐町,船津地区河川防災ステーション,熊本県上益城郡甲佐町有安771-62,,,,,,,,[],,unmatched,no_candidate,,reference/43000_1.csv,17068228366013260d8a1e506e0843bc9c0736e8ec7031a9e384d0d32abd7578,00002344,,0,kumamoto_portal_map,2026-08-01T00:28:20+09:00,matched,portal_shelter_id,1.000,32.66471322187477,130.80397582067235,32.66347152,130.8046274,matched,manual_shelter_id,マニュアルジオコーディング(1).csv,35f5dae36fe4e9577c53f227bd933e4604ed40e589ee27a700add2b32438424c,32.66347152,130.8046274,manual_geocoding,manual_shelter_id,complete,0,1,1,1,1,1,1,1,1,1,0,0,0,0,0,0,0
ref:E4344400020111,1cdedfaaa1ed2921ee43,E4344400020111,E4344400020111,甲佐町,西寒野公民館,熊本県甲佐町西寒野247-5,西寒野公民館,熊本県甲佐町西寒野247-5,,,,32.638987,130.816644,"[{""共通ID"": ""E4344400020111"", ""経度"": ""130.816644"", ""緯度"": ""32.638987""}]",,matched,exact_name_address,1.000,reference/43000_1.csv,17068228366013260d8a1e506e0843bc9c0736e8ec7031a9e384d0d32abd7578,,,,,,unmatched,no_candidate,,,,,,unmatched,manual_no_match,,,32.638987,130.816644,gsi_reference,reference_latitude_longitude,complete,0,0,0,0,0,0,0,0,0,0,0,0,0,0,0,0,0
ref:E4344400019111,5b8d7855957df5bdba11,E4344400019111,E4344400019111,甲佐町,農業研修センター,熊本県甲佐町豊内719-2,農業研修センター,熊本県甲佐町豊内719-2,1,,,32.65059,130.811327,"[{""共通ID"": ""E4344400019111"", ""経度"": ""130.811327"", ""緯度"": ""32.65059""}]",,matched,exact_name_address,1.000,reference/43000_1.csv,17068228366013260d8a1e506e0843bc9c0736e8ec7031a9e384d0d32abd7578,,,,,,unmatched,no_candidate,,,,,,unmatched,manual_no_match,,,32.65059,130.811327,gsi_reference,reference_latitude_longitude,complete,0,0,0,0,0,0,0,0,0,0,0,0,0,0,0,0,0
ref:E4344400006111,52e0e57d63e235bb14f3,E4344400006111,E4344400006111,甲佐町,龍野小学校,熊本県甲佐町上早川1220,龍野小学校,熊本県甲佐町上早川1220,1,,,32.673701,130.817493,"[{""共通ID"": ""E4344400006111"", ""経度"": ""130.817493"", ""緯度"": ""32.673701""}]",,matched,exact_name_address,1.000,reference/43000_1.csv,17068228366013260d8a1e506e0843bc9c0736e8ec7031a9e384d0d32abd7578,00001780,270,270,kumamoto_portal_map,2026-08-01T00:28:20+09:00,matched,portal_shelter_id,1.000,32.673558,130.817489,,,unmatched,manual_no_match,,,32.673701,130.817493,gsi_reference,reference_latitude_longitude,complete,0,0,0,0,0,0,0,0,0,0,0,0,0,0,0,0,0
ref:E4344400007111,507ab771cb5726c793f7,E4344400007111,E4344400007111,甲佐町,龍野福祉ふれあいセンター,甲佐町上早川334,龍野福祉ふれあいセンター,熊本県甲佐町上早川334,1,,,32.676881,130.820671,"[{""共通ID"": ""E4344400007111"", ""経度"": ""130.820671"", ""緯度"": ""32.676881""}]",,matched,exact_name_address,1.000,reference/43000_1.csv,17068228366013260d8a1e506e0843bc9c0736e8ec7031a9e384d0d32abd7578,00001781,40,40,kumamoto_portal_map,2026-08-01T00:28:20+09:00,matched,portal_shelter_id,1.000,32.676836,130.820727,,,unmatched,manual_no_match,,,32.676881,130.820671,gsi_reference,reference_latitude_longitude,complete,0,1,1,1,1,1,1,1,1,1,1,1,1,1,1,1,1
ref:E4344300017121,f811b7539b45c7b5809c,E4344300017121,E4344300017121,益城町,ほっとふぁみりい,熊本県益城町宮園664-1,ほっとふぁみりい,熊本県益城町宮園664-1,,,町が特定した在宅の身体障がい者、要介護者のうち、一般的な避難所では生活に支障をきたすもの,32.794367990611,130.81543774388,"[{""共通ID"": ""E4344300017121"", ""経度"": ""130.81543774388"", ""緯度"": ""32.794367990611""}]",,matched,exact_name_address,1.000,reference/43000_1.csv,17068228366013260d8a1e506e0843bc9c0736e8ec7031a9e384d0d32abd7578,00000622,30,30,kumamoto_portal_map,2026-08-01T00:28:20+09:00,matched,portal_shelter_id,1.000,32.794382,130.815401,,,unmatched,manual_no_match,,,32.794367990611,130.81543774388,gsi_reference,reference_latitude_longitude,complete,0,0,0,0,0,0,0,0,0,0,0,0,0,0,0,0,0
ref:E4344300034121,02aef177121439d528c3,E4344300034121,E4344300034121,益城町,サービス付高齢者向け住宅おいけ,熊本県益城町小池2638-1,サービス付高齢者向け住宅おいけ,熊本県益城町小池2638-1,,,町が特定した在宅の身体障がい者、要介護者のうち、一般的な避難所では生活に支障をきたすもの,32.752554546575,130.80357818264,"[{""共通ID"": ""E4344300034121"", ""経度"": ""130.80357818264"", ""緯度"": ""32.752554546575""}]",,matched,exact_name_address,1.000,reference/43000_1.csv,17068228366013260d8a1e506e0843bc9c0736e8ec7031a9e384d0d32abd7578,00000620,55,55,kumamoto_portal_map,2026-08-01T00:28:20+09:00,matched,portal_shelter_id,1.000,32.7526058022435,130.80366190979,,,unmatched,manual_no_match,,,32.752554546575,130.80357818264,gsi_reference,reference_latitude_longitude,complete,0,0,0,0,0,0,0,0,0,0,0,0,0,0,0,0,0
ref:E4344300018121,be59fbf52bc40415a52e,E4344300018121,E4344300018121,益城町,一般社団法人 ウエルビー 通所介護事業所 くらら,熊本県益城町古閑12-17,一般社団法人 ウエルビー 通所介護事業所 くらら,熊本県益城町古閑12-17,,,町が特定した在宅の身体障がい者、要介護者のうち、一般的な避難所では生活に支障をきたすもの,32.800760005598,130.78014218592,"[{""共通ID"": ""E4344300018121"", ""経度"": ""130.78014218592"", ""緯度"": ""32.800760005598""}]",,matched,exact_name_address,1.000,reference/43000_1.csv,17068228366013260d8a1e506e0843bc9c0736e8ec7031a9e384d0d32abd7578,00000624,7,7,kumamoto_portal_map,2026-08-01T00:28:20+09:00,matched,portal_shelter_id,1.000,32.8008888951069,130.780285287732,,,unmatched,manual_no_match,,,32.800760005598,130.78014218592,gsi_reference,reference_latitude_longitude,complete,0,0,0,0,0,0,0,0,0,0,0,0,0,0,0,0,0
ref:E4344300015121,a2e35a40e92f5d58d474,E4344300015121,E4344300015121,益城町,介護老人保健施設 平成唯仁館,熊本県益城町宮園1139-1,介護老人保健施設 平成唯仁館,熊本県益城町宮園1139-1,,,町が特定した在宅の身体障がい者、要介護者のうち、一般的な避難所では生活に支障をきたすもの,32.808455125423,130.80925079145,"[{""共通ID"": ""E4344300015121"", ""経度"": ""130.80925079145"", ""緯度"": ""32.808455125423""}]",,matched,exact_name_address,1.000,reference/43000_1.csv,17068228366013260d8a1e506e0843bc9c0736e8ec7031a9e384d0d32abd7578,00000621,7,7,kumamoto_portal_map,2026-08-01T00:28:20+09:00,matched,portal_shelter_id,1.000,32.8084232322193,130.809347077388,,,unmatched,manual_no_match,,,32.808455125423,130.80925079145,gsi_reference,reference_latitude_longitude,complete,0,0,0,0,0,0,0,0,0,0,0,0,0,0,0,0,0
ref:E4344300051121,20153346247484338566,E4344300051121,E4344300051121,益城町,小規模多機能ホーム あんず,熊本県益城町馬水17-3,小規模多機能ホーム あんず,熊本県益城町馬水17-3,,,町が特定した在宅の身体障がい者、要介護者のうち、一般的な避難所では生活に支障をきたすもの,32.788270363512,130.80289593878,"[{""共通ID"": ""E4344300051121"", ""経度"": ""130.80289593878"", ""緯度"": ""32.788270363512""}]",,matched,exact_name_address,1.000,reference/43000_1.csv,17068228366013260d8a1e506e0843bc9c0736e8ec7031a9e384d0d32abd7578,00000623,5,5,kumamoto_portal_map,2026-08-01T00:28:20+09:00,matched,portal_shelter_id,1.000,32.788194,130.802844,,,unmatched,manual_no_match,,,32.788270363512,130.80289593878,gsi_reference,reference_latitude_longitude,complete,0,0,0,0,0,0,0,0,0,0,0,0,0,0,0,0,0
ref:E4344300020111,efaf1d11da9779bddebd,E4344300020111,E4344300020111,益城町,広安愛児園,熊本県益城町古閑73,広安愛児園,熊本県益城町古閑73,1,,,32.801729483175,130.78368469898,"[{""共通ID"": ""E4344300020111"", ""経度"": ""130.78368469898"", ""緯度"": ""32.801729483175""}]",,matched,exact_name_address,1.000,reference/43000_1.csv,17068228366013260d8a1e506e0843bc9c0736e8ec7031a9e384d0d32abd7578,00001756,200,200,kumamoto_portal_map,2026-08-01T00:28:20+09:00,matched,portal_shelter_id,1.000,32.801998,130.784125,,,unmatched,manual_no_match,,,32.801729483175,130.78368469898,gsi_reference,reference_latitude_longitude,complete,0,0,0,0,0,0,0,0,0,0,0,0,0,0,0,0,0
ref:E4344300058121,a6200818fb77d9f09338,E4344300058121,E4344300058121,益城町,特別養護老人ホーム いこいの里,熊本県益城町福原1988-1,特別養護老人ホーム いこいの里,熊本県益城町福原1988-1,,,町が特定した在宅の身体障がい者、要介護者のうち、一般的な避難所では生活に支障をきたすもの,32.78285772,130.831953,"[{""共通ID"": ""E4344300058121"", ""経度"": ""130.831953"", ""緯度"": ""32.78285772""}]",,matched,exact_name_address,1.000,reference/43000_1.csv,17068228366013260d8a1e506e0843bc9c0736e8ec7031a9e384d0d32abd7578,00000619,23,23,kumamoto_portal_map,2026-08-01T00:28:20+09:00,matched,portal_shelter_id,1.000,32.78262172814,130.831718657836,,,unmatched,manual_no_match,,,32.78285772,130.831953,gsi_reference,reference_latitude_longitude,complete,0,0,0,0,0,0,0,0,0,0,0,0,0,0,0,0,0
ref:E4344300008121,837becc67f426b3618af,E4344300008121,E4344300008121,益城町,特別養護老人ホーム ひろやす荘,熊本県益城町安永1080,特別養護老人ホーム ひろやす荘,熊本県益城町安永1080,,,町が特定した在宅の身体障がい者、要介護者のうち、一般的な避難所では生活に支障をきたすもの,32.79582758476,130.81019492276,"[{""共通ID"": ""E4344300008121"", ""経度"": ""130.81019492276"", ""緯度"": ""32.79582758476""}]",,matched,exact_name_address,1.000,reference/43000_1.csv,17068228366013260d8a1e506e0843bc9c0736e8ec7031a9e384d0d32abd7578,00000618,229,229,kumamoto_portal_map,2026-08-01T00:28:20+09:00,matched,portal_shelter_id,1.000,32.7958288257411,130.810009377529,,,unmatched,manual_no_match,,,32.79582758476,130.81019492276,gsi_reference,reference_latitude_longitude,complete,0,0,0,0,0,0,0,0,0,0,0,0,0,0,0,0,0
ref:E4344300042121,ff29b24842905e25585d,E4344300042121,E4344300042121,益城町,特別養護老人ホーム 花へんろ,熊本県益城町惣領1670,特別養護老人ホーム 花へんろ,熊本県益城町惣領1670,,,町が特定した在宅の身体障がい者、要介護者のうち、一般的な避難所では生活に支障をきたすもの,32.78775546,130.800657,"[{""共通ID"": ""E4344300042121"", ""経度"": ""130.800657"", ""緯度"": ""32.78775546""}]",,matched,exact_name_address,1.000,reference/43000_1.csv,17068228366013260d8a1e506e0843bc9c0736e8ec7031a9e384d0d32abd7578,00000617,212,212,kumamoto_portal_map,2026-08-01T00:28:20+09:00,matched,portal_shelter_id,1.000,32.7876443720228,130.80058216144,,,unmatched,manual_no_match,,,32.78775546,130.800657,gsi_reference,reference_latitude_longitude,complete,0,0,0,0,0,0,0,0,0,0,0,0,0,0,0,0,0
ref:E4344300067111,bf86c83dc85d6a8948f8,E4344300067111,E4344300067111,益城町,益城町交流情報センター,熊本県益城町木山236,益城町交流情報センター,熊本県益城町木山236,1,,,32.786338876826,130.82300347387,"[{""共通ID"": ""E4344300067111"", ""経度"": ""130.82300347387"", ""緯度"": ""32.786338876826""}]",,matched,exact_name_address,1.000,reference/43000_1.csv,17068228366013260d8a1e506e0843bc9c0736e8ec7031a9e384d0d32abd7578,00001768,240,240,kumamoto_portal_map,2026-08-01T00:28:20+09:00,matched,portal_shelter_id,1.000,32.786252,130.822851,,,unmatched,manual_no_match,,,32.786338876826,130.82300347387,gsi_reference,reference_latitude_longitude,complete,0,0,0,0,0,0,0,0,0,0,0,0,0,0,0,0,0
ref:E4344300036111,2c81ba0774412d970e0c,E4344300036111,E4344300036111,益城町,益城町公民館津森分館,熊本県益城町上陳363-1,益城町公民館津森分館,熊本県益城町上陳363-1,1,,,32.802594,130.852413,"[{""共通ID"": ""E4344300036111"", ""経度"": ""130.852413"", ""緯度"": ""32.802594""}]",,matched,exact_name_address,1.000,reference/43000_1.csv,17068228366013260d8a1e506e0843bc9c0736e8ec7031a9e384d0d32abd7578,00001773,100,100,kumamoto_portal_map,2026-08-01T00:28:20+09:00,matched,portal_shelter_id,1.000,32.802668,130.852321,,,unmatched,manual_no_match,,,32.802594,130.852413,gsi_reference,reference_latitude_longitude,complete,0,0,0,0,0,0,0,0,0,0,0,0,0,0,0,0,0
ref:E4344300057111,7041ead89b319676a04f,E4344300057111,E4344300057111,益城町,益城町公民館福田分館,熊本県益城町福原1974,益城町公民館福田分館,熊本県益城町福原1974,1,,,32.783634098148,130.83220293924,"[{""共通ID"": ""E4344300057111"", ""経度"": ""130.83220293924"", ""緯度"": ""32.783634098148""}]",,matched,exact_name_address,1.000,reference/43000_1.csv,17068228366013260d8a1e506e0843bc9c0736e8ec7031a9e384d0d32abd7578,00001769,100,100,kumamoto_portal_map,2026-08-01T00:28:20+09:00,matched,portal_shelter_id,1.000,32.7835900732247,130.832211792293,,,unmatched,manual_no_match,,,32.783634098148,130.83220293924,gsi_reference,reference_latitude_longitude,complete,0,0,0,0,0,0,0,0,0,0,0,0,0,0,0,0,0
ref:E4344300048111,ca62e75b5e00a6712a3c,E4344300048111,E4344300048111,益城町,益城町公民館飯野分館,熊本県益城町砥川1735-1,益城町公民館飯野分館,熊本県益城町砥川1735-1,1,,,32.761412,130.81488,"[{""共通ID"": ""E4344300048111"", ""経度"": ""130.81488"", ""緯度"": ""32.761412""}]",,matched,exact_name_address,1.000,reference/43000_1.csv,17068228366013260d8a1e506e0843bc9c0736e8ec7031a9e384d0d32abd7578,00001740,100,100,kumamoto_portal_map,2026-08-01T00:28:20+09:00,matched,portal_shelter_id,1.000,32.761582,130.814905,,,unmatched,manual_no_match,,,32.761412,130.81488,gsi_reference,reference_latitude_longitude,complete,0,0,1,0,0,0,0,0,0,0,0,0,0,0,0,0,0
ref:E4344300077111,393de96ba0187c271324,E4344300077111,E4344300077111,益城町,益城町地域共生センター,熊本県益城町木山592,益城町地域共生センター,熊本県益城町木山592,1,,,32.799507,130.817733,"[{""共通ID"": ""E4344300077111"", ""経度"": ""130.817733"", ""緯度"": ""32.799507""}]",,matched,exact_name_address,1.000,reference/43000_1.csv,17068228366013260d8a1e506e0843bc9c0736e8ec7031a9e384d0d32abd7578,,,,,,unmatched,fuzzy_below_threshold,0.893,,,,,unmatched,manual_no_match,,,32.799507,130.817733,gsi_reference,reference_latitude_longitude,complete,0,0,0,0,0,0,0,0,0,0,0,0,0,0,0,0,0
ref:E4344300068111,27a4a0e2afa7ed090d99,E4344300068111,E4344300068111,益城町,益城町文化会館,熊本県益城町木山381-1,益城町文化会館,熊本県益城町木山381-1,1,,,32.789393956031,130.82017892906,"[{""共通ID"": ""E4344300068111"", ""経度"": ""130.82017892906"", ""緯度"": ""32.789393956031""}]",,matched,exact_name_address,1.000,reference/43000_1.csv,17068228366013260d8a1e506e0843bc9c0736e8ec7031a9e384d0d32abd7578,00002327,100,100,kumamoto_portal_map,2026-08-01T00:28:20+09:00,matched,portal_shelter_id,1.000,32.7893608216147,130.8200670736,,,unmatched,manual_no_match,,,32.789393956031,130.82017892906,gsi_reference,reference_latitude_longitude,complete,0,0,0,0,0,0,0,0,0,0,0,0,0,0,0,0,0
ref:E4344300052111,6c98cd7f7a006e13e63a,E4344300052111,E4344300052111,益城町,益城町立広安小学校,熊本県益城町馬水35,益城町立広安小学校,熊本県益城町馬水35,1,,,32.786813901672,130.802241,"[{""共通ID"": ""E4344300052111"", ""経度"": ""130.802241"", ""緯度"": ""32.786813901672""}]",,matched,exact_name_address,1.000,reference/43000_1.csv,17068228366013260d8a1e506e0843bc9c0736e8ec7031a9e384d0d32abd7578,00001745,360,360,kumamoto_portal_map,2026-08-01T00:28:20+09:00,matched,portal_shelter_id,1.000,32.787463,130.801822,,,unmatched,manual_no_match,,,32.786813901672,130.802241,gsi_reference,reference_latitude_longitude,complete,0,0,0,0,0,0,0,0,0,0,0,0,0,0,0,0,0
ref:E4344300062111,eb5734f4cd806389cb21,E4344300062111,E4344300062111,益城町,益城町立広安西小学校,熊本県益城町福富1001,益城町立広安西小学校,熊本県益城町福富1001,1,,,32.791138326533,130.7940683201,"[{""共通ID"": ""E4344300062111"", ""経度"": ""130.7940683201"", ""緯度"": ""32.791138326533""}]",,matched,exact_name_address,1.000,reference/43000_1.csv,17068228366013260d8a1e506e0843bc9c0736e8ec7031a9e384d0d32abd7578,00001744,400,400,kumamoto_portal_map,2026-08-01T00:28:20+09:00,matched,portal_shelter_id,1.000,32.791074,130.794989,,,unmatched,manual_no_match,,,32.791138326533,130.7940683201,gsi_reference,reference_latitude_longitude,complete,0,0,0,0,0,0,0,0,0,0,0,0,0,0,0,0,0
ref:E4344300031111,b7e111e395578fb43d3d,E4344300031111,E4344300031111,益城町,益城町立木山中学校,熊本県益城町寺迫1090,益城町立木山中学校,熊本県益城町寺迫1090,1,,,32.789318412661,130.83147362831,"[{""共通ID"": ""E4344300031111"", ""経度"": ""130.83147362831"", ""緯度"": ""32.789318412661""}]",,matched,exact_name_address,1.000,reference/43000_1.csv,17068228366013260d8a1e506e0843bc9c0736e8ec7031a9e384d0d32abd7578,00001766,400,400,kumamoto_portal_map,2026-08-01T00:28:20+09:00,matched,portal_shelter_id,1.000,32.78885,130.830875,,,unmatched,manual_no_match,,,32.789318412661,130.83147362831,gsi_reference,reference_latitude_longitude,complete,0,0,0,0,0,0,0,0,0,0,0,0,0,0,0,0,0
ref:E4344300037111,38752be69e9a2983fa31,E4344300037111,E4344300037111,益城町,益城町立津森小学校,熊本県益城町上陳369,益城町立津森小学校,熊本県益城町上陳369,1,,,32.802818,130.85361644907,"[{""共通ID"": ""E4344300037111"", ""経度"": ""130.85361644907"", ""緯度"": ""32.802818""}]",,matched,exact_name_address,1.000,reference/43000_1.csv,17068228366013260d8a1e506e0843bc9c0736e8ec7031a9e384d0d32abd7578,00001774,220,220,kumamoto_portal_map,2026-08-01T00:28:20+09:00,matched,portal_shelter_id,1.000,32.803137,130.853065,,,unmatched,manual_no_match,,,32.802818,130.85361644907,gsi_reference,reference_latitude_longitude,complete,0,0,0,0,0,0,0,0,0,0,0,0,0,0,0,0,0
ref:E4344300032111,f65418f9a9e32dd16ec4,E4344300032111,E4344300032111,益城町,益城町立益城中央小学校,熊本県益城町寺迫1142,益城町立益城中央小学校,熊本県益城町寺迫1142,1,,,32.79125756214,130.83116248361,"[{""共通ID"": ""E4344300032111"", ""経度"": ""130.83116248361"", ""緯度"": ""32.79125756214""}]",,matched,exact_name_address,1.000,reference/43000_1.csv,17068228366013260d8a1e506e0843bc9c0736e8ec7031a9e384d0d32abd7578,00001765,480,480,kumamoto_portal_map,2026-08-01T00:28:20+09:00,matched,portal_shelter_id,1.000,32.790891,130.830128,,,unmatched,manual_no_match,,,32.79125756214,130.83116248361,gsi_reference,reference_latitude_longitude,complete,0,0,0,0,0,0,0,0,0,0,0,0,0,0,0,0,0
ref:E4344300043111,5e24a570f9a14a706314,E4344300043111,E4344300043111,益城町,益城町立益城中学校,熊本県益城町惣領903,益城町立益城中学校,熊本県益城町惣領903,1,,,32.778784303553,130.80023295769,"[{""共通ID"": ""E4344300043111"", ""経度"": ""130.80023295769"", ""緯度"": ""32.778784303553""}]",,matched,exact_name_address,1.000,reference/43000_1.csv,17068228366013260d8a1e506e0843bc9c0736e8ec7031a9e384d0d32abd7578,00002328,400,400,kumamoto_portal_map,2026-08-01T00:28:20+09:00,matched,portal_shelter_id,1.000,32.7784664941481,130.799541697017,,,unmatched,manual_no_match,,,32.778784303553,130.80023295769,gsi_reference,reference_latitude_longitude,complete,0,0,0,0,0,0,0,0,0,0,0,0,0,0,0,0,0
ref:E4344300070111,094f7e808abdecac6117,E4344300070111,E4344300070111,益城町,益城町立益城幼稚園,熊本県益城町木山589,益城町立益城幼稚園,熊本県益城町木山589,1,,,32.80041695,130.8163938,"[{""共通ID"": ""E4344300070111"", ""経度"": ""130.8163938"", ""緯度"": ""32.80041695""}]",,matched,exact_name_address,1.000,reference/43000_1.csv,17068228366013260d8a1e506e0843bc9c0736e8ec7031a9e384d0d32abd7578,00001762,50,50,kumamoto_portal_map,2026-08-01T00:28:20+09:00,matched,portal_shelter_id,1.000,32.800348,130.81642,,,unmatched,manual_no_match,,,32.80041695,130.8163938,gsi_reference,reference_latitude_longitude,complete,0,0,0,0,0,0,0,0,0,0,0,0,0,0,0,0,0
ref:E4344300064111,804ec3d0c0551745c799,E4344300064111,E4344300064111,益城町,益城町立第1保育所,熊本県益城町福富651,益城町立第1保育所,熊本県益城町福富651,1,,,32.78069707,130.7971487,"[{""共通ID"": ""E4344300064111"", ""経度"": ""130.7971487"", ""緯度"": ""32.78069707""}]",,matched,exact_name_address,1.000,reference/43000_1.csv,17068228366013260d8a1e506e0843bc9c0736e8ec7031a9e384d0d32abd7578,00001759,50,50,kumamoto_portal_map,2026-08-01T00:28:20+09:00,matched,portal_shelter_id,1.000,32.780622,130.797286,,,unmatched,manual_no_match,,,32.78069707,130.7971487,gsi_reference,reference_latitude_longitude,complete,0,0,0,0,0,0,0,0,0,0,0,0,0,0,0,0,0
ref:E4344300046111,514cd2171ff9eb54fd7c,E4344300046111,E4344300046111,益城町,益城町立第2保育所,熊本県益城町砥川125-1,益城町立第2保育所,熊本県益城町砥川125-1,1,,,32.758932,130.812103,"[{""共通ID"": ""E4344300046111"", ""経度"": ""130.812103"", ""緯度"": ""32.758932""}]",,matched,exact_name_address,1.000,reference/43000_1.csv,17068228366013260d8a1e506e0843bc9c0736e8ec7031a9e384d0d32abd7578,00001742,50,50,kumamoto_portal_map,2026-08-01T00:28:20+09:00,matched,portal_shelter_id,1.000,32.759002,130.812094,,,unmatched,manual_no_match,,,32.758932,130.812103,gsi_reference,reference_latitude_longitude,complete,0,0,0,0,0,0,0,0,0,0,0,0,0,0,0,0,0
ref:E4344300035111,5ebb368fe4f4a24c6847,E4344300035111,E4344300035111,益城町,益城町立第3保育所,熊本県益城町上陳361,益城町立第3保育所,熊本県益城町上陳361,1,,,32.80249296,130.8522447,"[{""共通ID"": ""E4344300035111"", ""経度"": ""130.8522447"", ""緯度"": ""32.80249296""}]",,matched,exact_name_address,1.000,reference/43000_1.csv,17068228366013260d8a1e506e0843bc9c0736e8ec7031a9e384d0d32abd7578,00001775,50,50,kumamoto_portal_map,2026-08-01T00:28:20+09:00,matched,portal_shelter_id,1.000,32.802468,130.852237,,,unmatched,manual_no_match,,,32.80249296,130.8522447,gsi_reference,reference_latitude_longitude,complete,0,0,0,0,0,0,0,0,0,0,0,0,0,0,0,0,0
ref:E4344300061111,d80d4166be7786376e64,E4344300061111,E4344300061111,益城町,益城町立第5保育所,熊本県益城町福原529-2,益城町立第5保育所,熊本県益城町福原529-2,1,,,32.78417048,130.8299754,"[{""共通ID"": ""E4344300061111"", ""経度"": ""130.8299754"", ""緯度"": ""32.78417048""}]",,matched,exact_name_address,1.000,reference/43000_1.csv,17068228366013260d8a1e506e0843bc9c0736e8ec7031a9e384d0d32abd7578,00001770,100,100,kumamoto_portal_map,2026-08-01T00:28:20+09:00,matched,portal_shelter_id,1.000,32.7842076194958,130.830071573601,,,unmatched,manual_no_match,,,32.78417048,130.8299754,gsi_reference,reference_latitude_longitude,complete,0,0,0,0,0,0,0,0,0,0,0,0,0,0,0,0,0
ref:E4344300047111,2521cde5dfc032004cee,E4344300047111,E4344300047111,益城町,益城町立飯野小学校,熊本県益城町砥川137,益城町立飯野小学校,熊本県益城町砥川137,1,,,32.759293067289,130.8109867447,"[{""共通ID"": ""E4344300047111"", ""経度"": ""130.8109867447"", ""緯度"": ""32.759293067289""}]",,matched,exact_name_address,1.000,reference/43000_1.csv,17068228366013260d8a1e506e0843bc9c0736e8ec7031a9e384d0d32abd7578,00001741,240,240,kumamoto_portal_map,2026-08-01T00:28:20+09:00,matched,portal_shelter_id,1.000,32.759291,130.811314,,,unmatched,manual_no_match,,,32.759293067289,130.8109867447,gsi_reference,reference_latitude_longitude,complete,0,0,0,0,0,0,0,0,0,0,0,0,0,0,0,0,0
ref:E4344300067112,73648a39da6d100a82e9,E4344300067112,E4344300067112,益城町,益城町総合体育館,益城町木山236,益城町総合体育館,熊本県益城町木山236,1,,,32.786013885633,130.82172601164,"[{""共通ID"": ""E4344300067112"", ""経度"": ""130.82172601164"", ""緯度"": ""32.786013885633""}]",,matched,exact_name_address,1.000,reference/43000_1.csv,17068228366013260d8a1e506e0843bc9c0736e8ec7031a9e384d0d32abd7578,00002158,1360,1360,kumamoto_portal_map,2026-08-01T00:28:20+09:00,matched,portal_shelter_id,1.000,32.7860082642358,130.821766575776,,,unmatched,manual_no_match,,,32.786013885633,130.82172601164,gsi_reference,reference_latitude_longitude,complete,0,1,1,0,1,1,1,1,1,1,1,0,0,0,0,0,0
ref:E4344300025121,fbfb0268ebefdab3472b,E4344300025121,E4344300025121,益城町,障害者支援施設 熊東園,熊本県益城町広崎786-1,障害者支援施設 熊東園,熊本県益城町広崎786-1,,,町が特定した在宅の身体障がい者、要介護者のうち、一般的な避難所では生活に支障をきたすもの,32.779649721283,130.78799552884,"[{""共通ID"": ""E4344300025121"", ""経度"": ""130.78799552884"", ""緯度"": ""32.779649721283""}]",,matched,exact_name_address,1.000,reference/43000_1.csv,17068228366013260d8a1e506e0843bc9c0736e8ec7031a9e384d0d32abd7578,00000616,4,4,kumamoto_portal_map,2026-08-01T00:28:20+09:00,matched,portal_shelter_id,1.000,32.7796255718376,130.787973979832,,,unmatched,manual_no_match,,,32.779649721283,130.78799552884,gsi_reference,reference_latitude_longitude,complete,0,0,0,0,0,0,0,0,0,0,0,0,0,0,0,0,0
ref:E4351000001111,30ebd718fd0dd75389bb,E4351000001111,E4351000001111,相良村,上四浦集落センター,熊本県相良村大字四浦西4449-25,上四浦集落センター,熊本県相良村大字四浦西4449-25,1,,,32.341393102354,130.83665560682,"[{""共通ID"": ""E4351000001111"", ""経度"": ""130.83665560682"", ""緯度"": ""32.341393102354""}]",,matched,exact_name_address,1.000,reference/43000_1.csv,17068228366013260d8a1e506e0843bc9c0736e8ec7031a9e384d0d32abd7578,00001968,300,300,kumamoto_portal_map,2026-08-01T00:28:20+09:00,matched,portal_shelter_id,1.000,32.34120984175415,130.83642840516404,,,unmatched,manual_no_match,,,32.341393102354,130.83665560682,gsi_reference,reference_latitude_longitude,complete,0,0,0,0,0,0,0,0,0,0,0,0,0,0,0,0,0
ref:E4351000006111,357801858bc5adc26eed,E4351000006111,E4351000006111,相良村,川辺構造改善センター,熊本県相良村大字川辺2491,川辺構造改善センター,熊本県相良村大字川辺2491,1,,,32.265923734862,130.82689757384,"[{""共通ID"": ""E4351000006111"", ""経度"": ""130.82689757384"", ""緯度"": ""32.265923734862""}]",,matched,exact_name_address,1.000,reference/43000_1.csv,17068228366013260d8a1e506e0843bc9c0736e8ec7031a9e384d0d32abd7578,00001971,300,300,kumamoto_portal_map,2026-08-01T00:28:20+09:00,matched,portal_shelter_id,1.000,32.265915,130.82685,,,unmatched,manual_no_match,,,32.265923734862,130.82689757384,gsi_reference,reference_latitude_longitude,complete,0,0,0,0,0,0,0,0,0,0,0,0,0,0,0,0,0
ref:E4351000005111,135c403379118e131db9,E4351000005111,E4351000005111,相良村,松馬場集落センター,熊本県相良村大字川辺1920,松馬場集落センター,熊本県相良村大字川辺1920,1,,,32.258572758916,130.81883144786,"[{""共通ID"": ""E4351000005111"", ""経度"": ""130.81883144786"", ""緯度"": ""32.258572758916""}]",,matched,exact_name_address,1.000,reference/43000_1.csv,17068228366013260d8a1e506e0843bc9c0736e8ec7031a9e384d0d32abd7578,00001972,30,30,kumamoto_portal_map,2026-08-01T00:28:20+09:00,matched,portal_shelter_id,1.000,32.25868476865222,130.81854735006345,,,unmatched,manual_no_match,,,32.258572758916,130.81883144786,gsi_reference,reference_latitude_longitude,complete,0,0,0,0,0,0,0,0,0,0,0,0,0,0,0,0,0
ref:E4351000007111,6c44d3dc645bea5621ca,E4351000007111,E4351000007111,相良村,柳瀬構造改善センター,熊本県相良村大字柳瀬377,柳瀬構造改善センター,熊本県相良村大字柳瀬377,1,,,32.216652786132,130.79773507614,"[{""共通ID"": ""E4351000007111"", ""経度"": ""130.79773507614"", ""緯度"": ""32.216652786132""}]",,matched,exact_name_address,1.000,reference/43000_1.csv,17068228366013260d8a1e506e0843bc9c0736e8ec7031a9e384d0d32abd7578,00001974,300,300,kumamoto_portal_map,2026-08-01T00:28:20+09:00,matched,portal_shelter_id,1.000,32.216713,130.797695,,,unmatched,manual_no_match,,,32.216652786132,130.79773507614,gsi_reference,reference_latitude_longitude,complete,0,0,0,0,0,0,0,0,0,0,0,0,0,0,0,0,0
ref:E4351000003111,c1aadc4e086dbcca1a22,E4351000003111,E4351000003111,相良村,相良北小学校体育館,熊本県相良村大字四浦東2449,相良北小学校体育館,熊本県相良村大字四浦東2449,1,,,32.302112361354,130.84338932901,"[{""共通ID"": ""E4351000003111"", ""経度"": ""130.84338932901"", ""緯度"": ""32.302112361354""}]",,matched,exact_name_address,1.000,reference/43000_1.csv,17068228366013260d8a1e506e0843bc9c0736e8ec7031a9e384d0d32abd7578,00001969,350,350,kumamoto_portal_map,2026-08-01T00:28:20+09:00,matched,portal_shelter_id,1.000,32.302403,130.842709,,,unmatched,manual_no_match,,,32.302112361354,130.84338932901,gsi_reference,reference_latitude_longitude,complete,0,0,0,0,0,0,0,0,0,0,0,0,0,0,0,0,0
ref:E4351000002111,25af0e94e270067fd470,E4351000002111,E4351000002111,相良村,相良村林業総合センター,熊本県相良村大字四浦東2080,相良村林業総合センター,熊本県相良村大字四浦東2080,1,,,32.290499224196,130.84375858108,"[{""共通ID"": ""E4351000002111"", ""経度"": ""130.84375858108"", ""緯度"": ""32.290499224196""}]",,matched,exact_name_address,1.000,reference/43000_1.csv,17068228366013260d8a1e506e0843bc9c0736e8ec7031a9e384d0d32abd7578,00001970,300,300,kumamoto_portal_map,2026-08-01T00:28:20+09:00,matched,portal_shelter_id,1.000,32.29052310282828,130.84382647262828,,,unmatched,manual_no_match,,,32.290499224196,130.84375858108,gsi_reference,reference_latitude_longitude,complete,0,0,0,0,0,0,0,0,0,0,0,0,0,0,0,0,0
ref:E4351000004121,54657659ea01ded37ede,E4351000004121,E4351000004121,相良村,相良村総合体育館,熊本県相良村大字深水2493-1,相良村総合体育館,熊本県相良村大字深水2493-1,1,,要配慮者,32.23560149627,130.7970507943,"[{""共通ID"": ""E4351000004121"", ""経度"": ""130.7970507943"", ""緯度"": ""32.23560149627""}]",,matched,exact_name_address,1.000,reference/43000_1.csv,17068228366013260d8a1e506e0843bc9c0736e8ec7031a9e384d0d32abd7578,00001973,1000,1000,kumamoto_portal_map,2026-08-01T00:28:20+09:00,matched,portal_shelter_id,1.000,32.23562534278971,130.79709305755387,,,unmatched,manual_no_match,,,32.23560149627,130.7970507943,gsi_reference,reference_latitude_longitude,complete,0,0,0,0,0,0,0,0,0,0,0,0,0,0,0,0,0
ref:E4334800006111,c68f380336c902a4f2a3,E4334800006111,E4334800006111,美里町,励徳小学校,熊本県美里町畝野1944,励徳小学校,熊本県美里町畝野1944,1,,,32.6399208205519,130.918878841463,"[{""共通ID"": ""E4334800006111"", ""経度"": ""130.918878841463"", ""緯度"": ""32.6399208205519""}]",,matched,exact_name_address,1.000,reference/43000_1.csv,17068228366013260d8a1e506e0843bc9c0736e8ec7031a9e384d0d32abd7578,00001430,100,100,kumamoto_portal_map,2026-08-01T00:28:20+09:00,matched,portal_shelter_id,1.000,32.639658,130.918882,,,unmatched,manual_no_match,,,32.6399208205519,130.918878841463,gsi_reference,reference_latitude_longitude,complete,0,0,0,0,0,0,0,0,0,0,0,0,0,0,0,0,0
ref:E4344400001121,43717eaca2144e3461f6,E4344400001121,E4344400001121,美里町,医療法人興和会老人保健施設 なごみの里,熊本県美里町堅志田192-1,医療法人興和会老人保健施設 なごみの里,熊本県美里町堅志田192-1,,事前に福祉課に要相談,要介護高齢者、障害者、妊産婦、乳幼児等,32.6469713710662,130.790567758281,"[{""共通ID"": ""E4344400001121"", ""経度"": ""130.790567758281"", ""緯度"": ""32.6469713710662""}]",,matched,exact_name_address,1.000,reference/43000_1.csv,17068228366013260d8a1e506e0843bc9c0736e8ec7031a9e384d0d32abd7578,,,,,,unmatched,no_candidate,,,,,,unmatched,manual_no_match,,,32.6469713710662,130.790567758281,gsi_reference,reference_latitude_longitude,complete,0,0,0,0,0,0,0,0,0,0,0,0,0,0,0,0,0
ref:E4334800003111,3243ef192e7182382cdf,E4334800003111,E4334800003111,美里町,砥用中学校,熊本県美里町原町330,砥用中学校,熊本県美里町原町330,1,,,32.6201173812104,130.867432975737,"[{""共通ID"": ""E4334800003111"", ""経度"": ""130.867432975737"", ""緯度"": ""32.6201173812104""}]",,matched,exact_name_address,1.000,reference/43000_1.csv,17068228366013260d8a1e506e0843bc9c0736e8ec7031a9e384d0d32abd7578,00001429,200,200,kumamoto_portal_map,2026-08-01T00:28:20+09:00,matched,portal_shelter_id,1.000,32.620245,130.867565,,,unmatched,manual_no_match,,,32.6201173812104,130.867432975737,gsi_reference,reference_latitude_longitude,complete,0,0,0,0,0,0,0,0,0,0,0,0,0,0,0,0,0
ref:E4334800009111,03e46feb92dd6bb37407,E4334800009111,E4334800009111,美里町,美里町役場中央庁舎会議室,美里町馬場1100,美里町役場中央庁舎会議室,熊本県美里町馬場1100,1,,,32.639618288469,130.788889928004,"[{""共通ID"": ""E4334800009111"", ""経度"": ""130.788889928004"", ""緯度"": ""32.639618288469""}]",,matched,exact_name_address,1.000,reference/43000_1.csv,17068228366013260d8a1e506e0843bc9c0736e8ec7031a9e384d0d32abd7578,00001421,100,100,kumamoto_portal_map,2026-08-01T00:28:20+09:00,matched,portal_shelter_id,1.000,32.639705,130.788801,,,unmatched,manual_no_match,,,32.639618288469,130.788889928004,gsi_reference,reference_latitude_longitude,complete,0,1,1,1,1,1,1,1,1,1,1,1,1,1,1,1,1
ref:E4334800005111,af631b398988e0f17462,E4334800005111,E4334800005111,美里町,美里町役場砥用庁舎会議棟,美里町三和420,美里町役場砥用庁舎会議棟,熊本県美里町三和420,1,,,32.6219793763062,130.868678310755,"[{""共通ID"": ""E4334800005111"", ""経度"": ""130.868678310755"", ""緯度"": ""32.6219793763062""}]",,matched,exact_name_address,1.000,reference/43000_1.csv,17068228366013260d8a1e506e0843bc9c0736e8ec7031a9e384d0d32abd7578,00001422,100,100,kumamoto_portal_map,2026-08-01T00:28:20+09:00,matched,portal_shelter_id,1.000,32.621701,130.868762,,,unmatched,manual_no_match,,,32.6219793763062,130.868678310755,gsi_reference,reference_latitude_longitude,complete,0,1,1,1,1,1,1,1,1,1,1,1,1,1,1,1,1
ref:E4334800007111,88d421b0878553e9c416,E4334800007111,E4334800007111,美里町,美里町砥用B&G海洋センター,美里町畝野3701-1,美里町砥用B&G海洋センター,熊本県美里町畝野3701-1,1,,,32.6319021701333,130.903588497886,"[{""共通ID"": ""E4334800007111"", ""経度"": ""130.903588497886"", ""緯度"": ""32.6319021701333""}]",,matched,exact_name_address,1.000,reference/43000_1.csv,17068228366013260d8a1e506e0843bc9c0736e8ec7031a9e384d0d32abd7578,00001431,750,750,kumamoto_portal_map,2026-08-01T00:28:20+09:00,matched,portal_shelter_id,1.000,32.631253,130.903664,,,unmatched,manual_no_match,,,32.6319021701333,130.903588497886,gsi_reference,reference_latitude_longitude,complete,0,1,1,1,1,1,1,1,1,1,1,1,0,0,0,0,0
refgroup:16ded3de400eeaf52230,f8263c557ccc90087b47,E4334800004111,E4334800004111;E4334800004121,美里町,美里町福祉保健センター湯の香苑,熊本県美里町佐俣338,美里町福祉保健センター湯の香苑,熊本県美里町佐俣338,1,,要配慮者(高齢者優先),32.621669929714,130.82080333863,"[{""共通ID"": ""E4334800004111"", ""経度"": ""130.82080333863"", ""緯度"": ""32.621669929714""}, {""共通ID"": ""E4334800004121"", ""経度"": ""130.8206235026"", ""緯度"": ""32.6222320390226""}]",,matched_multiple,exact_name_address,1.000,reference/43000_1.csv,17068228366013260d8a1e506e0843bc9c0736e8ec7031a9e384d0d32abd7578,00001424,100,100,kumamoto_portal_map,2026-08-01T00:28:20+09:00,matched,portal_shelter_id,1.000,32.622174,130.821077,,,unmatched,manual_no_match,,,32.621669929714,130.82080333863,gsi_reference,reference_latitude_longitude,complete,0,0,0,0,0,0,0,0,0,0,0,0,0,0,0,0,0
ref:E4334800002111,8788910a31b0633bf08a,E4334800002111,E4334800002111,美里町,美里町総合体育館,美里町萱野745,美里町総合体育館,熊本県美里町萱野745,1,,,32.6331201175348,130.809186529856,"[{""共通ID"": ""E4334800002111"", ""経度"": ""130.809186529856"", ""緯度"": ""32.6331201175348""}]",,matched,exact_name_address,1.000,reference/43000_1.csv,17068228366013260d8a1e506e0843bc9c0736e8ec7031a9e384d0d32abd7578,00001423,1000,1000,kumamoto_portal_map,2026-08-01T00:28:20+09:00,matched,portal_shelter_id,1.000,32.633125,130.808814,,,unmatched,manual_no_match,,,32.6331201175348,130.809186529856,gsi_reference,reference_latitude_longitude,complete,0,1,1,1,1,1,1,1,1,1,1,1,1,1,1,1,1
ref:E4334800001111,353f716e11590e467e91,E4334800001111,E4334800001111,美里町,美里町老人福祉センター,熊本県美里町永富1510,美里町老人福祉センター,熊本県美里町永富1510,1,,,32.6165024336776,130.863445963213,"[{""共通ID"": ""E4334800001111"", ""経度"": ""130.863445963213"", ""緯度"": ""32.6165024336776""}]",,matched,exact_name_address,1.000,reference/43000_1.csv,17068228366013260d8a1e506e0843bc9c0736e8ec7031a9e384d0d32abd7578,00001427,150,150,kumamoto_portal_map,2026-08-01T00:28:20+09:00,matched,portal_shelter_id,1.000,32.616576,130.863385,,,unmatched,manual_no_match,,,32.6165024336776,130.863445963213,gsi_reference,reference_latitude_longitude,complete,0,0,0,0,0,0,0,0,0,0,0,0,0,0,0,0,0
ref:E4348200032111,81f8f09d2a8e40f1f30c,E4348200032111,E4348200032111,芦北町,きずなの里,芦北町大字湯浦1439-1,きずなの里,熊本県芦北町大字湯浦1439-1,1,,,32.271827,130.499615,"[{""共通ID"": ""E4348200032111"", ""経度"": ""130.499615"", ""緯度"": ""32.271827""}]",,matched,exact_name_address,1.000,reference/43000_1.csv,17068228366013260d8a1e506e0843bc9c0736e8ec7031a9e384d0d32abd7578,00001889,75,75,kumamoto_portal_map,2026-08-01T00:28:20+09:00,matched,portal_shelter_id,1.000,32.272072,130.499478,,,unmatched,manual_no_match,,,32.271827,130.499615,gsi_reference,reference_latitude_longitude,complete,0,1,1,1,1,1,1,1,1,1,1,1,1,1,1,1,1
ref:E4348200003111,4437886ca1749baab1ad,E4348200003111,E4348200003111,芦北町,上井牟田地区ふれあいセンター,熊本県芦北町井牟田601-1,上井牟田地区ふれあいセンター,熊本県芦北町井牟田601-1,1,,,32.399131,130.526693,"[{""共通ID"": ""E4348200003111"", ""経度"": ""130.526693"", ""緯度"": ""32.399131""}]",,matched,exact_name_address,1.000,reference/43000_1.csv,17068228366013260d8a1e506e0843bc9c0736e8ec7031a9e384d0d32abd7578,00001873,20,20,kumamoto_portal_map,2026-08-01T00:28:20+09:00,matched,portal_shelter_id,1.000,32.398815,130.526135,,,unmatched,manual_no_match,,,32.399131,130.526693,gsi_reference,reference_latitude_longitude,complete,0,0,0,0,0,0,0,0,0,0,0,0,0,0,0,0,0
ref:E4348200002111,aac4ae86901bb26e2878,E4348200002111,E4348200002111,芦北町,上田浦地区社会教育センター,熊本県芦北町井牟田1800,上田浦地区社会教育センター,熊本県芦北町井牟田1800,1,,,32.391487,130.517623,"[{""共通ID"": ""E4348200002111"", ""経度"": ""130.517623"", ""緯度"": ""32.391487""}]",,matched,exact_name_address,1.000,reference/43000_1.csv,17068228366013260d8a1e506e0843bc9c0736e8ec7031a9e384d0d32abd7578,00001871,135,135,kumamoto_portal_map,2026-08-01T00:28:20+09:00,matched,portal_shelter_id,1.000,32.391449,130.517628,,,unmatched,manual_no_match,,,32.391487,130.517623,gsi_reference,reference_latitude_longitude,complete,0,0,0,0,0,0,0,0,0,0,0,0,0,0,0,0,0
ref:E4348200001111,41f3d3ba1869b2fef68b,E4348200001111,E4348200001111,芦北町,下井牟田地区ふれあいセンター,熊本県芦北町井牟田1234,下井牟田地区ふれあいセンター,熊本県芦北町井牟田1234,1,,,32.395117,130.521914,"[{""共通ID"": ""E4348200001111"", ""経度"": ""130.521914"", ""緯度"": ""32.395117""}]",,matched,exact_name_address,1.000,reference/43000_1.csv,17068228366013260d8a1e506e0843bc9c0736e8ec7031a9e384d0d32abd7578,00001872,20,20,kumamoto_portal_map,2026-08-01T00:28:20+09:00,matched,portal_shelter_id,1.000,32.398815,130.526135,,,unmatched,manual_no_match,,,32.395117,130.521914,gsi_reference,reference_latitude_longitude,complete,0,0,0,0,0,0,0,0,0,0,0,0,0,0,0,0,0
ref:E4348200014111,9a04e929377140742d38,E4348200014111,E4348200014111,芦北町,丸米地区生涯学習センター(体育館),熊本県芦北町大字丸山305-2,丸米地区生涯学習センター(体育館),熊本県芦北町大字丸山305-2,1,,,32.249376,130.529868,"[{""共通ID"": ""E4348200014111"", ""経度"": ""130.529868"", ""緯度"": ""32.249376""}]",,matched,exact_name_address,1.000,reference/43000_1.csv,17068228366013260d8a1e506e0843bc9c0736e8ec7031a9e384d0d32abd7578,00001895,160,160,kumamoto_portal_map,2026-08-01T00:28:20+09:00,matched,portal_shelter_id,1.000,32.249425,130.529871,,,unmatched,manual_no_match,,,32.249376,130.529868,gsi_reference,reference_latitude_longitude,complete,0,0,0,0,0,0,0,0,0,0,0,0,0,0,0,0,0
ref:E4348200013111,773fbdb84b452f3d54f3,E4348200013111,E4348200013111,芦北町,佐敷中学校(校舎、体育館),熊本県芦北町大字花岡496-2,佐敷中学校(校舎、体育館),熊本県芦北町大字花岡496-2,1,,,32.299272,130.505829,"[{""共通ID"": ""E4348200013111"", ""経度"": ""130.505829"", ""緯度"": ""32.299272""}]",,matched,exact_name_address,1.000,reference/43000_1.csv,17068228366013260d8a1e506e0843bc9c0736e8ec7031a9e384d0d32abd7578,00001879,480,480,kumamoto_portal_map,2026-08-01T00:28:20+09:00,matched,portal_shelter_id,1.000,32.299467,130.505926,,,unmatched,manual_no_match,,,32.299272,130.505829,gsi_reference,reference_latitude_longitude,complete,0,0,0,0,0,0,0,0,0,0,0,0,0,0,0,0,0
ref:E4348200036111,8e79016a73cfab29198f,E4348200036111,E4348200036111,芦北町,佐敷小学校(校舎、体育館),熊本県芦北町大字道川内31,佐敷小学校(校舎、体育館),熊本県芦北町大字道川内31,1,,,32.307397,130.501704,"[{""共通ID"": ""E4348200036111"", ""経度"": ""130.501704"", ""緯度"": ""32.307397""}]",,matched,exact_name_address,1.000,reference/43000_1.csv,17068228366013260d8a1e506e0843bc9c0736e8ec7031a9e384d0d32abd7578,00001875,666,666,kumamoto_portal_map,2026-08-01T00:28:20+09:00,matched,portal_shelter_id,1.000,32.307385,130.501702,,,unmatched,manual_no_match,,,32.307397,130.501704,gsi_reference,reference_latitude_longitude,complete,0,0,0,0,0,0,0,0,0,0,0,0,0,0,0,0,0
ref:E4348200023111,47bc1e17ce07c4d49936,E4348200023111,E4348200023111,芦北町,内野小学校(校舎、体育館),熊本県芦北町大字大川内602,内野小学校(校舎、体育館),熊本県芦北町大字大川内602,1,,,32.245805,130.513912,"[{""共通ID"": ""E4348200023111"", ""経度"": ""130.513912"", ""緯度"": ""32.245805""}]",,matched,exact_name_address,1.000,reference/43000_1.csv,17068228366013260d8a1e506e0843bc9c0736e8ec7031a9e384d0d32abd7578,00001893,295,295,kumamoto_portal_map,2026-08-01T00:28:20+09:00,matched,portal_shelter_id,1.000,32.245836,130.513911,,,unmatched,manual_no_match,,,32.245805,130.513912,gsi_reference,reference_latitude_longitude,complete,0,0,0,0,0,0,0,0,0,0,0,0,0,0,0,0,0
ref:E4348200038111,907da6701650f8ec537b,E4348200038111,E4348200038111,芦北町,内野福祉センター,熊本県芦北町大字豊岡55-1,内野福祉センター,熊本県芦北町大字豊岡55-1,1,,,32.26279296,130.5124837,"[{""共通ID"": ""E4348200038111"", ""経度"": ""130.5124837"", ""緯度"": ""32.26279296""}]",,matched,exact_name_address,1.000,reference/43000_1.csv,17068228366013260d8a1e506e0843bc9c0736e8ec7031a9e384d0d32abd7578,00001894,65,65,kumamoto_portal_map,2026-08-01T00:28:20+09:00,matched,portal_shelter_id,1.000,32.258674,130.513975,,,unmatched,manual_no_match,,,32.26279296,130.5124837,gsi_reference,reference_latitude_longitude,complete,0,0,0,0,0,0,0,0,0,0,0,0,0,0,0,0,0
ref:E4348200018111,1a573684c7aa3fba46e5,E4348200018111,E4348200018111,芦北町,古石地区生涯学習センターみどりの里,熊本県芦北町大字古石391-2,古石地区生涯学習センターみどりの里,熊本県芦北町大字古石391-2,1,,,32.216296,130.509641,"[{""共通ID"": ""E4348200018111"", ""経度"": ""130.509641"", ""緯度"": ""32.216296""}]",,matched,exact_name_address,1.000,reference/43000_1.csv,17068228366013260d8a1e506e0843bc9c0736e8ec7031a9e384d0d32abd7578,00001896,178,178,kumamoto_portal_map,2026-08-01T00:28:20+09:00,matched,portal_shelter_id,1.000,32.21647,130.509788,,,unmatched,manual_no_match,,,32.216296,130.509641,gsi_reference,reference_latitude_longitude,complete,0,0,0,0,0,0,0,0,0,0,0,0,0,0,0,0,0
ref:E4348200015111,9116617c431492d75991,E4348200015111,E4348200015111,芦北町,吉尾体育館,熊本県芦北町大字吉尾51,吉尾体育館,熊本県芦北町大字吉尾51,1,,,32.33231422,130.5950857,"[{""共通ID"": ""E4348200015111"", ""経度"": ""130.5950857"", ""緯度"": ""32.33231422""}]",,matched,exact_name_address,1.000,reference/43000_1.csv,17068228366013260d8a1e506e0843bc9c0736e8ec7031a9e384d0d32abd7578,00001884,131,131,kumamoto_portal_map,2026-08-01T00:28:20+09:00,matched,portal_shelter_id,1.000,32.332391,130.594432,,,unmatched,manual_no_match,,,32.33231422,130.5950857,gsi_reference,reference_latitude_longitude,complete,0,0,0,0,0,0,0,0,0,0,0,0,0,0,0,0,0
ref:E4348200016111,7776df93e9d9ba83da29,E4348200016111,E4348200016111,芦北町,吉尾出張所,熊本県芦北町大字吉尾523-2,吉尾出張所,熊本県芦北町大字吉尾523-2,1,,,32.32875228,130.5844427,"[{""共通ID"": ""E4348200016111"", ""経度"": ""130.5844427"", ""緯度"": ""32.32875228""}]",,matched,exact_name_address,1.000,reference/43000_1.csv,17068228366013260d8a1e506e0843bc9c0736e8ec7031a9e384d0d32abd7578,00001885,61,61,kumamoto_portal_map,2026-08-01T00:28:20+09:00,matched,portal_shelter_id,1.000,32.328328,130.582931,,,unmatched,manual_no_match,,,32.32875228,130.5844427,gsi_reference,reference_latitude_longitude,complete,0,1,1,1,1,1,1,0,0,0,0,0,0,0,0,0,0
ref:E4348200024111,23d33b883e9492798ff0,E4348200024111,E4348200024111,芦北町,大尼田地区生涯学習センター(校舎、体育館),熊本県芦北町大字大尼田1645,大尼田地区生涯学習センター(校舎、体育館),熊本県芦北町大字大尼田1645,1,,,32.32188183,130.5510918,"[{""共通ID"": ""E4348200024111"", ""経度"": ""130.5510918"", ""緯度"": ""32.32188183""}]",,matched,exact_name_address,1.000,reference/43000_1.csv,17068228366013260d8a1e506e0843bc9c0736e8ec7031a9e384d0d32abd7578,00001880,34,34,kumamoto_portal_map,2026-08-01T00:28:20+09:00,matched,portal_shelter_id,1.000,32.320983,130.548203,,,unmatched,manual_no_match,,,32.32188183,130.5510918,gsi_reference,reference_latitude_longitude,complete,0,0,0,0,0,0,0,0,0,0,0,0,0,0,0,0,0
ref:E4348200022111,7463db723d9c10b26fb9,E4348200022111,E4348200022111,芦北町,大岩公民館,熊本県芦北町大字大岩4495,大岩公民館,熊本県芦北町大字大岩4495,1,,,32.34695565,130.5799428,"[{""共通ID"": ""E4348200022111"", ""経度"": ""130.5799428"", ""緯度"": ""32.34695565""}]",,matched,exact_name_address,1.000,reference/43000_1.csv,17068228366013260d8a1e506e0843bc9c0736e8ec7031a9e384d0d32abd7578,00001886,23,23,kumamoto_portal_map,2026-08-01T00:28:20+09:00,matched,portal_shelter_id,1.000,32.346948,130.580133,,,unmatched,manual_no_match,,,32.34695565,130.5799428,gsi_reference,reference_latitude_longitude,complete,0,0,0,0,0,0,0,0,0,0,0,0,0,0,0,0,0
ref:E4348200025111,e5c1324ea0c33d0c777f,E4348200025111,E4348200025111,芦北町,大野地区構造改善センター,熊本県芦北町大字大野51-8,大野地区構造改善センター,熊本県芦北町大字大野51-8,1,,,32.26041312,130.5632351,"[{""共通ID"": ""E4348200025111"", ""経度"": ""130.5632351"", ""緯度"": ""32.26041312""}]",,matched,exact_name_address,1.000,reference/43000_1.csv,17068228366013260d8a1e506e0843bc9c0736e8ec7031a9e384d0d32abd7578,00001882,65,65,kumamoto_portal_map,2026-08-01T00:28:20+09:00,matched,portal_shelter_id,1.000,32.260497,130.563421,,,unmatched,manual_no_match,,,32.26041312,130.5632351,gsi_reference,reference_latitude_longitude,complete,0,0,0,0,0,0,0,0,0,0,0,0,0,0,0,0,0
ref:E4348200020111,cc3a82bac8fc7f261995,E4348200020111,E4348200020111,芦北町,大野小学校(校舎、体育館),熊本県芦北町大字市野瀬1119,大野小学校(校舎、体育館),熊本県芦北町大字市野瀬1119,1,,,32.264091,130.56462,"[{""共通ID"": ""E4348200020111"", ""経度"": ""130.56462"", ""緯度"": ""32.264091""}]",,matched,exact_name_address,1.000,reference/43000_1.csv,17068228366013260d8a1e506e0843bc9c0736e8ec7031a9e384d0d32abd7578,00001883,253,253,kumamoto_portal_map,2026-08-01T00:28:20+09:00,matched,portal_shelter_id,1.000,32.263977,130.564362,,,unmatched,manual_no_match,,,32.264091,130.56462,gsi_reference,reference_latitude_longitude,complete,0,0,0,0,0,0,0,0,0,0,0,0,0,0,0,0,0
ref:E4348200009111,3c9b737ffb77bbb5e049,E4348200009111,E4348200009111,芦北町,女島活力推進センターゆめもやい,熊本県芦北町大字770-14,女島活力推進センターゆめもやい,熊本県芦北町大字770-14,1,,,32.287126,130.475644,"[{""共通ID"": ""E4348200009111"", ""経度"": ""130.475644"", ""緯度"": ""32.287126""}]",,matched,exact_name_address,1.000,reference/43000_1.csv,17068228366013260d8a1e506e0843bc9c0736e8ec7031a9e384d0d32abd7578,00001892,47,47,kumamoto_portal_map,2026-08-01T00:28:20+09:00,matched,portal_shelter_id,1.000,32.287117,130.475663,,,unmatched,manual_no_match,,,32.287126,130.475644,gsi_reference,reference_latitude_longitude,complete,0,0,0,0,0,0,0,0,0,0,0,0,0,0,0,0,0
ref:E4348200008111,10b609364555852b093d,E4348200008111,E4348200008111,芦北町,宮浦地区ふれあいセンター,熊本県芦北町小田浦781-2,宮浦地区ふれあいセンター,熊本県芦北町小田浦781-2,1,,,32.350015,130.506166,"[{""共通ID"": ""E4348200008111"", ""経度"": ""130.506166"", ""緯度"": ""32.350015""}]",,matched,exact_name_address,1.000,reference/43000_1.csv,17068228366013260d8a1e506e0843bc9c0736e8ec7031a9e384d0d32abd7578,00001866,30,30,kumamoto_portal_map,2026-08-01T00:28:20+09:00,matched,portal_shelter_id,1.000,32.349989,130.506178,,,unmatched,manual_no_match,,,32.350015,130.506166,gsi_reference,reference_latitude_longitude,complete,0,0,0,0,0,0,0,0,0,0,0,0,0,0,0,0,0
ref:E4348200007111,15db727d1e3996e137cb,E4348200007111,E4348200007111,芦北町,小田浦地区生涯学習センター(校舎),熊本県芦北町小田浦3339,小田浦地区生涯学習センター(校舎),熊本県芦北町小田浦3339,1,,,32.346903,130.500402,"[{""共通ID"": ""E4348200007111"", ""経度"": ""130.500402"", ""緯度"": ""32.346903""}]",,matched,exact_name_address,1.000,reference/43000_1.csv,17068228366013260d8a1e506e0843bc9c0736e8ec7031a9e384d0d32abd7578,00001865,44,44,kumamoto_portal_map,2026-08-01T00:28:20+09:00,matched,portal_shelter_id,1.000,32.347006,130.500331,,,unmatched,manual_no_match,,,32.346903,130.500402,gsi_reference,reference_latitude_longitude,complete,0,0,0,0,0,0,0,0,0,0,0,0,0,0,0,0,0
ref:E4348200006111,f75a4adfba225eec34e5,E4348200006111,E4348200006111,芦北町,小田浦福祉センター,熊本県芦北町小田浦1610-25,小田浦福祉センター,熊本県芦北町小田浦1610-25,1,,,32.347271,130.502273,"[{""共通ID"": ""E4348200006111"", ""経度"": ""130.502273"", ""緯度"": ""32.347271""}]",,matched,exact_name_address,1.000,reference/43000_1.csv,17068228366013260d8a1e506e0843bc9c0736e8ec7031a9e384d0d32abd7578,00001867,89,89,kumamoto_portal_map,2026-08-01T00:28:20+09:00,matched,portal_shelter_id,1.000,32.347609,130.50165,,,unmatched,manual_no_match,,,32.347271,130.502273,gsi_reference,reference_latitude_longitude,complete,0,0,0,0,0,0,0,0,0,0,0,0,0,0,0,0,0
ref:E4348200005111,5142d6e511e2769cd21d,E4348200005111,E4348200005111,芦北町,旧芦北幼稚園,熊本県芦北町海浦1315,旧芦北幼稚園,熊本県芦北町海浦1315,1,,,32.32714947,130.4820727,"[{""共通ID"": ""E4348200005111"", ""経度"": ""130.4820727"", ""緯度"": ""32.32714947""}]",,matched,exact_name_address,1.000,reference/43000_1.csv,17068228366013260d8a1e506e0843bc9c0736e8ec7031a9e384d0d32abd7578,00001868,359,359,kumamoto_portal_map,2026-08-01T00:28:20+09:00,matched,portal_shelter_id,1.000,32.327274,130.482144,,,unmatched,manual_no_match,,,32.32714947,130.4820727,gsi_reference,reference_latitude_longitude,complete,0,0,0,0,0,0,0,0,0,0,0,0,0,0,0,0,0
ref:E4348200017111,78d8518abb51bc9a11c1,E4348200017111,E4348200017111,芦北町,旧計石小学校(校舎、体育館),熊本県芦北町大字計石2963,旧計石小学校(校舎、体育館),熊本県芦北町大字計石2963,1,,,32.301672,130.478385,"[{""共通ID"": ""E4348200017111"", ""経度"": ""130.478385"", ""緯度"": ""32.301672""}]",,matched,exact_name_address,1.000,reference/43000_1.csv,17068228366013260d8a1e506e0843bc9c0736e8ec7031a9e384d0d32abd7578,,,,,,unmatched,fuzzy_below_threshold,0.836,,,,,unmatched,manual_no_match,,,32.301672,130.478385,gsi_reference,reference_latitude_longitude,complete,0,0,0,0,0,0,0,0,0,0,0,0,0,0,0,0,0
ref:E4348200004111,49b86dab7fe20288762c,E4348200004111,E4348200004111,芦北町,海浦地区公民館,熊本県芦北町海浦1196-1,海浦地区公民館,熊本県芦北町海浦1196-1,1,,,32.329791,130.484948,"[{""共通ID"": ""E4348200004111"", ""経度"": ""130.484948"", ""緯度"": ""32.329791""}]",,matched,exact_name_address,1.000,reference/43000_1.csv,17068228366013260d8a1e506e0843bc9c0736e8ec7031a9e384d0d32abd7578,00001869,20,20,kumamoto_portal_map,2026-08-01T00:28:20+09:00,matched,portal_shelter_id,1.000,32.331401,130.48523,,,unmatched,manual_no_match,,,32.329791,130.484948,gsi_reference,reference_latitude_longitude,complete,0,0,0,0,0,0,0,0,0,0,0,0,0,0,0,0,0
ref:E4348200035111,8870c9d012e51b0b989d,E4348200035111,E4348200035111,芦北町,湯浦中学校(校舎、体育館),熊本県芦北町大字湯浦369,湯浦中学校(校舎、体育館),熊本県芦北町大字湯浦369,1,,,32.267707,130.501752,"[{""共通ID"": ""E4348200035111"", ""経度"": ""130.501752"", ""緯度"": ""32.267707""}]",,matched,exact_name_address,1.000,reference/43000_1.csv,17068228366013260d8a1e506e0843bc9c0736e8ec7031a9e384d0d32abd7578,00001891,448,448,kumamoto_portal_map,2026-08-01T00:28:20+09:00,matched,portal_shelter_id,1.000,32.267734,130.501617,,,unmatched,manual_no_match,,,32.267707,130.501752,gsi_reference,reference_latitude_longitude,complete,0,0,0,0,0,0,0,0,0,0,0,0,0,0,0,0,0
ref:E4348200031111,c37f05dc4cff512cb7ed,E4348200031111,E4348200031111,芦北町,湯浦小学校(校舎、体育館),熊本県芦北町大字湯浦1396,湯浦小学校(校舎、体育館),熊本県芦北町大字湯浦1396,1,,,32.269579,130.498556,"[{""共通ID"": ""E4348200031111"", ""経度"": ""130.498556"", ""緯度"": ""32.269579""}]",,matched,exact_name_address,1.000,reference/43000_1.csv,17068228366013260d8a1e506e0843bc9c0736e8ec7031a9e384d0d32abd7578,00001890,453,453,kumamoto_portal_map,2026-08-01T00:28:20+09:00,matched,portal_shelter_id,1.000,32.269583,130.498223,,,unmatched,manual_no_match,,,32.269579,130.498556,gsi_reference,reference_latitude_longitude,complete,0,0,0,0,0,0,0,0,0,0,0,0,0,0,0,0,0
ref:E4348200039111,2b56a413f2ccffa3a664,E4348200039111,E4348200039111,芦北町,田浦中学校(校舎、体育館),熊本県芦北町田浦760,田浦中学校(校舎、体育館),熊本県芦北町田浦760,1,,,32.361948,130.513446,"[{""共通ID"": ""E4348200039111"", ""経度"": ""130.513446"", ""緯度"": ""32.361948""}]",,matched,exact_name_address,1.000,reference/43000_1.csv,17068228366013260d8a1e506e0843bc9c0736e8ec7031a9e384d0d32abd7578,00001862,307,307,kumamoto_portal_map,2026-08-01T00:28:20+09:00,matched,portal_shelter_id,1.000,32.362341,130.513745,,,unmatched,manual_no_match,,,32.361948,130.513446,gsi_reference,reference_latitude_longitude,complete,0,0,0,0,0,0,0,0,0,0,0,0,0,0,0,0,0
ref:E4348200040111,5d5f0fa9fc2dcef1151f,E4348200040111,E4348200040111,芦北町,田浦小学校(校舎、体育館),熊本県芦北町田浦840,田浦小学校(校舎、体育館),熊本県芦北町田浦840,1,,,32.361835,130.511988,"[{""共通ID"": ""E4348200040111"", ""経度"": ""130.511988"", ""緯度"": ""32.361835""}]",,matched,exact_name_address,1.000,reference/43000_1.csv,17068228366013260d8a1e506e0843bc9c0736e8ec7031a9e384d0d32abd7578,00001863,437,437,kumamoto_portal_map,2026-08-01T00:28:20+09:00,matched,portal_shelter_id,1.000,32.361802,130.512546,,,unmatched,manual_no_match,,,32.361835,130.511988,gsi_reference,reference_latitude_longitude,complete,0,0,0,0,0,0,0,0,0,0,0,0,0,0,0,0,0
ref:E4348200028111,841e80df1c4ebe79d856,E4348200028111,E4348200028111,芦北町,町立公民館大野分館,熊本県芦北町大字天月1344-2,町立公民館大野分館,熊本県芦北町大字天月1344-2,1,,,32.291067,130.582952,"[{""共通ID"": ""E4348200028111"", ""経度"": ""130.582952"", ""緯度"": ""32.291067""}]",,matched,exact_name_address,1.000,reference/43000_1.csv,17068228366013260d8a1e506e0843bc9c0736e8ec7031a9e384d0d32abd7578,00001881,32,32,kumamoto_portal_map,2026-08-01T00:28:20+09:00,matched,portal_shelter_id,1.000,32.29115,130.58298,,,unmatched,manual_no_match,,,32.291067,130.582952,gsi_reference,reference_latitude_longitude,complete,0,1,1,1,1,1,1,0,0,0,0,0,0,0,0,0,0
ref:E4348200026111,cd647bacf00f425b65af,E4348200026111,E4348200026111,芦北町,県立あしきた青少年の家,熊本県芦北町大字鶴木山,県立あしきた青少年の家,熊本県芦北町大字鶴木山,1,,,32.3196482,130.4694811,"[{""共通ID"": ""E4348200026111"", ""経度"": ""130.4694811"", ""緯度"": ""32.3196482""}]",,matched,exact_name_address,1.000,reference/43000_1.csv,17068228366013260d8a1e506e0843bc9c0736e8ec7031a9e384d0d32abd7578,00001870,992,992,kumamoto_portal_map,2026-08-01T00:28:20+09:00,matched,portal_shelter_id,1.000,32.311553,130.472873,,,unmatched,manual_no_match,,,32.3196482,130.4694811,gsi_reference,reference_latitude_longitude,complete,0,0,0,0,0,0,0,0,0,0,0,0,0,0,0,0,0
ref:E4348200011111,a6c1acf7ec24c32399fe,E4348200011111,E4348200011111,芦北町,県立芦北高等学校,熊本県芦北町大字乙千屋20-2,県立芦北高等学校,熊本県芦北町大字乙千屋20-2,1,,,32.307254,130.50707,"[{""共通ID"": ""E4348200011111"", ""経度"": ""130.50707"", ""緯度"": ""32.307254""}]",,matched,exact_name_address,1.000,reference/43000_1.csv,17068228366013260d8a1e506e0843bc9c0736e8ec7031a9e384d0d32abd7578,00001876,700,700,kumamoto_portal_map,2026-08-01T00:28:20+09:00,matched,portal_shelter_id,1.000,32.307163,130.507076,,,unmatched,manual_no_match,,,32.307254,130.50707,gsi_reference,reference_latitude_longitude,complete,0,0,0,0,0,0,0,0,0,0,0,0,0,0,0,0,0
ref:E4348200042111,d17949c9bc711226c72b,E4348200042111,E4348200042111,芦北町,芦北町地域活性化センター,芦北町田浦町653,芦北町地域活性化センター,熊本県芦北町田浦町653,1,,,32.36421696,130.5087039,"[{""共通ID"": ""E4348200042111"", ""経度"": ""130.5087039"", ""緯度"": ""32.36421696""}]",,matched,exact_name_address,1.000,reference/43000_1.csv,17068228366013260d8a1e506e0843bc9c0736e8ec7031a9e384d0d32abd7578,00001864,351,351,kumamoto_portal_map,2026-08-01T00:28:20+09:00,matched,portal_shelter_id,1.000,32.363993,130.508023,,,unmatched,manual_no_match,,,32.36421696,130.5087039,gsi_reference,reference_latitude_longitude,complete,0,1,1,1,1,1,1,1,1,1,1,1,1,1,1,1,1
ref:E4348200012111,fe84ad8e35792fe0a7a5,E4348200012111,E4348200012111,芦北町,芦北町地域資源活用総合交流促進施設,芦北町大字花岡1705-1,芦北町地域資源活用総合交流促進施設,熊本県芦北町大字花岡1705-1,1,,,32.301085,130.50037,"[{""共通ID"": ""E4348200012111"", ""経度"": ""130.50037"", ""緯度"": ""32.301085""}]",,matched,exact_name_address,1.000,reference/43000_1.csv,17068228366013260d8a1e506e0843bc9c0736e8ec7031a9e384d0d32abd7578,00001878,232,232,kumamoto_portal_map,2026-08-01T00:28:20+09:00,matched,portal_shelter_id,1.000,32.301719,130.50043,,,unmatched,manual_no_match,,,32.301085,130.50037,gsi_reference,reference_latitude_longitude,complete,0,1,1,1,1,1,1,1,1,1,0,0,0,0,0,0,0
ref:E4348200033111,963fb31eac874348d81e,E4348200033111,E4348200033111,芦北町,芦北町多目的研修センター,芦北町大字湯浦208,芦北町多目的研修センター,熊本県芦北町大字湯浦208,1,,,32.272686,130.500458,"[{""共通ID"": ""E4348200033111"", ""経度"": ""130.500458"", ""緯度"": ""32.272686""}]",,matched,exact_name_address,1.000,reference/43000_1.csv,17068228366013260d8a1e506e0843bc9c0736e8ec7031a9e384d0d32abd7578,00001888,133,133,kumamoto_portal_map,2026-08-01T00:28:20+09:00,matched,portal_shelter_id,1.000,32.27265,130.500431,,,unmatched,manual_no_match,,,32.272686,130.500458,gsi_reference,reference_latitude_longitude,complete,0,1,1,1,1,1,1,1,1,1,1,1,0,0,0,0,0
ref:E4348200012112,9c995c59b3d0443fb3c5,E4348200012112,E4348200012112,芦北町,芦北町民総合センター,熊本県芦北町大字花岡1705-1,芦北町民総合センター,熊本県芦北町大字花岡1705-1,1,,,32.301695,130.500471,"[{""共通ID"": ""E4348200012112"", ""経度"": ""130.500471"", ""緯度"": ""32.301695""}]",,matched,exact_name_address,1.000,reference/43000_1.csv,17068228366013260d8a1e506e0843bc9c0736e8ec7031a9e384d0d32abd7578,00001877,811,811,kumamoto_portal_map,2026-08-01T00:28:20+09:00,matched,portal_shelter_id,1.000,32.301719,130.50043,,,unmatched,manual_no_match,,,32.301695,130.500471,gsi_reference,reference_latitude_longitude,complete,0,0,0,0,0,0,0,0,0,0,0,0,0,0,0,0,0
ref:E4348200034111,17377735c723cce9543d,E4348200034111,E4348200034111,芦北町,芦北福祉センター,熊本県芦北町大字湯浦213,芦北福祉センター,熊本県芦北町大字湯浦213,1,,,32.272692,130.500707,"[{""共通ID"": ""E4348200034111"", ""経度"": ""130.500707"", ""緯度"": ""32.272692""}]",,matched,exact_name_address,1.000,reference/43000_1.csv,17068228366013260d8a1e506e0843bc9c0736e8ec7031a9e384d0d32abd7578,00001887,282,282,kumamoto_portal_map,2026-08-01T00:28:20+09:00,matched,portal_shelter_id,1.000,32.272694,130.500703,,,unmatched,manual_no_match,,,32.272692,130.500707,gsi_reference,reference_latitude_longitude,complete,0,0,0,0,0,0,0,0,0,0,0,0,0,0,0,0,0
ref:E4353100021111,63d097411c40ed1730b8,E4353100021111,E4353100021111,苓北町,上津深江集会所,熊本県苓北町上津深江1186,上津深江集会所,熊本県苓北町上津深江1186,1,,,32.51938987,130.0751371,"[{""共通ID"": ""E4353100021111"", ""経度"": ""130.0751371"", ""緯度"": ""32.51938987""}]",,matched,exact_name_address,1.000,reference/43000_1.csv,17068228366013260d8a1e506e0843bc9c0736e8ec7031a9e384d0d32abd7578,00002052,90,90,kumamoto_portal_map,2026-08-01T00:28:20+09:00,matched,portal_shelter_id,1.000,32.5207,130.074255,,,unmatched,manual_no_match,,,32.51938987,130.0751371,gsi_reference,reference_latitude_longitude,complete,0,0,0,0,0,0,0,0,0,0,0,0,0,0,0,0,0
ref:E4353100009111,150fccae847d2574540d,E4353100009111,E4353100009111,苓北町,体育センター,熊本県苓北町志岐1220-2,体育センター,熊本県苓北町志岐1220-2,1,,,32.503891,130.054186,"[{""共通ID"": ""E4353100009111"", ""経度"": ""130.054186"", ""緯度"": ""32.503891""}]",,matched,exact_name_address,1.000,reference/43000_1.csv,17068228366013260d8a1e506e0843bc9c0736e8ec7031a9e384d0d32abd7578,00002065,890,890,kumamoto_portal_map,2026-08-01T00:28:20+09:00,matched,portal_shelter_id,1.000,32.504484,130.054306,,,unmatched,manual_no_match,,,32.503891,130.054186,gsi_reference,reference_latitude_longitude,complete,0,0,0,0,0,0,0,0,0,0,0,0,0,0,0,0,0
ref:E4353100002112,16a98b900ac8a6258bc4,E4353100002112,E4353100002112,苓北町,坂瀬川公民館,熊本県苓北町坂瀬川2600,坂瀬川公民館,熊本県苓北町坂瀬川2600,1,,,32.52707148,130.0978837,"[{""共通ID"": ""E4353100002112"", ""経度"": ""130.0978837"", ""緯度"": ""32.52707148""}]",,matched,exact_name_address,1.000,reference/43000_1.csv,17068228366013260d8a1e506e0843bc9c0736e8ec7031a9e384d0d32abd7578,00002047,120,120,kumamoto_portal_map,2026-08-01T00:28:20+09:00,matched,portal_shelter_id,1.000,32.526186,130.090753,,,unmatched,manual_no_match,,,32.52707148,130.0978837,gsi_reference,reference_latitude_longitude,complete,0,0,0,0,0,0,0,0,0,0,0,0,0,0,0,0,0
ref:E4353100006111,156458d540a1d36de0ee,E4353100006111,E4353100006111,苓北町,坂瀬川小学校体育館,熊本県苓北町坂瀬川83,坂瀬川小学校体育館,熊本県苓北町坂瀬川83,1,,,32.52655,130.090467,"[{""共通ID"": ""E4353100006111"", ""経度"": ""130.090467"", ""緯度"": ""32.52655""}]",,matched,exact_name_address,1.000,reference/43000_1.csv,17068228366013260d8a1e506e0843bc9c0736e8ec7031a9e384d0d32abd7578,00002048,460,460,kumamoto_portal_map,2026-08-01T00:28:20+09:00,matched,portal_shelter_id,1.000,32.526311,130.091217,,,unmatched,manual_no_match,,,32.52655,130.090467,gsi_reference,reference_latitude_longitude,complete,0,0,0,0,0,0,0,0,0,0,0,0,0,0,0,0,0
ref:E4353100004111,736270b1104c58cbad10,E4353100004111,E4353100004111,苓北町,坂瀬川集会所,熊本県苓北町坂瀬川3756,坂瀬川集会所,熊本県苓北町坂瀬川3756,1,,,32.528287,130.092607,"[{""共通ID"": ""E4353100004111"", ""経度"": ""130.092607"", ""緯度"": ""32.528287""}]",,matched,exact_name_address,1.000,reference/43000_1.csv,17068228366013260d8a1e506e0843bc9c0736e8ec7031a9e384d0d32abd7578,00002046,20,20,kumamoto_portal_map,2026-08-01T00:28:20+09:00,matched,portal_shelter_id,1.000,32.528308,130.092467,,,unmatched,manual_no_match,,,32.528287,130.092607,gsi_reference,reference_latitude_longitude,complete,0,0,0,0,0,0,0,0,0,0,0,0,0,0,0,0,0
ref:E4353100036111,51149d2f253b4a55519a,E4353100036111,E4353100036111,苓北町,天草拓心高校マリン校舎体育館,熊本県苓北町富岡3757,天草拓心高校マリン校舎体育館,熊本県苓北町富岡3757,1,,,32.512095,130.037942,"[{""共通ID"": ""E4353100036111"", ""経度"": ""130.037942"", ""緯度"": ""32.512095""}]",,matched,exact_name_address,1.000,reference/43000_1.csv,17068228366013260d8a1e506e0843bc9c0736e8ec7031a9e384d0d32abd7578,00002073,360,360,kumamoto_portal_map,2026-08-01T00:28:20+09:00,matched,portal_shelter_id,1.000,32.512361,130.037502,,,unmatched,manual_no_match,,,32.512095,130.037942,gsi_reference,reference_latitude_longitude,complete,0,0,0,0,0,0,0,0,0,0,0,0,0,0,0,0,0
ref:E4353100033111,2fd2d2f6ed0a883358bf,E4353100033111,E4353100033111,苓北町,富岡公民館,熊本県苓北町富岡2910,富岡公民館,熊本県苓北町富岡2910,1,,,32.51836,130.035835,"[{""共通ID"": ""E4353100033111"", ""経度"": ""130.035835"", ""緯度"": ""32.51836""}]",,matched,exact_name_address,1.000,reference/43000_1.csv,17068228366013260d8a1e506e0843bc9c0736e8ec7031a9e384d0d32abd7578,00002071,100,100,kumamoto_portal_map,2026-08-01T00:28:20+09:00,matched,portal_shelter_id,1.000,32.518435,130.035827,,,unmatched,manual_no_match,,,32.51836,130.035835,gsi_reference,reference_latitude_longitude,complete,0,0,0,0,0,0,0,0,0,0,0,0,0,0,0,0,0
ref:E4353100032111,f4fd58f9a5dfa6fdb839,E4353100032111,E4353100032111,苓北町,富岡小学校体育館,熊本県苓北町富岡2480,富岡小学校体育館,熊本県苓北町富岡2480,1,,,32.522473,130.032409,"[{""共通ID"": ""E4353100032111"", ""経度"": ""130.032409"", ""緯度"": ""32.522473""}]",,matched,exact_name_address,1.000,reference/43000_1.csv,17068228366013260d8a1e506e0843bc9c0736e8ec7031a9e384d0d32abd7578,00002072,270,270,kumamoto_portal_map,2026-08-01T00:28:20+09:00,matched,portal_shelter_id,1.000,32.523268,130.032511,,,unmatched,manual_no_match,,,32.522473,130.032409,gsi_reference,reference_latitude_longitude,complete,0,0,0,0,0,0,0,0,0,0,0,0,0,0,0,0,0
ref:E4353100015111,a66bb6035fd21fea58ef,E4353100015111,E4353100015111,苓北町,志岐小学校体育館,熊本県苓北町志岐410,志岐小学校体育館,熊本県苓北町志岐410,1,,,32.512021,130.05372,"[{""共通ID"": ""E4353100015111"", ""経度"": ""130.05372"", ""緯度"": ""32.512021""}]",,matched,exact_name_address,1.000,reference/43000_1.csv,17068228366013260d8a1e506e0843bc9c0736e8ec7031a9e384d0d32abd7578,00002057,360,360,kumamoto_portal_map,2026-08-01T00:28:20+09:00,matched,portal_shelter_id,1.000,32.512434,130.05397,,,unmatched,manual_no_match,,,32.512021,130.05372,gsi_reference,reference_latitude_longitude,complete,0,0,0,0,0,0,0,0,0,0,0,0,0,0,0,0,0
ref:E4353100026111,63ef86588118b12f443e,E4353100026111,E4353100026111,苓北町,木場地区交流施設,熊本県苓北町都呂々6118-2,木場地区交流施設,熊本県苓北町都呂々6118-2,1,,,32.448778,130.080153,"[{""共通ID"": ""E4353100026111"", ""経度"": ""130.080153"", ""緯度"": ""32.448778""}]",,matched,exact_name_address,1.000,reference/43000_1.csv,17068228366013260d8a1e506e0843bc9c0736e8ec7031a9e384d0d32abd7578,00002082,30,30,kumamoto_portal_map,2026-08-01T00:28:20+09:00,matched,portal_shelter_id,1.000,32.448806,130.080117,,,unmatched,manual_no_match,,,32.448778,130.080153,gsi_reference,reference_latitude_longitude,complete,0,0,0,0,0,0,0,0,0,0,0,0,0,0,0,0,0
ref:E4353100025111,33e014288d07a492d5c4,E4353100025111,E4353100025111,苓北町,木場集会所,熊本県苓北町都呂々5153-2,木場集会所,熊本県苓北町都呂々5153-2,1,,,32.450788,130.076583,"[{""共通ID"": ""E4353100025111"", ""経度"": ""130.076583"", ""緯度"": ""32.450788""}]",,matched,exact_name_address,1.000,reference/43000_1.csv,17068228366013260d8a1e506e0843bc9c0736e8ec7031a9e384d0d32abd7578,00002083,60,60,kumamoto_portal_map,2026-08-01T00:28:20+09:00,matched,portal_shelter_id,1.000,32.467432,130.038804,,,unmatched,manual_no_match,,,32.450788,130.076583,gsi_reference,reference_latitude_longitude,complete,0,0,0,0,0,0,0,0,0,0,0,0,0,0,0,0,0
refgroup:742dc36300cf946993d7,26e653c43c776820c71f,E4353100009112,E4353100009112;E4353100009121,苓北町,町民総合センター,熊本県苓北町志岐1220-2,町民総合センター,熊本県苓北町志岐1220-2,1,,要配慮者,32.504364,130.054316,"[{""共通ID"": ""E4353100009112"", ""経度"": ""130.054316"", ""緯度"": ""32.504364""}, {""共通ID"": ""E4353100009121"", ""経度"": ""130.054316"", ""緯度"": ""32.504364""}]",,matched_multiple,exact_name_address,1.000,reference/43000_1.csv,17068228366013260d8a1e506e0843bc9c0736e8ec7031a9e384d0d32abd7578,00002056,180,180,kumamoto_portal_map,2026-08-01T00:28:20+09:00,matched,portal_shelter_id,1.000,32.504484,130.054306,,,unmatched,manual_no_match,,,32.504364,130.054316,gsi_reference,reference_latitude_longitude,complete,0,0,0,0,0,0,0,0,0,0,0,0,0,0,0,0,0
ref:E4353100008111,94252c1077454153d91e,E4353100008111,E4353100008111,苓北町,総合武道館,熊本県苓北町志岐1183,総合武道館,熊本県苓北町志岐1183,1,,,32.503292,130.054369,"[{""共通ID"": ""E4353100008111"", ""経度"": ""130.054369"", ""緯度"": ""32.503292""}]",,matched,exact_name_address,1.000,reference/43000_1.csv,17068228366013260d8a1e506e0843bc9c0736e8ec7031a9e384d0d32abd7578,00002064,440,440,kumamoto_portal_map,2026-08-01T00:28:20+09:00,matched,portal_shelter_id,1.000,32.503476,130.054242,,,unmatched,manual_no_match,,,32.503292,130.054369,gsi_reference,reference_latitude_longitude,complete,0,0,0,0,0,0,0,0,0,0,0,0,0,0,0,0,0
ref:E4353100013111,7d91a0d0123f478e63c0,E4353100013111,E4353100013111,苓北町,苓北中学校体育館,熊本県苓北町志岐294-4,苓北中学校体育館,熊本県苓北町志岐294-4,1,,,32.508425,130.046279,"[{""共通ID"": ""E4353100013111"", ""経度"": ""130.046279"", ""緯度"": ""32.508425""}]",,matched,exact_name_address,1.000,reference/43000_1.csv,17068228366013260d8a1e506e0843bc9c0736e8ec7031a9e384d0d32abd7578,00002058,390,390,kumamoto_portal_map,2026-08-01T00:28:20+09:00,matched,portal_shelter_id,1.000,32.507959,130.046593,,,unmatched,manual_no_match,,,32.508425,130.046279,gsi_reference,reference_latitude_longitude,complete,0,0,0,0,0,0,0,0,0,0,0,0,0,0,0,0,0
ref:E4353100002111,8b93e728085ad04d2d74,E4353100002111,E4353100002111,苓北町,苓北町坂瀬川体育館,熊本県苓北町坂瀬川2600,苓北町坂瀬川体育館,熊本県苓北町坂瀬川2600,1,,,32.525753,130.090743,"[{""共通ID"": ""E4353100002111"", ""経度"": ""130.090743"", ""緯度"": ""32.525753""}]",,matched,exact_name_address,1.000,reference/43000_1.csv,17068228366013260d8a1e506e0843bc9c0736e8ec7031a9e384d0d32abd7578,00002049,260,260,kumamoto_portal_map,2026-08-01T00:28:20+09:00,matched,portal_shelter_id,1.000,32.526186,130.090753,,,unmatched,manual_no_match,,,32.525753,130.090743,gsi_reference,reference_latitude_longitude,complete,0,0,0,0,0,0,0,0,0,0,0,0,0,0,0,0,0
ref:E4353100018111,7c0b40b8af5e2e901f78,E4353100018111,E4353100018111,苓北町,苓北町役場,熊本県苓北町志岐660,苓北町役場,熊本県苓北町志岐660,1,,,32.513074,130.054789,"[{""共通ID"": ""E4353100018111"", ""経度"": ""130.054789"", ""緯度"": ""32.513074""}]",,matched,exact_name_address,1.000,reference/43000_1.csv,17068228366013260d8a1e506e0843bc9c0736e8ec7031a9e384d0d32abd7578,00002059,70,70,kumamoto_portal_map,2026-08-01T00:28:20+09:00,matched,portal_shelter_id,1.000,32.513525,130.055153,,,unmatched,manual_no_match,,,32.513074,130.054789,gsi_reference,reference_latitude_longitude,complete,0,1,1,1,1,0,0,0,0,0,0,0,0,0,0,0,0
ref:E4353100024111,ef6e3f40b98901fb1eb6,E4353100024111,E4353100024111,苓北町,苓北町都呂々体育館,熊本県苓北町都呂々1245-1,苓北町都呂々体育館,熊本県苓北町都呂々1245-1,1,,,32.4685,130.039615,"[{""共通ID"": ""E4353100024111"", ""経度"": ""130.039615"", ""緯度"": ""32.4685""}]",,matched,exact_name_address,1.000,reference/43000_1.csv,17068228366013260d8a1e506e0843bc9c0736e8ec7031a9e384d0d32abd7578,,,,,,ambiguous,coordinate_near_tie,,,,,,unmatched,manual_no_match,,,32.4685,130.039615,gsi_reference,reference_latitude_longitude,complete,0,0,0,0,0,0,0,0,0,0,0,0,0,0,0,0,0
ref:E4353100023111,db8c913d28eeef4c7175,E4353100023111,E4353100023111,苓北町,都呂々公民館,熊本県苓北町都呂々114,都呂々公民館,熊本県苓北町都呂々114,1,,,32.470895,130.041396,"[{""共通ID"": ""E4353100023111"", ""経度"": ""130.041396"", ""緯度"": ""32.470895""}]",,matched,exact_name_address,1.000,reference/43000_1.csv,17068228366013260d8a1e506e0843bc9c0736e8ec7031a9e384d0d32abd7578,00002079,100,100,kumamoto_portal_map,2026-08-01T00:28:20+09:00,matched,portal_shelter_id,1.000,32.470809,130.041343,,,unmatched,manual_no_match,,,32.470895,130.041396,gsi_reference,reference_latitude_longitude,complete,0,0,0,0,0,0,0,0,0,0,0,0,0,0,0,0,0
ref:E4353100024112,2c6b5b924bc0f165bbcc,E4353100024112,E4353100024112,苓北町,都呂々小学校体育館,熊本県苓北町都呂々1245-1,都呂々小学校体育館,熊本県苓北町都呂々1245-1,1,,,32.468558,130.040135,"[{""共通ID"": ""E4353100024112"", ""経度"": ""130.040135"", ""緯度"": ""32.468558""}]",,matched,exact_name_address,1.000,reference/43000_1.csv,17068228366013260d8a1e506e0843bc9c0736e8ec7031a9e384d0d32abd7578,00002080,500,500,kumamoto_portal_map,2026-08-01T00:28:20+09:00,matched,portal_shelter_id,1.000,32.469101,130.039321,,,unmatched,manual_no_match,,,32.468558,130.040135,gsi_reference,reference_latitude_longitude,complete,0,0,0,0,0,0,0,0,0,0,0,0,0,0,0,0,0
ref:E4320400016111,24e3fc54aa4d54ed2d4a,E4320400016111,E4320400016111,荒尾市,ふれあい福祉センター,熊本県荒尾市川登1777-12,ふれあい福祉センター,熊本県荒尾市川登1777-12,,,,32.973437123071,130.463661453583,"[{""共通ID"": ""E4320400016111"", ""経度"": ""130.463661453583"", ""緯度"": ""32.973437123071""}]",,matched,exact_name_address,1.000,reference/43000_1.csv,17068228366013260d8a1e506e0843bc9c0736e8ec7031a9e384d0d32abd7578,00000315,250,250,kumamoto_portal_map,2026-08-01T00:28:20+09:00,matched,portal_shelter_id,1.000,32.973489,130.463651,,,unmatched,manual_no_match,,,32.973437123071,130.463661453583,gsi_reference,reference_latitude_longitude,complete,0,0,0,0,0,0,0,0,0,0,0,0,0,0,0,0,0
ref:E4320400019111,f4b25ded6718a383ca5f,E4320400019111,E4320400019111,荒尾市,みどり蒼生館,熊本県荒尾市平山2119-3,みどり蒼生館,熊本県荒尾市平山2119-3,1,,,32.9908057817929,130.489074875535,"[{""共通ID"": ""E4320400019111"", ""経度"": ""130.489074875535"", ""緯度"": ""32.9908057817929""}]",,matched,exact_name_address,1.000,reference/43000_1.csv,17068228366013260d8a1e506e0843bc9c0736e8ec7031a9e384d0d32abd7578,00000819,130,130,kumamoto_portal_map,2026-08-01T00:28:20+09:00,matched,portal_shelter_id,1.000,32.990911,130.489076,,,unmatched,manual_no_match,,,32.9908057817929,130.489074875535,gsi_reference,reference_latitude_longitude,complete,0,0,0,0,0,0,0,0,0,0,0,0,0,0,0,0,0
ref:E4320400018111,8849a965c203c9b4afc0,E4320400018111,E4320400018111,荒尾市,メディア交流館,熊本県荒尾市大正町2-3-2,メディア交流館,熊本県荒尾市大正町2-3-2,,,,32.9984207812452,130.433499065334,"[{""共通ID"": ""E4320400018111"", ""経度"": ""130.433499065334"", ""緯度"": ""32.9984207812452""}]",,matched,exact_name_address,1.000,reference/43000_1.csv,17068228366013260d8a1e506e0843bc9c0736e8ec7031a9e384d0d32abd7578,00000314,130,130,kumamoto_portal_map,2026-08-01T00:28:20+09:00,matched,portal_shelter_id,1.000,32.998467,130.4335,,,unmatched,manual_no_match,,,32.9984207812452,130.433499065334,gsi_reference,reference_latitude_longitude,complete,0,0,0,0,0,0,0,0,0,0,0,0,0,0,0,0,0
ref:E4320400021111,700f7936623c764cff68,E4320400021111,E4320400021111,荒尾市,万田中央体育館,熊本県荒尾市万田178,万田中央体育館,熊本県荒尾市万田178,,,,32.9996583970921,130.443626289318,"[{""共通ID"": ""E4320400021111"", ""経度"": ""130.443626289318"", ""緯度"": ""32.9996583970921""}]",,matched,exact_name_address,1.000,reference/43000_1.csv,17068228366013260d8a1e506e0843bc9c0736e8ec7031a9e384d0d32abd7578,00002087,600,600,kumamoto_portal_map,2026-08-01T00:28:20+09:00,matched,portal_shelter_id,1.000,32.999345,130.443516,,,unmatched,manual_no_match,,,32.9996583970921,130.443626289318,gsi_reference,reference_latitude_longitude,complete,0,0,0,0,0,0,0,0,0,0,0,0,0,0,0,0,0
ref:E4320400022111,cbf5d94042de29f007ae,E4320400022111,E4320400022111,荒尾市,万田小学校,熊本県荒尾市万田696-1,万田小学校,熊本県荒尾市万田696-1,1,,,32.999883,130.436625,"[{""共通ID"": ""E4320400022111"", ""経度"": ""130.436625"", ""緯度"": ""32.999883""}]",,matched,exact_name_address,1.000,reference/43000_1.csv,17068228366013260d8a1e506e0843bc9c0736e8ec7031a9e384d0d32abd7578,00000816,700,700,kumamoto_portal_map,2026-08-01T00:28:20+09:00,matched,portal_shelter_id,1.000,32.999873,130.436569,,,unmatched,manual_no_match,,,32.999883,130.436625,gsi_reference,reference_latitude_longitude,complete,0,0,0,0,0,0,0,0,0,0,0,0,0,0,0,0,0
ref:E4320400007111,2d71cd215181ba97a786,E4320400007111,E4320400007111,荒尾市,万田炭鉱館,熊本県荒尾市原万田213-31,万田炭鉱館,熊本県荒尾市原万田213-31,1,,,33.0003892913285,130.451392647831,"[{""共通ID"": ""E4320400007111"", ""経度"": ""130.451392647831"", ""緯度"": ""33.0003892913285""}]",,matched,exact_name_address,1.000,reference/43000_1.csv,17068228366013260d8a1e506e0843bc9c0736e8ec7031a9e384d0d32abd7578,00000817,130,130,kumamoto_portal_map,2026-08-01T00:28:20+09:00,matched,portal_shelter_id,1.000,33.000431,130.451415,,,unmatched,manual_no_match,,,33.0003892913285,130.451392647831,gsi_reference,reference_latitude_longitude,complete,0,0,0,0,0,0,0,0,0,0,0,0,0,0,0,0,0
ref:E4320400017111,f647d9321bfd8cab60ef,E4320400017111,E4320400017111,荒尾市,中央公民館,熊本県荒尾市増永633,中央公民館,熊本県荒尾市増永633,,,,32.9732375350827,130.436191103861,"[{""共通ID"": ""E4320400017111"", ""経度"": ""130.436191103861"", ""緯度"": ""32.9732375350827""}]",,matched,exact_name_address,1.000,reference/43000_1.csv,17068228366013260d8a1e506e0843bc9c0736e8ec7031a9e384d0d32abd7578,00002095,300,300,kumamoto_portal_map,2026-08-01T00:28:20+09:00,matched,portal_shelter_id,1.000,32.973237,130.4362,,,unmatched,manual_no_match,,,32.9732375350827,130.436191103861,gsi_reference,reference_latitude_longitude,complete,0,0,0,0,0,0,0,0,0,0,0,0,0,0,0,0,0
ref:E4320400023111,4cd14e93c6a2e4510ee3,E4320400023111,E4320400023111,荒尾市,小岱工芸館,熊本県荒尾市野原1523,小岱工芸館,熊本県荒尾市野原1523,1,,,32.9606466847845,130.482527602575,"[{""共通ID"": ""E4320400023111"", ""経度"": ""130.482527602575"", ""緯度"": ""32.9606466847845""}]",,matched,exact_name_address,1.000,reference/43000_1.csv,17068228366013260d8a1e506e0843bc9c0736e8ec7031a9e384d0d32abd7578,00000820,130,130,kumamoto_portal_map,2026-08-01T00:28:20+09:00,matched,portal_shelter_id,1.000,32.960675,130.482566,,,unmatched,manual_no_match,,,32.9606466847845,130.482527602575,gsi_reference,reference_latitude_longitude,complete,0,0,0,0,0,0,0,0,0,0,0,0,0,0,0,0,0
ref:E4320400015111,a0c087f7687675261315,E4320400015111,E4320400015111,荒尾市,平井小学校,熊本県荒尾市上井手1108,平井小学校,熊本県荒尾市上井手1108,,,,32.9987208510602,130.488640971709,"[{""共通ID"": ""E4320400015111"", ""経度"": ""130.488640971709"", ""緯度"": ""32.9987208510602""}]",,matched,exact_name_address,1.000,reference/43000_1.csv,17068228366013260d8a1e506e0843bc9c0736e8ec7031a9e384d0d32abd7578,00002092,300,300,kumamoto_portal_map,2026-08-01T00:28:20+09:00,matched,portal_shelter_id,1.000,32.998746,130.488779,,,unmatched,manual_no_match,,,32.9987208510602,130.488640971709,gsi_reference,reference_latitude_longitude,complete,0,0,0,0,0,0,0,0,0,0,0,0,0,0,0,0,0
ref:E4320400003111,4896964f2afc66ac23c8,E4320400003111,E4320400003111,荒尾市,府本小学校,熊本県荒尾市樺2313-2,府本小学校,熊本県荒尾市樺2313-2,,,,32.9635252594015,130.499121091773,"[{""共通ID"": ""E4320400003111"", ""経度"": ""130.499121091773"", ""緯度"": ""32.9635252594015""}]",,matched,exact_name_address,1.000,reference/43000_1.csv,17068228366013260d8a1e506e0843bc9c0736e8ec7031a9e384d0d32abd7578,00002093,600,600,kumamoto_portal_map,2026-08-01T00:28:20+09:00,matched,portal_shelter_id,1.000,32.963581,130.499162,,,unmatched,manual_no_match,,,32.9635252594015,130.499121091773,gsi_reference,reference_latitude_longitude,complete,0,0,0,0,0,0,0,0,0,0,0,0,0,0,0,0,0
ref:E4320400001111,f650c2cf32dbd8a347a5,E4320400001111,E4320400001111,荒尾市,有明小学校,熊本県荒尾市一部305,有明小学校,熊本県荒尾市一部305,1,,,32.966522,130.439497,"[{""共通ID"": ""E4320400001111"", ""経度"": ""130.439497"", ""緯度"": ""32.966522""}]",,matched,exact_name_address,1.000,reference/43000_1.csv,17068228366013260d8a1e506e0843bc9c0736e8ec7031a9e384d0d32abd7578,00000821,600,600,kumamoto_portal_map,2026-08-01T00:28:20+09:00,matched,portal_shelter_id,1.000,32.966557,130.439483,,,unmatched,manual_no_match,,,32.966522,130.439497,gsi_reference,reference_latitude_longitude,complete,0,0,0,0,0,0,0,0,0,0,0,0,0,0,0,0,0
ref:E4320400012111,d7fa57e4901e11236f70,E4320400012111,E4320400012111,荒尾市,東大谷体育館,熊本県荒尾市荒尾4409,東大谷体育館,熊本県荒尾市荒尾4409,,,,32.9857453936154,130.460966612493,"[{""共通ID"": ""E4320400012111"", ""経度"": ""130.460966612493"", ""緯度"": ""32.9857453936154""}]",,matched,exact_name_address,1.000,reference/43000_1.csv,17068228366013260d8a1e506e0843bc9c0736e8ec7031a9e384d0d32abd7578,,,,,,unmatched,no_candidate,,,,,,unmatched,manual_no_match,,,32.9857453936154,130.460966612493,gsi_reference,reference_latitude_longitude,complete,0,0,0,0,0,0,0,0,0,0,0,0,0,0,0,0,0
ref:E4320400004111,3dac100d5c1749a60756,E4320400004111,E4320400004111,荒尾市,松ヶ浦環境センター,熊本県荒尾市宮内1081,松ヶ浦環境センター,熊本県荒尾市宮内1081,,,,32.9868183859693,130.448899382662,"[{""共通ID"": ""E4320400004111"", ""経度"": ""130.448899382662"", ""緯度"": ""32.9868183859693""}]",,matched,exact_name_address,1.000,reference/43000_1.csv,17068228366013260d8a1e506e0843bc9c0736e8ec7031a9e384d0d32abd7578,00002086,50,50,kumamoto_portal_map,2026-08-01T00:28:20+09:00,matched,portal_shelter_id,1.000,32.986824,130.448924,,,unmatched,manual_no_match,,,32.9868183859693,130.448899382662,gsi_reference,reference_latitude_longitude,complete,0,0,0,0,0,0,0,0,0,0,0,0,0,0,0,0,0
ref:E4320400014111,7d6ed470f5f624690c94,E4320400014111,E4320400014111,荒尾市,桜山小学校,熊本県荒尾市桜山町3-25-1,桜山小学校,熊本県荒尾市桜山町3-25-1,1,,,32.9678256003084,130.457185336932,"[{""共通ID"": ""E4320400014111"", ""経度"": ""130.457185336932"", ""緯度"": ""32.9678256003084""}]",,matched,exact_name_address,1.000,reference/43000_1.csv,17068228366013260d8a1e506e0843bc9c0736e8ec7031a9e384d0d32abd7578,00000823,300,300,kumamoto_portal_map,2026-08-01T00:28:20+09:00,matched,portal_shelter_id,1.000,32.96784,130.45721,,,unmatched,manual_no_match,,,32.9678256003084,130.457185336932,gsi_reference,reference_latitude_longitude,complete,0,0,0,0,0,0,0,0,0,0,0,0,0,0,0,0,0
ref:E4320400002111,db5d176b84fd3f247ef7,E4320400002111,E4320400002111,荒尾市,深瀬の森体育館,熊本県荒尾市下井手193,深瀬の森体育館,熊本県荒尾市下井手193,,,,33.0024804128235,130.458638771401,"[{""共通ID"": ""E4320400002111"", ""経度"": ""130.458638771401"", ""緯度"": ""33.0024804128235""}]",,matched,exact_name_address,1.000,reference/43000_1.csv,17068228366013260d8a1e506e0843bc9c0736e8ec7031a9e384d0d32abd7578,00002088,300,300,kumamoto_portal_map,2026-08-01T00:28:20+09:00,matched,portal_shelter_id,1.000,33.003467,130.457854,,,unmatched,manual_no_match,,,33.0024804128235,130.458638771401,gsi_reference,reference_latitude_longitude,complete,0,0,0,0,0,0,0,0,0,0,0,0,0,0,0,0,0
ref:E4320400006111,d897fe61a7f3cb1d24d2,E4320400006111,E4320400006111,荒尾市,清里小学校,熊本県荒尾市牛水1555,清里小学校,熊本県荒尾市牛水1555,1,,,32.949563,130.447137,"[{""共通ID"": ""E4320400006111"", ""経度"": ""130.447137"", ""緯度"": ""32.949563""}]",,matched,exact_name_address,1.000,reference/43000_1.csv,17068228366013260d8a1e506e0843bc9c0736e8ec7031a9e384d0d32abd7578,00000822,300,300,kumamoto_portal_map,2026-08-01T00:28:20+09:00,matched,portal_shelter_id,1.000,32.949484,130.447249,,,unmatched,manual_no_match,,,32.949563,130.447137,gsi_reference,reference_latitude_longitude,complete,0,0,0,0,0,0,0,0,0,0,0,0,0,0,0,0,0
ref:E4320400011111,f22ed2c101f67456dcdd,E4320400011111,E4320400011111,荒尾市,緑ケ丘小学校,熊本県荒尾市荒尾4238,緑ケ丘小学校,熊本県荒尾市荒尾4238,,,,32.9849334625347,130.468272491914,"[{""共通ID"": ""E4320400011111"", ""経度"": ""130.468272491914"", ""緯度"": ""32.9849334625347""}]",,matched,exact_name_address,1.000,reference/43000_1.csv,17068228366013260d8a1e506e0843bc9c0736e8ec7031a9e384d0d32abd7578,00002090,600,600,kumamoto_portal_map,2026-08-01T00:28:20+09:00,matched,portal_shelter_id,1.000,32.985025,130.468603,,,unmatched,manual_no_match,,,32.9849334625347,130.468272491914,gsi_reference,reference_latitude_longitude,complete,0,0,0,0,0,0,0,0,0,0,0,0,0,0,0,0,0
ref:E4320400005111,10f40e16af4b2bfe2f9a,E4320400005111,E4320400005111,荒尾市,荒尾市役所,熊本県荒尾市宮内出目390,荒尾市役所,熊本県荒尾市宮内出目390,,,,32.9867397455494,130.433019518683,"[{""共通ID"": ""E4320400005111"", ""経度"": ""130.433019518683"", ""緯度"": ""32.9867397455494""}]",,matched,exact_name_address,1.000,reference/43000_1.csv,17068228366013260d8a1e506e0843bc9c0736e8ec7031a9e384d0d32abd7578,00000313,200,200,kumamoto_portal_map,2026-08-01T00:28:20+09:00,matched,portal_shelter_id,1.000,32.986838,130.433036,,,unmatched,manual_no_match,,,32.9867397455494,130.433019518683,gsi_reference,reference_latitude_longitude,complete,0,0,0,0,0,0,0,0,0,0,0,0,0,0,0,0,0
ref:E4320400008111,adf3d96ee288c34960b7,E4320400008111,E4320400008111,荒尾市,荒尾海陽中学校,熊本県荒尾市荒尾1828,荒尾海陽中学校,熊本県荒尾市荒尾1828,,,,32.9784382669287,130.438678475651,"[{""共通ID"": ""E4320400008111"", ""経度"": ""130.438678475651"", ""緯度"": ""32.9784382669287""}]",,matched,exact_name_address,1.000,reference/43000_1.csv,17068228366013260d8a1e506e0843bc9c0736e8ec7031a9e384d0d32abd7578,00002085,1000,1000,kumamoto_portal_map,2026-08-01T00:28:20+09:00,matched,portal_shelter_id,1.000,32.978336,130.438864,,,unmatched,manual_no_match,,,32.9784382669287,130.438678475651,gsi_reference,reference_latitude_longitude,complete,0,0,0,0,0,0,0,0,0,0,0,0,0,0,0,0,0
ref:E4320400013111,e263e224304f4cdda861,E4320400013111,E4320400013111,荒尾市,荒尾第一小学校,熊本県荒尾市荒尾981-2,荒尾第一小学校,熊本県荒尾市荒尾981-2,1,,,32.9819613223208,130.437194934908,"[{""共通ID"": ""E4320400013111"", ""経度"": ""130.437194934908"", ""緯度"": ""32.9819613223208""}]",,matched,exact_name_address,1.000,reference/43000_1.csv,17068228366013260d8a1e506e0843bc9c0736e8ec7031a9e384d0d32abd7578,00000814,600,600,kumamoto_portal_map,2026-08-01T00:28:20+09:00,matched,portal_shelter_id,1.000,32.9819,130.4371,,,unmatched,manual_no_match,,,32.9819613223208,130.437194934908,gsi_reference,reference_latitude_longitude,complete,0,0,0,0,0,0,0,0,0,0,0,0,0,0,0,0,0
ref:E4320400020111,6b17a777432532568556,E4320400020111,E4320400020111,荒尾市,荒尾第三中学校,熊本県荒尾市本井手700,荒尾第三中学校,熊本県荒尾市本井手700,,,,32.9890078308132,130.475493137044,"[{""共通ID"": ""E4320400020111"", ""経度"": ""130.475493137044"", ""緯度"": ""32.9890078308132""}]",,matched,exact_name_address,1.000,reference/43000_1.csv,17068228366013260d8a1e506e0843bc9c0736e8ec7031a9e384d0d32abd7578,00002091,700,700,kumamoto_portal_map,2026-08-01T00:28:20+09:00,matched,portal_shelter_id,1.000,32.988991,130.475411,,,unmatched,manual_no_match,,,32.9890078308132,130.475493137044,gsi_reference,reference_latitude_longitude,complete,0,0,0,0,0,0,0,0,0,0,0,0,0,0,0,0,0
ref:E4320400024111,99f9d057dd349fcff371,E4320400024111,E4320400024111,荒尾市,荒尾第四中学校,熊本県荒尾市野原1528,荒尾第四中学校,熊本県荒尾市野原1528,,,,32.9622019821082,130.48134043199,"[{""共通ID"": ""E4320400024111"", ""経度"": ""130.48134043199"", ""緯度"": ""32.9622019821082""}]",,matched,exact_name_address,1.000,reference/43000_1.csv,17068228366013260d8a1e506e0843bc9c0736e8ec7031a9e384d0d32abd7578,00002094,1000,1000,kumamoto_portal_map,2026-08-01T00:28:20+09:00,matched,portal_shelter_id,1.000,32.961933,130.481488,,,unmatched,manual_no_match,,,32.9622019821082,130.48134043199,gsi_reference,reference_latitude_longitude,complete,0,0,0,0,0,0,0,0,0,0,0,0,0,0,0,0,0
ref:E4320400010111,8e88ff8096dbd389c4c2,E4320400010111,E4320400010111,荒尾市,荒尾総合文化センター,熊本県荒尾市荒尾4186-19,荒尾総合文化センター,熊本県荒尾市荒尾4186-19,1,,,32.9848532846226,130.463717799233,"[{""共通ID"": ""E4320400010111"", ""経度"": ""130.463717799233"", ""緯度"": ""32.9848532846226""}]",,matched,exact_name_address,1.000,reference/43000_1.csv,17068228366013260d8a1e506e0843bc9c0736e8ec7031a9e384d0d32abd7578,00000818,650,650,kumamoto_portal_map,2026-08-01T00:28:20+09:00,matched,portal_shelter_id,1.000,32.984863,130.463687,,,unmatched,manual_no_match,,,32.9848532846226,130.463717799233,gsi_reference,reference_latitude_longitude,complete,0,0,0,0,0,0,0,0,0,0,0,0,0,0,0,0,0
ref:E4321000001121,85e2e41d70fd55142a44,E4321000001121,E4321000001121,菊池市,あさひが丘荘,熊本県菊池市旭志伊坂449-1,あさひが丘荘,熊本県菊池市旭志伊坂449-1,,,要配慮者,32.9347252749483,130.832676897674,"[{""共通ID"": ""E4321000001121"", ""経度"": ""130.832676897674"", ""緯度"": ""32.9347252749483""}]",,matched,exact_name_address,1.000,reference/43000_1.csv,17068228366013260d8a1e506e0843bc9c0736e8ec7031a9e384d0d32abd7578,00000370,,,kumamoto_portal_map,2026-08-01T00:28:20+09:00,matched,portal_shelter_id,1.000,32.934758,130.832499,,,unmatched,manual_no_match,,,32.9347252749483,130.832676897674,gsi_reference,reference_latitude_longitude,complete,0,0,0,0,0,0,0,0,0,0,0,0,0,0,0,0,0
ref:E4321000041121,ccf25e7ef514909e4444,E4321000041121,E4321000041121,菊池市,きくちの里,熊本県菊池市大琳寺123,きくちの里,熊本県菊池市大琳寺123,,,要配慮者,32.9723154721908,130.80373614145,"[{""共通ID"": ""E4321000041121"", ""経度"": ""130.80373614145"", ""緯度"": ""32.9723154721908""}]",,matched,exact_name_address,1.000,reference/43000_1.csv,17068228366013260d8a1e506e0843bc9c0736e8ec7031a9e384d0d32abd7578,00000373,,,kumamoto_portal_map,2026-08-01T00:28:20+09:00,matched,portal_shelter_id,1.000,32.972283,130.8037,,,unmatched,manual_no_match,,,32.9723154721908,130.80373614145,gsi_reference,reference_latitude_longitude,complete,0,0,0,0,0,0,0,0,0,0,0,0,0,0,0,0,0
ref:E4321000018111,2e4c34e130a8326df461,E4321000018111,E4321000018111,菊池市,きくちふるさと水源交流館,熊本県菊池市原1600,きくちふるさと水源交流館,熊本県菊池市原1600,1,,,33.001985,130.872459,"[{""共通ID"": ""E4321000018111"", ""経度"": ""130.872459"", ""緯度"": ""33.001985""}]",,matched,exact_name_address,1.000,reference/43000_1.csv,17068228366013260d8a1e506e0843bc9c0736e8ec7031a9e384d0d32abd7578,,,,,,ambiguous,coordinate_near_tie,,,,,,unmatched,manual_no_match,,,33.001985,130.872459,gsi_reference,reference_latitude_longitude,complete,0,0,0,0,0,0,0,0,0,0,0,0,0,0,0,0,0
ref:E4321000055121,613d313f16e61c19a70e,E4321000055121,E4321000055121,菊池市,こすもす荘,熊本県菊池市泗水町吉富2900,こすもす荘,熊本県菊池市泗水町吉富2900,,,要配慮者,32.9323702167371,130.776697678962,"[{""共通ID"": ""E4321000055121"", ""経度"": ""130.776697678962"", ""緯度"": ""32.9323702167371""}]",,matched,exact_name_address,1.000,reference/43000_1.csv,17068228366013260d8a1e506e0843bc9c0736e8ec7031a9e384d0d32abd7578,00000375,,,kumamoto_portal_map,2026-08-01T00:28:20+09:00,matched,portal_shelter_id,1.000,32.932547,130.777115,,,unmatched,manual_no_match,,,32.9323702167371,130.776697678962,gsi_reference,reference_latitude_longitude,complete,0,0,0,0,0,0,0,0,0,0,0,0,0,0,0,0,0
ref:E4321000021121,6f826a0a3553ccb25bf6,E4321000021121,E4321000021121,菊池市,つまごめ荘,熊本県菊池市今58,つまごめ荘,熊本県菊池市今58,,,要配慮者,32.9708218334212,130.815019946093,"[{""共通ID"": ""E4321000021121"", ""経度"": ""130.815019946093"", ""緯度"": ""32.9708218334212""}]",,matched,exact_name_address,1.000,reference/43000_1.csv,17068228366013260d8a1e506e0843bc9c0736e8ec7031a9e384d0d32abd7578,00000368,,,kumamoto_portal_map,2026-08-01T00:28:20+09:00,matched,portal_shelter_id,1.000,32.97103,130.814752,,,unmatched,manual_no_match,,,32.9708218334212,130.815019946093,gsi_reference,reference_latitude_longitude,complete,0,0,0,0,0,0,0,0,0,0,0,0,0,0,0,0,0
ref:E4321000042111,1e31f824c69c5d640768,E4321000042111,E4321000042111,菊池市,やまびこ体育館,熊本県菊池市班蛇口1390,やまびこ体育館,熊本県菊池市班蛇口1390,1,,,33.059392,130.868829,"[{""共通ID"": ""E4321000042111"", ""経度"": ""130.868829"", ""緯度"": ""33.059392""}]",,matched,exact_name_address,1.000,reference/43000_1.csv,17068228366013260d8a1e506e0843bc9c0736e8ec7031a9e384d0d32abd7578,00000986,150,150,kumamoto_portal_map,2026-08-01T00:28:20+09:00,matched,portal_shelter_id,1.000,33.073944,130.863803,,,unmatched,manual_no_match,,,33.059392,130.868829,gsi_reference,reference_latitude_longitude,complete,0,0,0,0,0,0,0,0,0,0,0,0,0,0,0,0,0
ref:E4321000031121,fd3a7406baf3a5b0b2a0,E4321000031121,E4321000031121,菊池市,わらび,熊本県菊池市重味2380-7,わらび,熊本県菊池市重味2380-7,,,要配慮者,33.0237393826189,130.889582941906,"[{""共通ID"": ""E4321000031121"", ""経度"": ""130.889582941906"", ""緯度"": ""33.0237393826189""}]",,matched,exact_name_address,1.000,reference/43000_1.csv,17068228366013260d8a1e506e0843bc9c0736e8ec7031a9e384d0d32abd7578,00000365,,,kumamoto_portal_map,2026-08-01T00:28:20+09:00,matched,portal_shelter_id,1.000,33.023969,130.889568,,,unmatched,manual_no_match,,,33.0237393826189,130.889582941906,gsi_reference,reference_latitude_longitude,complete,0,0,0,0,0,0,0,0,0,0,0,0,0,0,0,0,0
ref:E4321000059121,49897c2e8a400d90d3ad,E4321000059121,E4321000059121,菊池市,サニーサイド,熊本県菊池市泗水町南田島1794,サニーサイド,熊本県菊池市泗水町南田島1794,,,要配慮者,32.9265660591931,130.741302635903,"[{""共通ID"": ""E4321000059121"", ""経度"": ""130.741302635903"", ""緯度"": ""32.9265660591931""}]",,matched,exact_name_address,1.000,reference/43000_1.csv,17068228366013260d8a1e506e0843bc9c0736e8ec7031a9e384d0d32abd7578,00000367,,,kumamoto_portal_map,2026-08-01T00:28:20+09:00,matched,portal_shelter_id,1.000,32.926654,130.741476,,,unmatched,manual_no_match,,,32.9265660591931,130.741302635903,gsi_reference,reference_latitude_longitude,complete,0,0,0,0,0,0,0,0,0,0,0,0,0,0,0,0,0
ref:E4321000024111,d2dd530b1461824574ce,E4321000024111,E4321000024111,菊池市,七城中学校体育館,熊本県菊池市七城町甲佐町66,七城中学校体育館,熊本県菊池市七城町甲佐町66,1,,,32.969793917804,130.7638232563,"[{""共通ID"": ""E4321000024111"", ""経度"": ""130.7638232563"", ""緯度"": ""32.969793917804""}]",,matched,exact_name_address,1.000,reference/43000_1.csv,17068228366013260d8a1e506e0843bc9c0736e8ec7031a9e384d0d32abd7578,00001001,340,340,kumamoto_portal_map,2026-08-01T00:28:20+09:00,matched,portal_shelter_id,1.000,32.970206,130.763737,,,unmatched,manual_no_match,,,32.969793917804,130.7638232563,gsi_reference,reference_latitude_longitude,complete,0,0,0,0,0,0,0,0,0,0,0,0,0,0,0,0,0
ref:E4321000073111,6e97ce0d7779437faa4a,E4321000073111,E4321000073111,菊池市,七城公民館,熊本県菊池市七城町甲佐町74-1,七城公民館,熊本県菊池市七城町甲佐町74-1,1,,,32.969504,130.764231,"[{""共通ID"": ""E4321000073111"", ""経度"": ""130.764231"", ""緯度"": ""32.969504""}]",,matched,exact_name_address,1.000,reference/43000_1.csv,17068228366013260d8a1e506e0843bc9c0736e8ec7031a9e384d0d32abd7578,00000999,100,100,kumamoto_portal_map,2026-08-01T00:28:20+09:00,matched,portal_shelter_id,1.000,32.969497,130.764207,,,unmatched,manual_no_match,,,32.969504,130.764231,gsi_reference,reference_latitude_longitude,complete,0,0,0,0,0,0,0,0,0,0,0,0,0,0,0,0,0
ref:E4321000023111,c846042e3510299e8c1b,E4321000023111,E4321000023111,菊池市,七城小学校体育館,熊本県菊池市七城町甲佐町33,七城小学校体育館,熊本県菊池市七城町甲佐町33,1,,,32.969415873384,130.76287911873,"[{""共通ID"": ""E4321000023111"", ""経度"": ""130.76287911873"", ""緯度"": ""32.969415873384""}]",,matched,exact_name_address,1.000,reference/43000_1.csv,17068228366013260d8a1e506e0843bc9c0736e8ec7031a9e384d0d32abd7578,00001000,280,280,kumamoto_portal_map,2026-08-01T00:28:20+09:00,matched,portal_shelter_id,1.000,32.968942,130.763218,,,unmatched,manual_no_match,,,32.969415873384,130.76287911873,gsi_reference,reference_latitude_longitude,complete,0,0,0,0,0,0,0,0,0,0,0,0,0,0,0,0,0
ref:E4321000027111,98e03ee1c68ad897194a,E4321000027111,E4321000027111,菊池市,七城老人福祉センター,熊本県菊池市七城町流川394-1,七城老人福祉センター,熊本県菊池市七城町流川394-1,1,,,32.983358,130.767649,"[{""共通ID"": ""E4321000027111"", ""経度"": ""130.767649"", ""緯度"": ""32.983358""}]",,matched,exact_name_address,1.000,reference/43000_1.csv,17068228366013260d8a1e506e0843bc9c0736e8ec7031a9e384d0d32abd7578,00000998,30,30,kumamoto_portal_map,2026-08-01T00:28:20+09:00,matched,portal_shelter_id,1.000,32.98339,130.767386,,,unmatched,manual_no_match,,,32.983358,130.767649,gsi_reference,reference_latitude_longitude,complete,0,0,0,0,0,0,0,0,0,0,0,0,0,0,0,0,0
ref:E4321000062121,d93fc84a09342afe4af6,E4321000062121,E4321000062121,菊池市,孔子の里,熊本県菊池市泗水町福本904-1,孔子の里,熊本県菊池市泗水町福本904-1,,,要配慮者,32.9203160014555,130.774978110972,"[{""共通ID"": ""E4321000062121"", ""経度"": ""130.774978110972"", ""緯度"": ""32.9203160014555""}]",,matched,exact_name_address,1.000,reference/43000_1.csv,17068228366013260d8a1e506e0843bc9c0736e8ec7031a9e384d0d32abd7578,00000371,,,kumamoto_portal_map,2026-08-01T00:28:20+09:00,matched,portal_shelter_id,1.000,32.920354,130.775052,,,unmatched,manual_no_match,,,32.9203160014555,130.774978110972,gsi_reference,reference_latitude_longitude,complete,0,0,0,0,0,0,0,0,0,0,0,0,0,0,0,0,0
ref:E4321000028121,9cb73718f7f7959b46f4,E4321000028121,E4321000028121,菊池市,居屋敷の里,熊本県菊池市七城町流川421,居屋敷の里,熊本県菊池市七城町流川421,,,要配慮者,32.9844267081207,130.765983941327,"[{""共通ID"": ""E4321000028121"", ""経度"": ""130.765983941327"", ""緯度"": ""32.9844267081207""}]",,matched,exact_name_address,1.000,reference/43000_1.csv,17068228366013260d8a1e506e0843bc9c0736e8ec7031a9e384d0d32abd7578,00000366,,,kumamoto_portal_map,2026-08-01T00:28:20+09:00,matched,portal_shelter_id,1.000,32.984574,130.765906,,,unmatched,manual_no_match,,,32.9844267081207,130.765983941327,gsi_reference,reference_latitude_longitude,complete,0,0,0,0,0,0,0,0,0,0,0,0,0,0,0,0,0
ref:E4321000038111,4f47a1bc72259271cdb9,E4321000038111,E4321000038111,菊池市,戸崎小学校体育館,熊本県菊池市赤星1164,戸崎小学校体育館,熊本県菊池市赤星1164,1,,,32.966957,130.810357,"[{""共通ID"": ""E4321000038111"", ""経度"": ""130.810357"", ""緯度"": ""32.966957""}]",,matched,exact_name_address,1.000,reference/43000_1.csv,17068228366013260d8a1e506e0843bc9c0736e8ec7031a9e384d0d32abd7578,00000995,100,100,kumamoto_portal_map,2026-08-01T00:28:20+09:00,matched,portal_shelter_id,1.000,32.966758,130.810083,,,unmatched,manual_no_match,,,32.966957,130.810357,gsi_reference,reference_latitude_longitude,complete,0,0,0,0,0,0,0,0,0,0,0,0,0,0,0,0,0
ref:E4321000037111,0030f7457f8cd0fcd27f,E4321000037111,E4321000037111,菊池市,戸崎支館,熊本県菊池市赤星1163,戸崎支館,熊本県菊池市赤星1163,1,,,32.966273,130.809867,"[{""共通ID"": ""E4321000037111"", ""経度"": ""130.809867"", ""緯度"": ""32.966273""}]",,matched,exact_name_address,1.000,reference/43000_1.csv,17068228366013260d8a1e506e0843bc9c0736e8ec7031a9e384d0d32abd7578,00000996,30,30,kumamoto_portal_map,2026-08-01T00:28:20+09:00,matched,portal_shelter_id,1.000,32.966272,130.809867,,,unmatched,manual_no_match,,,32.966273,130.809867,gsi_reference,reference_latitude_longitude,complete,0,0,0,0,0,0,0,0,0,0,0,0,0,0,0,0,0
ref:E4321000077111,e3ee61b45a8516052694,E4321000077111,E4321000077111,菊池市,斑蛇口湖ボート場艇庫兼研修センター,熊本県菊池市班蛇口525-5,斑蛇口湖ボート場艇庫兼研修センター,熊本県菊池市班蛇口525-5,1,,,33.046452,130.852075,"[{""共通ID"": ""E4321000077111"", ""経度"": ""130.852075"", ""緯度"": ""33.046452""}]",,matched,exact_name_address,1.000,reference/43000_1.csv,17068228366013260d8a1e506e0843bc9c0736e8ec7031a9e384d0d32abd7578,00000985,60,60,kumamoto_portal_map,2026-08-01T00:28:20+09:00,matched,portal_shelter_id,1.000,33.073944,130.863803,,,unmatched,manual_no_match,,,33.046452,130.852075,gsi_reference,reference_latitude_longitude,complete,0,0,0,0,0,0,0,0,0,0,0,0,0,0,0,0,0
ref:E4321000003111,d516b481651d60456332,E4321000003111,E4321000003111,菊池市,旭志中学校体育館,熊本県菊池市旭志小原224,旭志中学校体育館,熊本県菊池市旭志小原224,1,,,32.94591,130.85631,"[{""共通ID"": ""E4321000003111"", ""経度"": ""130.85631"", ""緯度"": ""32.94591""}]",,matched,exact_name_address,1.000,reference/43000_1.csv,17068228366013260d8a1e506e0843bc9c0736e8ec7031a9e384d0d32abd7578,00001004,240,240,kumamoto_portal_map,2026-08-01T00:28:20+09:00,matched,portal_shelter_id,1.000,32.945688,130.856397,,,unmatched,manual_no_match,,,32.94591,130.85631,gsi_reference,reference_latitude_longitude,complete,0,0,0,0,0,0,0,0,0,0,0,0,0,0,0,0,0
ref:E4321000002111,1dab309b7d3d6862dc9d,E4321000002111,E4321000002111,菊池市,旭志体育館,熊本県菊池市旭志小原189,旭志体育館,熊本県菊池市旭志小原189,1,,,32.946022,130.858386,"[{""共通ID"": ""E4321000002111"", ""経度"": ""130.858386"", ""緯度"": ""32.946022""}]",,matched,exact_name_address,1.000,reference/43000_1.csv,17068228366013260d8a1e506e0843bc9c0736e8ec7031a9e384d0d32abd7578,00001005,420,420,kumamoto_portal_map,2026-08-01T00:28:20+09:00,matched,portal_shelter_id,1.000,32.946191,130.858391,,,unmatched,manual_no_match,,,32.946022,130.858386,gsi_reference,reference_latitude_longitude,complete,0,0,0,0,0,0,0,0,0,0,0,0,0,0,0,0,0
web:31a1d8bf51dfa60ccbaf,31a1d8bf51dfa60ccbaf,,,菊池市,旭志公民館,菊池市旭志小原241,,,,,,,,[],,unmatched,no_candidate,,reference/43000_1.csv,17068228366013260d8a1e506e0843bc9c0736e8ec7031a9e384d0d32abd7578,00001003,250,250,kumamoto_portal_map,2026-08-01T00:28:20+09:00,matched,portal_shelter_id,1.000,32.942355,130.861427,32.94549452,130.8548344,matched,manual_shelter_id,マニュアルジオコーディング(1).csv,35f5dae36fe4e9577c53f227bd933e4604ed40e589ee27a700add2b32438424c,32.94549452,130.8548344,manual_geocoding,manual_shelter_id,complete,0,1,1,1,1,1,1,0,0,0,0,0,0,0,0,0,0
ref:E4321000006111,48cbec7cb856460dde3d,E4321000006111,E4321000006111,菊池市,旭志小学校体育館,熊本県菊池市旭志新明2790,旭志小学校体育館,熊本県菊池市旭志新明2790,1,,,32.943788,130.849411,"[{""共通ID"": ""E4321000006111"", ""経度"": ""130.849411"", ""緯度"": ""32.943788""}]",,matched,exact_name_address,1.000,reference/43000_1.csv,17068228366013260d8a1e506e0843bc9c0736e8ec7031a9e384d0d32abd7578,00001006,260,260,kumamoto_portal_map,2026-08-01T00:28:20+09:00,matched,portal_shelter_id,1.000,32.943338,130.848745,,,unmatched,manual_no_match,,,32.943788,130.849411,gsi_reference,reference_latitude_longitude,complete,0,0,0,0,0,0,0,0,0,0,0,0,0,0,0,0,0
ref:E4321000072111,1bc153301400fedb80dd,E4321000072111,E4321000072111,菊池市,水源支館,熊本県菊池市原1596-1,水源支館,熊本県菊池市原1596-1,1,,,33.00219,130.872165,"[{""共通ID"": ""E4321000072111"", ""経度"": ""130.872165"", ""緯度"": ""33.00219""}]",,matched,exact_name_address,1.000,reference/43000_1.csv,17068228366013260d8a1e506e0843bc9c0736e8ec7031a9e384d0d32abd7578,00000982,30,30,kumamoto_portal_map,2026-08-01T00:28:20+09:00,ambiguous,coordinate_near_tie,1.000,33.000378,130.870526,,,unmatched,manual_no_match,,,33.00219,130.872165,gsi_reference,reference_latitude_longitude,complete,0,0,0,0,0,0,0,0,0,0,0,0,0,0,0,0,0
ref:E4321000020111,9b2c3e60d8baa92ffa1f,E4321000020111,E4321000020111,菊池市,水迫里山の家,熊本県菊池市原2931-1,水迫里山の家,熊本県菊池市原2931-1,1,,,33.0135976257083,130.89774716186,"[{""共通ID"": ""E4321000020111"", ""経度"": ""130.89774716186"", ""緯度"": ""33.0135976257083""}]",,matched,exact_name_address,1.000,reference/43000_1.csv,17068228366013260d8a1e506e0843bc9c0736e8ec7031a9e384d0d32abd7578,00000988,60,60,kumamoto_portal_map,2026-08-01T00:28:20+09:00,matched,portal_shelter_id,1.000,33.013501,130.89725,,,unmatched,manual_no_match,,,33.0135976257083,130.89774716186,gsi_reference,reference_latitude_longitude,complete,0,0,0,0,0,0,0,0,0,0,0,0,0,0,0,0,0
ref:E4321000052111,21178dac2aed12f0e11e,E4321000052111,E4321000052111,菊池市,泗水B&G海洋センター体育館,熊本県菊池市泗水町吉富100-3,泗水B&G海洋センター体育館,熊本県菊池市泗水町吉富100-3,1,,,32.939676,130.792592,"[{""共通ID"": ""E4321000052111"", ""経度"": ""130.792592"", ""緯度"": ""32.939676""}]",,matched,exact_name_address,1.000,reference/43000_1.csv,17068228366013260d8a1e506e0843bc9c0736e8ec7031a9e384d0d32abd7578,00001010,260,260,kumamoto_portal_map,2026-08-01T00:28:20+09:00,matched,portal_shelter_id,1.000,32.939674,130.792591,,,unmatched,manual_no_match,,,32.939676,130.792592,gsi_reference,reference_latitude_longitude,complete,0,0,0,0,0,0,0,0,0,0,0,0,0,0,0,0,0
ref:E4321000064111,325ddcf4db3f8bd6a90c,E4321000064111,E4321000064111,菊池市,泗水中学校体育館,熊本県菊池市泗水町豊水3490,泗水中学校体育館,熊本県菊池市泗水町豊水3490,1,,,32.92347,130.774506,"[{""共通ID"": ""E4321000064111"", ""経度"": ""130.774506"", ""緯度"": ""32.92347""}]",,matched,exact_name_address,1.000,reference/43000_1.csv,17068228366013260d8a1e506e0843bc9c0736e8ec7031a9e384d0d32abd7578,00001011,330,330,kumamoto_portal_map,2026-08-01T00:28:20+09:00,matched,portal_shelter_id,1.000,32.922798,130.774488,,,unmatched,manual_no_match,,,32.92347,130.774506,gsi_reference,reference_latitude_longitude,complete,0,0,0,0,0,0,0,0,0,0,0,0,0,0,0,0,0
ref:E4321000044111,61aaa3d41c33b22c5452,E4321000044111,E4321000044111,菊池市,泗水体育館,熊本県菊池市泗水町福本242-1,泗水体育館,熊本県菊池市泗水町福本242-1,1,,,32.923348,130.776107,"[{""共通ID"": ""E4321000044111"", ""経度"": ""130.776107"", ""緯度"": ""32.923348""}]",,matched,exact_name_address,1.000,reference/43000_1.csv,17068228366013260d8a1e506e0843bc9c0736e8ec7031a9e384d0d32abd7578,00001009,380,380,kumamoto_portal_map,2026-08-01T00:28:20+09:00,matched,portal_shelter_id,1.000,32.923373,130.776254,,,unmatched,manual_no_match,,,32.923348,130.776107,gsi_reference,reference_latitude_longitude,complete,0,0,0,0,0,0,0,0,0,0,0,0,0,0,0,0,0
ref:E4321000065111,81785d01c5dfc1733a1c,E4321000065111,E4321000065111,菊池市,泗水公民館,熊本県菊池市泗水町豊水3565,泗水公民館,熊本県菊池市泗水町豊水3565,1,,,32.924414847688,130.77200012695,"[{""共通ID"": ""E4321000065111"", ""経度"": ""130.77200012695"", ""緯度"": ""32.924414847688""}]",,matched,exact_name_address,1.000,reference/43000_1.csv,17068228366013260d8a1e506e0843bc9c0736e8ec7031a9e384d0d32abd7578,00001007,250,250,kumamoto_portal_map,2026-08-01T00:28:20+09:00,matched,portal_shelter_id,1.000,32.924626,130.77201,,,unmatched,manual_no_match,,,32.924414847688,130.77200012695,gsi_reference,reference_latitude_longitude,complete,0,1,1,1,1,1,1,0,0,0,0,0,0,0,0,0,0
ref:E4321000063111,3c2d23b07525174cb703,E4321000063111,E4321000063111,菊池市,泗水小学校体育館,熊本県菊池市泗水町豊水3481,泗水小学校体育館,熊本県菊池市泗水町豊水3481,1,,,32.924476,130.774924,"[{""共通ID"": ""E4321000063111"", ""経度"": ""130.774924"", ""緯度"": ""32.924476""}]",,matched,exact_name_address,1.000,reference/43000_1.csv,17068228366013260d8a1e506e0843bc9c0736e8ec7031a9e384d0d32abd7578,00001012,210,210,kumamoto_portal_map,2026-08-01T00:28:20+09:00,matched,portal_shelter_id,1.000,32.924506,130.774282,,,unmatched,manual_no_match,,,32.924476,130.774924,gsi_reference,reference_latitude_longitude,complete,0,0,0,0,0,0,0,0,0,0,0,0,0,0,0,0,0
ref:E4321000057111,275e3eac15e59480704b,E4321000057111,E4321000057111,菊池市,泗水東小学校体育館,熊本県菊池市泗水町住吉2851,泗水東小学校体育館,熊本県菊池市泗水町住吉2851,1,,,32.933472,130.808402,"[{""共通ID"": ""E4321000057111"", ""経度"": ""130.808402"", ""緯度"": ""32.933472""}]",,matched,exact_name_address,1.000,reference/43000_1.csv,17068228366013260d8a1e506e0843bc9c0736e8ec7031a9e384d0d32abd7578,00001017,190,190,kumamoto_portal_map,2026-08-01T00:28:20+09:00,matched,portal_shelter_id,1.000,32.933072,130.808123,,,unmatched,manual_no_match,,,32.933472,130.808402,gsi_reference,reference_latitude_longitude,complete,0,0,0,0,0,0,0,0,0,0,0,0,0,0,0,0,0
ref:E4321000050111,5fc239a04b945f862dcd,E4321000050111,E4321000050111,菊池市,泗水第2体育館,熊本県菊池市泗水町永2618,泗水第2体育館,熊本県菊池市泗水町永2618,1,,,32.914882,130.803955,"[{""共通ID"": ""E4321000050111"", ""経度"": ""130.803955"", ""緯度"": ""32.914882""}]",,matched,exact_name_address,1.000,reference/43000_1.csv,17068228366013260d8a1e506e0843bc9c0736e8ec7031a9e384d0d32abd7578,00001015,260,260,kumamoto_portal_map,2026-08-01T00:28:20+09:00,matched,portal_shelter_id,1.000,32.914871,130.803888,,,unmatched,manual_no_match,,,32.914882,130.803955,gsi_reference,reference_latitude_longitude,complete,0,0,0,0,0,0,0,0,0,0,0,0,0,0,0,0,0
ref:E4321000049121,2c9dd2c9fc86641342c8,E4321000049121,E4321000049121,菊池市,泗水苑,熊本県菊池市泗水町永1021,泗水苑,熊本県菊池市泗水町永1021,,,要配慮者,32.9259402738071,130.803028066742,"[{""共通ID"": ""E4321000049121"", ""経度"": ""130.803028066742"", ""緯度"": ""32.9259402738071""}]",,matched,exact_name_address,1.000,reference/43000_1.csv,17068228366013260d8a1e506e0843bc9c0736e8ec7031a9e384d0d32abd7578,00000372,,,kumamoto_portal_map,2026-08-01T00:28:20+09:00,matched,portal_shelter_id,1.000,32.926009,130.802902,,,unmatched,manual_no_match,,,32.9259402738071,130.803028066742,gsi_reference,reference_latitude_longitude,complete,0,0,0,0,0,0,0,0,0,0,0,0,0,0,0,0,0
ref:E4321000058111,6c8f5c06a7d699351527,E4321000058111,E4321000058111,菊池市,泗水西小学校体育館,熊本県菊池市泗水町田島333,泗水西小学校体育館,熊本県菊池市泗水町田島333,1,,,32.931461,130.742276,"[{""共通ID"": ""E4321000058111"", ""経度"": ""130.742276"", ""緯度"": ""32.931461""}]",,matched,exact_name_address,1.000,reference/43000_1.csv,17068228366013260d8a1e506e0843bc9c0736e8ec7031a9e384d0d32abd7578,00001018,170,170,kumamoto_portal_map,2026-08-01T00:28:20+09:00,matched,portal_shelter_id,1.000,32.931834,130.74289,,,unmatched,manual_no_match,,,32.931461,130.742276,gsi_reference,reference_latitude_longitude,complete,0,0,0,0,0,0,0,0,0,0,0,0,0,0,0,0,0
ref:E4321000022121,e5ea2b9df33d90c4dadb,E4321000022121,E4321000022121,菊池市,清泉,熊本県菊池市七城町亀尾2429,清泉,熊本県菊池市七城町亀尾2429,,,要配慮者,32.9550992227321,130.768263708879,"[{""共通ID"": ""E4321000022121"", ""経度"": ""130.768263708879"", ""緯度"": ""32.9550992227321""}]",,matched,exact_name_address,1.000,reference/43000_1.csv,17068228366013260d8a1e506e0843bc9c0736e8ec7031a9e384d0d32abd7578,00000369,,,kumamoto_portal_map,2026-08-01T00:28:20+09:00,matched,portal_shelter_id,1.000,32.955282,130.768348,,,unmatched,manual_no_match,,,32.9550992227321,130.768263708879,gsi_reference,reference_latitude_longitude,complete,0,0,0,0,0,0,0,0,0,0,0,0,0,0,0,0,0
ref:E4321000033111,c4371de0596c7c5c432a,E4321000033111,E4321000033111,菊池市,花房小学校体育館,熊本県菊池市出田2516,花房小学校体育館,熊本県菊池市出田2516,1,,,32.954245,130.795055,"[{""共通ID"": ""E4321000033111"", ""経度"": ""130.795055"", ""緯度"": ""32.954245""}]",,matched,exact_name_address,1.000,reference/43000_1.csv,17068228366013260d8a1e506e0843bc9c0736e8ec7031a9e384d0d32abd7578,00000993,170,170,kumamoto_portal_map,2026-08-01T00:28:20+09:00,matched,portal_shelter_id,1.000,32.954009,130.794483,,,unmatched,manual_no_match,,,32.954245,130.795055,gsi_reference,reference_latitude_longitude,complete,0,0,0,0,0,0,0,0,0,0,0,0,0,0,0,0,0
ref:E4321000074111,ed3f6c719d18bbd00c97,E4321000074111,E4321000074111,菊池市,花房支館,熊本県菊池市出田2532-1,花房支館,熊本県菊池市出田2532-1,1,,,32.954112,130.795505,"[{""共通ID"": ""E4321000074111"", ""経度"": ""130.795505"", ""緯度"": ""32.954112""}]",,matched,exact_name_address,1.000,reference/43000_1.csv,17068228366013260d8a1e506e0843bc9c0736e8ec7031a9e384d0d32abd7578,00000994,20,20,kumamoto_portal_map,2026-08-01T00:28:20+09:00,matched,portal_shelter_id,1.000,32.952651,130.797532,,,unmatched,manual_no_match,,,32.954112,130.795505,gsi_reference,reference_latitude_longitude,complete,0,0,0,0,0,0,0,0,0,0,0,0,0,0,0,0,0
ref:E4321000036111,a374f455a300de186828,E4321000036111,E4321000036111,菊池市,菊之池小学校体育館,熊本県菊池市西寺1928,菊之池小学校体育館,熊本県菊池市西寺1928,1,,,32.968706,130.789618,"[{""共通ID"": ""E4321000036111"", ""経度"": ""130.789618"", ""緯度"": ""32.968706""}]",,matched,exact_name_address,1.000,reference/43000_1.csv,17068228366013260d8a1e506e0843bc9c0736e8ec7031a9e384d0d32abd7578,00000991,150,150,kumamoto_portal_map,2026-08-01T00:28:20+09:00,matched,portal_shelter_id,1.000,32.968697,130.790018,,,unmatched,manual_no_match,,,32.968706,130.789618,gsi_reference,reference_latitude_longitude,complete,0,0,0,0,0,0,0,0,0,0,0,0,0,0,0,0,0
ref:E4321000009111,94f7e8ab4675540b41a5,E4321000009111,E4321000009111,菊池市,菊池北中学校体育館,熊本県菊池市隈府1515,菊池北中学校体育館,熊本県菊池市隈府1515,1,,,32.992141,130.81918,"[{""共通ID"": ""E4321000009111"", ""経度"": ""130.81918"", ""緯度"": ""32.992141""}]",,matched,exact_name_address,1.000,reference/43000_1.csv,17068228366013260d8a1e506e0843bc9c0736e8ec7031a9e384d0d32abd7578,00000975,520,520,kumamoto_portal_map,2026-08-01T00:28:20+09:00,matched,portal_shelter_id,1.000,32.991368,130.819192,,,unmatched,manual_no_match,,,32.992141,130.81918,gsi_reference,reference_latitude_longitude,complete,0,0,0,0,0,0,0,0,0,0,0,0,0,0,0,0,0
ref:E4321000010111,785853a7a2911d926481,E4321000010111,E4321000010111,菊池市,菊池北小学校体育館,熊本県菊池市隈府1530-1,菊池北小学校体育館,熊本県菊池市隈府1530-1,1,,,32.992494,130.816047,"[{""共通ID"": ""E4321000010111"", ""経度"": ""130.816047"", ""緯度"": ""32.992494""}]",,matched,exact_name_address,1.000,reference/43000_1.csv,17068228366013260d8a1e506e0843bc9c0736e8ec7031a9e384d0d32abd7578,00000976,260,260,kumamoto_portal_map,2026-08-01T00:28:20+09:00,matched,portal_shelter_id,1.000,32.992118,130.81569,,,unmatched,manual_no_match,,,32.992494,130.816047,gsi_reference,reference_latitude_longitude,complete,0,0,0,0,0,0,0,0,0,0,0,0,0,0,0,0,0
ref:E4321000013111,1d35e8efa719d607fe2c,E4321000013111,E4321000013111,菊池市,菊池南中学校体育館,熊本県菊池市隈府833,菊池南中学校体育館,熊本県菊池市隈府833,1,,,32.97810185,130.8110639,"[{""共通ID"": ""E4321000013111"", ""経度"": ""130.8110639"", ""緯度"": ""32.97810185""}]",,matched,exact_name_address,1.000,reference/43000_1.csv,17068228366013260d8a1e506e0843bc9c0736e8ec7031a9e384d0d32abd7578,00000971,320,320,kumamoto_portal_map,2026-08-01T00:28:20+09:00,matched,portal_shelter_id,1.000,32.977611,130.811641,,,unmatched,manual_no_match,,,32.97810185,130.8110639,gsi_reference,reference_latitude_longitude,complete,0,0,0,0,0,0,0,0,0,0,0,0,0,0,0,0,0
ref:E4321000016111,b590fd80b54ffe296855,E4321000016111,E4321000016111,菊池市,菊池南中学校武道場,熊本県菊池市隈府900-1,菊池南中学校武道場,熊本県菊池市隈府900-1,1,,,32.979799,130.811848,"[{""共通ID"": ""E4321000016111"", ""経度"": ""130.811848"", ""緯度"": ""32.979799""}]",,matched,exact_name_address,1.000,reference/43000_1.csv,17068228366013260d8a1e506e0843bc9c0736e8ec7031a9e384d0d32abd7578,00000972,240,240,kumamoto_portal_map,2026-08-01T00:28:20+09:00,matched,portal_shelter_id,1.000,32.979833,130.811852,,,unmatched,manual_no_match,,,32.979799,130.811848,gsi_reference,reference_latitude_longitude,complete,0,0,0,0,0,0,0,0,0,0,0,0,0,0,0,0,0
ref:E4321000053121,afd956c78230c81f97d9,E4321000053121,E4321000053121,菊池市,菊池園,熊本県菊池市泗水町吉富17-1,菊池園,熊本県菊池市泗水町吉富17-1,,,要配慮者,32.9377938408018,130.795327246967,"[{""共通ID"": ""E4321000053121"", ""経度"": ""130.795327246967"", ""緯度"": ""32.9377938408018""}]",,matched,exact_name_address,1.000,reference/43000_1.csv,17068228366013260d8a1e506e0843bc9c0736e8ec7031a9e384d0d32abd7578,00000376,,,kumamoto_portal_map,2026-08-01T00:28:20+09:00,matched,portal_shelter_id,1.000,32.937777,130.795469,,,unmatched,manual_no_match,,,32.9377938408018,130.795327246967,gsi_reference,reference_latitude_longitude,complete,0,0,0,0,0,0,0,0,0,0,0,0,0,0,0,0,0
ref:E4321000017111,b010965a06fa1aa18dd5,E4321000017111,E4321000017111,菊池市,菊池市ふれあい交流センター,熊本県菊池市袈裟尾445-12,菊池市ふれあい交流センター,熊本県菊池市袈裟尾445-12,1,,,32.992183,130.797587,"[{""共通ID"": ""E4321000017111"", ""経度"": ""130.797587"", ""緯度"": ""32.992183""}]",,matched,exact_name_address,1.000,reference/43000_1.csv,17068228366013260d8a1e506e0843bc9c0736e8ec7031a9e384d0d32abd7578,00000978,30,30,kumamoto_portal_map,2026-08-01T00:28:20+09:00,matched,portal_shelter_id,1.000,32.992223,130.797578,,,unmatched,manual_no_match,,,32.992183,130.797587,gsi_reference,reference_latitude_longitude,complete,0,0,0,0,0,0,0,0,0,0,0,0,0,0,0,0,0
web:800711b2a96d7aa91b26,800711b2a96d7aa91b26,,,菊池市,菊池市生涯学習センター,菊池市隈府872,,,,,,,,[],,unmatched,no_candidate,,reference/43000_1.csv,17068228366013260d8a1e506e0843bc9c0736e8ec7031a9e384d0d32abd7578,00000969,220,220,kumamoto_portal_map,2026-08-01T00:28:20+09:00,matched,portal_shelter_id,1.000,32.978955,130.814469,32.97901737,130.8145388,matched,manual_shelter_id,マニュアルジオコーディング(1).csv,35f5dae36fe4e9577c53f227bd933e4604ed40e589ee27a700add2b32438424c,32.97901737,130.8145388,manual_geocoding,manual_shelter_id,complete,0,1,1,1,1,1,1,1,1,0,0,0,0,0,0,0,0
ref:E4321000071111,536abc93cf3b240a3793,E4321000071111,E4321000071111,菊池市,菊池市生涯学習センター(中央公民館),熊本県菊池市隈府872-1,菊池市生涯学習センター(中央公民館),熊本県菊池市隈府872-1,1,,,32.978941,130.814527,"[{""共通ID"": ""E4321000071111"", ""経度"": ""130.814527"", ""緯度"": ""32.978941""}]",,matched,exact_name_address,1.000,reference/43000_1.csv,17068228366013260d8a1e506e0843bc9c0736e8ec7031a9e384d0d32abd7578,00000969,220,220,kumamoto_portal_map,2026-08-01T00:28:20+09:00,matched,portal_shelter_id,1.000,32.978955,130.814469,,,unmatched,manual_no_match,,,32.978941,130.814527,gsi_reference,reference_latitude_longitude,complete,0,0,0,0,0,0,0,0,0,0,0,0,0,0,0,0,0
ref:E4321000015111,5d4f941311a42a91740c,E4321000015111,E4321000015111,菊池市,菊池市福祉会館,熊本県菊池市隈府888,菊池市福祉会館,熊本県菊池市隈府888,1,,,32.980475,130.812773,"[{""共通ID"": ""E4321000015111"", ""経度"": ""130.812773"", ""緯度"": ""32.980475""}]",,matched,exact_name_address,1.000,reference/43000_1.csv,17068228366013260d8a1e506e0843bc9c0736e8ec7031a9e384d0d32abd7578,00000979,90,90,kumamoto_portal_map,2026-08-01T00:28:20+09:00,matched,portal_shelter_id,1.000,32.980194,130.813283,,,unmatched,manual_no_match,,,32.980475,130.812773,gsi_reference,reference_latitude_longitude,complete,0,0,0,0,0,0,0,0,0,0,0,0,0,0,0,0,0
ref:E4321000047111,bd4a21d55c644a7c2c7b,E4321000047111,E4321000047111,菊池市,菊池市総合体育館,熊本県菊池市亘538-2,菊池市総合体育館,熊本県菊池市亘538-2,1,,,32.987042,130.822617,"[{""共通ID"": ""E4321000047111"", ""経度"": ""130.822617"", ""緯度"": ""32.987042""}]",,matched,exact_name_address,1.000,reference/43000_1.csv,17068228366013260d8a1e506e0843bc9c0736e8ec7031a9e384d0d32abd7578,00000977,990,990,kumamoto_portal_map,2026-08-01T00:28:20+09:00,matched,portal_shelter_id,1.000,32.987016,130.822564,,,unmatched,manual_no_match,,,32.987042,130.822617,gsi_reference,reference_latitude_longitude,complete,0,0,0,0,0,0,0,0,0,0,0,0,0,0,0,0,0
ref:E4321000045111,b7f367b9965cd7e5b738,E4321000045111,E4321000045111,菊池市,菊池市龍門地域活性化支援センター(旧龍門小学校校舎),熊本県菊池市龍門356,菊池市龍門地域活性化支援センター(旧龍門小学校校舎),熊本県菊池市龍門356,1,,,33.02546149,130.8418333,"[{""共通ID"": ""E4321000045111"", ""経度"": ""130.8418333"", ""緯度"": ""33.02546149""}]",,matched,exact_name_address,1.000,reference/43000_1.csv,17068228366013260d8a1e506e0843bc9c0736e8ec7031a9e384d0d32abd7578,,,,,,unmatched,no_candidate,,,,,,unmatched,manual_no_match,,,33.02546149,130.8418333,gsi_reference,reference_latitude_longitude,complete,0,0,0,0,0,0,0,0,0,0,0,0,0,0,0,0,0
ref:E4321000011111,e0b6a41649be136fdd6b,E4321000011111,E4321000011111,菊池市,菊池老人福祉センター,熊本県菊池市隈府432-1,菊池老人福祉センター,熊本県菊池市隈府432-1,1,,,32.981553,130.805576,"[{""共通ID"": ""E4321000011111"", ""経度"": ""130.805576"", ""緯度"": ""32.981553""}]",,matched,exact_name_address,1.000,reference/43000_1.csv,17068228366013260d8a1e506e0843bc9c0736e8ec7031a9e384d0d32abd7578,00000980,60,60,kumamoto_portal_map,2026-08-01T00:28:20+09:00,matched,portal_shelter_id,1.000,32.981596,130.805467,,,unmatched,manual_no_match,,,32.981553,130.805576,gsi_reference,reference_latitude_longitude,complete,0,0,0,0,0,0,0,0,0,0,0,0,0,0,0,0,0
ref:E4321000035112,6fe74044fc748123bdb9,E4321000035112,E4321000035112,菊池市,西部市民センター,熊本県菊池市西寺1371-1,西部市民センター,熊本県菊池市西寺1371-1,,,,32.970526,130.785721,"[{""共通ID"": ""E4321000035112"", ""経度"": ""130.785721"", ""緯度"": ""32.970526""}]",,matched,exact_name_address,1.000,reference/43000_1.csv,17068228366013260d8a1e506e0843bc9c0736e8ec7031a9e384d0d32abd7578,,,,,,ambiguous,coordinate_near_tie,,,,,,unmatched,manual_no_match,,,32.970526,130.785721,gsi_reference,reference_latitude_longitude,complete,0,0,0,0,0,0,0,0,0,0,0,0,0,0,0,0,0
ref:E4321000076111,b09bb35801f2fdaac4e1,E4321000076111,E4321000076111,菊池市,迫間支館,熊本県菊池市大平645-1,迫間支館,熊本県菊池市大平645-1,1,,,32.997843,130.830176,"[{""共通ID"": ""E4321000076111"", ""経度"": ""130.830176"", ""緯度"": ""32.997843""}]",,matched,exact_name_address,1.000,reference/43000_1.csv,17068228366013260d8a1e506e0843bc9c0736e8ec7031a9e384d0d32abd7578,00000987,30,30,kumamoto_portal_map,2026-08-01T00:28:20+09:00,matched,portal_shelter_id,1.000,32.997866,130.830149,,,unmatched,manual_no_match,,,32.997843,130.830176,gsi_reference,reference_latitude_longitude,complete,0,0,0,0,0,0,0,0,0,0,0,0,0,0,0,0,0
ref:E4321000032111,eed5b52c760dd4afb553,E4321000032111,E4321000032111,菊池市,迫龍ふれあいセンター,熊本県菊池市重味3296,迫龍ふれあいセンター,熊本県菊池市重味3296,1,,,33.013203,130.854324,"[{""共通ID"": ""E4321000032111"", ""経度"": ""130.854324"", ""緯度"": ""33.013203""}]",,matched,exact_name_address,1.000,reference/43000_1.csv,17068228366013260d8a1e506e0843bc9c0736e8ec7031a9e384d0d32abd7578,00000989,30,30,kumamoto_portal_map,2026-08-01T00:28:20+09:00,matched,portal_shelter_id,1.000,33.001707,130.847075,,,unmatched,manual_no_match,,,33.013203,130.854324,gsi_reference,reference_latitude_longitude,complete,0,0,0,0,0,0,0,0,0,0,0,0,0,0,0,0,0
ref:E4321000012111,810fbf8ebe2d33513b23,E4321000012111,E4321000012111,菊池市,隈府小学校体育館,熊本県菊池市隈府792,隈府小学校体育館,熊本県菊池市隈府792,1,,,32.979418,130.810631,"[{""共通ID"": ""E4321000012111"", ""経度"": ""130.810631"", ""緯度"": ""32.979418""}]",,matched,exact_name_address,1.000,reference/43000_1.csv,17068228366013260d8a1e506e0843bc9c0736e8ec7031a9e384d0d32abd7578,00000970,230,230,kumamoto_portal_map,2026-08-01T00:28:20+09:00,matched,portal_shelter_id,1.000,32.978894,130.810944,,,unmatched,manual_no_match,,,32.979418,130.810631,gsi_reference,reference_latitude_longitude,complete,0,0,0,0,0,0,0,0,0,0,0,0,0,0,0,0,0
ref:E4340400018111,3876aa1172f82df364c5,E4340400018111,E4340400018111,菊陽町,ふれあいの森研修センター,熊本県菊陽町大字原水4652-24,ふれあいの森研修センター,熊本県菊陽町大字原水4652-24,1,,,32.878829,130.832249,"[{""共通ID"": ""E4340400018111"", ""経度"": ""130.832249"", ""緯度"": ""32.878829""}]",,matched,exact_name_address,1.000,reference/43000_1.csv,17068228366013260d8a1e506e0843bc9c0736e8ec7031a9e384d0d32abd7578,00001552,60,60,kumamoto_portal_map,2026-08-01T00:28:20+09:00,matched,portal_shelter_id,1.000,32.878905,130.832204,,,unmatched,manual_no_match,,,32.878829,130.832249,gsi_reference,reference_latitude_longitude,complete,0,0,0,0,0,0,0,0,0,0,0,0,0,0,0,0,0
ref:E4340400028121,7f538e065b45deb5c9b2,E4340400028121,E4340400028121,菊陽町,ふれあい交流・福祉支援センター,熊本県菊陽町武蔵ヶ丘北1-6-34,ふれあい交流・福祉支援センター,熊本県菊陽町武蔵ヶ丘北1-6-34,,,要配慮者,32.8606479567913,130.768294772792,"[{""共通ID"": ""E4340400028121"", ""経度"": ""130.768294772792"", ""緯度"": ""32.8606479567913""}]",,matched,exact_name_address,1.000,reference/43000_1.csv,17068228366013260d8a1e506e0843bc9c0736e8ec7031a9e384d0d32abd7578,00000566,50,50,kumamoto_portal_map,2026-08-01T00:28:20+09:00,matched,portal_shelter_id,1.000,32.860629,130.768309,,,unmatched,manual_no_match,,,32.8606479567913,130.768294772792,gsi_reference,reference_latitude_longitude,complete,0,0,0,0,0,0,0,0,0,0,0,0,0,0,0,0,0
ref:E4340400024111,26d7a346ab5c9a09eee3,E4340400024111,E4340400024111,菊陽町,三里木町民センター,熊本県菊陽町大字津久礼2962-2,三里木町民センター,熊本県菊陽町大字津久礼2962-2,1,,,32.86258,130.794819,"[{""共通ID"": ""E4340400024111"", ""経度"": ""130.794819"", ""緯度"": ""32.86258""}]",,matched,exact_name_address,1.000,reference/43000_1.csv,17068228366013260d8a1e506e0843bc9c0736e8ec7031a9e384d0d32abd7578,00001554,130,130,kumamoto_portal_map,2026-08-01T00:28:20+09:00,matched,portal_shelter_id,1.000,32.862634,130.794784,,,unmatched,manual_no_match,,,32.86258,130.794819,gsi_reference,reference_latitude_longitude,complete,0,0,0,0,0,0,0,0,0,0,0,0,0,0,0,0,0
ref:E4340400022111,76323b45aeea6780335a,E4340400022111,E4340400022111,菊陽町,上津久礼公民館,熊本県菊陽町大字津久礼1157-2,上津久礼公民館,熊本県菊陽町大字津久礼1157-2,1,,,32.857482,130.812845,"[{""共通ID"": ""E4340400022111"", ""経度"": ""130.812845"", ""緯度"": ""32.857482""}]",,matched,exact_name_address,1.000,reference/43000_1.csv,17068228366013260d8a1e506e0843bc9c0736e8ec7031a9e384d0d32abd7578,00001549,130,130,kumamoto_portal_map,2026-08-01T00:28:20+09:00,matched,portal_shelter_id,1.000,32.857471,130.812889,,,unmatched,manual_no_match,,,32.857482,130.812845,gsi_reference,reference_latitude_longitude,complete,0,0,0,0,0,0,0,0,0,0,0,0,0,0,0,0,0
ref:E4340400023111,7aa946f7b221fa2ffc06,E4340400023111,E4340400023111,菊陽町,下津久礼公民館,熊本県菊陽町大字津久礼1786-2,下津久礼公民館,熊本県菊陽町大字津久礼1786-2,1,,,32.857955,130.80383,"[{""共通ID"": ""E4340400023111"", ""経度"": ""130.80383"", ""緯度"": ""32.857955""}]",,matched,exact_name_address,1.000,reference/43000_1.csv,17068228366013260d8a1e506e0843bc9c0736e8ec7031a9e384d0d32abd7578,00001550,70,70,kumamoto_portal_map,2026-08-01T00:28:20+09:00,matched,portal_shelter_id,1.000,32.85795,130.80382,,,unmatched,manual_no_match,,,32.857955,130.80383,gsi_reference,reference_latitude_longitude,complete,0,0,0,0,0,0,0,0,0,0,0,0,0,0,0,0,0
ref:E4340400004111,3b314832acd9427dfd6a,E4340400004111,E4340400004111,菊陽町,光の森町民センター(体育館),熊本県菊陽町光の森2-1-1,光の森町民センター(体育館),熊本県菊陽町光の森2-1-1,1,,,32.859422019717,130.77875293539,"[{""共通ID"": ""E4340400004111"", ""経度"": ""130.77875293539"", ""緯度"": ""32.859422019717""}]",,matched,exact_name_address,1.000,reference/43000_1.csv,17068228366013260d8a1e506e0843bc9c0736e8ec7031a9e384d0d32abd7578,00001558,400,400,kumamoto_portal_map,2026-08-01T00:28:20+09:00,matched,portal_shelter_id,1.000,32.859582,130.778886,,,unmatched,manual_no_match,,,32.859422019717,130.77875293539,gsi_reference,reference_latitude_longitude,complete,0,0,0,0,0,0,0,0,0,0,0,0,0,0,0,0,0
ref:E4340400004121,3b6c50be674c01e9b7b9,E4340400004121,E4340400004121,菊陽町,光の森町民センター(地域センター),熊本県菊陽町光の森2-1-1,光の森町民センター(地域センター),熊本県菊陽町光の森2-1-1,1,,要配慮者,32.859422019717,130.77875293539,"[{""共通ID"": ""E4340400004121"", ""経度"": ""130.77875293539"", ""緯度"": ""32.859422019717""}]",,matched,exact_name_address,1.000,reference/43000_1.csv,17068228366013260d8a1e506e0843bc9c0736e8ec7031a9e384d0d32abd7578,00001558,400,400,kumamoto_portal_map,2026-08-01T00:28:20+09:00,matched,portal_shelter_id,1.000,32.859582,130.778886,,,unmatched,manual_no_match,,,32.859422019717,130.77875293539,gsi_reference,reference_latitude_longitude,complete,0,0,0,0,0,0,0,0,0,0,0,0,0,0,0,0,0
ref:E4340400015111,841bd01b56f95a2c643a,E4340400015111,E4340400015111,菊陽町,南部町民センター,熊本県菊陽町大字曲手498-3,南部町民センター,熊本県菊陽町大字曲手498-3,1,,,32.850228,130.834436,"[{""共通ID"": ""E4340400015111"", ""経度"": ""130.834436"", ""緯度"": ""32.850228""}]",,matched,exact_name_address,1.000,reference/43000_1.csv,17068228366013260d8a1e506e0843bc9c0736e8ec7031a9e384d0d32abd7578,00001544,140,140,kumamoto_portal_map,2026-08-01T00:28:20+09:00,matched,portal_shelter_id,1.000,32.850208,130.834409,,,unmatched,manual_no_match,,,32.850228,130.834436,gsi_reference,reference_latitude_longitude,complete,0,0,0,0,0,0,0,0,0,0,0,0,0,0,0,0,0
ref:E4340400016121,9ab6d48654b9dc2835c4,E4340400016121,E4340400016121,菊陽町,図書館ホール,熊本県菊陽町大字原水1438-1,図書館ホール,熊本県菊陽町大字原水1438-1,,,要配慮者,32.8668170937526,130.808832461366,"[{""共通ID"": ""E4340400016121"", ""経度"": ""130.808832461366"", ""緯度"": ""32.8668170937526""}]",,matched,exact_name_address,1.000,reference/43000_1.csv,17068228366013260d8a1e506e0843bc9c0736e8ec7031a9e384d0d32abd7578,00000568,100,100,kumamoto_portal_map,2026-08-01T00:28:20+09:00,matched,portal_shelter_id,1.000,32.866956,130.808878,,,unmatched,manual_no_match,,,32.8668170937526,130.808832461366,gsi_reference,reference_latitude_longitude,complete,0,0,0,0,0,0,0,0,0,0,0,0,0,0,0,0,0
ref:E4340400006111,43d3d726103d7f004178,E4340400006111,E4340400006111,菊陽町,東部町民センター,熊本県菊陽町大字久保田1309-2,東部町民センター,熊本県菊陽町大字久保田1309-2,1,,,32.856312,130.846866,"[{""共通ID"": ""E4340400006111"", ""経度"": ""130.846866"", ""緯度"": ""32.856312""}]",,matched,exact_name_address,1.000,reference/43000_1.csv,17068228366013260d8a1e506e0843bc9c0736e8ec7031a9e384d0d32abd7578,00001548,110,110,kumamoto_portal_map,2026-08-01T00:28:20+09:00,matched,portal_shelter_id,1.000,32.856305,130.846875,,,unmatched,manual_no_match,,,32.856312,130.846866,gsi_reference,reference_latitude_longitude,complete,0,0,0,0,0,0,0,0,0,0,0,0,0,0,0,0,0
ref:E4340400002111,09b3cd868b0cc568c12b,E4340400002111,E4340400002111,菊陽町,武蔵ヶ丘コミュニティセンタ及び武蔵ヶ丘中学校武道場,熊本県菊陽町光の森1-3517-3,武蔵ヶ丘コミュニティセンタ及び武蔵ヶ丘中学校武道場,熊本県菊陽町光の森1-3517-3,1,,,32.860231286874,130.77555810185,"[{""共通ID"": ""E4340400002111"", ""経度"": ""130.77555810185"", ""緯度"": ""32.860231286874""}]",,matched,exact_name_address,1.000,reference/43000_1.csv,17068228366013260d8a1e506e0843bc9c0736e8ec7031a9e384d0d32abd7578,00001557,290,290,kumamoto_portal_map,2026-08-01T00:28:20+09:00,matched,portal_shelter_id,1.000,32.86024,130.775453,,,unmatched,manual_no_match,,,32.860231286874,130.77555810185,gsi_reference,reference_latitude_longitude,complete,0,0,0,0,0,0,0,0,0,0,0,0,0,0,0,0,0
ref:E4340400003111,da54873294abc5bd84ea,E4340400003111,E4340400003111,菊陽町,武蔵ヶ丘中学校,熊本県菊陽町光の森1-3518,武蔵ヶ丘中学校,熊本県菊陽町光の森1-3518,1,,,32.860121744049,130.77631637301,"[{""共通ID"": ""E4340400003111"", ""経度"": ""130.77631637301"", ""緯度"": ""32.860121744049""}]",,matched,exact_name_address,1.000,reference/43000_1.csv,17068228366013260d8a1e506e0843bc9c0736e8ec7031a9e384d0d32abd7578,00001556,2770,2770,kumamoto_portal_map,2026-08-01T00:28:20+09:00,matched,portal_shelter_id,1.000,32.860207,130.776117,,,unmatched,manual_no_match,,,32.860121744049,130.77631637301,gsi_reference,reference_latitude_longitude,complete,0,0,0,0,0,0,0,0,0,0,0,0,0,0,0,0,0
ref:E4340400032111,0188ce5872753908d267,E4340400032111,E4340400032111,菊陽町,武蔵ヶ丘北小学校,熊本県菊陽町武蔵ヶ丘北3-5-2,武蔵ヶ丘北小学校,熊本県菊陽町武蔵ヶ丘北3-5-2,,,,32.862204,130.765562,"[{""共通ID"": ""E4340400032111"", ""経度"": ""130.765562"", ""緯度"": ""32.862204""}]",,matched,exact_name_address,1.000,reference/43000_1.csv,17068228366013260d8a1e506e0843bc9c0736e8ec7031a9e384d0d32abd7578,00001559,1380,1380,kumamoto_portal_map,2026-08-01T00:28:20+09:00,matched,portal_shelter_id,1.000,32.862126,130.765448,,,unmatched,manual_no_match,,,32.862204,130.765562,gsi_reference,reference_latitude_longitude,complete,0,0,0,0,0,0,0,0,0,0,0,0,0,0,0,0,0
ref:E4340400027111,cf27fea5027c0f76532f,E4340400027111,E4340400027111,菊陽町,武蔵ヶ丘小学校,熊本県菊陽町武蔵ヶ丘北1-2-1,武蔵ヶ丘小学校,熊本県菊陽町武蔵ヶ丘北1-2-1,,,,32.857803,130.767983,"[{""共通ID"": ""E4340400027111"", ""経度"": ""130.767983"", ""緯度"": ""32.857803""}]",,matched,exact_name_address,1.000,reference/43000_1.csv,17068228366013260d8a1e506e0843bc9c0736e8ec7031a9e384d0d32abd7578,00001555,1910,1910,kumamoto_portal_map,2026-08-01T00:28:20+09:00,matched,portal_shelter_id,1.000,32.857754,130.767829,,,unmatched,manual_no_match,,,32.857803,130.767983,gsi_reference,reference_latitude_longitude,complete,0,0,0,0,0,0,0,0,0,0,0,0,0,0,0,0,0
ref:E4340400009111,046d6601c5143f55b012,E4340400009111,E4340400009111,菊陽町,町民体育館,熊本県菊陽町大字久保田2598,町民体育館,熊本県菊陽町大字久保田2598,1,,,32.861277,130.828626,"[{""共通ID"": ""E4340400009111"", ""経度"": ""130.828626"", ""緯度"": ""32.861277""}]",,matched,exact_name_address,1.000,reference/43000_1.csv,17068228366013260d8a1e506e0843bc9c0736e8ec7031a9e384d0d32abd7578,00001546,510,510,kumamoto_portal_map,2026-08-01T00:28:20+09:00,matched,portal_shelter_id,1.000,32.861229,130.828618,,,unmatched,manual_no_match,,,32.861277,130.828626,gsi_reference,reference_latitude_longitude,complete,0,0,0,0,0,0,0,0,0,0,0,0,0,0,0,0,0
ref:E4340400010121,db35d752c5c9e21027be,E4340400010121,E4340400010121,菊陽町,福祉センター,熊本県菊陽町大字久保田2623,福祉センター,熊本県菊陽町大字久保田2623,,,要配慮者,32.860964,130.82902,"[{""共通ID"": ""E4340400010121"", ""経度"": ""130.82902"", ""緯度"": ""32.860964""}]",,matched,exact_name_address,1.000,reference/43000_1.csv,17068228366013260d8a1e506e0843bc9c0736e8ec7031a9e384d0d32abd7578,00000564,40,40,kumamoto_portal_map,2026-08-01T00:28:20+09:00,matched,portal_shelter_id,1.000,32.860915,130.829079,,,unmatched,manual_no_match,,,32.860964,130.82902,gsi_reference,reference_latitude_longitude,complete,0,1,1,1,1,1,0,0,0,0,0,0,0,0,0,0,0
ref:E4340400020121,7bc3d8c41bfd7d4d14f5,E4340400020121,E4340400020121,菊陽町,総合交流ターミナル さんふれあ,熊本県菊陽町大字原水5359,総合交流ターミナル さんふれあ,熊本県菊陽町大字原水5359,,,要配慮者,32.8684202488617,130.805540067902,"[{""共通ID"": ""E4340400020121"", ""経度"": ""130.805540067902"", ""緯度"": ""32.8684202488617""}]",,matched,exact_name_address,1.000,reference/43000_1.csv,17068228366013260d8a1e506e0843bc9c0736e8ec7031a9e384d0d32abd7578,00000567,105,105,kumamoto_portal_map,2026-08-01T00:28:20+09:00,matched,portal_shelter_id,1.000,32.8685,130.805578,,,unmatched,manual_no_match,,,32.8684202488617,130.805540067902,gsi_reference,reference_latitude_longitude,complete,0,0,0,0,0,0,0,0,0,0,0,0,0,0,0,0,0
ref:E4340400007111,7e012b1a859587fdde93,E4340400007111,E4340400007111,菊陽町,菊陽中学校,熊本県菊陽町大字久保田2563,菊陽中学校,熊本県菊陽町大字久保田2563,1,,,32.861358,130.827954,"[{""共通ID"": ""E4340400007111"", ""経度"": ""130.827954"", ""緯度"": ""32.861358""}]",,matched,exact_name_address,1.000,reference/43000_1.csv,17068228366013260d8a1e506e0843bc9c0736e8ec7031a9e384d0d32abd7578,00001547,4300,4300,kumamoto_portal_map,2026-08-01T00:28:20+09:00,matched,portal_shelter_id,1.000,32.861351,130.827932,,,unmatched,manual_no_match,,,32.861358,130.827954,gsi_reference,reference_latitude_longitude,complete,0,0,0,0,0,0,0,0,0,0,0,0,0,0,0,0,0
ref:E4340400025111,fa8c13c37abea5b4fe8e,E4340400025111,E4340400025111,菊陽町,菊陽中部小学校,熊本県菊陽町大字津久礼411,菊陽中部小学校,熊本県菊陽町大字津久礼411,1,,,32.859564,130.825147,"[{""共通ID"": ""E4340400025111"", ""経度"": ""130.825147"", ""緯度"": ""32.859564""}]",,matched,exact_name_address,1.000,reference/43000_1.csv,17068228366013260d8a1e506e0843bc9c0736e8ec7031a9e384d0d32abd7578,00001545,1960,1960,kumamoto_portal_map,2026-08-01T00:28:20+09:00,matched,portal_shelter_id,1.000,32.859429,130.825143,,,unmatched,manual_no_match,,,32.859564,130.825147,gsi_reference,reference_latitude_longitude,complete,0,0,0,0,0,0,0,0,0,0,0,0,0,0,0,0,0
ref:E4340400017111,5a257ebb93556fc25980,E4340400017111,E4340400017111,菊陽町,菊陽北小学校,熊本県菊陽町大字原水4652,菊陽北小学校,熊本県菊陽町大字原水4652,1,,,32.877429,130.831176,"[{""共通ID"": ""E4340400017111"", ""経度"": ""130.831176"", ""緯度"": ""32.877429""}]",,matched,exact_name_address,1.000,reference/43000_1.csv,17068228366013260d8a1e506e0843bc9c0736e8ec7031a9e384d0d32abd7578,00001551,1310,1310,kumamoto_portal_map,2026-08-01T00:28:20+09:00,matched,portal_shelter_id,1.000,32.8771,130.82974,,,unmatched,manual_no_match,,,32.877429,130.831176,gsi_reference,reference_latitude_longitude,complete,0,0,0,0,0,0,0,0,0,0,0,0,0,0,0,0,0
ref:E4340400013111,e75d5168370d6e4b5e56,E4340400013111,E4340400013111,菊陽町,菊陽南小学校,熊本県菊陽町大字曲手397,菊陽南小学校,熊本県菊陽町大字曲手397,1,,,32.850623,130.835496,"[{""共通ID"": ""E4340400013111"", ""経度"": ""130.835496"", ""緯度"": ""32.850623""}]",,matched,exact_name_address,1.000,reference/43000_1.csv,17068228366013260d8a1e506e0843bc9c0736e8ec7031a9e384d0d32abd7578,00001543,1350,1350,kumamoto_portal_map,2026-08-01T00:28:20+09:00,matched,portal_shelter_id,1.000,32.850566,130.835309,,,unmatched,manual_no_match,,,32.850623,130.835496,gsi_reference,reference_latitude_longitude,complete,0,0,0,0,0,0,0,0,0,0,0,0,0,0,0,0,0
ref:E4340400019111,443e2c46ef6fb5e6f9dc,E4340400019111,E4340400019111,菊陽町,菊陽杉並木公園 管理センター,熊本県菊陽町大字原水5326,菊陽杉並木公園 管理センター,熊本県菊陽町大字原水5326,1,,,32.8672,130.80607,"[{""共通ID"": ""E4340400019111"", ""経度"": ""130.80607"", ""緯度"": ""32.8672""}]",,matched,exact_name_address,1.000,reference/43000_1.csv,17068228366013260d8a1e506e0843bc9c0736e8ec7031a9e384d0d32abd7578,00000569,100,100,kumamoto_portal_map,2026-08-01T00:28:20+09:00,matched,portal_shelter_id,1.000,32.867234,130.806033,,,unmatched,manual_no_match,,,32.8672,130.80607,gsi_reference,reference_latitude_longitude,complete,0,0,0,0,0,0,0,0,0,0,0,0,0,0,0,0,0
ref:E4340400033111,2ac8fe4a765a7bc7794a,E4340400033111,E4340400033111,菊陽町,菊陽町総合体育館,熊本県菊陽町大字原水5352-3,菊陽町総合体育館,熊本県菊陽町大字原水5352-3,1,,,32.868684,130.803357,"[{""共通ID"": ""E4340400033111"", ""経度"": ""130.803357"", ""緯度"": ""32.868684""}]",,matched,exact_name_address,1.000,reference/43000_1.csv,17068228366013260d8a1e506e0843bc9c0736e8ec7031a9e384d0d32abd7578,00002303,850,850,kumamoto_portal_map,2026-08-01T00:28:20+09:00,matched,portal_shelter_id,1.000,32.86855797829283,130.8018922805786,,,unmatched,manual_no_match,,,32.868684,130.803357,gsi_reference,reference_latitude_longitude,complete,0,1,1,1,1,1,0,0,0,0,0,0,0,0,0,0,0
ref:E4340400021111,35fc7c368f6504f0edf9,E4340400021111,E4340400021111,菊陽町,菊陽西小学校,熊本県菊陽町大字原水5666-40,菊陽西小学校,熊本県菊陽町大字原水5666-40,1,,,32.865959,130.792762,"[{""共通ID"": ""E4340400021111"", ""経度"": ""130.792762"", ""緯度"": ""32.865959""}]",,matched,exact_name_address,1.000,reference/43000_1.csv,17068228366013260d8a1e506e0843bc9c0736e8ec7031a9e384d0d32abd7578,00001553,3040,3040,kumamoto_portal_map,2026-08-01T00:28:20+09:00,matched,portal_shelter_id,1.000,32.865926,130.792895,,,unmatched,manual_no_match,,,32.865959,130.792762,gsi_reference,reference_latitude_longitude,complete,0,0,0,0,0,0,0,0,0,0,0,0,0,0,0,0,0
ref:E4340400030111,64a79e8140c2d1685805,E4340400030111,E4340400030111,菊陽町,西部町民センター,熊本県菊陽町武蔵ヶ丘北3-5-1,西部町民センター,熊本県菊陽町武蔵ヶ丘北3-5-1,,,,32.862032,130.76649,"[{""共通ID"": ""E4340400030111"", ""経度"": ""130.76649"", ""緯度"": ""32.862032""}]",,matched,exact_name_address,1.000,reference/43000_1.csv,17068228366013260d8a1e506e0843bc9c0736e8ec7031a9e384d0d32abd7578,00001560,90,90,kumamoto_portal_map,2026-08-01T00:28:20+09:00,matched,portal_shelter_id,1.000,32.862031,130.76649,,,unmatched,manual_no_match,,,32.862032,130.76649,gsi_reference,reference_latitude_longitude,complete,0,1,1,0,0,0,0,0,0,0,0,0,0,0,0,0,0
ref:E4343200005121,6dbe68f64c2c0b211ec4,E4343200005121,E4343200005121,西原村,みどりの館,熊本県西原村布田897-1,みどりの館,熊本県西原村布田897-1,,,要配慮者,32.8293832447846,130.883766899645,"[{""共通ID"": ""E4343200005121"", ""経度"": ""130.883766899645"", ""緯度"": ""32.8293832447846""}]",,matched,exact_name_address,1.000,reference/43000_1.csv,17068228366013260d8a1e506e0843bc9c0736e8ec7031a9e384d0d32abd7578,00000614,50,50,kumamoto_portal_map,2026-08-01T00:28:20+09:00,matched,portal_shelter_id,1.000,32.829494,130.883587,,,unmatched,manual_no_match,,,32.8293832447846,130.883766899645,gsi_reference,reference_latitude_longitude,complete,0,0,0,0,0,0,0,0,0,0,0,0,0,0,0,0,0
ref:E4343200002111,a1c7d6db1f08f9c7d592,E4343200002111,E4343200002111,西原村,山西小学校,熊本県西原村小森2767,山西小学校,熊本県西原村小森2767,,,,32.841949,130.912496,"[{""共通ID"": ""E4343200002111"", ""経度"": ""130.912496"", ""緯度"": ""32.841949""}]",,matched,exact_name_address,1.000,reference/43000_1.csv,17068228366013260d8a1e506e0843bc9c0736e8ec7031a9e384d0d32abd7578,00000611,700,700,kumamoto_portal_map,2026-08-01T00:28:20+09:00,matched,portal_shelter_id,1.000,32.841647,130.912367,,,unmatched,manual_no_match,,,32.841949,130.912496,gsi_reference,reference_latitude_longitude,complete,0,0,0,0,0,0,0,0,0,0,0,0,0,0,0,0,0
ref:E4343200001111,d1582b3dee3a82dd46b7,E4343200001111,E4343200001111,西原村,河原小学校,熊本県西原村河原976,河原小学校,熊本県西原村河原976,,,,32.812597,130.888318,"[{""共通ID"": ""E4343200001111"", ""経度"": ""130.888318"", ""緯度"": ""32.812597""}]",,matched,exact_name_address,1.000,reference/43000_1.csv,17068228366013260d8a1e506e0843bc9c0736e8ec7031a9e384d0d32abd7578,00000612,700,700,kumamoto_portal_map,2026-08-01T00:28:20+09:00,matched,portal_shelter_id,1.000,32.812665,130.888151,,,unmatched,manual_no_match,,,32.812597,130.888318,gsi_reference,reference_latitude_longitude,complete,0,0,0,0,0,0,0,0,0,0,0,0,0,0,0,0,0
ref:E4343200004111,f472be27b3d56fd39f20,E4343200004111,E4343200004111,西原村,西原中学校,熊本県西原村小森3251,西原中学校,熊本県西原村小森3251,,,,32.835927,130.902486,"[{""共通ID"": ""E4343200004111"", ""経度"": ""130.902486"", ""緯度"": ""32.835927""}]",,matched,exact_name_address,1.000,reference/43000_1.csv,17068228366013260d8a1e506e0843bc9c0736e8ec7031a9e384d0d32abd7578,00000613,660,660,kumamoto_portal_map,2026-08-01T00:28:20+09:00,matched,portal_shelter_id,1.000,32.836075,130.902385,,,unmatched,manual_no_match,,,32.835927,130.902486,gsi_reference,reference_latitude_longitude,complete,0,0,0,0,0,0,0,0,0,0,0,0,0,0,0,0,0
ref:E4343200007111,5c19b751bb5b39bcb1ac,E4343200007111,E4343200007111,西原村,西原村総合体育館,熊本県西原村大字小森3161,西原村総合体育館,熊本県西原村大字小森3161,,,,32.836873,130.900163,"[{""共通ID"": ""E4343200007111"", ""経度"": ""130.900163"", ""緯度"": ""32.836873""}]",,matched,exact_name_address,1.000,reference/43000_1.csv,17068228366013260d8a1e506e0843bc9c0736e8ec7031a9e384d0d32abd7578,00002253,770,770,kumamoto_portal_map,2026-08-01T00:28:20+09:00,matched,portal_shelter_id,1.000,32.836507862267354,130.90057611465454,,,unmatched,manual_no_match,,,32.836873,130.900163,gsi_reference,reference_latitude_longitude,complete,0,1,1,0,0,0,0,0,0,0,0,0,0,0,0,0,0
ref:E4343200003111,84534e5bbc9959219223,E4343200003111,E4343200003111,西原村,西原村農業構造改善センター,熊本県西原村小森3204-1,西原村農業構造改善センター,熊本県西原村小森3204-1,1,,,32.8371437348246,130.902505893204,"[{""共通ID"": ""E4343200003111"", ""経度"": ""130.902505893204"", ""緯度"": ""32.8371437348246""}]",,matched,exact_name_address,1.000,reference/43000_1.csv,17068228366013260d8a1e506e0843bc9c0736e8ec7031a9e384d0d32abd7578,00001650,600,600,kumamoto_portal_map,2026-08-01T00:28:20+09:00,matched,portal_shelter_id,1.000,32.837416,130.902279,,,unmatched,manual_no_match,,,32.8371437348246,130.902505893204,gsi_reference,reference_latitude_longitude,complete,0,0,0,0,0,0,0,0,0,0,0,0,0,0,0,0,0
ref:E4350100005111,f2097c18d9ff159e568f,E4350100005111,E4350100005111,錦町,一武小学校体育館,熊本県錦町大字一武2658,一武小学校体育館,熊本県錦町大字一武2658,,,,32.198781591313,130.84256484589,"[{""共通ID"": ""E4350100005111"", ""経度"": ""130.84256484589"", ""緯度"": ""32.198781591313""}]",,matched,exact_name_address,1.000,reference/43000_1.csv,17068228366013260d8a1e506e0843bc9c0736e8ec7031a9e384d0d32abd7578,00000627,500,500,kumamoto_portal_map,2026-08-01T00:28:20+09:00,matched,portal_shelter_id,1.000,32.198188,130.842845,,,unmatched,manual_no_match,,,32.198781591313,130.84256484589,gsi_reference,reference_latitude_longitude,complete,0,0,0,0,0,0,0,0,0,0,0,0,0,0,0,0,0
refgroup:eaf4d73dd9ceb531908b,c160ad99efc2515d7ee8,E4350100009111,E4350100009111;E4350100009112,錦町,木上小学校体育館,熊本県錦町大字木上北2737,木上小学校体育館,熊本県錦町大字木上北2737,,,,32.22732096,130.8403728,"[{""共通ID"": ""E4350100009111"", ""経度"": ""130.8403728"", ""緯度"": ""32.22732096""}, {""共通ID"": ""E4350100009112"", ""経度"": ""130.84034035244"", ""緯度"": ""32.227312910221""}]",,matched_multiple,exact_name_address,1.000,reference/43000_1.csv,17068228366013260d8a1e506e0843bc9c0736e8ec7031a9e384d0d32abd7578,00000628,500,500,kumamoto_portal_map,2026-08-01T00:28:20+09:00,matched,portal_shelter_id,1.000,32.227768,130.840728,,,unmatched,manual_no_match,,,32.22732096,130.8403728,gsi_reference,reference_latitude_longitude,complete,0,0,0,0,0,0,0,0,0,0,0,0,0,0,0,0,0
ref:E4350100010121,b5f341960563b89249c3,E4350100010121,E4350100010121,錦町,特別養護老人ホームにしき園,熊本県錦町大字木上北150-1,特別養護老人ホームにしき園,熊本県錦町大字木上北150-1,,,,32.226301990943,130.81301358868,"[{""共通ID"": ""E4350100010121"", ""経度"": ""130.81301358868"", ""緯度"": ""32.226301990943""}]",,matched,exact_name_address,1.000,reference/43000_1.csv,17068228366013260d8a1e506e0843bc9c0736e8ec7031a9e384d0d32abd7578,00000630,50,50,kumamoto_portal_map,2026-08-01T00:28:20+09:00,matched,portal_shelter_id,1.000,32.226304,130.812983,,,unmatched,manual_no_match,,,32.226301990943,130.81301358868,gsi_reference,reference_latitude_longitude,complete,0,0,0,0,0,0,0,0,0,0,0,0,0,0,0,0,0
ref:E4350100011121,7d7fe8f468dd9007d840,E4350100011121,E4350100011121,錦町,特別養護老人ホーム錦寿豊苑,熊本県錦町大字一武1234,特別養護老人ホーム錦寿豊苑,熊本県錦町大字一武1234,,,,32.203866150601,130.83186855249,"[{""共通ID"": ""E4350100011121"", ""経度"": ""130.83186855249"", ""緯度"": ""32.203866150601""}]",,matched,exact_name_address,1.000,reference/43000_1.csv,17068228366013260d8a1e506e0843bc9c0736e8ec7031a9e384d0d32abd7578,00000631,8,8,kumamoto_portal_map,2026-08-01T00:28:20+09:00,matched,portal_shelter_id,1.000,32.203712,130.832095,,,unmatched,manual_no_match,,,32.203866150601,130.83186855249,gsi_reference,reference_latitude_longitude,complete,0,0,0,0,0,0,0,0,0,0,0,0,0,0,0,0,0
ref:E4350100007111,e1bfc7392a9cef1c6191,E4350100007111,E4350100007111,錦町,西コミュニティセンター,熊本県錦町大字西266,西コミュニティセンター,熊本県錦町大字西266,1,,,32.19252409,130.823062,"[{""共通ID"": ""E4350100007111"", ""経度"": ""130.823062"", ""緯度"": ""32.19252409""}]",,matched,exact_name_address,1.000,reference/43000_1.csv,17068228366013260d8a1e506e0843bc9c0736e8ec7031a9e384d0d32abd7578,00001918,200,200,kumamoto_portal_map,2026-08-01T00:28:20+09:00,matched,portal_shelter_id,1.000,32.192505,130.823113,,,unmatched,manual_no_match,,,32.19252409,130.823062,gsi_reference,reference_latitude_longitude,complete,0,0,0,0,0,0,0,0,0,0,0,0,0,0,0,0,0
ref:E4350100006111,dc0e74d34b314ae7715a,E4350100006111,E4350100006111,錦町,西小学校体育館,熊本県錦町大字西1132,西小学校体育館,熊本県錦町大字西1132,,,,32.19895273976,130.82064516828,"[{""共通ID"": ""E4350100006111"", ""経度"": ""130.82064516828"", ""緯度"": ""32.19895273976""}]",,matched,exact_name_address,1.000,reference/43000_1.csv,17068228366013260d8a1e506e0843bc9c0736e8ec7031a9e384d0d32abd7578,00000626,500,500,kumamoto_portal_map,2026-08-01T00:28:20+09:00,matched,portal_shelter_id,1.000,32.199221,130.819732,,,unmatched,manual_no_match,,,32.19895273976,130.82064516828,gsi_reference,reference_latitude_longitude,complete,0,0,0,0,0,0,0,0,0,0,0,0,0,0,0,0,0
ref:E4350100001111,cf681ae949911965f3d8,E4350100001111,E4350100001111,錦町,錦中学校体育館,熊本県錦町大字一武1115,錦中学校体育館,熊本県錦町大字一武1115,,,,32.201525607434,130.82926776057,"[{""共通ID"": ""E4350100001111"", ""経度"": ""130.82926776057"", ""緯度"": ""32.201525607434""}]",,matched,exact_name_address,1.000,reference/43000_1.csv,17068228366013260d8a1e506e0843bc9c0736e8ec7031a9e384d0d32abd7578,00000629,800,800,kumamoto_portal_map,2026-08-01T00:28:20+09:00,matched,portal_shelter_id,1.000,32.201748,130.830098,,,unmatched,manual_no_match,,,32.201525607434,130.82926776057,gsi_reference,reference_latitude_longitude,complete,0,0,0,0,0,0,0,0,0,0,0,0,0,0,0,0,0
ref:E4350100004111,6b7510b866e4df8ab72d,E4350100004111,E4350100004111,錦町,錦勤労者体育センター,熊本県錦町大字一武1930,錦勤労者体育センター,熊本県錦町大字一武1930,,,,32.203454722004,130.83948554316,"[{""共通ID"": ""E4350100004111"", ""経度"": ""130.83948554316"", ""緯度"": ""32.203454722004""}]",,matched,exact_name_address,1.000,reference/43000_1.csv,17068228366013260d8a1e506e0843bc9c0736e8ec7031a9e384d0d32abd7578,00000625,1000,1000,kumamoto_portal_map,2026-08-01T00:28:20+09:00,matched,portal_shelter_id,1.000,32.203482,130.839353,,,unmatched,manual_no_match,,,32.203454722004,130.83948554316,gsi_reference,reference_latitude_longitude,complete,0,0,0,0,0,0,0,0,0,0,0,0,0,0,0,0,0
ref:E4350100002121,74461e7c4e27f52b9ecf,E4350100002121,E4350100002121,錦町,錦町保健センター,熊本県錦町大字一武1502-1,錦町保健センター,熊本県錦町大字一武1502-1,,,障害児等,32.199424663407,130.84110835816,"[{""共通ID"": ""E4350100002121"", ""経度"": ""130.84110835816"", ""緯度"": ""32.199424663407""}]",,matched,exact_name_address,1.000,reference/43000_1.csv,17068228366013260d8a1e506e0843bc9c0736e8ec7031a9e384d0d32abd7578,,,,,,unmatched,no_candidate,,,,,,unmatched,manual_no_match,,,32.199424663407,130.84110835816,gsi_reference,reference_latitude_longitude,complete,0,0,0,0,0,0,0,0,0,0,0,0,0,0,0,0,0
ref:E4350100003111,024115bb9ec1eba024e5,E4350100003111,E4350100003111,錦町,錦町総合福祉センター,熊本県錦町大字一武1587,錦町総合福祉センター,熊本県錦町大字一武1587,1,,,32.201306447654,130.84184980333,"[{""共通ID"": ""E4350100003111"", ""経度"": ""130.84184980333"", ""緯度"": ""32.201306447654""}]",,matched,exact_name_address,1.000,reference/43000_1.csv,17068228366013260d8a1e506e0843bc9c0736e8ec7031a9e384d0d32abd7578,00001919,200,200,kumamoto_portal_map,2026-08-01T00:28:20+09:00,matched,portal_shelter_id,1.000,32.201196,130.841123,,,unmatched,manual_no_match,,,32.201306447654,130.84184980333,gsi_reference,reference_latitude_longitude,complete,0,1,0,0,0,0,0,0,0,0,0,0,0,0,0,0,0
ref:E4336800023111,a27531ef03cf5909d69c,E4336800023111,E4336800023111,長洲町,長洲こどもの海保育園,熊本県長洲町大字腹赤70,長洲こどもの海保育園,熊本県長洲町大字腹赤70,1,,,32.9198629069331,130.474896535662,"[{""共通ID"": ""E4336800023111"", ""経度"": ""130.474896535662"", ""緯度"": ""32.9198629069331""}]",,matched,exact_name_address,1.000,reference/43000_1.csv,17068228366013260d8a1e506e0843bc9c0736e8ec7031a9e384d0d32abd7578,00001475,430,430,kumamoto_portal_map,2026-08-01T00:28:20+09:00,matched,portal_shelter_id,1.000,32.920207,130.473375,,,unmatched,manual_no_match,,,32.9198629069331,130.474896535662,gsi_reference,reference_latitude_longitude,complete,0,0,0,0,0,0,0,0,0,0,0,0,0,0,0,0,0
ref:E4336800018111,09b57bde25b35c88dda4,E4336800018111,E4336800018111,長洲町,長洲町中央公民館,熊本県長洲町大字長洲2772-2,長洲町中央公民館,熊本県長洲町大字長洲2772-2,1,,,32.928882005206,130.45235972884,"[{""共通ID"": ""E4336800018111"", ""経度"": ""130.45235972884"", ""緯度"": ""32.928882005206""}]",,matched,exact_name_address,1.000,reference/43000_1.csv,17068228366013260d8a1e506e0843bc9c0736e8ec7031a9e384d0d32abd7578,00001453,660,660,kumamoto_portal_map,2026-08-01T00:28:20+09:00,matched,portal_shelter_id,1.000,32.928823,130.452394,,,unmatched,manual_no_match,,,32.928882005206,130.45235972884,gsi_reference,reference_latitude_longitude,complete,0,0,0,0,0,0,0,0,0,0,0,0,0,0,0,0,0
ref:E4336800007111,a0d5c42cede1e40c401e,E4336800007111,E4336800007111,長洲町,長洲町地域福祉センター,熊本県長洲町大字宮野999,長洲町地域福祉センター,熊本県長洲町大字宮野999,1,,,32.932771,130.479191,"[{""共通ID"": ""E4336800007111"", ""経度"": ""130.479191"", ""緯度"": ""32.932771""}]",,matched,exact_name_address,1.000,reference/43000_1.csv,17068228366013260d8a1e506e0843bc9c0736e8ec7031a9e384d0d32abd7578,,,,,,unmatched,no_candidate,,,,,,unmatched,manual_no_match,,,32.932771,130.479191,gsi_reference,reference_latitude_longitude,complete,0,0,0,0,0,0,0,0,0,0,0,0,0,0,0,0,0
ref:E4336800020112,fb4d04ae577bced02b61,E4336800020112,E4336800020112,長洲町,長洲町民体育館,熊本県長洲町大字長洲805-1,長洲町民体育館,熊本県長洲町大字長洲805-1,1,,,32.940227,130.440215,"[{""共通ID"": ""E4336800020112"", ""経度"": ""130.440215"", ""緯度"": ""32.940227""}]",,matched,exact_name_address,1.000,reference/43000_1.csv,17068228366013260d8a1e506e0843bc9c0736e8ec7031a9e384d0d32abd7578,00001458,318,318,kumamoto_portal_map,2026-08-01T00:28:20+09:00,matched,portal_shelter_id,1.000,32.94027273152831,130.44028329855792,,,unmatched,manual_no_match,,,32.940227,130.440215,gsi_reference,reference_latitude_longitude,complete,0,0,0,0,0,0,0,0,0,0,0,0,0,0,0,0,0
ref:E4336800016111,94ff95aecfd8271fb9db,E4336800016111,E4336800016111,長洲町,長洲町町民研修センター,熊本県長洲町大字長洲1443,長洲町町民研修センター,熊本県長洲町大字長洲1443,1,,,32.93259,130.443774,"[{""共通ID"": ""E4336800016111"", ""経度"": ""130.443774"", ""緯度"": ""32.93259""}]",,matched,exact_name_address,1.000,reference/43000_1.csv,17068228366013260d8a1e506e0843bc9c0736e8ec7031a9e384d0d32abd7578,00001452,413,413,kumamoto_portal_map,2026-08-01T00:28:20+09:00,matched,portal_shelter_id,1.000,32.932578,130.443733,,,unmatched,manual_no_match,,,32.93259,130.443774,gsi_reference,reference_latitude_longitude,complete,0,0,0,0,0,0,0,0,0,0,0,0,0,0,0,0,0
ref:E4336800006111,de94974c1efcf4e213c6,E4336800006111,E4336800006111,長洲町,長洲町立六栄小学校,熊本県長洲町大字宮野957-1,長洲町立六栄小学校,熊本県長洲町大字宮野957-1,1,,,32.933271033331,130.47684182209,"[{""共通ID"": ""E4336800006111"", ""経度"": ""130.47684182209"", ""緯度"": ""32.933271033331""}]",,matched,exact_name_address,1.000,reference/43000_1.csv,17068228366013260d8a1e506e0843bc9c0736e8ec7031a9e384d0d32abd7578,00001465,465,465,kumamoto_portal_map,2026-08-01T00:28:20+09:00,matched,portal_shelter_id,1.000,32.933206,130.476889,,,unmatched,manual_no_match,,,32.933271033331,130.47684182209,gsi_reference,reference_latitude_longitude,complete,0,0,0,0,0,0,0,0,0,0,0,0,0,0,0,0,0
ref:E4336800008111,04c0ab38fde7ce94fb94,E4336800008111,E4336800008111,長洲町,長洲町立清里小学校,熊本県長洲町大字高浜1250,長洲町立清里小学校,熊本県長洲町大字高浜1250,1,,,32.939873012263,130.45603589815,"[{""共通ID"": ""E4336800008111"", ""経度"": ""130.45603589815"", ""緯度"": ""32.939873012263""}]",,matched,exact_name_address,1.000,reference/43000_1.csv,17068228366013260d8a1e506e0843bc9c0736e8ec7031a9e384d0d32abd7578,00001456,389,389,kumamoto_portal_map,2026-08-01T00:28:20+09:00,matched,portal_shelter_id,1.000,32.939838,130.455982,,,unmatched,manual_no_match,,,32.939873012263,130.45603589815,gsi_reference,reference_latitude_longitude,complete,0,0,0,0,0,0,0,0,0,0,0,0,0,0,0,0,0
ref:E4336800022111,f76910052b4b1bc53f8c,E4336800022111,E4336800022111,長洲町,長洲町立腹赤小学校,熊本県長洲町大字腹赤125,長洲町立腹赤小学校,熊本県長洲町大字腹赤125,1,,,32.920233600533,130.47339762698,"[{""共通ID"": ""E4336800022111"", ""経度"": ""130.47339762698"", ""緯度"": ""32.920233600533""}]",,matched,exact_name_address,1.000,reference/43000_1.csv,17068228366013260d8a1e506e0843bc9c0736e8ec7031a9e384d0d32abd7578,00001476,467,467,kumamoto_portal_map,2026-08-01T00:28:20+09:00,matched,portal_shelter_id,1.000,32.920207,130.473375,,,unmatched,manual_no_match,,,32.920233600533,130.47339762698,gsi_reference,reference_latitude_longitude,complete,0,0,0,0,0,0,0,0,0,0,0,0,0,0,0,0,0
ref:E4336800024111,99e4bc1c73a679659148,E4336800024111,E4336800024111,長洲町,長洲町立長洲中学校,熊本県長洲町大字腹赤732,長洲町立長洲中学校,熊本県長洲町大字腹赤732,1,,,32.926563584447,130.47334032143,"[{""共通ID"": ""E4336800024111"", ""経度"": ""130.47334032143"", ""緯度"": ""32.926563584447""}]",,matched,exact_name_address,1.000,reference/43000_1.csv,17068228366013260d8a1e506e0843bc9c0736e8ec7031a9e384d0d32abd7578,00001478,403,403,kumamoto_portal_map,2026-08-01T00:28:20+09:00,matched,portal_shelter_id,1.000,32.926548,130.4733,,,unmatched,manual_no_match,,,32.926563584447,130.47334032143,gsi_reference,reference_latitude_longitude,complete,0,0,0,0,0,0,0,0,0,0,0,0,0,0,0,0,0
ref:E4336800017111,f9182ad5554720297635,E4336800017111,E4336800017111,長洲町,長洲町立長洲小学校,熊本県長洲町大字長洲1776,長洲町立長洲小学校,熊本県長洲町大字長洲1776,1,,,32.931687014763,130.446435,"[{""共通ID"": ""E4336800017111"", ""経度"": ""130.446435"", ""緯度"": ""32.931687014763""}]",,matched,exact_name_address,1.000,reference/43000_1.csv,17068228366013260d8a1e506e0843bc9c0736e8ec7031a9e384d0d32abd7578,00001454,500,500,kumamoto_portal_map,2026-08-01T00:28:20+09:00,matched,portal_shelter_id,1.000,32.931689,130.446386,,,unmatched,manual_no_match,,,32.931687014763,130.446435,gsi_reference,reference_latitude_longitude,complete,0,0,0,0,0,0,0,0,0,0,0,0,0,0,0,0,0
ref:E4321400042111,3879e9151d8b4ded4b86,E4321400042111,E4321400042111,阿蘇市,やすらぎ交流館,熊本県阿蘇市波野大字小地野663-1,やすらぎ交流館,熊本県阿蘇市波野大字小地野663-1,1,,,32.956444,131.218939,"[{""共通ID"": ""E4321400042111"", ""経度"": ""131.218939"", ""緯度"": ""32.956444""}]",,matched,exact_name_address,1.000,reference/43000_1.csv,17068228366013260d8a1e506e0843bc9c0736e8ec7031a9e384d0d32abd7578,00001202,300,300,kumamoto_portal_map,2026-08-01T00:28:20+09:00,matched,portal_shelter_id,1.000,32.956475,131.218929,,,unmatched,manual_no_match,,,32.956444,131.218939,gsi_reference,reference_latitude_longitude,complete,0,0,0,0,0,0,0,0,0,0,0,0,0,0,0,0,0
ref:E4321400003111,ef38bcd29ea7412e77a3,E4321400003111,E4321400003111,阿蘇市,一の宮中学校体育館,熊本県阿蘇市一の宮町宮地1669-2,一の宮中学校体育館,熊本県阿蘇市一の宮町宮地1669-2,1,,,32.950866,131.123373,"[{""共通ID"": ""E4321400003111"", ""経度"": ""131.123373"", ""緯度"": ""32.950866""}]",,matched,exact_name_address,1.000,reference/43000_1.csv,17068228366013260d8a1e506e0843bc9c0736e8ec7031a9e384d0d32abd7578,00001170,500,500,kumamoto_portal_map,2026-08-01T00:28:20+09:00,matched,portal_shelter_id,1.000,32.950331,131.122455,,,unmatched,manual_no_match,,,32.950866,131.123373,gsi_reference,reference_latitude_longitude,complete,0,0,0,0,0,0,0,0,0,0,0,0,0,0,0,0,0
ref:E4321400005111,8d026766b10975f6efc9,E4321400005111,E4321400005111,阿蘇市,一の宮体育館,熊本県阿蘇市一の宮町宮地2318-1,一の宮体育館,熊本県阿蘇市一の宮町宮地2318-1,1,,,32.939126,131.115569,"[{""共通ID"": ""E4321400005111"", ""経度"": ""131.115569"", ""緯度"": ""32.939126""}]",,matched,exact_name_address,1.000,reference/43000_1.csv,17068228366013260d8a1e506e0843bc9c0736e8ec7031a9e384d0d32abd7578,00001169,280,280,kumamoto_portal_map,2026-08-01T00:28:20+09:00,matched,portal_shelter_id,1.000,32.93910669995359,131.1155390739441,,,unmatched,manual_no_match,,,32.939126,131.115569,gsi_reference,reference_latitude_longitude,complete,0,0,0,0,0,0,0,0,0,0,0,0,0,0,0,0,0
ref:E4321400004111,b5df86c713d96916e622,E4321400004111,E4321400004111,阿蘇市,一の宮小学校体育館,熊本県阿蘇市一の宮町宮地1680,一の宮小学校体育館,熊本県阿蘇市一の宮町宮地1680,1,,,32.94940452,131.1219811,"[{""共通ID"": ""E4321400004111"", ""経度"": ""131.1219811"", ""緯度"": ""32.94940452""}]",,matched,exact_name_address,1.000,reference/43000_1.csv,17068228366013260d8a1e506e0843bc9c0736e8ec7031a9e384d0d32abd7578,00001171,650,650,kumamoto_portal_map,2026-08-01T00:28:20+09:00,matched,portal_shelter_id,1.000,32.94969,131.122478,,,unmatched,manual_no_match,,,32.94940452,131.1219811,gsi_reference,reference_latitude_longitude,complete,0,0,0,0,0,0,0,0,0,0,0,0,0,0,0,0,0
ref:E4321400002111,65a4cef3a927d23ee24f,E4321400002111,E4321400002111,阿蘇市,一の宮農業構造改善センター,熊本県阿蘇市一の宮町宮地1288,一の宮農業構造改善センター,熊本県阿蘇市一の宮町宮地1288,1,,,32.937754,131.125423,"[{""共通ID"": ""E4321400002111"", ""経度"": ""131.125423"", ""緯度"": ""32.937754""}]",,matched,exact_name_address,1.000,reference/43000_1.csv,17068228366013260d8a1e506e0843bc9c0736e8ec7031a9e384d0d32abd7578,00001173,120,120,kumamoto_portal_map,2026-08-01T00:28:20+09:00,matched,portal_shelter_id,1.000,32.937799,131.125358,,,unmatched,manual_no_match,,,32.937754,131.125423,gsi_reference,reference_latitude_longitude,complete,0,0,0,0,0,0,0,0,0,0,0,0,0,0,0,0,0
ref:E4321400012111,8b2edcd9a1c8f8281f80,E4321400012111,E4321400012111,阿蘇市,中通体育館,熊本県阿蘇市一の宮町中通1521,中通体育館,熊本県阿蘇市一の宮町中通1521,1,,,32.964277,131.11159,"[{""共通ID"": ""E4321400012111"", ""経度"": ""131.11159"", ""緯度"": ""32.964277""}]",,matched,exact_name_address,1.000,reference/43000_1.csv,17068228366013260d8a1e506e0843bc9c0736e8ec7031a9e384d0d32abd7578,00001177,340,340,kumamoto_portal_map,2026-08-01T00:28:20+09:00,matched,portal_shelter_id,1.000,32.963605,131.112597,,,unmatched,manual_no_match,,,32.964277,131.11159,gsi_reference,reference_latitude_longitude,complete,0,0,0,0,0,0,0,0,0,0,0,0,0,0,0,0,0
ref:E4321400013111,89b17b012cdf6bc19272,E4321400013111,E4321400013111,阿蘇市,中通公民館,熊本県阿蘇市一の宮町中通1646-4,中通公民館,熊本県阿蘇市一の宮町中通1646-4,1,,,32.96379,131.113299,"[{""共通ID"": ""E4321400013111"", ""経度"": ""131.113299"", ""緯度"": ""32.96379""}]",,matched,exact_name_address,1.000,reference/43000_1.csv,17068228366013260d8a1e506e0843bc9c0736e8ec7031a9e384d0d32abd7578,00001178,80,80,kumamoto_portal_map,2026-08-01T00:28:20+09:00,matched,portal_shelter_id,1.000,32.963586,131.113183,,,unmatched,manual_no_match,,,32.96379,131.113299,gsi_reference,reference_latitude_longitude,complete,0,0,0,0,0,0,0,0,0,0,0,0,0,0,0,0,0
ref:E4321400016111,9d81dc3c50f787a7eb47,E4321400016111,E4321400016111,阿蘇市,乙姫体育館,熊本県阿蘇市乙姫1612,乙姫体育館,熊本県阿蘇市乙姫1612,1,,,32.94018,131.040974,"[{""共通ID"": ""E4321400016111"", ""経度"": ""131.040974"", ""緯度"": ""32.94018""}]",,matched,exact_name_address,1.000,reference/43000_1.csv,17068228366013260d8a1e506e0843bc9c0736e8ec7031a9e384d0d32abd7578,00001189,150,150,kumamoto_portal_map,2026-08-01T00:28:20+09:00,matched,portal_shelter_id,1.000,32.939914,131.040754,,,unmatched,manual_no_match,,,32.94018,131.040974,gsi_reference,reference_latitude_longitude,complete,0,0,0,0,0,0,0,0,0,0,0,0,0,0,0,0,0
ref:E4321400021111,1d3d1034f67c627f92ad,E4321400021111,E4321400021111,阿蘇市,今町公民館,熊本県阿蘇市今町52-1,今町公民館,熊本県阿蘇市今町52-1,1,,,32.97024,131.072075,"[{""共通ID"": ""E4321400021111"", ""経度"": ""131.072075"", ""緯度"": ""32.97024""}]",,matched,exact_name_address,1.000,reference/43000_1.csv,17068228366013260d8a1e506e0843bc9c0736e8ec7031a9e384d0d32abd7578,00001186,60,60,kumamoto_portal_map,2026-08-01T00:28:20+09:00,matched,portal_shelter_id,1.000,32.971545,131.069677,,,unmatched,manual_no_match,,,32.97024,131.072075,gsi_reference,reference_latitude_longitude,complete,0,0,0,0,0,0,0,0,0,0,0,0,0,0,0,0,0
ref:E4321400014111,8e084b0da8385f0cf866,E4321400014111,E4321400014111,阿蘇市,古城体育館,熊本県阿蘇市一の宮町中通2177,古城体育館,熊本県阿蘇市一の宮町中通2177,1,,,32.970176,131.128874,"[{""共通ID"": ""E4321400014111"", ""経度"": ""131.128874"", ""緯度"": ""32.970176""}]",,matched,exact_name_address,1.000,reference/43000_1.csv,17068228366013260d8a1e506e0843bc9c0736e8ec7031a9e384d0d32abd7578,00001176,340,340,kumamoto_portal_map,2026-08-01T00:28:20+09:00,matched,portal_shelter_id,1.000,32.970307,131.129444,,,unmatched,manual_no_match,,,32.970176,131.128874,gsi_reference,reference_latitude_longitude,complete,0,0,0,0,0,0,0,0,0,0,0,0,0,0,0,0,0
ref:E4321400009111,b93eee1a56172e342347,E4321400009111,E4321400009111,阿蘇市,国立阿蘇青少年交流の家,熊本県阿蘇市一の宮町宮地6029-1,国立阿蘇青少年交流の家,熊本県阿蘇市一の宮町宮地6029-1,1,,,32.976041,131.051049,"[{""共通ID"": ""E4321400009111"", ""経度"": ""131.051049"", ""緯度"": ""32.976041""}]",,matched,exact_name_address,1.000,reference/43000_1.csv,17068228366013260d8a1e506e0843bc9c0736e8ec7031a9e384d0d32abd7578,00001216,400,400,kumamoto_portal_map,2026-08-01T00:28:20+09:00,matched,portal_shelter_id,1.000,32.917619,131.109038,,,unmatched,manual_no_match,,,32.976041,131.051049,gsi_reference,reference_latitude_longitude,complete,0,0,0,0,0,0,0,0,0,0,0,0,0,0,0,0,0
ref:E4321400010111,a0ad716925fe63c30b51,E4321400010111,E4321400010111,阿蘇市,坂梨体育館,熊本県阿蘇市一の宮町坂梨3028,坂梨体育館,熊本県阿蘇市一の宮町坂梨3028,1,,,32.93691,131.131149,"[{""共通ID"": ""E4321400010111"", ""経度"": ""131.131149"", ""緯度"": ""32.93691""}]",,matched,exact_name_address,1.000,reference/43000_1.csv,17068228366013260d8a1e506e0843bc9c0736e8ec7031a9e384d0d32abd7578,00001174,380,380,kumamoto_portal_map,2026-08-01T00:28:20+09:00,matched,portal_shelter_id,1.000,32.937041,131.130852,,,unmatched,manual_no_match,,,32.93691,131.131149,gsi_reference,reference_latitude_longitude,complete,0,0,0,0,0,0,0,0,0,0,0,0,0,0,0,0,0
ref:E4321400011111,377ba32ddb0d266f7d12,E4321400011111,E4321400011111,阿蘇市,坂梨公民館,熊本県阿蘇市一の宮町坂梨846-1,坂梨公民館,熊本県阿蘇市一の宮町坂梨846-1,1,,,32.937261026129,131.13769478043,"[{""共通ID"": ""E4321400011111"", ""経度"": ""131.13769478043"", ""緯度"": ""32.937261026129""}]",,matched,exact_name_address,1.000,reference/43000_1.csv,17068228366013260d8a1e506e0843bc9c0736e8ec7031a9e384d0d32abd7578,00001175,70,70,kumamoto_portal_map,2026-08-01T00:28:20+09:00,matched,portal_shelter_id,1.000,32.937216,131.137316,,,unmatched,manual_no_match,,,32.937261026129,131.13769478043,gsi_reference,reference_latitude_longitude,complete,0,0,0,0,0,0,0,0,0,0,0,0,0,0,0,0,0
ref:E4321400025111,798d8f1e4b17390b4511,E4321400025111,E4321400025111,阿蘇市,尾ケ石東部体育館,熊本県阿蘇市狩尾675,尾ケ石東部体育館,熊本県阿蘇市狩尾675,1,,,32.952255,131.019001,"[{""共通ID"": ""E4321400025111"", ""経度"": ""131.019001"", ""緯度"": ""32.952255""}]",,matched,exact_name_address,1.000,reference/43000_1.csv,17068228366013260d8a1e506e0843bc9c0736e8ec7031a9e384d0d32abd7578,00001194,180,180,kumamoto_portal_map,2026-08-01T00:28:20+09:00,matched,portal_shelter_id,1.000,32.952532,131.019111,,,unmatched,manual_no_match,,,32.952255,131.019001,gsi_reference,reference_latitude_longitude,complete,0,0,0,0,0,0,0,0,0,0,0,0,0,0,0,0,0
ref:E4321400027111,bc58b24e700d6a8dbb95,E4321400027111,E4321400027111,阿蘇市,山田体育館,熊本県阿蘇市小野田567-2,山田体育館,熊本県阿蘇市小野田567-2,1,,,32.96996,131.089168,"[{""共通ID"": ""E4321400027111"", ""経度"": ""131.089168"", ""緯度"": ""32.96996""}]",,matched,exact_name_address,1.000,reference/43000_1.csv,17068228366013260d8a1e506e0843bc9c0736e8ec7031a9e384d0d32abd7578,00001185,200,200,kumamoto_portal_map,2026-08-01T00:28:20+09:00,matched,portal_shelter_id,1.000,32.969514,131.089395,,,unmatched,manual_no_match,,,32.96996,131.089168,gsi_reference,reference_latitude_longitude,complete,0,0,0,0,0,0,0,0,0,0,0,0,0,0,0,0,0
ref:E4321400023111,391b9a8e8defe4554afd,E4321400023111,E4321400023111,阿蘇市,旧JA阿蘇尾ケ石支所,熊本県阿蘇市狩尾1456-1,旧JA阿蘇尾ケ石支所,熊本県阿蘇市狩尾1456-1,1,,,32.94604859,131.009005,"[{""共通ID"": ""E4321400023111"", ""経度"": ""131.009005"", ""緯度"": ""32.94604859""}]",,matched,exact_name_address,1.000,reference/43000_1.csv,17068228366013260d8a1e506e0843bc9c0736e8ec7031a9e384d0d32abd7578,00001197,80,80,kumamoto_portal_map,2026-08-01T00:28:20+09:00,matched,portal_shelter_id,1.000,32.946094,131.008995,,,unmatched,manual_no_match,,,32.94604859,131.009005,gsi_reference,reference_latitude_longitude,complete,0,0,0,0,0,0,0,0,0,0,0,0,0,0,0,0,0
ref:E4321400030111,419f6711b9758a1bb624,E4321400030111,E4321400030111,阿蘇市,旧深葉分校(校舎),熊本県阿蘇市西湯浦1464-87,旧深葉分校(校舎),熊本県阿蘇市西湯浦1464-87,1,,,33.007824,130.975973,"[{""共通ID"": ""E4321400030111"", ""経度"": ""130.975973"", ""緯度"": ""33.007824""}]",,matched,exact_name_address,1.000,reference/43000_1.csv,17068228366013260d8a1e506e0843bc9c0736e8ec7031a9e384d0d32abd7578,00001184,100,100,kumamoto_portal_map,2026-08-01T00:28:20+09:00,matched,portal_shelter_id,1.000,33.008897,130.968522,,,unmatched,manual_no_match,,,33.007824,130.975973,gsi_reference,reference_latitude_longitude,complete,0,0,0,0,0,0,0,0,0,0,0,0,0,0,0,0,0
ref:E4321400015111,ea49c2fe2d981c387191,E4321400015111,E4321400015111,阿蘇市,永草公民館,熊本県阿蘇市永草2685,永草公民館,熊本県阿蘇市永草2685,1,,,32.937479,131.024988,"[{""共通ID"": ""E4321400015111"", ""経度"": ""131.024988"", ""緯度"": ""32.937479""}]",,matched,exact_name_address,1.000,reference/43000_1.csv,17068228366013260d8a1e506e0843bc9c0736e8ec7031a9e384d0d32abd7578,00001192,50,50,kumamoto_portal_map,2026-08-01T00:28:20+09:00,matched,portal_shelter_id,1.000,32.937498,131.025067,,,unmatched,manual_no_match,,,32.937479,131.024988,gsi_reference,reference_latitude_longitude,complete,0,0,0,0,0,0,0,0,0,0,0,0,0,0,0,0,0
ref:E4321400047111,dbca5ff8f2dff430e18b,E4321400047111,E4321400047111,阿蘇市,波野中学校体育館,熊本県阿蘇市波野大字波野3748,波野中学校体育館,熊本県阿蘇市波野大字波野3748,1,,,32.940328,131.200703,"[{""共通ID"": ""E4321400047111"", ""経度"": ""131.200703"", ""緯度"": ""32.940328""}]",,matched,exact_name_address,1.000,reference/43000_1.csv,17068228366013260d8a1e506e0843bc9c0736e8ec7031a9e384d0d32abd7578,00001207,370,370,kumamoto_portal_map,2026-08-01T00:28:20+09:00,matched,portal_shelter_id,1.000,32.939845,131.200543,,,unmatched,manual_no_match,,,32.940328,131.200703,gsi_reference,reference_latitude_longitude,complete,0,0,0,0,0,0,0,0,0,0,0,0,0,0,0,0,0
ref:E4321400045111,27778bdf3e5d93ca8f6f,E4321400045111,E4321400045111,阿蘇市,波野体育館,熊本県阿蘇市波野大字波野2709-1,波野体育館,熊本県阿蘇市波野大字波野2709-1,1,,,32.932915,131.230583,"[{""共通ID"": ""E4321400045111"", ""経度"": ""131.230583"", ""緯度"": ""32.932915""}]",,matched,exact_name_address,1.000,reference/43000_1.csv,17068228366013260d8a1e506e0843bc9c0736e8ec7031a9e384d0d32abd7578,00001199,260,260,kumamoto_portal_map,2026-08-01T00:28:20+09:00,matched,portal_shelter_id,1.000,32.93291,131.230374,,,unmatched,manual_no_match,,,32.932915,131.230583,gsi_reference,reference_latitude_longitude,complete,0,0,0,0,0,0,0,0,0,0,0,0,0,0,0,0,0
ref:E4321400044111,baa5d76833ff26f55f4d,E4321400044111,E4321400044111,阿蘇市,波野保健福祉センター,熊本県阿蘇市波野大字波野2703,波野保健福祉センター,熊本県阿蘇市波野大字波野2703,1,,,32.933314,131.231057,"[{""共通ID"": ""E4321400044111"", ""経度"": ""131.231057"", ""緯度"": ""32.933314""}]",,matched,exact_name_address,1.000,reference/43000_1.csv,17068228366013260d8a1e506e0843bc9c0736e8ec7031a9e384d0d32abd7578,00001201,480,480,kumamoto_portal_map,2026-08-01T00:28:20+09:00,matched,portal_shelter_id,1.000,32.933377,131.231174,,,unmatched,manual_no_match,,,32.933314,131.231057,gsi_reference,reference_latitude_longitude,complete,0,0,0,0,0,0,0,0,0,0,0,0,0,0,0,0,0
ref:E4321400046111,96e6127abfe820b7f657,E4321400046111,E4321400046111,阿蘇市,波野小学校体育館,熊本県阿蘇市波野大字波野3742-1,波野小学校体育館,熊本県阿蘇市波野大字波野3742-1,1,,,32.940383,131.201136,"[{""共通ID"": ""E4321400046111"", ""経度"": ""131.201136"", ""緯度"": ""32.940383""}]",,matched,exact_name_address,1.000,reference/43000_1.csv,17068228366013260d8a1e506e0843bc9c0736e8ec7031a9e384d0d32abd7578,00001206,270,270,kumamoto_portal_map,2026-08-01T00:28:20+09:00,matched,portal_shelter_id,1.000,32.939792,131.201806,,,unmatched,manual_no_match,,,32.940383,131.201136,gsi_reference,reference_latitude_longitude,complete,0,0,0,0,0,0,0,0,0,0,0,0,0,0,0,0,0
ref:E4321400024111,296ee51649ecf2998fd1,E4321400024111,E4321400024111,阿蘇市,狩尾1区公民館,熊本県阿蘇市狩尾503-4,狩尾1区公民館,熊本県阿蘇市狩尾503-4,1,,,32.95665748,131.0354716,"[{""共通ID"": ""E4321400024111"", ""経度"": ""131.0354716"", ""緯度"": ""32.95665748""}]",,matched,exact_name_address,1.000,reference/43000_1.csv,17068228366013260d8a1e506e0843bc9c0736e8ec7031a9e384d0d32abd7578,00001195,60,60,kumamoto_portal_map,2026-08-01T00:28:20+09:00,matched,portal_shelter_id,1.000,32.95691,131.035962,,,unmatched,manual_no_match,,,32.95665748,131.0354716,gsi_reference,reference_latitude_longitude,complete,0,0,0,0,0,0,0,0,0,0,0,0,0,0,0,0,0
ref:E4321400026111,2d25e7ef7ef8818b257f,E4321400026111,E4321400026111,阿蘇市,狩尾2区公民館,熊本県阿蘇市狩尾682-5,狩尾2区公民館,熊本県阿蘇市狩尾682-5,1,,,32.951618,131.019441,"[{""共通ID"": ""E4321400026111"", ""経度"": ""131.019441"", ""緯度"": ""32.951618""}]",,matched,exact_name_address,1.000,reference/43000_1.csv,17068228366013260d8a1e506e0843bc9c0736e8ec7031a9e384d0d32abd7578,00001196,60,60,kumamoto_portal_map,2026-08-01T00:28:20+09:00,matched,portal_shelter_id,1.000,32.951589,131.019445,,,unmatched,manual_no_match,,,32.951618,131.019441,gsi_reference,reference_latitude_longitude,complete,0,0,0,0,0,0,0,0,0,0,0,0,0,0,0,0,0
ref:E4321400001111,ef537a6274c7b0a3357f,E4321400001111,E4321400001111,阿蘇市,荻の草公民館,熊本県阿蘇市一の宮町荻の草438,荻の草公民館,熊本県阿蘇市一の宮町荻の草438,1,,,33.029646,131.15126,"[{""共通ID"": ""E4321400001111"", ""経度"": ""131.15126"", ""緯度"": ""33.029646""}]",,matched,exact_name_address,1.000,reference/43000_1.csv,17068228366013260d8a1e506e0843bc9c0736e8ec7031a9e384d0d32abd7578,00001179,30,30,kumamoto_portal_map,2026-08-01T00:28:20+09:00,matched,portal_shelter_id,1.000,33.032196,131.143013,,,unmatched,manual_no_match,,,33.029646,131.15126,gsi_reference,reference_latitude_longitude,complete,0,0,0,0,0,0,0,0,0,0,0,0,0,0,0,0,0
ref:E4321400031111,d34551c5e5faf7c84594,E4321400031111,E4321400031111,阿蘇市,赤水公民館,熊本県阿蘇市赤水920-16,赤水公民館,熊本県阿蘇市赤水920-16,1,,,32.917735,130.995528,"[{""共通ID"": ""E4321400031111"", ""経度"": ""130.995528"", ""緯度"": ""32.917735""}]",,matched,exact_name_address,1.000,reference/43000_1.csv,17068228366013260d8a1e506e0843bc9c0736e8ec7031a9e384d0d32abd7578,00001191,60,60,kumamoto_portal_map,2026-08-01T00:28:20+09:00,matched,portal_shelter_id,1.000,32.918585,130.996849,,,unmatched,manual_no_match,,,32.917735,130.995528,gsi_reference,reference_latitude_longitude,complete,0,0,0,0,0,0,0,0,0,0,0,0,0,0,0,0,0
ref:E4321400032111,8424e1b0956c13272486,E4321400032111,E4321400032111,阿蘇市,跡ケ瀬公民館,熊本県阿蘇市跡ケ瀬165-4,跡ケ瀬公民館,熊本県阿蘇市跡ケ瀬165-4,1,,,32.933975,131.005212,"[{""共通ID"": ""E4321400032111"", ""経度"": ""131.005212"", ""緯度"": ""32.933975""}]",,matched,exact_name_address,1.000,reference/43000_1.csv,17068228366013260d8a1e506e0843bc9c0736e8ec7031a9e384d0d32abd7578,,,,,,unmatched,no_candidate,,,,,,unmatched,manual_no_match,,,32.933975,131.005212,gsi_reference,reference_latitude_longitude,complete,0,0,0,0,0,0,0,0,0,0,0,0,0,0,0,0,0
ref:E4321400048111,ae8b92027c4a10ed41ab,E4321400048111,E4321400048111,阿蘇市,農村婦人の家,熊本県阿蘇市波野大字波野872-5,農村婦人の家,熊本県阿蘇市波野大字波野872-5,1,,,32.90827271,131.1794436,"[{""共通ID"": ""E4321400048111"", ""経度"": ""131.1794436"", ""緯度"": ""32.90827271""}]",,matched,exact_name_address,1.000,reference/43000_1.csv,17068228366013260d8a1e506e0843bc9c0736e8ec7031a9e384d0d32abd7578,00001204,80,80,kumamoto_portal_map,2026-08-01T00:28:20+09:00,matched,portal_shelter_id,1.000,32.908259,131.179069,,,unmatched,manual_no_match,,,32.90827271,131.1794436,gsi_reference,reference_latitude_longitude,complete,0,0,0,0,0,0,0,0,0,0,0,0,0,0,0,0,0
ref:E4321400038111,50f80fb4a46c8fb3efd0,E4321400038111,E4321400038111,阿蘇市,農村環境改善センター,熊本県阿蘇市内牧976-2,農村環境改善センター,熊本県阿蘇市内牧976-2,1,,,32.970303,131.0427,"[{""共通ID"": ""E4321400038111"", ""経度"": ""131.0427"", ""緯度"": ""32.970303""}]",,matched,exact_name_address,1.000,reference/43000_1.csv,17068228366013260d8a1e506e0843bc9c0736e8ec7031a9e384d0d32abd7578,00001182,350,350,kumamoto_portal_map,2026-08-01T00:28:20+09:00,matched,portal_shelter_id,1.000,32.970612,131.043656,,,unmatched,manual_no_match,,,32.970303,131.0427,gsi_reference,reference_latitude_longitude,complete,0,0,0,0,0,0,0,0,0,0,0,0,0,0,0,0,0
ref:E4321400041111,df359bb5fd024ab8f1e7,E4321400041111,E4321400041111,阿蘇市,道の駅「波野」神楽苑,熊本県阿蘇市波野大字小地野1602,道の駅「波野」神楽苑,熊本県阿蘇市波野大字小地野1602,1,,,32.959886,131.19726,"[{""共通ID"": ""E4321400041111"", ""経度"": ""131.19726"", ""緯度"": ""32.959886""}]",,matched,exact_name_address,1.000,reference/43000_1.csv,17068228366013260d8a1e506e0843bc9c0736e8ec7031a9e384d0d32abd7578,00001203,50,50,kumamoto_portal_map,2026-08-01T00:28:20+09:00,matched,portal_shelter_id,1.000,32.959912,131.197443,,,unmatched,manual_no_match,,,32.959886,131.19726,gsi_reference,reference_latitude_longitude,complete,0,0,0,0,0,0,0,0,0,0,0,0,0,0,0,0,0
ref:E4321400043111,c0d730851387433cbe63,E4321400043111,E4321400043111,阿蘇市,郷土芸能伝承館,熊本県阿蘇市波野大字波野1502-4,郷土芸能伝承館,熊本県阿蘇市波野大字波野1502-4,1,,,32.916142,131.179846,"[{""共通ID"": ""E4321400043111"", ""経度"": ""131.179846"", ""緯度"": ""32.916142""}]",,matched,exact_name_address,1.000,reference/43000_1.csv,17068228366013260d8a1e506e0843bc9c0736e8ec7031a9e384d0d32abd7578,00001205,60,60,kumamoto_portal_map,2026-08-01T00:28:20+09:00,matched,portal_shelter_id,1.000,32.916222,131.180016,,,unmatched,manual_no_match,,,32.916142,131.179846,gsi_reference,reference_latitude_longitude,complete,0,0,0,0,0,0,0,0,0,0,0,0,0,0,0,0,0
ref:E4321400006111,972adda0c74f8ef13250,E4321400006111,E4321400006111,阿蘇市,阿蘇中央高校阿蘇清峰校舎体育館,熊本県阿蘇市一の宮町宮地4131,阿蘇中央高校阿蘇清峰校舎体育館,熊本県阿蘇市一の宮町宮地4131,1,,,32.953143,131.099924,"[{""共通ID"": ""E4321400006111"", ""経度"": ""131.099924"", ""緯度"": ""32.953143""}]",,matched,exact_name_address,1.000,reference/43000_1.csv,17068228366013260d8a1e506e0843bc9c0736e8ec7031a9e384d0d32abd7578,00001180,450,450,kumamoto_portal_map,2026-08-01T00:28:20+09:00,matched,portal_shelter_id,1.000,32.952832,131.100064,,,unmatched,manual_no_match,,,32.953143,131.099924,gsi_reference,reference_latitude_longitude,complete,0,0,0,0,0,0,0,0,0,0,0,0,0,0,0,0,0
ref:E4321400037111,613ed8a97342d96dd1c3,E4321400037111,E4321400037111,阿蘇市,阿蘇中学校体育館,熊本県阿蘇市内牧609,阿蘇中学校体育館,熊本県阿蘇市内牧609,1,,,32.968051,131.037404,"[{""共通ID"": ""E4321400037111"", ""経度"": ""131.037404"", ""緯度"": ""32.968051""}]",,matched,exact_name_address,1.000,reference/43000_1.csv,17068228366013260d8a1e506e0843bc9c0736e8ec7031a9e384d0d32abd7578,00001183,500,500,kumamoto_portal_map,2026-08-01T00:28:20+09:00,matched,portal_shelter_id,1.000,32.96805,131.037404,,,unmatched,manual_no_match,,,32.968051,131.037404,gsi_reference,reference_latitude_longitude,complete,0,0,0,0,0,0,0,0,0,0,0,0,0,0,0,0,0
ref:E4321400036111,9a98cc5673c89d1d8884,E4321400036111,E4321400036111,阿蘇市,阿蘇体育館(武道場含む),熊本県阿蘇市内牧267,阿蘇体育館(武道場含む),熊本県阿蘇市内牧267,1,,,32.976753,131.039857,"[{""共通ID"": ""E4321400036111"", ""経度"": ""131.039857"", ""緯度"": ""32.976753""}]",,matched,exact_name_address,1.000,reference/43000_1.csv,17068228366013260d8a1e506e0843bc9c0736e8ec7031a9e384d0d32abd7578,00001181,850,850,kumamoto_portal_map,2026-08-01T00:28:20+09:00,matched,portal_shelter_id,1.000,32.976752,131.039857,,,unmatched,manual_no_match,,,32.976753,131.039857,gsi_reference,reference_latitude_longitude,complete,0,0,0,0,0,0,0,0,0,0,0,0,0,0,0,0,0
ref:E4321400049111,1b1d3c525e559a4f0db8,E4321400049111,E4321400049111,阿蘇市,阿蘇市コミュニティセンター,熊本県阿蘇市役犬原324-1,阿蘇市コミュニティセンター,熊本県阿蘇市役犬原324-1,1,,,32.949991,131.095238,"[{""共通ID"": ""E4321400049111"", ""経度"": ""131.095238"", ""緯度"": ""32.949991""}]",,matched,exact_name_address,1.000,reference/43000_1.csv,17068228366013260d8a1e506e0843bc9c0736e8ec7031a9e384d0d32abd7578,00001190,100,100,kumamoto_portal_map,2026-08-01T00:28:20+09:00,matched,portal_shelter_id,1.000,32.949951,131.095243,,,unmatched,manual_no_match,,,32.949991,131.095238,gsi_reference,reference_latitude_longitude,complete,0,0,0,0,0,0,0,0,0,0,0,0,0,0,0,0,0
ref:E4321400033111,e7c5f2e4dd496712e6a6,E4321400033111,E4321400033111,阿蘇市,阿蘇西小学校体育館,熊本県阿蘇市的石1494,阿蘇西小学校体育館,熊本県阿蘇市的石1494,1,,,32.927342,131.001526,"[{""共通ID"": ""E4321400033111"", ""経度"": ""131.001526"", ""緯度"": ""32.927342""}]",,matched,exact_name_address,1.000,reference/43000_1.csv,17068228366013260d8a1e506e0843bc9c0736e8ec7031a9e384d0d32abd7578,00001193,200,200,kumamoto_portal_map,2026-08-01T00:28:20+09:00,matched,portal_shelter_id,1.000,32.927423,131.002132,,,unmatched,manual_no_match,,,32.927342,131.001526,gsi_reference,reference_latitude_longitude,complete,0,0,0,0,0,0,0,0,0,0,0,0,0,0,0,0,0
ref:E4321400052111,c6def7b5165bac6e12e7,E4321400052111,E4321400052111,阿蘇市,阿蘇郡市医師会,熊本県阿蘇市黒川1178,阿蘇郡市医師会,熊本県阿蘇市黒川1178,1,,,32.9300953,131.0801711,"[{""共通ID"": ""E4321400052111"", ""経度"": ""131.0801711"", ""緯度"": ""32.9300953""}]",,matched,exact_name_address,1.000,reference/43000_1.csv,17068228366013260d8a1e506e0843bc9c0736e8ec7031a9e384d0d32abd7578,00002322,150,150,kumamoto_portal_map,2026-08-01T00:28:20+09:00,matched,portal_shelter_id,1.000,32.930084067228954,131.08014464378357,,,unmatched,manual_no_match,,,32.9300953,131.0801711,gsi_reference,reference_latitude_longitude,complete,0,0,0,0,0,0,0,0,0,0,0,0,0,0,0,0,0
ref:E4321400022111,de919402d83d3cad5dd7,E4321400022111,E4321400022111,阿蘇市,鷲の石公民館,熊本県阿蘇市山田1632-3,鷲の石公民館,熊本県阿蘇市山田1632-3,1,,,32.973881,131.100525,"[{""共通ID"": ""E4321400022111"", ""経度"": ""131.100525"", ""緯度"": ""32.973881""}]",,matched,exact_name_address,1.000,reference/43000_1.csv,17068228366013260d8a1e506e0843bc9c0736e8ec7031a9e384d0d32abd7578,00001187,60,60,kumamoto_portal_map,2026-08-01T00:28:20+09:00,matched,portal_shelter_id,1.000,32.984555,131.090307,,,unmatched,manual_no_match,,,32.973881,131.100525,gsi_reference,reference_latitude_longitude,complete,0,0,0,0,0,0,0,0,0,0,0,0,0,0,0,0,0
ref:E4343300055111,0326cf73ee2bfaf4c2a7,E4343300055111,E4343300055111,阿蘇郡南阿蘇村,(旧)長陽西部小学校体育館,熊本県阿蘇郡南阿蘇村河陽4964,(旧)長陽西部小学校体育館,熊本県阿蘇郡南阿蘇村河陽4964,,,,32.886209,130.993893,"[{""共通ID"": ""E4343300055111"", ""経度"": ""130.993893"", ""緯度"": ""32.886209""}]",,matched,exact_name_address,1.000,reference/43000_1.csv,17068228366013260d8a1e506e0843bc9c0736e8ec7031a9e384d0d32abd7578,00001690,100,100,kumamoto_portal_map,2026-08-01T00:28:20+09:00,matched,portal_shelter_id,1.000,32.885803,130.9941,,,unmatched,manual_no_match,,,32.886209,130.993893,gsi_reference,reference_latitude_longitude,complete,0,0,0,0,0,0,0,0,0,0,0,0,0,0,0,0,0
ref:E4342800021111,49a232547c192a35bbbd,E4342800021111,E4342800021111,高森町,尾下体育館,熊本県高森町大字尾下3920,尾下体育館,熊本県高森町大字尾下3920,1,,,32.8590678104264,131.256483698575,"[{""共通ID"": ""E4342800021111"", ""経度"": ""131.256483698575"", ""緯度"": ""32.8590678104264""}]",,matched,exact_name_address,1.000,reference/43000_1.csv,17068228366013260d8a1e506e0843bc9c0736e8ec7031a9e384d0d32abd7578,00000608,100,100,kumamoto_portal_map,2026-08-01T00:28:20+09:00,matched,portal_shelter_id,1.000,32.869062,131.248575,,,unmatched,manual_no_match,,,32.8590678104264,131.256483698575,gsi_reference,reference_latitude_longitude,complete,0,0,0,0,0,0,0,0,0,0,0,0,0,0,0,0,0
ref:E4342800006111,7d8b4bb3cc3d8bd1f013,E4342800006111,E4342800006111,高森町,昭和地区公民館,熊本県高森町大字高森1539-3,昭和地区公民館,熊本県高森町大字高森1539-3,,,,32.8204219991473,131.122976248504,"[{""共通ID"": ""E4342800006111"", ""経度"": ""131.122976248504"", ""緯度"": ""32.8204219991473""}]",,matched,exact_name_address,1.000,reference/43000_1.csv,17068228366013260d8a1e506e0843bc9c0736e8ec7031a9e384d0d32abd7578,00000597,70,70,kumamoto_portal_map,2026-08-01T00:28:20+09:00,matched,portal_shelter_id,1.000,32.820382,131.122519,,,unmatched,manual_no_match,,,32.8204219991473,131.122976248504,gsi_reference,reference_latitude_longitude,complete,0,0,0,0,0,0,0,0,0,0,0,0,0,0,0,0,0
ref:E4342800002111,cc064cd559eac0204dc3,E4342800002111,E4342800002111,高森町,河原生涯学習センター体育館,熊本県高森町大字河原2113-1,河原生涯学習センター体育館,熊本県高森町大字河原2113-1,1,,,32.8850757609216,131.241592074123,"[{""共通ID"": ""E4342800002111"", ""経度"": ""131.241592074123"", ""緯度"": ""32.8850757609216""}]",,matched,exact_name_address,1.000,reference/43000_1.csv,17068228366013260d8a1e506e0843bc9c0736e8ec7031a9e384d0d32abd7578,00000610,100,100,kumamoto_portal_map,2026-08-01T00:28:20+09:00,matched,portal_shelter_id,1.000,32.889806,131.216009,,,unmatched,manual_no_match,,,32.8850757609216,131.241592074123,gsi_reference,reference_latitude_longitude,complete,0,0,0,0,0,0,0,0,0,0,0,0,0,0,0,0,0
ref:E4342800001111,7977564458eb4ce489bf,E4342800001111,E4342800001111,高森町,河原総合センター,熊本県高森町大字河原1138-1,河原総合センター,熊本県高森町大字河原1138-1,,,,32.886182014744,131.247301011871,"[{""共通ID"": ""E4342800001111"", ""経度"": ""131.247301011871"", ""緯度"": ""32.886182014744""}]",,matched,exact_name_address,1.000,reference/43000_1.csv,17068228366013260d8a1e506e0843bc9c0736e8ec7031a9e384d0d32abd7578,00000609,100,100,kumamoto_portal_map,2026-08-01T00:28:20+09:00,matched,portal_shelter_id,1.000,32.885978,131.247232,,,unmatched,manual_no_match,,,32.886182014744,131.247301011871,gsi_reference,reference_latitude_longitude,complete,0,0,0,0,0,0,0,0,0,0,0,0,0,0,0,0,0
ref:E4342800017111,9e622bcf18c3d2f29083,E4342800017111,E4342800017111,高森町,色見保育園,熊本県高森町大字色見1135,色見保育園,熊本県高森町大字色見1135,,,,32.8434283235685,131.122049273989,"[{""共通ID"": ""E4342800017111"", ""経度"": ""131.122049273989"", ""緯度"": ""32.8434283235685""}]",,matched,exact_name_address,1.000,reference/43000_1.csv,17068228366013260d8a1e506e0843bc9c0736e8ec7031a9e384d0d32abd7578,00000600,50,50,kumamoto_portal_map,2026-08-01T00:28:20+09:00,matched,portal_shelter_id,1.000,32.843402,131.121624,,,unmatched,manual_no_match,,,32.8434283235685,131.122049273989,gsi_reference,reference_latitude_longitude,complete,0,0,0,0,0,0,0,0,0,0,0,0,0,0,0,0,0
ref:E4342800018111,15158b2cbfe43204f4ac,E4342800018111,E4342800018111,高森町,色見生涯学習センター体育館,熊本県高森町大字色見1136,色見生涯学習センター体育館,熊本県高森町大字色見1136,1,,,32.8432127084927,131.122271382146,"[{""共通ID"": ""E4342800018111"", ""経度"": ""131.122271382146"", ""緯度"": ""32.8432127084927""}]",,matched,exact_name_address,1.000,reference/43000_1.csv,17068228366013260d8a1e506e0843bc9c0736e8ec7031a9e384d0d32abd7578,00000599,200,200,kumamoto_portal_map,2026-08-01T00:28:20+09:00,matched,portal_shelter_id,1.000,32.850602,131.123907,,,unmatched,manual_no_match,,,32.8432127084927,131.122271382146,gsi_reference,reference_latitude_longitude,complete,0,0,0,0,0,0,0,0,0,0,0,0,0,0,0,0,0
ref:E4342800017112,d9a69a468baf0991462f,E4342800017112,E4342800017112,高森町,色見総合センター,熊本県高森町大字色見1135,色見総合センター,熊本県高森町大字色見1135,,,,32.8433749914409,131.121876718106,"[{""共通ID"": ""E4342800017112"", ""経度"": ""131.121876718106"", ""緯度"": ""32.8433749914409""}]",,matched,exact_name_address,1.000,reference/43000_1.csv,17068228366013260d8a1e506e0843bc9c0736e8ec7031a9e384d0d32abd7578,00000598,100,100,kumamoto_portal_map,2026-08-01T00:28:20+09:00,matched,portal_shelter_id,1.000,32.843402,131.121624,,,unmatched,manual_no_match,,,32.8433749914409,131.121876718106,gsi_reference,reference_latitude_longitude,complete,0,0,0,0,0,0,0,0,0,0,0,0,0,0,0,0,0
ref:E4342800003111,d96ab5b72129e4ecec25,E4342800003111,E4342800003111,高森町,草部生涯学習センター体育館,熊本県高森町大字芹口1533,草部生涯学習センター体育館,熊本県高森町大字芹口1533,1,,,32.7847873709819,131.215262897632,"[{""共通ID"": ""E4342800003111"", ""経度"": ""131.215262897632"", ""緯度"": ""32.7847873709819""}]",,matched,exact_name_address,1.000,reference/43000_1.csv,17068228366013260d8a1e506e0843bc9c0736e8ec7031a9e384d0d32abd7578,00000603,100,100,kumamoto_portal_map,2026-08-01T00:28:20+09:00,matched,portal_shelter_id,1.000,32.785068,131.214535,,,unmatched,manual_no_match,,,32.7847873709819,131.215262897632,gsi_reference,reference_latitude_longitude,complete,0,0,0,0,0,0,0,0,0,0,0,0,0,0,0,0,0
ref:E4342800019111,f15a5a1643dbf030cf8a,E4342800019111,E4342800019111,高森町,草部総合センター,熊本県高森町大字草部2286,草部総合センター,熊本県高森町大字草部2286,1,,,32.7819550948528,131.216142662194,"[{""共通ID"": ""E4342800019111"", ""経度"": ""131.216142662194"", ""緯度"": ""32.7819550948528""}]",,matched,exact_name_address,1.000,reference/43000_1.csv,17068228366013260d8a1e506e0843bc9c0736e8ec7031a9e384d0d32abd7578,00000602,100,100,kumamoto_portal_map,2026-08-01T00:28:20+09:00,matched,portal_shelter_id,1.000,32.781958,131.216115,,,unmatched,manual_no_match,,,32.7819550948528,131.216142662194,gsi_reference,reference_latitude_longitude,complete,0,0,0,0,0,0,0,0,0,0,0,0,0,0,0,0,0
ref:E4342800004111,8641e4874750336af951,E4342800004111,E4342800004111,高森町,高森中央小学校体育館,熊本県高森町大字高森1100,高森中央小学校体育館,熊本県高森町大字高森1100,1,,,32.81384124995,131.126808757519,"[{""共通ID"": ""E4342800004111"", ""経度"": ""131.126808757519"", ""緯度"": ""32.81384124995""}]",,matched,exact_name_address,1.000,reference/43000_1.csv,17068228366013260d8a1e506e0843bc9c0736e8ec7031a9e384d0d32abd7578,00000591,200,200,kumamoto_portal_map,2026-08-01T00:28:20+09:00,matched,portal_shelter_id,1.000,32.813655,131.126038,,,unmatched,manual_no_match,,,32.81384124995,131.126808757519,gsi_reference,reference_latitude_longitude,complete,0,0,0,0,0,0,0,0,0,0,0,0,0,0,0,0,0
ref:E4342800010111,f8f6380f62615f806d64,E4342800010111,E4342800010111,高森町,高森中学校体育館,熊本県高森町大字高森1955,高森中学校体育館,熊本県高森町大字高森1955,1,,,32.8226677263131,131.123810047557,"[{""共通ID"": ""E4342800010111"", ""経度"": ""131.123810047557"", ""緯度"": ""32.8226677263131""}]",,matched,exact_name_address,1.000,reference/43000_1.csv,17068228366013260d8a1e506e0843bc9c0736e8ec7031a9e384d0d32abd7578,00000592,200,200,kumamoto_portal_map,2026-08-01T00:28:20+09:00,matched,portal_shelter_id,1.000,32.822576,131.124638,,,unmatched,manual_no_match,,,32.8226677263131,131.123810047557,gsi_reference,reference_latitude_longitude,complete,0,0,0,0,0,0,0,0,0,0,0,0,0,0,0,0,0
ref:E4342800023111,d5d087a3a418a4076c6f,E4342800023111,E4342800023111,高森町,高森東学園義務教育学校(旧中学校)体育館,熊本県高森町大字野尻1912,高森東学園義務教育学校(旧中学校)体育館,熊本県高森町大字野尻1912,,,,32.825721788016,131.24469613984,"[{""共通ID"": ""E4342800023111"", ""経度"": ""131.24469613984"", ""緯度"": ""32.825721788016""}]",,matched,exact_name_address,1.000,reference/43000_1.csv,17068228366013260d8a1e506e0843bc9c0736e8ec7031a9e384d0d32abd7578,00000606,100,100,kumamoto_portal_map,2026-08-01T00:28:20+09:00,matched,portal_shelter_id,1.000,32.824621,131.245718,,,unmatched,manual_no_match,,,32.825721788016,131.24469613984,gsi_reference,reference_latitude_longitude,complete,0,0,0,0,0,0,0,0,0,0,0,0,0,0,0,0,0
ref:E4342800022111,9eb37e2a4258e7a0626a,E4342800022111,E4342800022111,高森町,高森東学園義務教育学校(旧小学校)体育館,熊本県高森町大字野尻1897,高森東学園義務教育学校(旧小学校)体育館,熊本県高森町大字野尻1897,1,,,32.824529454846,131.245613455328,"[{""共通ID"": ""E4342800022111"", ""経度"": ""131.245613455328"", ""緯度"": ""32.824529454846""}]",,matched,exact_name_address,1.000,reference/43000_1.csv,17068228366013260d8a1e506e0843bc9c0736e8ec7031a9e384d0d32abd7578,00000607,100,100,kumamoto_portal_map,2026-08-01T00:28:20+09:00,matched,portal_shelter_id,1.000,32.824282,131.244926,,,unmatched,manual_no_match,,,32.824529454846,131.245613455328,gsi_reference,reference_latitude_longitude,complete,0,0,0,0,0,0,0,0,0,0,0,0,0,0,0,0,0
ref:E4342800020111,c05532a7a82ea9e4c466,E4342800020111,E4342800020111,高森町,高森町朋遊館,熊本県高森町大字津留43-1,高森町朋遊館,熊本県高森町大字津留43-1,1,,,32.8304416215207,131.261753213103,"[{""共通ID"": ""E4342800020111"", ""経度"": ""131.261753213103"", ""緯度"": ""32.8304416215207""}]",,matched,exact_name_address,1.000,reference/43000_1.csv,17068228366013260d8a1e506e0843bc9c0736e8ec7031a9e384d0d32abd7578,00000605,100,100,kumamoto_portal_map,2026-08-01T00:28:20+09:00,matched,portal_shelter_id,1.000,32.830591,131.261569,,,unmatched,manual_no_match,,,32.8304416215207,131.261753213103,gsi_reference,reference_latitude_longitude,complete,0,0,0,0,0,0,0,0,0,0,0,0,0,0,0,0,0
ref:E4342800015111,7d2efa0467459bbe3d19,E4342800015111,E4342800015111,高森町,高森町民体育館,熊本県高森町大字上色見2813,高森町民体育館,熊本県高森町大字上色見2813,,,,32.8462886214276,131.148723485062,"[{""共通ID"": ""E4342800015111"", ""経度"": ""131.148723485062"", ""緯度"": ""32.8462886214276""}]",,matched,exact_name_address,1.000,reference/43000_1.csv,17068228366013260d8a1e506e0843bc9c0736e8ec7031a9e384d0d32abd7578,00000601,300,300,kumamoto_portal_map,2026-08-01T00:28:20+09:00,matched,portal_shelter_id,1.000,32.846453,131.14868,,,unmatched,manual_no_match,,,32.8462886214276,131.148723485062,gsi_reference,reference_latitude_longitude,complete,0,0,0,0,0,0,0,0,0,0,0,0,0,0,0,0,0
ref:E4342800009111,a3119494c0ab88f601ce,E4342800009111,E4342800009111,高森町,高森町観光交流センター,熊本県高森町大字高森1614-3,高森町観光交流センター,熊本県高森町大字高森1614-3,,,,32.8184551328456,131.125942166733,"[{""共通ID"": ""E4342800009111"", ""経度"": ""131.125942166733"", ""緯度"": ""32.8184551328456""}]",,matched,exact_name_address,1.000,reference/43000_1.csv,17068228366013260d8a1e506e0843bc9c0736e8ec7031a9e384d0d32abd7578,00000596,100,100,kumamoto_portal_map,2026-08-01T00:28:20+09:00,matched,portal_shelter_id,1.000,32.818515,131.125966,,,unmatched,manual_no_match,,,32.8184551328456,131.125942166733,gsi_reference,reference_latitude_longitude,complete,0,0,0,0,0,0,0,0,0,0,0,0,0,0,0,0,0
ref:E4342800011111,d760b686d3d6e2ab4956,E4342800011111,E4342800011111,高森町,高森総合センター,熊本県高森町大字高森2168,高森総合センター,熊本県高森町大字高森2168,,,,32.8275155180787,131.121774240364,"[{""共通ID"": ""E4342800011111"", ""経度"": ""131.121774240364"", ""緯度"": ""32.8275155180787""}]",,matched,exact_name_address,1.000,reference/43000_1.csv,17068228366013260d8a1e506e0843bc9c0736e8ec7031a9e384d0d32abd7578,00000594,100,100,kumamoto_portal_map,2026-08-01T00:28:20+09:00,matched,portal_shelter_id,1.000,32.827262,131.121905,,,unmatched,manual_no_match,,,32.8275155180787,131.121774240364,gsi_reference,reference_latitude_longitude,complete,0,0,0,0,0,0,0,0,0,0,0,0,0,0,0,0,0
ref:E4342800024111,fb5a2fe3501218589864,E4342800024111,E4342800024111,高森町,高森自然学校,熊本県高森町大字矢津田223,高森自然学校,熊本県高森町大字矢津田223,1,,,32.8235933479568,131.192511571742,"[{""共通ID"": ""E4342800024111"", ""経度"": ""131.192511571742"", ""緯度"": ""32.8235933479568""}]",,matched,exact_name_address,1.000,reference/43000_1.csv,17068228366013260d8a1e506e0843bc9c0736e8ec7031a9e384d0d32abd7578,00000604,100,100,kumamoto_portal_map,2026-08-01T00:28:20+09:00,matched,portal_shelter_id,1.000,32.823853,131.192629,,,unmatched,manual_no_match,,,32.8235933479568,131.192511571742,gsi_reference,reference_latitude_longitude,complete,0,0,0,0,0,0,0,0,0,0,0,0,0,0,0,0,0
ref:E4342800005111,e82d8623e75e8d95dc35,E4342800005111,E4342800005111,高森町,高森芙蓉館,熊本県高森町大字高森1258-1,高森芙蓉館,熊本県高森町大字高森1258-1,,,,32.8158220826755,131.126676514136,"[{""共通ID"": ""E4342800005111"", ""経度"": ""131.126676514136"", ""緯度"": ""32.8158220826755""}]",,matched,exact_name_address,1.000,reference/43000_1.csv,17068228366013260d8a1e506e0843bc9c0736e8ec7031a9e384d0d32abd7578,00000595,50,50,kumamoto_portal_map,2026-08-01T00:28:20+09:00,matched,portal_shelter_id,1.000,32.816069,131.126641,,,unmatched,manual_no_match,,,32.8158220826755,131.126676514136,gsi_reference,reference_latitude_longitude,complete,0,0,0,0,0,0,0,0,0,0,0,0,0,0,0,0,0
ref:E4342800007111,968efe306342d63f3f68,E4342800007111,E4342800007111,高森町,高森高校,熊本県高森町大字高森1557,高森高校,熊本県高森町大字高森1557,,,,32.8209004296205,131.125100799374,"[{""共通ID"": ""E4342800007111"", ""経度"": ""131.125100799374"", ""緯度"": ""32.8209004296205""}]",,matched,exact_name_address,1.000,reference/43000_1.csv,17068228366013260d8a1e506e0843bc9c0736e8ec7031a9e384d0d32abd7578,00000593,70,70,kumamoto_portal_map,2026-08-01T00:28:20+09:00,matched,portal_shelter_id,1.000,32.821101,131.125474,,,unmatched,manual_no_match,,,32.8209004296205,131.125100799374,gsi_reference,reference_latitude_longitude,complete,0,0,0,0,0,0,0,0,0,0,0,0,0,0,0,0,0
web:67470bf53cd86bb5ad79,67470bf53cd86bb5ad79,,,益城町,益城町地域共生センターカタル,益城町木山592,,,,,,,,[],,unmatched,fuzzy_below_threshold,0.893,reference/43000_1.csv,17068228366013260d8a1e506e0843bc9c0736e8ec7031a9e384d0d32abd7578,00002329,300,300,kumamoto_portal_map,2026-08-01T00:28:20+09:00,matched,exact_municipality_name_address,1.000,32.8001832836204,130.817423509106,,,unmatched,manual_no_match,,,32.8001832836204,130.817423509106,kumamoto_portal,portal_latitude_longitude,complete,0,0,0,0,0,0,0,0,0,0,0,1,1,1,1,1,1
web:73eaa7b5e800fbfeede6,73eaa7b5e800fbfeede6,,,宇城市,不知火体育館,宇城市不知火町高良2273ー1,,,,,,,,[],,unmatched,fuzzy_below_threshold,0.785,reference/43000_1.csv,17068228366013260d8a1e506e0843bc9c0736e8ec7031a9e384d0d32abd7578,00001138,550,550,kumamoto_portal_map,2026-08-01T00:28:20+09:00,matched,exact_municipality_name_address,1.000,32.645966,130.66853,,,unmatched,manual_no_match,,,32.645966,130.66853,kumamoto_portal,portal_latitude_longitude,complete,0,0,0,0,0,0,0,0,0,0,0,0,0,0,0,0,1
