shelter_id,reference_common_ids,municipality,shelter_name,address,reference_same_address_as_emergency_site,reference_other_mayor_matters,reference_accepted_persons,portal_capacity_persons,latitude,longitude,2026-07-29,2026-07-30,2026-07-31,2026-08-01,2026-08-02,2026-08-03,2026-08-04,2026-08-05,2026-08-06,2026-08-08,2026-08-09,2026-08-10,2026-08-11
ref:E4320400025111,E4320400025111,,中央小学校,熊本県荒尾4043,,,,100,32.9805055,130.4591432,未開設,未開設,未開設,未開設,未開設,未開設,未開設,未開設,未開設,未開設,未開設,未開設,未開設
web:1b11ebfc9830472e8eb5,,あさぎり町,あさぎり町ヘルシーランド,あさぎり町上北1874,,,,3668,32.21724352,130.9004991,未開設,開設（平常）,未開設,未開設,未開設,未開設,未開設,未開設,未開設,未開設,未開設,未開設,未開設
web:004f009ef73a81acd8e5,,あさぎり町,せきれい館,あさぎり町深田西955-1,,,,1287,32.2439056,130.8730801,未開設,開設（平常）,未開設,未開設,未開設,未開設,未開設,未開設,未開設,未開設,未開設,未開設,未開設
ref:E4351400003121,E4351400003121,あさぎり町,ふれあい福祉センター,熊本県あさぎり町岡原北929,,,,,32.240124,130.929311,未開設,未開設,未開設,未開設,未開設,未開設,未開設,未開設,未開設,未開設,未開設,未開設,未開設
ref:E4351400002112,E4351400002112,あさぎり町,もみじ館(予備:岡原保健センター),熊本県あさぎり町岡原北904,,,,,32.239590193854,130.93188707796,未開設,未開設,未開設,未開設,未開設,未開設,未開設,未開設,未開設,未開設,未開設,未開設,未開設
web:eebebe302b998b3791fa,,あさぎり町,ポッポー館,あさぎり町免田東1482-2,,,,1247,32.23641108,130.8942766,未開設,開設（平常）,未開設,未開設,未開設,未開設,未開設,未開設,未開設,未開設,未開設,未開設,未開設
ref:E4351400004111,E4351400004111,あさぎり町,上総合運動公園体育館(予備:武道場),熊本県あさぎり町上東128-2,,,,,32.221566156341,130.90970751655,未開設,未開設,未開設,未開設,未開設,未開設,未開設,未開設,未開設,未開設,未開設,未開設,未開設
ref:E4351400019111,E4351400019111,あさぎり町,免田地区体育館(予備:武道場),熊本県あさぎり町免田東1774,,,,,32.234893,130.898965,未開設,未開設,未開設,未開設,未開設,未開設,未開設,未開設,未開設,未開設,未開設,未開設,未開設
ref:E4351400018111,E4351400018111,あさぎり町,免田小学校体育館,熊本県あさぎり町免田東1719,,,,,32.235215,130.896114,未開設,未開設,未開設,未開設,未開設,未開設,未開設,未開設,未開設,未開設,未開設,未開設,未開設
ref:E4351400009111,E4351400009111,あさぎり町,南稜高校体育館,熊本県あさぎり町上北310,,,,,32.232361,130.895509,未開設,未開設,未開設,未開設,未開設,未開設,未開設,未開設,未開設,未開設,未開設,未開設,未開設
web:3a8404b0106119c2a485,,あさぎり町,岡原かえで館,あさぎり町岡原北929,,,,2400,32.24013735,130.9294546,未開設,開設（平常）,開設（平常）,未開設,未開設,未開設,未開設,未開設,未開設,未開設,未開設,未開設,未開設
ref:E4351400001111,E4351400001111,あさぎり町,岡原小学校体育館,熊本県あさぎり町岡原北1313,,,,,32.237951,130.933561,未開設,未開設,未開設,未開設,未開設,未開設,未開設,未開設,未開設,未開設,未開設,未開設,未開設
ref:E4351400013111,E4351400013111,あさぎり町,深田小学校体育館,熊本県あさぎり町深田東787,,,,,32.24468,130.875254,未開設,未開設,未開設,未開設,未開設,未開設,未開設,未開設,未開設,未開設,未開設,未開設,未開設
ref:E4351400011111,E4351400011111,あさぎり町,深田高山総合運動公園体育館(予備:定住促進センター),熊本県あさぎり町深田東1404,,,,,32.250474,130.877483,未開設,未開設,未開設,未開設,未開設,未開設,未開設,未開設,未開設,未開設,未開設,未開設,未開設
ref:E4351400015111,E4351400015111,あさぎり町,須恵小学校体育館,熊本県あさぎり町須恵1230,,,,5798,32.265961,130.900509,未開設,未開設,未開設,未開設,未開設,未開設,未開設,未開設,未開設,未開設,未開設,未開設,未開設
web:279a6521403b63e3b4fb,,あさぎり町,須恵文化ホール,熊本県あさぎり町須恵,,,,,32.26668266,130.9002305,未開設,開設（不明）,開設（平常）,未開設,未開設,未開設,未開設,未開設,未開設,未開設,未開設,未開設,未開設
ref:E4351400014111,E4351400014111,あさぎり町,須恵文化ホール(予備:研修室・会議室),熊本県あさぎり町須恵1227,,,,,32.266571,130.900365,未開設,未開設,未開設,未開設,未開設,未開設,未開設,未開設,未開設,未開設,未開設,未開設,未開設
ref:E4321200028111,E4321200028111,上天草市,上天草高等学校,熊本県上天草市大矢野町中5424,1,,,348,32.567816,130.441669,未開設,未開設,未開設,未開設,未開設,未開設,未開設,未開設,未開設,未開設,未開設,未開設,未開設
ref:E4321200019111,E4321200019111,上天草市,上小学校,熊本県上天草市大矢野町上1119,1,,,293,32.585879,130.423341,未開設,未開設,未開設,未開設,未開設,未開設,未開設,未開設,未開設,未開設,未開設,未開設,未開設
ref:E4321200025111,E4321200025111,上天草市,中北小学校,熊本県上天草市大矢野町中1918,1,,,175,32.573276,130.433757,未開設,未開設,未開設,未開設,未開設,未開設,未開設,未開設,未開設,未開設,未開設,未開設,未開設
ref:E4321200030111,E4321200030111,上天草市,中南小学校,熊本県上天草市大矢野町中9720,1,,,327,32.552076,130.435946,未開設,未開設,未開設,未開設,未開設,未開設,未開設,未開設,未開設,未開設,未開設,未開設,未開設
ref:E4321200027111,E4321200027111,上天草市,大矢野中学校,熊本県上天草市大矢野町中483,1,,,376,32.58294470193,130.43026424841,未開設,未開設,未開設,未開設,未開設,未開設,未開設,未開設,未開設,未開設,未開設,未開設,未開設
ref:E4321200068111,E4321200068111,上天草市,大矢野図書館,熊本県上天草市大矢野町中977-5,1,,,,32.576648,130.421575,未開設,未開設,未開設,未開設,未開設,未開設,未開設,未開設,未開設,未開設,未開設,未開設,未開設
ref:E4321200026111,E4321200026111,上天草市,大矢野総合体育館,上天草市大矢野町中2289,1,,,1152,32.573336,130.422964,未開設,開設（平常）,開設（平常）,開設（平常）,開設（平常）,開設（平常）,開設（平常）,開設（平常）,開設（平常）,開設（平常）,開設（平常）,開設（平常）,未開設
ref:E4321200024111,E4321200024111,上天草市,大矢野老人福祉センター,熊本県上天草市大矢野町中11582-1,1,,,240,32.577923658322,130.41964866672,未開設,未開設,未開設,未開設,未開設,未開設,未開設,未開設,未開設,未開設,未開設,未開設,未開設
ref:E4321200021111,E4321200021111,上天草市,大矢野自然休養村管理センター,熊本県上天草市大矢野町上1539,1,,,211,32.586938,130.42779536442,未開設,未開設,未開設,未開設,未開設,未開設,未開設,未開設,未開設,未開設,未開設,未開設,未開設
ref:E4321200056111,E4321200056111,上天草市,大道老人福祉センター,熊本県上天草市龍ケ岳町大道3669-1,1,,,110,32.3909449752696,130.367450579471,未開設,未開設,未開設,未開設,未開設,未開設,未開設,未開設,未開設,未開設,未開設,未開設,未開設
ref:E4321200011111,E4321200011111,上天草市,天草青年の家,熊本県上天草市松島町合津5500,1,,,1160,32.504147,130.418185,未開設,未開設,未開設,未開設,未開設,未開設,未開設,未開設,未開設,未開設,未開設,未開設,未開設
ref:E4321200040111,E4321200040111,上天草市,姫戸中学校,熊本県上天草市姫戸町姫浦2500,1,,,322,32.440742488639,130.40702356472,未開設,未開設,未開設,未開設,未開設,未開設,未開設,未開設,未開設,未開設,未開設,未開設,未開設
ref:E4321200036111,E4321200036111,上天草市,姫戸体育館,熊本県上天草市姫戸町二間戸3408,1,,,337,32.428557,130.402562,未開設,未開設,未開設,未開設,未開設,未開設,未開設,未開設,未開設,未開設,未開設,未開設,未開設
ref:E4321200047112,E4321200047112,上天草市,姫戸小学校体育館,熊本県上天草市姫戸町姫浦656-3,1,,,310,32.433636,130.406261,未開設,未開設,未開設,未開設,未開設,未開設,未開設,未開設,未開設,未開設,未開設,未開設,未開設
ref:E4321200043111,E4321200043111,上天草市,姫戸統括支所(姫戸地域振興センター),上天草市姫戸町姫浦3384-5,1,,,88,32.447271,130.41633,未開設,開設（平常）,開設（平常）,開設（平常）,開設（平常）,開設（平常）,開設（平常）,開設（平常）,開設（平常）,開設（平常）,開設（平常）,開設（平常）,未開設
ref:E4321200042112,E4321200042112,上天草市,姫戸老人福祉センター,熊本県上天草市姫戸町姫浦3055-15,1,,,217,32.442314,130.41506,未開設,未開設,未開設,未開設,未開設,未開設,未開設,未開設,未開設,未開設,未開設,未開設,未開設
web:e42624d1160f6df2b798,,上天草市,市役所松島庁舎,上天草市松島町合津7915-1,,,,104,32.51827884,130.432705,未開設,開設（平常）,開設（平常）,開設（平常）,開設（平常）,開設（平常）,開設（平常）,開設（平常）,開設（平常）,開設（平常）,開設（平常）,開設（平常）,未開設
ref:E4321200005111,E4321200005111,上天草市,教良木河内交流センター(教良木出張所),熊本県上天草市松島町教良木2796,1,,,84,32.465503,130.377204,未開設,未開設,未開設,未開設,未開設,未開設,未開設,未開設,未開設,未開設,未開設,未開設,未開設
ref:E4321200007111,E4321200007111,上天草市,教良木河内山村広場体育館,熊本県上天草市松島町教良木4647,1,,,167,32.461651028731,130.36473669275,未開設,未開設,未開設,未開設,未開設,未開設,未開設,未開設,未開設,未開設,未開設,未開設,未開設
ref:E4321200022111,E4321200022111,上天草市,旧上北小学校体育館,熊本県上天草市大矢野町上3360,1,,,,32.601642634293,130.42207645767,未開設,未開設,未開設,未開設,未開設,未開設,未開設,未開設,未開設,未開設,未開設,未開設,未開設
ref:E4321200017111,E4321200017111,上天草市,旧維和中学校体育館,熊本県上天草市大矢野町維和1757,1,,,316,32.5746733,130.4664882,未開設,未開設,未開設,未開設,未開設,未開設,未開設,未開設,未開設,未開設,未開設,未開設,未開設
ref:E4321200002111,E4321200002111,上天草市,旧阿村中学校体育館,熊本県上天草市松島町阿村841-2,1,,,338,32.516107,130.449041,未開設,未開設,未開設,未開設,未開設,未開設,未開設,未開設,未開設,未開設,未開設,未開設,未開設
ref:E4321200008111,E4321200008111,上天草市,松島中学校,熊本県上天草市松島町合津2649,1,,,390,32.497847609339,130.42167326098,未開設,未開設,未開設,未開設,未開設,未開設,未開設,未開設,未開設,未開設,未開設,未開設,未開設
ref:E4321200010111,E4321200010111,上天草市,松島総合センターアロマ,熊本県上天草市松島町合津4276-44,1,,,1050,32.516011,130.431249,未開設,未開設,未開設,未開設,未開設,未開設,未開設,未開設,未開設,未開設,未開設,未開設,未開設
ref:E4321200012111,E4321200012111,上天草市,樋合体育館,熊本県上天草市松島町合津6973-16,1,,,238,32.541518911285,130.40629427117,未開設,未開設,未開設,未開設,未開設,未開設,未開設,未開設,未開設,未開設,未開設,未開設,未開設
ref:E4321200061111,E4321200061111,上天草市,樋島体育館,熊本県上天草市龍ケ岳町樋島500-1,1,,,249,32.391385,130.412432,未開設,未開設,未開設,未開設,未開設,未開設,未開設,未開設,未開設,未開設,未開設,未開設,未開設
ref:E4321200058111,E4321200058111,上天草市,樋島老人福祉センター(樋島出張所),上天草市龍ヶ岳町樋島2-11,1,,,171,32.395607,130.411461,未開設,開設（平常）,開設（平常）,開設（平常）,開設（平常）,開設（平常）,開設（平常）,開設（平常）,開設（平常）,開設（平常）,開設（平常）,開設（平常）,未開設
ref:E4321200033111,E4321200033111,上天草市,湯島小中学校,熊本県上天草市大矢野町湯島154,1,,,228,32.603668,130.342043,未開設,未開設,未開設,未開設,未開設,未開設,未開設,未開設,未開設,未開設,未開設,未開設,未開設
ref:E4321200031111,E4321200031111,上天草市,登立小学校,熊本県上天草市大矢野町登立14103,1,,,405,32.592612,130.440171,未開設,未開設,未開設,未開設,未開設,未開設,未開設,未開設,未開設,未開設,未開設,未開設,未開設
ref:E4321200018111,E4321200018111,上天草市,維和小学校,熊本県上天草市大矢野町維和1787,1,,,280,32.573762,130.465733,未開設,開設（平常）,未開設,未開設,未開設,未開設,未開設,未開設,未開設,未開設,未開設,未開設,未開設
ref:E4321200001111,E4321200001111,上天草市,阿村体育館,熊本県上天草市松島町阿村5779-1,1,,,241,32.518801096052,130.45088588619,未開設,未開設,未開設,未開設,未開設,未開設,未開設,未開設,未開設,未開設,未開設,未開設,未開設
ref:E4321200064111,E4321200064111,上天草市,龍ヶ岳中学校,熊本県上天草市龍ヶ岳町高戸3053-1,1,,,297,32.3966,130.39999,未開設,未開設,未開設,未開設,未開設,未開設,未開設,未開設,未開設,未開設,未開設,未開設,未開設
ref:E4321200049111,E4321200049111,上天草市,龍ヶ岳体育館,熊本県上天草市龍ケ岳町高戸1419-12,1,,,448,32.393877882361,130.39206507976,未開設,未開設,未開設,未開設,未開設,未開設,未開設,未開設,未開設,未開設,未開設,未開設,未開設
ref:E4321200067111,E4321200067111,上天草市,龍ヶ岳統括支所(龍ヶ岳地域振興センター),熊本県上天草市龍ヶ岳町高戸1412,,,,178,32.394224,130.389595,未開設,未開設,未開設,未開設,未開設,未開設,未開設,未開設,未開設,未開設,未開設,未開設,未開設
ref:E4351100022111,E4351100022111,五木村,三浦体育館,熊本県五木村甲字嶽4797-3,1,,,300,32.41330252,130.861621,未開設,未開設,未開設,未開設,未開設,未開設,未開設,未開設,未開設,未開設,未開設,未開設,未開設
ref:E4351100023111,E4351100023111,五木村,三浦地区集会室,熊本県五木村甲字嶽4797-6,1,,,50,32.41349392,130.861621,未開設,未開設,未開設,未開設,未開設,未開設,未開設,未開設,未開設,未開設,未開設,未開設,未開設
ref:E4351100013111,E4351100013111,五木村,下梶原体育館,熊本県五木村甲字下梶原4263-10,1,,,200,32.391918,130.923289,未開設,未開設,未開設,未開設,未開設,未開設,未開設,未開設,未開設,未開設,未開設,未開設,未開設
ref:E4351100007111,E4351100007111,五木村,下梶原集会所,熊本県五木村甲4257-169,1,,,,32.390974,130.9211,未開設,未開設,未開設,未開設,未開設,未開設,未開設,未開設,未開設,未開設,未開設,未開設,未開設
ref:E4351100006111,E4351100006111,五木村,下谷集会所,熊本県五木村甲1701-4,1,,,,32.384435,130.83704,未開設,未開設,未開設,未開設,未開設,未開設,未開設,未開設,未開設,未開設,未開設,未開設,未開設
ref:E4351100005111,E4351100005111,五木村,中村地区集会所,熊本県五木村乙字中村1629,1,,,20,32.448826,130.765232,未開設,未開設,未開設,未開設,未開設,未開設,未開設,未開設,未開設,未開設,未開設,未開設,未開設
ref:E4351100014121,E4351100014121,五木村,五木村社協介護サービスセンター,熊本県五木村甲字下手2672-41,,,要配慮者,40,32.39809,130.82774,未開設,未開設,未開設,未開設,未開設,未開設,未開設,未開設,未開設,未開設,未開設,未開設,未開設
ref:E4351100017111,E4351100017111,五木村,五木東小学校体育館,熊本県五木村甲字松本3374-51,1,,,300,32.40174515,130.8266286,未開設,未開設,未開設,未開設,未開設,未開設,未開設,未開設,未開設,未開設,未開設,未開設,未開設
ref:E4351100018111,E4351100018111,五木村,伝統文化伝承館,熊本県五木村甲字田口2997-21,1,,,45,32.39923667,130.8278943,未開設,未開設,未開設,未開設,未開設,未開設,未開設,未開設,未開設,未開設,未開設,未開設,未開設
ref:E4351100009111,E4351100009111,五木村,入鴨集会所,熊本県五木村甲4605-1,1,,,,32.41717075,130.8862861,未開設,未開設,未開設,未開設,未開設,未開設,未開設,未開設,未開設,未開設,未開設,未開設,未開設
ref:E4351100011111,E4351100011111,五木村,八重集会所,熊本県五木村甲6264-2,1,,,,32.45681381,130.8593214,未開設,未開設,未開設,未開設,未開設,未開設,未開設,未開設,未開設,未開設,未開設,未開設,未開設
ref:E4351100021111,E4351100021111,五木村,南地区集会室,熊本県五木村甲字野々脇458-2,1,,,50,32.3621619,130.8425914,未開設,未開設,未開設,未開設,未開設,未開設,未開設,未開設,未開設,未開設,未開設,未開設,未開設
ref:E4351100016111,E4351100016111,五木村,宮園交流館,熊本県五木村甲字宮園5670,1,,,200,32.44179618,130.8575626,未開設,未開設,未開設,未開設,未開設,未開設,未開設,未開設,未開設,未開設,未開設,未開設,未開設
ref:E4351100020111,E4351100020111,五木村,宮園憩いの家,熊本県五木村甲字北西谷6900-2,1,,,50,32.44193655,130.8562613,未開設,未開設,未開設,未開設,未開設,未開設,未開設,未開設,未開設,未開設,未開設,未開設,未開設
ref:E4351100016121,E4351100016121,五木村,小規模多機能ホーム 五木の友,熊本県五木村甲字宮園5670,1,,要配慮者,15,32.44165,130.85766,未開設,未開設,未開設,未開設,未開設,未開設,未開設,未開設,未開設,未開設,未開設,未開設,未開設
ref:E4351100026111,E4351100026111,五木村,小鶴体育館,熊本県五木村丙字小鶴321-2,1,,,300,32.44525117,130.7756227,未開設,未開設,未開設,未開設,未開設,未開設,未開設,未開設,未開設,未開設,未開設,未開設,未開設
ref:E4351100001111,E4351100001111,五木村,山口集会所,熊本県五木村乙1763,1,,,,32.448776,130.741307,未開設,未開設,未開設,未開設,未開設,未開設,未開設,未開設,未開設,未開設,未開設,未開設,未開設
ref:E4351100002111,E4351100002111,五木村,日当集会所,熊本県五木村乙1839-2,1,,,,32.4321274,130.732062,未開設,未開設,未開設,未開設,未開設,未開設,未開設,未開設,未開設,未開設,未開設,未開設,未開設
ref:E4351100024111,E4351100024111,五木村,日添集会所,熊本県五木村丙20-4,1,,,,32.43356678,130.7339278,未開設,未開設,未開設,未開設,未開設,未開設,未開設,未開設,未開設,未開設,未開設,未開設,未開設
ref:E4351100003111,E4351100003111,五木村,林業センター体育館,熊本県五木村乙字高野665-35,1,,,300,32.39994407,130.8155944,未開設,未開設,未開設,未開設,未開設,未開設,未開設,未開設,未開設,未開設,未開設,未開設,未開設
ref:E4351100012111,E4351100012111,五木村,栗鶴集会所,熊本県五木村甲7251-1,1,,,,32.433628,130.85324,未開設,未開設,未開設,未開設,未開設,未開設,未開設,未開設,未開設,未開設,未開設,未開設,未開設
ref:E4351100008111,E4351100008111,五木村,梶原集会所,熊本県五木村甲4342,1,,,,32.40632795,130.8731365,未開設,未開設,未開設,未開設,未開設,未開設,未開設,未開設,未開設,未開設,未開設,未開設,未開設
ref:E4351100019111,E4351100019111,五木村,瀬目地区集会所,熊本県五木村甲字南瀬目234-2,1,,,20,32.353054,130.853519,未開設,未開設,未開設,未開設,未開設,未開設,未開設,未開設,未開設,未開設,未開設,未開設,未開設
ref:E4351100004111,E4351100004111,五木村,端海野ハウス,熊本県五木村乙字上小鶴1561-24,1,,,50,32.488285,130.802032,未開設,未開設,未開設,未開設,未開設,未開設,未開設,未開設,未開設,未開設,未開設,未開設,未開設
ref:E4351100010111,E4351100010111,五木村,竹の川集会所,熊本県五木村甲4863,1,,,,32.41768245,130.8555007,未開設,未開設,未開設,未開設,未開設,未開設,未開設,未開設,未開設,未開設,未開設,未開設,未開設
ref:E4351100015111,E4351100015111,五木村,葛の八重地区集会所,熊本県五木村甲字葛の八重746,1,,,20,32.364124,130.857344,未開設,未開設,未開設,未開設,未開設,未開設,未開設,未開設,未開設,未開設,未開設,未開設,未開設
ref:E4351100025111,E4351100025111,五木村,西地区集会室,熊本県五木村丙字小鶴321-1,1,,,50,32.44548968,130.7751839,未開設,未開設,未開設,未開設,未開設,未開設,未開設,未開設,未開設,未開設,未開設,未開設,未開設
ref:E4351100003112,E4351100003112,五木村,高野体育館,熊本県五木村乙字高野665-35,1,,,,32.39997919,130.8150893,未開設,未開設,未開設,未開設,未開設,未開設,未開設,未開設,未開設,未開設,未開設,未開設,未開設
ref:E4320300034111,E4320300034111,人吉市,中原コミュニティセンター,熊本県人吉市下原田町字荒毛2136,1,,,600,32.23171569,130.7243576,未開設,未開設,未開設,未開設,未開設,未開設,未開設,未開設,未開設,未開設,未開設,未開設,未開設
ref:E4320300037111,E4320300037111,人吉市,中原小学校,熊本県人吉市中神町字段548,1,,,3500,32.22480555,130.7195342,未開設,開設（平常）,未開設,未開設,未開設,未開設,未開設,未開設,未開設,未開設,未開設,未開設,未開設
ref:E4320300011111,E4320300011111,人吉市,中小企業大学校,熊本県人吉市鬼木町1769-1,1,,,50,32.230032195857,130.77695855616,未開設,未開設,未開設,未開設,未開設,未開設,未開設,未開設,未開設,未開設,未開設,未開設,未開設
ref:E4320300006111,E4320300006111,人吉市,人吉スポーツパレス,熊本県人吉市下城本町1566-1,1,,,,32.21811533,130.7391314,未開設,開設（不明）,未開設,未開設,未開設,未開設,未開設,未開設,未開設,未開設,未開設,未開設,未開設
ref:E4320300031111,E4320300031111,人吉市,人吉商工会議所,熊本県人吉市南泉田町3-3,,,,100,32.217517274642,130.76122109456,未開設,未開設,未開設,未開設,未開設,未開設,未開設,未開設,未開設,未開設,未開設,未開設,未開設
refgroup:cdeffa69475240d7015f,E4320300038111;E4320300038121,人吉市,人吉市保健センター,熊本県人吉市西間下町118-1,1,,視覚障害者、聴覚障害者,1100,32.205734,130.759307,未開設,開設（平常）,未開設,未開設,未開設,未開設,未開設,未開設,未開設,未開設,未開設,未開設,未開設
ref:E4320300009121,E4320300009121,人吉市,人吉市養護老人ホーム延寿荘,熊本県人吉市蟹作町211-1,,左記の者のうち、事前に市が特定し、環境調整を事前に行った者,高齢者(自立度の高い方),,32.193606128572,130.78143554054,未開設,未開設,未開設,未開設,未開設,未開設,未開設,未開設,未開設,未開設,未開設,未開設,未開設
ref:E4320300016111,E4320300016111,人吉市,人吉東小学校,熊本県人吉市七日町100-1,1,,,6500,32.216283,130.766888,未開設,開設（平常）,未開設,未開設,未開設,未開設,未開設,未開設,未開設,未開設,未開設,未開設,未開設
ref:E4320300022111,E4320300022111,人吉市,人吉西小学校,熊本県人吉市城本町873,1,,,7000,32.2193424,130.754518,未開設,開設（平常）,未開設,未開設,未開設,未開設,未開設,未開設,未開設,未開設,未開設,未開設,未開設
ref:E4320300032111,E4320300032111,人吉市,人吉高校,熊本県人吉市北泉田町350,1,,,450,32.22047595833,130.76788229692,未開設,未開設,未開設,未開設,未開設,未開設,未開設,未開設,未開設,未開設,未開設,未開設,未開設
ref:E4320300040121,E4320300040121,人吉市,介護老人保健施設タンポポ,熊本県人吉市下漆田町1538,,,高齢者(要支援・介護認定を受けていない要配慮者)、その他、在宅で一般の避難所での生活では何らかの支障をきたす者(要付添),,32.190651260067,130.79348626089,未開設,未開設,未開設,未開設,未開設,未開設,未開設,未開設,未開設,未開設,未開設,未開設,未開設
ref:E4320300010121,E4320300010121,人吉市,地域密着型特別養護老人ホームアゼリア,熊本県人吉市蟹作町3690,,左記の者のうち、事前に市が特定し、環境調整を事前に行った者,高齢者,,32.195192246349,130.77488722577,未開設,未開設,未開設,未開設,未開設,未開設,未開設,未開設,未開設,未開設,未開設,未開設,未開設
ref:E4320300025111,E4320300025111,人吉市,大畑コミュニティセンター,熊本県人吉市大畑町4071-2,1,,,2000,32.16311136,130.8021827,未開設,開設（平常）,未開設,未開設,未開設,未開設,未開設,未開設,未開設,未開設,未開設,未開設,未開設
ref:E4320300026111,E4320300026111,人吉市,大畑小学校,熊本県人吉市大畑町4097,1,,,4000,32.16292151,130.8035476,未開設,未開設,未開設,未開設,未開設,未開設,未開設,未開設,未開設,未開設,未開設,未開設,未開設
ref:E4320300008111,E4320300008111,人吉市,東間コミュニティセンター,熊本県人吉市蟹作町1531-1,1,,,3375,32.196393130208,130.77540201305,未開設,開設（平常）,未開設,未開設,未開設,未開設,未開設,未開設,未開設,未開設,未開設,未開設,未開設
ref:E4320300030111,E4320300030111,人吉市,東間小学校,熊本県人吉市東間下町2683,1,,,3500,32.203725,130.766611,未開設,未開設,未開設,未開設,未開設,未開設,未開設,未開設,未開設,未開設,未開設,未開設,未開設
ref:E4320300014121,E4320300014121,人吉市,特別養護老人ホーム聖心ホーム,熊本県人吉市寺町9-5,,左記の者のうち、事前に市が特定し、環境調整を事前に行った者,高齢者,,32.20686997871,130.76172723239,未開設,未開設,未開設,未開設,未開設,未開設,未開設,未開設,未開設,未開設,未開設,未開設,未開設
ref:E4320300002121,E4320300002121,人吉市,特別養護老人ホーム龍生園,熊本県人吉市下原田町字瓜生田1057-9,,左記の者のうち、要介護者は家族付添い,高齢者(要配慮者),,32.230779713327,130.72016093431,未開設,未開設,未開設,未開設,未開設,未開設,未開設,未開設,未開設,未開設,未開設,未開設,未開設
ref:E4320300021111,E4320300021111,人吉市,球磨工業高校,熊本県人吉市城本町800,1,,,250,32.219248564488,130.75250332843,未開設,未開設,未開設,未開設,未開設,未開設,未開設,未開設,未開設,未開設,未開設,未開設,未開設
ref:E4320300028111,E4320300028111,人吉市,田野活性化センター,熊本県人吉市田野町3392-2,1,,,100,32.13821225,130.6822905,未開設,未開設,未開設,未開設,未開設,未開設,未開設,未開設,未開設,未開設,未開設,未開設,未開設
ref:E4320300029111,E4320300029111,人吉市,第一中学校,熊本県人吉市土手町36-3,1,,,10000,32.207752,130.759332,未開設,未開設,未開設,未開設,未開設,未開設,未開設,未開設,未開設,未開設,未開設,未開設,未開設
ref:E4320300018111,E4320300018111,人吉市,第三中学校,熊本県人吉市上田代町2008,1,,,4500,32.16780161,130.8039627,未開設,未開設,未開設,未開設,未開設,未開設,未開設,未開設,未開設,未開設,未開設,未開設,未開設
ref:E4320300019111,E4320300019111,人吉市,第二中学校,熊本県人吉市上林町622,1,,,14000,32.22168798,130.744083,未開設,未開設,未開設,未開設,未開設,未開設,未開設,未開設,未開設,未開設,未開設,未開設,未開設
ref:E4320300039111,E4320300039111,人吉市,西瀬コミュニティセンター,熊本県人吉市下戸越町1678-1,,,,1000,32.207001,130.73616,未開設,開設（平常）,未開設,未開設,未開設,未開設,未開設,未開設,未開設,未開設,未開設,未開設,未開設
ref:E4320300015111,E4320300015111,人吉市,西瀬コミュニティセンター鹿目分館,熊本県人吉市鹿目町2515,1,,,900,32.19031104,130.6890843,未開設,未開設,未開設,未開設,未開設,未開設,未開設,未開設,未開設,未開設,未開設,未開設,未開設
ref:E4320300004111,E4320300004111,人吉市,西瀬小学校,熊本県人吉市下戸越町1654-1,1,,,3000,32.206405,130.736667,未開設,未開設,未開設,未開設,未開設,未開設,未開設,未開設,未開設,未開設,未開設,未開設,未開設
ref:E4320300013121,E4320300013121,人吉市,障がい者支援施設けやき,熊本県人吉市合ノ原町461-2,,,市が特定した者で介助者同伴のみ,,32.236021445962,130.74375697569,未開設,未開設,未開設,未開設,未開設,未開設,未開設,未開設,未開設,未開設,未開設,未開設,未開設
ref:E4320300009122,E4320300009122,人吉市,障害者支援施設うぐいす,熊本県人吉市蟹作町211-1,,,知的障害者及びその家族,,32.193247636663,130.78158320801,未開設,未開設,未開設,未開設,未開設,未開設,未開設,未開設,未開設,未開設,未開設,未開設,未開設
web:c9b5d28a0b103a2afed7,,八代市,さかもと青少年センター分館,八代市坂本町中谷い1270,,,,150,32.44345307,130.669119,未開設,開設（不明）,開設（不明）,未開設,未開設,未開設,未開設,未開設,未開設,未開設,未開設,未開設,未開設
ref:E4320200037121,E4320200037121,八代市,ふくしステーション 千の穂,熊本県八代市高下西町1760,,,要配慮者,14,32.4869960672412,130.60854214312,未開設,未開設,未開設,未開設,未開設,未開設,未開設,未開設,未開設,未開設,未開設,未開設,未開設
web:8ea216df3abe1685c187,,八代市,みんなの家(中津道),熊本県八代市坂本町中津道300,,,,30,32.38254779,130.6546295,未開設,開設（不明）,開設（不明）,未開設,未開設,未開設,未開設,未開設,未開設,未開設,未開設,未開設,未開設
ref:E4320200123121,E4320200123121,八代市,キャッスル麦島,熊本県八代市古城町1938-1,,,要配慮者,,32.499862,130.597359,未開設,未開設,未開設,未開設,未開設,未開設,未開設,未開設,未開設,未開設,未開設,未開設,未開設
web:843372517cc28fb05bb6,,八代市,久多良木多目的集会施設,八代市坂本町百済来下694,,,,100,32.39685703,130.5963205,未開設,開設（不明）,開設（不明）,未開設,未開設,未開設,未開設,未開設,未開設,未開設,未開設,未開設,未開設
web:1b6fa2f886fba25b241b,,八代市,二見コミュニティセンター,八代市二見下大野町2432-1,,,,200,32.40723164,130.5588755,未開設,開設（平常）,開設（平常）,開設（不明）,開設（平常）,開設（不明）,開設（不明）,開設（不明）,開設（平常）,開設（不明）,開設（不明）,開設（不明）,開設（平常）
web:d041a260fd1c907e244b,,八代市,二見中学校,八代市二見本町852,,,,410,32.40341066,130.557775,未開設,開設（不明）,開設（不明）,未開設,未開設,未開設,未開設,未開設,未開設,未開設,未開設,未開設,未開設
web:72f6dcdf42be5b1c9c60,,八代市,二見小学校,八代市二見下大野町2258-1,,,,610,32.40750466,130.5597266,未開設,開設（不明）,開設（不明）,未開設,未開設,未開設,未開設,未開設,未開設,未開設,未開設,未開設,未開設
web:fb3044a2b79afc80e386,,八代市,今泉地区公民館,熊本県八代市坂本町西部ろ1292番地,,,,40,32.47076399,130.6387398,未開設,開設（平常）,開設（平常）,開設（平常）,開設（平常）,開設（平常）,開設（平常）,未開設,未開設,未開設,未開設,未開設,未開設
ref:E4320200006121,E4320200006121,八代市,介護老人保健施設 かがみ苑,熊本県八代市塩浜町11-235,,,要配慮者,10,32.5616482729161,130.618190667178,未開設,未開設,未開設,未開設,未開設,未開設,未開設,未開設,未開設,未開設,未開設,未開設,未開設
ref:E4320200024121,E4320200024121,八代市,介護老人保健施設 とまと,熊本県八代市郡築一番町180-1,,,要配慮者,50,32.5152625989081,130.564681054759,未開設,未開設,未開設,未開設,未開設,未開設,未開設,未開設,未開設,未開設,未開設,未開設,未開設
ref:E4320200032121,E4320200032121,八代市,介護老人保健施設 アメニティゆうりん,熊本県八代市古閑浜町3401,,,要配慮者,10,32.5375063523615,130.599773813306,未開設,未開設,未開設,未開設,未開設,未開設,未開設,未開設,未開設,未開設,未開設,未開設,未開設
ref:E4320200087121,E4320200087121,八代市,介護老人保健施設 向春苑,熊本県八代市大福寺町2411-1,,,要配慮者,10,32.4734832544415,130.591844578177,未開設,未開設,未開設,未開設,未開設,未開設,未開設,未開設,未開設,未開設,未開設,未開設,未開設
web:78670aceb0f1a33db766,,八代市,代陽コミュニティセンター,八代市西松江城町2-18,,,,200,32.50711793,130.597334,未開設,開設（混雑）,開設（混雑）,開設（混雑）,開設（混雑）,開設（混雑）,開設（混雑）,開設（混雑）,開設（混雑）,開設（不明）,開設（不明）,開設（不明）,開設（平常）
web:ca66162b50dcc013b548,,八代市,代陽コミュニティセンター,熊本県八代市,,,,,32.50744982000003,130.60182023000004,未開設,未開設,未開設,未開設,未開設,未開設,未開設,未開設,未開設,開設（不明）,未開設,未開設,未開設
web:b276f19a065b0486ded4,,八代市,代陽小学校,八代市北の丸町1-7,,,,1000,32.50952708,130.6017492,未開設,開設（不明）,開設（不明）,開設（不明）,開設（不明）,開設（不明）,未開設,未開設,未開設,未開設,未開設,未開設,未開設
web:bb62aded1e4ed62ec037,,八代市,八代コミュニティセンター,八代市新地町6-3,,,,200,32.50916831,130.5905641,未開設,開設（不明）,開設（不明）,開設（不明）,開設（不明）,開設（不明）,開設（不明）,開設（不明）,開設（不明）,開設（不明）,開設（不明）,開設（不明）,開設（不明）
ref:E4320200119111,E4320200119111,八代市,八代トヨオカ地建アリーナ(総合体育館),八代市緑町11-1,1,,,3000,32.50473737,130.6105499,未開設,開設（不明）,開設（不明）,開設（不明）,開設（不明）,開設（不明）,開設（不明）,開設（不明）,開設（不明）,開設（不明）,開設（不明）,開設（不明）,開設（不明）
ref:E4320200127121,E4320200127121,八代市,八代五家荘デイサービスセンター福寿草,熊本県八代市泉町椎原又1-1,,,要配慮者,20,32.489882,130.902933,未開設,未開設,未開設,未開設,未開設,未開設,未開設,未開設,未開設,未開設,未開設,未開設,未開設
ref:E4320200100121,E4320200100121,八代市,八代学園,熊本県八代市二見本町240,,,要配慮者,20,32.4010084704347,130.550467336131,未開設,未開設,未開設,未開設,未開設,未開設,未開設,未開設,未開設,未開設,未開設,未開設,未開設
web:452a87fd3b7d540aee9a,,八代市,八代小学校,八代市新地町4-1,,,,1120,32.50936386,130.5914653,未開設,開設（不明）,開設（不明）,開設（不明）,開設（不明）,開設（不明）,開設（不明）,開設（不明）,開設（不明）,開設（不明）,開設（不明）,開設（不明）,開設（不明）
ref:E4320200036111,E4320200036111,八代市,八代市保健センター,八代市高下西町1726-5,1,,,672,32.48753299,130.6081132,未開設,開設（不明）,開設（不明）,開設（不明）,開設（不明）,開設（不明）,開設（不明）,開設（不明）,開設（不明）,開設（不明）,開設（不明）,開設（不明）,開設（不明）
ref:E4320200076121,E4320200076121,八代市,八代市泉憩いの家,熊本県八代市泉町下岳2974,1,,要配慮者,,32.5759440405196,130.791196733553,未開設,未開設,未開設,未開設,未開設,未開設,未開設,未開設,未開設,未開設,未開設,未開設,未開設
ref:E4320200102111,E4320200102111,八代市,八代市立二見中学校,熊本県八代市二見本町852,1,,,410,32.40339896,130.5579365,未開設,未開設,未開設,未開設,未開設,未開設,未開設,未開設,未開設,未開設,未開設,未開設,未開設
ref:E4320200098111,E4320200098111,八代市,八代市立二見小学校,熊本県八代市二見下大野町2258-1,1,,,610,32.40740252,130.5598938,未開設,未開設,未開設,未開設,未開設,未開設,未開設,未開設,未開設,未開設,未開設,未開設,未開設
ref:E4320200117111,E4320200117111,八代市,八代市立代陽小学校,熊本県八代市北の丸町1-7,1,,,1000,32.50952565,130.6018265,未開設,未開設,未開設,未開設,未開設,未開設,未開設,未開設,未開設,未開設,未開設,未開設,未開設
ref:E4320200063111,E4320200063111,八代市,八代市立八代小学校,熊本県八代市新地町4-1,1,,,,32.50931462,130.5916634,未開設,未開設,未開設,未開設,未開設,未開設,未開設,未開設,未開設,未開設,未開設,未開設,未開設
ref:E4320200058111,E4320200058111,八代市,八代市立八千把小学校,熊本県八代市上野町1131,1,,,800,32.51732334,130.6140257,未開設,未開設,未開設,未開設,未開設,未開設,未開設,未開設,未開設,未開設,未開設,未開設,未開設
ref:E4320200070111,E4320200070111,八代市,八代市立千丁中学校,熊本県八代市千丁町古閑出2493-1,1,,,500,32.53706961,130.6307977,未開設,未開設,未開設,未開設,未開設,未開設,未開設,未開設,未開設,未開設,未開設,未開設,未開設
ref:E4320200071111,E4320200071111,八代市,八代市立千丁小学校,熊本県八代市千丁町新牟田1345,1,,,,32.53647209,130.6350252,未開設,未開設,未開設,未開設,未開設,未開設,未開設,未開設,未開設,未開設,未開設,未開設,未開設
ref:E4320200044111,E4320200044111,八代市,八代市立坂本中学校,熊本県八代市坂本町荒瀬6000,1,,,1600,32.43366727,130.6524197,未開設,未開設,未開設,未開設,未開設,未開設,未開設,未開設,未開設,未開設,未開設,未開設,未開設
ref:E4320200103111,E4320200103111,八代市,八代市立太田郷小学校,熊本県八代市日置町445,1,,,1800,32.50995186,130.6226956,未開設,未開設,未開設,未開設,未開設,未開設,未開設,未開設,未開設,未開設,未開設,未開設,未開設
ref:E4320200009111,E4320200009111,八代市,八代市立宮地小学校,熊本県八代市宮地町1826,1,,,,32.50133405,130.6405948,未開設,未開設,未開設,未開設,未開設,未開設,未開設,未開設,未開設,未開設,未開設,未開設,未開設
ref:E4320200021111,E4320200021111,八代市,八代市立文政小学校,熊本県八代市鏡町両出1371-1,1,,,350,32.56059139,130.6331534,未開設,未開設,未開設,未開設,未開設,未開設,未開設,未開設,未開設,未開設,未開設,未開設,未開設
ref:E4320200055111,E4320200055111,八代市,八代市立昭和小学校,熊本県八代市昭和明徴町731-2,1,,,,32.56085133,130.6036009,未開設,未開設,未開設,未開設,未開設,未開設,未開設,未開設,未開設,未開設,未開設,未開設,未開設
ref:E4320200018111,E4320200018111,八代市,八代市立有佐小学校,熊本県八代市鏡町中島1360-1,1,,,,32.55325331,130.6656367,未開設,未開設,未開設,未開設,未開設,未開設,未開設,未開設,未開設,未開設,未開設,未開設,未開設
ref:E4320200004111,E4320200004111,八代市,八代市立松高小学校,熊本県八代市永碇町828-1,1,,,964,32.51879747,130.5947204,未開設,未開設,未開設,未開設,未開設,未開設,未開設,未開設,未開設,未開設,未開設,未開設,未開設
ref:E4320200061111,E4320200061111,八代市,八代市立植柳小学校,熊本県八代市植柳上町449,1,,,1160,32.4921539,130.6031936,未開設,未開設,未開設,未開設,未開設,未開設,未開設,未開設,未開設,未開設,未開設,未開設,未開設
ref:E4320200116111,E4320200116111,八代市,八代市立第一中学校,熊本県八代市北の丸町1-29,1,,,,32.51062182,130.5993951,未開設,未開設,未開設,未開設,未開設,未開設,未開設,未開設,未開設,未開設,未開設,未開設,未開設
ref:E4320200025111,E4320200025111,八代市,八代市立第七中学校,熊本県八代市郡築七番町41-2,1,,,,32.53759969,130.5759825,未開設,未開設,未開設,未開設,未開設,未開設,未開設,未開設,未開設,未開設,未開設,未開設,未開設
ref:E4320200090111,E4320200090111,八代市,八代市立第三中学校,熊本県八代市中北町3378-5,1,,,,32.49647921,130.5844607,未開設,未開設,未開設,未開設,未開設,未開設,未開設,未開設,未開設,未開設,未開設,未開設,未開設
ref:E4320200056111,E4320200056111,八代市,八代市立第二中学校,熊本県八代市上日置町2248-1,1,,,,32.51130984,130.6244933,未開設,未開設,未開設,未開設,未開設,未開設,未開設,未開設,未開設,未開設,未開設,未開設,未開設
ref:E4320200114111,E4320200114111,八代市,八代市立第五中学校,熊本県八代市豊原下町3807,1,,,,32.4836461,130.6152536,未開設,未開設,未開設,未開設,未開設,未開設,未開設,未開設,未開設,未開設,未開設,未開設,未開設
ref:E4320200011111,E4320200011111,八代市,八代市立第八中学校,熊本県八代市宮地町611-1,1,,,,32.498669,130.63515,未開設,未開設,未開設,未開設,未開設,未開設,未開設,未開設,未開設,未開設,未開設,未開設,未開設
ref:E4320200030111,E4320200030111,八代市,八代市立第四中学校,熊本県八代市古閑上町182-2,1,,,740,32.51909364,130.6124282,未開設,未開設,未開設,未開設,未開設,未開設,未開設,未開設,未開設,未開設,未開設,未開設,未開設
ref:E4320200026111,E4320200026111,八代市,八代市立郡築小学校,熊本県八代市郡築六番町49-1,1,,,800,32.53419462,130.5741709,未開設,未開設,未開設,未開設,未開設,未開設,未開設,未開設,未開設,未開設,未開設,未開設,未開設
ref:E4320200053111,E4320200053111,八代市,八代市立金剛小学校弥次分校,熊本県八代市三江湖町1472-1,1,,,240,32.4871456,130.5745724,未開設,未開設,未開設,未開設,未開設,未開設,未開設,未開設,未開設,未開設,未開設,未開設,未開設
ref:E4320200019111,E4320200019111,八代市,八代市立鏡中学校,熊本県八代市鏡町内田1038-1,1,,,,32.5608606,130.6459534,未開設,未開設,未開設,未開設,未開設,未開設,未開設,未開設,未開設,未開設,未開設,未開設,未開設
ref:E4320200016111,E4320200016111,八代市,八代市立鏡小学校,熊本県八代市鏡町鏡村609-1,1,,,,32.56789406,130.6620706,未開設,未開設,未開設,未開設,未開設,未開設,未開設,未開設,未開設,未開設,未開設,未開設,未開設
ref:E4320200115111,E4320200115111,八代市,八代市立高田小学校,熊本県八代市豊原中町317,1,,,,32.48907642,130.616823,未開設,未開設,未開設,未開設,未開設,未開設,未開設,未開設,未開設,未開設,未開設,未開設,未開設
ref:E4320200028111,E4320200028111,八代市,八代市立麦島小学校,熊本県八代市迎町1-16-1-1,1,,,1500,32.49857756,130.6013841,未開設,未開設,未開設,未開設,未開設,未開設,未開設,未開設,未開設,未開設,未開設,未開設,未開設
ref:E4320200007111,E4320200007111,八代市,八代市立龍峯小学校,熊本県八代市岡町谷川1043,1,,,480,32.53002076,130.6638143,未開設,未開設,未開設,未開設,未開設,未開設,未開設,未開設,未開設,未開設,未開設,未開設,未開設
web:0b835744d3c0961a7b99,,八代市,八代支援学校,熊本県八代市高島町1-6,,,,56,32.52125277,130.579444,未開設,開設（不明）,開設（不明）,開設（不明）,開設（不明）,開設（不明）,開設（不明）,開設（不明）,開設（不明）,開設（不明）,開設（不明）,開設（不明）,開設（不明）
ref:E4320200059111,E4320200059111,八代市,八千把コミュニティセンター,八代市上野町1193-1,1,,,200,32.51841666,130.6141942,未開設,開設（平常）,開設（平常）,開設（やや混雑）,開設（平常）,開設（平常）,開設（平常）,開設（平常）,開設（平常）,開設（平常）,開設（平常）,開設（平常）,開設（平常）
web:a182018f3c8496894ba0,,八代市,八千把小学校,八代市上野町1131,,,,800,32.51721898,130.6135795,未開設,開設（不明）,開設（不明）,未開設,未開設,未開設,未開設,未開設,未開設,未開設,未開設,未開設,未開設
web:e764e8f9fcbea6a05c8a,,八代市,千丁コミュニティセンター,八代市千丁町新牟田1434,,,,100,32.53505565,130.6336801,未開設,未開設,開設（不明）,開設（不明）,開設（不明）,開設（不明）,開設（不明）,開設（不明）,開設（不明）,開設（不明）,開設（不明）,開設（不明）,開設（不明）
ref:E4320200073111,E4320200073111,八代市,千丁体育館,熊本県八代市千丁町新牟田1869-1,1,,,400,32.53608905,130.630074,未開設,未開設,未開設,未開設,未開設,未開設,未開設,未開設,未開設,未開設,未開設,未開設,未開設
ref:E4320200014121,E4320200014121,八代市,地域密着型介護老人福祉施設 希望,熊本県八代市興善寺町495-1,,,要配慮者,14,32.5276066723458,130.659193689052,未開設,未開設,未開設,未開設,未開設,未開設,未開設,未開設,未開設,未開設,未開設,未開設,未開設
ref:E4320200008121,E4320200008121,八代市,地域密着型特別養護老人ホーム八代草,熊本県八代市海士江町2833-1,,,要配慮者,,32.5236531066355,130.621897576939,未開設,未開設,未開設,未開設,未開設,未開設,未開設,未開設,未開設,未開設,未開設,未開設,未開設
web:e79d19687486af4f979e,,八代市,坂本コミュニティセンター,八代市坂本町坂本4161-1,,,,248,32.43640245,130.6579595,未開設,開設（平常）,開設（平常）,開設（不明）,開設（平常）,開設（平常）,開設（不明）,開設（平常）,開設（平常）,開設（平常）,開設（平常）,開設（不明）,開設（平常）
web:4084009d56265678431f,,八代市,大島公民館(大島分校跡),八代市大島町4885,,,,80,32.53864258,130.5549971,未開設,開設（不明）,開設（不明）,未開設,未開設,未開設,未開設,未開設,未開設,未開設,未開設,未開設,未開設
web:c29df28aaca34a945e9a,,八代市,太田郷コミュニティセンター,八代市井上町601-1,,,,300,32.51526673,130.6300121,未開設,開設（混雑）,開設（不明）,開設（不明）,開設（不明）,開設（不明）,開設（不明）,開設（平常）,開設（平常）,開設（平常）,開設（平常）,開設（平常）,開設（平常）
web:04a1d693386241a40f79,,八代市,太田郷小学校,八代市日置町445,,,,1800,32.50956048,130.6229831,未開設,開設（不明）,開設（不明）,未開設,未開設,未開設,未開設,未開設,未開設,未開設,未開設,未開設,未開設
web:710404e2616b9e6490cb,,八代市,宮地コミュニティセンター,八代市宮地町383,,,,200,32.49941316,130.6398492,未開設,開設（平常）,開設（平常）,開設（不明）,開設（平常）,開設（平常）,開設（平常）,開設（平常）,開設（平常）,開設（平常）,開設（平常）,開設（平常）,開設（平常）
web:b7c4caf9ce445c310122,,八代市,宮地小学校,八代市宮地町1826,,,,640,32.50120738,130.6404051,未開設,開設（不明）,開設（不明）,開設（不明）,未開設,未開設,未開設,未開設,未開設,未開設,未開設,未開設,未開設
web:8513d22811c260b7b14f,,八代市,宮地東コミュニティセンター,熊本県八代市東町5497-1,,,,43,32.50612206,130.668706,未開設,開設（不明）,開設（不明）,開設（不明）,開設（不明）,開設（不明）,開設（不明）,開設（不明）,開設（不明）,開設（不明）,開設（不明）,開設（不明）,開設（不明）
ref:E4320200077121,E4320200077121,八代市,小規模多機能型居宅介護紗綾,熊本県八代市泉町下岳4350,,,要配慮者,,32.5681112392947,130.787057559328,未開設,未開設,未開設,未開設,未開設,未開設,未開設,未開設,未開設,未開設,未開設,未開設,未開設
web:a0080c6f1fba23229f56,,八代市,希望の里たいよう,八代市高下西町1704,,,,50,32.487897,130.609082,未開設,未開設,未開設,開設（不明）,開設（不明）,開設（不明）,開設（不明）,開設（不明）,開設（不明）,開設（不明）,開設（不明）,開設（不明）,開設（不明）
web:4575005230b2c09ac404,,八代市,文政小学校,八代市鏡町両出1371-1,,,,350,32.56071438,130.6332559,未開設,開設（不明）,開設（不明）,開設（不明）,開設（不明）,開設（不明）,開設（不明）,開設（不明）,開設（不明）,開設（不明）,開設（不明）,開設（不明）,開設（不明）
ref:E4320200106111,E4320200106111,八代市,日奈久コミュニティセンター,八代市日奈久塩南町甲13,1,,,100,32.43494402,130.5788893,未開設,開設（やや混雑）,開設（混雑）,開設（やや混雑）,開設（混雑）,開設（やや混雑）,開設（混雑）,開設（混雑）,開設（混雑）,開設（やや混雑）,開設（やや混雑）,開設（混雑）,開設（混雑）
web:45013d3c698255c52cc1,,八代市,日奈久中学校,八代市日奈久竹之内町4332-1,,,,680,32.43916506,130.5793498,未開設,開設（不明）,開設（不明）,未開設,未開設,未開設,未開設,未開設,未開設,未開設,未開設,未開設,未開設
web:815d88420b847e32a5a4,,八代市,日奈久小学校,八代市日奈久竹之内町4277-1,,,,980,32.43916945,130.581419,未開設,開設（不明）,開設（不明）,開設（不明）,開設（不明）,開設（不明）,開設（不明）,開設（不明）,開設（不明）,開設（不明）,開設（不明）,開設（不明）,開設（不明）
web:67fe04dd73a0111b2220,,八代市,旧泉第一小学校,八代市泉町1960,,,,250,32.5735198,130.7793776,未開設,開設（不明）,開設（不明）,開設（平常）,未開設,未開設,未開設,未開設,未開設,未開設,未開設,未開設,未開設
ref:E4320200054111,E4320200054111,八代市,昭和コミュニティセンター,八代市昭和明徴町730-1,1,,,200,32.55967579,130.6036164,未開設,開設（不明）,開設（不明）,開設（不明）,開設（不明）,開設（不明）,開設（不明）,開設（不明）,開設（不明）,開設（不明）,開設（不明）,開設（不明）,開設（不明）
web:73509186972ba62f3f09,,八代市,昭和小学校,八代市昭和明徴町731-2,,,,240,32.56083258,130.6034912,未開設,開設（不明）,開設（不明）,開設（不明）,開設（不明）,開設（不明）,開設（不明）,未開設,未開設,未開設,未開設,未開設,未開設
web:08270fcb0947b18bb99d,,八代市,有佐小学校,八代市鏡町中島1360-1,,,,280,32.55325131,130.6655909,未開設,開設（平常）,開設（不明）,開設（不明）,開設（不明）,開設（不明）,開設（不明）,開設（不明）,開設（不明）,開設（不明）,開設（不明）,開設（不明）,開設（不明）
ref:E4320200095111,E4320200095111,八代市,東陽コミュニティセンター及び東陽スポーツセンター,八代市東陽町南1285,1,,,850,32.54394448,130.7113432,未開設,開設（やや混雑）,開設（不明）,開設（不明）,開設（不明）,開設（不明）,開設（平常）,開設（平常）,開設（平常）,開設（不明）,開設（不明）,開設（不明）,開設（平常）
web:6cc18ab45ac920b097a5,,八代市,松橋支援学校氷川分教室,八代市鏡町鏡村937,,,,120,32.57120099,130.6564071,未開設,開設（不明）,開設（不明）,未開設,未開設,未開設,未開設,未開設,未開設,未開設,未開設,未開設,未開設
web:b84833b5c2083bfd9c43,,八代市,松高コミュニティセンター,八代市永碇町754-2,,,,200,32.5193312,130.5922725,未開設,開設（平常）,開設（平常）,開設（平常）,開設（平常）,開設（平常）,開設（平常）,開設（平常）,開設（平常）,開設（平常）,開設（平常）,開設（平常）,開設（平常）
web:b0bf2502c50ff9181c58,,八代市,松高小学校,八代市永碇町828-1,,,,964,32.51867439,130.5946769,未開設,開設（不明）,開設（不明）,開設（不明）,開設（不明）,開設（不明）,開設（不明）,開設（不明）,開設（不明）,開設（不明）,開設（不明）,開設（不明）,開設（不明）
web:0c70f9a6030e3856cae7,,八代市,植柳コミュニティセンター,八代市植柳下町4251-2,,,,200,32.48545392,130.5987681,未開設,開設（不明）,開設（不明）,開設（不明）,開設（不明）,開設（不明）,開設（不明）,開設（不明）,開設（不明）,開設（不明）,開設（不明）,開設（不明）,開設（不明）
web:8798ad523c24fcd66dc7,,八代市,植柳小学校,八代市植柳上町449,,,,1160,32.49197175,130.6032396,未開設,開設（平常）,開設（不明）,開設（不明）,開設（不明）,開設（不明）,開設（不明）,開設（不明）,開設（不明）,開設（不明）,開設（不明）,開設（不明）,開設（不明）
ref:E4320200081111,E4320200081111,八代市,泉コミュニティセンター,熊本県八代市泉町栗木5866,1,,,400,32.5457986916214,130.808105877186,未開設,開設（平常）,開設（平常）,未開設,未開設,未開設,未開設,未開設,未開設,未開設,未開設,未開設,未開設
web:6bd12ccc3559d81dad0d,,八代市,泉第八小学校,八代市泉町樅木137-4,,,,262,32.50199347,130.9660197,未開設,開設（平常）,開設（平常）,未開設,未開設,未開設,未開設,未開設,未開設,未開設,未開設,未開設,未開設
web:3f81517dc28b19758f5c,,八代市,深水生活改善センター,八代市坂本町深水い1542-2,,,,100,32.46990632,130.6949701,未開設,開設（平常）,開設（平常）,未開設,未開設,未開設,未開設,未開設,未開設,未開設,未開設,未開設,未開設
ref:E4320200074121,E4320200074121,八代市,特別養護老人ホーム 康和苑,熊本県八代市千丁町太牟田1300-8,,,要配慮者,20,32.5417563821928,130.6477966241,未開設,未開設,未開設,未開設,未開設,未開設,未開設,未開設,未開設,未開設,未開設,未開設,未開設
ref:E4320200057121,E4320200057121,八代市,特別養護老人ホームあさひ園,熊本県八代市上日置町2345,,,要配慮者,10,32.5093401535248,130.627939645504,未開設,未開設,未開設,未開設,未開設,未開設,未開設,未開設,未開設,未開設,未開設,未開設,未開設
ref:E4320200120121,E4320200120121,八代市,特別養護老人ホームすずらんの里,熊本県八代市葭牟田町435,,,要配慮者,10,32.493562458514,130.578826993146,未開設,未開設,未開設,未開設,未開設,未開設,未開設,未開設,未開設,未開設,未開設,未開設,未開設
ref:E4320200097121,E4320200097121,八代市,特別養護老人ホームひかわの里,熊本県八代市東陽町南752-1,,,要配慮者,10,32.5481736577228,130.710680502638,未開設,未開設,未開設,未開設,未開設,未開設,未開設,未開設,未開設,未開設,未開設,未開設,未開設
refgroup:ac2ede7dffbfe9d9bb27,E4320200111111;E4320200111121,八代市,特別養護老人ホームま心苑,熊本県八代市敷川内町2251-1,1,,要配慮者,15,32.45757,130.599058,未開設,未開設,未開設,未開設,未開設,未開設,未開設,未開設,未開設,未開設,未開設,未開設,未開設
ref:E4320200041121,E4320200041121,八代市,特別養護老人ホームみやび園,熊本県八代市高島町4221,,,要配慮者,20,32.5236190547585,130.583084971399,未開設,未開設,未開設,未開設,未開設,未開設,未開設,未開設,未開設,未開設,未開設,未開設,未開設
ref:E4320200046121,E4320200046121,八代市,特別養護老人ホーム坂本の里一灯苑,熊本県八代市坂本町坂本1071,,,要配慮者,8,32.4410741512199,130.669415895989,未開設,未開設,未開設,未開設,未開設,未開設,未開設,未開設,未開設,未開設,未開設,未開設,未開設
ref:E4320200023121,E4320200023121,八代市,特別養護老人ホーム安寿の里,熊本県八代市鏡町両出880-1,,,要配慮者,10,32.5485634086887,130.635628278877,未開設,未開設,未開設,未開設,未開設,未開設,未開設,未開設,未開設,未開設,未開設,未開設,未開設
ref:E4320200105121,E4320200105121,八代市,特別養護老人ホーム行楽園(みなみ園),熊本県八代市日奈久塩南町54,,,要配慮者,20,32.4356724257603,130.577515941847,未開設,未開設,未開設,未開設,未開設,未開設,未開設,未開設,未開設,未開設,未開設,未開設,未開設
web:793a5a60deef7966638d,,八代市,田上社会教育センター,八代市坂本町田上2006,,,,600,32.41162682,130.6294966,未開設,開設（平常）,開設（不明）,未開設,未開設,未開設,未開設,未開設,未開設,未開設,未開設,未開設,未開設
web:3ff88ff210a8c8e57d64,,八代市,第一中学校,八代市北の丸町1-29,,,,1300,32.51035452,130.5993773,未開設,開設（不明）,開設（不明）,開設（不明）,開設（不明）,開設（不明）,開設（不明）,開設（不明）,開設（不明）,開設（不明）,開設（不明）,開設（不明）,開設（不明）
web:426205013f1c91278659,,八代市,第七中学校,八代市郡築七番町41-2,,,,750,32.53778275,130.5764275,未開設,開設（不明）,開設（不明）,開設（不明）,開設（不明）,開設（不明）,開設（不明）,開設（不明）,開設（不明）,未開設,未開設,未開設,未開設
web:09a3707792378feabf9b,,八代市,第三中学校,八代市中北町3378-5,,,,1500,32.49677349,130.5840408,未開設,開設（不明）,開設（不明）,未開設,未開設,未開設,未開設,未開設,未開設,未開設,未開設,未開設,未開設
web:6ffd1b1e85b2aafface8,,八代市,第二中学校,八代市上日置町2248-1,,,,1400,32.51095789,130.6245325,未開設,開設（平常）,開設（平常）,開設（不明）,開設（不明）,開設（不明）,開設（不明）,開設（平常）,開設（不明）,開設（不明）,開設（不明）,開設（不明）,開設（平常）
web:64ecc73c663a49ce26f2,,八代市,第五中学校,八代市豊原下町3807,,,,580,32.4838707,130.6149008,未開設,開設（平常）,開設（平常）,開設（不明）,開設（不明）,開設（不明）,開設（不明）,開設（不明）,開設（不明）,開設（不明）,開設（不明）,開設（不明）,開設（不明）
web:b23fba6e2757aa4d02da,,八代市,第八中学校,八代市西宮町656,,,,460,32.49861745,130.6353691,未開設,開設（不明）,開設（不明）,開設（不明）,開設（不明）,開設（不明）,開設（不明）,開設（不明）,開設（不明）,開設（不明）,開設（不明）,開設（不明）,開設（不明）
web:b71403ebb89f13bc5ba9,,八代市,第六中学校,八代市水島町2065-4,,,,680,32.48056681,130.5795679,未開設,開設（不明）,開設（不明）,開設（不明）,開設（不明）,開設（不明）,開設（不明）,開設（不明）,開設（不明）,開設（不明）,開設（不明）,開設（不明）,開設（不明）
web:960b3eb957d534cb572f,,八代市,第四中学校,八代市古閑上町182-2,,,,740,32.51908497,130.6122824,未開設,開設（不明）,開設（不明）,開設（不明）,開設（不明）,開設（不明）,開設（不明）,開設（不明）,開設（不明）,開設（不明）,開設（不明）,開設（不明）,開設（不明）
ref:E4320200101121,E4320200101121,八代市,身体障害者療護施設 かんねさこ荘,熊本県八代市二見本町433,,,要配慮者,10,32.4022319099105,130.552233814486,未開設,未開設,未開設,未開設,未開設,未開設,未開設,未開設,未開設,未開設,未開設,未開設,未開設
web:9f37c522cfe941422689,,八代市,郡築コミュニティセンター,八代市郡築六番町61-2,,,,200,32.53544662,130.5729516,未開設,開設（不明）,開設（不明）,開設（不明）,開設（不明）,開設（不明）,開設（不明）,開設（不明）,開設（不明）,開設（不明）,開設（不明）,開設（不明）,開設（不明）
web:86ce46626c322703ff7e,,八代市,郡築小学校,八代市郡築六番町49-1,,,,800,32.53429791,130.5742723,未開設,開設（不明）,開設（不明）,未開設,未開設,未開設,未開設,未開設,未開設,未開設,未開設,未開設,未開設
web:285305d25632a76bc41f,,八代市,金剛コミュニティセンター,八代市高植本町800-2,,,,200,32.46986241,130.5882392,未開設,開設（平常）,開設（平常）,開設（平常）,開設（平常）,開設（平常）,開設（平常）,開設（不明）,開設（不明）,開設（不明）,開設（不明）,開設（不明）,開設（不明）
web:c30e0ba13e12f70b502c,,八代市,金剛小学校,八代市高植本町1207,,,,800,32.47627221,130.5846727,未開設,開設（不明）,開設（不明）,開設（不明）,開設（不明）,開設（不明）,開設（不明）,開設（不明）,開設（不明）,開設（不明）,開設（不明）,未開設,未開設
web:b40375fd0778281ff875,,八代市,鏡わかあゆ高等支援学校,八代市鏡町鏡村937,,,,120,32.571345,130.656713,未開設,未開設,未開設,開設（不明）,開設（不明）,開設（不明）,開設（不明）,開設（不明）,開設（不明）,未開設,未開設,未開設,未開設
web:71f2957e68ed27aa29b3,,八代市,鏡コミュニティセンター,八代市鏡町内田1339-1,,,,250,32.5620777,130.6450169,未開設,開設（平常）,開設（やや混雑）,開設（やや混雑）,開設（平常）,開設（混雑）,開設（混雑）,開設（やや混雑）,開設（やや混雑）,開設（混雑）,開設（混雑）,開設（混雑）,開設（混雑）
web:97a7c66c4ffa0e24bc31,,八代市,鏡中学校,八代市鏡町内田1038-1,,,,370,32.560646,130.645834,未開設,未開設,未開設,未開設,未開設,未開設,開設（不明）,開設（不明）,開設（不明）,開設（不明）,開設（不明）,開設（不明）,開設（不明）
web:fc07d4550a93586b2c73,,八代市,鏡小学校,八代市鏡町鏡村609-1,,,,360,32.56788328,130.66214,未開設,開設（不明）,開設（不明）,開設（不明）,開設（不明）,開設（不明）,開設（不明）,開設（不明）,開設（不明）,開設（不明）,開設（不明）,開設（不明）,開設（不明）
ref:E4320200110121,E4320200110121,八代市,養護老人ホーム保寿寮,熊本県八代市日奈久平成町1-1,,,要配慮者,,32.4328186334175,130.570631688788,未開設,未開設,未開設,未開設,未開設,未開設,未開設,未開設,未開設,未開設,未開設,未開設,未開設
ref:E4320200118111,E4320200118111,八代市,高田コミュニティセンター,八代市本野町505,1,,,200,32.48708486,130.6167216,未開設,開設（やや混雑）,開設（やや混雑）,開設（不明）,開設（不明）,開設（不明）,開設（不明）,開設（不明）,開設（不明）,開設（不明）,開設（不明）,開設（平常）,開設（平常）
web:32d814bdcf924bcc0fc3,,八代市,高田小学校,八代市豊原中町317,,,,840,32.48932389,130.6169221,未開設,開設（不明）,開設（不明）,開設（不明）,未開設,未開設,未開設,未開設,未開設,未開設,未開設,未開設,未開設
web:b4c2fb8fe9f5ef20e826,,八代市,鮎帰社会教育センター,八代市坂本町鮎帰は867,,,,600,32.43217334,130.6958229,未開設,開設（平常）,開設（平常）,未開設,未開設,未開設,未開設,未開設,未開設,未開設,未開設,未開設,未開設
ref:E4320200033111,E4320200033111,八代市,麦島コミュニティセンター,八代市古城町2259,1,,,500,32.49742503,130.5926186,未開設,開設（不明）,開設（不明）,開設（不明）,開設（不明）,開設（不明）,開設（不明）,開設（不明）,開設（不明）,開設（不明）,開設（不明）,開設（不明）,開設（不明）
web:6f7d29af2670d591080d,,八代市,麦島小学校,八代市迎町1丁目16-1-1,,,,1500,32.49867148,130.6012836,未開設,開設（不明）,開設（不明）,開設（不明）,開設（不明）,開設（不明）,開設（不明）,開設（不明）,開設（不明）,開設（不明）,開設（不明）,開設（不明）,開設（不明）
web:22c45e37f06400baa80a,,八代市,龍峯コミュニティセンター,八代市興善寺町1952,,,,230,32.52927569,130.6638496,未開設,開設（不明）,開設（不明）,開設（不明）,開設（不明）,開設（不明）,開設（不明）,開設（不明）,開設（不明）,開設（不明）,開設（不明）,開設（不明）,開設（不明）
ref:E4342300013111,E4342300013111,南小国町,べっちん館,熊本県南小国町大字満願寺6595-3,,,,100,33.077920714194,131.14176556909,未開設,未開設,未開設,未開設,未開設,未開設,未開設,未開設,未開設,未開設,未開設,未開設,未開設
ref:E4342300014111,E4342300014111,南小国町,りんどうヶ丘小学校,熊本県南小国町大字満願寺7045,1,,,500,33.076993003004,131.12916454593,未開設,未開設,未開設,未開設,未開設,未開設,未開設,未開設,未開設,未開設,未開設,未開設,未開設
ref:E4342300007121,E4342300007121,南小国町,りんどう荘,熊本県南小国町大字赤馬場3388-1,,,要配慮者,40,33.092598375182,131.06815907503,未開設,未開設,未開設,未開設,未開設,未開設,未開設,未開設,未開設,未開設,未開設,未開設,未開設
ref:E4342300006121,E4342300006121,南小国町,グループホーム森園,熊本県南小国町大字赤馬場3366,,,要配慮者,,33.091644038272,131.0690581897,未開設,未開設,未開設,未開設,未開設,未開設,未開設,未開設,未開設,未開設,未開設,未開設,未開設
ref:E4342300008111,E4342300008111,南小国町,中原小学校,熊本県南小国町大字中原2469,,,,197,33.082952744613,131.04997656868,未開設,未開設,未開設,未開設,未開設,未開設,未開設,未開設,未開設,未開設,未開設,未開設,未開設
ref:E4342300010111,E4342300010111,南小国町,元気プラザ中原,熊本県南小国町大字中原4172,1,,,188,33.080925013101,131.05027379847,未開設,未開設,未開設,未開設,未開設,未開設,未開設,未開設,未開設,未開設,未開設,未開設,未開設
ref:E4342300011111,E4342300011111,南小国町,南小国町公民館星和分館,熊本県南小国町大字満願寺4400,,,,185,33.053080487727,131.13158514453,未開設,未開設,未開設,未開設,未開設,未開設,未開設,未開設,未開設,未開設,未開設,未開設,未開設
ref:E4342300015111,E4342300015111,南小国町,南小国町公民館波居原分館,熊本県南小国町大字満願寺8120,,,,513,33.09016918547,131.09754791109,未開設,未開設,未開設,未開設,未開設,未開設,未開設,未開設,未開設,未開設,未開設,未開設,未開設
ref:E4342300003111,E4342300003111,南小国町,南小国町役場,熊本県南小国町大字赤馬場143,1,,,200,33.098657796187,131.07036480793,未開設,未開設,未開設,未開設,未開設,未開設,未開設,未開設,未開設,未開設,未開設,未開設,未開設
ref:E4342300005111,E4342300005111,南小国町,市原小学校,熊本県南小国町大字赤馬場1922,1,,,843,33.097372,131.0695,未開設,未開設,未開設,未開設,未開設,未開設,未開設,未開設,未開設,未開設,未開設,未開設,未開設
ref:E4342300012121,E4342300012121,南小国町,悠清苑,熊本県南小国町大字満願寺5854-1,,,要配慮者,,33.072616009296,131.12637616418,未開設,未開設,未開設,未開設,未開設,未開設,未開設,未開設,未開設,未開設,未開設,未開設,未開設
ref:E4342300009111,E4342300009111,南小国町,湯夢プラザ,熊本県南小国町大字中原2489-3,,,,50,33.072752999059,131.03188725568,未開設,未開設,未開設,未開設,未開設,未開設,未開設,未開設,未開設,未開設,未開設,未開設,未開設
ref:E4336700012111,E4336700012111,南関町,南関中学校,熊本県南関町大字小原2121-1,1,,,1467,33.042916995733,130.56157810463,未開設,未開設,未開設,未開設,未開設,未開設,未開設,未開設,未開設,未開設,未開設,未開設,未開設
ref:E4336700017121,E4336700017121,南関町,南関町 交流センター,熊本県南関町小原1408,,,要配慮者,539,33.047369,130.560751,未開設,未開設,未開設,未開設,未開設,未開設,未開設,未開設,未開設,未開設,未開設,未開設,未開設
ref:E4336700005111,E4336700005111,南関町,南関第一小学校,熊本県南関町大字関町188,1,,,427,33.063119901874,130.54665934216,未開設,未開設,未開設,未開設,未開設,未開設,未開設,未開設,未開設,未開設,未開設,未開設,未開設
ref:E4336700015111,E4336700015111,南関町,南関第三小学校,熊本県南関町大字相谷1800,1,,,346,33.042593402169,130.57610598222,未開設,未開設,未開設,未開設,未開設,未開設,未開設,未開設,未開設,未開設,未開設,未開設,未開設
ref:E4336700008111,E4336700008111,南関町,南関第二小学校,熊本県南関町大字高久野754,1,,,468,33.02642482133,130.53083856985,未開設,未開設,未開設,未開設,未開設,未開設,未開設,未開設,未開設,未開設,未開設,未開設,未開設
ref:E4336700013111,E4336700013111,南関町,南関第四小学校,熊本県南関町大字上坂下3528,1,,,333,33.016270312903,130.56051786465,未開設,未開設,未開設,未開設,未開設,未開設,未開設,未開設,未開設,未開設,未開設,未開設,未開設
ref:E4343300056111,E4343300056111,南阿蘇村,(旧)中松小学校体育館,熊本県南阿蘇村中松2377,,,,,32.83052,131.050565,未開設,未開設,未開設,未開設,未開設,未開設,未開設,未開設,未開設,未開設,未開設,未開設,未開設
ref:E4343300051111,E4343300051111,南阿蘇村,(旧)立野小学校,熊本県南阿蘇村大字立野1596,,,,,32.877786,130.968176,未開設,未開設,未開設,未開設,未開設,未開設,未開設,未開設,未開設,未開設,未開設,未開設,未開設
ref:E4343300046111,E4343300046111,南阿蘇村,(旧)立野小学校体育館,熊本県南阿蘇村立野1596,,,,,32.87794263,130.9676839,未開設,未開設,未開設,未開設,未開設,未開設,未開設,未開設,未開設,未開設,未開設,未開設,未開設
web:bcd5356f1806b2905a5f,,南阿蘇村,(旧)立野小学校校舎,南阿蘇村大字立野1549-2,,,,100,32.52928626,130.6638315,未開設,開設（平常）,開設（平常）,未開設,未開設,未開設,未開設,未開設,未開設,未開設,未開設,未開設,未開設
ref:E4342800025111,E4342800025111,南阿蘇村,両併小学校体育館,熊本県南阿蘇村大字両併999-1,,,,100,32.8120423837671,131.101352706958,未開設,未開設,未開設,未開設,未開設,未開設,未開設,未開設,未開設,未開設,未開設,未開設,未開設
ref:E4343300045111,E4343300045111,南阿蘇村,両併小学校体育館及び校舎,熊本県南阿蘇村両併995,1,,,100,32.81205962,131.1010233,未開設,未開設,未開設,未開設,未開設,未開設,未開設,未開設,未開設,未開設,未開設,未開設,未開設
ref:E4343300025111,E4343300025111,南阿蘇村,久木野体育館,熊本県南阿蘇村大字河陰5-2,1,,,,32.814261,131.028873,未開設,開設（不明）,開設（不明）,未開設,未開設,未開設,未開設,未開設,未開設,未開設,未開設,未開設,未開設
ref:E4343300024111,E4343300024111,南阿蘇村,久木野小学校体育館,熊本県南阿蘇村大字河陰130,1,,,,32.819352,131.030782,未開設,未開設,未開設,未開設,未開設,未開設,未開設,未開設,未開設,未開設,未開設,未開設,未開設
ref:E4343300001121,E4343300001121,南阿蘇村,久木野総合福祉センター,熊本県南阿蘇村久石2705,,,,100,32.8203848,131.0362145,未開設,未開設,未開設,未開設,未開設,未開設,未開設,未開設,未開設,未開設,未開設,未開設,未開設
ref:E4343300027111,E4343300027111,南阿蘇村,南阿蘇中学校第1体育館,熊本県南阿蘇村大字河陽3545,,,,,32.858032813794,131.00106525126,未開設,未開設,未開設,未開設,未開設,未開設,未開設,未開設,未開設,未開設,未開設,未開設,未開設
ref:E4343300028111,E4343300028111,南阿蘇村,南阿蘇中学校第2体育館1階,熊本県南阿蘇村大字河陽3545-1,1,,,,32.858002,131.000988,未開設,未開設,未開設,未開設,未開設,未開設,未開設,未開設,未開設,未開設,未開設,未開設,未開設
ref:E4343300050111,E4343300050111,南阿蘇村,南阿蘇中学校第2体育館2階,熊本県南阿蘇村河陽3545-1,,,,,32.858002,131.000988,未開設,開設（不明）,開設（不明）,未開設,未開設,未開設,未開設,未開設,未開設,未開設,未開設,未開設,未開設
ref:E4343300054111,E4343300054111,南阿蘇村,南阿蘇西小学校体育館,熊本県南阿蘇村大字河陽2999-2,,,,100,32.849281,131.011678,未開設,未開設,未開設,未開設,未開設,未開設,未開設,未開設,未開設,未開設,未開設,未開設,未開設
ref:E4343300032111,E4343300032111,南阿蘇村,白水体育館,熊本県南阿蘇村大字吉田1700-1,1,,,200,32.82726377,131.0717431,未開設,開設（平常）,開設（平常）,未開設,未開設,未開設,未開設,未開設,未開設,未開設,未開設,未開設,未開設
ref:E4343300033111,E4343300033111,南阿蘇村,白水小学校体育館,熊本県南阿蘇村大字吉田2301,1,,,200,32.826556,131.083166,未開設,未開設,未開設,未開設,未開設,未開設,未開設,未開設,未開設,未開設,未開設,未開設,未開設
ref:E4321600044111,E4321600044111,合志市,ユーパレス弁天,熊本県合志市野々島2441-1,1,,,1000,32.892759,130.732216,未開設,未開設,未開設,未開設,未開設,未開設,未開設,未開設,未開設,未開設,未開設,未開設,未開設
ref:E4321600020121,E4321600020121,合志市,保健福祉センター ふれあい館,熊本県合志市須屋2251-1,,,要配慮者とその家族,,32.873671335607,130.73347713296,未開設,未開設,未開設,未開設,未開設,未開設,未開設,未開設,未開設,未開設,未開設,未開設,未開設
ref:E4321600008111,E4321600008111,合志市,南ヶ丘小学校,熊本県合志市幾久富1909-101,1,,,6233,32.863384456613,130.77245478823,未開設,未開設,未開設,未開設,未開設,未開設,未開設,未開設,未開設,未開設,未開設,未開設,未開設
ref:E4321600043111,E4321600043111,合志市,合志中学校,熊本県合志市豊岡955,1,,,11745,32.889507728174,130.78945281384,未開設,未開設,未開設,未開設,未開設,未開設,未開設,未開設,未開設,未開設,未開設,未開設,未開設
ref:E4321600039111,E4321600039111,合志市,合志南小学校,熊本県合志市豊岡2224-29,1,,,5669,32.872189245223,130.77042240127,未開設,未開設,未開設,未開設,未開設,未開設,未開設,未開設,未開設,未開設,未開設,未開設,未開設
ref:E4321600016111,E4321600016111,合志市,合志小学校,熊本県合志市上庄55,1,,,3914,32.894940531307,130.79145498178,未開設,未開設,未開設,未開設,未開設,未開設,未開設,未開設,未開設,未開設,未開設,未開設,未開設
ref:E4321600028111,E4321600028111,合志市,合志市防災拠点センター,熊本県合志市竹迫2140,1,,,380,32.8859395067189,130.789870143986,未開設,開設（平常）,開設（平常）,開設（平常）,開設（平常）,開設（平常）,未開設,未開設,未開設,未開設,未開設,未開設,未開設
ref:E4321600050113,E4321600050113,合志市,合志楓の森小・中学校,熊本県合志市栄3793-5,1,,,252,32.878614,130.756366,未開設,未開設,未開設,未開設,未開設,未開設,未開設,未開設,未開設,未開設,未開設,未開設,未開設
ref:E4321600014111,E4321600014111,合志市,合生文化会館,熊本県合志市合生3616,1,,,248,32.913741263444,130.75376526826,未開設,未開設,未開設,未開設,未開設,未開設,未開設,未開設,未開設,未開設,未開設,未開設,未開設
ref:E4321600019111,E4321600019111,合志市,妙泉寺体育館,熊本県合志市須屋1957,,,,200,32.859549270898,130.73304098906,未開設,未開設,未開設,未開設,未開設,未開設,未開設,未開設,未開設,未開設,未開設,未開設,未開設
ref:E4321600011111,E4321600011111,合志市,御代志市民センター,熊本県合志市御代志1661-16,1,,,1370,32.890300902499,130.74463285526,未開設,開設（平常）,開設（平常）,未開設,未開設,未開設,未開設,未開設,未開設,未開設,未開設,未開設,未開設
ref:E4321600001111,E4321600001111,合志市,栄体育館,熊本県合志市栄1230-1,1,,,2169,32.907983447183,130.77436759808,未開設,未開設,未開設,未開設,未開設,未開設,未開設,未開設,未開設,未開設,未開設,未開設,未開設
ref:E4321600003111,E4321600003111,合志市,栄市民センター「みどり館」,熊本県合志市栄2371,1,,,3832,32.9011289121678,130.770880155307,未開設,開設（平常）,開設（平常）,未開設,未開設,未開設,未開設,未開設,未開設,未開設,未開設,未開設,未開設
ref:E4321600010111,E4321600010111,合志市,泉ヶ丘体育館・泉ヶ丘市民センター,熊本県合志市幾久富1947-7,1,,,2902,32.869326797425,130.76884174604,未開設,開設（平常）,開設（平常）,開設（平常）,未開設,未開設,未開設,未開設,未開設,未開設,未開設,未開設,未開設
ref:E4321600031111,E4321600031111,合志市,総合センター「ヴィーブル」,熊本県合志市福原2922,1,,,12329,32.886122883131,130.7906777748,未開設,未開設,未開設,未開設,未開設,未開設,未開設,未開設,未開設,未開設,未開設,未開設,未開設
ref:E4321600021111,E4321600021111,合志市,老人憩いの家,熊本県合志市須屋2267-3,1,,,505,32.873905076626,130.73397408115,未開設,未開設,未開設,未開設,未開設,未開設,未開設,未開設,未開設,未開設,未開設,未開設,未開設
ref:E4321600047111,E4321600047111,合志市,西合志中央小学校,熊本県合志市野々島4832,1,,,4556,32.908316516259,130.74279121263,未開設,未開設,未開設,未開設,未開設,未開設,未開設,未開設,未開設,未開設,未開設,未開設,未開設
ref:E4321600045111,E4321600045111,合志市,西合志中学校,熊本県合志市野々島4393-1,1,,,9556,32.898831292168,130.7440303941,未開設,未開設,未開設,未開設,未開設,未開設,未開設,未開設,未開設,未開設,未開設,未開設,未開設
ref:E4321600025111,E4321600025111,合志市,西合志南中学校,熊本県合志市須屋2956,1,,,13093,32.866158958074,130.74196403229,未開設,未開設,未開設,未開設,未開設,未開設,未開設,未開設,未開設,未開設,未開設,未開設,未開設
ref:E4321600018111,E4321600018111,合志市,西合志南小学校,熊本県合志市須屋1873,1,,,6385,32.862574534254,130.73522467227,未開設,未開設,未開設,未開設,未開設,未開設,未開設,未開設,未開設,未開設,未開設,未開設,未開設
ref:E4321600024111,E4321600024111,合志市,西合志東小学校,熊本県合志市須屋2948,1,,,5319,32.865816999557,130.74092498527,未開設,未開設,未開設,未開設,未開設,未開設,未開設,未開設,未開設,未開設,未開設,未開設,未開設
ref:E4321600013111,E4321600013111,合志市,西合志第一小学校,熊本県合志市合生2197,1,,,3804,32.913938667653,130.75767285984,未開設,未開設,未開設,未開設,未開設,未開設,未開設,未開設,未開設,未開設,未開設,未開設,未開設
ref:E4321600048111,E4321600048111,合志市,野々島防災拠点センター,熊本県合志市野々島4855,1,,,485,32.90660196,130.7385212,未開設,開設（平常）,開設（平常）,開設（平常）,開設（平常）,開設（平常）,未開設,未開設,未開設,未開設,未開設,未開設,未開設
ref:E4321600017111,E4321600017111,合志市,須屋市民センター,熊本県合志市須屋1399,1,,,1716,32.857254198689,130.73923169838,未開設,開設（平常）,開設（平常）,開設（平常）,開設（平常）,開設（平常）,未開設,未開設,未開設,未開設,未開設,未開設,未開設
ref:E4321600022111,E4321600022111,合志市,黒石体育館,熊本県合志市須屋2788,,,,137,32.8715564068251,130.7440559202,未開設,未開設,未開設,未開設,未開設,未開設,未開設,未開設,未開設,未開設,未開設,未開設,未開設
ref:E4321600023111,E4321600023111,合志市,黒石防災拠点センター,熊本県合志市須屋2811-2,1,,,449,32.867108,130.748028,未開設,開設（平常）,開設（平常）,開設（平常）,開設（平常）,開設（平常）,未開設,未開設,未開設,未開設,未開設,未開設,未開設
ref:E4336900021111,E4336900021111,和水町,スカイドーム2000,熊本県和水町大田黒964,1,,,1500,33.035836,130.614158,未開設,未開設,未開設,未開設,未開設,未開設,未開設,未開設,未開設,未開設,未開設,未開設,未開設
ref:E4336900026111,E4336900026111,和水町,三加和小学校体育館,熊本県和水町板楠1001,1,,,300,33.06048668,130.6216734,未開設,未開設,未開設,未開設,未開設,未開設,未開設,未開設,未開設,未開設,未開設,未開設,未開設
ref:E4336900016121,E4336900016121,和水町,介護老人保健施設 清風苑,熊本県和水町上板楠1697-1,,,要配慮者,,33.0705704254751,130.61492084127,未開設,未開設,未開設,未開設,未開設,未開設,未開設,未開設,未開設,未開設,未開設,未開設,未開設
ref:E4336900029111,E4336900029111,和水町,和水町三加和公民館,熊本県和水町板楠76,1,,,500,33.06519,130.621719,未開設,未開設,未開設,未開設,未開設,未開設,未開設,未開設,未開設,未開設,未開設,未開設,未開設
ref:E4336900010111,E4336900010111,和水町,和水町中央公民館,熊本県和水町江田3883-1,1,,,300,32.977123,130.605685,未開設,未開設,未開設,未開設,未開設,未開設,未開設,未開設,未開設,未開設,未開設,未開設,未開設
ref:E4336900018111,E4336900018111,和水町,和水町体育館,熊本県和水町前原437-1,1,,,850,32.987041,130.612748,未開設,未開設,未開設,未開設,未開設,未開設,未開設,未開設,未開設,未開設,未開設,未開設,未開設
ref:E4336900031111,E4336900031111,和水町,和水町福祉センター,熊本県和水町平野1276-3,1,,,100,33.03586,130.62274,未開設,未開設,未開設,未開設,未開設,未開設,未開設,未開設,未開設,未開設,未開設,未開設,未開設
ref:E4336900027111,E4336900027111,和水町,旧緑小学校体育館,熊本県和水町板楠2982,1,,,500,33.070449,130.62435,未開設,未開設,未開設,未開設,未開設,未開設,未開設,未開設,未開設,未開設,未開設,未開設,未開設
ref:E4336900012121,E4336900012121,和水町,特別養護老人ホーム きくすい荘,熊本県和水町江田4025,,,要配慮者,,32.9818204258935,130.605572556683,未開設,未開設,未開設,未開設,未開設,未開設,未開設,未開設,未開設,未開設,未開設,未開設,未開設
ref:E4336900032121,E4336900032121,和水町,特別養護老人ホーム 和楽荘,熊本県和水町平野1300,,,要配慮者,,33.0370959596944,130.621540823214,未開設,未開設,未開設,未開設,未開設,未開設,未開設,未開設,未開設,未開設,未開設,未開設,未開設
ref:E4336900019121,E4336900019121,和水町,特定非営利法人 黎明グループホーム夢路,熊本県和水町前原90-1,,,要配慮者,,32.9907395789878,130.605206450868,未開設,未開設,未開設,未開設,未開設,未開設,未開設,未開設,未開設,未開設,未開設,未開設,未開設
ref:E4336900013111,E4336900013111,和水町,菊水中学校体育館,熊本県和水町江田4250,1,,,500,32.979573,130.604363,未開設,未開設,未開設,未開設,未開設,未開設,未開設,未開設,未開設,未開設,未開設,未開設,未開設
ref:E4336900009111,E4336900009111,和水町,菊水小学校体育館,熊本県和水町江田2891,1,,,450,32.974893,130.611073,未開設,未開設,未開設,未開設,未開設,未開設,未開設,未開設,未開設,未開設,未開設,未開設,未開設
ref:E4344200006111,E4344200006111,嘉島町,嘉島中学校,熊本県嘉島町上島887,1,,,2000,32.742617069389,130.7572277668,未開設,開設（平常）,未開設,未開設,未開設,未開設,未開設,未開設,未開設,未開設,未開設,未開設,未開設
ref:E4344200008112,E4344200008112,嘉島町,嘉島東小学校,熊本県嘉島町上六嘉2063,1,,,2000,32.749028168018,130.76747374787,未開設,未開設,未開設,未開設,未開設,未開設,未開設,未開設,未開設,未開設,未開設,未開設,未開設
ref:E4344200008111,E4344200008111,嘉島町,嘉島町ふれあいセンター,熊本県嘉島町上六嘉2063,1,,,50,32.748365673978,130.76704093818,未開設,未開設,未開設,未開設,未開設,未開設,未開設,未開設,未開設,未開設,未開設,未開設,未開設
refgroup:9cb2433b7c891bf50016,E4344200004112;E4344200004121,嘉島町,嘉島町保健センター,上益城郡嘉島町上島545,1,,要配慮者,180,32.739824880234,130.75839994646,未開設,開設（平常）,開設（平常）,開設（平常）,開設（平常）,開設（平常）,開設（平常）,開設（平常）,開設（平常）,開設（平常）,開設（平常）,開設（平常）,開設（平常）
ref:E4344200011111,E4344200011111,嘉島町,嘉島町公民館近隣公園分館,熊本県嘉島町鯰2820,1,,,100,32.743946957532,130.74298288705,未開設,未開設,未開設,未開設,未開設,未開設,未開設,未開設,未開設,未開設,未開設,未開設,未開設
ref:E4344200005111,E4344200005111,嘉島町,嘉島町子育て支援センター,熊本県嘉島町上島551,1,,,150,32.740791922933,130.75846158293,未開設,未開設,未開設,未開設,未開設,未開設,未開設,未開設,未開設,未開設,未開設,未開設,未開設
ref:E4344200009111,E4344200009111,嘉島町,嘉島町文化センター,熊本県嘉島町上六嘉917,1,,,200,32.735488299077,130.76412062755,未開設,未開設,未開設,未開設,未開設,未開設,未開設,未開設,未開設,未開設,未開設,未開設,未開設
ref:E4344200004111,E4344200004111,嘉島町,嘉島町民会館,上益城郡嘉島町上島545,1,,,1700,32.740033204743,130.75851798256,未開設,開設（平常）,開設（平常）,開設（平常）,開設（平常）,開設（平常）,開設（平常）,開設（平常）,開設（平常）,開設（平常）,開設（平常）,開設（平常）,開設（平常）
ref:E4344200007111,E4344200007111,嘉島町,嘉島町民体育館,熊本県嘉島町上島926,1,,,1000,32.741350754362,130.75621664723,未開設,未開設,未開設,未開設,未開設,未開設,未開設,未開設,未開設,未開設,未開設,未開設,未開設
ref:E4344200003111,E4344200003111,嘉島町,嘉島西小学校,熊本県嘉島町上島1919-2,1,,,2000,32.742831808751,130.74180446453,未開設,未開設,未開設,未開設,未開設,未開設,未開設,未開設,未開設,未開設,未開設,未開設,未開設
ref:E4350500005111,E4350500005111,多良木町,ふれあい交流センターえびすの湯,熊本県多良木町大字多良木1561,,,,,32.2634257544356,130.933323433767,未開設,未開設,未開設,未開設,未開設,未開設,未開設,未開設,未開設,未開設,未開設,未開設,未開設
ref:E4350500001111,E4350500001111,多良木町,久米小学校体育館,熊本県多良木町大字久米128,,,,,32.2481441558177,130.959244241754,未開設,未開設,未開設,未開設,未開設,未開設,未開設,未開設,未開設,未開設,未開設,未開設,未開設
ref:E4350500010111,E4350500010111,多良木町,多良木小学校体育館,熊本県多良木町大字多良木876,1,,,544,32.26269614,130.9399558,未開設,未開設,未開設,未開設,未開設,未開設,未開設,未開設,未開設,未開設,未開設,未開設,未開設
ref:E4350500006111,E4350500006111,多良木町,多良木町多目的研修センター,熊本県多良木町大字多良木1586,,,,331,32.26439818,130.9363116,未開設,未開設,未開設,未開設,未開設,未開設,未開設,未開設,未開設,未開設,未開設,未開設,未開設
ref:E4350500007111,E4350500007111,多良木町,多良木町役場内休憩室,熊本県多良木町大字多良木1648,,,,43,32.26402831,130.9357413,未開設,開設（平常）,開設（平常）,未開設,未開設,未開設,未開設,未開設,未開設,未開設,未開設,未開設,未開設
ref:E4350500004111,E4350500004111,多良木町,多良木町武道館,熊本県多良木町大字多良木1471-1,,,,322,32.26136699,130.9317521,未開設,未開設,未開設,未開設,未開設,未開設,未開設,未開設,未開設,未開設,未開設,未開設,未開設
ref:E4350500003111,E4350500003111,多良木町,多良木町民体育館,熊本県多良木町大字多良木1467-3,,,,799,32.26091682,130.9323076,未開設,未開設,未開設,未開設,未開設,未開設,未開設,未開設,未開設,未開設,未開設,未開設,未開設
ref:E4350500002111,E4350500002111,多良木町,黒肥地小学校体育館,熊本県多良木町大字黒肥地1629,1,,,315,32.27549056,130.9418756,未開設,未開設,未開設,未開設,未開設,未開設,未開設,未開設,未開設,未開設,未開設,未開設,未開設
ref:E4340300023111,E4340300023111,大津町,オークスプラザ,熊本県大津町大字大津1220-1,,,,218,32.878286497385,130.86801641668,未開設,開設（平常）,開設（平常）,開設（平常）,開設（平常）,開設（平常）,開設（平常）,未開設,未開設,未開設,未開設,未開設,未開設
ref:E4340300015121,E4340300015121,大津町,介護老人保健施設 おおつかの郷,熊本県大津町大字陣内1165,,,要配慮者,,32.862885137209,130.87321474654,未開設,未開設,未開設,未開設,未開設,未開設,未開設,未開設,未開設,未開設,未開設,未開設,未開設
ref:E4340300027121,E4340300027121,大津町,介護老人福祉施設つつじ山荘,熊本県大津町大字大津2061,,,要配慮者,,32.882052723494,130.8762191463,未開設,未開設,未開設,未開設,未開設,未開設,未開設,未開設,未開設,未開設,未開設,未開設,未開設
ref:E4340300011111,E4340300011111,大津町,大津地区公民館分館,熊本県大津町大字室2042-35,1,,,2302,32.881112,130.863529,未開設,未開設,未開設,未開設,未開設,未開設,未開設,未開設,未開設,未開設,未開設,未開設,未開設
ref:E4340300022111,E4340300022111,大津町,大津町まちづくり交流センター,熊本県大津町大字大津1189-2,1,,,290,32.879248079979,130.86936194473,未開設,未開設,未開設,未開設,未開設,未開設,未開設,未開設,未開設,未開設,未開設,未開設,未開設
ref:E4340300019111,E4340300019111,大津町,大津町人権啓発福祉センター,熊本県大津町大字杉水932-3,1,,,2109,32.898016,130.844161,未開設,未開設,未開設,未開設,未開設,未開設,未開設,未開設,未開設,未開設,未開設,未開設,未開設
ref:E4340300002111,E4340300002111,大津町,大津町生涯学習センター,熊本県大津町大字引水62,1,,,5796,32.875962,130.875769,未開設,未開設,未開設,未開設,未開設,未開設,未開設,未開設,未開設,未開設,未開設,未開設,未開設
ref:E4340300034111,E4340300034111,大津町,大津町矢護川コミュニティセンター,熊本県大津町大字矢護川476,1,,,3775,32.917455,130.881464,未開設,開設（平常）,開設（平常）,開設（平常）,開設（平常）,開設（平常）,開設（平常）,未開設,未開設,未開設,未開設,未開設,未開設
ref:E4340300024111,E4340300024111,大津町,大津町立大津中学校,熊本県大津町大字大津1270,1,,,10754,32.874155209215,130.87021062191,未開設,未開設,未開設,未開設,未開設,未開設,未開設,未開設,未開設,未開設,未開設,未開設,未開設
ref:E4340300029111,E4340300029111,大津町,大津町立大津北中学校,熊本県大津町大字大津310,1,,,10361,32.889934135139,130.86820616139,未開設,未開設,未開設,未開設,未開設,未開設,未開設,未開設,未開設,未開設,未開設,未開設,未開設
ref:E4340300032111,E4340300032111,大津町,大津町立大津北小学校,熊本県大津町大字平川2261,1,,,3926,32.905726557019,130.88373773016,未開設,未開設,未開設,未開設,未開設,未開設,未開設,未開設,未開設,未開設,未開設,未開設,未開設
ref:E4340300016111,E4340300016111,大津町,大津町立大津南小学校,熊本県大津町大字陣内1582,1,,,5668,32.860151723375,130.87072412296,未開設,未開設,未開設,未開設,未開設,未開設,未開設,未開設,未開設,未開設,未開設,未開設,未開設
ref:E4340300001111,E4340300001111,大津町,大津町立大津小学校,熊本県大津町大字引水210,1,,,6274,32.876722,130.879102,未開設,未開設,未開設,未開設,未開設,未開設,未開設,未開設,未開設,未開設,未開設,未開設,未開設
ref:E4340300030111,E4340300030111,大津町,大津町立大津東小学校,熊本県大津町大字大林44,1,,,3984,32.866395914104,130.91798294069,未開設,未開設,未開設,未開設,未開設,未開設,未開設,未開設,未開設,未開設,未開設,未開設,未開設
ref:E4340300010111,E4340300010111,大津町,大津町立室小学校,熊本県大津町大字室1825,1,,,6888,32.884586943614,130.858847393,未開設,未開設,未開設,未開設,未開設,未開設,未開設,未開設,未開設,未開設,未開設,未開設,未開設
ref:E4340300035111,E4340300035111,大津町,大津町立美咲野小学校,熊本県大津町美咲野2-1733-1,1,,,6425,32.885029332594,130.88649073444,未開設,未開設,未開設,未開設,未開設,未開設,未開設,未開設,未開設,未開設,未開設,未開設,未開設
ref:E4340300018111,E4340300018111,大津町,大津町立護川小学校,熊本県大津町大字杉水3092,1,,,4495,32.910124312362,130.85028366563,未開設,未開設,未開設,未開設,未開設,未開設,未開設,未開設,未開設,未開設,未開設,未開設,未開設
refgroup:7dcf0347b5c0d5a77477,E4340300007111;E4340300007121,大津町,大津町老人福祉センター,熊本県大津町大字室151-1,1,,要配慮者,604,32.878498164716,130.86720596725,未開設,未開設,未開設,未開設,未開設,未開設,未開設,未開設,未開設,未開設,未開設,未開設,未開設
ref:E4340300031112,E4340300031112,大津町,大津町菊阿体育館,熊本県大津町大字大林802-2,1,,,4917,32.870201052236,130.91200585614,未開設,未開設,未開設,未開設,未開設,未開設,未開設,未開設,未開設,未開設,未開設,未開設,未開設
ref:E4340300012111,E4340300012111,大津町,大津町運動公園,熊本県大津町大字森1000,1,,,40711,32.87485945178,130.89710342716,未開設,開設（平常）,開設（平常）,開設（平常）,開設（平常）,開設（平常）,開設（平常）,未開設,未開設,未開設,未開設,未開設,未開設
ref:E4340300014111,E4340300014111,大津町,大津町野外活動等研修センター,熊本県大津町大字真木136,1,,,2662,32.913567,130.921028,未開設,未開設,未開設,未開設,未開設,未開設,未開設,未開設,未開設,未開設,未開設,未開設,未開設
ref:E4340300020111,E4340300020111,大津町,子育て健診センター,熊本県大津町大字大津1156-3,1,,,150,32.876698,130.870762,未開設,未開設,未開設,未開設,未開設,未開設,未開設,未開設,未開設,未開設,未開設,未開設,未開設
ref:E4340300021121,E4340300021121,大津町,小規模多機能型居宅介護おおづセンターホーム,熊本県大津町大字大津1187-1,,,要配慮者,,32.879238978483,130.87000014026,未開設,未開設,未開設,未開設,未開設,未開設,未開設,未開設,未開設,未開設,未開設,未開設,未開設
ref:E4340300031111,E4340300031111,大津町,瀬田地区避難所,熊本県大津町大字大林802-2,1,,,61,32.870041792989,130.91216225308,未開設,未開設,未開設,未開設,未開設,未開設,未開設,未開設,未開設,未開設,未開設,未開設,未開設
ref:E4340300006121,E4340300006121,大津町,熊本県立大津支援学校,熊本県大津町大字室1381,,,要配慮者,,32.885732058578,130.85696970796,未開設,未開設,未開設,未開設,未開設,未開設,未開設,未開設,未開設,未開設,未開設,未開設,未開設
ref:E4340300025111,E4340300025111,大津町,熊本県立大津高等学校,熊本県大津町大字大津1340,1,,,20520,32.873239196729,130.87218992448,未開設,未開設,未開設,未開設,未開設,未開設,未開設,未開設,未開設,未開設,未開設,未開設,未開設
ref:E4340300009111,E4340300009111,大津町,熊本県立翔陽高等学校,熊本県大津町大字室1782,1,,,17673,32.885549597884,130.86084938707,未開設,未開設,未開設,未開設,未開設,未開設,未開設,未開設,未開設,未開設,未開設,未開設,未開設
ref:E4340300028121,E4340300028121,大津町,若草児童学園,熊本県大津町大字大津214-1,,,要配慮者,,32.886267976382,130.8661694694,未開設,未開設,未開設,未開設,未開設,未開設,未開設,未開設,未開設,未開設,未開設,未開設,未開設
ref:E4340300033121,E4340300033121,大津町,障がい者支援施設 つくしの里,熊本県大津町大字平川400,,,要配慮者,,32.907470344907,130.88236427307,未開設,未開設,未開設,未開設,未開設,未開設,未開設,未開設,未開設,未開設,未開設,未開設,未開設
ref:E4340300013121,E4340300013121,大津町,障がい者支援施設 三気の里,熊本県大津町大字森54-2,,,要配慮者,,32.864036488898,130.88921446194,未開設,未開設,未開設,未開設,未開設,未開設,未開設,未開設,未開設,未開設,未開設,未開設,未開設
ref:E4340300008121,E4340300008121,大津町,養護老人ホーム 光進園,熊本県大津町大字室1707,,,要配慮者,,32.887813190864,130.85678614341,未開設,未開設,未開設,未開設,未開設,未開設,未開設,未開設,未開設,未開設,未開設,未開設,未開設
ref:E4321500125111,E4321500125111,天草市,ひだまり館,熊本県天草市新和町小宮地785,1,,,330,32.37137850268,130.18710786641,未開設,未開設,未開設,未開設,未開設,未開設,未開設,未開設,未開設,未開設,未開設,未開設,未開設
ref:E4321500041111,E4321500041111,天草市,サテライト施設うしぶか(旧牛深幼稚園),熊本県天草市牛深町2065-9,1,,,74,32.19707172,130.0172172,未開設,未開設,未開設,未開設,未開設,未開設,未開設,未開設,未開設,未開設,未開設,未開設,未開設
web:fa3d8215cbba53b6d971,,天草市,サテライト施設おにき,熊本県天草市魚貫町5536-1,,,,21,32.23965414,130.0109609,未開設,開設（平常）,開設（平常）,未開設,未開設,未開設,未開設,未開設,未開設,未開設,未開設,未開設,未開設
web:98683def4025910ef8df,,天草市,上津浦地区コミュニティセンター,天草市有明町上津浦 3706-4,,,,80,32.48938139,130.3041927,未開設,開設（平常）,開設（平常）,開設（平常）,開設（平常）,未開設,未開設,未開設,未開設,未開設,未開設,未開設,未開設
ref:E4321500069111,E4321500069111,天草市,下方公民館,熊本県天草市五和町手野2-1256,,,,20,32.53268507,130.1421862,未開設,未開設,未開設,未開設,未開設,未開設,未開設,未開設,未開設,未開設,未開設,未開設,未開設
ref:E4321500150111,E4321500150111,天草市,下河内公民館,熊本県天草市栖本町河内5838-2,,,,20,32.44169281,130.294978,未開設,未開設,未開設,未開設,未開設,未開設,未開設,未開設,未開設,未開設,未開設,未開設,未開設
ref:E4321500239111,E4321500239111,天草市,下津江センター,熊本県天草市有明町上津浦2533-2,,,,10,32.50742639,130.3094017,未開設,未開設,未開設,未開設,未開設,未開設,未開設,未開設,未開設,未開設,未開設,未開設,未開設
web:0e9a03b19531909b12ea,,天草市,下津浦地区コミュニティセンター,天草市有明町下津浦 2505-2,,,,50,32.47804555,130.2991629,未開設,開設（平常）,開設（平常）,開設（平常）,開設（平常）,未開設,未開設,未開設,未開設,未開設,未開設,未開設,未開設
ref:E4321500199111,E4321500199111,天草市,下田北地区コミュニティセンター,熊本県天草市天草町下田北534-1,1,,,225,32.42497725,130.0137819,未開設,開設（平常）,開設（平常）,未開設,未開設,未開設,未開設,未開設,未開設,未開設,未開設,未開設,未開設
ref:E4321500197111,E4321500197111,天草市,下田南体育館,熊本県天草市天草町下田南737-1,1,,,112,32.39802769,130.0089178,未開設,未開設,未開設,未開設,未開設,未開設,未開設,未開設,未開設,未開設,未開設,未開設,未開設
ref:E4321500148111,E4321500148111,天草市,中河内公民館,熊本県天草市栖本町河内4436-2,,,,30,32.44432295,130.3102184,未開設,未開設,未開設,未開設,未開設,未開設,未開設,未開設,未開設,未開設,未開設,未開設,未開設
web:cff6fd113ee3a7def422,,天草市,久玉地区コミュニティセンター,天草市久玉町 1412-12,,,,92,32.21781928,130.0331705,未開設,開設（平常）,開設（平常）,未開設,未開設,未開設,未開設,未開設,未開設,未開設,未開設,未開設,未開設
ref:E4321500022111,E4321500022111,天草市,亀場幼稚園,熊本県天草市亀場町亀川1538-1,,,,330,32.43747539,130.1941486,未開設,未開設,未開設,未開設,未開設,未開設,未開設,未開設,未開設,未開設,未開設,未開設,未開設
web:21920af5effebd9d82e4,,天草市,二江地区コミュニティセンター,天草市五和町二江 3066,,,,70,32.54371394,130.1305583,未開設,開設（平常）,開設（平常）,未開設,未開設,未開設,未開設,未開設,未開設,未開設,未開設,未開設,未開設
ref:E4321500221111,E4321500221111,天草市,二浦体育館,熊本県天草市二浦町亀浦4403-8,,,,121,32.27715268,130.0371113,未開設,未開設,未開設,未開設,未開設,未開設,未開設,未開設,未開設,未開設,未開設,未開設,未開設
web:5371354cde3c4202f341,,天草市,二浦地区コミュニティセンター,天草市二浦町亀浦 1035-11,,,,48,32.2747717,130.029589,未開設,開設（平常）,開設（平常）,未開設,未開設,未開設,未開設,未開設,未開設,未開設,未開設,未開設,未開設
ref:E4321500062111,E4321500062111,天草市,五和中学校体育館,熊本県天草市五和町御領9607-2,1,,,340,32.53306447,130.1914161,未開設,未開設,未開設,未開設,未開設,未開設,未開設,未開設,未開設,未開設,未開設,未開設,未開設
ref:E4321500080111,E4321500080111,天草市,五和歴史民俗資料館,熊本県天草市五和町二江384,1,,,10,32.55040142,130.1145592,未開設,未開設,未開設,未開設,未開設,未開設,未開設,未開設,未開設,未開設,未開設,未開設,未開設
ref:E4321500070111,E4321500070111,天草市,五和西体育館,熊本県天草市五和町手野2-2096,,,,130,32.522730984405,130.14617183708,未開設,未開設,未開設,未開設,未開設,未開設,未開設,未開設,未開設,未開設,未開設,未開設,未開設
ref:E4321500012111,E4321500012111,天草市,今富地域交流施設,熊本県天草市河浦町今富956,1,,,199,32.32682295,130.0196155,未開設,未開設,未開設,未開設,未開設,未開設,未開設,未開設,未開設,未開設,未開設,未開設,未開設
ref:E4321500108111,E4321500108111,天草市,佐伊津体育館,熊本県天草市佐伊津町5933,,,,260,32.49960958,130.1924973,未開設,未開設,未開設,未開設,未開設,未開設,未開設,未開設,未開設,未開設,未開設,未開設,未開設
web:e987cf7183870315496f,,天草市,佐伊津地区コミュニティセンター,天草市佐伊津町 2258,,,,330,32.49205827,130.1903754,未開設,開設（平常）,開設（平常）,開設（平常）,開設（平常）,未開設,未開設,未開設,未開設,未開設,未開設,未開設,未開設
ref:E4321500106111,E4321500106111,天草市,佐伊津小学校体育館,熊本県天草市佐伊津町2312,1,,,220,32.49046324268,130.18904402097,未開設,未開設,未開設,未開設,未開設,未開設,未開設,未開設,未開設,未開設,未開設,未開設,未開設
ref:E4321500189111,E4321500189111,天草市,倉岳小学校体育館,熊本県天草市倉岳町棚底2114,,,,240,32.4111622,130.337888,未開設,未開設,未開設,未開設,未開設,未開設,未開設,未開設,未開設,未開設,未開設,未開設,未開設
ref:E4321500157111,E4321500157111,天草市,円性寺,熊本県天草市栖本町湯船原1055-1,1,,,300,32.41426212,130.2741854,未開設,未開設,未開設,未開設,未開設,未開設,未開設,未開設,未開設,未開設,未開設,未開設,未開設
ref:E4321500044111,E4321500044111,天草市,加世浦区公民館,熊本県天草市牛深町2899-3,,,,22,32.19290174,130.0205348,未開設,未開設,未開設,未開設,未開設,未開設,未開設,未開設,未開設,未開設,未開設,未開設,未開設
web:309aebc14999a8b685a0,,天草市,勇志国際高等学校,天草市御所浦町牧島 1065-3,,,,100,32.34996186,130.3249625,未開設,開設（平常）,開設（平常）,開設（平常）,開設（平常）,未開設,未開設,未開設,未開設,未開設,未開設,未開設,未開設
ref:E4321500054111,E4321500054111,天草市,友辻公民館,熊本県天草市五和町鬼池4450,,,,10,32.54841364,130.1763158,未開設,未開設,未開設,未開設,未開設,未開設,未開設,未開設,未開設,未開設,未開設,未開設,未開設
ref:E4321500153111,E4321500153111,天草市,古江公民館,熊本県天草市栖本町古江739-2,1,,,20,32.40624974,130.2841164,未開設,未開設,未開設,未開設,未開設,未開設,未開設,未開設,未開設,未開設,未開設,未開設,未開設
ref:E4321500278111,E4321500278111,天草市,吉田一区公民館,熊本県天草市久玉町400-1地先,,,,14,32.215792,130.027011,未開設,未開設,未開設,未開設,未開設,未開設,未開設,未開設,未開設,未開設,未開設,未開設,未開設
ref:E4321500075111,E4321500075111,天草市,君川水公民館,熊本県天草市五和町二江1477-7,,,,30,32.54208989,130.1351365,未開設,未開設,未開設,未開設,未開設,未開設,未開設,未開設,未開設,未開設,未開設,未開設,未開設
ref:E4321500097111,E4321500097111,天草市,唐木崎自治公民館,熊本県天草市御所浦町御所浦4976-12,,,,15,32.32864702,130.3347036,未開設,未開設,未開設,未開設,未開設,未開設,未開設,未開設,未開設,未開設,未開設,未開設,未開設
ref:E4321500058111,E4321500058111,天草市,在郷公民館,熊本県天草市五和町御領6102-4,,,,20,32.51641253,130.1853332,未開設,未開設,未開設,未開設,未開設,未開設,未開設,未開設,未開設,未開設,未開設,未開設,未開設
ref:E4321500074111,E4321500074111,天草市,城河原体育館,熊本県天草市五和町城河原3-69,,,,90,32.49562935,130.1490403,未開設,未開設,未開設,未開設,未開設,未開設,未開設,未開設,未開設,未開設,未開設,未開設,未開設
web:f4edaa09a8a82addb372,,天草市,大多尾地区コミュニティセンター,天草市新和町大多尾 2852-1,,,,51,32.34988777,130.3248472,未開設,開設（平常）,開設（平常）,開設（平常）,開設（平常）,未開設,未開設,未開設,未開設,未開設,未開設,未開設,未開設
ref:E4321500128111,E4321500128111,天草市,大宮地体育館,熊本県天草市新和町大宮地4277-1,,,,131,32.39022854,130.1738031,未開設,未開設,未開設,未開設,未開設,未開設,未開設,未開設,未開設,未開設,未開設,未開設,未開設
ref:E4321500127111,E4321500127111,天草市,大宮地地区コミュニティセンター,熊本県天草市新和町大宮地4275-1,1,,,53,32.390500221112,130.17352812433,未開設,未開設,未開設,未開設,未開設,未開設,未開設,未開設,未開設,未開設,未開設,未開設,未開設
ref:E4321500252111,E4321500252111,天草市,大楠体育館,熊本県天草市有明町大浦533-1,1,,,120,32.517445,130.366526,未開設,未開設,未開設,未開設,未開設,未開設,未開設,未開設,未開設,未開設,未開設,未開設,未開設
web:1f6a8f59058ef7b79849,,天草市,大江シルバーコミュニティセンター,天草市天草町大江 2967-1,,,,37,32.34092615,129.9930077,未開設,開設（平常）,開設（平常）,未開設,未開設,未開設,未開設,未開設,未開設,未開設,未開設,未開設,未開設
ref:E4321500149111,E4321500149111,天草市,大河内公民館,熊本県天草市栖本町河内536,,,,20,32.45437545,130.3323127,未開設,未開設,未開設,未開設,未開設,未開設,未開設,未開設,未開設,未開設,未開設,未開設,未開設
web:f79932a3d0c66960d538,,天草市,大浦地区コミュニティセンター,天草市有明町大浦 1723-1,,,,30,32.52222012,130.360089,未開設,開設（平常）,開設（平常）,開設（平常）,開設（平常）,未開設,未開設,未開設,未開設,未開設,未開設,未開設,未開設
ref:E4321500064111,E4321500064111,天草市,大渡公民館,熊本県天草市五和町手野1-1291-1,,,,10,32.50547911,130.1232916,未開設,未開設,未開設,未開設,未開設,未開設,未開設,未開設,未開設,未開設,未開設,未開設,未開設
ref:E4321500011111,E4321500011111,天草市,大蓮寺,熊本県天草市河浦町宮野河内427,,,,30,32.30116018,130.1381992,未開設,未開設,未開設,未開設,未開設,未開設,未開設,未開設,未開設,未開設,未開設,未開設,未開設
ref:E4321500114121,E4321500114121,天草市,天草中央保健福祉センター,熊本県天草市浄南町4-15,1,,要配慮者,,32.449802639656,130.19594928708,未開設,未開設,未開設,未開設,未開設,未開設,未開設,未開設,未開設,未開設,未開設,未開設,未開設
ref:E4321500207111,E4321500207111,天草市,天草交流センター体育館,熊本県天草市天草町大江504-2,,,,90,32.32466376,129.9926363,未開設,未開設,未開設,未開設,未開設,未開設,未開設,未開設,未開設,未開設,未開設,未開設,未開設
ref:E4321500201111,E4321500201111,天草市,天草勤労者体育館,熊本県天草市天草町高浜南488-1,1,,,212,32.37867238,129.9978199,未開設,未開設,未開設,未開設,未開設,未開設,未開設,未開設,未開設,未開設,未開設,未開設,未開設
ref:E4321500200111,E4321500200111,天草市,天草小学校体育館,熊本県天草市天草町高浜南2714,1,,,130,32.37285659,129.9980327,未開設,未開設,未開設,未開設,未開設,未開設,未開設,未開設,未開設,未開設,未開設,未開設,未開設
ref:E4321500023111,E4321500023111,天草市,天草工業高校体育館,熊本県天草市亀場町亀川38-36,,,,1080,32.44756175,130.2027797,未開設,未開設,未開設,未開設,未開設,未開設,未開設,未開設,未開設,未開設,未開設,未開設,未開設
web:9eec49013ea36417ffe2,,天草市,天草市民センター,天草市東町 3,,,,2000,32.45194872,130.1997219,未開設,開設（平常）,開設（平常）,開設（平常）,開設（平常）,未開設,未開設,未開設,未開設,未開設,未開設,未開設,未開設
ref:E4321500230111,E4321500230111,天草市,天草拓心高等学校体育館,熊本県天草市本渡町本戸馬場495,,,,500,32.46828045,130.1822483,未開設,未開設,未開設,未開設,未開設,未開設,未開設,未開設,未開設,未開設,未開設,未開設,未開設
ref:E4321500015121,E4321500015121,天草市,天草西保健福祉センター,熊本県天草市河浦町白木河内223-11,,,要配慮者,54,32.317157494117,130.08267771906,未開設,開設（平常）,開設（平常）,開設（平常）,開設（平常）,未開設,未開設,未開設,未開設,未開設,未開設,未開設,未開設
ref:E4321500135111,E4321500135111,天草市,天附公民分館,熊本県天草市新和町大多尾4556-2,,,,7,32.384258,130.216624,未開設,未開設,未開設,未開設,未開設,未開設,未開設,未開設,未開設,未開設,未開設,未開設,未開設
ref:E4321500220111,E4321500220111,天草市,姫の河内集会所,熊本県天草市二浦町亀浦3504-3,,,,8,32.25706786,130.0254213,未開設,未開設,未開設,未開設,未開設,未開設,未開設,未開設,未開設,未開設,未開設,未開設,未開設
ref:E4321500117111,E4321500117111,天草市,宮南体育館,熊本県天草市新和町小宮地10821-1,1,,,174,32.31444129,130.1763737,未開設,未開設,未開設,未開設,未開設,未開設,未開設,未開設,未開設,未開設,未開設,未開設,未開設
web:9bf092aa4fe4a1ed18c5,,天草市,宮南地区コミュニティセンター,天草市新和町小宮地 10821-1,,,,51,32.31465704,130.1760871,未開設,開設（平常）,開設（平常）,未開設,未開設,未開設,未開設,未開設,未開設,未開設,未開設,未開設,未開設
ref:E4321500183111,E4321500183111,天草市,宮田1区公民館,熊本県天草市倉岳町宮田3754-2,,,,30,32.40109332,130.3250701,未開設,未開設,未開設,未開設,未開設,未開設,未開設,未開設,未開設,未開設,未開設,未開設,未開設
ref:E4321500182111,E4321500182111,天草市,宮田2区公民館,熊本県天草市倉岳町宮田2487-3,,,,30,32.39967299,130.3164124,未開設,未開設,未開設,未開設,未開設,未開設,未開設,未開設,未開設,未開設,未開設,未開設,未開設
ref:E4321500180111,E4321500180111,天草市,宮田5区公民館,熊本県天草市倉岳町宮田1136-1,,,,40,32.39859199,130.3064071,未開設,未開設,未開設,未開設,未開設,未開設,未開設,未開設,未開設,未開設,未開設,未開設,未開設
web:2a1c5a3cfe8332492c5b,,天草市,宮田地区コミュニティセンター,天草市倉岳町宮田 1327-1,,,,190,32.39853585,130.3092937,未開設,開設（平常）,開設（平常）,開設（平常）,開設（平常）,未開設,未開設,未開設,未開設,未開設,未開設,未開設,未開設
ref:E4321500008111,E4321500008111,天草市,宮野河内体育館(旧宮野河内中学校体育館),熊本県天草市河浦町宮野河内1160,,,,190,32.29806712,130.1391815,未開設,未開設,未開設,未開設,未開設,未開設,未開設,未開設,未開設,未開設,未開設,未開設,未開設
web:d232697bd9411d5c5871,,天草市,宮野河内地区コミュニティセンター,天草市河浦町宮野河内337-6,,,,215,32.29919395,130.1393361,未開設,開設（平常）,開設（平常）,未開設,未開設,未開設,未開設,未開設,未開設,未開設,未開設,未開設,未開設
web:9ca1949a4012e9530591,,天草市,富津地区コミュニティセンター,天草市河浦町﨑津 1117-2,,,,247,32.31654743,130.0259427,未開設,開設（平常）,開設（平常）,未開設,未開設,未開設,未開設,未開設,未開設,未開設,未開設,未開設,未開設
ref:E4321500057111,E4321500057111,天草市,小串公民館,熊本県天草市五和町御領522-1,1,,,20,32.511442,130.19088,未開設,未開設,未開設,未開設,未開設,未開設,未開設,未開設,未開設,未開設,未開設,未開設,未開設
web:85f56695653aada74623,,天草市,小宮地地区コミュニティセンター,天草市新和町小宮地 669-1,,,,163,32.36332355,130.1807998,未開設,開設（平常）,開設（平常）,開設（平常）,開設（平常）,未開設,未開設,未開設,未開設,未開設,未開設,未開設,未開設
ref:E4321500236111,E4321500236111,天草市,小島子上地区集会所,熊本県天草市有明町小島子1192-2,,,,10,32.47763739,130.2765082,未開設,未開設,未開設,未開設,未開設,未開設,未開設,未開設,未開設,未開設,未開設,未開設,未開設
ref:E4321500025111,E4321500025111,天草市,山の浦生活改善センター,熊本県天草市久玉町1731-9,,,,20,32.22604714,130.0725117,未開設,未開設,未開設,未開設,未開設,未開設,未開設,未開設,未開設,未開設,未開設,未開設,未開設
ref:E4321500068111,E4321500068111,天草市,山浦公民館,熊本県天草市五和町手野2-110,,,,,32.518745617956,130.12599004089,未開設,未開設,未開設,未開設,未開設,未開設,未開設,未開設,未開設,未開設,未開設,未開設,未開設
ref:E4321500168111,E4321500168111,天草市,山浦公民館,熊本県天草市栖本町馬場690-1,1,,,,32.42715546,130.268548,未開設,未開設,未開設,未開設,未開設,未開設,未開設,未開設,未開設,未開設,未開設,未開設,未開設
ref:E4321500255111,E4321500255111,天草市,島子体育館,熊本県天草市有明町大島子2669,1,,,110,32.474382465165,130.25749272897,未開設,未開設,未開設,未開設,未開設,未開設,未開設,未開設,未開設,未開設,未開設,未開設,未開設
web:7660df5b9bbf9b7a3204,,天草市,島子地区コミュニティセンター,天草市有明町大島子2669,,,,50,32.47409527,130.257126,未開設,開設（平常）,開設（平常）,開設（平常）,開設（平常）,未開設,未開設,未開設,未開設,未開設,未開設,未開設,未開設
ref:E4321500083111,E4321500083111,天草市,崎浦自治公民館,熊本県天草市御所浦町横浦1054-7,,,,15,32.36855995,130.3517615,未開設,未開設,未開設,未開設,未開設,未開設,未開設,未開設,未開設,未開設,未開設,未開設,未開設
ref:E4321500167111,E4321500167111,天草市,川下公民館,熊本県天草市栖本町馬場3775-3,,,,20,32.41390041,130.2625004,未開設,未開設,未開設,未開設,未開設,未開設,未開設,未開設,未開設,未開設,未開設,未開設,未開設
ref:E4321500281121,E4321500281121,天草市,市倉岳支所,熊本県天草市倉岳町棚底1919,,,,,32.409567,130.340922,未開設,開設（不明）,開設（不明）,開設（不明）,開設（不明）,未開設,未開設,未開設,未開設,未開設,未開設,未開設,未開設
web:02bdb832691c0fd6cc77,,天草市,市天草支所,天草市天草町高浜南 488-1,,,,28,32.37951374,129.9980263,未開設,開設（平常）,開設（平常）,開設（平常）,開設（平常）,未開設,未開設,未開設,未開設,未開設,未開設,未開設,未開設
web:1055a7d6968ccd950988,,天草市,市御所浦支所,熊本県天草市御所浦町御所浦3527,,,,30,32.3401721,130.3390531,未開設,開設（平常）,開設（平常）,開設（平常）,開設（不明）,未開設,未開設,未開設,未開設,未開設,未開設,未開設,未開設
web:b86a38b5f389ddb0270b,,天草市,市栖本支所,天草市栖本町馬場 179,,,,690,32.42207179,130.2728806,未開設,開設（平常）,開設（平常）,開設（平常）,開設（平常）,未開設,未開設,未開設,未開設,未開設,未開設,未開設,未開設
web:bdaf5fd9ebb26ea73d8b,,天草市,市河浦支所,天草市河浦町河浦 5253,,,,264,32.33285866,130.079452,未開設,開設（平常）,開設（平常）,開設（平常）,開設（平常）,未開設,未開設,未開設,未開設,未開設,未開設,未開設,未開設
ref:E4321500042121,E4321500042121,天草市,市牛深支所,熊本県天草市牛深町2286-103,1,,要配慮者,90,32.194605339841,130.02668773732,未開設,開設（平常）,開設（平常）,開設（平常）,開設（平常）,未開設,未開設,未開設,未開設,未開設,未開設,未開設,未開設
ref:E4321500091111,E4321500091111,天草市,御所浦中学校体育館,熊本県天草市御所浦町御所浦3171,,,,400,32.34579481,130.3442784,未開設,未開設,未開設,未開設,未開設,未開設,未開設,未開設,未開設,未開設,未開設,未開設,未開設
web:8700ae4060074dc01491,,天草市,御所浦交流センター,天草市御所浦町御所浦 5875-2,,,,90,32.31116944,130.3278485,未開設,開設（平常）,開設（平常）,開設（平常）,開設（不明）,未開設,未開設,未開設,未開設,未開設,未開設,未開設,未開設
ref:E4321500093121,E4321500093121,天草市,御所浦保健福祉センター,熊本県天草市御所浦町御所浦3527,,,要配慮者,30,32.340098595682,130.3390833154,未開設,未開設,未開設,未開設,未開設,未開設,未開設,未開設,未開設,未開設,未開設,未開設,未開設
web:6ae9986106e91934a5c1,,天草市,御所浦北地区コミュニティセンター,天草市御所浦町横浦 383-6,,,,25,32.36581467,130.3447234,未開設,開設（平常）,開設（平常）,開設（平常）,開設（平常）,未開設,未開設,未開設,未開設,未開設,未開設,未開設,未開設
ref:E4321500092111,E4321500092111,天草市,御所浦小学校体育館,熊本県天草市御所浦町御所浦3525-5,,,,200,32.34127808,130.3388732,未開設,未開設,未開設,未開設,未開設,未開設,未開設,未開設,未開設,未開設,未開設,未開設,未開設
web:f732297c0534a2a3a814,,天草市,御所浦診療所,天草市御所浦町御所浦 2081-13,,,,20,32.34833973,130.3580343,未開設,開設（不明）,開設（平常）,開設（平常）,開設（平常）,未開設,未開設,未開設,未開設,未開設,未開設,未開設,未開設
ref:E4321500060121,E4321500060121,天草市,御領地区コミュニティセンター,熊本県天草市五和町御領6692-1,1,,要配慮者,155,32.517830538891,130.18888259453,未開設,開設（平常）,開設（平常）,開設（平常）,開設（平常）,未開設,未開設,未開設,未開設,未開設,未開設,未開設,未開設
ref:E4321500066111,E4321500066111,天草市,手野体育館,熊本県天草市五和町手野1-3759,,,,120,32.51525763,130.1497896,未開設,未開設,未開設,未開設,未開設,未開設,未開設,未開設,未開設,未開設,未開設,未開設,未開設
web:ec9a3008f7789eeaa8fd,,天草市,手野地区コミュニティセンター,天草市五和町手野一丁目 3768-3,,,,40,32.51537916,130.1491765,未開設,開設（平常）,開設（平常）,未開設,未開設,未開設,未開設,未開設,未開設,未開設,未開設,未開設,未開設
ref:E4321500155111,E4321500155111,天草市,打田公民館,熊本県天草市栖本町打田315,,,,20,32.42478687,130.2787524,未開設,未開設,未開設,未開設,未開設,未開設,未開設,未開設,未開設,未開設,未開設,未開設,未開設
ref:E4321500072111,E4321500072111,天草市,打越公民館,熊本県天草市五和町城河原1-2962-1,,,,20,32.49826298,130.1585646,未開設,未開設,未開設,未開設,未開設,未開設,未開設,未開設,未開設,未開設,未開設,未開設,未開設
ref:E4321500014111,E4321500014111,天草市,新合体育館(旧新合小学校体育館),熊本県天草市河浦町新合2008-4,,,,199,32.33686505,130.1163361,未開設,未開設,未開設,未開設,未開設,未開設,未開設,未開設,未開設,未開設,未開設,未開設,未開設
web:e21456c52016af4e6f13,,天草市,新合地区コミュニティセンター,天草市河浦町新合 2004-1,,,,96,32.33551916,130.1162756,未開設,開設（平常）,開設（平常）,未開設,未開設,未開設,未開設,未開設,未開設,未開設,未開設,未開設,未開設
ref:E4321500130111,E4321500130111,天草市,新和B&G海洋センター,熊本県天草市新和町大多尾2138-3,,,,429,32.34908706,130.2078785,未開設,未開設,未開設,未開設,未開設,未開設,未開設,未開設,未開設,未開設,未開設,未開設,未開設
ref:E4321500119111,E4321500119111,天草市,新和中学校体育館,熊本県天草市新和町小宮地1304,,,,351,32.366457,130.1795398,未開設,未開設,未開設,未開設,未開設,未開設,未開設,未開設,未開設,未開設,未開設,未開設,未開設
ref:E4321500123111,E4321500123111,天草市,新和体育館,熊本県天草市新和町小宮地722,,,,338,32.36647807,130.1818521,未開設,未開設,未開設,未開設,未開設,未開設,未開設,未開設,未開設,未開設,未開設,未開設,未開設
refgroup:4696064110916068ca10,E4321500124111;E4321500124121,天草市,新和保健福祉総合センター,熊本県天草市新和町小宮地763-3,,,要配慮者,201,32.370685,130.185113,未開設,開設（平常）,開設（平常）,開設（平常）,開設（平常）,未開設,未開設,未開設,未開設,未開設,未開設,未開設,未開設
ref:E4321500120111,E4321500120111,天草市,新和小学校体育館,熊本県天草市新和町小宮地620,,,,152,32.36297659,130.1809367,未開設,未開設,未開設,未開設,未開設,未開設,未開設,未開設,未開設,未開設,未開設,未開設,未開設
ref:E4321500033111,E4321500033111,天草市,旧宮地岳体育館,熊本県天草市宮地岳町5516,1,,,280,32.38522963,130.1268334,未開設,未開設,未開設,未開設,未開設,未開設,未開設,未開設,未開設,未開設,未開設,未開設,未開設
ref:E4321500086111,E4321500086111,天草市,旧御所浦北中学校,熊本県天草市御所浦町横浦537,,,,60,32.370933191901,130.34424402511,未開設,未開設,未開設,未開設,未開設,未開設,未開設,未開設,未開設,未開設,未開設,未開設,未開設
ref:E4321500222111,E4321500222111,天草市,早浦生活改善センター,熊本県天草市二浦町早浦517-4,,,,11,32.27582561,130.0467026,未開設,未開設,未開設,未開設,未開設,未開設,未開設,未開設,未開設,未開設,未開設,未開設,未開設
ref:E4321500249111,E4321500249111,天草市,有明体育館,熊本県天草市有明町赤崎3383,1,,,250,32.5115285,130.3145123,未開設,開設（平常）,開設（平常）,未開設,未開設,未開設,未開設,未開設,未開設,未開設,未開設,未開設,未開設
ref:E4321500249121,E4321500249121,天草市,有明町民センター,熊本県天草市有明町赤崎3383,1,,要配慮者,134,32.5130167,130.3144445,未開設,開設（平常）,開設（平常）,開設（平常）,開設（平常）,未開設,未開設,未開設,未開設,未開設,未開設,未開設,未開設
ref:E4321500228111,E4321500228111,天草市,本渡中学校体育館,熊本県天草市本渡町広瀬5-110,,,,670,32.46522924,130.2048328,未開設,未開設,未開設,未開設,未開設,未開設,未開設,未開設,未開設,未開設,未開設,未開設,未開設
ref:E4321500223111,E4321500223111,天草市,本渡北小学校体育館,熊本県天草市浜崎町3-55,1,,,370,32.46304515,130.1865508,未開設,未開設,未開設,未開設,未開設,未開設,未開設,未開設,未開設,未開設,未開設,未開設,未開設
ref:E4321500224111,E4321500224111,天草市,本渡北幼稚園,熊本県天草市浜崎町4-9,,,,,32.46253312,130.1881494,未開設,未開設,未開設,未開設,未開設,未開設,未開設,未開設,未開設,未開設,未開設,未開設,未開設
ref:E4321500170111,E4321500170111,天草市,本渡南小学校体育館,熊本県天草市川原町4-21,1,,,430,32.45609778,130.1846795,未開設,未開設,未開設,未開設,未開設,未開設,未開設,未開設,未開設,未開設,未開設,未開設,未開設
ref:E4321500112111,E4321500112111,天草市,本渡東中学校体育館,熊本県天草市志柿町5031,1,,,390,32.43410606,130.2218263,未開設,開設（平常）,開設（平常）,未開設,未開設,未開設,未開設,未開設,未開設,未開設,未開設,未開設,未開設
ref:E4321500111111,E4321500111111,天草市,本渡東小学校体育館,熊本県天草市志柿町5029-5,1,,,240,32.423449,130.231043,未開設,未開設,未開設,未開設,未開設,未開設,未開設,未開設,未開設,未開設,未開設,未開設,未開設
ref:E4321500020111,E4321500020111,天草市,本渡看護専門学校体育館,熊本県天草市亀場町亀川12-1,1,,,160,32.44555378,130.2007624,未開設,未開設,未開設,未開設,未開設,未開設,未開設,未開設,未開設,未開設,未開設,未開設,未開設
ref:E4321500225111,E4321500225111,天草市,本町体育館,熊本県天草市本町新休35,1,,,260,32.46936687,130.1559883,未開設,未開設,未開設,未開設,未開設,未開設,未開設,未開設,未開設,未開設,未開設,未開設,未開設
web:146e99abec4ebfe4e970,,天草市,本町地区コミュニティセンター,天草市本町本 832,,,,320,32.46665983,130.131687,未開設,開設（平常）,開設（平常）,未開設,未開設,未開設,未開設,未開設,未開設,未開設,未開設,未開設,未開設
ref:E4321500226111,E4321500226111,天草市,本町小学校体育館,熊本県天草市本町本815,1,,,220,32.46786039,130.1342791,未開設,未開設,未開設,未開設,未開設,未開設,未開設,未開設,未開設,未開設,未開設,未開設,未開設
ref:E4321500087111,E4321500087111,天草市,杉浦自治公民館,熊本県天草市御所浦町横浦750-11,,,,15,32.36826235,130.3482073,未開設,未開設,未開設,未開設,未開設,未開設,未開設,未開設,未開設,未開設,未開設,未開設,未開設
ref:E4321500164111,E4321500164111,天草市,村公民館,熊本県天草市栖本町馬場216,,,,30,32.42041871,130.2711345,未開設,未開設,未開設,未開設,未開設,未開設,未開設,未開設,未開設,未開設,未開設,未開設,未開設
ref:E4321500171111,E4321500171111,天草市,松尾公民館,熊本県天草市倉岳町浦1050-2,,,,40,32.42701334,130.3522101,未開設,未開設,未開設,未開設,未開設,未開設,未開設,未開設,未開設,未開設,未開設,未開設,未開設
ref:E4321500160111,E4321500160111,天草市,栖本中学校体育館,熊本県天草市栖本町湯船原690-4,,,,500,32.41614227,130.2753987,未開設,未開設,未開設,未開設,未開設,未開設,未開設,未開設,未開設,未開設,未開設,未開設,未開設
ref:E4321500152111,E4321500152111,天草市,栖本体育館,熊本県天草市栖本町古江153-4,,,,630,32.40872943,130.2758749,未開設,未開設,未開設,未開設,未開設,未開設,未開設,未開設,未開設,未開設,未開設,未開設,未開設
web:cf493c040a3bbb7fbe8f,,天草市,栖本地区コミュニティセンター,天草市栖本町河内 4414-1,,,,570,32.44436676,130.3085513,未開設,開設（平常）,開設（平常）,未開設,未開設,未開設,未開設,未開設,未開設,未開設,未開設,未開設,未開設
ref:E4321500165111,E4321500165111,天草市,栖本小学校体育館,熊本県天草市栖本町馬場25,,,,310,32.42134063,130.2749935,未開設,未開設,未開設,未開設,未開設,未開設,未開設,未開設,未開設,未開設,未開設,未開設,未開設
ref:E4321500166121,E4321500166121,天草市,栖本福祉会館,熊本県天草市栖本町馬場3682-1,1,,要配慮者,135,32.415794102442,130.26724000371,未開設,開設（平常）,開設（平常）,開設（平常）,未開設,未開設,未開設,未開設,未開設,未開設,未開設,未開設,未開設
ref:E4321500190111,E4321500190111,天草市,棚底2区公民館,熊本県天草市倉岳町棚底2210-1,,,,60,32.41317169,130.3335848,未開設,未開設,未開設,未開設,未開設,未開設,未開設,未開設,未開設,未開設,未開設,未開設,未開設
ref:E4321500192111,E4321500192111,天草市,棚底4区公民館,熊本県天草市倉岳町棚底2658-3,,,,40,32.4066857,130.3358195,未開設,未開設,未開設,未開設,未開設,未開設,未開設,未開設,未開設,未開設,未開設,未開設,未開設
ref:E4321500191111,E4321500191111,天草市,棚底5区公民館,熊本県天草市倉岳町棚底2480-3,,,,60,32.40681174,130.3387668,未開設,未開設,未開設,未開設,未開設,未開設,未開設,未開設,未開設,未開設,未開設,未開設,未開設
ref:E4321500185111,E4321500185111,天草市,棚底地区コミュニティセンター,熊本県天草市倉岳町棚底1786-4,,,,270,32.41067919,130.3438864,未開設,未開設,未開設,未開設,未開設,未開設,未開設,未開設,未開設,未開設,未開設,未開設,未開設
ref:E4321500217111,E4321500217111,天草市,楠浦小学校体育館,熊本県天草市楠浦町2805,1,,,180,32.41334113,130.1982987,未開設,未開設,未開設,未開設,未開設,未開設,未開設,未開設,未開設,未開設,未開設,未開設,未開設
ref:E4321500260111,E4321500260111,天草市,楠甫体育館,熊本県天草市有明町楠甫756,1,,,110,32.49798206,130.3698484,未開設,未開設,未開設,未開設,未開設,未開設,未開設,未開設,未開設,未開設,未開設,未開設,未開設
web:f674e88b9cc1931a8ab3,,天草市,楠甫地区コミュニティセンター,天草市有明町楠甫 4629-7,,,,70,32.49874134,130.3747644,未開設,開設（平常）,開設（平常）,開設（平常）,開設（平常）,未開設,未開設,未開設,未開設,未開設,未開設,未開設,未開設
ref:E4321500005111,E4321500005111,天草市,河浦中央体育館,熊本県天草市河浦町河浦35-24,,,,902,32.31582136,130.080585,未開設,未開設,未開設,未開設,未開設,未開設,未開設,未開設,未開設,未開設,未開設,未開設,未開設
ref:E4321500005112,E4321500005112,天草市,河浦中学校体育館,熊本県天草市河浦町河浦35-24,,,,340,32.32087864,130.071841,未開設,未開設,未開設,未開設,未開設,未開設,未開設,未開設,未開設,未開設,未開設,未開設,未開設
ref:E4321500006111,E4321500006111,天草市,河浦小学校体育館,熊本県天草市河浦町河浦4933,,,,250,32.33217982,130.0784195,未開設,未開設,未開設,未開設,未開設,未開設,未開設,未開設,未開設,未開設,未開設,未開設,未開設
ref:E4321500162111,E4321500162111,天草市,法真寺,熊本県天草市栖本町湯船原956-1,1,,,30,32.413678809669,130.27291876112,未開設,未開設,未開設,未開設,未開設,未開設,未開設,未開設,未開設,未開設,未開設,未開設,未開設
ref:E4321500264111,E4321500264111,天草市,浅海生活改善センター,熊本県天草市深海町2779-1,,,,,32.244424,130.082438,未開設,未開設,未開設,未開設,未開設,未開設,未開設,未開設,未開設,未開設,未開設,未開設,未開設
ref:E4321500161111,E4321500161111,天草市,浜公民館,熊本県天草市栖本町湯船原787-14,,,,20,32.41426212,130.272001,未開設,未開設,未開設,未開設,未開設,未開設,未開設,未開設,未開設,未開設,未開設,未開設,未開設
ref:E4321500175111,E4321500175111,天草市,浦1区公民館,熊本県天草市倉岳町浦3073,,,,40,32.43230093,130.3607734,未開設,未開設,未開設,未開設,未開設,未開設,未開設,未開設,未開設,未開設,未開設,未開設,未開設
ref:E4321500173111,E4321500173111,天草市,浦2区公民館,熊本県天草市倉岳町浦2323-1,,,,40,32.43755672,130.3461022,未開設,未開設,未開設,未開設,未開設,未開設,未開設,未開設,未開設,未開設,未開設,未開設,未開設
ref:E4321500178111,E4321500178111,天草市,浦5区公民館,熊本県天草市倉岳町浦4896,,,,30,32.42194472,130.3490051,未開設,未開設,未開設,未開設,未開設,未開設,未開設,未開設,未開設,未開設,未開設,未開設,未開設
ref:E4321500172111,E4321500172111,天草市,浦6区公民館,熊本県天草市倉岳町浦1254-8,,,,50,32.42928012,130.3571099,未開設,未開設,未開設,未開設,未開設,未開設,未開設,未開設,未開設,未開設,未開設,未開設,未開設
web:53fa579853f8876d5401,,天草市,浦地区コミュニティセンター,天草市倉岳町浦 3089-1,,,,142,32.43006304,130.3567817,未開設,開設（平常）,開設（平常）,開設（平常）,開設（平常）,未開設,未開設,未開設,未開設,未開設,未開設,未開設,未開設
ref:E4321500144111,E4321500144111,天草市,深海体育館,熊本県天草市深海町4462-3,,,,119,32.25363332,130.090471,未開設,未開設,未開設,未開設,未開設,未開設,未開設,未開設,未開設,未開設,未開設,未開設,未開設
web:f1bd1b7a251d1624f125,,天草市,深海地区コミュニティセンター,天草市深海町 1842-42,,,,68,32.25454083,130.0947428,未開設,開設（平常）,開設（平常）,未開設,未開設,未開設,未開設,未開設,未開設,未開設,未開設,未開設,未開設
ref:E4321500158111,E4321500158111,天草市,湯上公民館,熊本県天草市栖本町湯船原441-1,,,,20,32.42387441,130.2813849,未開設,未開設,未開設,未開設,未開設,未開設,未開設,未開設,未開設,未開設,未開設,未開設,未開設
ref:E4321500146111,E4321500146111,天草市,瀬戸保育園,熊本県天草市瀬戸町52,,,,100,32.44964526,130.2057212,未開設,未開設,未開設,未開設,未開設,未開設,未開設,未開設,未開設,未開設,未開設,未開設,未開設
ref:E4321500036111,E4321500036111,天草市,牛深中学校体育館,熊本県天草市牛深町1211-25,,,,222,32.20097217,130.0144401,未開設,未開設,未開設,未開設,未開設,未開設,未開設,未開設,未開設,未開設,未開設,未開設,未開設
ref:E4321500276121,E4321500276121,天草市,牛深地区コミュニティセンター,熊本県天草市牛深町122-2,,,要配慮者,21,32.195712,130.025668,未開設,未開設,未開設,未開設,未開設,未開設,未開設,未開設,未開設,未開設,未開設,未開設,未開設
ref:E4321500040111,E4321500040111,天草市,牛深小学校体育館,熊本県天草市牛深町1985,,,,189,32.19700119,130.0187357,未開設,未開設,未開設,未開設,未開設,未開設,未開設,未開設,未開設,未開設,未開設,未開設,未開設
ref:E4321500028111,E4321500028111,天草市,牛深東中学校体育館,熊本県天草市久玉町2364,1,,,156,32.224978,130.035741,未開設,未開設,未開設,未開設,未開設,未開設,未開設,未開設,未開設,未開設,未開設,未開設,未開設
ref:E4321500026111,E4321500026111,天草市,牛深東小学校体育館,熊本県天草市久玉町1963,,,,81,32.22067827,130.0339889,未開設,未開設,未開設,未開設,未開設,未開設,未開設,未開設,未開設,未開設,未開設,未開設,未開設
ref:E4321500031111,E4321500031111,天草市,牛深総合体育館,熊本県天草市久玉町5716-16,,,,840,32.21281949,130.0284623,未開設,未開設,未開設,未開設,未開設,未開設,未開設,未開設,未開設,未開設,未開設,未開設,未開設
ref:E4321500102111,E4321500102111,天草市,牧島地区コミュニティセンター,熊本県天草市御所浦町牧島625-7,,,,10,32.3474935,130.3279952,未開設,未開設,未開設,未開設,未開設,未開設,未開設,未開設,未開設,未開設,未開設,未開設,未開設
ref:E4321500032111,E4321500032111,天草市,生涯学習センター,熊本県天草市久玉町5716-4,,,,91,32.21365562,130.0284459,未開設,未開設,未開設,未開設,未開設,未開設,未開設,未開設,未開設,未開設,未開設,未開設,未開設
ref:E4321500073111,E4321500073111,天草市,田代公民館,熊本県天草市五和町城河原2-2083-4,,,,20,32.48732704,130.123846,未開設,未開設,未開設,未開設,未開設,未開設,未開設,未開設,未開設,未開設,未開設,未開設,未開設
ref:E4321500076111,E4321500076111,天草市,田向公民館,熊本県天草市五和町二江19-1,,,,20,32.5366986,130.1407576,未開設,未開設,未開設,未開設,未開設,未開設,未開設,未開設,未開設,未開設,未開設,未開設,未開設
ref:E4321500043111,E4321500043111,天草市,真浦区公民館,熊本県天草市牛深町2837-2,,,,13,32.19397698,130.0211282,未開設,未開設,未開設,未開設,未開設,未開設,未開設,未開設,未開設,未開設,未開設,未開設,未開設
web:51fab8e86e066c808c1a,,天草市,碇石地区コミュニティセンター,天草市新和町碇石 959,,,,57,32.36208313,130.1507471,未開設,開設（平常）,開設（平常）,未開設,未開設,未開設,未開設,未開設,未開設,未開設,未開設,未開設,未開設
ref:E4321500211111,E4321500211111,天草市,福連木体育館,熊本県天草市天草町福連木3505-1,,,,112,32.41895019,130.0727341,未開設,未開設,未開設,未開設,未開設,未開設,未開設,未開設,未開設,未開設,未開設,未開設,未開設
web:e5183aee4b4e8011db6b,,天草市,福連木地区コミュニティセンター,天草市天草町福連木 3645-2,,,,45,32.42060427,130.071913,未開設,開設（平常）,開設（平常）,未開設,未開設,未開設,未開設,未開設,未開設,未開設,未開設,未開設,未開設
ref:E4321500151111,E4321500151111,天草市,稚児﨑公民館,熊本県天草市栖本町古江1115-1,,,,20,32.40451117,130.2863454,未開設,未開設,未開設,未開設,未開設,未開設,未開設,未開設,未開設,未開設,未開設,未開設,未開設
ref:E4321500021111,E4321500021111,天草市,稜南中学校体育館,熊本県天草市亀場町亀川1425,1,,,690,32.43615692,130.1963457,未開設,開設（平常）,開設（平常）,開設（平常）,開設（平常）,未開設,未開設,未開設,未開設,未開設,未開設,未開設,未開設
ref:E4321500048111,E4321500048111,天草市,茂串体育館,熊本県天草市牛深町599,1,,,255,32.21800765,130.0095629,未開設,未開設,未開設,未開設,未開設,未開設,未開設,未開設,未開設,未開設,未開設,未開設,未開設
ref:E4321500259111,E4321500259111,天草市,蛤里地区集会所,熊本県天草市有明町楠甫5791-1,,,,10,32.51404434,130.3839537,未開設,未開設,未開設,未開設,未開設,未開設,未開設,未開設,未開設,未開設,未開設,未開設,未開設
web:20f30f4d976c295dd5d1,,天草市,複合施設ここらす,天草市浄南町4-15,,,,90,32.44986593,130.1958734,未開設,開設（平常）,開設（平常）,開設（平常）,開設（平常）,未開設,未開設,未開設,未開設,未開設,未開設,未開設,未開設
ref:E4321500159111,E4321500159111,天草市,西真寺,熊本県天草市栖本町湯船原458,,,,50,32.42335436074,130.28085032168,未開設,未開設,未開設,未開設,未開設,未開設,未開設,未開設,未開設,未開設,未開設,未開設,未開設
ref:E4321500246111,E4321500246111,天草市,赤崎体育館,熊本県天草市有明町赤崎1764,,,,110,32.51447538,130.3229744,未開設,未開設,未開設,未開設,未開設,未開設,未開設,未開設,未開設,未開設,未開設,未開設,未開設
web:bb3ddc9c05220a13d6f6,,天草市,赤崎地区コミュニティセンター,天草市有明町赤崎 1801-1,,,,50,32.51738062,130.3204142,未開設,開設（平常）,開設（平常）,開設（平常）,開設（平常）,未開設,未開設,未開設,未開設,未開設,未開設,未開設,未開設
ref:E4321500088111,E4321500088111,天草市,越地自治公民館,熊本県天草市御所浦町御所浦1956-2,,,,15,32.346197,130.362133,未開設,未開設,未開設,未開設,未開設,未開設,未開設,未開設,未開設,未開設,未開設,未開設,未開設
ref:E4321500082111,E4321500082111,天草市,通詞島多目的集会所,熊本県天草市五和町二江68-17,,,,80,32.55090219,130.1225896,未開設,未開設,未開設,未開設,未開設,未開設,未開設,未開設,未開設,未開設,未開設,未開設,未開設
ref:E4321500107111,E4321500107111,天草市,金ヶ丘団地集会所,熊本県天草市佐伊津町5910,,,,20,32.49785333,130.1924828,未開設,未開設,未開設,未開設,未開設,未開設,未開設,未開設,未開設,未開設,未開設,未開設,未開設
ref:E4321500002111,E4321500002111,天草市,金焼体育館,熊本県天草市下浦町9475,,,,260,32.398061549767,130.25233654242,未開設,未開設,未開設,未開設,未開設,未開設,未開設,未開設,未開設,未開設,未開設,未開設,未開設
ref:E4321500133111,E4321500133111,天草市,長野公民分館,熊本県天草市新和町大多尾3947-6,,,,7,32.3685015,130.2143715,未開設,未開設,未開設,未開設,未開設,未開設,未開設,未開設,未開設,未開設,未開設,未開設,未開設
ref:E4321500035111,E4321500035111,天草市,須口地区健康管理増進施設,熊本県天草市牛深町1081-91,,,,68,32.20116665,130.0084653,未開設,未開設,未開設,未開設,未開設,未開設,未開設,未開設,未開設,未開設,未開設,未開設,未開設
web:002fb4abee3c5a856833,,天草市,須子地区コミュニティセンター(大会議室),天草市有明町須子 2082-3,,,,20,32.51409456,130.3420303,未開設,開設（やや混雑）,開設（平常）,開設（平常）,開設（平常）,未開設,未開設,未開設,未開設,未開設,未開設,未開設,未開設
ref:E4321500202121,E4321500202121,天草市,高浜地区コミュニティセンター,熊本県天草市天草町高浜南501-1,1,,要配慮者,70,32.37838933,129.9975277,未開設,未開設,未開設,未開設,未開設,未開設,未開設,未開設,未開設,未開設,未開設,未開設,未開設
ref:E4321500126111,E4321500126111,天草市,高見公民分館,熊本県天草市新和町大宮地1346,,,,7,32.38833952,130.1780826,未開設,未開設,未開設,未開設,未開設,未開設,未開設,未開設,未開設,未開設,未開設,未開設,未開設
ref:E4321500277111,E4321500277111,天草市,鬼塚公民館,熊本県天草市牛深町2058,,,,,32.19708,130.016855,未開設,未開設,未開設,未開設,未開設,未開設,未開設,未開設,未開設,未開設,未開設,未開設,未開設
ref:E4321500053111,E4321500053111,天草市,鬼池体育館,熊本県天草市五和町鬼池1184,1,,,100,32.54657671,130.1810308,未開設,未開設,未開設,未開設,未開設,未開設,未開設,未開設,未開設,未開設,未開設,未開設,未開設
ref:E4321500050111,E4321500050111,天草市,魚貫地区コミュニティセンター,熊本県天草市魚貫町2129,,,,57,32.23957339,130.0109142,未開設,未開設,未開設,未開設,未開設,未開設,未開設,未開設,未開設,未開設,未開設,未開設,未開設
ref:E4321100032111,E4321100032111,宇土市,JR住吉駅前駐輪場,熊本県宇土市住吉町836-4,,,,15,32.70195,130.597776,未開設,未開設,未開設,未開設,未開設,未開設,未開設,未開設,未開設,未開設,未開設,未開設,未開設
ref:E4321100005111,E4321100005111,宇土市,ecowin宇土アリーナ(宇土市民体育館),熊本県宇土市旭町504,,,,1441,32.684215,130.664516,未開設,未開設,未開設,未開設,未開設,未開設,未開設,未開設,未開設,未開設,未開設,未開設,未開設
ref:E4321100002121,E4321100002121,宇土市,あさひコート,熊本県宇土市旭町106,,,要配慮者,5,32.688052,130.665217,未開設,未開設,未開設,未開設,未開設,未開設,未開設,未開設,未開設,未開設,未開設,未開設,未開設
ref:E4321100068111,E4321100068111,宇土市,あじさいの湯,熊本県宇土市網津町2283,,,,,32.689156634362,130.5983087119,未開設,未開設,未開設,未開設,未開設,未開設,未開設,未開設,未開設,未開設,未開設,未開設,未開設
ref:E4321100043121,E4321100043121,宇土市,ケアコートうと本町,熊本県宇土市新小路町2,,,要配慮者,5,32.686449,130.663643,未開設,未開設,未開設,未開設,未開設,未開設,未開設,未開設,未開設,未開設,未開設,未開設,未開設
ref:E4321100044111,E4321100044111,宇土市,中央公民館,熊本県宇土市新小路町96-1,,,,,32.684445765842,130.66177130328,未開設,未開設,未開設,未開設,未開設,未開設,未開設,未開設,未開設,未開設,未開設,未開設,未開設
ref:E4321100029111,E4321100029111,宇土市,住吉中学校体育館,熊本県宇土市笹原町1700,1,,,223,32.700769,130.610022,未開設,未開設,未開設,未開設,未開設,未開設,未開設,未開設,未開設,未開設,未開設,未開設,未開設
ref:E4321100033111,E4321100033111,宇土市,住吉漁協会議室,熊本県宇土市住吉町875,,,,30,32.70302632,130.59848,未開設,未開設,未開設,未開設,未開設,未開設,未開設,未開設,未開設,未開設,未開設,未開設,未開設
ref:E4321100059111,E4321100059111,宇土市,創価学会宇土文化会館,熊本県宇土市南段原町130-1,,,,100,32.67904815,130.6622038,未開設,未開設,未開設,未開設,未開設,未開設,未開設,未開設,未開設,未開設,未開設,未開設,未開設
ref:E4321100014111,E4321100014111,宇土市,宇土マリーナ会議室,熊本県宇土市下網田町3084-1,,,,,32.662273278096,130.52273579799,未開設,未開設,未開設,未開設,未開設,未開設,未開設,未開設,未開設,未開設,未開設,未開設,未開設
ref:E4321100027111,E4321100027111,宇土市,宇土小学校体育館,熊本県宇土市高柳町104-1,1,,,378,32.683849,130.65293,未開設,未開設,未開設,未開設,未開設,未開設,未開設,未開設,未開設,未開設,未開設,未開設,未開設
ref:E4321100019111,E4321100019111,宇土市,宇土市スポーツセンター,熊本県宇土市花園町523-2,1,,,198,32.677036661697,130.69432640499,未開設,未開設,未開設,未開設,未開設,未開設,未開設,未開設,未開設,未開設,未開設,未開設,未開設
ref:E4321100061121,E4321100061121,宇土市,宇土市保健センター,熊本県宇土市南段原町164-3,,,要配慮者,90,32.679847,130.662452,未開設,未開設,未開設,未開設,未開設,未開設,未開設,未開設,未開設,未開設,未開設,未開設,未開設
ref:E4321100006111,E4321100006111,宇土市,宇土市立図書館,熊本県宇土市浦田町131-1,,,,210,32.68589331,130.6574622,未開設,未開設,未開設,未開設,未開設,未開設,未開設,未開設,未開設,未開設,未開設,未開設,未開設
ref:E4321100055111,E4321100055111,宇土市,宇土東小学校体育館,熊本県宇土市築籠町46,1,,,291,32.694876,130.660888,未開設,未開設,未開設,未開設,未開設,未開設,未開設,未開設,未開設,未開設,未開設,未開設,未開設
ref:E4321100022111,E4321100022111,宇土市,宇土高校体育館,熊本県宇土市古城町63,1,,,1000,32.680817,130.654889,未開設,未開設,未開設,未開設,未開設,未開設,未開設,未開設,未開設,未開設,未開設,未開設,未開設
ref:E4321100008111,E4321100008111,宇土市,市役所別館,宇土市浦田町51,,,,195,32.687169,130.659132,未開設,開設（やや混雑）,開設（平常）,開設（やや混雑）,開設（やや混雑）,開設（やや混雑）,開設（やや混雑）,開設（平常）,開設（平常）,開設（平常）,開設（平常）,開設（平常）,開設（平常）
ref:E4321100004111,E4321100004111,宇土市,市武道館,熊本県宇土市旭町500,,,,223,32.683667304214,130.66445678607,未開設,未開設,未開設,未開設,未開設,未開設,未開設,未開設,未開設,未開設,未開設,未開設,未開設
ref:E4321100040111,E4321100040111,宇土市,市民会館,宇土市新小路町123,,,,963,32.684003,130.661253,未開設,開設（平常）,開設（平常）,開設（平常）,開設（平常）,開設（平常）,開設（平常）,開設（平常）,開設（平常）,開設（平常）,開設（平常）,開設（平常）,開設（平常）
ref:E4321100007111,E4321100007111,宇土市,市福祉センター,宇土市浦田町44,,,,30,32.687565,130.658787,未開設,開設（平常）,開設（混雑）,開設（混雑）,開設（混雑）,開設（混雑）,開設（混雑）,開設（混雑）,開設（混雑）,開設（混雑）,開設（混雑）,開設（混雑）,開設（平常）
ref:E4321100037121,E4321100037121,宇土市,景雅苑,熊本県宇土市上網田町3676,,,要配慮者,5,32.68003,130.552995,未開設,未開設,未開設,未開設,未開設,未開設,未開設,未開設,未開設,未開設,未開設,未開設,未開設
web:473ecc0bc49b3f627e2a,,宇土市,椿原公民館,熊本県宇土市椿原町581,,,,,32.68274001,130.6416035,未開設,開設（不明）,開設（不明）,開設（不明）,開設（不明）,開設（不明）,開設（不明）,開設（不明）,開設（不明）,開設（不明）,開設（不明）,開設（不明）,開設（不明）
ref:E4321100060121,E4321100060121,宇土市,照古苑,熊本県宇土市南段原町161-2,,,要配慮者,10,32.679968,130.663195,未開設,未開設,未開設,未開設,未開設,未開設,未開設,未開設,未開設,未開設,未開設,未開設,未開設
ref:E4321100035121,E4321100035121,宇土市,照古苑ひまわりホーム,熊本県宇土市松山町1988,,,要配慮者,10,32.668526,130.671758,未開設,未開設,未開設,未開設,未開設,未開設,未開設,未開設,未開設,未開設,未開設,未開設,未開設
ref:E4321100062111,E4321100062111,宇土市,網津公民館網引分館,熊本県宇土市網引町790-1,,,,30,32.67577648,130.5957415,未開設,未開設,未開設,未開設,未開設,未開設,未開設,未開設,未開設,未開設,未開設,未開設,未開設
ref:E4321100066111,E4321100066111,宇土市,網津地区多目的研修会施設,熊本県宇土市網津町2026-2,,,,221,32.696034,130.599293,未開設,未開設,未開設,未開設,未開設,未開設,未開設,未開設,未開設,未開設,未開設,未開設,未開設
ref:E4321100067111,E4321100067111,宇土市,網津小学校体育館,熊本県宇土市網津町2082-3,1,,,275,32.697079,130.599387,未開設,未開設,未開設,未開設,未開設,未開設,未開設,未開設,未開設,未開設,未開設,未開設,未開設
ref:E4321100065111,E4321100065111,宇土市,網津防災センター,宇土市網津町1991-1,,,,69,32.696675571354,130.60087056622,未開設,開設（平常）,開設（平常）,開設（平常）,開設（平常）,開設（平常）,開設（平常）,開設（平常）,開設（平常）,開設（平常）,開設（平常）,開設（平常）,開設（平常）
web:83719ce40b8ec4c04df0,,宇土市,網田コミュニティーセンター,熊本県宇土市下網田町1819番地,,,,86,32.66763051,130.5530464,未開設,開設（平常）,開設（平常）,開設（平常）,開設（平常）,開設（平常）,開設（平常）,開設（平常）,開設（平常）,開設（平常）,開設（平常）,開設（平常）,開設（平常）
ref:E4321100010111,E4321100010111,宇土市,網田中学校体育館,熊本県宇土市下網田町1120,1,,,308,32.67083,130.550456,未開設,未開設,未開設,未開設,未開設,未開設,未開設,未開設,未開設,未開設,未開設,未開設,未開設
ref:E4321100016111,E4321100016111,宇土市,網田公民館,熊本県宇土市下網田町566-1,,,,,32.670221702565,130.55685811543,未開設,未開設,未開設,未開設,未開設,未開設,未開設,未開設,未開設,未開設,未開設,未開設,未開設
ref:E4321100012111,E4321100012111,宇土市,網田地区農業者トレーニングセンター,熊本県宇土市下網田町1903,,,,176,32.668084,130.550636,未開設,未開設,未開設,未開設,未開設,未開設,未開設,未開設,未開設,未開設,未開設,未開設,未開設
ref:E4321100011111,E4321100011111,宇土市,網田小学校体育館,熊本県宇土市下網田町1842,1,,,274,32.666233,130.553814,未開設,開設（平常）,未開設,未開設,未開設,未開設,未開設,未開設,未開設,未開設,未開設,未開設,未開設
ref:E4321100072111,E4321100072111,宇土市,網田漁業協同組合,熊本県宇土市長浜町508-5,,,,,32.667376,130.543416,未開設,未開設,未開設,未開設,未開設,未開設,未開設,未開設,未開設,未開設,未開設,未開設,未開設
ref:E4321100071111,E4321100071111,宇土市,緑川公民館,熊本県宇土市野鶴町294-1,,,,37,32.694112307837,130.63007046223,未開設,未開設,未開設,未開設,未開設,未開設,未開設,未開設,未開設,未開設,未開設,未開設,未開設
ref:E4321100069111,E4321100069111,宇土市,緑川地区農業者トレーニングセンター,熊本県宇土市野鶴町207-3,,,,223,32.693034,130.631849,未開設,未開設,未開設,未開設,未開設,未開設,未開設,未開設,未開設,未開設,未開設,未開設,未開設
ref:E4321100070111,E4321100070111,宇土市,緑川小学校体育館,熊本県宇土市野鶴町246,1,,,279,32.693195,130.630474,未開設,開設（平常）,開設（平常）,開設（平常）,開設（平常）,未開設,未開設,未開設,未開設,未開設,未開設,未開設,未開設
ref:E4321100041111,E4321100041111,宇土市,老人福祉センター,熊本県宇土市新小路町138-2,,,,127,32.6835671211,130.66281216275,未開設,未開設,未開設,未開設,未開設,未開設,未開設,未開設,未開設,未開設,未開設,未開設,未開設
ref:E4321100024112,E4321100024112,宇土市,花っ子学童クラブ,熊本県宇土市古保里町977,,,,,32.677162,130.683243,未開設,未開設,未開設,未開設,未開設,未開設,未開設,未開設,未開設,未開設,未開設,未開設,未開設
ref:E4321100024111,E4321100024111,宇土市,花園コミュニティセンター,宇土市古保里町977,,,,70,32.67637751,130.6833043,未開設,未開設,開設（平常）,開設（平常）,開設（平常）,開設（平常）,開設（平常）,開設（平常）,開設（平常）,開設（平常）,開設（平常）,開設（平常）,開設（平常）
ref:E4321100023111,E4321100023111,宇土市,花園小学校体育館,熊本県宇土市古保里町695,1,,,217,32.675597,130.683374,未開設,未開設,未開設,未開設,未開設,未開設,未開設,未開設,未開設,未開設,未開設,未開設,未開設
ref:E4321100013111,E4321100013111,宇土市,西部老人福祉センター,熊本県宇土市下網田町1942-1,,,,119,32.668573,130.551331,未開設,未開設,未開設,未開設,未開設,未開設,未開設,未開設,未開設,未開設,未開設,未開設,未開設
ref:E4321100054111,E4321100054111,宇土市,走潟公民館,熊本県宇土市走潟町822,,,,,32.704135838266,130.64701728602,未開設,未開設,未開設,未開設,未開設,未開設,未開設,未開設,未開設,未開設,未開設,未開設,未開設
ref:E4321100052111,E4321100052111,宇土市,走潟地区体育館,熊本県宇土市走潟町619-5,,,,299,32.706206,130.646706,未開設,未開設,未開設,未開設,未開設,未開設,未開設,未開設,未開設,未開設,未開設,未開設,未開設
ref:E4321100053111,E4321100053111,宇土市,走潟小学校体育館,熊本県宇土市走潟町743,1,,,321,32.70521698,130.6487093,未開設,開設（平常）,開設（平常）,開設（平常）,開設（平常）,開設（平常）,開設（平常）,開設（平常）,開設（平常）,開設（平常）,開設（平常）,開設（平常）,開設（平常）
ref:E4321100048111,E4321100048111,宇土市,轟公民館,熊本県宇土市石橋町10-2,,,,51,32.676495,130.644851,未開設,未開設,未開設,未開設,未開設,未開設,未開設,未開設,未開設,未開設,未開設,未開設,未開設
ref:E4321100046111,E4321100046111,宇土市,轟地区農業者トレーニングセンター,熊本県宇土市石橋町1,,,,167,32.676073,130.645375,未開設,未開設,未開設,未開設,未開設,未開設,未開設,未開設,未開設,未開設,未開設,未開設,未開設
ref:E4321100057111,E4321100057111,宇土市,長浜福祉館,熊本県宇土市長浜町411-2,,,,167,32.69303937,130.5650123,未開設,未開設,未開設,未開設,未開設,未開設,未開設,未開設,未開設,未開設,未開設,未開設,未開設
ref:E4321100042111,E4321100042111,宇土市,鶴城中学校体育館,熊本県宇土市新小路町151,1,,,306,32.683268,130.662128,未開設,未開設,未開設,未開設,未開設,未開設,未開設,未開設,未開設,未開設,未開設,未開設,未開設
ref:E4321300027111,E4321300027111,宇城市,インダストリアル研修館,熊本県宇城市松橋町松橋564,1,,,310,32.6515513163642,130.678418388669,未開設,未開設,未開設,未開設,未開設,未開設,未開設,未開設,未開設,未開設,未開設,未開設,未開設
web:d86e52a30a796c564a94,,宇城市,三角防災拠点センター,熊本県宇城市三角町波多619−1,,,,620,32.61303913,130.4792208,未開設,開設（平常）,開設（平常）,開設（平常）,開設（平常）,開設（平常）,開設（平常）,開設（平常）,開設（平常）,開設（平常）,開設（平常）,開設（平常）,開設（平常）
web:f75ce692f58356ed71a7,,宇城市,不知火小学校2F交流スペース,熊本県宇城市不知火町高良1952,,,,,32.64509164212856,130.6629337580073,未開設,未開設,未開設,開設（不明）,開設（平常）,開設（不明）,開設（不明）,開設（不明）,開設（不明）,開設（不明）,開設（不明）,開設（不明）,開設（不明）
ref:E4321300037111,E4321300037111,宇城市,不知火小学校体育館,熊本県宇城市不知火町高良1952,1,,,350,32.6449282132326,130.662448265905,未開設,未開設,未開設,未開設,未開設,未開設,未開設,未開設,未開設,未開設,未開設,未開設,未開設
web:c49d287f125a11c54dcd,,宇城市,不知火防災拠点センター,熊本県宇城市高良2273ー1,,,,480,32.64595343,130.6685315,未開設,開設（やや混雑）,開設（やや混雑）,開設（やや混雑）,開設（やや混雑）,開設（やや混雑）,開設（やや混雑）,開設（やや混雑）,開設（平常）,開設（平常）,開設（平常）,開設（平常）,開設（平常）
ref:E4321300006111,E4321300006111,宇城市,宇城市三角東地区生涯学習センター体育館,熊本県宇城市三角町波多1756,1,,,290,32.6191810345925,130.488323393424,未開設,未開設,未開設,未開設,未開設,未開設,未開設,未開設,未開設,未開設,未開設,未開設,未開設
ref:E4321300007121,E4321300007121,宇城市,宇城市三角防災拠点センター,熊本県宇城市三角町波多619-1,1,,要配慮者,,32.6131670142103,130.478615935428,未開設,未開設,未開設,未開設,未開設,未開設,未開設,未開設,未開設,未開設,未開設,未開設,未開設
ref:E4321300039112,E4321300039112,宇城市,宇城市不知火支所,熊本県宇城市不知火町高良2273-1,1,,,,32.6467224441265,130.667903790878,未開設,未開設,未開設,未開設,未開設,未開設,未開設,未開設,未開設,未開設,未開設,未開設,未開設
ref:E4321300039121,E4321300039121,宇城市,宇城市不知火防災拠点センター,熊本県宇城市不知火町高良2273-1,1,,要配慮者,480,32.646306,130.668192,未開設,未開設,未開設,未開設,未開設,未開設,未開設,未開設,未開設,未開設,未開設,未開設,未開設
ref:E4321300010111,E4321300010111,宇城市,宇城市小川防災拠点センター,熊本県宇城市小川町江頭100,1,,,,32.5925380992227,130.704185991741,未開設,未開設,未開設,未開設,未開設,未開設,未開設,未開設,未開設,未開設,未開設,未開設,未開設
ref:E4321300003111,E4321300003111,宇城市,宇城市戸馳地区生涯学習センター体育館,熊本県宇城市三角町戸馳5151,1,,,280,32.5988549903297,130.49209368373,未開設,未開設,未開設,未開設,未開設,未開設,未開設,未開設,未開設,未開設,未開設,未開設,未開設
ref:E4321300050111,E4321300050111,宇城市,宇城市松合地区市民館,熊本県宇城市不知火町松合168,,,,,32.630606,130.608016,未開設,未開設,未開設,未開設,未開設,未開設,未開設,未開設,未開設,未開設,未開設,未開設,未開設
ref:E4321300035121,E4321300035121,宇城市,宇城市松橋東防災拠点センター,熊本県宇城市松橋町豊福1786,1,,要配慮者,,32.6429174540355,130.702563105949,未開設,未開設,未開設,未開設,未開設,未開設,未開設,未開設,未開設,未開設,未開設,未開設,未開設
ref:E4321300031111,E4321300031111,宇城市,宇城市松橋総合体育文化センター(ウイング松橋),宇城市松橋町大野85,1,,,840,32.64684015,130.6841178,未開設,開設（やや混雑）,開設（やや混雑）,開設（やや混雑）,開設（やや混雑）,開設（やや混雑）,開設（やや混雑）,開設（やや混雑）,開設（やや混雑）,開設（やや混雑）,開設（やや混雑）,開設（やや混雑）,開設（平常）
ref:E4321300028121,E4321300028121,宇城市,宇城市松橋西防災拠点センター,熊本県宇城市松橋町松橋564-2,1,,要配慮者,,32.6514957274895,130.678948359643,未開設,未開設,未開設,未開設,未開設,未開設,未開設,未開設,未開設,未開設,未開設,未開設,未開設
ref:E4321300004111,E4321300004111,宇城市,宇城市立三角小学校体育館,熊本県宇城市三角町三角浦574-1,1,,,550,32.6109572980432,130.4681920924,未開設,未開設,未開設,未開設,未開設,未開設,未開設,未開設,未開設,未開設,未開設,未開設,未開設
ref:E4321300044111,E4321300044111,宇城市,宇城市立不知火中学校体育館,熊本県宇城市不知火町長崎45,1,,,640,32.6467377913213,130.656776324877,未開設,未開設,未開設,未開設,未開設,未開設,未開設,未開設,未開設,未開設,未開設,未開設,未開設
ref:E4321300039111,E4321300039111,宇城市,宇城市立不知火体育館,熊本県宇城市不知火町高良2273-1,1,,,550,32.6459659,130.6685384,未開設,未開設,未開設,未開設,未開設,未開設,未開設,未開設,未開設,未開設,未開設,未開設,未開設
ref:E4321300018111,E4321300018111,宇城市,宇城市立小川中学校体育館,熊本県宇城市小川町南部田287-2,1,,,,32.5902022810048,130.714835531571,未開設,未開設,未開設,未開設,未開設,未開設,未開設,未開設,未開設,未開設,未開設,未開設,未開設
ref:E4321300013111,E4321300013111,宇城市,宇城市立小川小学校体育館,熊本県宇城市小川町西北小川1,1,,,340,32.5814572440176,130.710801595961,未開設,未開設,未開設,未開設,未開設,未開設,未開設,未開設,未開設,未開設,未開設,未開設,未開設
ref:E4321300016111,E4321300016111,宇城市,宇城市立小野部田小学校体育館,熊本県宇城市小川町南小野1402,1,,,226,32.6072179634021,130.718762612847,未開設,未開設,未開設,未開設,未開設,未開設,未開設,未開設,未開設,未開設,未開設,未開設,未開設
ref:E4321300021111,E4321300021111,宇城市,宇城市立当尾小学校体育館,熊本県宇城市松橋町曲野1856,1,,,400,32.657760280067,130.702126673644,未開設,未開設,未開設,未開設,未開設,未開設,未開設,未開設,未開設,未開設,未開設,未開設,未開設
ref:E4321300042111,E4321300042111,宇城市,宇城市立松合体育館,熊本県宇城市不知火町松合168-1,1,,,,32.63063028,130.6077192,未開設,未開設,未開設,未開設,未開設,未開設,未開設,未開設,未開設,未開設,未開設,未開設,未開設
ref:E4321300041111,E4321300041111,宇城市,宇城市立松合小学校体育館,熊本県宇城市不知火町松合1578,1,,,,32.633744187261,130.60450273916,未開設,未開設,未開設,未開設,未開設,未開設,未開設,未開設,未開設,未開設,未開設,未開設,未開設
ref:E4321300026111,E4321300026111,宇城市,宇城市立松橋中学校体育館,熊本県宇城市松橋町松橋522-1,1,,,,32.6504737979814,130.681744567655,未開設,未開設,未開設,未開設,未開設,未開設,未開設,未開設,未開設,未開設,未開設,未開設,未開設
ref:E4321300022111,E4321300022111,宇城市,宇城市立松橋小学校体育館,熊本県宇城市松橋町松橋1666,1,,,,32.6568996602834,130.68596018065,未開設,未開設,未開設,未開設,未開設,未開設,未開設,未開設,未開設,未開設,未開設,未開設,未開設
ref:E4321300017111,E4321300017111,宇城市,宇城市立河江地区コミュニティセンター,熊本県宇城市小川町南新田476,1,,,330,32.59871699,130.6937355,未開設,未開設,未開設,未開設,未開設,未開設,未開設,未開設,未開設,未開設,未開設,未開設,未開設
ref:E4321300012111,E4321300012111,宇城市,宇城市立河江小学校体育館,熊本県宇城市小川町新田1675-1,1,,,840,32.599299082465,130.689715421156,未開設,未開設,未開設,未開設,未開設,未開設,未開設,未開設,未開設,未開設,未開設,未開設,未開設
ref:E4321300015111,E4321300015111,宇城市,宇城市立海東小学校体育館,熊本県宇城市小川町南海東2050,1,,,430,32.5834389151813,130.74478400516,未開設,未開設,未開設,未開設,未開設,未開設,未開設,未開設,未開設,未開設,未開設,未開設,未開設
ref:E4321300033111,E4321300033111,宇城市,宇城市立豊川小学校体育館,熊本県宇城市松橋町南豊崎582,1,,,450,32.6248622708748,130.679586655861,未開設,未開設,未開設,未開設,未開設,未開設,未開設,未開設,未開設,未開設,未開設,未開設,未開設
ref:E4321300034111,E4321300034111,宇城市,宇城市立豊福小学校体育館,熊本県宇城市松橋町豊福1604,1,,,460,32.6344819772043,130.700735048647,未開設,未開設,未開設,未開設,未開設,未開設,未開設,未開設,未開設,未開設,未開設,未開設,未開設
ref:E4321300048111,E4321300048111,宇城市,宇城市立豊野小・中学校体育館,熊本県宇城市豊野町糸石3536,1,,,580,32.6369667453818,130.74956849476,未開設,未開設,未開設,未開設,未開設,未開設,未開設,未開設,未開設,未開設,未開設,未開設,未開設
ref:E4321300001111,E4321300001111,宇城市,宇城市立青海小学校体育館,熊本県宇城市三角町郡浦88,1,,,,32.6235740397574,130.529011538301,未開設,未開設,未開設,未開設,未開設,未開設,未開設,未開設,未開設,未開設,未開設,未開設,未開設
ref:E4321300049111,E4321300049111,宇城市,宇城市豊野町コミュニティセンター,熊本県宇城市豊野町巣林309-1,1,,,220,32.64405179,130.7687133,未開設,未開設,未開設,未開設,未開設,未開設,未開設,未開設,未開設,未開設,未開設,未開設,未開設
ref:E4321300046121,E4321300046121,宇城市,宇城市豊野防災拠点センター,熊本県宇城市豊野町糸石3140-3,1,,要配慮者,216,32.6358303264775,130.750995437858,未開設,未開設,未開設,未開設,未開設,未開設,未開設,未開設,未開設,未開設,未開設,未開設,未開設
ref:E4321300002111,E4321300002111,宇城市,宇城市農村環境改善センター,熊本県宇城市三角町戸馳2861,1,,,180,32.6010281,130.494036,未開設,未開設,未開設,未開設,未開設,未開設,未開設,未開設,未開設,未開設,未開設,未開設,未開設
ref:E4321300045111,E4321300045111,宇城市,宇城市農業者トレーニングセンター,熊本県宇城市豊野町糸石3029,1,,,430,32.63493408,130.7536628,未開設,未開設,未開設,未開設,未開設,未開設,未開設,未開設,未開設,未開設,未開設,未開設,未開設
ref:E4321300005111,E4321300005111,宇城市,宇城市郡浦地区市民館,熊本県宇城市三角町中村1165,1,,,,32.6255795,130.5207601,未開設,未開設,未開設,未開設,未開設,未開設,未開設,未開設,未開設,未開設,未開設,未開設,未開設
web:19f5564d5d7694ba6443,,宇城市,小川中学校体育館,宇城市小川町南部田287ー2,,,,620,32.590645,130.713716,未開設,未開設,未開設,開設（平常）,開設（平常）,開設（平常）,開設（平常）,開設（平常）,開設（平常）,開設（平常）,開設（平常）,開設（平常）,開設（平常）
ref:E4321300019111,E4321300019111,宇城市,小川工業高等学校,熊本県宇城市小川町北新田770,1,,,,32.604858,130.697691,未開設,未開設,未開設,未開設,未開設,未開設,未開設,未開設,未開設,未開設,未開設,未開設,未開設
ref:E4321300011111,E4321300011111,宇城市,小川総合文化センター・ラポート,熊本県宇城市小川町江頭80,1,,,780,32.59307058,130.7044983,未開設,未開設,未開設,未開設,未開設,未開設,未開設,未開設,未開設,未開設,未開設,未開設,未開設
web:5c8aee7f9d598d2ba1cb,,宇城市,小川防災拠点センター,熊本県宇城市小川町江頭100番地,,,,752,32.59286338,130.7033051,未開設,開設（混雑）,開設（混雑）,開設（混雑）,開設（混雑）,開設（混雑）,開設（混雑）,開設（混雑）,開設（混雑）,開設（混雑）,開設（混雑）,開設（混雑）,開設（平常）
web:ba087cedee03e98df6c9,,宇城市,小野部田小学校体育館,宇城市小川町南小野1402,,,,480,32.6069935,130.7189544,未開設,開設（平常）,開設（平常）,開設（平常）,開設（平常）,開設（平常）,開設（平常）,開設（平常）,開設（平常）,開設（平常）,開設（平常）,開設（平常）,開設（平常）
web:0673ab4742b0efe949f5,,宇城市,松橋中学校武道館,熊本県宇城市松橋町松橋522-1,,,,,32.650981111339924,130.68166772913608,未開設,未開設,未開設,開設（不明）,開設（平常）,開設（不明）,開設（不明）,開設（不明）,開設（不明）,開設（不明）,開設（不明）,開設（不明）,開設（不明）
ref:E4321300035111,E4321300035111,宇城市,松橋勤労身体障害者教養文化体育施設,熊本県宇城市松橋町豊福1786,1,,,750,32.6423366358475,130.703049514812,未開設,未開設,未開設,未開設,未開設,未開設,未開設,未開設,未開設,未開設,未開設,未開設,未開設
ref:E4321300032121,E4321300032121,宇城市,松橋支援学校,熊本県宇城市松橋町南豊崎252,1,,要配慮者,,32.623386,130.682144,未開設,未開設,未開設,未開設,未開設,未開設,未開設,未開設,未開設,未開設,未開設,未開設,未開設
ref:E4321300036121,E4321300036121,宇城市,松橋東支援学校,熊本県宇城市松橋町豊福2910,1,,要配慮者,,32.6444388357829,130.700077029674,未開設,未開設,未開設,未開設,未開設,未開設,未開設,未開設,未開設,未開設,未開設,未開設,未開設
web:87a410b68cfb404f6035,,宇城市,松橋東防災拠点センター,熊本県宇城市豊福1786番地,,,,511,32.64293327,130.7028836,未開設,開設（混雑）,開設（混雑）,開設（混雑）,開設（混雑）,開設（混雑）,開設（混雑）,開設（混雑）,開設（混雑）,開設（混雑）,開設（混雑）,開設（混雑）,開設（平常）
ref:E4321300035112,E4321300035112,宇城市,松橋老人福祉センター,熊本県宇城市松橋町豊福1786,1,,,450,32.6427896005873,130.701651001247,未開設,未開設,未開設,未開設,未開設,未開設,未開設,未開設,未開設,未開設,未開設,未開設,未開設
ref:E4321300023121,E4321300023121,宇城市,松橋西支援学校,熊本県宇城市松橋町松橋308-1,1,,要配慮者,,32.647345,130.67912,未開設,未開設,未開設,未開設,未開設,未開設,未開設,未開設,未開設,未開設,未開設,未開設,未開設
web:38cdaae343f39d2a3d4e,,宇城市,松橋西防災拠点センター,熊本県宇城市松橋町松橋564番地,,,,419,32.65165088,130.6784273,未開設,開設（やや混雑）,開設（やや混雑）,開設（やや混雑）,開設（やや混雑）,開設（混雑）,開設（混雑）,開設（混雑）,開設（混雑）,開設（混雑）,開設（混雑）,開設（混雑）,開設（平常）
ref:E4321300020111,E4321300020111,宇城市,松橋高等学校,熊本県宇城市松橋町久具300,1,,,,32.647648,130.685865,未開設,未開設,未開設,未開設,未開設,未開設,未開設,未開設,未開設,未開設,未開設,未開設,未開設
ref:E4321300039113,E4321300039113,宇城市,武道館,熊本県宇城市不知火町高良2273-1,1,,,600,32.645665,130.668637,未開設,未開設,未開設,未開設,未開設,未開設,未開設,未開設,未開設,未開設,未開設,未開設,未開設
ref:E4321300014111,E4321300014111,宇城市,海東地区農村コミュニティ施設,熊本県宇城市小川町南海東2047-1,1,,,100,32.58153692,130.7426117,未開設,未開設,未開設,未開設,未開設,未開設,未開設,未開設,未開設,未開設,未開設,未開設,未開設
web:2432a4669e6369817c34,,宇城市,豊野防災拠点センター,熊本県宇城市糸石3140番地3,,,,216,32.635801092040616,130.75087795121362,未開設,未開設,未開設,開設（平常）,開設（平常）,開設（平常）,開設（平常）,開設（やや混雑）,開設（平常）,開設（やや混雑）,開設（やや混雑）,開設（平常）,開設（平常）
ref:E4342400033111,E4342400033111,小国町,JA情報企画センター,熊本県小国町大字宮原2300,1,,,,33.111998857386,131.06215970312,未開設,未開設,未開設,未開設,未開設,未開設,未開設,未開設,未開設,未開設,未開設,未開設,未開設
ref:E4342400022111,E4342400022111,小国町,おぐに町民センター,熊本県小国町大字宮原1536-1,,,,114,33.121361822125,131.06861214828,未開設,未開設,未開設,未開設,未開設,未開設,未開設,未開設,未開設,未開設,未開設,未開設,未開設
ref:E4342300001121,E4342300001121,小国町,おぐに老人保健施設,熊本県小国町大字宮原1743,,,要配慮者,20,33.121414845156,131.06539333589,未開設,未開設,未開設,未開設,未開設,未開設,未開設,未開設,未開設,未開設,未開設,未開設,未開設
ref:E4342400025121,E4342400025121,小国町,おぐに老人保健施設,熊本県小国町大字宮原1742-1,,,要配慮者,20,33.121410575206,131.06516640867,未開設,未開設,未開設,未開設,未開設,未開設,未開設,未開設,未開設,未開設,未開設,未開設,未開設
ref:E4342400053111,E4342400053111,小国町,ゆけむり茶屋,熊本県小国町大字西里2816,1,,,50,33.155766039903,131.13586968545,未開設,未開設,未開設,未開設,未開設,未開設,未開設,未開設,未開設,未開設,未開設,未開設,未開設
ref:E4342400047111,E4342400047111,小国町,上田多目的集会場,熊本県小国町大字上田289-1,1,,,50,33.109438515287,131.09356374614,未開設,未開設,未開設,未開設,未開設,未開設,未開設,未開設,未開設,未開設,未開設,未開設,未開設
ref:E4342400031111,E4342400031111,小国町,小国ドーム,熊本県小国町大字宮原214-2,,,,1500,33.116164273042,131.07412523393,未開設,未開設,未開設,未開設,未開設,未開設,未開設,未開設,未開設,未開設,未開設,未開設,未開設
ref:E4342400029111,E4342400029111,小国町,小国中学校体育館,熊本県小国町大字宮原200-1,1,,,,33.117851965895,131.07333090295,未開設,未開設,未開設,未開設,未開設,未開設,未開設,未開設,未開設,未開設,未開設,未開設,未開設
ref:E4342400024111,E4342400024111,小国町,小国小学校体育館,熊本県小国町大字宮原172-1,1,,,,33.119018779878,131.07222583282,未開設,未開設,未開設,未開設,未開設,未開設,未開設,未開設,未開設,未開設,未開設,未開設,未開設
refgroup:0f82e1449687354b1c43,E4342300002121;E4342400035121,小国町,小国町社会福祉協議会 サポートセンター悠愛,熊本県小国町大字宮原2617,1,,要配慮者,20,33.1127100680706,131.060179636444,未開設,未開設,未開設,未開設,未開設,未開設,未開設,未開設,未開設,未開設,未開設,未開設,未開設
ref:E4342400027111,E4342400027111,小国町,小国高等学校,熊本県小国町大字宮原1887-1,1,,,500,33.119541818072,131.06155888829,未開設,未開設,未開設,未開設,未開設,未開設,未開設,未開設,未開設,未開設,未開設,未開設,未開設
ref:E4342400049111,E4342400049111,小国町,旧万成小学校,熊本県小国町大字上田3469,1,,,300,33.120922073329,131.10242118564,未開設,未開設,未開設,未開設,未開設,未開設,未開設,未開設,未開設,未開設,未開設,未開設,未開設
ref:E4342400004112,E4342400004112,小国町,旧下城小学校,熊本県小国町大字下城3517-1,1,,,200,33.160017170522,131.04513247133,未開設,未開設,未開設,未開設,未開設,未開設,未開設,未開設,未開設,未開設,未開設,未開設,未開設
ref:E4342400004111,E4342400004111,小国町,旧下城小学校体育館,熊本県小国町大字下城3517-1,1,,,200,33.160074038314,131.04435763383,未開設,未開設,未開設,未開設,未開設,未開設,未開設,未開設,未開設,未開設,未開設,未開設,未開設
ref:E4342400059111,E4342400059111,小国町,旧北里小学校体育館,熊本県小国町大字北里2473-1,1,,,300,33.142176611595,131.09581175085,未開設,未開設,未開設,未開設,未開設,未開設,未開設,未開設,未開設,未開設,未開設,未開設,未開設
ref:E4342400043111,E4342400043111,小国町,旧蓬莱小学校体育館,熊本県小国町大字黒渕2499-1,1,,,300,33.129728950133,131.03665432954,未開設,未開設,未開設,未開設,未開設,未開設,未開設,未開設,未開設,未開設,未開設,未開設,未開設
ref:E4342400057111,E4342400057111,小国町,旧西里小学校,熊本県小国町大字西里985-2,1,,,200,33.158188804779,131.09235373146,未開設,未開設,未開設,未開設,未開設,未開設,未開設,未開設,未開設,未開設,未開設,未開設,未開設
ref:E4342400061111,E4342400061111,小国町,木魂館,熊本県小国町大字北里371-1,1,,,300,33.140941381086,131.09065118072,未開設,未開設,未開設,未開設,未開設,未開設,未開設,未開設,未開設,未開設,未開設,未開設,未開設
ref:E4342400006111,E4342400006111,小国町,杖立温泉会館,熊本県小国町大字下城4143-1,1,,,200,33.180953336067,131.03637824206,未開設,未開設,未開設,未開設,未開設,未開設,未開設,未開設,未開設,未開設,未開設,未開設,未開設
ref:E4342400007111,E4342400007111,小国町,杖立防災センター,熊本県小国町大字下城4151-1,1,,,300,33.18073272993,131.03623847426,未開設,未開設,未開設,未開設,未開設,未開設,未開設,未開設,未開設,未開設,未開設,未開設,未開設
ref:E4342400044111,E4342400044111,小国町,蓬莱保育園,熊本県小国町大字黒渕2503,,,,100,33.129050090284,131.03728212162,未開設,未開設,未開設,未開設,未開設,未開設,未開設,未開設,未開設,未開設,未開設,未開設,未開設
ref:E4342400052111,E4342400052111,小国町,西里多目的集会場,熊本県小国町大字西里1838-3,1,,,,33.159351939102,131.10963252193,未開設,未開設,未開設,未開設,未開設,未開設,未開設,未開設,未開設,未開設,未開設,未開設,未開設
ref:E4342400040121,E4342400040121,小国町,養護老人ホーム悠和の里,熊本県小国町大字宮原741-3,,,要配慮者,,33.124987441472,131.06778152743,未開設,未開設,未開設,未開設,未開設,未開設,未開設,未開設,未開設,未開設,未開設,未開設,未開設
ref:E4351200016111,E4351200016111,山江村,万江体育館,熊本県山江村大字万江甲912-1,1,,,50,32.258462,130.748497,未開設,未開設,未開設,未開設,未開設,未開設,未開設,未開設,未開設,未開設,未開設,未開設,未開設
ref:E4351200018111,E4351200018111,山江村,丸岡公園農村広場,熊本県山江村大字万江字丸岡675-3,1,,,,32.257328,130.755067,未開設,未開設,未開設,未開設,未開設,未開設,未開設,未開設,未開設,未開設,未開設,未開設,未開設
ref:E4351200001121,E4351200001121,山江村,介護老人保健施設 つつじのさと,熊本県山江村大字山田乙1705,,,要配慮者,15,32.2420772436111,130.773474919889,未開設,未開設,未開設,未開設,未開設,未開設,未開設,未開設,未開設,未開設,未開設,未開設,未開設
ref:E4351200011121,E4351200011121,山江村,小規模多機能ホーム黎明館,熊本県山江村大字山田丁26,,,要配慮者,,32.250807,130.769539,未開設,未開設,未開設,未開設,未開設,未開設,未開設,未開設,未開設,未開設,未開設,未開設,未開設
ref:E4351200013112,E4351200013112,山江村,山江中学校グラウンド,熊本県山江村大字山田丁60,1,,,,32.251644,130.770341,未開設,未開設,未開設,未開設,未開設,未開設,未開設,未開設,未開設,未開設,未開設,未開設,未開設
ref:E4351200013111,E4351200013111,山江村,山江中学校体育館,熊本県山江村大字山田丁60,1,,,200,32.251385,130.769644,未開設,未開設,未開設,未開設,未開設,未開設,未開設,未開設,未開設,未開設,未開設,未開設,未開設
ref:E4351200010111,E4351200010111,山江村,山江中学校武道館,熊本県山江村大字山田丁23-3,1,,,100,32.251316956143,130.76924188095,未開設,未開設,未開設,未開設,未開設,未開設,未開設,未開設,未開設,未開設,未開設,未開設,未開設
ref:E4351200017111,E4351200017111,山江村,山江保育園,熊本県山江村大字山田丁189,1,,,,32.252306,130.770995,未開設,未開設,未開設,未開設,未開設,未開設,未開設,未開設,未開設,未開設,未開設,未開設,未開設
ref:E4351200007111,E4351200007111,山江村,山江村体育館,熊本県山江村大字山田甲1353-1,1,,,200,32.246046,130.766635,未開設,未開設,未開設,未開設,未開設,未開設,未開設,未開設,未開設,未開設,未開設,未開設,未開設
ref:E4351200008111,E4351200008111,山江村,山江村農村環境改善センター,熊本県山江村大字山田甲1356-1,1,,,160,32.246761,130.767378,未開設,未開設,未開設,未開設,未開設,未開設,未開設,未開設,未開設,未開設,未開設,未開設,未開設
ref:E4351200003112,E4351200003112,山江村,山田小学校グラウンド,熊本県山江村大字山田乙2030,1,,,,32.243164,130.773511,未開設,未開設,未開設,未開設,未開設,未開設,未開設,未開設,未開設,未開設,未開設,未開設,未開設
ref:E4351200003111,E4351200003111,山江村,山田小学校体育館,熊本県山江村大字山田乙2030,1,,,200,32.243585,130.772857,未開設,未開設,未開設,未開設,未開設,未開設,未開設,未開設,未開設,未開設,未開設,未開設,未開設
ref:E4351200015111,E4351200015111,山江村,第9区公民館,熊本県山江村大字山田丙2396-2,1,,,100,32.238721,130.790713,未開設,未開設,未開設,未開設,未開設,未開設,未開設,未開設,未開設,未開設,未開設,未開設,未開設
ref:E4344700018111,E4344700018111,山都町,JAかみましき名連川支所,熊本県山都町黒川564-5,1,,,25,32.711776157802,131.03088882052,未開設,未開設,未開設,未開設,未開設,未開設,未開設,未開設,未開設,未開設,未開設,未開設,未開設
ref:E4344700066121,E4344700066121,山都町,さくら荘,熊本県山都町野尻1026-1,,,災害対策基本法第49条の10第1項規定する者,,32.684859,131.011539,未開設,未開設,未開設,未開設,未開設,未開設,未開設,未開設,未開設,未開設,未開設,未開設,未開設
ref:E4344700042121,E4344700042121,山都町,はあとふる,熊本県山都町馬見原791-4,,,災害対策基本法第49条の10第1項規定する者,,32.682561,131.1603,未開設,未開設,未開設,未開設,未開設,未開設,未開設,未開設,未開設,未開設,未開設,未開設,未開設
ref:E4344700070121,E4344700070121,山都町,ケアハウス 光露館,熊本県山都町北中島2710-15,,,災害対策基本法第49条の10第1項規定する者,,32.731613,130.937194,未開設,未開設,未開設,未開設,未開設,未開設,未開設,未開設,未開設,未開設,未開設,未開設,未開設
ref:E4344700071121,E4344700071121,山都町,サポートハウス 明星学園,熊本県山都町神ノ前241-15,,,災害対策基本法第49条の10第1項規定する者,,32.678606,131.119654,未開設,未開設,未開設,未開設,未開設,未開設,未開設,未開設,未開設,未開設,未開設,未開設,未開設
ref:E4344700010111,E4344700010111,山都町,下名連石老人憩いの家,熊本県山都町下名連石463-1,1,,,15,32.730637698117,131.00485256596,未開設,未開設,未開設,未開設,未開設,未開設,未開設,未開設,未開設,未開設,未開設,未開設,未開設
ref:E4344700051111,E4344700051111,山都町,下矢部東部体育館,熊本県山都町白小野168,1,,,125,32.66273397,130.96800283193,未開設,未開設,未開設,未開設,未開設,未開設,未開設,未開設,未開設,未開設,未開設,未開設,未開設
ref:E4344700005111,E4344700005111,山都町,下矢部西部改善センター,熊本県山都町猿渡4799-1,1,,,50,32.67281287,130.9281241,未開設,未開設,未開設,未開設,未開設,未開設,未開設,未開設,未開設,未開設,未開設,未開設,未開設
ref:E4344700007111,E4344700007111,山都町,中央公民館(2F・3F),熊本県山都町下市33-1,1,,,50,32.683502447847,130.99033646871,未開設,未開設,未開設,未開設,未開設,未開設,未開設,未開設,未開設,未開設,未開設,未開設,未開設
ref:E4344700054111,E4344700054111,山都町,中島体育館,熊本県山都町北中島2536,1,,,150,32.73215119,130.9285569,未開設,未開設,未開設,未開設,未開設,未開設,未開設,未開設,未開設,未開設,未開設,未開設,未開設
ref:E4344700040121,E4344700040121,山都町,介護付き有料老人ホーム たんぽぽ,熊本県山都町下馬尾299-1,,,災害対策基本法第49条の10第1項規定する者,,32.685435440032,130.98682710043,未開設,未開設,未開設,未開設,未開設,未開設,未開設,未開設,未開設,未開設,未開設,未開設,未開設
web:882450c424ff030d6cee,,山都町,保健福祉センター千寿苑,山都町千滝232,,,,100,32.67983366,130.9852486,未開設,開設（平常）,開設（平常）,開設（平常）,未開設,未開設,未開設,未開設,未開設,未開設,未開設,未開設,未開設
ref:E4344700041121,E4344700041121,山都町,優心苑,熊本県山都町南田221-4,,,災害対策基本法第49条の10第1項規定する者,,32.685586,130.97872,未開設,未開設,未開設,未開設,未開設,未開設,未開設,未開設,未開設,未開設,未開設,未開設,未開設
web:694ce11a6f02603504c2,,山都町,山都町役場清和支所,山都町大平385,,,,75,32.69148178,131.0869671,未開設,開設（平常）,未開設,未開設,未開設,未開設,未開設,未開設,未開設,未開設,未開設,未開設,未開設
web:4d80aaace65ddb98683c,,山都町,山都町役場蘇陽支所,山都町今500,,,,125,32.72462501,131.1656138,未開設,開設（平常）,未開設,未開設,未開設,未開設,未開設,未開設,未開設,未開設,未開設,未開設,未開設
ref:E4344700002111,E4344700002111,山都町,旧朝日小学校(体育館含む。),熊本県山都町井無田1144,1,,,200,32.73178866264,131.10369117273,未開設,未開設,未開設,未開設,未開設,未開設,未開設,未開設,未開設,未開設,未開設,未開設,未開設
ref:E4344700058112,E4344700058112,山都町,旧白糸第三小学校(体育館含む),熊本県山都町目丸2472,1,,,200,32.635954402384,130.97591129177,未開設,未開設,未開設,未開設,未開設,未開設,未開設,未開設,未開設,未開設,未開設,未開設,未開設
ref:E4344700031112,E4344700031112,山都町,旧白糸第二小学校(体育館含む),熊本県山都町菅2287,1,,,200,32.650144625287,131.02528532142,未開設,未開設,未開設,未開設,未開設,未開設,未開設,未開設,未開設,未開設,未開設,未開設,未開設
ref:E4344700036111,E4344700036111,山都町,清和基幹集落センター,熊本県山都町大平306-1,1,,,150,32.6890789834459,131.087600445821,未開設,未開設,未開設,未開設,未開設,未開設,未開設,未開設,未開設,未開設,未開設,未開設,未開設
ref:E4344700073111,E4344700073111,山都町,清和山村基幹集落センター,熊本県山都町大平305-1,,,,150,32.689032609174,131.08746355255,未開設,未開設,未開設,未開設,未開設,未開設,未開設,未開設,未開設,未開設,未開設,未開設,未開設
ref:E4344700037111,E4344700037111,山都町,清和支所,熊本県山都町大平385,1,,,,32.691358535349,131.08670066386,未開設,未開設,未開設,未開設,未開設,未開設,未開設,未開設,未開設,未開設,未開設,未開設,未開設
ref:E4344700038121,E4344700038121,山都町,特別養護老人ホーム そよ風の里“ほたる”,熊本県山都町今322-1,,,災害対策基本法第49条の10第1項規定する者,,32.729706,131.165246,未開設,未開設,未開設,未開設,未開設,未開設,未開設,未開設,未開設,未開設,未開設,未開設,未開設
ref:E4344700035121,E4344700035121,山都町,特別養護老人ホーム 矢部大矢荘,熊本県山都町北中島268-4,,,災害対策基本法第49条の10第1項規定する者,,32.733174,130.937644,未開設,未開設,未開設,未開設,未開設,未開設,未開設,未開設,未開設,未開設,未開設,未開設,未開設
ref:E4344700063121,E4344700063121,山都町,特別養護老人ホーム 蘇望苑,熊本県山都町滝上223-2,,,災害対策基本法第49条の10第1項規定する者,,32.688367,131.140199,未開設,未開設,未開設,未開設,未開設,未開設,未開設,未開設,未開設,未開設,未開設,未開設,未開設
ref:E4344700064121,E4344700064121,山都町,特別養護老人ホーム 風ノ木,熊本県山都町千滝211,,,災害対策基本法第49条の10第1項規定する者,,32.680809,130.983875,未開設,未開設,未開設,未開設,未開設,未開設,未開設,未開設,未開設,未開設,未開設,未開設,未開設
ref:E4344700029111,E4344700029111,山都町,白糸第一体育館,熊本県山都町新小886,1,,,100,32.66753247,130.9936847,未開設,未開設,未開設,未開設,未開設,未開設,未開設,未開設,未開設,未開設,未開設,未開設,未開設
ref:E4344700039111,E4344700039111,山都町,皆和,熊本県山都町男成1252-3,1,,,25,32.68125541,131.0195093,未開設,未開設,未開設,未開設,未開設,未開設,未開設,未開設,未開設,未開設,未開設,未開設,未開設
ref:E4344700034121,E4344700034121,山都町,矢部保健福祉センター千寿苑,熊本県山都町千滝232,1,,災害対策基本法第49条の10第1項に規定する者,100,32.679611963699,130.98571161376,未開設,未開設,未開設,未開設,未開設,未開設,未開設,未開設,未開設,未開設,未開設,未開設,未開設
web:619b1451ae0ca764abad,,山都町,総合体育館パスレル,熊本県山都町千滝271,,,,200,32.6772847,130.9868762,未開設,開設（平常）,未開設,未開設,未開設,未開設,未開設,未開設,未開設,未開設,未開設,未開設,未開設
refgroup:6b775917aa34885e3aaf,E4344700019111;E4344700019121,山都町,蘇陽支所,熊本県山都町今500,1,,災害対策基本法第49条の10第1項規定する者,,32.72494478,131.1656068,未開設,未開設,未開設,未開設,未開設,未開設,未開設,未開設,未開設,未開設,未開設,未開設,未開設
ref:E4344700072121,E4344700072121,山都町,養護老人ホーム 浜美荘,熊本県山都町上寺2178-5,,,災害対策基本法第49条の10第1項規定する者,,32.68909,130.976804,未開設,未開設,未開設,未開設,未開設,未開設,未開設,未開設,未開設,未開設,未開設,未開設,未開設
ref:E4344700050111,E4344700050111,山都町,馬見原公民館,熊本県山都町馬見原218,1,,,75,32.68371701,131.1536716,未開設,未開設,未開設,未開設,未開設,未開設,未開設,未開設,未開設,未開設,未開設,未開設,未開設
ref:E4320800002111,E4320800002111,山鹿市,あんずの丘多目的体育館,熊本県山鹿市菊鹿町下永野650,1,,,1221,33.026856,130.769339,未開設,未開設,未開設,未開設,未開設,未開設,未開設,未開設,未開設,未開設,未開設,未開設,未開設
ref:E4320800054111,E4320800054111,山鹿市,三岳地区公民館,熊本県山鹿市津留19-5,1,,,175,33.0540202043,130.68934260979,未開設,未開設,未開設,未開設,未開設,未開設,未開設,未開設,未開設,未開設,未開設,未開設,未開設
ref:E4320800015111,E4320800015111,山鹿市,三玉地区公民館,熊本県山鹿市久原3007,1,,,175,33.029278,130.720853,未開設,未開設,未開設,未開設,未開設,未開設,未開設,未開設,未開設,未開設,未開設,未開設,未開設
ref:E4320800016111,E4320800016111,山鹿市,八幡地区公民館,熊本県山鹿市熊入町286-1,1,,,175,33.025868,130.685371,未開設,未開設,未開設,未開設,未開設,未開設,未開設,未開設,未開設,未開設,未開設,未開設,未開設
ref:E4320800010111,E4320800010111,山鹿市,内田構造改善センター,熊本県山鹿市菊鹿町上内田618,1,,,418,33.062855,130.775257,未開設,未開設,未開設,未開設,未開設,未開設,未開設,未開設,未開設,未開設,未開設,未開設,未開設
ref:E4320800006111,E4320800006111,山鹿市,城北体育館,熊本県山鹿市菊鹿町松尾57,1,,,401,33.01148,130.780342,未開設,未開設,未開設,未開設,未開設,未開設,未開設,未開設,未開設,未開設,未開設,未開設,未開設
ref:E4320800058111,E4320800058111,山鹿市,大道地区公民館,熊本県山鹿市方保田155-3,1,,,175,32.996369,130.716689,未開設,未開設,未開設,未開設,未開設,未開設,未開設,未開設,未開設,未開設,未開設,未開設,未開設
ref:E4320800028111,E4320800028111,山鹿市,山内体育館,熊本県山鹿市鹿央町梅木谷245,1,,,663,32.961197,130.650305,未開設,未開設,未開設,未開設,未開設,未開設,未開設,未開設,未開設,未開設,未開設,未開設,未開設
ref:E4320800020111,E4320800020111,山鹿市,山鹿小学校(体育館),熊本県山鹿市山鹿351,1,,,584,33.013991,130.693362,未開設,未開設,未開設,未開設,未開設,未開設,未開設,未開設,未開設,未開設,未開設,未開設,未開設
ref:E4320800051111,E4320800051111,山鹿市,山鹿市健康福祉センター,熊本県山鹿市中578,1,,,319,33.009376,130.699933,未開設,開設（平常）,開設（平常）,開設（平常）,開設（平常）,開設（平常）,開設（平常）,未開設,未開設,未開設,未開設,未開設,未開設
ref:E4320800021111,E4320800021111,山鹿市,山鹿市民交流センター,熊本県山鹿市山鹿987-3,1,,,122,33.017439567583,130.69094194834,未開設,未開設,未開設,未開設,未開設,未開設,未開設,未開設,未開設,未開設,未開設,未開設,未開設
ref:E4320800017111,E4320800017111,山鹿市,山鹿市総合体育館,熊本県山鹿市熊入町416,1,,,985,33.030845,130.688443,未開設,未開設,未開設,未開設,未開設,未開設,未開設,未開設,未開設,未開設,未開設,未開設,未開設
ref:E4320800031111,E4320800031111,山鹿市,岩野運動場(体育館),熊本県山鹿市鹿北町岩野500,1,,,648,33.116455,130.692342,未開設,未開設,未開設,未開設,未開設,未開設,未開設,未開設,未開設,未開設,未開設,未開設,未開設
ref:E4320800036111,E4320800036111,山鹿市,岳間研修センター,熊本県山鹿市鹿北町多久1380-5,1,,,149,33.106203,130.735518,未開設,未開設,未開設,未開設,未開設,未開設,未開設,未開設,未開設,未開設,未開設,未開設,未開設
ref:E4320800057112,E4320800057112,山鹿市,川辺地域コミュニティセンター,熊本県山鹿市保多田1551,1,,,263,33.016471,130.659003,未開設,未開設,未開設,未開設,未開設,未開設,未開設,未開設,未開設,未開設,未開設,未開設,未開設
ref:E4320800056111,E4320800056111,山鹿市,平小城地区公民館,熊本県山鹿市平山5380,1,,,175,33.050237,130.662099,未開設,未開設,未開設,未開設,未開設,未開設,未開設,未開設,未開設,未開設,未開設,未開設,未開設
ref:E4320800003111,E4320800003111,山鹿市,菊鹿多目的研修集会施設,熊本県山鹿市菊鹿町下内田165,1,,,327,33.027786,130.767947,未開設,未開設,未開設,未開設,未開設,未開設,未開設,未開設,未開設,未開設,未開設,未開設,未開設
ref:E4320800005111,E4320800005111,山鹿市,菊鹿市民センター,熊本県山鹿市菊鹿町下内田713,1,,,321,33.02809,130.768629,未開設,開設（不明）,開設（不明）,開設（平常）,開設（平常）,開設（平常）,未開設,未開設,未開設,未開設,未開設,未開設,未開設
ref:E4320800033111,E4320800033111,山鹿市,鹿北体育センター,熊本県山鹿市鹿北町四丁1475,1,,,275,33.108787,130.694757,未開設,未開設,未開設,未開設,未開設,未開設,未開設,未開設,未開設,未開設,未開設,未開設,未開設
ref:E4320800034111,E4320800034111,山鹿市,鹿北市民センター,熊本県山鹿市鹿北町四丁1612,1,,,210,33.109103,130.693903,未開設,開設（平常）,開設（平常）,開設（平常）,開設（平常）,開設（平常）,未開設,未開設,未開設,未開設,未開設,未開設,未開設
ref:E4320800033112,E4320800033112,山鹿市,鹿北柔剣道場,熊本県山鹿市鹿北町四丁1475,1,,,133,33.108495,130.694426,未開設,未開設,未開設,未開設,未開設,未開設,未開設,未開設,未開設,未開設,未開設,未開設,未開設
ref:E4320800023111,E4320800023111,山鹿市,鹿央体育館,熊本県山鹿市鹿央町広230,1,,,583,32.972518,130.684242,未開設,未開設,未開設,未開設,未開設,未開設,未開設,未開設,未開設,未開設,未開設,未開設,未開設
ref:E4320800024112,E4320800024112,山鹿市,鹿央多目的研修センター,熊本県山鹿市鹿央町合里158-1,1,,,317,32.974717,130.68341,未開設,未開設,未開設,未開設,未開設,未開設,未開設,未開設,未開設,未開設,未開設,未開設,未開設
ref:E4320800024111,E4320800024111,山鹿市,鹿央市民センター,熊本県山鹿市鹿央町合里158-1,1,,,247,32.974807472132,130.68384414552,未開設,開設（平常）,開設（平常）,開設（平常）,開設（平常）,開設（平常）,未開設,未開設,未開設,未開設,未開設,未開設,未開設
ref:E4320800049111,E4320800049111,山鹿市,鹿本ふれあいセンター,熊本県山鹿市鹿本町来民962-1,1,,,116,33.003963,130.746802,未開設,未開設,未開設,未開設,未開設,未開設,未開設,未開設,未開設,未開設,未開設,未開設,未開設
ref:E4320800048111,E4320800048111,山鹿市,鹿本体育館,熊本県山鹿市鹿本町来民722,1,,,515,33.003755,130.742597,未開設,未開設,未開設,未開設,未開設,未開設,未開設,未開設,未開設,未開設,未開設,未開設,未開設
ref:E4320800047111,E4320800047111,山鹿市,鹿本市民センター,熊本県山鹿市鹿本町来民686-1,1,,,296,33.001175,130.739469,未開設,開設（平常）,開設（平常）,開設（不明）,開設（平常）,開設（平常）,未開設,未開設,未開設,未開設,未開設,未開設,未開設
ref:E4344100005111,E4344100005111,御船町,(有)ホンダ介護サービスセンター,熊本県御船町御船820,1,,,70,32.709444,130.797791,未開設,未開設,未開設,未開設,未開設,未開設,未開設,未開設,未開設,未開設,未開設,未開設,未開設
ref:E4344100010111,E4344100010111,御船町,七滝分館,熊本県御船町七滝2602-4,1,,,31,32.725252,130.869545,未開設,開設（平常）,開設（平常）,開設（平常）,開設（平常）,開設（平常）,未開設,未開設,未開設,未開設,未開設,未開設,未開設
ref:E4344100009111,E4344100009111,御船町,七滝社会教育センター,熊本県御船町七滝2555-2,1,,,120,32.72527837,130.8687655,未開設,未開設,未開設,未開設,未開設,未開設,未開設,未開設,未開設,未開設,未開設,未開設,未開設
ref:E4344100033111,E4344100033111,御船町,上益城消防組合消防本部,熊本県御船町辺田見169,1,,,700,32.712866402672,130.8052940847,未開設,未開設,未開設,未開設,未開設,未開設,未開設,未開設,未開設,未開設,未開設,未開設,未開設
ref:E4344100014111,E4344100014111,御船町,上野分館,熊本県御船町上野2262,1,,,,32.736737,130.859904,未開設,未開設,未開設,未開設,未開設,未開設,未開設,未開設,未開設,未開設,未開設,未開設,未開設
ref:E4344100030111,E4344100030111,御船町,北田代分館,熊本県御船町田代748-1,1,,,35,32.749659,130.85348,未開設,開設（平常）,開設（平常）,開設（平常）,開設（平常）,開設（平常）,未開設,未開設,未開設,未開設,未開設,未開設,未開設
ref:E4344100035121,E4344100035121,御船町,御船町カルチャーセンター,御船町木倉1168,1,,要配慮者,747,32.71504924,130.8014411,未開設,開設（やや混雑）,開設（やや混雑）,開設（平常）,開設（平常）,開設（平常）,開設（平常）,開設（平常）,開設（平常）,開設（平常）,開設（平常）,開設（平常）,開設（平常）
ref:E4344100036111,E4344100036111,御船町,御船町スポーツセンター,熊本県御船町木倉1176-1,1,,,1609,32.71585168,130.8011298,未開設,未開設,未開設,未開設,未開設,未開設,未開設,未開設,未開設,未開設,未開設,未開設,未開設
ref:E4344100002121,E4344100002121,御船町,御船町子育てふれあい館,熊本県御船町御船1003-2,,,乳幼児,,32.7139559546396,130.801463864141,未開設,未開設,未開設,未開設,未開設,未開設,未開設,未開設,未開設,未開設,未開設,未開設,未開設
ref:E4344100012111,E4344100012111,御船町,御船町立七滝中央小学校,熊本県御船町上野1500,1,,,99,32.73451117,130.8537285,未開設,未開設,未開設,未開設,未開設,未開設,未開設,未開設,未開設,未開設,未開設,未開設,未開設
ref:E4344100011111,E4344100011111,御船町,御船町立小坂小学校,熊本県御船町小坂2193-2,1,,,300,32.72644196,130.7750045,未開設,未開設,未開設,未開設,未開設,未開設,未開設,未開設,未開設,未開設,未開設,未開設,未開設
ref:E4344100034111,E4344100034111,御船町,御船町立御船中学校,熊本県御船町辺田見55,1,,,538,32.71279009,130.8023295,未開設,未開設,未開設,未開設,未開設,未開設,未開設,未開設,未開設,未開設,未開設,未開設,未開設
ref:E4344100023111,E4344100023111,御船町,御船町立御船小学校,熊本県御船町滝川3,1,,,327,32.71467868,130.8001911,未開設,未開設,未開設,未開設,未開設,未開設,未開設,未開設,未開設,未開設,未開設,未開設,未開設
ref:E4344100040111,E4344100040111,御船町,御船町立木倉小学校,熊本県御船町木倉954,1,,,102,32.71850093,130.8066464,未開設,未開設,未開設,未開設,未開設,未開設,未開設,未開設,未開設,未開設,未開設,未開設,未開設
ref:E4344100027111,E4344100027111,御船町,御船町立滝尾小学校,熊本県御船町滝尾934-1,1,,,99,32.70494146,130.8281117,未開設,未開設,未開設,未開設,未開設,未開設,未開設,未開設,未開設,未開設,未開設,未開設,未開設
ref:E4344100008111,E4344100008111,御船町,御船町立高木小学校,熊本県御船町高木1633,1,,,99,32.73796796,130.7914757,未開設,未開設,未開設,未開設,未開設,未開設,未開設,未開設,未開設,未開設,未開設,未開設,未開設
ref:E4344100001121,E4344100001121,御船町,御船町観光交流センター,熊本県御船町御船1003,,,高齢者,,32.7140101167379,130.801581881345,未開設,未開設,未開設,未開設,未開設,未開設,未開設,未開設,未開設,未開設,未開設,未開設,未開設
ref:E4344100020111,E4344100020111,御船町,水越社会教育センター,熊本県御船町水越2449,1,,,120,32.687855,130.870488,未開設,開設（平常）,開設（平常）,開設（平常）,開設（平常）,開設（平常）,未開設,未開設,未開設,未開設,未開設,未開設,未開設
ref:E4344100037111,E4344100037111,御船町,熊本県立御船高等学校,熊本県御船町木倉1253,1,,,510,32.71498248,130.80532,未開設,未開設,未開設,未開設,未開設,未開設,未開設,未開設,未開設,未開設,未開設,未開設,未開設
ref:E4344100025111,E4344100025111,御船町,熊本県農業研究センター茶業研究所,熊本県御船町滝尾5450,1,,,53,32.7020995267965,130.829237866169,未開設,開設（平常）,開設（平常）,未開設,未開設,未開設,未開設,未開設,未開設,未開設,未開設,未開設,未開設
ref:E4344100016111,E4344100016111,御船町,田代東部分館,熊本県御船町上野5191-3,1,,,35,32.747868,130.886535,未開設,開設（平常）,開設（平常）,開設（平常）,開設（平常）,開設（平常）,未開設,未開設,未開設,未開設,未開設,未開設,未開設
ref:E4344100029111,E4344100029111,御船町,田代東部社会教育センター,熊本県御船町田代4984,1,,,150,32.74848522,130.8870046,未開設,未開設,未開設,未開設,未開設,未開設,未開設,未開設,未開設,未開設,未開設,未開設,未開設
ref:E4344100003111,E4344100003111,御船町,町民憩いの家,熊本県御船町御船726,1,,,74,32.709645,130.796486,未開設,未開設,未開設,未開設,未開設,未開設,未開設,未開設,未開設,未開設,未開設,未開設,未開設
ref:E4344400003121,E4344400003121,御船町,社会福祉法人 伸生会養護老人ホーム オアシス,熊本県御船町大字木倉4780,,事前に福祉課に要相談,要介護高齢者、障害者、妊産婦、乳幼児等,,32.7273500555022,130.812360549522,未開設,未開設,未開設,未開設,未開設,未開設,未開設,未開設,未開設,未開設,未開設,未開設,未開設
ref:E4344100028111,E4344100028111,御船町,第二明星学園田代西部福祉センター,熊本県御船町田代1842-4,1,,,280,32.75680678,130.8571464,未開設,未開設,未開設,未開設,未開設,未開設,未開設,未開設,未開設,未開設,未開設,未開設,未開設
ref:E4344100031111,E4344100031111,御船町,緑の村,熊本県御船町田代8405-24,1,,,100,32.774452167164,130.9282991865,未開設,開設（平常）,未開設,未開設,未開設,未開設,未開設,未開設,未開設,未開設,未開設,未開設,未開設
ref:E4350700007121,E4350700007121,水上村,保健センター,熊本県水上村大字岩野2678,1,,要配慮者,100,32.294517014983,130.9869175439,未開設,未開設,未開設,未開設,未開設,未開設,未開設,未開設,未開設,未開設,未開設,未開設,未開設
ref:E4350700007122,E4350700007122,水上村,岩野公民館,熊本県水上村大字岩野2678,1,,要配慮者,200,32.294947831465,130.9870462908,未開設,未開設,未開設,未開設,未開設,未開設,未開設,未開設,未開設,未開設,未開設,未開設,未開設
ref:E4350700015111,E4350700015111,水上村,旧古屋敷体育館,熊本県水上村大字江代1274-1,1,,,300,32.378944836587,131.02451831492,未開設,未開設,未開設,未開設,未開設,未開設,未開設,未開設,未開設,未開設,未開設,未開設,未開設
ref:E4350700031111,E4350700031111,水上村,旧湯山小学校体育館,熊本県水上村大字湯山412,1,,,500,32.31575895574,131.04480216794,未開設,未開設,未開設,未開設,未開設,未開設,未開設,未開設,未開設,未開設,未開設,未開設,未開設
ref:E4350700009111,E4350700009111,水上村,村民体育館,熊本県水上村大字岩野2886,1,,,500,32.294011193717,130.98665314674,未開設,未開設,未開設,未開設,未開設,未開設,未開設,未開設,未開設,未開設,未開設,未開設,未開設
ref:E4350700012121,E4350700012121,水上村,水上村役場,熊本県水上村大字岩野90,1,,要配慮者,150,32.314352445448,131.00945685465,未開設,未開設,未開設,未開設,未開設,未開設,未開設,未開設,未開設,未開設,未開設,未開設,未開設
ref:E4350700017121,E4350700017121,水上村,江代地区集会施設,熊本県水上村大字江代1658-2,1,,要配慮者,30,32.378838372502,131.02194232166,未開設,未開設,未開設,未開設,未開設,未開設,未開設,未開設,未開設,未開設,未開設,未開設,未開設
ref:E4350700014121,E4350700014121,水上村,江代地域防災拠点施設,熊本県水上村大字江代1255-3,1,,要配慮者,30,32.379072102689,131.02432091048,未開設,未開設,未開設,未開設,未開設,未開設,未開設,未開設,未開設,未開設,未開設,未開設,未開設
ref:E4350700025111,E4350700025111,水上村,湯山保育所,熊本県水上村大字湯山1549,1,,,200,32.3198116370759,131.041199409119,未開設,未開設,未開設,未開設,未開設,未開設,未開設,未開設,未開設,未開設,未開設,未開設,未開設
ref:E4350700031121,E4350700031121,水上村,湯山地域交流センター,熊本県水上村大字湯山412,1,,要配慮者,100,32.315633183938,131.04475204307,未開設,未開設,未開設,未開設,未開設,未開設,未開設,未開設,未開設,未開設,未開設,未開設,未開設
ref:E4320500061111,E4320500061111,水俣市,(旧)第三中学校体育館,熊本県水俣市平町2-7-1,1,,,300,32.205645,130.405268,未開設,未開設,未開設,未開設,未開設,未開設,未開設,未開設,未開設,未開設,未開設,未開設,未開設
ref:E4320500051111,E4320500051111,水俣市,16部消防格納庫,熊本県水俣市長崎960,1,,,10,32.175781,130.413307,未開設,未開設,未開設,未開設,未開設,未開設,未開設,未開設,未開設,未開設,未開設,未開設,未開設
ref:E4320500012111,E4320500012111,水俣市,23区集会所,熊本県水俣市久木野1041-1,1,,,80,32.173029,130.525735,未開設,未開設,未開設,未開設,未開設,未開設,未開設,未開設,未開設,未開設,未開設,未開設,未開設
ref:E4320500003111,E4320500003111,水俣市,5区公民館,熊本県水俣市旭町2-56-5,1,,,20,32.208505,130.402503,未開設,未開設,未開設,未開設,未開設,未開設,未開設,未開設,未開設,未開設,未開設,未開設,未開設
ref:E4320500052111,E4320500052111,水俣市,7区公民館,熊本県水俣市長野町8-8,1,,,40,32.202467,130.423745,未開設,未開設,未開設,未開設,未開設,未開設,未開設,未開設,未開設,未開設,未開設,未開設,未開設
ref:E4320500017111,E4320500017111,水俣市,おれんじ館,熊本県水俣市月浦195-2,1,,,50,32.188737,130.382562,未開設,開設（平常）,開設（平常）,開設（平常）,開設（平常）,開設（平常）,未開設,未開設,未開設,未開設,未開設,未開設,未開設
ref:E4320500020111,E4320500020111,水俣市,はぜのき館,熊本県水俣市月浦453-3,1,,,20,32.193766,130.393854,未開設,開設（平常）,開設（平常）,未開設,未開設,未開設,未開設,未開設,未開設,未開設,未開設,未開設,未開設
ref:E4320500065121,E4320500065121,水俣市,もやい館,熊本県水俣市牧の内3-1,1,,要配慮者,300,32.214874,130.406787,未開設,開設（平常）,開設（平常）,開設（平常）,開設（平常）,開設（平常）,未開設,未開設,未開設,未開設,未開設,未開設,未開設
ref:E4320500063111,E4320500063111,水俣市,中屋敷公民館,熊本県水俣市宝川内1118-1,1,,,15,32.188797,130.490772,未開設,未開設,未開設,未開設,未開設,未開設,未開設,未開設,未開設,未開設,未開設,未開設,未開設
ref:E4320500058111,E4320500058111,水俣市,八ノ窪公民館,熊本県水俣市八ノ窪町2-269,1,,,20,32.198713,130.389711,未開設,未開設,未開設,未開設,未開設,未開設,未開設,未開設,未開設,未開設,未開設,未開設,未開設
ref:E4320500060111,E4320500060111,水俣市,公民館,熊本県水俣市浜町2-10-26,1,,,200,32.212875,130.403143,未開設,開設（平常）,開設（平常）,未開設,未開設,未開設,未開設,未開設,未開設,未開設,未開設,未開設,未開設
ref:E4320500036111,E4320500036111,水俣市,公民館分館,熊本県水俣市洗切町1-1,1,,,100,32.2135142584577,130.40098798738,未開設,未開設,未開設,未開設,未開設,未開設,未開設,未開設,未開設,未開設,未開設,未開設,未開設
ref:E4320500019111,E4320500019111,水俣市,出月公民館,熊本県水俣市月浦367-7,1,,,40,32.185991,130.383,未開設,未開設,未開設,未開設,未開設,未開設,未開設,未開設,未開設,未開設,未開設,未開設,未開設
ref:E4320500028111,E4320500028111,水俣市,初野集会所,熊本県水俣市初野186,1,,,30,32.209893,130.431744,未開設,未開設,未開設,未開設,未開設,未開設,未開設,未開設,未開設,未開設,未開設,未開設,未開設
ref:E4320500024111,E4320500024111,水俣市,厚生会館,熊本県水俣市古城1-6-88,1,,,70,32.20779605,130.4154171,未開設,未開設,未開設,未開設,未開設,未開設,未開設,未開設,未開設,未開設,未開設,未開設,未開設
ref:E4320500018111,E4320500018111,水俣市,坂口公民館,熊本県水俣市月浦319,1,,,30,32.189472,130.386615,未開設,未開設,未開設,未開設,未開設,未開設,未開設,未開設,未開設,未開設,未開設,未開設,未開設
ref:E4320500044111,E4320500044111,水俣市,大川公民館,熊本県水俣市大川553-2,1,,,60,32.172379,130.568121,未開設,未開設,未開設,未開設,未開設,未開設,未開設,未開設,未開設,未開設,未開設,未開設,未開設
ref:E4320500013111,E4320500013111,水俣市,愛林館,熊本県水俣市久木野1071-4,1,,,30,32.171968,130.527618,未開設,開設（平常）,開設（平常）,開設（平常）,開設（平常）,開設（平常）,未開設,未開設,未開設,未開設,未開設,未開設,未開設
ref:E4320500005111,E4320500005111,水俣市,日当野公民館,熊本県水俣市越小場164-4,1,,,15,32.166722,130.519589,未開設,未開設,未開設,未開設,未開設,未開設,未開設,未開設,未開設,未開設,未開設,未開設,未開設
ref:E4320500054111,E4320500054111,水俣市,旧湯出中学校校舎,熊本県水俣市湯出1641,1,,,80,32.153226,130.441152,未開設,未開設,未開設,未開設,未開設,未開設,未開設,未開設,未開設,未開設,未開設,未開設,未開設
ref:E4320500035111,E4320500035111,水俣市,旧石飛分校,熊本県水俣市石坂川370-84,1,,,30,32.138421,130.496174,未開設,未開設,未開設,未開設,未開設,未開設,未開設,未開設,未開設,未開設,未開設,未開設,未開設
ref:E4320500049111,E4320500049111,水俣市,木臼野公民館,熊本県水俣市長崎278,1,,,20,32.151151,130.426944,未開設,未開設,未開設,未開設,未開設,未開設,未開設,未開設,未開設,未開設,未開設,未開設,未開設
ref:E4320500057111,E4320500057111,水俣市,桜野集会所,熊本県水俣市薄原276,1,,,30,32.175092,130.452329,未開設,未開設,未開設,未開設,未開設,未開設,未開設,未開設,未開設,未開設,未開設,未開設,未開設
ref:E4320500059111,E4320500059111,水俣市,武道館,熊本県水俣市八幡町3-9-2,1,,,300,32.217857,130.402197,未開設,開設（平常）,開設（平常）,未開設,未開設,未開設,未開設,未開設,未開設,未開設,未開設,未開設,未開設
ref:E4320500047112,E4320500047112,水俣市,水俣市企業支援センター深川分室,熊本県水俣市中鶴539-1,1,,,,32.193266,130.438347,未開設,未開設,未開設,未開設,未開設,未開設,未開設,未開設,未開設,未開設,未開設,未開設,未開設
ref:E4320500031111,E4320500031111,水俣市,水俣市役所,熊本県水俣市陣内1-1-1,1,,,84,32.21182851294,130.40867595412,未開設,開設（平常）,開設（平常）,開設（平常）,開設（平常）,開設（平常）,未開設,未開設,未開設,未開設,未開設,未開設,未開設
ref:E4320500036112,E4320500036112,水俣市,水俣市高齢者福祉センター,熊本県水俣市洗切町1-1,1,,,,32.213556,130.400902,未開設,未開設,未開設,未開設,未開設,未開設,未開設,未開設,未開設,未開設,未開設,未開設,未開設
ref:E4320500055111,E4320500055111,水俣市,水俣環境アカデミア,熊本県水俣市南福寺6-1,1,,,50,32.202957806023,130.41002653689,未開設,開設（平常）,開設（平常）,開設（平常）,開設（平常）,開設（平常）,未開設,未開設,未開設,未開設,未開設,未開設,未開設
ref:E4320500066111,E4320500066111,水俣市,水俣病資料館,熊本県水俣市明神町53,1,,,30,32.203519,130.374754,未開設,未開設,未開設,未開設,未開設,未開設,未開設,未開設,未開設,未開設,未開設,未開設,未開設
web:b7ba4e53444d233613b7,,水俣市,水俣高校体育館,水俣市洗切町11-1,,,,400,32.21410896,130.4024453,未開設,開設（平常）,開設（平常）,未開設,未開設,未開設,未開設,未開設,未開設,未開設,未開設,未開設,未開設
ref:E4320500029111,E4320500029111,水俣市,水東小学校,熊本県水俣市初野55,1,,,200,32.21337,130.433504,未開設,未開設,未開設,未開設,未開設,未開設,未開設,未開設,未開設,未開設,未開設,未開設,未開設
web:a860a0f5fdcf3155c69b,,水俣市,水東小学校多目的ホール,水俣市初野55,,,,200,32.21335983,130.4334964,未開設,開設（平常）,開設（平常）,未開設,未開設,未開設,未開設,未開設,未開設,未開設,未開設,未開設,未開設
ref:E4320500047111,E4320500047111,水俣市,深川生涯学習センター,熊本県水俣市中鶴539-1,1,,,80,32.1928668676507,130.438116715778,未開設,未開設,未開設,未開設,未開設,未開設,未開設,未開設,未開設,未開設,未開設,未開設,未開設
ref:E4320500030111,E4320500030111,水俣市,深川駅跡地休憩所,熊本県水俣市深川地内,1,,,20,32.179453,130.447633,未開設,未開設,未開設,未開設,未開設,未開設,未開設,未開設,未開設,未開設,未開設,未開設,未開設
ref:E4320500053111,E4320500053111,水俣市,湯の鶴温泉保健センター,熊本県水俣市湯出1532-2,1,,,50,32.147545,130.439494,未開設,未開設,未開設,未開設,未開設,未開設,未開設,未開設,未開設,未開設,未開設,未開設,未開設
ref:E4320500033111,E4320500033111,水俣市,石坂川生涯学習センター,熊本県水俣市石坂川113,1,,,50,32.16203353,130.4798042,未開設,未開設,未開設,未開設,未開設,未開設,未開設,未開設,未開設,未開設,未開設,未開設,未開設
ref:E4320500032111,E4320500032111,水俣市,第一小学校体育館,熊本県水俣市陣内1-1-2,1,,,200,32.213111,130.408352,未開設,未開設,未開設,未開設,未開設,未開設,未開設,未開設,未開設,未開設,未開設,未開設,未開設
ref:E4320500007111,E4320500007111,水俣市,第二中学校体育館(校舎2階),熊本県水俣市塩浜町3-1,1,,,300,32.2137181307128,130.394523199535,未開設,未開設,未開設,未開設,未開設,未開設,未開設,未開設,未開設,未開設,未開設,未開設,未開設
ref:E4320500007112,E4320500007112,水俣市,第二中学校校舎,熊本県水俣市塩浜町3-1,1,,,300,32.213752,130.394668,未開設,未開設,未開設,未開設,未開設,未開設,未開設,未開設,未開設,未開設,未開設,未開設,未開設
ref:E4320500004111,E4320500004111,水俣市,第二小学校体育館(校舎2階),熊本県水俣市栄町1-2-1,1,,,,32.209128,130.397551,未開設,未開設,未開設,未開設,未開設,未開設,未開設,未開設,未開設,未開設,未開設,未開設,未開設
web:f6e4a028533f3a2450c1,,水俣市,第二小学校多目的ホール,水俣市栄町1-2-1,,,,300,32.2097529,130.3965126,未開設,開設（平常）,開設（平常）,未開設,未開設,未開設,未開設,未開設,未開設,未開設,未開設,未開設,未開設
ref:E4320500042111,E4320500042111,水俣市,総合体育館(南部館),熊本県水俣市袋933外,1,,,400,32.177946,130.384616,未開設,開設（平常）,開設（平常）,未開設,未開設,未開設,未開設,未開設,未開設,未開設,未開設,未開設,未開設
ref:E4320500046111,E4320500046111,水俣市,総合体育館(本館),熊本県水俣市中央公園1,1,,,1000,32.20863,130.406995,未開設,開設（平常）,開設（平常）,開設（平常）,開設（平常）,開設（平常）,未開設,未開設,未開設,未開設,未開設,未開設,未開設
ref:E4320500050111,E4320500050111,水俣市,茂川公民館,熊本県水俣市長崎443-2,1,,,20,32.156891,130.417491,未開設,未開設,未開設,未開設,未開設,未開設,未開設,未開設,未開設,未開設,未開設,未開設,未開設
ref:E4320500010111,E4320500010111,水俣市,葛彩館,熊本県水俣市葛渡67-1,1,,,70,32.17334949,130.4591301,未開設,開設（平常）,開設（平常）,開設（平常）,開設（平常）,開設（平常）,未開設,未開設,未開設,未開設,未開設,未開設,未開設
ref:E4320500038111,E4320500038111,水俣市,袋小中学校体育館,熊本県水俣市袋1403-2,1,,,300,32.175975,130.379577,未開設,未開設,未開設,未開設,未開設,未開設,未開設,未開設,未開設,未開設,未開設,未開設,未開設
ref:E4320500006111,E4320500006111,水俣市,越小場公民館,熊本県水俣市越小場845-1,1,,,50,32.152773,130.521113,未開設,未開設,未開設,未開設,未開設,未開設,未開設,未開設,未開設,未開設,未開設,未開設,未開設
ref:E4320500048111,E4320500048111,水俣市,野川公民館,熊本県水俣市長崎1201,1,,,20,32.175353,130.404547,未開設,未開設,未開設,未開設,未開設,未開設,未開設,未開設,未開設,未開設,未開設,未開設,未開設
ref:E4320500064111,E4320500064111,水俣市,集・川原公民館,熊本県水俣市宝川内山神1-2,1,,,30,32.179486,130.468102,未開設,未開設,未開設,未開設,未開設,未開設,未開設,未開設,未開設,未開設,未開設,未開設,未開設
refgroup:a551630a372acfb0d848,E4346800002111;E4346800002121,氷川町,宮原福祉センター,氷川町宮原702-5,1,,要配慮者,162,32.554368510788,130.68236676679,未開設,未開設,未開設,未開設,未開設,未開設,未開設,未開設,未開設,開設（平常）,開設（平常）,開設（平常）,開設（平常）
ref:E4346800004111,E4346800004111,氷川町,常葉保育所,熊本県氷川町宮原823,1,,,121,32.554055706425,130.68383155923,未開設,未開設,未開設,未開設,未開設,未開設,未開設,未開設,未開設,未開設,未開設,未開設,未開設
ref:E4346800001111,E4346800001111,氷川町,氷川町公民館・宮原体育館,熊本県氷川町宮原690-2,1,,,509,32.553973666736,130.67945191464,未開設,未開設,未開設,未開設,未開設,未開設,未開設,未開設,未開設,未開設,未開設,未開設,未開設
web:1a33df0f5bb6c7324ed0,,氷川町,氷川町公民館・宮原公民館,氷川町宮原690-2,,,,509,32.55401302,130.6793474,未開設,未開設,開設（平常）,開設（平常）,開設（平常）,開設（平常）,開設（平常）,開設（平常）,開設（平常）,開設（平常）,開設（平常）,開設（平常）,開設（平常）
ref:E4346800005111,E4346800005111,氷川町,氷川町及び八代市中学校組合立氷川中学校,氷川町今39,1,,,515,32.5532538157,130.67431871765,未開設,未開設,開設（平常）,開設（平常）,開設（平常）,開設（平常）,開設（平常）,開設（平常）,開設（平常）,開設（平常）,開設（平常）,開設（平常）,開設（平常）
ref:E4346800009111,E4346800009111,氷川町,氷川町文化センター,熊本県氷川町島地642,1,,,190,32.582818199837,130.67365756867,未開設,未開設,未開設,未開設,未開設,未開設,未開設,未開設,未開設,未開設,未開設,未開設,未開設
ref:E4346800006111,E4346800006111,氷川町,氷川町立宮原小学校,熊本県氷川町今762,1,,,365,32.551939765241,130.68150108917,未開設,未開設,未開設,未開設,未開設,未開設,未開設,未開設,未開設,未開設,未開設,未開設,未開設
ref:E4346800011111,E4346800011111,氷川町,氷川町立竜北中学校,熊本県氷川町島地665,1,,,1185,32.582191399821,130.67597040623,未開設,未開設,未開設,未開設,未開設,未開設,未開設,未開設,未開設,未開設,未開設,未開設,未開設
ref:E4346800012111,E4346800012111,氷川町,氷川町立竜北東小学校,氷川町野津2336,1,,,318,32.575353944257,130.6900687953,未開設,未開設,開設（平常）,開設（平常）,開設（平常）,開設（平常）,開設（平常）,開設（平常）,開設（平常）,開設（平常）,開設（平常）,開設（平常）,開設（平常）
ref:E4346800008111,E4346800008111,氷川町,氷川町立竜北西部小学校,氷川町鹿島746,1,,,455,32.582520508884,130.66384608816,未開設,未開設,開設（平常）,開設（平常）,開設（平常）,開設（平常）,開設（平常）,開設（平常）,開設（平常）,開設（平常）,開設（平常）,開設（平常）,開設（平常）
ref:E4346800007111,E4346800007111,氷川町,氷川町農産加工研修センター,熊本県氷川町鹿島1624-1,1,,,35,32.584054822968,130.66435017838,未開設,未開設,未開設,未開設,未開設,未開設,未開設,未開設,未開設,未開設,未開設,未開設,未開設
refgroup:3e857dbc6a3a94f783aa,E4346800010111;E4346800010121,氷川町,竜北福祉センター,熊本県氷川町島地651,1,,要配慮者,,32.583387811092,130.67411923028,未開設,未開設,未開設,未開設,未開設,未開設,未開設,未開設,未開設,未開設,未開設,未開設,未開設
refgroup:679351f168c4294e1350,E4348400002111;E4348400002122,津奈木町,つなぎ文化センター,熊本県津奈木町大字岩城1588-2,1,,,800,32.2306310899913,130.456543338792,未開設,開設（平常）,開設（平常）,開設（平常）,開設（平常）,開設（平常）,未開設,未開設,未開設,未開設,未開設,未開設,未開設
ref:E4348400005111,E4348400005111,津奈木町,農業就業改善センター,熊本県津奈木町大字小津奈木2123,1,,,500,32.2339290652049,130.440077084644,未開設,開設（平常）,未開設,未開設,未開設,未開設,未開設,未開設,未開設,未開設,未開設,未開設,未開設
ref:E4350600009111,E4350600009111,湯前町,旧南部保育所,熊本県湯前町3446-1,1,,,,32.26438189,130.9811078,未開設,未開設,未開設,未開設,未開設,未開設,未開設,未開設,未開設,未開設,未開設,未開設,未開設
ref:E4350600001111,E4350600001111,湯前町,湯前町B&G海洋センター,熊本県湯前町1693-2,1,,,551,32.272899243835,130.99671635192,未開設,未開設,未開設,未開設,未開設,未開設,未開設,未開設,未開設,未開設,未開設,未開設,未開設
ref:E4350600005111,E4350600005111,湯前町,湯前町保健センター,熊本県湯前町1984,1,,,215,32.276679066494,130.98087312971,未開設,開設（平常）,未開設,未開設,未開設,未開設,未開設,未開設,未開設,未開設,未開設,未開設,未開設
ref:E4350600011111,E4350600011111,湯前町,湯前町立湯前中学校,熊本県湯前町2643,1,,,569,32.274908533651,130.98656687303,未開設,未開設,未開設,未開設,未開設,未開設,未開設,未開設,未開設,未開設,未開設,未開設,未開設
ref:E4350600010111,E4350600010111,湯前町,湯前町立湯前小学校,熊本県湯前町2120,1,,,773,32.275520836599,130.985129209,未開設,未開設,未開設,未開設,未開設,未開設,未開設,未開設,未開設,未開設,未開設,未開設,未開設
ref:E4350600004111,E4350600004111,湯前町,湯前町農村環境改善センター,熊本県湯前町1834-1,1,,,548,32.280418,130.981507,未開設,未開設,未開設,未開設,未開設,未開設,未開設,未開設,未開設,未開設,未開設,未開設,未開設
ref:E4350600003111,E4350600003111,湯前町,湯前町避難防災交流施設,熊本県湯前町1822-4,1,,,,32.281317655457,130.98043965472,未開設,未開設,未開設,未開設,未開設,未開設,未開設,未開設,未開設,未開設,未開設,未開設,未開設
ref:E4310000014111,E4310000014111,熊本市,くまもと森都心プラザ,熊本県熊本市西区春日1-14-1,1,,,,32.790388,130.691058,未開設,未開設,未開設,未開設,未開設,未開設,未開設,未開設,未開設,未開設,未開設,未開設,未開設
ref:E4344300002121,E4344300002121,熊本市,くまもと江津湖療育医療センター,熊本県熊本市東区画図町重富575,,,町が特定した在宅の身体障がい者、要介護者のうち、一般的な避難所では生活に支障をきたすもの,,32.759453444381,130.72937018113,未開設,未開設,未開設,未開設,未開設,未開設,未開設,未開設,未開設,未開設,未開設,未開設,未開設
ref:E4310000188111,E4310000188111,熊本市,アクアドームくまもと,熊本県熊本市南区荒尾2丁目1-1,1,,,,32.763295,130.667863,未開設,開設（不明）,開設（不明）,開設（不明）,開設（不明）,開設（不明）,開設（不明）,開設（不明）,開設（不明）,開設（不明）,開設（不明）,未開設,未開設
ref:E4310000219111,E4310000219111,熊本市,アスパル富合(富合公民館),熊本県熊本市南区富合町清藤400,1,,,,32.716065,130.678073,未開設,開設（不明）,開設（不明）,開設（不明）,開設（不明）,開設（不明）,開設（不明）,開設（不明）,開設（不明）,開設（不明）,開設（不明）,開設（不明）,開設（不明）
ref:E4344300006121,E4344300006121,熊本市,ケアハウスわらべ苑,熊本県熊本市東区新南部2-1-35,,,町が特定した在宅の身体障がい者、要介護者のうち、一般的な避難所では生活に支障をきたすもの,,32.816312558443,130.74606425004,未開設,未開設,未開設,未開設,未開設,未開設,未開設,未開設,未開設,未開設,未開設,未開設,未開設
ref:E4310000060111,E4310000060111,熊本市,サンライフ熊本,熊本県熊本市中央区黒髪3丁目3-12,1,,,,32.81983876,130.720156,開設（不明）,開設（不明）,開設（不明）,開設（不明）,開設（不明）,開設（不明）,開設（不明）,開設（不明）,開設（不明）,開設（不明）,開設（不明）,未開設,未開設
ref:E4344300001121,E4344300001121,熊本市,ノットホーム,熊本県熊本市中央区黒髪5-23-1,,,町が特定した在宅の身体障がい者、要介護者のうち、一般的な避難所では生活に支障をきたすもの,,32.818641628893,130.73083399259,未開設,未開設,未開設,未開設,未開設,未開設,未開設,未開設,未開設,未開設,未開設,未開設,未開設
ref:E4310000074111,E4310000074111,熊本市,一新小学校,熊本県熊本市中央区新町3-10-45,1,,,,32.80239,130.69506,開設（不明）,開設（不明）,開設（不明）,開設（不明）,開設（不明）,開設（不明）,開設（不明）,未開設,未開設,未開設,未開設,未開設,未開設
ref:E4310000025111,E4310000025111,熊本市,三和中学校,熊本県熊本市西区上高橋1-4-1,1,,,,32.78602,130.665237,未開設,開設（不明）,開設（不明）,未開設,未開設,未開設,未開設,未開設,未開設,未開設,未開設,未開設,未開設
ref:E4310000195111,E4310000195111,熊本市,下益城城南中学校,熊本県熊本市南区城南町宮地1020番地1,1,,,,32.71029,130.729282,未開設,開設（不明）,開設（不明）,開設（不明）,開設（不明）,開設（不明）,開設（不明）,開設（不明）,開設（不明）,開設（不明）,開設（不明）,開設（不明）,開設（不明）
ref:E4310000084111,E4310000084111,熊本市,中央公民館,熊本県熊本市中央区草葉町5-1,1,,,,32.804732,130.715552,開設（不明）,開設（不明）,開設（不明）,開設（不明）,開設（不明）,開設（不明）,開設（不明）,開設（不明）,開設（不明）,開設（不明）,開設（不明）,開設（不明）,未開設
ref:E4310000038111,E4310000038111,熊本市,中島小学校,熊本県熊本市西区中島町538,1,,,,32.76667,130.628934,未開設,開設（不明）,未開設,未開設,未開設,未開設,未開設,未開設,未開設,未開設,未開設,未開設,未開設
ref:E4310000217111,E4310000217111,熊本市,中緑小学校,熊本県熊本市南区美登里町800,1,,,,32.731069,130.660381,未開設,開設（不明）,開設（不明）,開設（不明）,未開設,未開設,未開設,未開設,未開設,未開設,未開設,未開設,未開設
web:92ac15ea64f21af2c9fa,,熊本市,九州動物学院【ペット避難場所】,熊本県熊本市中央区本荘6丁目16-34,,,,,32.79210382,130.7047918,開設（不明）,開設（不明）,開設（不明）,開設（不明）,開設（不明）,未開設,未開設,未開設,未開設,未開設,未開設,未開設,未開設
ref:E4310000129111,E4310000129111,熊本市,二岡中学校,熊本県熊本市東区戸島3-15-2,1,,,,32.824024,130.792208,未開設,開設（不明）,開設（不明）,未開設,未開設,未開設,未開設,未開設,未開設,未開設,未開設,未開設,未開設
ref:E4310000062111,E4310000062111,熊本市,五福交流室・公民館,熊本県熊本市中央区細工町2丁目25,1,,,,32.79594238,130.6956943,開設（不明）,開設（不明）,開設（不明）,開設（不明）,開設（不明）,開設（不明）,開設（不明）,開設（不明）,開設（不明）,開設（不明）,開設（不明）,未開設,未開設
ref:E4310000062112,E4310000062112,熊本市,五福小学校,熊本県熊本市中央区細工町2-25,1,,,,32.795878,130.695933,開設（不明）,開設（不明）,開設（不明）,未開設,未開設,未開設,未開設,未開設,未開設,未開設,未開設,未開設,未開設
ref:E4310000236111,E4310000236111,熊本市,五霊中学校,熊本県熊本市北区植木町一木163,1,,,,32.905268,130.690622,未開設,開設（不明）,開設（不明）,未開設,未開設,未開設,未開設,未開設,未開設,未開設,未開設,未開設,未開設
ref:E4310000024111,E4310000024111,熊本市,井芹中学校,熊本県熊本市西区上熊本3-27-1,1,,,,32.820992,130.698625,未開設,開設（不明）,開設（不明）,未開設,未開設,未開設,未開設,未開設,未開設,未開設,未開設,未開設,未開設
ref:E4310000048111,E4310000048111,熊本市,京陵中学校,熊本県熊本市中央区京町本丁1-14,1,,,,32.81728,130.704112,開設（不明）,開設（不明）,開設（不明）,開設（不明）,開設（不明）,開設（不明）,開設（不明）,開設（不明）,未開設,未開設,未開設,未開設,未開設
ref:E4310000126111,E4310000126111,熊本市,健軍小学校,熊本県熊本市東区健軍2-25-56,1,,,,32.784179,130.752403,開設（不明）,開設（不明）,開設（不明）,未開設,未開設,未開設,未開設,未開設,未開設,未開設,未開設,未開設,未開設
ref:E4310000139111,E4310000139111,熊本市,健軍文化ホール,熊本県熊本市東区若葉3丁目5-11,1,,,,32.77519,130.762075,未開設,開設（不明）,開設（不明）,開設（不明）,開設（不明）,開設（不明）,開設（不明）,開設（不明）,開設（不明）,開設（不明）,開設（不明）,未開設,未開設
ref:E4310000163111,E4310000163111,熊本市,健軍東小学校,熊本県熊本市東区東町4-15-2,1,,,,32.783268,130.764276,開設（不明）,開設（不明）,開設（不明）,未開設,未開設,未開設,未開設,未開設,未開設,未開設,未開設,未開設,未開設
ref:E4310000069111,E4310000069111,熊本市,出水中学校,熊本県熊本市中央区出水5-3-1,1,,,,32.784081,130.726848,開設（不明）,開設（不明）,開設（不明）,未開設,未開設,未開設,未開設,未開設,未開設,未開設,未開設,未開設,未開設
ref:E4310000070111,E4310000070111,熊本市,出水南中学校,熊本県熊本市中央区出水7-86-1,1,,,,32.775036,130.728094,開設（不明）,開設（不明）,開設（不明）,未開設,未開設,未開設,未開設,未開設,未開設,未開設,未開設,未開設,未開設
ref:E4310000067111,E4310000067111,熊本市,出水南小学校,熊本県熊本市中央区出水4-1-1,1,,,,32.783234,130.7306183,開設（不明）,開設（不明）,開設（不明）,未開設,未開設,未開設,未開設,未開設,未開設,未開設,未開設,未開設,未開設
ref:E4310000064111,E4310000064111,熊本市,出水小学校,熊本県熊本市中央区出水1-1-75,1,,,,32.789046,130.731203,開設（不明）,開設（不明）,開設（不明）,開設（不明）,開設（不明）,開設（不明）,開設（不明）,開設（不明）,未開設,未開設,未開設,未開設,未開設
ref:E4310000209111,E4310000209111,熊本市,力合中学校,熊本県熊本市南区島町5-8-1,1,,,,32.76218,130.677426,未開設,開設（不明）,開設（不明）,開設（不明）,開設（不明）,開設（不明）,開設（不明）,開設（不明）,開設（不明）,未開設,未開設,未開設,未開設
ref:E4310000176111,E4310000176111,熊本市,力合小学校,熊本県熊本市南区刈草2丁目10-1,1,,,,32.758665,130.681428,未開設,開設（不明）,開設（不明）,開設（不明）,開設（不明）,開設（不明）,開設（不明）,開設（不明）,開設（不明）,開設（不明）,開設（不明）,開設（不明）,開設（不明）
ref:E4310000187111,E4310000187111,熊本市,力合西小学校,熊本県熊本市南区荒尾1-11-1,1,,,,32.763349,130.67152,未開設,開設（不明）,開設（不明）,未開設,未開設,未開設,未開設,未開設,未開設,未開設,未開設,未開設,未開設
ref:E4310000263111,E4310000263111,熊本市,勤労青少年ホーム,熊本県熊本市北区鶴羽田2-13-10,1,,,,32.861901311712,130.72458996634,未開設,開設（不明）,開設（不明）,未開設,未開設,未開設,未開設,未開設,未開設,未開設,未開設,未開設,未開設
ref:E4310000235111,E4310000235111,熊本市,北部まちづくりセンター・公民館,熊本県熊本市北区鹿子木町66,1,,,,32.869936,130.703005,未開設,開設（不明）,開設（不明）,開設（不明）,開設（不明）,開設（不明）,開設（不明）,開設（不明）,開設（不明）,開設（不明）,開設（不明）,未開設,未開設
ref:E4310000234111,E4310000234111,熊本市,北部中学校,熊本県熊本市北区鹿子木町1,1,,,,32.867834,130.702977,未開設,開設（不明）,開設（不明）,未開設,未開設,未開設,未開設,未開設,未開設,未開設,未開設,未開設,未開設
ref:E4310000264111,E4310000264111,熊本市,北部東小学校,熊本県熊本市北区鶴羽田2-7-1,1,,,,32.860232,130.72358,未開設,開設（不明）,開設（不明）,未開設,未開設,未開設,未開設,未開設,未開設,未開設,未開設,未開設,未開設
ref:E4310000211111,E4310000211111,熊本市,南部まちづくりセンター・公民館,熊本県熊本市南区南高江6丁目7-35,1,,,,32.748239,130.686263,未開設,開設（不明）,開設（不明）,開設（不明）,開設（不明）,開設（不明）,開設（不明）,開設（不明）,開設（不明）,開設（不明）,開設（不明）,開設（不明）,開設（不明）
ref:E4310000215111,E4310000215111,熊本市,南部総合スポーツセンター,熊本県熊本市南区白藤5-2-1,1,,,,32.755067,130.673652,未開設,未開設,未開設,未開設,未開設,未開設,未開設,未開設,未開設,未開設,未開設,未開設,未開設
ref:E4310000043111,E4310000043111,熊本市,古町小学校,熊本県熊本市西区二本木4-9-65,1,,,,32.782321,130.689592,未開設,開設（不明）,開設（不明）,未開設,未開設,未開設,未開設,未開設,未開設,未開設,未開設,未開設,未開設
ref:E4310000253111,E4310000253111,熊本市,吉松小学校,熊本県熊本市北区植木町豊田474,1,,,,32.941058,130.70948,未開設,開設（不明）,開設（不明）,未開設,未開設,未開設,未開設,未開設,未開設,未開設,未開設,未開設,未開設
ref:E4310000110111,E4310000110111,熊本市,向山小学校,熊本県熊本市中央区本山4-5-11,1,,,,32.789394,130.700032,開設（不明）,開設（不明）,開設（不明）,未開設,未開設,未開設,未開設,未開設,未開設,未開設,未開設,未開設,未開設
ref:E4310000256111,E4310000256111,熊本市,城北小学校,熊本県熊本市北区清水新地1-4-1,1,,,,32.849235,130.730549,未開設,開設（不明）,開設（不明）,未開設,未開設,未開設,未開設,未開設,未開設,未開設,未開設,未開設,未開設
ref:E4310000216111,E4310000216111,熊本市,城南中学校,熊本県熊本市南区八幡8-1-1,1,,,,32.7438,130.686871,未開設,開設（不明）,開設（不明）,未開設,未開設,未開設,未開設,未開設,未開設,未開設,未開設,未開設,未開設
ref:E4310000210111,E4310000210111,熊本市,城南小学校,熊本県熊本市南区南高江4-2-70,1,,,,32.751467,130.691177,未開設,開設（不明）,開設（不明）,未開設,未開設,未開設,未開設,未開設,未開設,未開設,未開設,未開設,未開設
ref:E4310000202111,E4310000202111,熊本市,城南総合スポーツセンター,熊本県熊本市南区城南町舞原144-1,1,,,,32.70785024,130.7481883,未開設,未開設,未開設,未開設,未開設,未開設,未開設,未開設,未開設,未開設,未開設,未開設,未開設
ref:E4310000196111,E4310000196111,熊本市,城南老人福祉センター,熊本県熊本市南区城南町宮地1050番地,1,,,,32.708973,130.728886,未開設,開設（不明）,開設（不明）,開設（不明）,開設（不明）,開設（不明）,開設（不明）,開設（不明）,開設（不明）,開設（不明）,開設（不明）,開設（不明）,開設（不明）
ref:E4310000027111,E4310000027111,熊本市,城山小学校,熊本県熊本市西区城山大塘1-23-1,1,,,,32.778041,130.65709,未開設,未開設,未開設,未開設,未開設,未開設,未開設,未開設,未開設,未開設,未開設,未開設,未開設
ref:E4310000081111,E4310000081111,熊本市,城東小学校,熊本県熊本市中央区千葉城町5-1,1,,,,32.808347,130.709322,開設（不明）,開設（不明）,開設（不明）,未開設,未開設,未開設,未開設,未開設,未開設,未開設,未開設,未開設,未開設
ref:E4310000020111,E4310000020111,熊本市,城西中学校,熊本県熊本市西区小島8-17-1,1,,,,32.782574,130.63292,未開設,開設（不明）,開設（不明）,未開設,未開設,未開設,未開設,未開設,未開設,未開設,未開設,未開設,未開設
ref:E4310000040111,E4310000040111,熊本市,城西小学校,熊本県熊本市西区島崎3丁目12-60,1,,,,32.80565366,130.6827819,未開設,開設（不明）,開設（不明）,開設（不明）,開設（不明）,開設（不明）,開設（不明）,開設（不明）,開設（不明）,開設（不明）,未開設,未開設,未開設
ref:E4310000114111,E4310000114111,熊本市,壼川小学校,熊本県熊本市中央区壼川1-4-5,1,,,,32.81301698,130.710128,開設（不明）,開設（不明）,開設（不明）,開設（不明）,未開設,未開設,未開設,未開設,未開設,未開設,未開設,未開設,未開設
ref:E4310000303111,E4310000303111,熊本市,大和地域コミュニティセンター,熊本県熊本市北区植木町大和70-22,1,,,,32.880621,130.672335,開設（不明）,開設（不明）,開設（不明）,未開設,未開設,未開設,未開設,未開設,未開設,未開設,未開設,未開設,未開設
ref:E4310000095111,E4310000095111,熊本市,大江交流室・公民館,熊本県熊本市中央区大江6丁目1-85,1,,,,32.798861,130.725085,開設（不明）,開設（不明）,開設（不明）,開設（不明）,開設（不明）,開設（不明）,開設（不明）,開設（不明）,開設（不明）,開設（不明）,開設（不明）,開設（不明）,開設（不明）
ref:E4310000092111,E4310000092111,熊本市,大江小学校,熊本県熊本市中央区大江3-5-31,1,,,,32.801929,130.725461,開設（不明）,開設（不明）,開設（不明）,未開設,未開設,未開設,未開設,未開設,未開設,未開設,未開設,未開設,未開設
ref:E4310000171111,E4310000171111,熊本市,天明まちづくりセンター・公民館,熊本県熊本市南区奥古閑町2035,1,,,,32.732919,130.636721,未開設,開設（不明）,開設（不明）,開設（不明）,開設（不明）,開設（不明）,開設（不明）,開設（不明）,開設（不明）,開設（不明）,開設（不明）,開設（不明）,開設（不明）
ref:E4310000172111,E4310000172111,熊本市,天明中学校,熊本県熊本市南区奥古閑町2146-1,1,,,,32.734407,130.636153,未開設,開設（不明）,開設（不明）,未開設,未開設,未開設,未開設,未開設,未開設,未開設,未開設,未開設,未開設
ref:E4310000170111,E4310000170111,熊本市,天明体育館,熊本県熊本市南区奥古閑町1877,1,,,,32.732474,130.635933,未開設,未開設,未開設,未開設,未開設,未開設,未開設,未開設,未開設,未開設,未開設,未開設,未開設
ref:E4310000173111,E4310000173111,熊本市,奥古閑小学校,熊本県熊本市南区奥古閑町4072,1,,,,32.730577,130.62465,未開設,開設（不明）,開設（不明）,未開設,未開設,未開設,未開設,未開設,未開設,未開設,未開設,未開設,未開設
ref:E4310000222111,E4310000222111,熊本市,富合中学校,熊本県熊本市南区富合町平原56番地,1,,,,32.707161,130.684102,未開設,開設（不明）,開設（不明）,開設（不明）,開設（不明）,開設（不明）,開設（不明）,開設（不明）,開設（不明）,開設（不明）,開設（不明）,開設（不明）,未開設
ref:E4310000221111,E4310000221111,熊本市,富合小学校,熊本県熊本市南区富合町清藤472,1,,,,32.714091,130.680967,未開設,開設（不明）,開設（不明）,開設（不明）,開設（不明）,開設（不明）,開設（不明）,開設（不明）,開設（不明）,未開設,未開設,未開設,未開設
ref:E4310000019111,E4310000019111,熊本市,小島小学校,熊本県熊本市西区小島7-9-1,1,,,,32.778943,130.634586,未開設,開設（不明）,開設（不明）,未開設,未開設,未開設,未開設,未開設,未開設,未開設,未開設,未開設,未開設
ref:E4344300007121,E4344300007121,熊本市,小規模多機能ホーム 田原ふれあいの家,熊本県熊本市北区植木町鞍掛1791,,,町が特定した在宅の身体障がい者、要介護者のうち、一般的な避難所では生活に支障をきたすもの,,32.90198664824,130.67576792579,未開設,未開設,未開設,未開設,未開設,未開設,未開設,未開設,未開設,未開設,未開設,未開設,未開設
ref:E4310000167111,E4310000167111,熊本市,尾ノ上小学校,熊本県熊本市東区尾ノ上2-8-1,1,,,,32.793805,130.754073,開設（不明）,開設（不明）,開設（不明）,開設（不明）,開設（不明）,開設（不明）,開設（不明）,開設（不明）,未開設,未開設,未開設,未開設,未開設
ref:E4310000138111,E4310000138111,熊本市,山ノ内小学校,熊本県熊本市東区山ノ内4-1-1,1,,,,32.798119,130.771003,未開設,開設（不明）,開設（不明）,未開設,未開設,未開設,未開設,未開設,未開設,未開設,未開設,未開設,未開設
ref:E4310000250111,E4310000250111,熊本市,山本小学校,熊本県熊本市北区植木町内1424,1,,,,32.937435,130.681721,未開設,開設（不明）,開設（不明）,未開設,未開設,未開設,未開設,未開設,未開設,未開設,未開設,未開設,未開設
ref:E4310000254111,E4310000254111,熊本市,山東小学校,熊本県熊本市北区植木町有泉841,1,,,,32.912771,130.707767,未開設,開設（不明）,開設（不明）,未開設,未開設,未開設,未開設,未開設,未開設,未開設,未開設,未開設,未開設
ref:E4310000262111,E4310000262111,熊本市,川上小学校,熊本県熊本市北区西梶尾町480,1,,,,32.870162,130.704649,未開設,開設（不明）,開設（不明）,未開設,未開設,未開設,未開設,未開設,未開設,未開設,未開設,未開設,未開設
ref:E4310000204111,E4310000204111,熊本市,川口小学校,熊本県熊本市南区川口町3045,1,,,,32.717522,130.627347,未開設,開設（不明）,開設（不明）,未開設,未開設,未開設,未開設,未開設,未開設,未開設,未開設,未開設,未開設
ref:E4310000205111,E4310000205111,熊本市,川尻小学校,熊本県熊本市南区川尻4丁目1-1,1,,,,32.739586,130.681744,未開設,開設（不明）,開設（不明）,開設（不明）,開設（不明）,開設（不明）,開設（不明）,開設（不明）,開設（不明）,開設（不明）,開設（不明）,開設（不明）,開設（不明）
ref:E4310000039111,E4310000039111,熊本市,市立千原台高校,熊本県熊本市西区島崎2-37-1,1,,,,32.80685386,130.6865109,未開設,開設（不明）,開設（不明）,未開設,未開設,未開設,未開設,未開設,未開設,未開設,未開設,未開設,未開設
ref:E4310000100111,E4310000100111,熊本市,市立必由館高校,熊本県熊本市中央区坪井4-15-1,1,,,,32.815799,130.714035,開設（不明）,開設（不明）,開設（不明）,未開設,未開設,未開設,未開設,未開設,未開設,未開設,未開設,未開設,未開設
ref:E4310000086111,E4310000086111,熊本市,帯山中学校,熊本県熊本市中央区帯山1-35-32,1,,,,32.801179,130.74504,開設（不明）,開設（不明）,開設（不明）,開設（不明）,未開設,未開設,未開設,未開設,未開設,未開設,未開設,未開設,未開設
ref:E4310000087111,E4310000087111,熊本市,帯山小学校,熊本県熊本市中央区帯山4-11-11,1,,,,32.80193,130.749869,開設（不明）,開設（不明）,開設（不明）,未開設,未開設,未開設,未開設,未開設,未開設,未開設,未開設,未開設,未開設
ref:E4310000085111,E4310000085111,熊本市,帯山西小学校,熊本県熊本市中央区帯山1-29-8,1,,,,32.802307,130.741402,未開設,未開設,未開設,未開設,未開設,未開設,未開設,未開設,未開設,未開設,未開設,未開設,未開設
ref:E4310000186111,E4310000186111,熊本市,幸田まちづくりセンター・公民館,熊本県熊本市南区幸田2丁目4-1,1,,,,32.766682,130.712253,未開設,開設（不明）,開設（不明）,開設（不明）,開設（不明）,開設（不明）,開設（不明）,開設（不明）,開設（不明）,開設（不明）,開設（不明）,開設（不明）,開設（不明）
ref:E4310000230111,E4310000230111,熊本市,弓削小学校,熊本県熊本市北区弓削3-20-1,1,,,,32.853093,130.780751,未開設,開設（不明）,開設（不明）,未開設,未開設,未開設,未開設,未開設,未開設,未開設,未開設,未開設,未開設
ref:E4310000183111,E4310000183111,熊本市,御幸小学校,熊本県熊本市南区御幸笛田7-16-1,1,,,,32.754308,130.716055,未開設,開設（不明）,未開設,未開設,未開設,未開設,未開設,未開設,未開設,未開設,未開設,未開設,未開設
ref:E4310000063111,E4310000063111,熊本市,慶徳小学校,熊本県熊本市中央区山崎町72,,,,,32.797031,130.701795,開設（不明）,開設（不明）,開設（不明）,開設（不明）,開設（不明）,開設（不明）,開設（不明）,開設（不明）,開設（不明）,開設（不明）,開設（不明）,未開設,未開設
ref:E4310000179111,E4310000179111,熊本市,日吉中学校,熊本県熊本市南区近見5-5-1,1,,,,32.764194,130.699259,未開設,開設（不明）,開設（不明）,未開設,未開設,未開設,未開設,未開設,未開設,未開設,未開設,未開設,未開設
ref:E4310000177111,E4310000177111,熊本市,日吉小学校,熊本県熊本市南区近見1-9-30,1,,,,32.766734,130.689465,未開設,開設（不明）,開設（不明）,未開設,未開設,未開設,未開設,未開設,未開設,未開設,未開設,未開設,未開設
ref:E4310000178111,E4310000178111,熊本市,日吉東小学校,熊本県熊本市南区近見5-1-1,1,,,,32.765077,130.697754,未開設,開設（不明）,開設（不明）,未開設,未開設,未開設,未開設,未開設,未開設,未開設,未開設,未開設,未開設
ref:E4310000022111,E4310000022111,熊本市,旧松尾北小学校,熊本県熊本市西区松尾町平山255,1,,,,32.812419,130.625217,未開設,開設（不明）,開設（不明）,未開設,未開設,未開設,未開設,未開設,未開設,未開設,未開設,未開設,未開設
ref:E4310000026111,E4310000026111,熊本市,旧松尾東小学校,熊本県熊本市西区上松尾町2880,1,,,,32.796715,130.634725,未開設,開設（不明）,開設（不明）,未開設,未開設,未開設,未開設,未開設,未開設,未開設,未開設,未開設,未開設
ref:E4310000031111,E4310000031111,熊本市,旧松尾西小学校,熊本県熊本市西区西松尾町4456-1,1,,,,32.797802,130.614508,未開設,開設（不明）,開設（不明）,未開設,未開設,未開設,未開設,未開設,未開設,未開設,未開設,未開設,未開設
ref:E4310000005111,E4310000005111,熊本市,旧河内小学校白浜分校,熊本県熊本市西区河内町白浜1018-6,1,,,,32.841892,130.586976,未開設,開設（不明）,開設（不明）,未開設,未開設,未開設,未開設,未開設,未開設,未開設,未開設,未開設,未開設
ref:E4310000015111,E4310000015111,熊本市,春日小学校,熊本県熊本市西区春日5-3-5,1,,,,32.789842,130.685916,未開設,開設（不明）,開設（不明）,未開設,未開設,未開設,未開設,未開設,未開設,未開設,未開設,未開設,未開設
ref:E4310000050111,E4310000050111,熊本市,春竹小学校,熊本県熊本市中央区琴平1-9-43,1,,,,32.78826447,130.7075609,開設（不明）,開設（不明）,開設（不明）,開設（不明）,開設（不明）,開設（不明）,開設（不明）,開設（不明）,未開設,未開設,未開設,未開設,未開設
ref:E4310000124111,E4310000124111,熊本市,月出小学校,熊本県熊本市東区月出6-2-40,1,,,,32.805075,130.770825,未開設,開設（不明）,開設（不明）,開設（不明）,未開設,未開設,未開設,未開設,未開設,未開設,未開設,未開設,未開設
ref:E4310000113111,E4310000113111,熊本市,本荘小学校,熊本県熊本市中央区本荘6丁目5-47,1,,,,32.792637,130.708133,開設（不明）,開設（不明）,開設（不明）,開設（不明）,開設（不明）,開設（不明）,開設（不明）,開設（不明）,開設（不明）,開設（不明）,開設（不明）,未開設,未開設
ref:E4310000194111,E4310000194111,熊本市,杉上小学校,熊本県熊本市南区城南町永505番地1,1,,,,32.724549,130.727294,未開設,開設（不明）,開設（不明）,開設（不明）,開設（不明）,開設（不明）,開設（不明）,開設（不明）,開設（不明）,開設（不明）,開設（不明）,開設（不明）,開設（不明）
web:0eec9dba2b46c492c406,,熊本市,東海大学熊本キャンパス・付属熊本星翔高等学校,熊本県熊本市東区渡鹿9丁目1-1,,,,,32.80968051,130.7425112,開設（不明）,開設（不明）,開設（不明）,未開設,未開設,未開設,未開設,未開設,未開設,未開設,未開設,未開設,未開設
ref:E4310000162111,E4310000162111,熊本市,東町中学校,熊本県熊本市東区東町4-15-1,1,,,,32.781434,130.76483,未開設,未開設,未開設,未開設,未開設,未開設,未開設,未開設,未開設,未開設,未開設,未開設,未開設
ref:E4310000161111,E4310000161111,熊本市,東町小学校,熊本県熊本市東区東町3丁目3-1,1,,,,32.786564,130.767843,未開設,開設（不明）,開設（不明）,開設（不明）,開設（不明）,開設（不明）,開設（不明）,開設（不明）,開設（不明）,開設（不明）,開設（不明）,未開設,未開設
ref:E4310000148111,E4310000148111,熊本市,東部中学校,熊本県熊本市東区上南部2-21-1,1,,,,32.833972,130.771003,未開設,開設（不明）,開設（不明）,未開設,未開設,未開設,未開設,未開設,未開設,未開設,未開設,未開設,未開設
ref:E4310000120112,E4310000120112,熊本市,東部公民館,熊本県熊本市東区錦ヶ丘1-1,,,,,32.788455211444,130.75372354951,開設（不明）,開設（不明）,開設（不明）,開設（不明）,開設（不明）,開設（不明）,開設（不明）,開設（不明）,開設（不明）,開設（不明）,開設（不明）,未開設,未開設
ref:E4310000166111,E4310000166111,熊本市,東野中学校,熊本県熊本市東区東野3-6-50,1,,,,32.774973,130.767996,開設（不明）,開設（不明）,開設（不明）,開設（不明）,開設（不明）,開設（不明）,開設（不明）,開設（不明）,開設（不明）,未開設,未開設,未開設,未開設
ref:E4310000248111,E4310000248111,熊本市,桜井小学校,熊本県熊本市北区植木町滴水2255,1,,,,32.888723,130.684282,未開設,開設（不明）,開設（不明）,未開設,未開設,未開設,未開設,未開設,未開設,未開設,未開設,未開設,未開設
ref:E4310000061111,E4310000061111,熊本市,桜山中学校,熊本県熊本市中央区黒髪5-13-1,1,,,,32.816408,130.731902,開設（不明）,開設（不明）,開設（不明）,未開設,未開設,未開設,未開設,未開設,未開設,未開設,未開設,未開設,未開設
ref:E4310000135111,E4310000135111,熊本市,桜木中学校,熊本県熊本市東区桜木4-13-23,1,,,,32.782509,130.782984,未開設,開設（不明）,開設（不明）,開設（不明）,開設（不明）,開設（不明）,開設（不明）,開設（不明）,開設（不明）,未開設,未開設,未開設,未開設
ref:E4310000117111,E4310000117111,熊本市,桜木小学校,熊本県熊本市東区花立2-23-1,1,,,,32.781405,130.776701,開設（不明）,開設（不明）,開設（不明）,未開設,未開設,未開設,未開設,未開設,未開設,未開設,未開設,未開設,未開設
ref:E4310000136111,E4310000136111,熊本市,桜木東小学校,熊本県熊本市東区桜木6-10-1,1,,,,32.788308,130.781765,開設（不明）,開設（不明）,開設（不明）,未開設,未開設,未開設,未開設,未開設,未開設,未開設,未開設,未開設,未開設
ref:E4310000241111,E4310000241111,熊本市,植木中央公園運動施設,熊本県熊本市北区植木町岩野285-35,1,,,,32.902734,130.69985,未開設,未開設,未開設,未開設,未開設,未開設,未開設,未開設,未開設,未開設,未開設,未開設,未開設
ref:E4310000245111,E4310000245111,熊本市,植木北中学校,熊本県熊本市北区植木町舟島455-1,1,,,,32.944999,130.717646,未開設,開設（不明）,開設（不明）,未開設,未開設,未開設,未開設,未開設,未開設,未開設,未開設,未開設,未開設
ref:E4310000243111,E4310000243111,熊本市,植木小学校,熊本県熊本市北区植木町広住1,1,,,,32.896477,130.693554,未開設,開設（不明）,開設（不明）,未開設,未開設,未開設,未開設,未開設,未開設,未開設,未開設,未開設,未開設
ref:E4310000239111,E4310000239111,熊本市,植木文化センター,熊本県熊本市北区植木町岩野238番地1,1,,,,32.903881,130.695545,未開設,開設（不明）,開設（不明）,開設（不明）,開設（不明）,開設（不明）,開設（不明）,開設（不明）,開設（不明）,開設（不明）,開設（不明）,未開設,未開設
ref:E4310000267111,E4310000267111,熊本市,楠中学校,熊本県熊本市北区楠3-2-1,1,,,,32.848246,130.755617,未開設,開設（不明）,開設（不明）,未開設,未開設,未開設,未開設,未開設,未開設,未開設,未開設,未開設,未開設
ref:E4310000269111,E4310000269111,熊本市,楠小学校,熊本県熊本市北区楠5-15-1,1,,,,32.851333,130.758427,未開設,開設（不明）,開設（不明）,未開設,未開設,未開設,未開設,未開設,未開設,未開設,未開設,未開設,未開設
ref:E4310000281111,E4310000281111,熊本市,楡木小学校,熊本県熊本市北区楡木3-9-1,1,,,,32.848279,130.75355,未開設,開設（不明）,開設（不明）,開設（不明）,未開設,未開設,未開設,未開設,未開設,未開設,未開設,未開設,未開設
ref:E4310000273111,E4310000273111,熊本市,武蔵中学校,熊本県熊本市北区武蔵ケ丘4-19-1,1,,,,32.8561,130.772639,未開設,開設（不明）,開設（不明）,未開設,未開設,未開設,未開設,未開設,未開設,未開設,未開設,未開設,未開設
ref:E4310000278112,E4310000278112,熊本市,武蔵塚武道場,熊本県熊本市北区龍田弓削1-1-10,1,,,,32.84450051,130.7645015,未開設,開設（不明）,開設（不明）,未開設,未開設,未開設,未開設,未開設,未開設,未開設,未開設,未開設,未開設
ref:E4310000271111,E4310000271111,熊本市,武蔵小学校,熊本県熊本市北区武蔵ケ丘3-15-1,1,,,,32.854032,130.767996,未開設,開設（不明）,開設（不明）,未開設,未開設,未開設,未開設,未開設,未開設,未開設,未開設,未開設,未開設
ref:E4310000078111,E4310000078111,熊本市,水前寺競技場,熊本県熊本市中央区水前寺5-23-3,1,,,,32.794178282773,130.74136747619,未開設,未開設,未開設,未開設,未開設,未開設,未開設,未開設,未開設,未開設,未開設,未開設,未開設
web:a8686c9b3a353a1462ae,,熊本市,水前寺競技場【ペット避難場所】,熊本市中央区水前寺5-23-3,,,,,32.79446798,130.7405985,開設（不明）,開設（不明）,開設（不明）,開設（不明）,開設（不明）,開設（不明）,開設（不明）,開設（不明）,開設（不明）,開設（不明）,開設（不明）,未開設,未開設
ref:E4310000111111,E4310000111111,熊本市,江南中学校,熊本県熊本市中央区本山町75,1,,,,32.787578,130.698705,開設（不明）,開設（不明）,開設（不明）,未開設,未開設,未開設,未開設,未開設,未開設,未開設,未開設,未開設,未開設
ref:E4310000051111,E4310000051111,熊本市,江原中学校,熊本県熊本市中央区琴平2-9-59,1,,,,32.784347,130.70534,開設（不明）,開設（不明）,開設（不明）,未開設,未開設,未開設,未開設,未開設,未開設,未開設,未開設,未開設,未開設
ref:E4310000034111,E4310000034111,熊本市,池上小学校,熊本県熊本市西区池上町850,1,,,,32.790488,130.67139,未開設,開設（不明）,開設（不明）,未開設,未開設,未開設,未開設,未開設,未開設,未開設,未開設,未開設,未開設
ref:E4310000036111,E4310000036111,熊本市,池田小学校,熊本県熊本市西区池田1-28-5,1,,,,32.825171,130.704221,未開設,開設（不明）,開設（不明）,未開設,未開設,未開設,未開設,未開設,未開設,未開設,未開設,未開設,未開設
ref:E4310000002111,E4310000002111,熊本市,河内中学校,熊本県熊本市西区河内町船津2470-1,1,,,,32.828426,130.590585,未開設,未開設,未開設,未開設,未開設,未開設,未開設,未開設,未開設,未開設,未開設,未開設,未開設
ref:E4310000004111,E4310000004111,熊本市,河内交流室・公民館,熊本県熊本市西区河内町船津791,1,,,,32.836669,130.583855,未開設,開設（不明）,開設（不明）,開設（不明）,開設（不明）,開設（不明）,未開設,未開設,未開設,未開設,未開設,未開設,未開設
ref:E4310000003111,E4310000003111,熊本市,河内小学校,熊本県熊本市西区河内町船津2505-2,1,,,,32.828409,130.591517,未開設,開設（不明）,開設（不明）,未開設,未開設,未開設,未開設,未開設,未開設,未開設,未開設,未開設,未開設
ref:E4310000152111,E4310000152111,熊本市,泉ヶ丘小学校,熊本県熊本市東区水源1-7-1,1,,,,32.776778,130.753034,開設（不明）,開設（不明）,開設（不明）,未開設,未開設,未開設,未開設,未開設,未開設,未開設,未開設,未開設,未開設
ref:E4310000227111,E4310000227111,熊本市,浜線健康パーク(田迎公園運動施設),熊本県熊本市南区良町4-8-1,1,,,,32.758796,130.728213,未開設,開設（不明）,開設（不明）,開設（不明）,開設（不明）,開設（不明）,未開設,未開設,未開設,未開設,未開設,未開設,未開設
ref:E4310000255111,E4310000255111,熊本市,清水まちづくりセンター・公民館,熊本県熊本市北区清水亀井町14-7,1,,,,32.841336,130.721639,未開設,開設（不明）,開設（不明）,開設（不明）,開設（不明）,開設（不明）,開設（不明）,開設（不明）,開設（不明）,開設（不明）,開設（不明）,未開設,未開設
ref:E4310000261111,E4310000261111,熊本市,清水スポーツセンター,熊本県熊本市北区清水万石2-3-73,1,,,,32.829574,130.728767,未開設,開設（不明）,開設（不明）,未開設,未開設,未開設,未開設,未開設,未開設,未開設,未開設,未開設,未開設
ref:E4310000257111,E4310000257111,熊本市,清水中学校,熊本県熊本市北区清水新地2-3-1,1,,,,32.849718,130.733967,未開設,開設（不明）,開設（不明）,未開設,未開設,未開設,未開設,未開設,未開設,未開設,未開設,未開設,未開設
ref:E4310000260111,E4310000260111,熊本市,清水小学校,熊本県熊本市北区清水本町14-58,1,,,,32.83281,130.724312,未開設,開設（不明）,開設（不明）,未開設,未開設,未開設,未開設,未開設,未開設,未開設,未開設,未開設,未開設
web:68ebba8ceae244e886a8,,熊本市,済々黌高校,熊本県熊本市中央区黒髪2丁目22-1,,,,,32.81655996,130.7231465,開設（不明）,開設（不明）,開設（不明）,開設（不明）,未開設,未開設,未開設,未開設,未開設,未開設,未開設,未開設,未開設
ref:E4310000132111,E4310000132111,熊本市,湖東中学校,熊本県熊本市東区湖東1-13-1,1,,,,32.781329,130.748048,開設（不明）,開設（不明）,開設（不明）,開設（不明）,未開設,未開設,未開設,未開設,未開設,未開設,未開設,未開設,未開設
ref:E4310000203111,E4310000203111,熊本市,火の君文化センター,熊本県熊本市南区城南町舞原394番地1,1,,,,32.707404,130.740024,未開設,開設（不明）,開設（不明）,開設（不明）,開設（不明）,開設（不明）,開設（不明）,開設（不明）,開設（不明）,開設（不明）,開設（不明）,開設（不明）,開設（不明）
web:ea37c810630367993fe2,,熊本市,熊本刑務所,熊本県熊本市中央区渡鹿7丁目12ー1,,,,,32.80925751,130.7384538,開設（不明）,開設（不明）,開設（不明）,開設（不明）,開設（不明）,開設（不明）,未開設,未開設,未開設,未開設,未開設,未開設,未開設
web:89e66c21ccc929c79f19,,熊本市,熊本北高校,熊本市北区兎谷3丁目5-1,,,,,32.84134381,130.7470975,未開設,開設（不明）,開設（不明）,未開設,未開設,未開設,未開設,未開設,未開設,未開設,未開設,未開設,未開設
web:9db5a91275ae29313c40,,熊本市,熊本商業高校,熊本県熊本市中央区神水1丁目1-2,,,,,32.78658688,130.7400923,開設（不明）,開設（不明）,開設（不明）,未開設,未開設,未開設,未開設,未開設,未開設,未開設,未開設,未開設,未開設
web:e058f968109ebad6cc37,,熊本市,熊本大学大江体育館,熊本県熊本市中央区大江本町5-1,,,,,32.80723567,130.7282172,開設（不明）,開設（不明）,開設（不明）,未開設,未開設,未開設,未開設,未開設,未開設,未開設,未開設,未開設,未開設
web:e1a7830548efc400ddea,,熊本市,熊本大学本荘体育館,熊本県熊本市中央区九品寺4丁目24番1号,,,,,32.79357186,130.7152586,開設（不明）,開設（不明）,開設（不明）,未開設,未開設,未開設,未開設,未開設,未開設,未開設,未開設,未開設,未開設
web:94a671499e0adc80a9c5,,熊本市,熊本学園大学,熊本県熊本市中央区大江2丁目5-1,,,,,32.80470069,130.728834,開設（不明）,開設（不明）,開設（不明）,未開設,未開設,未開設,未開設,未開設,未開設,未開設,未開設,未開設,未開設
web:d54cb7159e4318be2070,,熊本市,熊本工業高校,熊本県熊本市中央区上京塚町5-1,,,,,32.79243559,130.7471977,開設（不明）,開設（不明）,開設（不明）,未開設,未開設,未開設,未開設,未開設,未開設,未開設,未開設,未開設,未開設
ref:E4310000065111,E4310000065111,熊本市,熊本市総合体育館・青年会館,熊本県熊本市中央区出水2丁目7-1,1,,,,32.785117,130.736607,開設（不明）,開設（不明）,開設（不明）,開設（不明）,開設（不明）,開設（不明）,開設（不明）,開設（不明）,開設（不明）,開設（不明）,開設（不明）,未開設,未開設
ref:E4310000231111,E4310000231111,熊本市,熊本市食品交流会館,熊本県熊本市北区貢町581-2,1,,,,32.848313,130.695971,未開設,開設（不明）,開設（不明）,開設（不明）,開設（不明）,開設（不明）,開設（不明）,未開設,未開設,未開設,未開設,未開設,未開設
web:d0c8a16c421a63c43297,,熊本市,熊本武道館,熊本県熊本市中央区水前寺5丁目23ー2,,,,,32.79317672,130.7389561,開設（不明）,開設（不明）,開設（不明）,未開設,未開設,未開設,未開設,未開設,未開設,未開設,未開設,未開設,未開設
web:271878f9cb57268137a0,,熊本市,熊本県立大学,熊本市東区月出3丁目1-100,,,,,32.8058545,130.7644745,未開設,開設（不明）,開設（不明）,未開設,未開設,未開設,未開設,未開設,未開設,未開設,未開設,未開設,未開設
web:7d8be1d34b09c1571fcf,,熊本市,熊本県立総合体育館,熊本県熊本市西区上熊本1丁目9-28,,,,,32.81450868,130.7016478,開設（不明）,開設（不明）,開設（不明）,開設（不明）,開設（不明）,開設（不明）,開設（不明）,開設（不明）,開設（不明）,開設（不明）,開設（不明）,未開設,未開設
web:0d414b9d9107783208a9,,熊本市,熊本西高校,熊本市西区城山大塘5丁目5-15,,,,,32.7826862,130.6490762,未開設,開設（不明）,開設（不明）,未開設,未開設,未開設,未開設,未開設,未開設,未開設,未開設,未開設,未開設
web:26e35ed650bd8fb7ebc9,,熊本市,熊本駅周辺帰宅困難者対策本部,熊本市西区春日2丁目10-1,,,,,32.7862315,130.6885114,開設（不明）,開設（不明）,未開設,未開設,未開設,未開設,未開設,未開設,未開設,未開設,未開設,未開設,未開設
ref:E4344300004121,E4344300004121,熊本市,特別養護老人ホームシルバーピアさくら樹,熊本県熊本市東区佐土原3-12-26,,,町が特定した在宅の身体障がい者、要介護者のうち、一般的な避難所では生活に支障をきたすもの,,32.795304276417,130.78245428508,未開設,未開設,未開設,未開設,未開設,未開設,未開設,未開設,未開設,未開設,未開設,未開設,未開設
ref:E4310000118111,E4310000118111,熊本市,環境総合センター,熊本県熊本市東区画図町所島404-1,1,,,,32.76411077,130.7344769,開設（不明）,開設（不明）,開設（不明）,開設（不明）,未開設,未開設,未開設,未開設,未開設,未開設,未開設,未開設,未開設
ref:E4310000251111,E4310000251111,熊本市,田原小学校,熊本県熊本市北区植木町富応1302-5,1,,,,32.91052,130.664769,未開設,開設（不明）,開設（不明）,未開設,未開設,未開設,未開設,未開設,未開設,未開設,未開設,未開設,未開設
ref:E4310000246111,E4310000246111,熊本市,田底小学校,熊本県熊本市北区植木町正清515,1,,,,32.962701,130.716955,未開設,開設（不明）,開設（不明）,未開設,未開設,未開設,未開設,未開設,未開設,未開設,未開設,未開設,未開設
ref:E4310000208111,E4310000208111,熊本市,田迎南小学校,熊本県熊本市南区田井島3-12-1,1,,,,32.762991,130.724035,未開設,開設（不明）,開設（不明）,開設（不明）,開設（不明）,開設（不明）,未開設,未開設,未開設,未開設,未開設,未開設,未開設
ref:E4310000193111,E4310000193111,熊本市,田迎小学校,熊本県熊本市南区出仲間8-3-30,1,,,,32.767956,130.720313,未開設,開設（不明）,開設（不明）,未開設,未開設,未開設,未開設,未開設,未開設,未開設,未開設,未開設,未開設
ref:E4310000213111,E4310000213111,熊本市,田迎西小学校,熊本県熊本市南区馬渡2丁目5-1,1,,,,32.774204,130.705439,未開設,開設（不明）,開設（不明）,開設（不明）,開設（不明）,開設（不明）,開設（不明）,開設（不明）,開設（不明）,開設（不明）,開設（不明）,開設（不明）,未開設
ref:E4310000115111,E4310000115111,熊本市,画図小学校,熊本県熊本市東区下江津8-1-6,1,,,,32.767193,130.739992,開設（不明）,開設（不明）,開設（不明）,未開設,未開設,未開設,未開設,未開設,未開設,未開設,未開設,未開設,未開設
ref:E4310000046111,E4310000046111,熊本市,白坪小学校,熊本県熊本市西区蓮台寺4-4-1,1,,,,32.777815,130.684143,未開設,開設（不明）,開設（不明）,未開設,未開設,未開設,未開設,未開設,未開設,未開設,未開設,未開設,未開設
ref:E4310000080111,E4310000080111,熊本市,白山小学校,熊本県熊本市中央区菅原町9-1,1,,,,32.790061,130.719695,開設（不明）,開設（不明）,開設（不明）,開設（不明）,開設（不明）,開設（不明）,開設（不明）,開設（不明）,開設（不明）,開設（不明）,開設（不明）,未開設,未開設
ref:E4310000091111,E4310000091111,熊本市,白川中学校,熊本県熊本市中央区大江3-1-12,1,,,,32.80339,130.722104,開設（不明）,開設（不明）,開設（不明）,未開設,未開設,未開設,未開設,未開設,未開設,未開設,未開設,未開設,未開設
ref:E4310000072111,E4310000072111,熊本市,白川小学校,熊本県熊本市中央区新屋敷1-7-13,1,,,,32.802677,130.716847,開設（不明）,開設（不明）,開設（不明）,未開設,未開設,未開設,未開設,未開設,未開設,未開設,未開設,未開設,未開設
ref:E4344300005121,E4344300005121,熊本市,盲養護老人ホーム熊本めぐみの園,熊本県熊本市東区小山1781,,,町が特定した在宅の身体障がい者、要介護者のうち、一般的な避難所では生活に支障をきたすもの,,32.831782254471,130.81219998306,未開設,未開設,未開設,未開設,未開設,未開設,未開設,未開設,未開設,未開設,未開設,未開設,未開設
ref:E4310000075111,E4310000075111,熊本市,砂取小学校,熊本県熊本市中央区神水1-1-1,1,,,,32.787241,130.738785,開設（不明）,開設（不明）,開設（不明）,開設（不明）,未開設,未開設,未開設,未開設,未開設,未開設,未開設,未開設,未開設
ref:E4310000047111,E4310000047111,熊本市,碩台小学校,熊本県熊本市中央区井川淵町4-8,1,,,,32.809114,130.718431,開設（不明）,開設（不明）,開設（不明）,未開設,未開設,未開設,未開設,未開設,未開設,未開設,未開設,未開設,未開設
ref:E4344400002121,E4344400002121,熊本市,社会福祉法人 恵春会特別養護老人ホーム 祥麟館,熊本県熊本市南区沈目1513,,事前に福祉課に要相談,要介護高齢者、障害者、妊産婦、乳幼児等,,32.6970881590132,130.750495830281,未開設,未開設,未開設,未開設,未開設,未開設,未開設,未開設,未開設,未開設,未開設,未開設,未開設
ref:E4310000141111,E4310000141111,熊本市,秋津まちづくりセンター・公民館,熊本県熊本市東区秋津3丁目15-1,1,,,,32.771161,130.773298,開設（不明）,開設（不明）,開設（不明）,開設（不明）,開設（不明）,開設（不明）,開設（不明）,開設（不明）,開設（不明）,開設（不明）,開設（不明）,開設（不明）,開設（不明）
ref:E4310000143111,E4310000143111,熊本市,秋津小学校,熊本県熊本市東区秋津3-9-20,1,,,,32.772485,130.771715,未開設,未開設,未開設,未開設,未開設,未開設,未開設,未開設,未開設,未開設,未開設,未開設,未開設
ref:E4310000101111,E4310000101111,熊本市,竜南中学校,熊本県熊本市中央区坪井4-16-1,1,,,,32.817869,130.715085,開設（不明）,開設（不明）,開設（不明）,未開設,未開設,未開設,未開設,未開設,未開設,未開設,未開設,未開設,未開設
web:37ecdf0ff34eabd36f40,,熊本市,第二高校,熊本市東区東町3丁目13-1,,,,,32.78185078,130.766892,未開設,開設（不明）,開設（不明）,未開設,未開設,未開設,未開設,未開設,未開設,未開設,未開設,未開設,未開設
ref:E4310000009111,E4310000009111,熊本市,花園まちづくりセンター・公民館,熊本県熊本市西区花園5丁目8-3,1,,,,32.817577,130.694862,未開設,開設（不明）,開設（不明）,開設（不明）,開設（不明）,開設（不明）,開設（不明）,開設（不明）,開設（不明）,開設（不明）,開設（不明）,開設（不明）,開設（不明）
ref:E4310000011111,E4310000011111,熊本市,花園小学校,熊本県熊本市西区花園6-9-15,1,,,,32.822749,130.690747,未開設,開設（不明）,開設（不明）,未開設,未開設,未開設,未開設,未開設,未開設,未開設,未開設,未開設,未開設
ref:E4310000044111,E4310000044111,熊本市,花陵中学校,熊本県熊本市西区八島2-14-1,1,,,,32.779347,130.678545,未開設,開設（不明）,開設（不明）,未開設,未開設,未開設,未開設,未開設,未開設,未開設,未開設,未開設,未開設
ref:E4310000006111,E4310000006111,熊本市,芳野コミュニティセンター,熊本県熊本市西区河内町野出1410,1,,,,32.843362,130.643095,未開設,未開設,未開設,未開設,未開設,未開設,未開設,未開設,未開設,未開設,未開設,未開設,未開設
ref:E4310000008111,E4310000008111,熊本市,芳野中学校,熊本県熊本市西区河内町野出1420-46,1,,,,32.841102,130.640674,未開設,開設（不明）,開設（不明）,未開設,未開設,未開設,未開設,未開設,未開設,未開設,未開設,未開設,未開設
ref:E4310000007111,E4310000007111,熊本市,芳野小学校,熊本県熊本市西区河内町野出1419,1,,,,32.842398,130.642815,開設（不明）,開設（不明）,開設（不明）,未開設,未開設,未開設,未開設,未開設,未開設,未開設,未開設,未開設,未開設
ref:E4310000140111,E4310000140111,熊本市,若葉小学校,熊本県熊本市東区若葉4-23-1,1,,,,32.772732,130.763405,未開設,開設（不明）,開設（不明）,開設（不明）,開設（不明）,開設（不明）,開設（不明）,未開設,未開設,未開設,未開設,未開設,未開設
ref:E4310000237111,E4310000237111,熊本市,菱形小学校,熊本県熊本市北区植木町円台寺124,1,,,,32.883109,130.659983,未開設,開設（不明）,開設（不明）,未開設,未開設,未開設,未開設,未開設,未開設,未開設,未開設,未開設,未開設
ref:E4310000082111,E4310000082111,熊本市,藤園中学校,熊本県熊本市中央区千葉城町5-2,1,,,,32.808708,130.708212,開設（不明）,開設（不明）,開設（不明）,未開設,未開設,未開設,未開設,未開設,未開設,未開設,未開設,未開設,未開設
ref:E4310000168111,E4310000168111,熊本市,西原中学校,熊本県熊本市東区保田窪4-9-1,1,,,,32.809566,130.75577,未開設,開設（不明）,開設（不明）,未開設,未開設,未開設,未開設,未開設,未開設,未開設,未開設,未開設,未開設
ref:E4310000151111,E4310000151111,熊本市,西原小学校,熊本県熊本市東区新南部3丁目4-60,1,,,,32.813052,130.747984,未開設,開設（不明）,開設（不明）,開設（不明）,開設（不明）,開設（不明）,開設（不明）,開設（不明）,開設（不明）,開設（不明）,開設（不明）,未開設,未開設
ref:E4310000105111,E4310000105111,熊本市,西山中学校,熊本県熊本市中央区島崎1-27-1,1,,,,32.803535,130.692925,未開設,未開設,未開設,未開設,未開設,未開設,未開設,未開設,未開設,未開設,未開設,未開設,未開設
ref:E4310000017111,E4310000017111,熊本市,西部交流センター,熊本県熊本市西区小島2-7-50,1,,,,32.776323,130.646861,未開設,開設（不明）,開設（不明）,開設（不明）,未開設,未開設,未開設,未開設,未開設,未開設,未開設,未開設,未開設
ref:E4310000016111,E4310000016111,熊本市,西部公民館,熊本県熊本市西区小島2丁目7-1,1,,,,32.776850234628,130.64761056763,未開設,未開設,未開設,未開設,開設（不明）,開設（不明）,開設（不明）,開設（不明）,開設（不明）,開設（不明）,開設（不明）,未開設,未開設
web:358b261636aac271b1ce,,熊本市,西部環境工場,熊本県熊本市西区城山薬師2丁目12-1,,,,,32.77398741,130.6464445,未開設,開設（不明）,開設（不明）,開設（不明）,開設（不明）,開設（不明）,開設（不明）,開設（不明）,未開設,未開設,未開設,未開設,未開設
ref:E4310000228111,E4310000228111,熊本市,西里小学校,熊本県熊本市北区下硯川町1784,1,,,,32.853621,130.702587,未開設,開設（不明）,開設（不明）,未開設,未開設,未開設,未開設,未開設,未開設,未開設,未開設,未開設,未開設
ref:E4310000155111,E4310000155111,熊本市,託麻まちづくりセンター・公民館,熊本県熊本市東区長嶺東7丁目11-15,1,,,,32.827905,130.779154,未開設,開設（不明）,開設（不明）,開設（不明）,開設（不明）,開設（不明）,開設（不明）,開設（不明）,開設（不明）,開設（不明）,開設（不明）,未開設,未開設
ref:E4310000149111,E4310000149111,熊本市,託麻スポーツセンター,熊本県熊本市東区上南部3-22-30,1,,,,32.837301,130.774227,未開設,開設（不明）,開設（不明）,開設（不明）,未開設,未開設,未開設,未開設,未開設,未開設,未開設,未開設,未開設
ref:E4310000192111,E4310000192111,熊本市,託麻中学校,熊本県熊本市南区出仲間6-4-1,1,,,,32.772271,130.715791,未開設,開設（不明）,開設（不明）,未開設,未開設,未開設,未開設,未開設,未開設,未開設,未開設,未開設,未開設
ref:E4310000150111,E4310000150111,熊本市,託麻北小学校,熊本県熊本市東区上南部3-34-1,1,,,,32.839182,130.77401,未開設,開設（不明）,開設（不明）,開設（不明）,開設（不明）,未開設,未開設,未開設,未開設,未開設,未開設,未開設,未開設
ref:E4310000153111,E4310000153111,熊本市,託麻南小学校,熊本県熊本市東区長嶺東3-2-20,1,,,,32.817545,130.776542,未開設,開設（不明）,開設（不明）,開設（不明）,開設（不明）,開設（不明）,開設（不明）,開設（不明）,開設（不明）,未開設,未開設,未開設,未開設
ref:E4310000104111,E4310000104111,熊本市,託麻原小学校,熊本県熊本市中央区渡鹿2-3-1,1,,,,32.803944,130.735808,開設（不明）,開設（不明）,開設（不明）,開設（不明）,開設（不明）,未開設,未開設,未開設,未開設,未開設,未開設,未開設,未開設
ref:E4310000128111,E4310000128111,熊本市,託麻東小学校,熊本県熊本市東区戸島3-15-1,1,,,,32.824541,130.793929,未開設,未開設,未開設,未開設,未開設,未開設,未開設,未開設,未開設,未開設,未開設,未開設,未開設
ref:E4310000133111,E4310000133111,熊本市,託麻西小学校,熊本県熊本市東区御領2-3-30,1,,,,32.821374,130.765997,未開設,開設（不明）,開設（不明）,未開設,未開設,未開設,未開設,未開設,未開設,未開設,未開設,未開設,未開設
ref:E4310000200111,E4310000200111,熊本市,豊田小学校,熊本県熊本市南区城南町塚原259番地,1,,,,32.690114,130.74537,未開設,開設（不明）,開設（不明）,開設（不明）,開設（不明）,開設（不明）,開設（不明）,開設（不明）,開設（不明）,開設（不明）,開設（不明）,開設（不明）,開設（不明）
ref:E4344300003121,E4344300003121,熊本市,軽費老人ホーム あかつき,熊本県熊本市東区戸島西2-4-50,,,町が特定した在宅の身体障がい者、要介護者のうち、一般的な避難所では生活に支障をきたすもの,,32.812583625154,130.78212735448,未開設,未開設,未開設,未開設,未開設,未開設,未開設,未開設,未開設,未開設,未開設,未開設,未開設
ref:E4310000206111,E4310000206111,熊本市,銭塘小学校,熊本県熊本市南区銭塘町990,1,,,,32.741673,130.645822,未開設,開設（不明）,開設（不明）,未開設,未開設,未開設,未開設,未開設,未開設,未開設,未開設,未開設,未開設
ref:E4310000121111,E4310000121111,熊本市,錦ケ丘中学校,熊本県熊本市東区錦ケ丘22-1,1,,,,32.790850283483,130.75707795504,未開設,未開設,未開設,未開設,未開設,未開設,未開設,未開設,未開設,未開設,未開設,未開設,未開設
web:d5a14b498c66f011dfe0,,熊本市,錦ヶ丘中学校,熊本県熊本市東区錦ヶ丘22-1,,,,,32.790893,130.756954,開設（不明）,開設（不明）,開設（不明）,未開設,未開設,未開設,未開設,未開設,未開設,未開設,未開設,未開設,未開設
ref:E4310000157111,E4310000157111,熊本市,長嶺中学校,熊本県熊本市東区長嶺南7-21-40,1,,,,32.81408,130.778442,未開設,開設（不明）,開設（不明）,未開設,未開設,未開設,未開設,未開設,未開設,未開設,未開設,未開設,未開設
ref:E4310000158111,E4310000158111,熊本市,長嶺小学校,熊本県熊本市東区長嶺南7-22-1,1,,,,32.812627,130.779632,未開設,開設（不明）,開設（不明）,未開設,未開設,未開設,未開設,未開設,未開設,未開設,未開設,未開設,未開設
ref:E4310000197111,E4310000197111,熊本市,隈庄小学校,熊本県熊本市南区城南町隈庄270,1,,,,32.708173,130.726723,未開設,未開設,未開設,未開設,未開設,未開設,未開設,未開設,未開設,未開設,未開設,未開設,未開設
ref:E4310000220111,E4310000220111,熊本市,雁回館,熊本県熊本市南区富合町清藤405-1,1,,,,32.715342,130.678187,未開設,未開設,未開設,未開設,未開設,未開設,未開設,未開設,未開設,未開設,未開設,未開設,未開設
ref:E4310000174111,E4310000174111,熊本市,飽田まちづくりセンター・公民館,熊本県熊本市南区会富町1333-1,1,,,,32.75444,130.653539,未開設,開設（不明）,開設（不明）,開設（不明）,開設（不明）,開設（不明）,開設（不明）,開設（不明）,開設（不明）,開設（不明）,開設（不明）,開設（不明）,未開設
ref:E4310000207111,E4310000207111,熊本市,飽田中学校,熊本県熊本市南区孫代町72,1,,,,32.760083,130.653522,未開設,開設（不明）,開設（不明）,未開設,未開設,未開設,未開設,未開設,未開設,未開設,未開設,未開設,未開設
ref:E4310000185111,E4310000185111,熊本市,飽田南小学校,熊本県熊本市南区護藤町999,1,,,,32.75008,130.663054,未開設,開設（不明）,開設（不明）,未開設,未開設,未開設,未開設,未開設,未開設,未開設,未開設,未開設,未開設
ref:E4310000190111,E4310000190111,熊本市,飽田東小学校,熊本県熊本市南区砂原町115,1,,,,32.763369,130.662154,未開設,開設（不明）,開設（不明）,未開設,未開設,未開設,未開設,未開設,未開設,未開設,未開設,未開設,未開設
ref:E4310000224111,E4310000224111,熊本市,飽田西小学校,熊本県熊本市南区並建町1005,1,,,,32.754662,130.633948,未開設,開設（不明）,開設（不明）,未開設,未開設,未開設,未開設,未開設,未開設,未開設,未開設,未開設,未開設
ref:E4310000233111,E4310000233111,熊本市,高平台小学校,熊本県熊本市北区高平1-17-28,1,,,,32.834114,130.713302,未開設,開設（不明）,開設（不明）,開設（不明）,開設（不明）,開設（不明）,開設（不明）,未開設,未開設,未開設,未開設,未開設,未開設
ref:E4310000013111,E4310000013111,熊本市,高橋小学校,熊本県熊本市西区高橋町1-6-1,1,,,,32.784237,130.656297,未開設,未開設,未開設,未開設,未開設,未開設,未開設,未開設,未開設,未開設,未開設,未開設,未開設
ref:E4310000247111,E4310000247111,熊本市,鹿南中学校,熊本県熊本市北区植木町滴水1110,1,,,,32.896659,130.674532,未開設,開設（不明）,開設（不明）,未開設,未開設,未開設,未開設,未開設,未開設,未開設,未開設,未開設,未開設
ref:E4310000274111,E4310000274111,熊本市,麻生田小学校,熊本県熊本市北区麻生田3-9-1,1,,,,32.852321,130.744486,未開設,開設（不明）,開設（不明）,未開設,未開設,未開設,未開設,未開設,未開設,未開設,未開設,未開設,未開設
ref:E4310000057111,E4310000057111,熊本市,黒髪小学校,熊本県熊本市中央区黒髪2-2-1,1,,,,32.814575,130.720253,開設（不明）,開設（不明）,開設（不明）,開設（不明）,未開設,未開設,未開設,未開設,未開設,未開設,未開設,未開設,未開設
ref:E4310000278113,E4310000278113,熊本市,龍田まちづくりセンター・公民館,熊本県熊本市北区龍田弓削1丁目1-10,1,,,,32.844132,130.764407,未開設,開設（不明）,開設（不明）,開設（不明）,開設（不明）,開設（不明）,開設（不明）,開設（不明）,開設（不明）,開設（不明）,開設（不明）,開設（不明）,開設（不明）
ref:E4310000277111,E4310000277111,熊本市,龍田中学校,熊本県熊本市北区龍田7-8-1,1,,,,32.836342,130.761389,未開設,開設（不明）,開設（不明）,未開設,未開設,未開設,未開設,未開設,未開設,未開設,未開設,未開設,未開設
ref:E4310000278111,E4310000278111,熊本市,龍田体育館,熊本県熊本市北区龍田弓削1-1-10,1,,,,32.84377,130.764173,未開設,開設（不明）,開設（不明）,未開設,未開設,未開設,未開設,未開設,未開設,未開設,未開設,未開設,未開設
ref:E4310000276111,E4310000276111,熊本市,龍田小学校,熊本県熊本市北区龍田7-7-1,1,,,,32.837635,130.760556,未開設,開設（不明）,開設（不明）,未開設,未開設,未開設,未開設,未開設,未開設,未開設,未開設,未開設,未開設
ref:E4310000280111,E4310000280111,熊本市,龍田西小学校,熊本県熊本市北区龍田陳内2-17-1,1,,,,32.82868442,130.7448517,未開設,開設（不明）,開設（不明）,未開設,未開設,未開設,未開設,未開設,未開設,未開設,未開設,未開設,未開設
ref:E4320600027111,E4320600027111,玉名市,B&G海洋センター,熊本県玉名市岱明町中土590,,,,828,32.919205,130.512992,未開設,未開設,未開設,未開設,未開設,未開設,未開設,未開設,未開設,未開設,未開設,未開設,未開設
ref:E4320600025111,E4320600025111,玉名市,ふれあい健康センター,熊本県玉名市岱明町中土1022,,,,1339,32.916831,130.512662,未開設,未開設,未開設,未開設,未開設,未開設,未開設,未開設,未開設,未開設,未開設,未開設,未開設
ref:E4320600048111,E4320600048111,玉名市,九州看護福祉大学,熊本県玉名市富尾888,1,,,65338,32.946294,130.55339,未開設,未開設,未開設,未開設,未開設,未開設,未開設,未開設,未開設,未開設,未開設,未開設,未開設
ref:E4320600003111,E4320600003111,玉名市,伊倉ふれあいセンター,熊本県玉名市伊倉北方3230-5,,,,,32.907925,130.569245,未開設,未開設,未開設,未開設,未開設,未開設,未開設,未開設,未開設,未開設,未開設,未開設,未開設
ref:E4320600017111,E4320600017111,玉名市,伊倉小学校(体育館),熊本県玉名市宮原678,,,,301,32.90495397,130.5754943,未開設,未開設,未開設,未開設,未開設,未開設,未開設,未開設,未開設,未開設,未開設,未開設,未開設
ref:E4320600045111,E4320600045111,玉名市,八嘉小学校(体育館),熊本県玉名市田崎835-25,,,,301,32.91528158,130.5936002,未開設,未開設,未開設,未開設,未開設,未開設,未開設,未開設,未開設,未開設,未開設,未開設,未開設
ref:E4320600050111,E4320600050111,玉名市,北稜高等学校,熊本県玉名市立願寺247,,,,695,32.935821309589,130.55042044052,未開設,未開設,未開設,未開設,未開設,未開設,未開設,未開設,未開設,未開設,未開設,未開設,未開設
ref:E4320600035111,E4320600035111,玉名市,大浜小学校(体育館),熊本県玉名市大浜町2100,,,,300,32.8996119,130.5429311,未開設,未開設,未開設,未開設,未開設,未開設,未開設,未開設,未開設,未開設,未開設,未開設,未開設
ref:E4320600032111,E4320600032111,玉名市,大野小学校(体育館),熊本県玉名市岱明町野口2460,,,,340,32.921065576785,130.52027521585,未開設,未開設,未開設,未開設,未開設,未開設,未開設,未開設,未開設,未開設,未開設,未開設,未開設
ref:E4320600042111,E4320600042111,玉名市,天水中学校(体育館),熊本県玉名市天水町小天7032,,,,569,32.864416355089,130.59084150918,未開設,未開設,未開設,未開設,未開設,未開設,未開設,未開設,未開設,未開設,未開設,未開設,未開設
ref:E4320600043111,E4320600043111,玉名市,天水体育館,熊本県玉名市天水町小天7237-1,,,,1667,32.86508,130.591665,未開設,未開設,未開設,未開設,未開設,未開設,未開設,未開設,未開設,未開設,未開設,未開設,未開設
ref:E4320600043112,E4320600043112,玉名市,天水市民センター,熊本県玉名市天水町小天7237-1,,,,146,32.865247905912,130.59227665906,未開設,開設（平常）,開設（平常）,未開設,未開設,未開設,未開設,未開設,未開設,未開設,未開設,未開設,未開設
ref:E4320600031111,E4320600031111,玉名市,専大玉名高等学校,熊本県玉名市岱明町野口1046,,,,695,32.924365917544,130.53798650647,未開設,未開設,未開設,未開設,未開設,未開設,未開設,未開設,未開設,未開設,未開設,未開設,未開設
ref:E4320600040111,E4320600040111,玉名市,小天小学校(体育館),熊本県玉名市天水町小天6966,,,,418,32.861952690389,130.59370517868,未開設,未開設,未開設,未開設,未開設,未開設,未開設,未開設,未開設,未開設,未開設,未開設,未開設
ref:E4320600030111,E4320600030111,玉名市,岱明中学校(体育館),熊本県玉名市岱明町浜田120,,,,695,32.91202144,130.5089134,未開設,未開設,未開設,未開設,未開設,未開設,未開設,未開設,未開設,未開設,未開設,未開設,未開設
ref:E4320600051111,E4320600051111,玉名市,岱明防災コミュニティセンター,熊本県玉名市岱明町中土980-1,,,,281,32.915623,130.512537,未開設,開設（平常）,開設（平常）,未開設,未開設,未開設,未開設,未開設,未開設,未開設,未開設,未開設,未開設
ref:E4320600019111,E4320600019111,玉名市,月瀬小学校(体育館),熊本県玉名市溝上507,,,,174,32.96383032,130.5875717,未開設,未開設,未開設,未開設,未開設,未開設,未開設,未開設,未開設,未開設,未開設,未開設,未開設
ref:E4320600034111,E4320600034111,玉名市,有明中学校(体育館),熊本県玉名市大浜町1765-8,,,,705,32.89655519,130.5531023,未開設,未開設,未開設,未開設,未開設,未開設,未開設,未開設,未開設,未開設,未開設,未開設,未開設
ref:E4320600008111,E4320600008111,玉名市,横島小学校(体育館),熊本県玉名市横島町横島3810,,,,565,32.878419851489,130.55504079525,未開設,未開設,未開設,未開設,未開設,未開設,未開設,未開設,未開設,未開設,未開設,未開設,未開設
ref:E4320600007111,E4320600007111,玉名市,横島町体育館,熊本県玉名市横島町横島3808,,,,,32.877841,130.553102,未開設,未開設,未開設,未開設,未開設,未開設,未開設,未開設,未開設,未開設,未開設,未開設,未開設
ref:E4320600005111,E4320600005111,玉名市,横島町公民館,熊本県玉名市横島町横島3644,,,,501,32.877621,130.555438,未開設,開設（平常）,開設（平常）,開設（平常）,未開設,未開設,未開設,未開設,未開設,未開設,未開設,未開設,未開設
ref:E4320600009111,E4320600009111,玉名市,横島町総合保健福祉センター,熊本県玉名市横島町横島3923,,,,1819,32.877055,130.556184,未開設,未開設,未開設,未開設,未開設,未開設,未開設,未開設,未開設,未開設,未開設,未開設,未開設
ref:E4320600010111,E4320600010111,玉名市,滑石小学校(体育館),熊本県玉名市滑石1542,,,,301,32.901451,130.529478,未開設,未開設,未開設,未開設,未開設,未開設,未開設,未開設,未開設,未開設,未開設,未開設,未開設
ref:E4320600002111,E4320600002111,玉名市,玉南中学校(体育館),熊本県玉名市伊倉北方2636,,,,826,32.90878062,130.5785801,未開設,未開設,未開設,未開設,未開設,未開設,未開設,未開設,未開設,未開設,未開設,未開設,未開設
ref:E4320600038111,E4320600038111,玉名市,玉名中学校(体育館),熊本県玉名市中尾380,,,,625,32.93538328,130.5472171,未開設,未開設,未開設,未開設,未開設,未開設,未開設,未開設,未開設,未開設,未開設,未開設,未開設
ref:E4320600015111,E4320600015111,玉名市,玉名勤労者体育センター,熊本県玉名市岩崎173-2,,,,705,32.933706,130.562609,未開設,未開設,未開設,未開設,未開設,未開設,未開設,未開設,未開設,未開設,未開設,未開設,未開設
ref:E4320600011111,E4320600011111,玉名市,玉名女子高等学校,熊本県玉名市岩崎1061,,,,695,32.93270844159,130.55637314797,未開設,未開設,未開設,未開設,未開設,未開設,未開設,未開設,未開設,未開設,未開設,未開設,未開設
ref:E4320600022111,E4320600022111,玉名市,玉名工業高等学校,熊本県玉名市岱明町下前原368,,,,695,32.92902955061,130.52610182805,未開設,未開設,未開設,未開設,未開設,未開設,未開設,未開設,未開設,未開設,未開設,未開設,未開設
ref:E4320600046111,E4320600046111,玉名市,玉名市文化センター,熊本県玉名市繁根木88-1,,,,829,32.928422,130.558929,未開設,開設（平常）,開設（平常）,開設（平常）,開設（平常）,開設（平常）,開設（平常）,未開設,未開設,未開設,未開設,未開設,未開設
ref:E4320600047111,E4320600047111,玉名市,玉名市武道館,熊本県玉名市繁根木94-11,,,,750,32.929557,130.558775,未開設,未開設,未開設,未開設,未開設,未開設,未開設,未開設,未開設,未開設,未開設,未開設,未開設
ref:E4320600013111,E4320600013111,玉名市,玉名市民会館,熊本県玉名市岩崎152-2,,,,492,32.933937,130.562057,未開設,未開設,未開設,未開設,未開設,未開設,未開設,未開設,未開設,未開設,未開設,未開設,未開設
ref:E4320600016111,E4320600016111,玉名市,玉名市福祉センター,熊本県玉名市岩崎88-4,,,,1332,32.935838,130.561037,未開設,未開設,未開設,未開設,未開設,未開設,未開設,未開設,未開設,未開設,未開設,未開設,未開設
ref:E4320600033111,E4320600033111,玉名市,玉名市総合体育館,熊本県玉名市大倉1144,1,,,1563,32.921934,130.567717,未開設,開設（平常）,開設（平常）,未開設,未開設,未開設,未開設,未開設,未開設,未開設,未開設,未開設,未開設
ref:E4320600012111,E4320600012111,玉名市,玉名町小学校(体育館),熊本県玉名市岩崎1120,,,,668,32.93279374,130.5547865,未開設,未開設,未開設,未開設,未開設,未開設,未開設,未開設,未開設,未開設,未開設,未開設,未開設
ref:E4320600037111,E4320600037111,玉名市,玉名高等学校玉名高等学校附属中学校,熊本県玉名市中1853,,,,695,32.930979107802,130.54885455803,未開設,未開設,未開設,未開設,未開設,未開設,未開設,未開設,未開設,未開設,未開設,未開設,未開設
ref:E4320600044111,E4320600044111,玉名市,玉水小学校(体育館),熊本県玉名市天水町部田見1440-2,,,,433,32.878851136047,130.58236139851,未開設,未開設,未開設,未開設,未開設,未開設,未開設,未開設,未開設,未開設,未開設,未開設,未開設
ref:E4320600018112,E4320600018112,玉名市,玉陵中学校(体育館),熊本県玉名市玉名900,,,,690,32.94442348,130.578029,未開設,未開設,未開設,未開設,未開設,未開設,未開設,未開設,未開設,未開設,未開設,未開設,未開設
ref:E4320600018111,E4320600018111,玉名市,玉陵小学校(体育館),熊本県玉名市玉名900,,,,523,32.944169738147,130.57739167572,未開設,未開設,未開設,未開設,未開設,未開設,未開設,未開設,未開設,未開設,未開設,未開設,未開設
ref:E4320600023111,E4320600023111,玉名市,睦合小学校(体育館),熊本県玉名市岱明町古閑302,,,,273,32.930355434629,130.50952593452,未開設,未開設,未開設,未開設,未開設,未開設,未開設,未開設,未開設,未開設,未開設,未開設,未開設
ref:E4320600021111,E4320600021111,玉名市,石貫小学校(体育館),熊本県玉名市石貫3771,,,,213,32.95760504,130.5643717,未開設,未開設,未開設,未開設,未開設,未開設,未開設,未開設,未開設,未開設,未開設,未開設,未開設
ref:E4320600036111,E4320600036111,玉名市,築山小学校(体育館),熊本県玉名市築地1880,,,,300,32.93557238,130.5363595,未開設,未開設,未開設,未開設,未開設,未開設,未開設,未開設,未開設,未開設,未開設,未開設,未開設
ref:E4320600020111,E4320600020111,玉名市,豊水小学校(体育館),熊本県玉名市小野尻373,,,,245,32.91270595,130.5599955,未開設,未開設,未開設,未開設,未開設,未開設,未開設,未開設,未開設,未開設,未開設,未開設,未開設
ref:E4320600029111,E4320600029111,玉名市,鍋小学校(体育館),熊本県玉名市岱明町鍋345-2,,,,392,32.91097202631,130.49425114771,未開設,未開設,未開設,未開設,未開設,未開設,未開設,未開設,未開設,未開設,未開設,未開設,未開設
ref:E4320600024111,E4320600024111,玉名市,高道小学校(体育館),熊本県玉名市岱明町高道1230,,,,427,32.907479628647,130.5131021249,未開設,未開設,未開設,未開設,未開設,未開設,未開設,未開設,未開設,未開設,未開設,未開設,未開設
ref:E4336400014123,E4336400014123,玉東町,このはリハビリ倶楽部,熊本県玉東町山口8-13,,,,1,32.916186,130.614991,未開設,未開設,未開設,未開設,未開設,未開設,未開設,未開設,未開設,未開設,未開設,未開設,未開設
ref:E4336400011111,E4336400011111,玉東町,ふれあいの丘保健センター,熊本県玉東町木葉372,,,,500,32.91370014,130.6214608,未開設,未開設,未開設,未開設,未開設,未開設,未開設,未開設,未開設,未開設,未開設,未開設,未開設
ref:E4336400005121,E4336400005121,玉東町,るぴなす,熊本県玉東町二俣72,,,要配慮者,1,32.913144716995,130.62925763109,未開設,未開設,未開設,未開設,未開設,未開設,未開設,未開設,未開設,未開設,未開設,未開設,未開設
ref:E4336400004121,E4336400004121,玉東町,グル―プホームはる,熊本県玉東町西安寺302-1,,,要配慮者,1,32.893208600004,130.63430388828,未開設,未開設,未開設,未開設,未開設,未開設,未開設,未開設,未開設,未開設,未開設,未開設,未開設
ref:E4336400012121,E4336400012121,玉東町,介護ホームはぶの,熊本県玉東町木葉713-3,,,要配慮者,1,32.917094771544,130.63029969592,未開設,未開設,未開設,未開設,未開設,未開設,未開設,未開設,未開設,未開設,未開設,未開設,未開設
ref:E4336400003111,E4336400003111,玉東町,山北小学校体育館,熊本県玉東町上白木370-1,1,,,250,32.89671218,130.6267216,未開設,未開設,未開設,未開設,未開設,未開設,未開設,未開設,未開設,未開設,未開設,未開設,未開設
ref:E4336400009111,E4336400009111,玉東町,木葉小学校体育館,熊本県玉東町木葉1113,1,,,200,32.92047301,130.620632,未開設,未開設,未開設,未開設,未開設,未開設,未開設,未開設,未開設,未開設,未開設,未開設,未開設
ref:E4336400010121,E4336400010121,玉東町,特別養護老人ホーム葉山苑,熊本県玉東町木葉348,,,要配慮者,1,32.914146278938,130.62044049831,未開設,未開設,未開設,未開設,未開設,未開設,未開設,未開設,未開設,未開設,未開設,未開設,未開設
ref:E4336400008111,E4336400008111,玉東町,玉東中学校体育館,熊本県玉東町白木51-1,1,,,400,32.91219426,130.6273475,未開設,未開設,未開設,未開設,未開設,未開設,未開設,未開設,未開設,未開設,未開設,未開設,未開設
ref:E4336400007112,E4336400007112,玉東町,玉東町中央公民館,熊本県玉東町白木1-1,,,,300,32.91355249,130.6270253,未開設,未開設,未開設,未開設,未開設,未開設,未開設,未開設,未開設,未開設,未開設,未開設,未開設
web:41ab9cc84725ed39e0d6,,玉東町,玉東町役場,熊本県玉名郡玉東町木葉759,,,,120,32.91891185,130.6281831,未開設,開設（平常）,未開設,未開設,未開設,未開設,未開設,未開設,未開設,未開設,未開設,未開設,未開設
ref:E4336400013113,E4336400013113,玉東町,玉東町役場(各階あるまちスペース),熊本県玉東町木葉759,1,,,,32.919205,130.628542,未開設,未開設,未開設,未開設,未開設,未開設,未開設,未開設,未開設,未開設,未開設,未開設,未開設
ref:E4336400006111,E4336400006111,玉東町,玉東町武道館,熊本県玉東町二俣92-1,,,,250,32.91313728,130.6282987,未開設,未開設,未開設,未開設,未開設,未開設,未開設,未開設,未開設,未開設,未開設,未開設,未開設
ref:E4336400007111,E4336400007111,玉東町,玉東町民体育館,熊本県玉東町白木1-1,,,,600,32.91400143,130.6267971,未開設,未開設,未開設,未開設,未開設,未開設,未開設,未開設,未開設,未開設,未開設,未開設,未開設
ref:E4336400013111,E4336400013111,玉東町,玉東町福祉センター,熊本県玉東町木葉759,1,,,200,32.91892371,130.6279948,未開設,未開設,未開設,未開設,未開設,未開設,未開設,未開設,未開設,未開設,未開設,未開設,未開設
ref:E4336400001111,E4336400001111,玉東町,稲佐公民館,熊本県玉東町稲佐464,1,,,70,32.92227841,130.6111317,未開設,未開設,未開設,未開設,未開設,未開設,未開設,未開設,未開設,未開設,未開設,未開設,未開設
ref:E4351300028111,E4351300028111,球磨村,さくらドーム及び周辺施設(千寿園),熊本県球磨村大字渡乙880-21,,,,,32.234947,130.703276,未開設,未開設,未開設,未開設,未開設,未開設,未開設,未開設,未開設,未開設,未開設,未開設,未開設
ref:E4351300017111,E4351300017111,球磨村,コミニュティセンターたかさわ,熊本県球磨村大字神瀬丁548-2,1,,,,32.2951714061669,130.64217147848,未開設,未開設,未開設,未開設,未開設,未開設,未開設,未開設,未開設,未開設,未開設,未開設,未開設
ref:E4351300006111,E4351300006111,球磨村,中津公民館,熊本県球磨村大字一勝地甲1248,,,,30,32.230467599859,130.640317292376,未開設,未開設,未開設,未開設,未開設,未開設,未開設,未開設,未開設,未開設,未開設,未開設,未開設
ref:E4351300004111,E4351300004111,球磨村,吐合公民館,熊本県球磨村大字一勝地乙739-1,,,,30,32.2347502010199,130.642199040257,未開設,未開設,未開設,未開設,未開設,未開設,未開設,未開設,未開設,未開設,未開設,未開設,未開設
ref:E4351300009111,E4351300009111,球磨村,告公民館,熊本県球磨村大字一勝地丁1252-1,,,,30,32.2694039009922,130.599289440753,未開設,未開設,未開設,未開設,未開設,未開設,未開設,未開設,未開設,未開設,未開設,未開設,未開設
ref:E4351300018111,E4351300018111,球磨村,大瀬公民館,熊本県球磨村大字大瀬178,,,,30,32.2819186425034,130.605931532122,未開設,未開設,未開設,未開設,未開設,未開設,未開設,未開設,未開設,未開設,未開設,未開設,未開設
ref:E4351300011111,E4351300011111,球磨村,大無田地区林業総合センター,熊本県球磨村大字三ケ浦乙1245,,,,50,32.2248944497042,130.682505626005,未開設,未開設,未開設,未開設,未開設,未開設,未開設,未開設,未開設,未開設,未開設,未開設,未開設
ref:E4351300019111,E4351300019111,球磨村,小川公民館,熊本県球磨村大字渡乙2595,,,,30,32.2400903707695,130.69094737318,未開設,未開設,未開設,未開設,未開設,未開設,未開設,未開設,未開設,未開設,未開設,未開設,未開設
ref:E4351300025111,E4351300025111,球磨村,岡公民館(久保),熊本県球磨村大字渡丙630,,,,30,32.2589268500361,130.665248097424,未開設,未開設,未開設,未開設,未開設,未開設,未開設,未開設,未開設,未開設,未開設,未開設,未開設
ref:E4351300023111,E4351300023111,球磨村,岡公民館(椎葉),熊本県球磨村大字渡丙1323-1,,,,30,32.2642525663406,130.666466933227,未開設,未開設,未開設,未開設,未開設,未開設,未開設,未開設,未開設,未開設,未開設,未開設,未開設
ref:E4351300029111,E4351300029111,球磨村,岳本公民館,熊本県球磨村大字一勝地乙1389-1,,,,30,32.2259110909684,130.609773964215,未開設,未開設,未開設,未開設,未開設,未開設,未開設,未開設,未開設,未開設,未開設,未開設,未開設
ref:E4351300022111,E4351300022111,球磨村,峯公民館,熊本県球磨村大字渡乙996,,,,30,32.236157,130.700636,未開設,未開設,未開設,未開設,未開設,未開設,未開設,未開設,未開設,未開設,未開設,未開設,未開設
ref:E4351300003111,E4351300003111,球磨村,日隠公民館,熊本県球磨村大字一勝地乙581-5,,,,30,32.2357000614915,130.637075829075,未開設,未開設,未開設,未開設,未開設,未開設,未開設,未開設,未開設,未開設,未開設,未開設,未開設
ref:E4351300014111,E4351300014111,球磨村,松谷公民館,熊本県球磨村大字三ケ浦乙623-2,,,,30,32.2237961678889,130.665187227939,未開設,未開設,未開設,未開設,未開設,未開設,未開設,未開設,未開設,未開設,未開設,未開設,未開設
ref:E4351300020111,E4351300020111,球磨村,水篠公民館,熊本県球磨村大字渡乙3164-1,,,,30,32.247973340103,130.699289615948,未開設,未開設,未開設,未開設,未開設,未開設,未開設,未開設,未開設,未開設,未開設,未開設,未開設
ref:E4351300021111,E4351300021111,球磨村,渡保育園,熊本県球磨村大字渡乙763,,,,50,32.234903,130.702204,未開設,未開設,未開設,未開設,未開設,未開設,未開設,未開設,未開設,未開設,未開設,未開設,未開設
ref:E4351300002121,E4351300002121,球磨村,球磨村高齢者生活福祉センター「せせらぎ」,熊本県球磨村大字一勝地乙1-5,1,,要配慮者,50,32.24475877,130.646625,未開設,未開設,未開設,未開設,未開設,未開設,未開設,未開設,未開設,未開設,未開設,未開設,未開設
ref:E4351300010111,E4351300010111,球磨村,球磨清流学園南屋内運動場,熊本県球磨村大字一勝地丙181,1,,,100,32.246143,130.646882,未開設,未開設,未開設,未開設,未開設,未開設,未開設,未開設,未開設,未開設,未開設,未開設,未開設
ref:E4351300013111,E4351300013111,球磨村,田舎の体験交流館「さんがうら」,熊本県球磨村大字三ケ浦乙245-5,,,,100,32.224339,130.66672,未開設,未開設,未開設,未開設,未開設,未開設,未開設,未開設,未開設,未開設,未開設,未開設,未開設
ref:E4351300026111,E4351300026111,球磨村,神瀬神照寺,熊本県球磨村大字神瀬1132,,,,,32.31233,130.614599,未開設,未開設,未開設,未開設,未開設,未開設,未開設,未開設,未開設,未開設,未開設,未開設,未開設
ref:E4351300007111,E4351300007111,球磨村,茂田公民館,熊本県球磨村大字一勝地甲1747,,,,30,32.2083245365831,130.639923494087,未開設,未開設,未開設,未開設,未開設,未開設,未開設,未開設,未開設,未開設,未開設,未開設,未開設
ref:E4351300008111,E4351300008111,球磨村,遠原公民館,熊本県球磨村大字一勝地甲1933-13,,,,30,32.1826286766066,130.631423757381,未開設,未開設,未開設,未開設,未開設,未開設,未開設,未開設,未開設,未開設,未開設,未開設,未開設
ref:E4351300024111,E4351300024111,球磨村,馬場公民館,熊本県球磨村大字渡丙241-1,,,,30,32.2446727234723,130.660744184349,未開設,未開設,未開設,未開設,未開設,未開設,未開設,未開設,未開設,未開設,未開設,未開設,未開設
ref:E4342500007121,E4342500007121,産山村,ほっと館(福祉避難所),熊本県産山村大字大利657-16,,,要配慮者,30,32.98539995153,131.20068635571,未開設,未開設,未開設,未開設,未開設,未開設,未開設,未開設,未開設,未開設,未開設,未開設,未開設
ref:E4342500010111,E4342500010111,産山村,南田尻公民館,熊本県産山村大字田尻1497-1,,,,,33.023125213005,131.1757080775,未開設,未開設,未開設,未開設,未開設,未開設,未開設,未開設,未開設,未開設,未開設,未開設,未開設
ref:E4342500008111,E4342500008111,産山村,南部地区公民館,熊本県産山村大字大利76-5,1,,,250,32.971715080649,131.24383072189,未開設,未開設,未開設,未開設,未開設,未開設,未開設,未開設,未開設,未開設,未開設,未開設,未開設
ref:E4342500005111,E4342500005111,産山村,山鹿体育館,熊本県産山村大字産山1240,,,,280,32.998906694768,131.21799112245,未開設,未開設,未開設,未開設,未開設,未開設,未開設,未開設,未開設,未開設,未開設,未開設,未開設
ref:E4342500003111,E4342500003111,産山村,山鹿地区公民館,熊本県産山村大字山鹿556-1,1,,,165,32.995790183886,131.21395298394,未開設,未開設,未開設,未開設,未開設,未開設,未開設,未開設,未開設,未開設,未開設,未開設,未開設
ref:E4342500001111,E4342500001111,産山村,平川公民館,熊本県産山村大字山鹿1332-14,1,,,,33.015570922868,131.1823136464,未開設,未開設,未開設,未開設,未開設,未開設,未開設,未開設,未開設,未開設,未開設,未開設,未開設
ref:E4342500004111,E4342500004111,産山村,日向消防詰所,熊本県産山村大字産山1139-2,1,,,10,33.003910185567,131.22634472034,未開設,未開設,未開設,未開設,未開設,未開設,未開設,未開設,未開設,未開設,未開設,未開設,未開設
ref:E4342500012111,E4342500012111,産山村,片俣公民館,熊本県産山村大字片俣460-4,,,,15,32.965831788104,131.24942683939,未開設,未開設,未開設,未開設,未開設,未開設,未開設,未開設,未開設,未開設,未開設,未開設,未開設
ref:E4342500006111,E4342500006111,産山村,産山地区公民館,熊本県産山村大字産山1355-2,,,,285,33.009070774598,131.22498222825,未開設,未開設,未開設,未開設,未開設,未開設,未開設,未開設,未開設,未開設,未開設,未開設,未開設
ref:E4342500002111,E4342500002111,産山村,産山学園体育館,熊本県産山村大字山鹿474-1,,,,500,32.99488026977,131.21760304934,未開設,未開設,未開設,未開設,未開設,未開設,未開設,未開設,未開設,未開設,未開設,未開設,未開設
ref:E4342500002112,E4342500002112,産山村,産山小中学校体育館,熊本県産山村大字山鹿474-1,,,,500,32.99478451973,131.21760418229,未開設,未開設,未開設,未開設,未開設,未開設,未開設,未開設,未開設,未開設,未開設,未開設,未開設
ref:E4342500011111,E4342500011111,産山村,田尻地区公民館,熊本県産山村大字田尻614-1,1,,,155,33.031931465327,131.17372860725,未開設,未開設,未開設,未開設,未開設,未開設,未開設,未開設,未開設,未開設,未開設,未開設,未開設
ref:E4342500009111,E4342500009111,産山村,竹の畑公民館,熊本県産山村大字田尻1111-1,,,,,33.031756068481,131.19603922184,未開設,未開設,未開設,未開設,未開設,未開設,未開設,未開設,未開設,未開設,未開設,未開設,未開設
ref:E4344400029111,E4344400029111,甲佐町,上田口公民館,熊本県甲佐町田口204-1,,,,,32.695220354612,130.77698566894,未開設,未開設,未開設,未開設,未開設,未開設,未開設,未開設,未開設,未開設,未開設,未開設,未開設
ref:E4344400016111,E4344400016111,甲佐町,上益城農業協同組合第一営農センター,熊本県甲佐町白旗543-1,1,,,,32.701636,130.781648,未開設,未開設,未開設,未開設,未開設,未開設,未開設,未開設,未開設,未開設,未開設,未開設,未開設
ref:E4344400026111,E4344400026111,甲佐町,世持公民館,熊本県甲佐町世持315,,,,,32.676442,130.789724,未開設,未開設,未開設,未開設,未開設,未開設,未開設,未開設,未開設,未開設,未開設,未開設,未開設
ref:E4344400013112,E4344400013112,甲佐町,乙女小学校,熊本県甲佐町津志田3073,1,,,350,32.684725,130.781436,未開設,未開設,未開設,未開設,未開設,未開設,未開設,未開設,未開設,未開設,未開設,未開設,未開設
ref:E4344400013111,E4344400013111,甲佐町,乙女高齢者福祉センター,熊本県甲佐町津志田3073,1,,,30,32.684732,130.781722,未開設,未開設,未開設,未開設,未開設,未開設,未開設,未開設,未開設,未開設,未開設,未開設,未開設
ref:E4344400030111,E4344400030111,甲佐町,六谷公民館,熊本県甲佐町上早川4496,,,,,32.680423942016,130.85295151616,未開設,未開設,未開設,未開設,未開設,未開設,未開設,未開設,未開設,未開設,未開設,未開設,未開設
ref:E4344400023111,E4344400023111,甲佐町,北早川公民館,熊本県甲佐町早川1942,,,,,32.69491656132,130.80082926425,未開設,未開設,未開設,未開設,未開設,未開設,未開設,未開設,未開設,未開設,未開設,未開設,未開設
ref:E4344400011121,E4344400011121,甲佐町,医療法人 荒瀬会 老人保健施設 緑風苑,熊本県甲佐町大字白旗271,,事前に福祉課に要相談,要介護高齢者、障害者、妊産婦、乳幼児等,,32.6980363711,130.789459798416,未開設,未開設,未開設,未開設,未開設,未開設,未開設,未開設,未開設,未開設,未開設,未開設,未開設
ref:E4344400028111,E4344400028111,甲佐町,和田内公民館,熊本県甲佐町田口2745,,,,,32.699663,130.77205,未開設,未開設,未開設,未開設,未開設,未開設,未開設,未開設,未開設,未開設,未開設,未開設,未開設
ref:E4344400005111,E4344400005111,甲佐町,宮内地区社会教育センター,熊本県甲佐町小鹿358,1,,,180,32.650116,130.847696,未開設,未開設,未開設,未開設,未開設,未開設,未開設,未開設,未開設,未開設,未開設,未開設,未開設
ref:E4344400022111,E4344400022111,甲佐町,早川公民館,熊本県甲佐町早川780,,,,,32.686538,130.807178,未開設,未開設,未開設,未開設,未開設,未開設,未開設,未開設,未開設,未開設,未開設,未開設,未開設
ref:E4344400027111,E4344400027111,甲佐町,津志田公民館,熊本県甲佐町津志田1290,,,,,32.688707,130.789396,未開設,未開設,未開設,未開設,未開設,未開設,未開設,未開設,未開設,未開設,未開設,未開設,未開設
ref:E4344400012111,E4344400012111,甲佐町,甲佐中学校,熊本県甲佐町中横田300,1,,,380,32.666763,130.818283,未開設,未開設,未開設,未開設,未開設,未開設,未開設,未開設,未開設,未開設,未開設,未開設,未開設
ref:E4344400021121,E4344400021121,甲佐町,甲佐団地集会所,熊本県甲佐町豊内776,1,事前に福祉課に要相談,要介護高齢者、障害者、妊産婦、乳幼児等,6,32.6507486373915,130.812677104788,未開設,未開設,未開設,未開設,未開設,未開設,未開設,未開設,未開設,未開設,未開設,未開設,未開設
ref:E4344400017111,E4344400017111,甲佐町,甲佐小学校,熊本県甲佐町豊内613-1,1,,,400,32.647422,130.810735,未開設,未開設,未開設,未開設,未開設,未開設,未開設,未開設,未開設,未開設,未開設,未開設,未開設
web:05f304ae849ce5e5df0e,,甲佐町,甲佐町総合保健福祉センター(鮎緑),甲佐町豊内619,,,,200,32.64943407,130.809801,未開設,開設（平常）,開設（平常）,開設（平常）,開設（平常）,開設（平常）,開設（平常）,開設（平常）,開設（平常）,開設（平常）,開設（平常）,開設（平常）,開設（平常）
web:fca9bef15fe293a50d8c,,甲佐町,甲佐町農業研修センター(ろくじ館),熊本県上益城郡甲佐町豊内719-2,,,,50,32.65062307,130.8113328,未開設,開設（平常）,開設（平常）,開設（平常）,開設（平常）,開設（平常）,開設（平常）,開設（平常）,開設（平常）,開設（平常）,開設（平常）,開設（平常）,開設（平常）
ref:E4344400004111,E4344400004111,甲佐町,町民センター,熊本県甲佐町糸田9-1,1,,,50,32.678763,130.809815,未開設,未開設,未開設,未開設,未開設,未開設,未開設,未開設,未開設,未開設,未開設,未開設,未開設
ref:E4344400015111,E4344400015111,甲佐町,白旗小学校,熊本県甲佐町白旗50,1,,,300,32.697219,130.788098,未開設,未開設,未開設,未開設,未開設,未開設,未開設,未開設,未開設,未開設,未開設,未開設,未開設
refgroup:844852441afde3662cdc,E4344400014111;E4344400014121,甲佐町,白旗福祉ふれあいセンター,甲佐町白旗216-2,1,,,40,32.6985188731672,130.787663993273,未開設,開設（平常）,開設（平常）,開設（平常）,開設（平常）,開設（平常）,開設（平常）,開設（平常）,開設（平常）,開設（平常）,開設（平常）,開設（平常）,開設（平常）
ref:E4344400010121,E4344400010121,甲佐町,社会福祉法人 五色会ライフサポート あゆの里,熊本県甲佐町大字津志田2472,,事前に福祉課に要相談,要介護高齢者、障害者、妊産婦、乳幼児等,,32.693208847848,130.782620689491,未開設,未開設,未開設,未開設,未開設,未開設,未開設,未開設,未開設,未開設,未開設,未開設,未開設
ref:E4344400031121,E4344400031121,甲佐町,社会福祉法人 五色会養護老人ホーム 緑川荘,熊本県甲佐町緑町50,,事前に福祉課に要相談,要介護高齢者、障害者、妊産婦、乳幼児等,,32.6453007111065,130.808801319426,未開設,未開設,未開設,未開設,未開設,未開設,未開設,未開設,未開設,未開設,未開設,未開設,未開設
ref:E4344400009121,E4344400009121,甲佐町,社会福祉法人 綾友会特別養護老人ホーム桜の丘,熊本県甲佐町西寒野1161,,事前に福祉課に要相談,要介護高齢者、障害者、妊産婦、乳幼児等,,32.6382969547004,130.811957823372,未開設,未開設,未開設,未開設,未開設,未開設,未開設,未開設,未開設,未開設,未開設,未開設,未開設
ref:E4344400007121,E4344400007121,甲佐町,竜野福祉ふれあいセンター,熊本県甲佐町上早川334,1,,,40,32.676866600511,130.82067311735,未開設,未開設,未開設,未開設,未開設,未開設,未開設,未開設,未開設,未開設,未開設,未開設,未開設
refgroup:644e918facffffa778c4,E4344400018111;E4344400018121,甲佐町,総合保健福祉センター,熊本県甲佐町豊内619,1,,,200,32.6493228227822,130.809850144839,未開設,未開設,未開設,未開設,未開設,未開設,未開設,未開設,未開設,未開設,未開設,未開設,未開設
ref:E4344400025111,E4344400025111,甲佐町,船津公民館,熊本県甲佐町船津763-2,,,,,32.665706,130.79706,未開設,未開設,未開設,未開設,未開設,未開設,未開設,未開設,未開設,未開設,未開設,未開設,未開設
web:064fdd1deeb7e38c7d57,,甲佐町,船津地区河川防災ステーション,熊本県上益城郡甲佐町有安771-62,,,,,32.66347152,130.8046274,未開設,開設（不明）,開設（不明）,開設（不明）,開設（不明）,開設（不明）,開設（不明）,開設（不明）,開設（不明）,開設（不明）,未開設,未開設,未開設
ref:E4344400020111,E4344400020111,甲佐町,西寒野公民館,熊本県甲佐町西寒野247-5,,,,,32.638987,130.816644,未開設,未開設,未開設,未開設,未開設,未開設,未開設,未開設,未開設,未開設,未開設,未開設,未開設
ref:E4344400019111,E4344400019111,甲佐町,農業研修センター,熊本県甲佐町豊内719-2,1,,,,32.65059,130.811327,未開設,未開設,未開設,未開設,未開設,未開設,未開設,未開設,未開設,未開設,未開設,未開設,未開設
ref:E4344400006111,E4344400006111,甲佐町,龍野小学校,熊本県甲佐町上早川1220,1,,,270,32.673701,130.817493,未開設,未開設,未開設,未開設,未開設,未開設,未開設,未開設,未開設,未開設,未開設,未開設,未開設
ref:E4344400007111,E4344400007111,甲佐町,龍野福祉ふれあいセンター,甲佐町上早川334,1,,,40,32.676881,130.820671,未開設,開設（平常）,開設（平常）,開設（平常）,開設（平常）,開設（平常）,開設（平常）,開設（平常）,開設（平常）,開設（平常）,開設（平常）,開設（平常）,開設（平常）
ref:E4344300017121,E4344300017121,益城町,ほっとふぁみりい,熊本県益城町宮園664-1,,,町が特定した在宅の身体障がい者、要介護者のうち、一般的な避難所では生活に支障をきたすもの,30,32.794367990611,130.81543774388,未開設,未開設,未開設,未開設,未開設,未開設,未開設,未開設,未開設,未開設,未開設,未開設,未開設
ref:E4344300034121,E4344300034121,益城町,サービス付高齢者向け住宅おいけ,熊本県益城町小池2638-1,,,町が特定した在宅の身体障がい者、要介護者のうち、一般的な避難所では生活に支障をきたすもの,55,32.752554546575,130.80357818264,未開設,未開設,未開設,未開設,未開設,未開設,未開設,未開設,未開設,未開設,未開設,未開設,未開設
ref:E4344300018121,E4344300018121,益城町,一般社団法人 ウエルビー 通所介護事業所 くらら,熊本県益城町古閑12-17,,,町が特定した在宅の身体障がい者、要介護者のうち、一般的な避難所では生活に支障をきたすもの,7,32.800760005598,130.78014218592,未開設,未開設,未開設,未開設,未開設,未開設,未開設,未開設,未開設,未開設,未開設,未開設,未開設
ref:E4344300015121,E4344300015121,益城町,介護老人保健施設 平成唯仁館,熊本県益城町宮園1139-1,,,町が特定した在宅の身体障がい者、要介護者のうち、一般的な避難所では生活に支障をきたすもの,7,32.808455125423,130.80925079145,未開設,未開設,未開設,未開設,未開設,未開設,未開設,未開設,未開設,未開設,未開設,未開設,未開設
ref:E4344300051121,E4344300051121,益城町,小規模多機能ホーム あんず,熊本県益城町馬水17-3,,,町が特定した在宅の身体障がい者、要介護者のうち、一般的な避難所では生活に支障をきたすもの,5,32.788270363512,130.80289593878,未開設,未開設,未開設,未開設,未開設,未開設,未開設,未開設,未開設,未開設,未開設,未開設,未開設
ref:E4344300020111,E4344300020111,益城町,広安愛児園,熊本県益城町古閑73,1,,,200,32.801729483175,130.78368469898,未開設,未開設,未開設,未開設,未開設,未開設,未開設,未開設,未開設,未開設,未開設,未開設,未開設
ref:E4344300058121,E4344300058121,益城町,特別養護老人ホーム いこいの里,熊本県益城町福原1988-1,,,町が特定した在宅の身体障がい者、要介護者のうち、一般的な避難所では生活に支障をきたすもの,23,32.78285772,130.831953,未開設,未開設,未開設,未開設,未開設,未開設,未開設,未開設,未開設,未開設,未開設,未開設,未開設
ref:E4344300008121,E4344300008121,益城町,特別養護老人ホーム ひろやす荘,熊本県益城町安永1080,,,町が特定した在宅の身体障がい者、要介護者のうち、一般的な避難所では生活に支障をきたすもの,229,32.79582758476,130.81019492276,未開設,未開設,未開設,未開設,未開設,未開設,未開設,未開設,未開設,未開設,未開設,未開設,未開設
ref:E4344300042121,E4344300042121,益城町,特別養護老人ホーム 花へんろ,熊本県益城町惣領1670,,,町が特定した在宅の身体障がい者、要介護者のうち、一般的な避難所では生活に支障をきたすもの,212,32.78775546,130.800657,未開設,未開設,未開設,未開設,未開設,未開設,未開設,未開設,未開設,未開設,未開設,未開設,未開設
ref:E4344300067111,E4344300067111,益城町,益城町交流情報センター,熊本県益城町木山236,1,,,240,32.786338876826,130.82300347387,未開設,未開設,未開設,未開設,未開設,未開設,未開設,未開設,未開設,未開設,未開設,未開設,未開設
ref:E4344300036111,E4344300036111,益城町,益城町公民館津森分館,熊本県益城町上陳363-1,1,,,100,32.802594,130.852413,未開設,未開設,未開設,未開設,未開設,未開設,未開設,未開設,未開設,未開設,未開設,未開設,未開設
ref:E4344300057111,E4344300057111,益城町,益城町公民館福田分館,熊本県益城町福原1974,1,,,100,32.783634098148,130.83220293924,未開設,未開設,未開設,未開設,未開設,未開設,未開設,未開設,未開設,未開設,未開設,未開設,未開設
ref:E4344300048111,E4344300048111,益城町,益城町公民館飯野分館,熊本県益城町砥川1735-1,1,,,100,32.761412,130.81488,未開設,未開設,開設（平常）,未開設,未開設,未開設,未開設,未開設,未開設,未開設,未開設,未開設,未開設
ref:E4344300077111,E4344300077111,益城町,益城町地域共生センター,熊本県益城町木山592,1,,,,32.799507,130.817733,未開設,未開設,未開設,未開設,未開設,未開設,未開設,未開設,未開設,未開設,未開設,未開設,未開設
ref:E4344300068111,E4344300068111,益城町,益城町文化会館,熊本県益城町木山381-1,1,,,100,32.789393956031,130.82017892906,未開設,未開設,未開設,未開設,未開設,未開設,未開設,未開設,未開設,未開設,未開設,未開設,未開設
ref:E4344300052111,E4344300052111,益城町,益城町立広安小学校,熊本県益城町馬水35,1,,,360,32.786813901672,130.802241,未開設,未開設,未開設,未開設,未開設,未開設,未開設,未開設,未開設,未開設,未開設,未開設,未開設
ref:E4344300062111,E4344300062111,益城町,益城町立広安西小学校,熊本県益城町福富1001,1,,,400,32.791138326533,130.7940683201,未開設,未開設,未開設,未開設,未開設,未開設,未開設,未開設,未開設,未開設,未開設,未開設,未開設
ref:E4344300031111,E4344300031111,益城町,益城町立木山中学校,熊本県益城町寺迫1090,1,,,400,32.789318412661,130.83147362831,未開設,未開設,未開設,未開設,未開設,未開設,未開設,未開設,未開設,未開設,未開設,未開設,未開設
ref:E4344300037111,E4344300037111,益城町,益城町立津森小学校,熊本県益城町上陳369,1,,,220,32.802818,130.85361644907,未開設,未開設,未開設,未開設,未開設,未開設,未開設,未開設,未開設,未開設,未開設,未開設,未開設
ref:E4344300032111,E4344300032111,益城町,益城町立益城中央小学校,熊本県益城町寺迫1142,1,,,480,32.79125756214,130.83116248361,未開設,未開設,未開設,未開設,未開設,未開設,未開設,未開設,未開設,未開設,未開設,未開設,未開設
ref:E4344300043111,E4344300043111,益城町,益城町立益城中学校,熊本県益城町惣領903,1,,,400,32.778784303553,130.80023295769,未開設,未開設,未開設,未開設,未開設,未開設,未開設,未開設,未開設,未開設,未開設,未開設,未開設
ref:E4344300070111,E4344300070111,益城町,益城町立益城幼稚園,熊本県益城町木山589,1,,,50,32.80041695,130.8163938,未開設,未開設,未開設,未開設,未開設,未開設,未開設,未開設,未開設,未開設,未開設,未開設,未開設
ref:E4344300064111,E4344300064111,益城町,益城町立第1保育所,熊本県益城町福富651,1,,,50,32.78069707,130.7971487,未開設,未開設,未開設,未開設,未開設,未開設,未開設,未開設,未開設,未開設,未開設,未開設,未開設
ref:E4344300046111,E4344300046111,益城町,益城町立第2保育所,熊本県益城町砥川125-1,1,,,50,32.758932,130.812103,未開設,未開設,未開設,未開設,未開設,未開設,未開設,未開設,未開設,未開設,未開設,未開設,未開設
ref:E4344300035111,E4344300035111,益城町,益城町立第3保育所,熊本県益城町上陳361,1,,,50,32.80249296,130.8522447,未開設,未開設,未開設,未開設,未開設,未開設,未開設,未開設,未開設,未開設,未開設,未開設,未開設
ref:E4344300061111,E4344300061111,益城町,益城町立第5保育所,熊本県益城町福原529-2,1,,,100,32.78417048,130.8299754,未開設,未開設,未開設,未開設,未開設,未開設,未開設,未開設,未開設,未開設,未開設,未開設,未開設
ref:E4344300047111,E4344300047111,益城町,益城町立飯野小学校,熊本県益城町砥川137,1,,,240,32.759293067289,130.8109867447,未開設,未開設,未開設,未開設,未開設,未開設,未開設,未開設,未開設,未開設,未開設,未開設,未開設
ref:E4344300067112,E4344300067112,益城町,益城町総合体育館,益城町木山236,1,,,1360,32.786013885633,130.82172601164,未開設,開設（平常）,開設（平常）,未開設,開設（平常）,開設（平常）,開設（平常）,開設（平常）,開設（平常）,開設（平常）,開設（平常）,未開設,未開設
ref:E4344300025121,E4344300025121,益城町,障害者支援施設 熊東園,熊本県益城町広崎786-1,,,町が特定した在宅の身体障がい者、要介護者のうち、一般的な避難所では生活に支障をきたすもの,4,32.779649721283,130.78799552884,未開設,未開設,未開設,未開設,未開設,未開設,未開設,未開設,未開設,未開設,未開設,未開設,未開設
ref:E4351000001111,E4351000001111,相良村,上四浦集落センター,熊本県相良村大字四浦西4449-25,1,,,300,32.341393102354,130.83665560682,未開設,未開設,未開設,未開設,未開設,未開設,未開設,未開設,未開設,未開設,未開設,未開設,未開設
ref:E4351000006111,E4351000006111,相良村,川辺構造改善センター,熊本県相良村大字川辺2491,1,,,300,32.265923734862,130.82689757384,未開設,未開設,未開設,未開設,未開設,未開設,未開設,未開設,未開設,未開設,未開設,未開設,未開設
ref:E4351000005111,E4351000005111,相良村,松馬場集落センター,熊本県相良村大字川辺1920,1,,,30,32.258572758916,130.81883144786,未開設,未開設,未開設,未開設,未開設,未開設,未開設,未開設,未開設,未開設,未開設,未開設,未開設
ref:E4351000007111,E4351000007111,相良村,柳瀬構造改善センター,熊本県相良村大字柳瀬377,1,,,300,32.216652786132,130.79773507614,未開設,未開設,未開設,未開設,未開設,未開設,未開設,未開設,未開設,未開設,未開設,未開設,未開設
ref:E4351000003111,E4351000003111,相良村,相良北小学校体育館,熊本県相良村大字四浦東2449,1,,,350,32.302112361354,130.84338932901,未開設,未開設,未開設,未開設,未開設,未開設,未開設,未開設,未開設,未開設,未開設,未開設,未開設
ref:E4351000002111,E4351000002111,相良村,相良村林業総合センター,熊本県相良村大字四浦東2080,1,,,300,32.290499224196,130.84375858108,未開設,未開設,未開設,未開設,未開設,未開設,未開設,未開設,未開設,未開設,未開設,未開設,未開設
ref:E4351000004121,E4351000004121,相良村,相良村総合体育館,熊本県相良村大字深水2493-1,1,,要配慮者,1000,32.23560149627,130.7970507943,未開設,未開設,未開設,未開設,未開設,未開設,未開設,未開設,未開設,未開設,未開設,未開設,未開設
ref:E4334800006111,E4334800006111,美里町,励徳小学校,熊本県美里町畝野1944,1,,,100,32.6399208205519,130.918878841463,未開設,未開設,未開設,未開設,未開設,未開設,未開設,未開設,未開設,未開設,未開設,未開設,未開設
ref:E4344400001121,E4344400001121,美里町,医療法人興和会老人保健施設 なごみの里,熊本県美里町堅志田192-1,,事前に福祉課に要相談,要介護高齢者、障害者、妊産婦、乳幼児等,,32.6469713710662,130.790567758281,未開設,未開設,未開設,未開設,未開設,未開設,未開設,未開設,未開設,未開設,未開設,未開設,未開設
ref:E4334800003111,E4334800003111,美里町,砥用中学校,熊本県美里町原町330,1,,,200,32.6201173812104,130.867432975737,未開設,未開設,未開設,未開設,未開設,未開設,未開設,未開設,未開設,未開設,未開設,未開設,未開設
ref:E4334800009111,E4334800009111,美里町,美里町役場中央庁舎会議室,美里町馬場1100,1,,,100,32.639618288469,130.788889928004,未開設,開設（やや混雑）,開設（やや混雑）,開設（平常）,開設（平常）,開設（平常）,開設（平常）,開設（平常）,開設（平常）,開設（平常）,開設（平常）,開設（平常）,開設（平常）
ref:E4334800005111,E4334800005111,美里町,美里町役場砥用庁舎会議棟,美里町三和420,1,,,100,32.6219793763062,130.868678310755,未開設,開設（平常）,開設（平常）,開設（平常）,開設（平常）,開設（平常）,開設（平常）,開設（平常）,開設（平常）,開設（平常）,開設（平常）,開設（平常）,開設（平常）
ref:E4334800007111,E4334800007111,美里町,美里町砥用B&G海洋センター,美里町畝野3701-1,1,,,750,32.6319021701333,130.903588497886,未開設,開設（平常）,開設（平常）,開設（平常）,開設（平常）,開設（平常）,開設（平常）,開設（平常）,開設（平常）,開設（平常）,開設（平常）,開設（平常）,未開設
refgroup:16ded3de400eeaf52230,E4334800004111;E4334800004121,美里町,美里町福祉保健センター湯の香苑,熊本県美里町佐俣338,1,,要配慮者(高齢者優先),100,32.621669929714,130.82080333863,未開設,未開設,未開設,未開設,未開設,未開設,未開設,未開設,未開設,未開設,未開設,未開設,未開設
ref:E4334800002111,E4334800002111,美里町,美里町総合体育館,美里町萱野745,1,,,1000,32.6331201175348,130.809186529856,未開設,開設（平常）,開設（平常）,開設（平常）,開設（平常）,開設（平常）,開設（平常）,開設（平常）,開設（平常）,開設（平常）,開設（平常）,開設（平常）,開設（平常）
ref:E4334800001111,E4334800001111,美里町,美里町老人福祉センター,熊本県美里町永富1510,1,,,150,32.6165024336776,130.863445963213,未開設,未開設,未開設,未開設,未開設,未開設,未開設,未開設,未開設,未開設,未開設,未開設,未開設
ref:E4348200032111,E4348200032111,芦北町,きずなの里,芦北町大字湯浦1439-1,1,,,75,32.271827,130.499615,未開設,開設（平常）,開設（平常）,開設（平常）,開設（平常）,開設（平常）,開設（平常）,開設（平常）,開設（平常）,開設（平常）,開設（平常）,開設（平常）,開設（平常）
ref:E4348200003111,E4348200003111,芦北町,上井牟田地区ふれあいセンター,熊本県芦北町井牟田601-1,1,,,20,32.399131,130.526693,未開設,未開設,未開設,未開設,未開設,未開設,未開設,未開設,未開設,未開設,未開設,未開設,未開設
ref:E4348200002111,E4348200002111,芦北町,上田浦地区社会教育センター,熊本県芦北町井牟田1800,1,,,135,32.391487,130.517623,未開設,未開設,未開設,未開設,未開設,未開設,未開設,未開設,未開設,未開設,未開設,未開設,未開設
ref:E4348200001111,E4348200001111,芦北町,下井牟田地区ふれあいセンター,熊本県芦北町井牟田1234,1,,,20,32.395117,130.521914,未開設,未開設,未開設,未開設,未開設,未開設,未開設,未開設,未開設,未開設,未開設,未開設,未開設
ref:E4348200014111,E4348200014111,芦北町,丸米地区生涯学習センター(体育館),熊本県芦北町大字丸山305-2,1,,,160,32.249376,130.529868,未開設,未開設,未開設,未開設,未開設,未開設,未開設,未開設,未開設,未開設,未開設,未開設,未開設
ref:E4348200013111,E4348200013111,芦北町,佐敷中学校(校舎、体育館),熊本県芦北町大字花岡496-2,1,,,480,32.299272,130.505829,未開設,未開設,未開設,未開設,未開設,未開設,未開設,未開設,未開設,未開設,未開設,未開設,未開設
ref:E4348200036111,E4348200036111,芦北町,佐敷小学校(校舎、体育館),熊本県芦北町大字道川内31,1,,,666,32.307397,130.501704,未開設,未開設,未開設,未開設,未開設,未開設,未開設,未開設,未開設,未開設,未開設,未開設,未開設
ref:E4348200023111,E4348200023111,芦北町,内野小学校(校舎、体育館),熊本県芦北町大字大川内602,1,,,295,32.245805,130.513912,未開設,未開設,未開設,未開設,未開設,未開設,未開設,未開設,未開設,未開設,未開設,未開設,未開設
ref:E4348200038111,E4348200038111,芦北町,内野福祉センター,熊本県芦北町大字豊岡55-1,1,,,65,32.26279296,130.5124837,未開設,未開設,未開設,未開設,未開設,未開設,未開設,未開設,未開設,未開設,未開設,未開設,未開設
ref:E4348200018111,E4348200018111,芦北町,古石地区生涯学習センターみどりの里,熊本県芦北町大字古石391-2,1,,,178,32.216296,130.509641,未開設,未開設,未開設,未開設,未開設,未開設,未開設,未開設,未開設,未開設,未開設,未開設,未開設
ref:E4348200015111,E4348200015111,芦北町,吉尾体育館,熊本県芦北町大字吉尾51,1,,,131,32.33231422,130.5950857,未開設,未開設,未開設,未開設,未開設,未開設,未開設,未開設,未開設,未開設,未開設,未開設,未開設
ref:E4348200016111,E4348200016111,芦北町,吉尾出張所,熊本県芦北町大字吉尾523-2,1,,,61,32.32875228,130.5844427,未開設,開設（平常）,開設（平常）,開設（平常）,開設（平常）,開設（平常）,開設（平常）,未開設,未開設,未開設,未開設,未開設,未開設
ref:E4348200024111,E4348200024111,芦北町,大尼田地区生涯学習センター(校舎、体育館),熊本県芦北町大字大尼田1645,1,,,34,32.32188183,130.5510918,未開設,未開設,未開設,未開設,未開設,未開設,未開設,未開設,未開設,未開設,未開設,未開設,未開設
ref:E4348200022111,E4348200022111,芦北町,大岩公民館,熊本県芦北町大字大岩4495,1,,,23,32.34695565,130.5799428,未開設,未開設,未開設,未開設,未開設,未開設,未開設,未開設,未開設,未開設,未開設,未開設,未開設
ref:E4348200025111,E4348200025111,芦北町,大野地区構造改善センター,熊本県芦北町大字大野51-8,1,,,65,32.26041312,130.5632351,未開設,未開設,未開設,未開設,未開設,未開設,未開設,未開設,未開設,未開設,未開設,未開設,未開設
ref:E4348200020111,E4348200020111,芦北町,大野小学校(校舎、体育館),熊本県芦北町大字市野瀬1119,1,,,253,32.264091,130.56462,未開設,未開設,未開設,未開設,未開設,未開設,未開設,未開設,未開設,未開設,未開設,未開設,未開設
ref:E4348200009111,E4348200009111,芦北町,女島活力推進センターゆめもやい,熊本県芦北町大字770-14,1,,,47,32.287126,130.475644,未開設,未開設,未開設,未開設,未開設,未開設,未開設,未開設,未開設,未開設,未開設,未開設,未開設
ref:E4348200008111,E4348200008111,芦北町,宮浦地区ふれあいセンター,熊本県芦北町小田浦781-2,1,,,30,32.350015,130.506166,未開設,未開設,未開設,未開設,未開設,未開設,未開設,未開設,未開設,未開設,未開設,未開設,未開設
ref:E4348200007111,E4348200007111,芦北町,小田浦地区生涯学習センター(校舎),熊本県芦北町小田浦3339,1,,,44,32.346903,130.500402,未開設,未開設,未開設,未開設,未開設,未開設,未開設,未開設,未開設,未開設,未開設,未開設,未開設
ref:E4348200006111,E4348200006111,芦北町,小田浦福祉センター,熊本県芦北町小田浦1610-25,1,,,89,32.347271,130.502273,未開設,未開設,未開設,未開設,未開設,未開設,未開設,未開設,未開設,未開設,未開設,未開設,未開設
ref:E4348200005111,E4348200005111,芦北町,旧芦北幼稚園,熊本県芦北町海浦1315,1,,,359,32.32714947,130.4820727,未開設,未開設,未開設,未開設,未開設,未開設,未開設,未開設,未開設,未開設,未開設,未開設,未開設
ref:E4348200017111,E4348200017111,芦北町,旧計石小学校(校舎、体育館),熊本県芦北町大字計石2963,1,,,,32.301672,130.478385,未開設,未開設,未開設,未開設,未開設,未開設,未開設,未開設,未開設,未開設,未開設,未開設,未開設
ref:E4348200004111,E4348200004111,芦北町,海浦地区公民館,熊本県芦北町海浦1196-1,1,,,20,32.329791,130.484948,未開設,未開設,未開設,未開設,未開設,未開設,未開設,未開設,未開設,未開設,未開設,未開設,未開設
ref:E4348200035111,E4348200035111,芦北町,湯浦中学校(校舎、体育館),熊本県芦北町大字湯浦369,1,,,448,32.267707,130.501752,未開設,未開設,未開設,未開設,未開設,未開設,未開設,未開設,未開設,未開設,未開設,未開設,未開設
ref:E4348200031111,E4348200031111,芦北町,湯浦小学校(校舎、体育館),熊本県芦北町大字湯浦1396,1,,,453,32.269579,130.498556,未開設,未開設,未開設,未開設,未開設,未開設,未開設,未開設,未開設,未開設,未開設,未開設,未開設
ref:E4348200039111,E4348200039111,芦北町,田浦中学校(校舎、体育館),熊本県芦北町田浦760,1,,,307,32.361948,130.513446,未開設,未開設,未開設,未開設,未開設,未開設,未開設,未開設,未開設,未開設,未開設,未開設,未開設
ref:E4348200040111,E4348200040111,芦北町,田浦小学校(校舎、体育館),熊本県芦北町田浦840,1,,,437,32.361835,130.511988,未開設,未開設,未開設,未開設,未開設,未開設,未開設,未開設,未開設,未開設,未開設,未開設,未開設
ref:E4348200028111,E4348200028111,芦北町,町立公民館大野分館,熊本県芦北町大字天月1344-2,1,,,32,32.291067,130.582952,未開設,開設（平常）,開設（平常）,開設（平常）,開設（平常）,開設（平常）,開設（平常）,未開設,未開設,未開設,未開設,未開設,未開設
ref:E4348200026111,E4348200026111,芦北町,県立あしきた青少年の家,熊本県芦北町大字鶴木山,1,,,992,32.3196482,130.4694811,未開設,未開設,未開設,未開設,未開設,未開設,未開設,未開設,未開設,未開設,未開設,未開設,未開設
ref:E4348200011111,E4348200011111,芦北町,県立芦北高等学校,熊本県芦北町大字乙千屋20-2,1,,,700,32.307254,130.50707,未開設,未開設,未開設,未開設,未開設,未開設,未開設,未開設,未開設,未開設,未開設,未開設,未開設
ref:E4348200042111,E4348200042111,芦北町,芦北町地域活性化センター,芦北町田浦町653,1,,,351,32.36421696,130.5087039,未開設,開設（平常）,開設（平常）,開設（平常）,開設（平常）,開設（平常）,開設（平常）,開設（平常）,開設（平常）,開設（平常）,開設（平常）,開設（平常）,開設（平常）
ref:E4348200012111,E4348200012111,芦北町,芦北町地域資源活用総合交流促進施設,芦北町大字花岡1705-1,1,,,232,32.301085,130.50037,未開設,開設（平常）,開設（平常）,開設（平常）,開設（平常）,開設（平常）,開設（平常）,開設（平常）,開設（平常）,開設（平常）,未開設,未開設,未開設
ref:E4348200033111,E4348200033111,芦北町,芦北町多目的研修センター,芦北町大字湯浦208,1,,,133,32.272686,130.500458,未開設,開設（平常）,開設（平常）,開設（平常）,開設（平常）,開設（平常）,開設（平常）,開設（平常）,開設（平常）,開設（平常）,開設（平常）,開設（平常）,未開設
ref:E4348200012112,E4348200012112,芦北町,芦北町民総合センター,熊本県芦北町大字花岡1705-1,1,,,811,32.301695,130.500471,未開設,未開設,未開設,未開設,未開設,未開設,未開設,未開設,未開設,未開設,未開設,未開設,未開設
ref:E4348200034111,E4348200034111,芦北町,芦北福祉センター,熊本県芦北町大字湯浦213,1,,,282,32.272692,130.500707,未開設,未開設,未開設,未開設,未開設,未開設,未開設,未開設,未開設,未開設,未開設,未開設,未開設
ref:E4353100021111,E4353100021111,苓北町,上津深江集会所,熊本県苓北町上津深江1186,1,,,90,32.51938987,130.0751371,未開設,未開設,未開設,未開設,未開設,未開設,未開設,未開設,未開設,未開設,未開設,未開設,未開設
ref:E4353100009111,E4353100009111,苓北町,体育センター,熊本県苓北町志岐1220-2,1,,,890,32.503891,130.054186,未開設,未開設,未開設,未開設,未開設,未開設,未開設,未開設,未開設,未開設,未開設,未開設,未開設
ref:E4353100002112,E4353100002112,苓北町,坂瀬川公民館,熊本県苓北町坂瀬川2600,1,,,120,32.52707148,130.0978837,未開設,未開設,未開設,未開設,未開設,未開設,未開設,未開設,未開設,未開設,未開設,未開設,未開設
ref:E4353100006111,E4353100006111,苓北町,坂瀬川小学校体育館,熊本県苓北町坂瀬川83,1,,,460,32.52655,130.090467,未開設,未開設,未開設,未開設,未開設,未開設,未開設,未開設,未開設,未開設,未開設,未開設,未開設
ref:E4353100004111,E4353100004111,苓北町,坂瀬川集会所,熊本県苓北町坂瀬川3756,1,,,20,32.528287,130.092607,未開設,未開設,未開設,未開設,未開設,未開設,未開設,未開設,未開設,未開設,未開設,未開設,未開設
ref:E4353100036111,E4353100036111,苓北町,天草拓心高校マリン校舎体育館,熊本県苓北町富岡3757,1,,,360,32.512095,130.037942,未開設,未開設,未開設,未開設,未開設,未開設,未開設,未開設,未開設,未開設,未開設,未開設,未開設
ref:E4353100033111,E4353100033111,苓北町,富岡公民館,熊本県苓北町富岡2910,1,,,100,32.51836,130.035835,未開設,未開設,未開設,未開設,未開設,未開設,未開設,未開設,未開設,未開設,未開設,未開設,未開設
ref:E4353100032111,E4353100032111,苓北町,富岡小学校体育館,熊本県苓北町富岡2480,1,,,270,32.522473,130.032409,未開設,未開設,未開設,未開設,未開設,未開設,未開設,未開設,未開設,未開設,未開設,未開設,未開設
ref:E4353100015111,E4353100015111,苓北町,志岐小学校体育館,熊本県苓北町志岐410,1,,,360,32.512021,130.05372,未開設,未開設,未開設,未開設,未開設,未開設,未開設,未開設,未開設,未開設,未開設,未開設,未開設
ref:E4353100026111,E4353100026111,苓北町,木場地区交流施設,熊本県苓北町都呂々6118-2,1,,,30,32.448778,130.080153,未開設,未開設,未開設,未開設,未開設,未開設,未開設,未開設,未開設,未開設,未開設,未開設,未開設
ref:E4353100025111,E4353100025111,苓北町,木場集会所,熊本県苓北町都呂々5153-2,1,,,60,32.450788,130.076583,未開設,未開設,未開設,未開設,未開設,未開設,未開設,未開設,未開設,未開設,未開設,未開設,未開設
refgroup:742dc36300cf946993d7,E4353100009112;E4353100009121,苓北町,町民総合センター,熊本県苓北町志岐1220-2,1,,要配慮者,180,32.504364,130.054316,未開設,未開設,未開設,未開設,未開設,未開設,未開設,未開設,未開設,未開設,未開設,未開設,未開設
ref:E4353100008111,E4353100008111,苓北町,総合武道館,熊本県苓北町志岐1183,1,,,440,32.503292,130.054369,未開設,未開設,未開設,未開設,未開設,未開設,未開設,未開設,未開設,未開設,未開設,未開設,未開設
ref:E4353100013111,E4353100013111,苓北町,苓北中学校体育館,熊本県苓北町志岐294-4,1,,,390,32.508425,130.046279,未開設,未開設,未開設,未開設,未開設,未開設,未開設,未開設,未開設,未開設,未開設,未開設,未開設
ref:E4353100002111,E4353100002111,苓北町,苓北町坂瀬川体育館,熊本県苓北町坂瀬川2600,1,,,260,32.525753,130.090743,未開設,未開設,未開設,未開設,未開設,未開設,未開設,未開設,未開設,未開設,未開設,未開設,未開設
ref:E4353100018111,E4353100018111,苓北町,苓北町役場,熊本県苓北町志岐660,1,,,70,32.513074,130.054789,未開設,開設（平常）,開設（平常）,開設（平常）,開設（平常）,未開設,未開設,未開設,未開設,未開設,未開設,未開設,未開設
ref:E4353100024111,E4353100024111,苓北町,苓北町都呂々体育館,熊本県苓北町都呂々1245-1,1,,,,32.4685,130.039615,未開設,未開設,未開設,未開設,未開設,未開設,未開設,未開設,未開設,未開設,未開設,未開設,未開設
ref:E4353100023111,E4353100023111,苓北町,都呂々公民館,熊本県苓北町都呂々114,1,,,100,32.470895,130.041396,未開設,未開設,未開設,未開設,未開設,未開設,未開設,未開設,未開設,未開設,未開設,未開設,未開設
ref:E4353100024112,E4353100024112,苓北町,都呂々小学校体育館,熊本県苓北町都呂々1245-1,1,,,500,32.468558,130.040135,未開設,未開設,未開設,未開設,未開設,未開設,未開設,未開設,未開設,未開設,未開設,未開設,未開設
ref:E4320400016111,E4320400016111,荒尾市,ふれあい福祉センター,熊本県荒尾市川登1777-12,,,,250,32.973437123071,130.463661453583,未開設,未開設,未開設,未開設,未開設,未開設,未開設,未開設,未開設,未開設,未開設,未開設,未開設
ref:E4320400019111,E4320400019111,荒尾市,みどり蒼生館,熊本県荒尾市平山2119-3,1,,,130,32.9908057817929,130.489074875535,未開設,未開設,未開設,未開設,未開設,未開設,未開設,未開設,未開設,未開設,未開設,未開設,未開設
ref:E4320400018111,E4320400018111,荒尾市,メディア交流館,熊本県荒尾市大正町2-3-2,,,,130,32.9984207812452,130.433499065334,未開設,未開設,未開設,未開設,未開設,未開設,未開設,未開設,未開設,未開設,未開設,未開設,未開設
ref:E4320400021111,E4320400021111,荒尾市,万田中央体育館,熊本県荒尾市万田178,,,,600,32.9996583970921,130.443626289318,未開設,未開設,未開設,未開設,未開設,未開設,未開設,未開設,未開設,未開設,未開設,未開設,未開設
ref:E4320400022111,E4320400022111,荒尾市,万田小学校,熊本県荒尾市万田696-1,1,,,700,32.999883,130.436625,未開設,未開設,未開設,未開設,未開設,未開設,未開設,未開設,未開設,未開設,未開設,未開設,未開設
ref:E4320400007111,E4320400007111,荒尾市,万田炭鉱館,熊本県荒尾市原万田213-31,1,,,130,33.0003892913285,130.451392647831,未開設,未開設,未開設,未開設,未開設,未開設,未開設,未開設,未開設,未開設,未開設,未開設,未開設
ref:E4320400017111,E4320400017111,荒尾市,中央公民館,熊本県荒尾市増永633,,,,300,32.9732375350827,130.436191103861,未開設,未開設,未開設,未開設,未開設,未開設,未開設,未開設,未開設,未開設,未開設,未開設,未開設
ref:E4320400023111,E4320400023111,荒尾市,小岱工芸館,熊本県荒尾市野原1523,1,,,130,32.9606466847845,130.482527602575,未開設,未開設,未開設,未開設,未開設,未開設,未開設,未開設,未開設,未開設,未開設,未開設,未開設
ref:E4320400015111,E4320400015111,荒尾市,平井小学校,熊本県荒尾市上井手1108,,,,300,32.9987208510602,130.488640971709,未開設,未開設,未開設,未開設,未開設,未開設,未開設,未開設,未開設,未開設,未開設,未開設,未開設
ref:E4320400003111,E4320400003111,荒尾市,府本小学校,熊本県荒尾市樺2313-2,,,,600,32.9635252594015,130.499121091773,未開設,未開設,未開設,未開設,未開設,未開設,未開設,未開設,未開設,未開設,未開設,未開設,未開設
ref:E4320400001111,E4320400001111,荒尾市,有明小学校,熊本県荒尾市一部305,1,,,600,32.966522,130.439497,未開設,未開設,未開設,未開設,未開設,未開設,未開設,未開設,未開設,未開設,未開設,未開設,未開設
ref:E4320400012111,E4320400012111,荒尾市,東大谷体育館,熊本県荒尾市荒尾4409,,,,,32.9857453936154,130.460966612493,未開設,未開設,未開設,未開設,未開設,未開設,未開設,未開設,未開設,未開設,未開設,未開設,未開設
ref:E4320400004111,E4320400004111,荒尾市,松ヶ浦環境センター,熊本県荒尾市宮内1081,,,,50,32.9868183859693,130.448899382662,未開設,未開設,未開設,未開設,未開設,未開設,未開設,未開設,未開設,未開設,未開設,未開設,未開設
ref:E4320400014111,E4320400014111,荒尾市,桜山小学校,熊本県荒尾市桜山町3-25-1,1,,,300,32.9678256003084,130.457185336932,未開設,未開設,未開設,未開設,未開設,未開設,未開設,未開設,未開設,未開設,未開設,未開設,未開設
ref:E4320400002111,E4320400002111,荒尾市,深瀬の森体育館,熊本県荒尾市下井手193,,,,300,33.0024804128235,130.458638771401,未開設,未開設,未開設,未開設,未開設,未開設,未開設,未開設,未開設,未開設,未開設,未開設,未開設
ref:E4320400006111,E4320400006111,荒尾市,清里小学校,熊本県荒尾市牛水1555,1,,,300,32.949563,130.447137,未開設,未開設,未開設,未開設,未開設,未開設,未開設,未開設,未開設,未開設,未開設,未開設,未開設
ref:E4320400011111,E4320400011111,荒尾市,緑ケ丘小学校,熊本県荒尾市荒尾4238,,,,600,32.9849334625347,130.468272491914,未開設,未開設,未開設,未開設,未開設,未開設,未開設,未開設,未開設,未開設,未開設,未開設,未開設
ref:E4320400005111,E4320400005111,荒尾市,荒尾市役所,熊本県荒尾市宮内出目390,,,,200,32.9867397455494,130.433019518683,未開設,未開設,未開設,未開設,未開設,未開設,未開設,未開設,未開設,未開設,未開設,未開設,未開設
ref:E4320400008111,E4320400008111,荒尾市,荒尾海陽中学校,熊本県荒尾市荒尾1828,,,,1000,32.9784382669287,130.438678475651,未開設,未開設,未開設,未開設,未開設,未開設,未開設,未開設,未開設,未開設,未開設,未開設,未開設
ref:E4320400013111,E4320400013111,荒尾市,荒尾第一小学校,熊本県荒尾市荒尾981-2,1,,,600,32.9819613223208,130.437194934908,未開設,未開設,未開設,未開設,未開設,未開設,未開設,未開設,未開設,未開設,未開設,未開設,未開設
ref:E4320400020111,E4320400020111,荒尾市,荒尾第三中学校,熊本県荒尾市本井手700,,,,700,32.9890078308132,130.475493137044,未開設,未開設,未開設,未開設,未開設,未開設,未開設,未開設,未開設,未開設,未開設,未開設,未開設
ref:E4320400024111,E4320400024111,荒尾市,荒尾第四中学校,熊本県荒尾市野原1528,,,,1000,32.9622019821082,130.48134043199,未開設,未開設,未開設,未開設,未開設,未開設,未開設,未開設,未開設,未開設,未開設,未開設,未開設
ref:E4320400010111,E4320400010111,荒尾市,荒尾総合文化センター,熊本県荒尾市荒尾4186-19,1,,,650,32.9848532846226,130.463717799233,未開設,未開設,未開設,未開設,未開設,未開設,未開設,未開設,未開設,未開設,未開設,未開設,未開設
ref:E4321000001121,E4321000001121,菊池市,あさひが丘荘,熊本県菊池市旭志伊坂449-1,,,要配慮者,,32.9347252749483,130.832676897674,未開設,未開設,未開設,未開設,未開設,未開設,未開設,未開設,未開設,未開設,未開設,未開設,未開設
ref:E4321000041121,E4321000041121,菊池市,きくちの里,熊本県菊池市大琳寺123,,,要配慮者,,32.9723154721908,130.80373614145,未開設,未開設,未開設,未開設,未開設,未開設,未開設,未開設,未開設,未開設,未開設,未開設,未開設
ref:E4321000018111,E4321000018111,菊池市,きくちふるさと水源交流館,熊本県菊池市原1600,1,,,,33.001985,130.872459,未開設,未開設,未開設,未開設,未開設,未開設,未開設,未開設,未開設,未開設,未開設,未開設,未開設
ref:E4321000055121,E4321000055121,菊池市,こすもす荘,熊本県菊池市泗水町吉富2900,,,要配慮者,,32.9323702167371,130.776697678962,未開設,未開設,未開設,未開設,未開設,未開設,未開設,未開設,未開設,未開設,未開設,未開設,未開設
ref:E4321000021121,E4321000021121,菊池市,つまごめ荘,熊本県菊池市今58,,,要配慮者,,32.9708218334212,130.815019946093,未開設,未開設,未開設,未開設,未開設,未開設,未開設,未開設,未開設,未開設,未開設,未開設,未開設
ref:E4321000042111,E4321000042111,菊池市,やまびこ体育館,熊本県菊池市班蛇口1390,1,,,150,33.059392,130.868829,未開設,未開設,未開設,未開設,未開設,未開設,未開設,未開設,未開設,未開設,未開設,未開設,未開設
ref:E4321000031121,E4321000031121,菊池市,わらび,熊本県菊池市重味2380-7,,,要配慮者,,33.0237393826189,130.889582941906,未開設,未開設,未開設,未開設,未開設,未開設,未開設,未開設,未開設,未開設,未開設,未開設,未開設
ref:E4321000059121,E4321000059121,菊池市,サニーサイド,熊本県菊池市泗水町南田島1794,,,要配慮者,,32.9265660591931,130.741302635903,未開設,未開設,未開設,未開設,未開設,未開設,未開設,未開設,未開設,未開設,未開設,未開設,未開設
ref:E4321000024111,E4321000024111,菊池市,七城中学校体育館,熊本県菊池市七城町甲佐町66,1,,,340,32.969793917804,130.7638232563,未開設,未開設,未開設,未開設,未開設,未開設,未開設,未開設,未開設,未開設,未開設,未開設,未開設
ref:E4321000073111,E4321000073111,菊池市,七城公民館,熊本県菊池市七城町甲佐町74-1,1,,,100,32.969504,130.764231,未開設,未開設,未開設,未開設,未開設,未開設,未開設,未開設,未開設,未開設,未開設,未開設,未開設
ref:E4321000023111,E4321000023111,菊池市,七城小学校体育館,熊本県菊池市七城町甲佐町33,1,,,280,32.969415873384,130.76287911873,未開設,未開設,未開設,未開設,未開設,未開設,未開設,未開設,未開設,未開設,未開設,未開設,未開設
ref:E4321000027111,E4321000027111,菊池市,七城老人福祉センター,熊本県菊池市七城町流川394-1,1,,,30,32.983358,130.767649,未開設,未開設,未開設,未開設,未開設,未開設,未開設,未開設,未開設,未開設,未開設,未開設,未開設
ref:E4321000062121,E4321000062121,菊池市,孔子の里,熊本県菊池市泗水町福本904-1,,,要配慮者,,32.9203160014555,130.774978110972,未開設,未開設,未開設,未開設,未開設,未開設,未開設,未開設,未開設,未開設,未開設,未開設,未開設
ref:E4321000028121,E4321000028121,菊池市,居屋敷の里,熊本県菊池市七城町流川421,,,要配慮者,,32.9844267081207,130.765983941327,未開設,未開設,未開設,未開設,未開設,未開設,未開設,未開設,未開設,未開設,未開設,未開設,未開設
ref:E4321000038111,E4321000038111,菊池市,戸崎小学校体育館,熊本県菊池市赤星1164,1,,,100,32.966957,130.810357,未開設,未開設,未開設,未開設,未開設,未開設,未開設,未開設,未開設,未開設,未開設,未開設,未開設
ref:E4321000037111,E4321000037111,菊池市,戸崎支館,熊本県菊池市赤星1163,1,,,30,32.966273,130.809867,未開設,未開設,未開設,未開設,未開設,未開設,未開設,未開設,未開設,未開設,未開設,未開設,未開設
ref:E4321000077111,E4321000077111,菊池市,斑蛇口湖ボート場艇庫兼研修センター,熊本県菊池市班蛇口525-5,1,,,60,33.046452,130.852075,未開設,未開設,未開設,未開設,未開設,未開設,未開設,未開設,未開設,未開設,未開設,未開設,未開設
ref:E4321000003111,E4321000003111,菊池市,旭志中学校体育館,熊本県菊池市旭志小原224,1,,,240,32.94591,130.85631,未開設,未開設,未開設,未開設,未開設,未開設,未開設,未開設,未開設,未開設,未開設,未開設,未開設
ref:E4321000002111,E4321000002111,菊池市,旭志体育館,熊本県菊池市旭志小原189,1,,,420,32.946022,130.858386,未開設,未開設,未開設,未開設,未開設,未開設,未開設,未開設,未開設,未開設,未開設,未開設,未開設
web:31a1d8bf51dfa60ccbaf,,菊池市,旭志公民館,菊池市旭志小原241,,,,250,32.94549452,130.8548344,未開設,開設（平常）,開設（平常）,開設（平常）,開設（平常）,開設（平常）,開設（平常）,未開設,未開設,未開設,未開設,未開設,未開設
ref:E4321000006111,E4321000006111,菊池市,旭志小学校体育館,熊本県菊池市旭志新明2790,1,,,260,32.943788,130.849411,未開設,未開設,未開設,未開設,未開設,未開設,未開設,未開設,未開設,未開設,未開設,未開設,未開設
ref:E4321000072111,E4321000072111,菊池市,水源支館,熊本県菊池市原1596-1,1,,,30,33.00219,130.872165,未開設,未開設,未開設,未開設,未開設,未開設,未開設,未開設,未開設,未開設,未開設,未開設,未開設
ref:E4321000020111,E4321000020111,菊池市,水迫里山の家,熊本県菊池市原2931-1,1,,,60,33.0135976257083,130.89774716186,未開設,未開設,未開設,未開設,未開設,未開設,未開設,未開設,未開設,未開設,未開設,未開設,未開設
ref:E4321000052111,E4321000052111,菊池市,泗水B&G海洋センター体育館,熊本県菊池市泗水町吉富100-3,1,,,260,32.939676,130.792592,未開設,未開設,未開設,未開設,未開設,未開設,未開設,未開設,未開設,未開設,未開設,未開設,未開設
ref:E4321000064111,E4321000064111,菊池市,泗水中学校体育館,熊本県菊池市泗水町豊水3490,1,,,330,32.92347,130.774506,未開設,未開設,未開設,未開設,未開設,未開設,未開設,未開設,未開設,未開設,未開設,未開設,未開設
ref:E4321000044111,E4321000044111,菊池市,泗水体育館,熊本県菊池市泗水町福本242-1,1,,,380,32.923348,130.776107,未開設,未開設,未開設,未開設,未開設,未開設,未開設,未開設,未開設,未開設,未開設,未開設,未開設
ref:E4321000065111,E4321000065111,菊池市,泗水公民館,熊本県菊池市泗水町豊水3565,1,,,250,32.924414847688,130.77200012695,未開設,開設（平常）,開設（平常）,開設（平常）,開設（平常）,開設（平常）,開設（平常）,未開設,未開設,未開設,未開設,未開設,未開設
ref:E4321000063111,E4321000063111,菊池市,泗水小学校体育館,熊本県菊池市泗水町豊水3481,1,,,210,32.924476,130.774924,未開設,未開設,未開設,未開設,未開設,未開設,未開設,未開設,未開設,未開設,未開設,未開設,未開設
ref:E4321000057111,E4321000057111,菊池市,泗水東小学校体育館,熊本県菊池市泗水町住吉2851,1,,,190,32.933472,130.808402,未開設,未開設,未開設,未開設,未開設,未開設,未開設,未開設,未開設,未開設,未開設,未開設,未開設
ref:E4321000050111,E4321000050111,菊池市,泗水第2体育館,熊本県菊池市泗水町永2618,1,,,260,32.914882,130.803955,未開設,未開設,未開設,未開設,未開設,未開設,未開設,未開設,未開設,未開設,未開設,未開設,未開設
ref:E4321000049121,E4321000049121,菊池市,泗水苑,熊本県菊池市泗水町永1021,,,要配慮者,,32.9259402738071,130.803028066742,未開設,未開設,未開設,未開設,未開設,未開設,未開設,未開設,未開設,未開設,未開設,未開設,未開設
ref:E4321000058111,E4321000058111,菊池市,泗水西小学校体育館,熊本県菊池市泗水町田島333,1,,,170,32.931461,130.742276,未開設,未開設,未開設,未開設,未開設,未開設,未開設,未開設,未開設,未開設,未開設,未開設,未開設
ref:E4321000022121,E4321000022121,菊池市,清泉,熊本県菊池市七城町亀尾2429,,,要配慮者,,32.9550992227321,130.768263708879,未開設,未開設,未開設,未開設,未開設,未開設,未開設,未開設,未開設,未開設,未開設,未開設,未開設
ref:E4321000033111,E4321000033111,菊池市,花房小学校体育館,熊本県菊池市出田2516,1,,,170,32.954245,130.795055,未開設,未開設,未開設,未開設,未開設,未開設,未開設,未開設,未開設,未開設,未開設,未開設,未開設
ref:E4321000074111,E4321000074111,菊池市,花房支館,熊本県菊池市出田2532-1,1,,,20,32.954112,130.795505,未開設,未開設,未開設,未開設,未開設,未開設,未開設,未開設,未開設,未開設,未開設,未開設,未開設
ref:E4321000036111,E4321000036111,菊池市,菊之池小学校体育館,熊本県菊池市西寺1928,1,,,150,32.968706,130.789618,未開設,未開設,未開設,未開設,未開設,未開設,未開設,未開設,未開設,未開設,未開設,未開設,未開設
ref:E4321000009111,E4321000009111,菊池市,菊池北中学校体育館,熊本県菊池市隈府1515,1,,,520,32.992141,130.81918,未開設,未開設,未開設,未開設,未開設,未開設,未開設,未開設,未開設,未開設,未開設,未開設,未開設
ref:E4321000010111,E4321000010111,菊池市,菊池北小学校体育館,熊本県菊池市隈府1530-1,1,,,260,32.992494,130.816047,未開設,未開設,未開設,未開設,未開設,未開設,未開設,未開設,未開設,未開設,未開設,未開設,未開設
ref:E4321000013111,E4321000013111,菊池市,菊池南中学校体育館,熊本県菊池市隈府833,1,,,320,32.97810185,130.8110639,未開設,未開設,未開設,未開設,未開設,未開設,未開設,未開設,未開設,未開設,未開設,未開設,未開設
ref:E4321000016111,E4321000016111,菊池市,菊池南中学校武道場,熊本県菊池市隈府900-1,1,,,240,32.979799,130.811848,未開設,未開設,未開設,未開設,未開設,未開設,未開設,未開設,未開設,未開設,未開設,未開設,未開設
ref:E4321000053121,E4321000053121,菊池市,菊池園,熊本県菊池市泗水町吉富17-1,,,要配慮者,,32.9377938408018,130.795327246967,未開設,未開設,未開設,未開設,未開設,未開設,未開設,未開設,未開設,未開設,未開設,未開設,未開設
ref:E4321000017111,E4321000017111,菊池市,菊池市ふれあい交流センター,熊本県菊池市袈裟尾445-12,1,,,30,32.992183,130.797587,未開設,未開設,未開設,未開設,未開設,未開設,未開設,未開設,未開設,未開設,未開設,未開設,未開設
web:800711b2a96d7aa91b26,,菊池市,菊池市生涯学習センター,菊池市隈府872,,,,220,32.97901737,130.8145388,未開設,開設（平常）,開設（平常）,開設（平常）,開設（平常）,開設（平常）,開設（平常）,開設（平常）,開設（平常）,未開設,未開設,未開設,未開設
ref:E4321000071111,E4321000071111,菊池市,菊池市生涯学習センター(中央公民館),熊本県菊池市隈府872-1,1,,,220,32.978941,130.814527,未開設,未開設,未開設,未開設,未開設,未開設,未開設,未開設,未開設,未開設,未開設,未開設,未開設
ref:E4321000015111,E4321000015111,菊池市,菊池市福祉会館,熊本県菊池市隈府888,1,,,90,32.980475,130.812773,未開設,未開設,未開設,未開設,未開設,未開設,未開設,未開設,未開設,未開設,未開設,未開設,未開設
ref:E4321000047111,E4321000047111,菊池市,菊池市総合体育館,熊本県菊池市亘538-2,1,,,990,32.987042,130.822617,未開設,未開設,未開設,未開設,未開設,未開設,未開設,未開設,未開設,未開設,未開設,未開設,未開設
ref:E4321000045111,E4321000045111,菊池市,菊池市龍門地域活性化支援センター(旧龍門小学校校舎),熊本県菊池市龍門356,1,,,,33.02546149,130.8418333,未開設,未開設,未開設,未開設,未開設,未開設,未開設,未開設,未開設,未開設,未開設,未開設,未開設
ref:E4321000011111,E4321000011111,菊池市,菊池老人福祉センター,熊本県菊池市隈府432-1,1,,,60,32.981553,130.805576,未開設,未開設,未開設,未開設,未開設,未開設,未開設,未開設,未開設,未開設,未開設,未開設,未開設
ref:E4321000035112,E4321000035112,菊池市,西部市民センター,熊本県菊池市西寺1371-1,,,,,32.970526,130.785721,未開設,未開設,未開設,未開設,未開設,未開設,未開設,未開設,未開設,未開設,未開設,未開設,未開設
ref:E4321000076111,E4321000076111,菊池市,迫間支館,熊本県菊池市大平645-1,1,,,30,32.997843,130.830176,未開設,未開設,未開設,未開設,未開設,未開設,未開設,未開設,未開設,未開設,未開設,未開設,未開設
ref:E4321000032111,E4321000032111,菊池市,迫龍ふれあいセンター,熊本県菊池市重味3296,1,,,30,33.013203,130.854324,未開設,未開設,未開設,未開設,未開設,未開設,未開設,未開設,未開設,未開設,未開設,未開設,未開設
ref:E4321000012111,E4321000012111,菊池市,隈府小学校体育館,熊本県菊池市隈府792,1,,,230,32.979418,130.810631,未開設,未開設,未開設,未開設,未開設,未開設,未開設,未開設,未開設,未開設,未開設,未開設,未開設
ref:E4340400018111,E4340400018111,菊陽町,ふれあいの森研修センター,熊本県菊陽町大字原水4652-24,1,,,60,32.878829,130.832249,未開設,未開設,未開設,未開設,未開設,未開設,未開設,未開設,未開設,未開設,未開設,未開設,未開設
ref:E4340400028121,E4340400028121,菊陽町,ふれあい交流・福祉支援センター,熊本県菊陽町武蔵ヶ丘北1-6-34,,,要配慮者,50,32.8606479567913,130.768294772792,未開設,未開設,未開設,未開設,未開設,未開設,未開設,未開設,未開設,未開設,未開設,未開設,未開設
ref:E4340400024111,E4340400024111,菊陽町,三里木町民センター,熊本県菊陽町大字津久礼2962-2,1,,,130,32.86258,130.794819,未開設,未開設,未開設,未開設,未開設,未開設,未開設,未開設,未開設,未開設,未開設,未開設,未開設
ref:E4340400022111,E4340400022111,菊陽町,上津久礼公民館,熊本県菊陽町大字津久礼1157-2,1,,,130,32.857482,130.812845,未開設,未開設,未開設,未開設,未開設,未開設,未開設,未開設,未開設,未開設,未開設,未開設,未開設
ref:E4340400023111,E4340400023111,菊陽町,下津久礼公民館,熊本県菊陽町大字津久礼1786-2,1,,,70,32.857955,130.80383,未開設,未開設,未開設,未開設,未開設,未開設,未開設,未開設,未開設,未開設,未開設,未開設,未開設
ref:E4340400004111,E4340400004111,菊陽町,光の森町民センター(体育館),熊本県菊陽町光の森2-1-1,1,,,400,32.859422019717,130.77875293539,未開設,未開設,未開設,未開設,未開設,未開設,未開設,未開設,未開設,未開設,未開設,未開設,未開設
ref:E4340400004121,E4340400004121,菊陽町,光の森町民センター(地域センター),熊本県菊陽町光の森2-1-1,1,,要配慮者,400,32.859422019717,130.77875293539,未開設,未開設,未開設,未開設,未開設,未開設,未開設,未開設,未開設,未開設,未開設,未開設,未開設
ref:E4340400015111,E4340400015111,菊陽町,南部町民センター,熊本県菊陽町大字曲手498-3,1,,,140,32.850228,130.834436,未開設,未開設,未開設,未開設,未開設,未開設,未開設,未開設,未開設,未開設,未開設,未開設,未開設
ref:E4340400016121,E4340400016121,菊陽町,図書館ホール,熊本県菊陽町大字原水1438-1,,,要配慮者,100,32.8668170937526,130.808832461366,未開設,未開設,未開設,未開設,未開設,未開設,未開設,未開設,未開設,未開設,未開設,未開設,未開設
ref:E4340400006111,E4340400006111,菊陽町,東部町民センター,熊本県菊陽町大字久保田1309-2,1,,,110,32.856312,130.846866,未開設,未開設,未開設,未開設,未開設,未開設,未開設,未開設,未開設,未開設,未開設,未開設,未開設
ref:E4340400002111,E4340400002111,菊陽町,武蔵ヶ丘コミュニティセンタ及び武蔵ヶ丘中学校武道場,熊本県菊陽町光の森1-3517-3,1,,,290,32.860231286874,130.77555810185,未開設,未開設,未開設,未開設,未開設,未開設,未開設,未開設,未開設,未開設,未開設,未開設,未開設
ref:E4340400003111,E4340400003111,菊陽町,武蔵ヶ丘中学校,熊本県菊陽町光の森1-3518,1,,,2770,32.860121744049,130.77631637301,未開設,未開設,未開設,未開設,未開設,未開設,未開設,未開設,未開設,未開設,未開設,未開設,未開設
ref:E4340400032111,E4340400032111,菊陽町,武蔵ヶ丘北小学校,熊本県菊陽町武蔵ヶ丘北3-5-2,,,,1380,32.862204,130.765562,未開設,未開設,未開設,未開設,未開設,未開設,未開設,未開設,未開設,未開設,未開設,未開設,未開設
ref:E4340400027111,E4340400027111,菊陽町,武蔵ヶ丘小学校,熊本県菊陽町武蔵ヶ丘北1-2-1,,,,1910,32.857803,130.767983,未開設,未開設,未開設,未開設,未開設,未開設,未開設,未開設,未開設,未開設,未開設,未開設,未開設
ref:E4340400009111,E4340400009111,菊陽町,町民体育館,熊本県菊陽町大字久保田2598,1,,,510,32.861277,130.828626,未開設,未開設,未開設,未開設,未開設,未開設,未開設,未開設,未開設,未開設,未開設,未開設,未開設
ref:E4340400010121,E4340400010121,菊陽町,福祉センター,熊本県菊陽町大字久保田2623,,,要配慮者,40,32.860964,130.82902,未開設,開設（平常）,開設（平常）,開設（平常）,開設（平常）,開設（平常）,未開設,未開設,未開設,未開設,未開設,未開設,未開設
ref:E4340400020121,E4340400020121,菊陽町,総合交流ターミナル さんふれあ,熊本県菊陽町大字原水5359,,,要配慮者,105,32.8684202488617,130.805540067902,未開設,未開設,未開設,未開設,未開設,未開設,未開設,未開設,未開設,未開設,未開設,未開設,未開設
ref:E4340400007111,E4340400007111,菊陽町,菊陽中学校,熊本県菊陽町大字久保田2563,1,,,4300,32.861358,130.827954,未開設,未開設,未開設,未開設,未開設,未開設,未開設,未開設,未開設,未開設,未開設,未開設,未開設
ref:E4340400025111,E4340400025111,菊陽町,菊陽中部小学校,熊本県菊陽町大字津久礼411,1,,,1960,32.859564,130.825147,未開設,未開設,未開設,未開設,未開設,未開設,未開設,未開設,未開設,未開設,未開設,未開設,未開設
ref:E4340400017111,E4340400017111,菊陽町,菊陽北小学校,熊本県菊陽町大字原水4652,1,,,1310,32.877429,130.831176,未開設,未開設,未開設,未開設,未開設,未開設,未開設,未開設,未開設,未開設,未開設,未開設,未開設
ref:E4340400013111,E4340400013111,菊陽町,菊陽南小学校,熊本県菊陽町大字曲手397,1,,,1350,32.850623,130.835496,未開設,未開設,未開設,未開設,未開設,未開設,未開設,未開設,未開設,未開設,未開設,未開設,未開設
ref:E4340400019111,E4340400019111,菊陽町,菊陽杉並木公園 管理センター,熊本県菊陽町大字原水5326,1,,,100,32.8672,130.80607,未開設,未開設,未開設,未開設,未開設,未開設,未開設,未開設,未開設,未開設,未開設,未開設,未開設
ref:E4340400033111,E4340400033111,菊陽町,菊陽町総合体育館,熊本県菊陽町大字原水5352-3,1,,,850,32.868684,130.803357,未開設,開設（平常）,開設（平常）,開設（平常）,開設（平常）,開設（平常）,未開設,未開設,未開設,未開設,未開設,未開設,未開設
ref:E4340400021111,E4340400021111,菊陽町,菊陽西小学校,熊本県菊陽町大字原水5666-40,1,,,3040,32.865959,130.792762,未開設,未開設,未開設,未開設,未開設,未開設,未開設,未開設,未開設,未開設,未開設,未開設,未開設
ref:E4340400030111,E4340400030111,菊陽町,西部町民センター,熊本県菊陽町武蔵ヶ丘北3-5-1,,,,90,32.862032,130.76649,未開設,開設（平常）,開設（平常）,未開設,未開設,未開設,未開設,未開設,未開設,未開設,未開設,未開設,未開設
ref:E4343200005121,E4343200005121,西原村,みどりの館,熊本県西原村布田897-1,,,要配慮者,50,32.8293832447846,130.883766899645,未開設,未開設,未開設,未開設,未開設,未開設,未開設,未開設,未開設,未開設,未開設,未開設,未開設
ref:E4343200002111,E4343200002111,西原村,山西小学校,熊本県西原村小森2767,,,,700,32.841949,130.912496,未開設,未開設,未開設,未開設,未開設,未開設,未開設,未開設,未開設,未開設,未開設,未開設,未開設
ref:E4343200001111,E4343200001111,西原村,河原小学校,熊本県西原村河原976,,,,700,32.812597,130.888318,未開設,未開設,未開設,未開設,未開設,未開設,未開設,未開設,未開設,未開設,未開設,未開設,未開設
ref:E4343200004111,E4343200004111,西原村,西原中学校,熊本県西原村小森3251,,,,660,32.835927,130.902486,未開設,未開設,未開設,未開設,未開設,未開設,未開設,未開設,未開設,未開設,未開設,未開設,未開設
ref:E4343200007111,E4343200007111,西原村,西原村総合体育館,熊本県西原村大字小森3161,,,,770,32.836873,130.900163,未開設,開設（平常）,開設（平常）,未開設,未開設,未開設,未開設,未開設,未開設,未開設,未開設,未開設,未開設
ref:E4343200003111,E4343200003111,西原村,西原村農業構造改善センター,熊本県西原村小森3204-1,1,,,600,32.8371437348246,130.902505893204,未開設,未開設,未開設,未開設,未開設,未開設,未開設,未開設,未開設,未開設,未開設,未開設,未開設
ref:E4350100005111,E4350100005111,錦町,一武小学校体育館,熊本県錦町大字一武2658,,,,500,32.198781591313,130.84256484589,未開設,未開設,未開設,未開設,未開設,未開設,未開設,未開設,未開設,未開設,未開設,未開設,未開設
refgroup:eaf4d73dd9ceb531908b,E4350100009111;E4350100009112,錦町,木上小学校体育館,熊本県錦町大字木上北2737,,,,500,32.22732096,130.8403728,未開設,未開設,未開設,未開設,未開設,未開設,未開設,未開設,未開設,未開設,未開設,未開設,未開設
ref:E4350100010121,E4350100010121,錦町,特別養護老人ホームにしき園,熊本県錦町大字木上北150-1,,,,50,32.226301990943,130.81301358868,未開設,未開設,未開設,未開設,未開設,未開設,未開設,未開設,未開設,未開設,未開設,未開設,未開設
ref:E4350100011121,E4350100011121,錦町,特別養護老人ホーム錦寿豊苑,熊本県錦町大字一武1234,,,,8,32.203866150601,130.83186855249,未開設,未開設,未開設,未開設,未開設,未開設,未開設,未開設,未開設,未開設,未開設,未開設,未開設
ref:E4350100007111,E4350100007111,錦町,西コミュニティセンター,熊本県錦町大字西266,1,,,200,32.19252409,130.823062,未開設,未開設,未開設,未開設,未開設,未開設,未開設,未開設,未開設,未開設,未開設,未開設,未開設
ref:E4350100006111,E4350100006111,錦町,西小学校体育館,熊本県錦町大字西1132,,,,500,32.19895273976,130.82064516828,未開設,未開設,未開設,未開設,未開設,未開設,未開設,未開設,未開設,未開設,未開設,未開設,未開設
ref:E4350100001111,E4350100001111,錦町,錦中学校体育館,熊本県錦町大字一武1115,,,,800,32.201525607434,130.82926776057,未開設,未開設,未開設,未開設,未開設,未開設,未開設,未開設,未開設,未開設,未開設,未開設,未開設
ref:E4350100004111,E4350100004111,錦町,錦勤労者体育センター,熊本県錦町大字一武1930,,,,1000,32.203454722004,130.83948554316,未開設,未開設,未開設,未開設,未開設,未開設,未開設,未開設,未開設,未開設,未開設,未開設,未開設
ref:E4350100002121,E4350100002121,錦町,錦町保健センター,熊本県錦町大字一武1502-1,,,障害児等,,32.199424663407,130.84110835816,未開設,未開設,未開設,未開設,未開設,未開設,未開設,未開設,未開設,未開設,未開設,未開設,未開設
ref:E4350100003111,E4350100003111,錦町,錦町総合福祉センター,熊本県錦町大字一武1587,1,,,200,32.201306447654,130.84184980333,未開設,開設（平常）,未開設,未開設,未開設,未開設,未開設,未開設,未開設,未開設,未開設,未開設,未開設
ref:E4336800023111,E4336800023111,長洲町,長洲こどもの海保育園,熊本県長洲町大字腹赤70,1,,,430,32.9198629069331,130.474896535662,未開設,未開設,未開設,未開設,未開設,未開設,未開設,未開設,未開設,未開設,未開設,未開設,未開設
ref:E4336800018111,E4336800018111,長洲町,長洲町中央公民館,熊本県長洲町大字長洲2772-2,1,,,660,32.928882005206,130.45235972884,未開設,未開設,未開設,未開設,未開設,未開設,未開設,未開設,未開設,未開設,未開設,未開設,未開設
ref:E4336800007111,E4336800007111,長洲町,長洲町地域福祉センター,熊本県長洲町大字宮野999,1,,,,32.932771,130.479191,未開設,未開設,未開設,未開設,未開設,未開設,未開設,未開設,未開設,未開設,未開設,未開設,未開設
ref:E4336800020112,E4336800020112,長洲町,長洲町民体育館,熊本県長洲町大字長洲805-1,1,,,318,32.940227,130.440215,未開設,未開設,未開設,未開設,未開設,未開設,未開設,未開設,未開設,未開設,未開設,未開設,未開設
ref:E4336800016111,E4336800016111,長洲町,長洲町町民研修センター,熊本県長洲町大字長洲1443,1,,,413,32.93259,130.443774,未開設,未開設,未開設,未開設,未開設,未開設,未開設,未開設,未開設,未開設,未開設,未開設,未開設
ref:E4336800006111,E4336800006111,長洲町,長洲町立六栄小学校,熊本県長洲町大字宮野957-1,1,,,465,32.933271033331,130.47684182209,未開設,未開設,未開設,未開設,未開設,未開設,未開設,未開設,未開設,未開設,未開設,未開設,未開設
ref:E4336800008111,E4336800008111,長洲町,長洲町立清里小学校,熊本県長洲町大字高浜1250,1,,,389,32.939873012263,130.45603589815,未開設,未開設,未開設,未開設,未開設,未開設,未開設,未開設,未開設,未開設,未開設,未開設,未開設
ref:E4336800022111,E4336800022111,長洲町,長洲町立腹赤小学校,熊本県長洲町大字腹赤125,1,,,467,32.920233600533,130.47339762698,未開設,未開設,未開設,未開設,未開設,未開設,未開設,未開設,未開設,未開設,未開設,未開設,未開設
ref:E4336800024111,E4336800024111,長洲町,長洲町立長洲中学校,熊本県長洲町大字腹赤732,1,,,403,32.926563584447,130.47334032143,未開設,未開設,未開設,未開設,未開設,未開設,未開設,未開設,未開設,未開設,未開設,未開設,未開設
ref:E4336800017111,E4336800017111,長洲町,長洲町立長洲小学校,熊本県長洲町大字長洲1776,1,,,500,32.931687014763,130.446435,未開設,未開設,未開設,未開設,未開設,未開設,未開設,未開設,未開設,未開設,未開設,未開設,未開設
ref:E4321400042111,E4321400042111,阿蘇市,やすらぎ交流館,熊本県阿蘇市波野大字小地野663-1,1,,,300,32.956444,131.218939,未開設,未開設,未開設,未開設,未開設,未開設,未開設,未開設,未開設,未開設,未開設,未開設,未開設
ref:E4321400003111,E4321400003111,阿蘇市,一の宮中学校体育館,熊本県阿蘇市一の宮町宮地1669-2,1,,,500,32.950866,131.123373,未開設,未開設,未開設,未開設,未開設,未開設,未開設,未開設,未開設,未開設,未開設,未開設,未開設
ref:E4321400005111,E4321400005111,阿蘇市,一の宮体育館,熊本県阿蘇市一の宮町宮地2318-1,1,,,280,32.939126,131.115569,未開設,未開設,未開設,未開設,未開設,未開設,未開設,未開設,未開設,未開設,未開設,未開設,未開設
ref:E4321400004111,E4321400004111,阿蘇市,一の宮小学校体育館,熊本県阿蘇市一の宮町宮地1680,1,,,650,32.94940452,131.1219811,未開設,未開設,未開設,未開設,未開設,未開設,未開設,未開設,未開設,未開設,未開設,未開設,未開設
ref:E4321400002111,E4321400002111,阿蘇市,一の宮農業構造改善センター,熊本県阿蘇市一の宮町宮地1288,1,,,120,32.937754,131.125423,未開設,未開設,未開設,未開設,未開設,未開設,未開設,未開設,未開設,未開設,未開設,未開設,未開設
ref:E4321400012111,E4321400012111,阿蘇市,中通体育館,熊本県阿蘇市一の宮町中通1521,1,,,340,32.964277,131.11159,未開設,未開設,未開設,未開設,未開設,未開設,未開設,未開設,未開設,未開設,未開設,未開設,未開設
ref:E4321400013111,E4321400013111,阿蘇市,中通公民館,熊本県阿蘇市一の宮町中通1646-4,1,,,80,32.96379,131.113299,未開設,未開設,未開設,未開設,未開設,未開設,未開設,未開設,未開設,未開設,未開設,未開設,未開設
ref:E4321400016111,E4321400016111,阿蘇市,乙姫体育館,熊本県阿蘇市乙姫1612,1,,,150,32.94018,131.040974,未開設,未開設,未開設,未開設,未開設,未開設,未開設,未開設,未開設,未開設,未開設,未開設,未開設
ref:E4321400021111,E4321400021111,阿蘇市,今町公民館,熊本県阿蘇市今町52-1,1,,,60,32.97024,131.072075,未開設,未開設,未開設,未開設,未開設,未開設,未開設,未開設,未開設,未開設,未開設,未開設,未開設
ref:E4321400014111,E4321400014111,阿蘇市,古城体育館,熊本県阿蘇市一の宮町中通2177,1,,,340,32.970176,131.128874,未開設,未開設,未開設,未開設,未開設,未開設,未開設,未開設,未開設,未開設,未開設,未開設,未開設
ref:E4321400009111,E4321400009111,阿蘇市,国立阿蘇青少年交流の家,熊本県阿蘇市一の宮町宮地6029-1,1,,,400,32.976041,131.051049,未開設,未開設,未開設,未開設,未開設,未開設,未開設,未開設,未開設,未開設,未開設,未開設,未開設
ref:E4321400010111,E4321400010111,阿蘇市,坂梨体育館,熊本県阿蘇市一の宮町坂梨3028,1,,,380,32.93691,131.131149,未開設,未開設,未開設,未開設,未開設,未開設,未開設,未開設,未開設,未開設,未開設,未開設,未開設
ref:E4321400011111,E4321400011111,阿蘇市,坂梨公民館,熊本県阿蘇市一の宮町坂梨846-1,1,,,70,32.937261026129,131.13769478043,未開設,未開設,未開設,未開設,未開設,未開設,未開設,未開設,未開設,未開設,未開設,未開設,未開設
ref:E4321400025111,E4321400025111,阿蘇市,尾ケ石東部体育館,熊本県阿蘇市狩尾675,1,,,180,32.952255,131.019001,未開設,未開設,未開設,未開設,未開設,未開設,未開設,未開設,未開設,未開設,未開設,未開設,未開設
ref:E4321400027111,E4321400027111,阿蘇市,山田体育館,熊本県阿蘇市小野田567-2,1,,,200,32.96996,131.089168,未開設,未開設,未開設,未開設,未開設,未開設,未開設,未開設,未開設,未開設,未開設,未開設,未開設
ref:E4321400023111,E4321400023111,阿蘇市,旧JA阿蘇尾ケ石支所,熊本県阿蘇市狩尾1456-1,1,,,80,32.94604859,131.009005,未開設,未開設,未開設,未開設,未開設,未開設,未開設,未開設,未開設,未開設,未開設,未開設,未開設
ref:E4321400030111,E4321400030111,阿蘇市,旧深葉分校(校舎),熊本県阿蘇市西湯浦1464-87,1,,,100,33.007824,130.975973,未開設,未開設,未開設,未開設,未開設,未開設,未開設,未開設,未開設,未開設,未開設,未開設,未開設
ref:E4321400015111,E4321400015111,阿蘇市,永草公民館,熊本県阿蘇市永草2685,1,,,50,32.937479,131.024988,未開設,未開設,未開設,未開設,未開設,未開設,未開設,未開設,未開設,未開設,未開設,未開設,未開設
ref:E4321400047111,E4321400047111,阿蘇市,波野中学校体育館,熊本県阿蘇市波野大字波野3748,1,,,370,32.940328,131.200703,未開設,未開設,未開設,未開設,未開設,未開設,未開設,未開設,未開設,未開設,未開設,未開設,未開設
ref:E4321400045111,E4321400045111,阿蘇市,波野体育館,熊本県阿蘇市波野大字波野2709-1,1,,,260,32.932915,131.230583,未開設,未開設,未開設,未開設,未開設,未開設,未開設,未開設,未開設,未開設,未開設,未開設,未開設
ref:E4321400044111,E4321400044111,阿蘇市,波野保健福祉センター,熊本県阿蘇市波野大字波野2703,1,,,480,32.933314,131.231057,未開設,未開設,未開設,未開設,未開設,未開設,未開設,未開設,未開設,未開設,未開設,未開設,未開設
ref:E4321400046111,E4321400046111,阿蘇市,波野小学校体育館,熊本県阿蘇市波野大字波野3742-1,1,,,270,32.940383,131.201136,未開設,未開設,未開設,未開設,未開設,未開設,未開設,未開設,未開設,未開設,未開設,未開設,未開設
ref:E4321400024111,E4321400024111,阿蘇市,狩尾1区公民館,熊本県阿蘇市狩尾503-4,1,,,60,32.95665748,131.0354716,未開設,未開設,未開設,未開設,未開設,未開設,未開設,未開設,未開設,未開設,未開設,未開設,未開設
ref:E4321400026111,E4321400026111,阿蘇市,狩尾2区公民館,熊本県阿蘇市狩尾682-5,1,,,60,32.951618,131.019441,未開設,未開設,未開設,未開設,未開設,未開設,未開設,未開設,未開設,未開設,未開設,未開設,未開設
ref:E4321400001111,E4321400001111,阿蘇市,荻の草公民館,熊本県阿蘇市一の宮町荻の草438,1,,,30,33.029646,131.15126,未開設,未開設,未開設,未開設,未開設,未開設,未開設,未開設,未開設,未開設,未開設,未開設,未開設
ref:E4321400031111,E4321400031111,阿蘇市,赤水公民館,熊本県阿蘇市赤水920-16,1,,,60,32.917735,130.995528,未開設,未開設,未開設,未開設,未開設,未開設,未開設,未開設,未開設,未開設,未開設,未開設,未開設
ref:E4321400032111,E4321400032111,阿蘇市,跡ケ瀬公民館,熊本県阿蘇市跡ケ瀬165-4,1,,,,32.933975,131.005212,未開設,未開設,未開設,未開設,未開設,未開設,未開設,未開設,未開設,未開設,未開設,未開設,未開設
ref:E4321400048111,E4321400048111,阿蘇市,農村婦人の家,熊本県阿蘇市波野大字波野872-5,1,,,80,32.90827271,131.1794436,未開設,未開設,未開設,未開設,未開設,未開設,未開設,未開設,未開設,未開設,未開設,未開設,未開設
ref:E4321400038111,E4321400038111,阿蘇市,農村環境改善センター,熊本県阿蘇市内牧976-2,1,,,350,32.970303,131.0427,未開設,未開設,未開設,未開設,未開設,未開設,未開設,未開設,未開設,未開設,未開設,未開設,未開設
ref:E4321400041111,E4321400041111,阿蘇市,道の駅「波野」神楽苑,熊本県阿蘇市波野大字小地野1602,1,,,50,32.959886,131.19726,未開設,未開設,未開設,未開設,未開設,未開設,未開設,未開設,未開設,未開設,未開設,未開設,未開設
ref:E4321400043111,E4321400043111,阿蘇市,郷土芸能伝承館,熊本県阿蘇市波野大字波野1502-4,1,,,60,32.916142,131.179846,未開設,未開設,未開設,未開設,未開設,未開設,未開設,未開設,未開設,未開設,未開設,未開設,未開設
ref:E4321400006111,E4321400006111,阿蘇市,阿蘇中央高校阿蘇清峰校舎体育館,熊本県阿蘇市一の宮町宮地4131,1,,,450,32.953143,131.099924,未開設,未開設,未開設,未開設,未開設,未開設,未開設,未開設,未開設,未開設,未開設,未開設,未開設
ref:E4321400037111,E4321400037111,阿蘇市,阿蘇中学校体育館,熊本県阿蘇市内牧609,1,,,500,32.968051,131.037404,未開設,未開設,未開設,未開設,未開設,未開設,未開設,未開設,未開設,未開設,未開設,未開設,未開設
ref:E4321400036111,E4321400036111,阿蘇市,阿蘇体育館(武道場含む),熊本県阿蘇市内牧267,1,,,850,32.976753,131.039857,未開設,未開設,未開設,未開設,未開設,未開設,未開設,未開設,未開設,未開設,未開設,未開設,未開設
ref:E4321400049111,E4321400049111,阿蘇市,阿蘇市コミュニティセンター,熊本県阿蘇市役犬原324-1,1,,,100,32.949991,131.095238,未開設,未開設,未開設,未開設,未開設,未開設,未開設,未開設,未開設,未開設,未開設,未開設,未開設
ref:E4321400033111,E4321400033111,阿蘇市,阿蘇西小学校体育館,熊本県阿蘇市的石1494,1,,,200,32.927342,131.001526,未開設,未開設,未開設,未開設,未開設,未開設,未開設,未開設,未開設,未開設,未開設,未開設,未開設
ref:E4321400052111,E4321400052111,阿蘇市,阿蘇郡市医師会,熊本県阿蘇市黒川1178,1,,,150,32.9300953,131.0801711,未開設,未開設,未開設,未開設,未開設,未開設,未開設,未開設,未開設,未開設,未開設,未開設,未開設
ref:E4321400022111,E4321400022111,阿蘇市,鷲の石公民館,熊本県阿蘇市山田1632-3,1,,,60,32.973881,131.100525,未開設,未開設,未開設,未開設,未開設,未開設,未開設,未開設,未開設,未開設,未開設,未開設,未開設
ref:E4343300055111,E4343300055111,阿蘇郡南阿蘇村,(旧)長陽西部小学校体育館,熊本県阿蘇郡南阿蘇村河陽4964,,,,100,32.886209,130.993893,未開設,未開設,未開設,未開設,未開設,未開設,未開設,未開設,未開設,未開設,未開設,未開設,未開設
ref:E4342800021111,E4342800021111,高森町,尾下体育館,熊本県高森町大字尾下3920,1,,,100,32.8590678104264,131.256483698575,未開設,未開設,未開設,未開設,未開設,未開設,未開設,未開設,未開設,未開設,未開設,未開設,未開設
ref:E4342800006111,E4342800006111,高森町,昭和地区公民館,熊本県高森町大字高森1539-3,,,,70,32.8204219991473,131.122976248504,未開設,未開設,未開設,未開設,未開設,未開設,未開設,未開設,未開設,未開設,未開設,未開設,未開設
ref:E4342800002111,E4342800002111,高森町,河原生涯学習センター体育館,熊本県高森町大字河原2113-1,1,,,100,32.8850757609216,131.241592074123,未開設,未開設,未開設,未開設,未開設,未開設,未開設,未開設,未開設,未開設,未開設,未開設,未開設
ref:E4342800001111,E4342800001111,高森町,河原総合センター,熊本県高森町大字河原1138-1,,,,100,32.886182014744,131.247301011871,未開設,未開設,未開設,未開設,未開設,未開設,未開設,未開設,未開設,未開設,未開設,未開設,未開設
ref:E4342800017111,E4342800017111,高森町,色見保育園,熊本県高森町大字色見1135,,,,50,32.8434283235685,131.122049273989,未開設,未開設,未開設,未開設,未開設,未開設,未開設,未開設,未開設,未開設,未開設,未開設,未開設
ref:E4342800018111,E4342800018111,高森町,色見生涯学習センター体育館,熊本県高森町大字色見1136,1,,,200,32.8432127084927,131.122271382146,未開設,未開設,未開設,未開設,未開設,未開設,未開設,未開設,未開設,未開設,未開設,未開設,未開設
ref:E4342800017112,E4342800017112,高森町,色見総合センター,熊本県高森町大字色見1135,,,,100,32.8433749914409,131.121876718106,未開設,未開設,未開設,未開設,未開設,未開設,未開設,未開設,未開設,未開設,未開設,未開設,未開設
ref:E4342800003111,E4342800003111,高森町,草部生涯学習センター体育館,熊本県高森町大字芹口1533,1,,,100,32.7847873709819,131.215262897632,未開設,未開設,未開設,未開設,未開設,未開設,未開設,未開設,未開設,未開設,未開設,未開設,未開設
ref:E4342800019111,E4342800019111,高森町,草部総合センター,熊本県高森町大字草部2286,1,,,100,32.7819550948528,131.216142662194,未開設,未開設,未開設,未開設,未開設,未開設,未開設,未開設,未開設,未開設,未開設,未開設,未開設
ref:E4342800004111,E4342800004111,高森町,高森中央小学校体育館,熊本県高森町大字高森1100,1,,,200,32.81384124995,131.126808757519,未開設,未開設,未開設,未開設,未開設,未開設,未開設,未開設,未開設,未開設,未開設,未開設,未開設
ref:E4342800010111,E4342800010111,高森町,高森中学校体育館,熊本県高森町大字高森1955,1,,,200,32.8226677263131,131.123810047557,未開設,未開設,未開設,未開設,未開設,未開設,未開設,未開設,未開設,未開設,未開設,未開設,未開設
ref:E4342800023111,E4342800023111,高森町,高森東学園義務教育学校(旧中学校)体育館,熊本県高森町大字野尻1912,,,,100,32.825721788016,131.24469613984,未開設,未開設,未開設,未開設,未開設,未開設,未開設,未開設,未開設,未開設,未開設,未開設,未開設
ref:E4342800022111,E4342800022111,高森町,高森東学園義務教育学校(旧小学校)体育館,熊本県高森町大字野尻1897,1,,,100,32.824529454846,131.245613455328,未開設,未開設,未開設,未開設,未開設,未開設,未開設,未開設,未開設,未開設,未開設,未開設,未開設
ref:E4342800020111,E4342800020111,高森町,高森町朋遊館,熊本県高森町大字津留43-1,1,,,100,32.8304416215207,131.261753213103,未開設,未開設,未開設,未開設,未開設,未開設,未開設,未開設,未開設,未開設,未開設,未開設,未開設
ref:E4342800015111,E4342800015111,高森町,高森町民体育館,熊本県高森町大字上色見2813,,,,300,32.8462886214276,131.148723485062,未開設,未開設,未開設,未開設,未開設,未開設,未開設,未開設,未開設,未開設,未開設,未開設,未開設
ref:E4342800009111,E4342800009111,高森町,高森町観光交流センター,熊本県高森町大字高森1614-3,,,,100,32.8184551328456,131.125942166733,未開設,未開設,未開設,未開設,未開設,未開設,未開設,未開設,未開設,未開設,未開設,未開設,未開設
ref:E4342800011111,E4342800011111,高森町,高森総合センター,熊本県高森町大字高森2168,,,,100,32.8275155180787,131.121774240364,未開設,未開設,未開設,未開設,未開設,未開設,未開設,未開設,未開設,未開設,未開設,未開設,未開設
ref:E4342800024111,E4342800024111,高森町,高森自然学校,熊本県高森町大字矢津田223,1,,,100,32.8235933479568,131.192511571742,未開設,未開設,未開設,未開設,未開設,未開設,未開設,未開設,未開設,未開設,未開設,未開設,未開設
ref:E4342800005111,E4342800005111,高森町,高森芙蓉館,熊本県高森町大字高森1258-1,,,,50,32.8158220826755,131.126676514136,未開設,未開設,未開設,未開設,未開設,未開設,未開設,未開設,未開設,未開設,未開設,未開設,未開設
ref:E4342800007111,E4342800007111,高森町,高森高校,熊本県高森町大字高森1557,,,,70,32.8209004296205,131.125100799374,未開設,未開設,未開設,未開設,未開設,未開設,未開設,未開設,未開設,未開設,未開設,未開設,未開設
web:67470bf53cd86bb5ad79,,益城町,益城町地域共生センターカタル,益城町木山592,,,,300,32.8001832836204,130.817423509106,未開設,未開設,未開設,未開設,未開設,未開設,未開設,未開設,未開設,未開設,未開設,開設（平常）,開設（平常）
