snapshot_date_jst,retrieved_at_jst,source_updated_at_text,source_updated_at_jst,shelter_id,web_shelter_id,municipality,shelter_name,opening_status,is_open,congestion_status,evacuee_count,address,route_search,change_type,previous_opening_status,previous_congestion_status,previous_evacuee_count,source_url,record_hash,raw_row_json,reference_match_status,reference_match_method,reference_match_score,reference_match_count,reference_no,reference_common_id,reference_common_ids,reference_facility_name,reference_address,reference_same_address_as_emergency_site,reference_other_mayor_matters,reference_accepted_persons,reference_latitude,reference_longitude,reference_all_coordinates_json,reference_notes,reference_rows_json,reference_candidates_json,reference_source_file,reference_source_sha256,portal_shelter_id,portal_capacity_persons,portal_capacity_raw,capacity_source,capacity_acquired_at_jst,capacity_match_status,capacity_match_method,capacity_match_score,portal_latitude,portal_longitude,manual_latitude,manual_longitude,manual_geocode_status,manual_geocode_method,manual_geocode_source_file,manual_geocode_source_sha256,latitude,longitude,coordinate_source,coordinate_method,coordinate_status
2026-07-30,2026-07-30T00:22:48+09:00,26/07/30 00:22時点の避難所状況の一覧です。,2026-07-30T00:22+09:00,web:1b11ebfc9830472e8eb5,1b11ebfc9830472e8eb5,あさぎり町,あさぎり町ヘルシーランド,開設,true,平常,,あさぎり町上北1874,検索,,,,,https://portal.bousai.pref.kumamoto.jp/sp.html?p=evacuation%2Fshelter&l=15-0&ll=32.63819999999999%2C130.77610000000004&z=9&municipalityCd=430005,10eaab5c1d8b268ebe715ae7b87674fd89f1479a993ffc467e2347faabddac67,"{""ルート検索"": ""検索"", ""住所"": ""あさぎり町上北1874"", ""市町村"": ""あさぎり町"", ""混雑状況"": ""平常"", ""避難所名"": ""あさぎり町ヘルシーランド"", ""開設状況"": ""開設""}",unmatched,no_candidate,,0,,,,,,,,,,,[],,[],[],reference/43000_1.csv,dd6686fa000c3e720180ba96d02aacff987aec1bba3c9bc69a5867fc0089d10d,00002044,3668,3668,kumamoto_portal_map,2026-08-01T00:28:20+09:00,matched,portal_shelter_id,1.000,32.217332,130.900221,32.21724352,130.9004991,matched,manual_shelter_id,マニュアルジオコーディング(1).csv,35f5dae36fe4e9577c53f227bd933e4604ed40e589ee27a700add2b32438424c,32.21724352,130.9004991,manual_geocoding,manual_shelter_id,complete
2026-07-30,2026-07-30T00:22:48+09:00,26/07/30 00:22時点の避難所状況の一覧です。,2026-07-30T00:22+09:00,web:004f009ef73a81acd8e5,004f009ef73a81acd8e5,あさぎり町,せきれい館,開設,true,平常,,あさぎり町深田西955-1,検索,,,,,https://portal.bousai.pref.kumamoto.jp/sp.html?p=evacuation%2Fshelter&l=15-0&ll=32.63819999999999%2C130.77610000000004&z=9&municipalityCd=430005,a06c33577779113e50bf7255f3db01eafa85be5b56f1d19a1f550a5b707c3f62,"{""ルート検索"": ""検索"", ""住所"": ""あさぎり町深田西955-1"", ""市町村"": ""あさぎり町"", ""混雑状況"": ""平常"", ""避難所名"": ""せきれい館"", ""開設状況"": ""開設""}",unmatched,no_candidate,,0,,,,,,,,,,,[],,[],[],reference/43000_1.csv,dd6686fa000c3e720180ba96d02aacff987aec1bba3c9bc69a5867fc0089d10d,00002025,1287,1287,kumamoto_portal_map,2026-08-01T00:28:20+09:00,matched,portal_shelter_id,1.000,32.243895,130.873136,32.2439056,130.8730801,matched,manual_shelter_id,マニュアルジオコーディング(1).csv,35f5dae36fe4e9577c53f227bd933e4604ed40e589ee27a700add2b32438424c,32.2439056,130.8730801,manual_geocoding,manual_shelter_id,complete
2026-07-30,2026-07-30T00:22:48+09:00,26/07/30 00:22時点の避難所状況の一覧です。,2026-07-30T00:22+09:00,web:eebebe302b998b3791fa,eebebe302b998b3791fa,あさぎり町,ポッポー館,開設,true,平常,,あさぎり町免田東1482-2,検索,,,,,https://portal.bousai.pref.kumamoto.jp/sp.html?p=evacuation%2Fshelter&l=15-0&ll=32.63819999999999%2C130.77610000000004&z=9&municipalityCd=430005,aad1365b5fd7a8bc118ceef14bb7791413570bdff43abbb87b9e1dd178661824,"{""ルート検索"": ""検索"", ""住所"": ""あさぎり町免田東1482-2"", ""市町村"": ""あさぎり町"", ""混雑状況"": ""平常"", ""避難所名"": ""ポッポー館"", ""開設状況"": ""開設""}",unmatched,no_candidate,,0,,,,,,,,,,,[],,[],[],reference/43000_1.csv,dd6686fa000c3e720180ba96d02aacff987aec1bba3c9bc69a5867fc0089d10d,00002031,1247,1247,kumamoto_portal_map,2026-08-01T00:28:20+09:00,matched,portal_shelter_id,1.000,32.236421,130.894224,32.23641108,130.8942766,matched,manual_shelter_id,マニュアルジオコーディング(1).csv,35f5dae36fe4e9577c53f227bd933e4604ed40e589ee27a700add2b32438424c,32.23641108,130.8942766,manual_geocoding,manual_shelter_id,complete
2026-07-30,2026-07-30T00:22:48+09:00,26/07/30 00:22時点の避難所状況の一覧です。,2026-07-30T00:22+09:00,web:3a8404b0106119c2a485,3a8404b0106119c2a485,あさぎり町,岡原かえで館,開設,true,平常,,あさぎり町岡原北929,検索,,,,,https://portal.bousai.pref.kumamoto.jp/sp.html?p=evacuation%2Fshelter&l=15-0&ll=32.63819999999999%2C130.77610000000004&z=9&municipalityCd=430005,9e25199d9498fa65919063eb2be49fe0bed57a4c3f919f9ba1893e4ccd4220d5,"{""ルート検索"": ""検索"", ""住所"": ""あさぎり町岡原北929"", ""市町村"": ""あさぎり町"", ""混雑状況"": ""平常"", ""避難所名"": ""岡原かえで館"", ""開設状況"": ""開設""}",unmatched,no_candidate,,0,,,,,,,,,,,[],,[],[],reference/43000_1.csv,dd6686fa000c3e720180ba96d02aacff987aec1bba3c9bc69a5867fc0089d10d,00002022,2400,2400,kumamoto_portal_map,2026-08-01T00:28:20+09:00,matched,portal_shelter_id,1.000,32.240069,130.929357,32.24013735,130.9294546,matched,manual_shelter_id,マニュアルジオコーディング(1).csv,35f5dae36fe4e9577c53f227bd933e4604ed40e589ee27a700add2b32438424c,32.24013735,130.9294546,manual_geocoding,manual_shelter_id,complete
2026-07-30,2026-07-30T00:22:48+09:00,26/07/30 00:22時点の避難所状況の一覧です。,2026-07-30T00:22+09:00,web:279a6521403b63e3b4fb,279a6521403b63e3b4fb,あさぎり町,須恵文化ホール,開設,true,不明,,熊本県あさぎり町須恵,検索,,,,,https://portal.bousai.pref.kumamoto.jp/sp.html?p=evacuation%2Fshelter&l=15-0&ll=32.63819999999999%2C130.77610000000004&z=9&municipalityCd=430005,2025e445cff886a2d71f1ce2438876b510a7c3e457fe85e67232866441bc757e,"{""ルート検索"": ""検索"", ""住所"": ""熊本県あさぎり町須恵"", ""市町村"": ""あさぎり町"", ""混雑状況"": ""不明"", ""避難所名"": ""須恵文化ホール"", ""開設状況"": ""開設""}",unmatched,no_candidate,,0,,,,,,,,,,,[],,[],[],reference/43000_1.csv,dd6686fa000c3e720180ba96d02aacff987aec1bba3c9bc69a5867fc0089d10d,00002250,,0,kumamoto_portal_map,2026-08-01T00:28:20+09:00,matched,portal_shelter_id,1.000,32.266178598092374,130.90128421783447,32.26668266,130.9002305,matched,manual_shelter_id,マニュアルジオコーディング(1).csv,35f5dae36fe4e9577c53f227bd933e4604ed40e589ee27a700add2b32438424c,32.26668266,130.9002305,manual_geocoding,manual_shelter_id,complete
2026-07-30,2026-07-30T00:22:48+09:00,26/07/30 00:22時点の避難所状況の一覧です。,2026-07-30T00:22+09:00,web:e42624d1160f6df2b798,e42624d1160f6df2b798,上天草市,市役所松島庁舎,開設,true,平常,,上天草市松島町合津7915-1,検索,,,,,https://portal.bousai.pref.kumamoto.jp/sp.html?p=evacuation%2Fshelter&l=15-0&ll=32.63819999999999%2C130.77610000000004&z=9&municipalityCd=430005,02937592feed8e0e95eecceb48ad5aeca73981adcc9c5b4fb962db8d0c09f7b0,"{""ルート検索"": ""検索"", ""住所"": ""上天草市松島町合津7915-1"", ""市町村"": ""上天草市"", ""混雑状況"": ""平常"", ""避難所名"": ""市役所松島庁舎"", ""開設状況"": ""開設""}",unmatched,no_candidate,,0,,,,,,,,,,,[],,[],[],reference/43000_1.csv,dd6686fa000c3e720180ba96d02aacff987aec1bba3c9bc69a5867fc0089d10d,00001092,104,104,kumamoto_portal_map,2026-08-01T00:28:20+09:00,matched,portal_shelter_id,1.000,32.518613,130.432593,32.51827884,130.432705,matched,manual_shelter_id,マニュアルジオコーディング(1).csv,35f5dae36fe4e9577c53f227bd933e4604ed40e589ee27a700add2b32438424c,32.51827884,130.432705,manual_geocoding,manual_shelter_id,complete
2026-07-30,2026-07-30T00:22:48+09:00,26/07/30 00:22時点の避難所状況の一覧です。,2026-07-30T00:22+09:00,web:c9b5d28a0b103a2afed7,c9b5d28a0b103a2afed7,八代市,さかもと青少年センター分館,開設,true,---,,八代市坂本町中谷い1270,検索,,,,,https://portal.bousai.pref.kumamoto.jp/sp.html?p=evacuation%2Fshelter&l=15-0&ll=32.63819999999999%2C130.77610000000004&z=9&municipalityCd=430005,47ac208c3c159ec739a13a1b17986381321db812e6f07100e8f9e43effe8b6d5,"{""ルート検索"": ""検索"", ""住所"": ""八代市坂本町中谷い1270"", ""市町村"": ""八代市"", ""混雑状況"": ""---"", ""避難所名"": ""さかもと青少年センター分館"", ""開設状況"": ""開設""}",unmatched,no_candidate,,0,,,,,,,,,,,[],,[],[],reference/43000_1.csv,dd6686fa000c3e720180ba96d02aacff987aec1bba3c9bc69a5867fc0089d10d,00000750,150,150,kumamoto_portal_map,2026-08-01T00:28:20+09:00,matched,portal_shelter_id,1.000,32.443409,130.66913,32.44345307,130.669119,matched,manual_shelter_id,マニュアルジオコーディング(1).csv,35f5dae36fe4e9577c53f227bd933e4604ed40e589ee27a700add2b32438424c,32.44345307,130.669119,manual_geocoding,manual_shelter_id,complete
2026-07-30,2026-07-30T00:22:48+09:00,26/07/30 00:22時点の避難所状況の一覧です。,2026-07-30T00:22+09:00,web:8ea216df3abe1685c187,8ea216df3abe1685c187,八代市,みんなの家(中津道),開設,true,---,,熊本県八代市坂本町中津道300,検索,,,,,https://portal.bousai.pref.kumamoto.jp/sp.html?p=evacuation%2Fshelter&l=15-0&ll=32.63819999999999%2C130.77610000000004&z=9&municipalityCd=430005,107d624cd04523d5eeac643d5c8dccedea39aab00ccdbcb6af4d8e425051051a,"{""ルート検索"": ""検索"", ""住所"": ""熊本県八代市坂本町中津道300"", ""市町村"": ""八代市"", ""混雑状況"": ""---"", ""避難所名"": ""みんなの家(中津道)"", ""開設状況"": ""開設""}",unmatched,no_candidate,,0,,,,,,,,,,,[],,[],[],reference/43000_1.csv,dd6686fa000c3e720180ba96d02aacff987aec1bba3c9bc69a5867fc0089d10d,00002305,30,30,kumamoto_portal_map,2026-08-01T00:28:20+09:00,matched,portal_shelter_id,1.000,32.3819908976471,130.6545426746153,32.38254779,130.6546295,matched,manual_shelter_id,マニュアルジオコーディング(1).csv,35f5dae36fe4e9577c53f227bd933e4604ed40e589ee27a700add2b32438424c,32.38254779,130.6546295,manual_geocoding,manual_shelter_id,complete
2026-07-30,2026-07-30T00:22:48+09:00,26/07/30 00:22時点の避難所状況の一覧です。,2026-07-30T00:22+09:00,web:843372517cc28fb05bb6,843372517cc28fb05bb6,八代市,久多良木多目的集会施設,開設,true,---,,八代市坂本町百済来下694,検索,,,,,https://portal.bousai.pref.kumamoto.jp/sp.html?p=evacuation%2Fshelter&l=15-0&ll=32.63819999999999%2C130.77610000000004&z=9&municipalityCd=430005,4df309d565c5e7f868831c178f9e423b93d452cc2ca8f47e734a6f73b2e722f7,"{""ルート検索"": ""検索"", ""住所"": ""八代市坂本町百済来下694"", ""市町村"": ""八代市"", ""混雑状況"": ""---"", ""避難所名"": ""久多良木多目的集会施設"", ""開設状況"": ""開設""}",unmatched,no_candidate,,0,,,,,,,,,,,[],,[],[],reference/43000_1.csv,dd6686fa000c3e720180ba96d02aacff987aec1bba3c9bc69a5867fc0089d10d,00000704,100,100,kumamoto_portal_map,2026-08-01T00:28:20+09:00,matched,portal_shelter_id,1.000,32.39717961887801,130.59679985046387,32.39685703,130.5963205,matched,manual_shelter_id,マニュアルジオコーディング(1).csv,35f5dae36fe4e9577c53f227bd933e4604ed40e589ee27a700add2b32438424c,32.39685703,130.5963205,manual_geocoding,manual_shelter_id,complete
2026-07-30,2026-07-30T00:22:48+09:00,26/07/30 00:22時点の避難所状況の一覧です。,2026-07-30T00:22+09:00,web:1b6fa2f886fba25b241b,1b6fa2f886fba25b241b,八代市,二見コミュニティセンター,開設,true,平常,,八代市二見下大野町2432-1,検索,,,,,https://portal.bousai.pref.kumamoto.jp/sp.html?p=evacuation%2Fshelter&l=15-0&ll=32.63819999999999%2C130.77610000000004&z=9&municipalityCd=430005,37abc3cf72a74020ecc737089d3342758f455737c850a9a13ff0ec1044fc4b1a,"{""ルート検索"": ""検索"", ""住所"": ""八代市二見下大野町2432-1"", ""市町村"": ""八代市"", ""混雑状況"": ""平常"", ""避難所名"": ""二見コミュニティセンター"", ""開設状況"": ""開設""}",unmatched,fuzzy_below_threshold,0.761,0,,,,,,,,,,,[],,[],"[{""NO"": ""1223"", ""その他市町村長が必要と認める事項"": """", ""住所"": ""熊本県八代市昭和明徴町730-1"", ""備考"": """", ""共通ID"": ""E4320200054111"", ""受入対象者"": """", ""指定緊急避難場所との住所同一"": ""1"", ""施設・場所名"": ""昭和コミュニティセンター"", ""経度"": ""130.6036164"", ""緯度"": ""32.55967579""}, {""NO"": ""1237"", ""その他市町村長が必要と認める事項"": """", ""住所"": ""熊本県八代市泉町栗木5866"", ""備考"": """", ""共通ID"": ""E4320200081111"", ""受入対象者"": """", ""指定緊急避難場所との住所同一"": ""1"", ""施設・場所名"": ""泉コミュニティセンター"", ""経度"": ""130.808105877186"", ""緯度"": ""32.5457986916214""}, {""NO"": ""1216"", ""その他市町村長が必要と認める事項"": """", ""住所"": ""熊本県八代市古城町2259"", ""備考"": """", ""共通ID"": ""E4320200033111"", ""受入対象者"": """", ""指定緊急避難場所との住所同一"": ""1"", ""施設・場所名"": ""麦島コミュニティセンター"", ""経度"": ""130.5926186"", ""緯度"": ""32.49742503""}]",reference/43000_1.csv,dd6686fa000c3e720180ba96d02aacff987aec1bba3c9bc69a5867fc0089d10d,00000695,200,200,kumamoto_portal_map,2026-08-01T00:28:20+09:00,matched,portal_shelter_id,1.000,32.407212,130.558888,32.40723164,130.5588755,matched,manual_shelter_id,マニュアルジオコーディング(1).csv,35f5dae36fe4e9577c53f227bd933e4604ed40e589ee27a700add2b32438424c,32.40723164,130.5588755,manual_geocoding,manual_shelter_id,complete
2026-07-30,2026-07-30T00:22:48+09:00,26/07/30 00:22時点の避難所状況の一覧です。,2026-07-30T00:22+09:00,web:d041a260fd1c907e244b,d041a260fd1c907e244b,八代市,二見中学校,開設,true,---,,八代市二見本町852,検索,,,,,https://portal.bousai.pref.kumamoto.jp/sp.html?p=evacuation%2Fshelter&l=15-0&ll=32.63819999999999%2C130.77610000000004&z=9&municipalityCd=430005,82b6fdaea068ef8c9f6eefbb1468f34dec86d64b8d2eb0dc6f0df6dd7cb0a5e1,"{""ルート検索"": ""検索"", ""住所"": ""八代市二見本町852"", ""市町村"": ""八代市"", ""混雑状況"": ""---"", ""避難所名"": ""二見中学校"", ""開設状況"": ""開設""}",unmatched,no_candidate,,0,,,,,,,,,,,[],,[],[],reference/43000_1.csv,dd6686fa000c3e720180ba96d02aacff987aec1bba3c9bc69a5867fc0089d10d,00000741,410,410,kumamoto_portal_map,2026-08-01T00:28:20+09:00,matched,portal_shelter_id,1.000,32.403379,130.557866,32.40341066,130.557775,matched,manual_shelter_id,マニュアルジオコーディング(1).csv,35f5dae36fe4e9577c53f227bd933e4604ed40e589ee27a700add2b32438424c,32.40341066,130.557775,manual_geocoding,manual_shelter_id,complete
2026-07-30,2026-07-30T00:22:48+09:00,26/07/30 00:22時点の避難所状況の一覧です。,2026-07-30T00:22+09:00,web:72f6dcdf42be5b1c9c60,72f6dcdf42be5b1c9c60,八代市,二見小学校,開設,true,---,,八代市二見下大野町2258-1,検索,,,,,https://portal.bousai.pref.kumamoto.jp/sp.html?p=evacuation%2Fshelter&l=15-0&ll=32.63819999999999%2C130.77610000000004&z=9&municipalityCd=430005,d3114283cf3132a71112050321a410f6fdf24cf0177eefb816b3cb552064dc26,"{""ルート検索"": ""検索"", ""住所"": ""八代市二見下大野町2258-1"", ""市町村"": ""八代市"", ""混雑状況"": ""---"", ""避難所名"": ""二見小学校"", ""開設状況"": ""開設""}",unmatched,no_candidate,,0,,,,,,,,,,,[],,[],[],reference/43000_1.csv,dd6686fa000c3e720180ba96d02aacff987aec1bba3c9bc69a5867fc0089d10d,00000732,610,610,kumamoto_portal_map,2026-08-01T00:28:20+09:00,matched,portal_shelter_id,1.000,32.407312,130.559832,32.40750466,130.5597266,matched,manual_shelter_id,マニュアルジオコーディング(1).csv,35f5dae36fe4e9577c53f227bd933e4604ed40e589ee27a700add2b32438424c,32.40750466,130.5597266,manual_geocoding,manual_shelter_id,complete
2026-07-30,2026-07-30T00:22:48+09:00,26/07/30 00:22時点の避難所状況の一覧です。,2026-07-30T00:22+09:00,web:fb3044a2b79afc80e386,fb3044a2b79afc80e386,八代市,今泉地区公民館,開設,true,平常,,熊本県八代市坂本町西部ろ1292番地,検索,,,,,https://portal.bousai.pref.kumamoto.jp/sp.html?p=evacuation%2Fshelter&l=15-0&ll=32.63819999999999%2C130.77610000000004&z=9&municipalityCd=430005,3c1cd08c93a61d23a5fd22b7ac4b69d09e41124b377c9733a2284b553cd5c6f5,"{""ルート検索"": ""検索"", ""住所"": ""熊本県八代市坂本町西部ろ1292番地"", ""市町村"": ""八代市"", ""混雑状況"": ""平常"", ""避難所名"": ""今泉地区公民館"", ""開設状況"": ""開設""}",unmatched,no_candidate,,0,,,,,,,,,,,[],,[],[],reference/43000_1.csv,dd6686fa000c3e720180ba96d02aacff987aec1bba3c9bc69a5867fc0089d10d,00002299,40,40,kumamoto_portal_map,2026-08-01T00:28:20+09:00,matched,portal_shelter_id,1.000,32.470608472097545,130.63879203022225,32.47076399,130.6387398,matched,manual_shelter_id,マニュアルジオコーディング(1).csv,35f5dae36fe4e9577c53f227bd933e4604ed40e589ee27a700add2b32438424c,32.47076399,130.6387398,manual_geocoding,manual_shelter_id,complete
2026-07-30,2026-07-30T00:22:48+09:00,26/07/30 00:22時点の避難所状況の一覧です。,2026-07-30T00:22+09:00,web:78670aceb0f1a33db766,78670aceb0f1a33db766,八代市,代陽コミュニティセンター,開設,true,混雑,,八代市西松江城町2-18,検索,,,,,https://portal.bousai.pref.kumamoto.jp/sp.html?p=evacuation%2Fshelter&l=15-0&ll=32.63819999999999%2C130.77610000000004&z=9&municipalityCd=430005,dfa109ea9043c5690cc95f5d71432ec54576703fc7d44ec10f1aafce3aca5f01,"{""ルート検索"": ""検索"", ""住所"": ""八代市西松江城町2-18"", ""市町村"": ""八代市"", ""混雑状況"": ""混雑"", ""避難所名"": ""代陽コミュニティセンター"", ""開設状況"": ""開設""}",unmatched,fuzzy_below_threshold,0.781,0,,,,,,,,,,,[],,[],"[{""NO"": ""1237"", ""その他市町村長が必要と認める事項"": """", ""住所"": ""熊本県八代市泉町栗木5866"", ""備考"": """", ""共通ID"": ""E4320200081111"", ""受入対象者"": """", ""指定緊急避難場所との住所同一"": ""1"", ""施設・場所名"": ""泉コミュニティセンター"", ""経度"": ""130.808105877186"", ""緯度"": ""32.5457986916214""}, {""NO"": ""1216"", ""その他市町村長が必要と認める事項"": """", ""住所"": ""熊本県八代市古城町2259"", ""備考"": """", ""共通ID"": ""E4320200033111"", ""受入対象者"": """", ""指定緊急避難場所との住所同一"": ""1"", ""施設・場所名"": ""麦島コミュニティセンター"", ""経度"": ""130.5926186"", ""緯度"": ""32.49742503""}, {""NO"": ""1223"", ""その他市町村長が必要と認める事項"": """", ""住所"": ""熊本県八代市昭和明徴町730-1"", ""備考"": """", ""共通ID"": ""E4320200054111"", ""受入対象者"": """", ""指定緊急避難場所との住所同一"": ""1"", ""施設・場所名"": ""昭和コミュニティセンター"", ""経度"": ""130.6036164"", ""緯度"": ""32.55967579""}]",reference/43000_1.csv,dd6686fa000c3e720180ba96d02aacff987aec1bba3c9bc69a5867fc0089d10d,00000694,200,200,kumamoto_portal_map,2026-08-01T00:28:20+09:00,matched,portal_shelter_id,1.000,32.507089,130.597324,32.50711793,130.597334,matched,manual_shelter_id,マニュアルジオコーディング(1).csv,35f5dae36fe4e9577c53f227bd933e4604ed40e589ee27a700add2b32438424c,32.50711793,130.597334,manual_geocoding,manual_shelter_id,complete
2026-07-30,2026-07-30T00:22:48+09:00,26/07/30 00:22時点の避難所状況の一覧です。,2026-07-30T00:22+09:00,web:b276f19a065b0486ded4,b276f19a065b0486ded4,八代市,代陽小学校,開設,true,---,,八代市北の丸町1-7,検索,,,,,https://portal.bousai.pref.kumamoto.jp/sp.html?p=evacuation%2Fshelter&l=15-0&ll=32.63819999999999%2C130.77610000000004&z=9&municipalityCd=430005,9dc0e235c835f422158c8e07db56aa28feafc1be32ae2e2a7b5f652205f63c65,"{""ルート検索"": ""検索"", ""住所"": ""八代市北の丸町1-7"", ""市町村"": ""八代市"", ""混雑状況"": ""---"", ""避難所名"": ""代陽小学校"", ""開設状況"": ""開設""}",unmatched,no_candidate,,0,,,,,,,,,,,[],,[],[],reference/43000_1.csv,dd6686fa000c3e720180ba96d02aacff987aec1bba3c9bc69a5867fc0089d10d,00000719,1000,1000,kumamoto_portal_map,2026-08-01T00:28:20+09:00,matched,portal_shelter_id,1.000,32.509506,130.601759,32.50952708,130.6017492,matched,manual_shelter_id,マニュアルジオコーディング(1).csv,35f5dae36fe4e9577c53f227bd933e4604ed40e589ee27a700add2b32438424c,32.50952708,130.6017492,manual_geocoding,manual_shelter_id,complete
2026-07-30,2026-07-30T00:22:48+09:00,26/07/30 00:22時点の避難所状況の一覧です。,2026-07-30T00:22+09:00,web:bb62aded1e4ed62ec037,bb62aded1e4ed62ec037,八代市,八代コミュニティセンター,開設,true,---,,八代市新地町6-3,検索,,,,,https://portal.bousai.pref.kumamoto.jp/sp.html?p=evacuation%2Fshelter&l=15-0&ll=32.63819999999999%2C130.77610000000004&z=9&municipalityCd=430005,6988c8e7f85619e417b519a63497e30999cc8642769387cfe4027f18d15868dc,"{""ルート検索"": ""検索"", ""住所"": ""八代市新地町6-3"", ""市町村"": ""八代市"", ""混雑状況"": ""---"", ""避難所名"": ""八代コミュニティセンター"", ""開設状況"": ""開設""}",unmatched,fuzzy_below_threshold,0.799,0,,,,,,,,,,,[],,[],"[{""NO"": ""1228"", ""その他市町村長が必要と認める事項"": """", ""住所"": ""熊本県八代市上野町1193-1"", ""備考"": """", ""共通ID"": ""E4320200059111"", ""受入対象者"": """", ""指定緊急避難場所との住所同一"": ""1"", ""施設・場所名"": ""八千把コミュニティセンター"", ""経度"": ""130.6141942"", ""緯度"": ""32.51841666""}, {""NO"": ""1237"", ""その他市町村長が必要と認める事項"": """", ""住所"": ""熊本県八代市泉町栗木5866"", ""備考"": """", ""共通ID"": ""E4320200081111"", ""受入対象者"": """", ""指定緊急避難場所との住所同一"": ""1"", ""施設・場所名"": ""泉コミュニティセンター"", ""経度"": ""130.808105877186"", ""緯度"": ""32.5457986916214""}, {""NO"": ""1223"", ""その他市町村長が必要と認める事項"": """", ""住所"": ""熊本県八代市昭和明徴町730-1"", ""備考"": """", ""共通ID"": ""E4320200054111"", ""受入対象者"": """", ""指定緊急避難場所との住所同一"": ""1"", ""施設・場所名"": ""昭和コミュニティセンター"", ""経度"": ""130.6036164"", ""緯度"": ""32.55967579""}]",reference/43000_1.csv,dd6686fa000c3e720180ba96d02aacff987aec1bba3c9bc69a5867fc0089d10d,00000699,200,200,kumamoto_portal_map,2026-08-01T00:28:20+09:00,matched,portal_shelter_id,1.000,32.509161,130.590519,32.50916831,130.5905641,matched,manual_shelter_id,マニュアルジオコーディング(1).csv,35f5dae36fe4e9577c53f227bd933e4604ed40e589ee27a700add2b32438424c,32.50916831,130.5905641,manual_geocoding,manual_shelter_id,complete
2026-07-30,2026-07-30T00:22:48+09:00,26/07/30 00:22時点の避難所状況の一覧です。,2026-07-30T00:22+09:00,web:452a87fd3b7d540aee9a,452a87fd3b7d540aee9a,八代市,八代小学校,開設,true,---,,八代市新地町4-1,検索,,,,,https://portal.bousai.pref.kumamoto.jp/sp.html?p=evacuation%2Fshelter&l=15-0&ll=32.63819999999999%2C130.77610000000004&z=9&municipalityCd=430005,e492038130ba72be7bf57581ebd7bba2c9cd7bf4afbaf0dbd78cb1c73b167f36,"{""ルート検索"": ""検索"", ""住所"": ""八代市新地町4-1"", ""市町村"": ""八代市"", ""混雑状況"": ""---"", ""避難所名"": ""八代小学校"", ""開設状況"": ""開設""}",unmatched,no_candidate,,0,,,,,,,,,,,[],,[],[],reference/43000_1.csv,dd6686fa000c3e720180ba96d02aacff987aec1bba3c9bc69a5867fc0089d10d,00000718,1120,1120,kumamoto_portal_map,2026-08-01T00:28:20+09:00,matched,portal_shelter_id,1.000,32.509678,130.591491,32.50936386,130.5914653,matched,manual_shelter_id,マニュアルジオコーディング(1).csv,35f5dae36fe4e9577c53f227bd933e4604ed40e589ee27a700add2b32438424c,32.50936386,130.5914653,manual_geocoding,manual_shelter_id,complete
2026-07-30,2026-07-30T00:22:48+09:00,26/07/30 00:22時点の避難所状況の一覧です。,2026-07-30T00:22+09:00,web:0b835744d3c0961a7b99,0b835744d3c0961a7b99,八代市,八代支援学校,開設,true,---,,熊本県八代市高島町1-6,検索,,,,,https://portal.bousai.pref.kumamoto.jp/sp.html?p=evacuation%2Fshelter&l=15-0&ll=32.63819999999999%2C130.77610000000004&z=9&municipalityCd=430005,c205a26451ecc6565f5e87795cac2843ba86538cffafe929a7572f20d1bfd59d,"{""ルート検索"": ""検索"", ""住所"": ""熊本県八代市高島町1-6"", ""市町村"": ""八代市"", ""混雑状況"": ""---"", ""避難所名"": ""八代支援学校"", ""開設状況"": ""開設""}",unmatched,no_candidate,,0,,,,,,,,,,,[],,[],[],reference/43000_1.csv,dd6686fa000c3e720180ba96d02aacff987aec1bba3c9bc69a5867fc0089d10d,00002260,56,56,kumamoto_portal_map,2026-08-01T00:28:20+09:00,matched,portal_shelter_id,1.000,32.52161374898702,130.57932146386213,32.52125277,130.579444,matched,manual_shelter_id,マニュアルジオコーディング(1).csv,35f5dae36fe4e9577c53f227bd933e4604ed40e589ee27a700add2b32438424c,32.52125277,130.579444,manual_geocoding,manual_shelter_id,complete
2026-07-30,2026-07-30T00:22:48+09:00,26/07/30 00:22時点の避難所状況の一覧です。,2026-07-30T00:22+09:00,web:a182018f3c8496894ba0,a182018f3c8496894ba0,八代市,八千把小学校,開設,true,---,,八代市上野町1131,検索,,,,,https://portal.bousai.pref.kumamoto.jp/sp.html?p=evacuation%2Fshelter&l=15-0&ll=32.63819999999999%2C130.77610000000004&z=9&municipalityCd=430005,07b6b47048840ff55d94854ce46c8584fd42f25de847d06f125042788ac68828,"{""ルート検索"": ""検索"", ""住所"": ""八代市上野町1131"", ""市町村"": ""八代市"", ""混雑状況"": ""---"", ""避難所名"": ""八千把小学校"", ""開設状況"": ""開設""}",unmatched,no_candidate,,0,,,,,,,,,,,[],,[],[],reference/43000_1.csv,dd6686fa000c3e720180ba96d02aacff987aec1bba3c9bc69a5867fc0089d10d,00000725,800,800,kumamoto_portal_map,2026-08-01T00:28:20+09:00,matched,portal_shelter_id,1.000,32.517084,130.613622,32.51721898,130.6135795,matched,manual_shelter_id,マニュアルジオコーディング(1).csv,35f5dae36fe4e9577c53f227bd933e4604ed40e589ee27a700add2b32438424c,32.51721898,130.6135795,manual_geocoding,manual_shelter_id,complete
2026-07-30,2026-07-30T00:22:48+09:00,26/07/30 00:22時点の避難所状況の一覧です。,2026-07-30T00:22+09:00,web:e79d19687486af4f979e,e79d19687486af4f979e,八代市,坂本コミュニティセンター,開設,true,平常,,八代市坂本町坂本4161-1,検索,,,,,https://portal.bousai.pref.kumamoto.jp/sp.html?p=evacuation%2Fshelter&l=15-0&ll=32.63819999999999%2C130.77610000000004&z=9&municipalityCd=430005,9f0e1e81e4ab1837f21b52428b106125de3032a51a4f07e45d225e1376172649,"{""ルート検索"": ""検索"", ""住所"": ""八代市坂本町坂本4161-1"", ""市町村"": ""八代市"", ""混雑状況"": ""平常"", ""避難所名"": ""坂本コミュニティセンター"", ""開設状況"": ""開設""}",unmatched,fuzzy_below_threshold,0.775,0,,,,,,,,,,,[],,[],"[{""NO"": ""1237"", ""その他市町村長が必要と認める事項"": """", ""住所"": ""熊本県八代市泉町栗木5866"", ""備考"": """", ""共通ID"": ""E4320200081111"", ""受入対象者"": """", ""指定緊急避難場所との住所同一"": ""1"", ""施設・場所名"": ""泉コミュニティセンター"", ""経度"": ""130.808105877186"", ""緯度"": ""32.5457986916214""}, {""NO"": ""1223"", ""その他市町村長が必要と認める事項"": """", ""住所"": ""熊本県八代市昭和明徴町730-1"", ""備考"": """", ""共通ID"": ""E4320200054111"", ""受入対象者"": """", ""指定緊急避難場所との住所同一"": ""1"", ""施設・場所名"": ""昭和コミュニティセンター"", ""経度"": ""130.6036164"", ""緯度"": ""32.55967579""}, {""NO"": ""1257"", ""その他市町村長が必要と認める事項"": """", ""住所"": ""熊本県八代市本野町505"", ""備考"": """", ""共通ID"": ""E4320200118111"", ""受入対象者"": """", ""指定緊急避難場所との住所同一"": ""1"", ""施設・場所名"": ""高田コミュニティセンター"", ""経度"": ""130.6167216"", ""緯度"": ""32.48708486""}]",reference/43000_1.csv,dd6686fa000c3e720180ba96d02aacff987aec1bba3c9bc69a5867fc0089d10d,00000676,248,248,kumamoto_portal_map,2026-08-01T00:28:20+09:00,matched,portal_shelter_id,1.000,32.43511,130.65725,32.43640245,130.6579595,matched,manual_shelter_id,マニュアルジオコーディング(1).csv,35f5dae36fe4e9577c53f227bd933e4604ed40e589ee27a700add2b32438424c,32.43640245,130.6579595,manual_geocoding,manual_shelter_id,complete
2026-07-30,2026-07-30T00:22:48+09:00,26/07/30 00:22時点の避難所状況の一覧です。,2026-07-30T00:22+09:00,web:4084009d56265678431f,4084009d56265678431f,八代市,大島公民館(大島分校跡),開設,true,---,,八代市大島町4885,検索,,,,,https://portal.bousai.pref.kumamoto.jp/sp.html?p=evacuation%2Fshelter&l=15-0&ll=32.63819999999999%2C130.77610000000004&z=9&municipalityCd=430005,411954eacc155011b4fd6d56f49548d1a636a373edee121325d19571172c394c,"{""ルート検索"": ""検索"", ""住所"": ""八代市大島町4885"", ""市町村"": ""八代市"", ""混雑状況"": ""---"", ""避難所名"": ""大島公民館(大島分校跡)"", ""開設状況"": ""開設""}",unmatched,no_candidate,,0,,,,,,,,,,,[],,[],[],reference/43000_1.csv,dd6686fa000c3e720180ba96d02aacff987aec1bba3c9bc69a5867fc0089d10d,00000756,80,80,kumamoto_portal_map,2026-08-01T00:28:20+09:00,matched,portal_shelter_id,1.000,32.538586,130.554911,32.53864258,130.5549971,matched,manual_shelter_id,マニュアルジオコーディング(1).csv,35f5dae36fe4e9577c53f227bd933e4604ed40e589ee27a700add2b32438424c,32.53864258,130.5549971,manual_geocoding,manual_shelter_id,complete
2026-07-30,2026-07-30T00:22:48+09:00,26/07/30 00:22時点の避難所状況の一覧です。,2026-07-30T00:22+09:00,web:c29df28aaca34a945e9a,c29df28aaca34a945e9a,八代市,太田郷コミュニティセンター,開設,true,混雑,,八代市井上町601-1,検索,,,,,https://portal.bousai.pref.kumamoto.jp/sp.html?p=evacuation%2Fshelter&l=15-0&ll=32.63819999999999%2C130.77610000000004&z=9&municipalityCd=430005,d340a95a40c3b2f66b6271cf336128ad2e1f8c3d42485f86725091c0e206f42e,"{""ルート検索"": ""検索"", ""住所"": ""八代市井上町601-1"", ""市町村"": ""八代市"", ""混雑状況"": ""混雑"", ""避難所名"": ""太田郷コミュニティセンター"", ""開設状況"": ""開設""}",unmatched,fuzzy_below_threshold,0.803,0,,,,,,,,,,,[],,[],"[{""NO"": ""1257"", ""その他市町村長が必要と認める事項"": """", ""住所"": ""熊本県八代市本野町505"", ""備考"": """", ""共通ID"": ""E4320200118111"", ""受入対象者"": """", ""指定緊急避難場所との住所同一"": ""1"", ""施設・場所名"": ""高田コミュニティセンター"", ""経度"": ""130.6167216"", ""緯度"": ""32.48708486""}, {""NO"": ""1237"", ""その他市町村長が必要と認める事項"": """", ""住所"": ""熊本県八代市泉町栗木5866"", ""備考"": """", ""共通ID"": ""E4320200081111"", ""受入対象者"": """", ""指定緊急避難場所との住所同一"": ""1"", ""施設・場所名"": ""泉コミュニティセンター"", ""経度"": ""130.808105877186"", ""緯度"": ""32.5457986916214""}]",reference/43000_1.csv,dd6686fa000c3e720180ba96d02aacff987aec1bba3c9bc69a5867fc0089d10d,00000682,300,300,kumamoto_portal_map,2026-08-01T00:28:20+09:00,matched,portal_shelter_id,1.000,32.515254,130.630074,32.51526673,130.6300121,matched,manual_shelter_id,マニュアルジオコーディング(1).csv,35f5dae36fe4e9577c53f227bd933e4604ed40e589ee27a700add2b32438424c,32.51526673,130.6300121,manual_geocoding,manual_shelter_id,complete
2026-07-30,2026-07-30T00:22:48+09:00,26/07/30 00:22時点の避難所状況の一覧です。,2026-07-30T00:22+09:00,web:04a1d693386241a40f79,04a1d693386241a40f79,八代市,太田郷小学校,開設,true,---,,八代市日置町445,検索,,,,,https://portal.bousai.pref.kumamoto.jp/sp.html?p=evacuation%2Fshelter&l=15-0&ll=32.63819999999999%2C130.77610000000004&z=9&municipalityCd=430005,9e957d6effe78470404b4aa10e340478c6b8f0781ef624ec4d16deedfc025daf,"{""ルート検索"": ""検索"", ""住所"": ""八代市日置町445"", ""市町村"": ""八代市"", ""混雑状況"": ""---"", ""避難所名"": ""太田郷小学校"", ""開設状況"": ""開設""}",unmatched,no_candidate,,0,,,,,,,,,,,[],,[],[],reference/43000_1.csv,dd6686fa000c3e720180ba96d02aacff987aec1bba3c9bc69a5867fc0089d10d,00000710,1800,1800,kumamoto_portal_map,2026-08-01T00:28:20+09:00,matched,portal_shelter_id,1.000,32.510321,130.62218,32.50956048,130.6229831,matched,manual_shelter_id,マニュアルジオコーディング(1).csv,35f5dae36fe4e9577c53f227bd933e4604ed40e589ee27a700add2b32438424c,32.50956048,130.6229831,manual_geocoding,manual_shelter_id,complete
2026-07-30,2026-07-30T00:22:48+09:00,26/07/30 00:22時点の避難所状況の一覧です。,2026-07-30T00:22+09:00,web:710404e2616b9e6490cb,710404e2616b9e6490cb,八代市,宮地コミュニティセンター,開設,true,平常,,八代市宮地町383,検索,,,,,https://portal.bousai.pref.kumamoto.jp/sp.html?p=evacuation%2Fshelter&l=15-0&ll=32.63819999999999%2C130.77610000000004&z=9&municipalityCd=430005,ef88bc29893bb5d74b53142fab01eb39d03f8a8f46e1df1e611737a47cafdadf,"{""ルート検索"": ""検索"", ""住所"": ""八代市宮地町383"", ""市町村"": ""八代市"", ""混雑状況"": ""平常"", ""避難所名"": ""宮地コミュニティセンター"", ""開設状況"": ""開設""}",unmatched,fuzzy_below_threshold,0.793,0,,,,,,,,,,,[],,[],"[{""NO"": ""1237"", ""その他市町村長が必要と認める事項"": """", ""住所"": ""熊本県八代市泉町栗木5866"", ""備考"": """", ""共通ID"": ""E4320200081111"", ""受入対象者"": """", ""指定緊急避難場所との住所同一"": ""1"", ""施設・場所名"": ""泉コミュニティセンター"", ""経度"": ""130.808105877186"", ""緯度"": ""32.5457986916214""}, {""NO"": ""1223"", ""その他市町村長が必要と認める事項"": """", ""住所"": ""熊本県八代市昭和明徴町730-1"", ""備考"": """", ""共通ID"": ""E4320200054111"", ""受入対象者"": """", ""指定緊急避難場所との住所同一"": ""1"", ""施設・場所名"": ""昭和コミュニティセンター"", ""経度"": ""130.6036164"", ""緯度"": ""32.55967579""}, {""NO"": ""1257"", ""その他市町村長が必要と認める事項"": """", ""住所"": ""熊本県八代市本野町505"", ""備考"": """", ""共通ID"": ""E4320200118111"", ""受入対象者"": """", ""指定緊急避難場所との住所同一"": ""1"", ""施設・場所名"": ""高田コミュニティセンター"", ""経度"": ""130.6167216"", ""緯度"": ""32.48708486""}]",reference/43000_1.csv,dd6686fa000c3e720180ba96d02aacff987aec1bba3c9bc69a5867fc0089d10d,00000697,200,200,kumamoto_portal_map,2026-08-01T00:28:20+09:00,matched,portal_shelter_id,1.000,32.499364,130.639846,32.49941316,130.6398492,matched,manual_shelter_id,マニュアルジオコーディング(1).csv,35f5dae36fe4e9577c53f227bd933e4604ed40e589ee27a700add2b32438424c,32.49941316,130.6398492,manual_geocoding,manual_shelter_id,complete
2026-07-30,2026-07-30T00:22:48+09:00,26/07/30 00:22時点の避難所状況の一覧です。,2026-07-30T00:22+09:00,web:b7c4caf9ce445c310122,b7c4caf9ce445c310122,八代市,宮地小学校,開設,true,---,,八代市宮地町1826,検索,,,,,https://portal.bousai.pref.kumamoto.jp/sp.html?p=evacuation%2Fshelter&l=15-0&ll=32.63819999999999%2C130.77610000000004&z=9&municipalityCd=430005,c3c2840376603b00be937ccfd6c5346518871e8ad6a921fb1163900bff04f5d6,"{""ルート検索"": ""検索"", ""住所"": ""八代市宮地町1826"", ""市町村"": ""八代市"", ""混雑状況"": ""---"", ""避難所名"": ""宮地小学校"", ""開設状況"": ""開設""}",unmatched,no_candidate,,0,,,,,,,,,,,[],,[],[],reference/43000_1.csv,dd6686fa000c3e720180ba96d02aacff987aec1bba3c9bc69a5867fc0089d10d,00000731,640,640,kumamoto_portal_map,2026-08-01T00:28:20+09:00,matched,portal_shelter_id,1.000,32.501075,130.640524,32.50120738,130.6404051,matched,manual_shelter_id,マニュアルジオコーディング(1).csv,35f5dae36fe4e9577c53f227bd933e4604ed40e589ee27a700add2b32438424c,32.50120738,130.6404051,manual_geocoding,manual_shelter_id,complete
2026-07-30,2026-07-30T00:22:48+09:00,26/07/30 00:22時点の避難所状況の一覧です。,2026-07-30T00:22+09:00,web:8513d22811c260b7b14f,8513d22811c260b7b14f,八代市,宮地東コミュニティセンター,開設,true,---,,熊本県八代市東町5497-1,検索,,,,,https://portal.bousai.pref.kumamoto.jp/sp.html?p=evacuation%2Fshelter&l=15-0&ll=32.63819999999999%2C130.77610000000004&z=9&municipalityCd=430005,5ce98afc6dc8cda68285e9e7ca855573044473f253985f6106d5941544c2ea12,"{""ルート検索"": ""検索"", ""住所"": ""熊本県八代市東町5497-1"", ""市町村"": ""八代市"", ""混雑状況"": ""---"", ""避難所名"": ""宮地東コミュニティセンター"", ""開設状況"": ""開設""}",unmatched,fuzzy_below_threshold,0.753,0,,,,,,,,,,,[],,[],"[{""NO"": ""1237"", ""その他市町村長が必要と認める事項"": """", ""住所"": ""熊本県八代市泉町栗木5866"", ""備考"": """", ""共通ID"": ""E4320200081111"", ""受入対象者"": """", ""指定緊急避難場所との住所同一"": ""1"", ""施設・場所名"": ""泉コミュニティセンター"", ""経度"": ""130.808105877186"", ""緯度"": ""32.5457986916214""}]",reference/43000_1.csv,dd6686fa000c3e720180ba96d02aacff987aec1bba3c9bc69a5867fc0089d10d,00002245,43,43,kumamoto_portal_map,2026-08-01T00:28:20+09:00,matched,portal_shelter_id,1.000,32.50628140887411,130.66889762878415,32.50612206,130.668706,matched,manual_shelter_id,マニュアルジオコーディング(1).csv,35f5dae36fe4e9577c53f227bd933e4604ed40e589ee27a700add2b32438424c,32.50612206,130.668706,manual_geocoding,manual_shelter_id,complete
2026-07-30,2026-07-30T00:22:48+09:00,26/07/30 00:22時点の避難所状況の一覧です。,2026-07-30T00:22+09:00,web:4575005230b2c09ac404,4575005230b2c09ac404,八代市,文政小学校,開設,true,---,,八代市鏡町両出1371-1,検索,,,,,https://portal.bousai.pref.kumamoto.jp/sp.html?p=evacuation%2Fshelter&l=15-0&ll=32.63819999999999%2C130.77610000000004&z=9&municipalityCd=430005,c38a57f13c95a3a55d829eea93396c1e04088dcfb94909ed0b8cb40ebc99faf6,"{""ルート検索"": ""検索"", ""住所"": ""八代市鏡町両出1371-1"", ""市町村"": ""八代市"", ""混雑状況"": ""---"", ""避難所名"": ""文政小学校"", ""開設状況"": ""開設""}",unmatched,no_candidate,,0,,,,,,,,,,,[],,[],[],reference/43000_1.csv,dd6686fa000c3e720180ba96d02aacff987aec1bba3c9bc69a5867fc0089d10d,00000768,350,350,kumamoto_portal_map,2026-08-01T00:28:20+09:00,matched,portal_shelter_id,1.000,32.560698,130.633131,32.56071438,130.6332559,matched,manual_shelter_id,マニュアルジオコーディング(1).csv,35f5dae36fe4e9577c53f227bd933e4604ed40e589ee27a700add2b32438424c,32.56071438,130.6332559,manual_geocoding,manual_shelter_id,complete
2026-07-30,2026-07-30T00:22:48+09:00,26/07/30 00:22時点の避難所状況の一覧です。,2026-07-30T00:22+09:00,web:45013d3c698255c52cc1,45013d3c698255c52cc1,八代市,日奈久中学校,開設,true,---,,八代市日奈久竹之内町4332-1,検索,,,,,https://portal.bousai.pref.kumamoto.jp/sp.html?p=evacuation%2Fshelter&l=15-0&ll=32.63819999999999%2C130.77610000000004&z=9&municipalityCd=430005,740cc50f528dfa0de87c7e5b08b672ac4f5eaa38bfc59cab1ef5d7e710e1f1d1,"{""ルート検索"": ""検索"", ""住所"": ""八代市日奈久竹之内町4332-1"", ""市町村"": ""八代市"", ""混雑状況"": ""---"", ""避難所名"": ""日奈久中学校"", ""開設状況"": ""開設""}",unmatched,no_candidate,,0,,,,,,,,,,,[],,[],[],reference/43000_1.csv,dd6686fa000c3e720180ba96d02aacff987aec1bba3c9bc69a5867fc0089d10d,00000729,680,680,kumamoto_portal_map,2026-08-01T00:28:20+09:00,matched,portal_shelter_id,1.000,32.439443,130.579321,32.43916506,130.5793498,matched,manual_shelter_id,マニュアルジオコーディング(1).csv,35f5dae36fe4e9577c53f227bd933e4604ed40e589ee27a700add2b32438424c,32.43916506,130.5793498,manual_geocoding,manual_shelter_id,complete
2026-07-30,2026-07-30T00:22:48+09:00,26/07/30 00:22時点の避難所状況の一覧です。,2026-07-30T00:22+09:00,web:815d88420b847e32a5a4,815d88420b847e32a5a4,八代市,日奈久小学校,開設,true,---,,八代市日奈久竹之内町4277-1,検索,,,,,https://portal.bousai.pref.kumamoto.jp/sp.html?p=evacuation%2Fshelter&l=15-0&ll=32.63819999999999%2C130.77610000000004&z=9&municipalityCd=430005,910e6d98868b95413228015bb9b658a2ae7372f5869e42139758e7455fae2a97,"{""ルート検索"": ""検索"", ""住所"": ""八代市日奈久竹之内町4277-1"", ""市町村"": ""八代市"", ""混雑状況"": ""---"", ""避難所名"": ""日奈久小学校"", ""開設状況"": ""開設""}",unmatched,no_candidate,,0,,,,,,,,,,,[],,[],[],reference/43000_1.csv,dd6686fa000c3e720180ba96d02aacff987aec1bba3c9bc69a5867fc0089d10d,00000720,980,980,kumamoto_portal_map,2026-08-01T00:28:20+09:00,matched,portal_shelter_id,1.000,32.439129,130.581568,32.43916945,130.581419,matched,manual_shelter_id,マニュアルジオコーディング(1).csv,35f5dae36fe4e9577c53f227bd933e4604ed40e589ee27a700add2b32438424c,32.43916945,130.581419,manual_geocoding,manual_shelter_id,complete
2026-07-30,2026-07-30T00:22:48+09:00,26/07/30 00:22時点の避難所状況の一覧です。,2026-07-30T00:22+09:00,web:67fe04dd73a0111b2220,67fe04dd73a0111b2220,八代市,旧泉第一小学校,開設,true,---,,八代市泉町1960,検索,,,,,https://portal.bousai.pref.kumamoto.jp/sp.html?p=evacuation%2Fshelter&l=15-0&ll=32.63819999999999%2C130.77610000000004&z=9&municipalityCd=430005,88d4309e591a429568b94bffb616d683052ac5844d31a8169f8c45012ecd57d2,"{""ルート検索"": ""検索"", ""住所"": ""八代市泉町1960"", ""市町村"": ""八代市"", ""混雑状況"": ""---"", ""避難所名"": ""旧泉第一小学校"", ""開設状況"": ""開設""}",unmatched,no_candidate,,0,,,,,,,,,,,[],,[],[],reference/43000_1.csv,dd6686fa000c3e720180ba96d02aacff987aec1bba3c9bc69a5867fc0089d10d,00000783,250,250,kumamoto_portal_map,2026-08-01T00:28:20+09:00,matched,portal_shelter_id,1.000,32.56787,130.773621,32.5735198,130.7793776,matched,manual_shelter_id,マニュアルジオコーディング(1).csv,35f5dae36fe4e9577c53f227bd933e4604ed40e589ee27a700add2b32438424c,32.5735198,130.7793776,manual_geocoding,manual_shelter_id,complete
2026-07-30,2026-07-30T00:22:48+09:00,26/07/30 00:22時点の避難所状況の一覧です。,2026-07-30T00:22+09:00,web:73509186972ba62f3f09,73509186972ba62f3f09,八代市,昭和小学校,開設,true,---,,八代市昭和明徴町731-2,検索,,,,,https://portal.bousai.pref.kumamoto.jp/sp.html?p=evacuation%2Fshelter&l=15-0&ll=32.63819999999999%2C130.77610000000004&z=9&municipalityCd=430005,5e7b2a6992253a352377c32e6759d63fa174e88a8366d7580020fc67a2cd15dc,"{""ルート検索"": ""検索"", ""住所"": ""八代市昭和明徴町731-2"", ""市町村"": ""八代市"", ""混雑状況"": ""---"", ""避難所名"": ""昭和小学校"", ""開設状況"": ""開設""}",unmatched,no_candidate,,0,,,,,,,,,,,[],,[],[],reference/43000_1.csv,dd6686fa000c3e720180ba96d02aacff987aec1bba3c9bc69a5867fc0089d10d,00000748,240,240,kumamoto_portal_map,2026-08-01T00:28:20+09:00,matched,portal_shelter_id,1.000,32.560711,130.603302,32.56083258,130.6034912,matched,manual_shelter_id,マニュアルジオコーディング(1).csv,35f5dae36fe4e9577c53f227bd933e4604ed40e589ee27a700add2b32438424c,32.56083258,130.6034912,manual_geocoding,manual_shelter_id,complete
2026-07-30,2026-07-30T00:22:48+09:00,26/07/30 00:22時点の避難所状況の一覧です。,2026-07-30T00:22+09:00,web:08270fcb0947b18bb99d,08270fcb0947b18bb99d,八代市,有佐小学校,開設,true,平常,,八代市鏡町中島1360-1,検索,,,,,https://portal.bousai.pref.kumamoto.jp/sp.html?p=evacuation%2Fshelter&l=15-0&ll=32.63819999999999%2C130.77610000000004&z=9&municipalityCd=430005,5f22a36b4eb6b2e775e8ae72ae6e66d93ecbe762103cbb3e44e43bef96be5aff,"{""ルート検索"": ""検索"", ""住所"": ""八代市鏡町中島1360-1"", ""市町村"": ""八代市"", ""混雑状況"": ""平常"", ""避難所名"": ""有佐小学校"", ""開設状況"": ""開設""}",unmatched,no_candidate,,0,,,,,,,,,,,[],,[],[],reference/43000_1.csv,dd6686fa000c3e720180ba96d02aacff987aec1bba3c9bc69a5867fc0089d10d,00000770,280,280,kumamoto_portal_map,2026-08-01T00:28:20+09:00,matched,portal_shelter_id,1.000,32.553397,130.665391,32.55325131,130.6655909,matched,manual_shelter_id,マニュアルジオコーディング(1).csv,35f5dae36fe4e9577c53f227bd933e4604ed40e589ee27a700add2b32438424c,32.55325131,130.6655909,manual_geocoding,manual_shelter_id,complete
2026-07-30,2026-07-30T00:22:48+09:00,26/07/30 00:22時点の避難所状況の一覧です。,2026-07-30T00:22+09:00,web:6cc18ab45ac920b097a5,6cc18ab45ac920b097a5,八代市,松橋支援学校氷川分教室,開設,true,---,,八代市鏡町鏡村937,検索,,,,,https://portal.bousai.pref.kumamoto.jp/sp.html?p=evacuation%2Fshelter&l=15-0&ll=32.63819999999999%2C130.77610000000004&z=9&municipalityCd=430005,dd2f90b30b0ffbf9eddb557edfaa334d8463bb83f9115bb41bac7ab5526d970a,"{""ルート検索"": ""検索"", ""住所"": ""八代市鏡町鏡村937"", ""市町村"": ""八代市"", ""混雑状況"": ""---"", ""避難所名"": ""松橋支援学校氷川分教室"", ""開設状況"": ""開設""}",unmatched,no_candidate,,0,,,,,,,,,,,[],,[],[],reference/43000_1.csv,dd6686fa000c3e720180ba96d02aacff987aec1bba3c9bc69a5867fc0089d10d,00000784,120,120,kumamoto_portal_map,2026-08-01T00:28:20+09:00,matched,portal_shelter_id,1.000,32.571345,130.656713,32.57120099,130.6564071,matched,manual_shelter_id,マニュアルジオコーディング(1).csv,35f5dae36fe4e9577c53f227bd933e4604ed40e589ee27a700add2b32438424c,32.57120099,130.6564071,manual_geocoding,manual_shelter_id,complete
2026-07-30,2026-07-30T00:22:48+09:00,26/07/30 00:22時点の避難所状況の一覧です。,2026-07-30T00:22+09:00,web:b84833b5c2083bfd9c43,b84833b5c2083bfd9c43,八代市,松高コミュニティセンター,開設,true,平常,,八代市永碇町754-2,検索,,,,,https://portal.bousai.pref.kumamoto.jp/sp.html?p=evacuation%2Fshelter&l=15-0&ll=32.63819999999999%2C130.77610000000004&z=9&municipalityCd=430005,2f5dfb54a4b98ce34c47c1687a1f3e8a1f9d145e1c38bf2c5f4529568e560bc2,"{""ルート検索"": ""検索"", ""住所"": ""八代市永碇町754-2"", ""市町村"": ""八代市"", ""混雑状況"": ""平常"", ""避難所名"": ""松高コミュニティセンター"", ""開設状況"": ""開設""}",unmatched,fuzzy_below_threshold,0.835,0,,,,,,,,,,,[],,[],"[{""NO"": ""1257"", ""その他市町村長が必要と認める事項"": """", ""住所"": ""熊本県八代市本野町505"", ""備考"": """", ""共通ID"": ""E4320200118111"", ""受入対象者"": """", ""指定緊急避難場所との住所同一"": ""1"", ""施設・場所名"": ""高田コミュニティセンター"", ""経度"": ""130.6167216"", ""緯度"": ""32.48708486""}, {""NO"": ""1237"", ""その他市町村長が必要と認める事項"": """", ""住所"": ""熊本県八代市泉町栗木5866"", ""備考"": """", ""共通ID"": ""E4320200081111"", ""受入対象者"": """", ""指定緊急避難場所との住所同一"": ""1"", ""施設・場所名"": ""泉コミュニティセンター"", ""経度"": ""130.808105877186"", ""緯度"": ""32.5457986916214""}, {""NO"": ""1223"", ""その他市町村長が必要と認める事項"": """", ""住所"": ""熊本県八代市昭和明徴町730-1"", ""備考"": """", ""共通ID"": ""E4320200054111"", ""受入対象者"": """", ""指定緊急避難場所との住所同一"": ""1"", ""施設・場所名"": ""昭和コミュニティセンター"", ""経度"": ""130.6036164"", ""緯度"": ""32.55967579""}]",reference/43000_1.csv,dd6686fa000c3e720180ba96d02aacff987aec1bba3c9bc69a5867fc0089d10d,00000696,200,200,kumamoto_portal_map,2026-08-01T00:28:20+09:00,matched,portal_shelter_id,1.000,32.519355,130.592269,32.5193312,130.5922725,matched,manual_shelter_id,マニュアルジオコーディング(1).csv,35f5dae36fe4e9577c53f227bd933e4604ed40e589ee27a700add2b32438424c,32.5193312,130.5922725,manual_geocoding,manual_shelter_id,complete
2026-07-30,2026-07-30T00:22:48+09:00,26/07/30 00:22時点の避難所状況の一覧です。,2026-07-30T00:22+09:00,web:b0bf2502c50ff9181c58,b0bf2502c50ff9181c58,八代市,松高小学校,開設,true,---,,八代市永碇町828-1,検索,,,,,https://portal.bousai.pref.kumamoto.jp/sp.html?p=evacuation%2Fshelter&l=15-0&ll=32.63819999999999%2C130.77610000000004&z=9&municipalityCd=430005,8624d6f89757fa7b9cf55cd55ec5842abf13c5515dcbad1e4b0455af258e91bc,"{""ルート検索"": ""検索"", ""住所"": ""八代市永碇町828-1"", ""市町村"": ""八代市"", ""混雑状況"": ""---"", ""避難所名"": ""松高小学校"", ""開設状況"": ""開設""}",unmatched,no_candidate,,0,,,,,,,,,,,[],,[],[],reference/43000_1.csv,dd6686fa000c3e720180ba96d02aacff987aec1bba3c9bc69a5867fc0089d10d,00000722,964,964,kumamoto_portal_map,2026-08-01T00:28:20+09:00,matched,portal_shelter_id,1.000,32.51881,130.594621,32.51867439,130.5946769,matched,manual_shelter_id,マニュアルジオコーディング(1).csv,35f5dae36fe4e9577c53f227bd933e4604ed40e589ee27a700add2b32438424c,32.51867439,130.5946769,manual_geocoding,manual_shelter_id,complete
2026-07-30,2026-07-30T00:22:48+09:00,26/07/30 00:22時点の避難所状況の一覧です。,2026-07-30T00:22+09:00,web:0c70f9a6030e3856cae7,0c70f9a6030e3856cae7,八代市,植柳コミュニティセンター,開設,true,---,,八代市植柳下町4251-2,検索,,,,,https://portal.bousai.pref.kumamoto.jp/sp.html?p=evacuation%2Fshelter&l=15-0&ll=32.63819999999999%2C130.77610000000004&z=9&municipalityCd=430005,951e8d4aef0308239f39f1bac200f5813b136c6c98d2ca106996d6cbc18ec814,"{""ルート検索"": ""検索"", ""住所"": ""八代市植柳下町4251-2"", ""市町村"": ""八代市"", ""混雑状況"": ""---"", ""避難所名"": ""植柳コミュニティセンター"", ""開設状況"": ""開設""}",unmatched,fuzzy_below_threshold,0.778,0,,,,,,,,,,,[],,[],"[{""NO"": ""1237"", ""その他市町村長が必要と認める事項"": """", ""住所"": ""熊本県八代市泉町栗木5866"", ""備考"": """", ""共通ID"": ""E4320200081111"", ""受入対象者"": """", ""指定緊急避難場所との住所同一"": ""1"", ""施設・場所名"": ""泉コミュニティセンター"", ""経度"": ""130.808105877186"", ""緯度"": ""32.5457986916214""}, {""NO"": ""1216"", ""その他市町村長が必要と認める事項"": """", ""住所"": ""熊本県八代市古城町2259"", ""備考"": """", ""共通ID"": ""E4320200033111"", ""受入対象者"": """", ""指定緊急避難場所との住所同一"": ""1"", ""施設・場所名"": ""麦島コミュニティセンター"", ""経度"": ""130.5926186"", ""緯度"": ""32.49742503""}, {""NO"": ""1257"", ""その他市町村長が必要と認める事項"": """", ""住所"": ""熊本県八代市本野町505"", ""備考"": """", ""共通ID"": ""E4320200118111"", ""受入対象者"": """", ""指定緊急避難場所との住所同一"": ""1"", ""施設・場所名"": ""高田コミュニティセンター"", ""経度"": ""130.6167216"", ""緯度"": ""32.48708486""}]",reference/43000_1.csv,dd6686fa000c3e720180ba96d02aacff987aec1bba3c9bc69a5867fc0089d10d,00000689,200,200,kumamoto_portal_map,2026-08-01T00:28:20+09:00,matched,portal_shelter_id,1.000,32.485413,130.598749,32.48545392,130.5987681,matched,manual_shelter_id,マニュアルジオコーディング(1).csv,35f5dae36fe4e9577c53f227bd933e4604ed40e589ee27a700add2b32438424c,32.48545392,130.5987681,manual_geocoding,manual_shelter_id,complete
2026-07-30,2026-07-30T00:22:48+09:00,26/07/30 00:22時点の避難所状況の一覧です。,2026-07-30T00:22+09:00,web:8798ad523c24fcd66dc7,8798ad523c24fcd66dc7,八代市,植柳小学校,開設,true,平常,,八代市植柳上町449,検索,,,,,https://portal.bousai.pref.kumamoto.jp/sp.html?p=evacuation%2Fshelter&l=15-0&ll=32.63819999999999%2C130.77610000000004&z=9&municipalityCd=430005,4d451ace8a123f2ac371d2d2c48503aab8fc337da4c958b97925cdfb7875fa3f,"{""ルート検索"": ""検索"", ""住所"": ""八代市植柳上町449"", ""市町村"": ""八代市"", ""混雑状況"": ""平常"", ""避難所名"": ""植柳小学校"", ""開設状況"": ""開設""}",unmatched,no_candidate,,0,,,,,,,,,,,[],,[],[],reference/43000_1.csv,dd6686fa000c3e720180ba96d02aacff987aec1bba3c9bc69a5867fc0089d10d,00000717,1160,1160,kumamoto_portal_map,2026-08-01T00:28:20+09:00,matched,portal_shelter_id,1.000,32.492221,130.603365,32.49197175,130.6032396,matched,manual_shelter_id,マニュアルジオコーディング(1).csv,35f5dae36fe4e9577c53f227bd933e4604ed40e589ee27a700add2b32438424c,32.49197175,130.6032396,manual_geocoding,manual_shelter_id,complete
2026-07-30,2026-07-30T00:22:48+09:00,26/07/30 00:22時点の避難所状況の一覧です。,2026-07-30T00:22+09:00,web:6bd12ccc3559d81dad0d,6bd12ccc3559d81dad0d,八代市,泉第八小学校,開設,true,平常,,八代市泉町樅木137-4,検索,,,,,https://portal.bousai.pref.kumamoto.jp/sp.html?p=evacuation%2Fshelter&l=15-0&ll=32.63819999999999%2C130.77610000000004&z=9&municipalityCd=430005,f9a0405d3bce8458c97babe09565dc0bf2c8e602235064e5895602d59fcc2dfa,"{""ルート検索"": ""検索"", ""住所"": ""八代市泉町樅木137-4"", ""市町村"": ""八代市"", ""混雑状況"": ""平常"", ""避難所名"": ""泉第八小学校"", ""開設状況"": ""開設""}",unmatched,no_candidate,,0,,,,,,,,,,,[],,[],[],reference/43000_1.csv,dd6686fa000c3e720180ba96d02aacff987aec1bba3c9bc69a5867fc0089d10d,00000681,262,262,kumamoto_portal_map,2026-08-01T00:28:20+09:00,matched,portal_shelter_id,1.000,32.501902,130.966001,32.50199347,130.9660197,matched,manual_shelter_id,マニュアルジオコーディング(1).csv,35f5dae36fe4e9577c53f227bd933e4604ed40e589ee27a700add2b32438424c,32.50199347,130.9660197,manual_geocoding,manual_shelter_id,complete
2026-07-30,2026-07-30T00:22:48+09:00,26/07/30 00:22時点の避難所状況の一覧です。,2026-07-30T00:22+09:00,web:3f81517dc28b19758f5c,3f81517dc28b19758f5c,八代市,深水生活改善センター,開設,true,平常,,八代市坂本町深水い1542-2,検索,,,,,https://portal.bousai.pref.kumamoto.jp/sp.html?p=evacuation%2Fshelter&l=15-0&ll=32.63819999999999%2C130.77610000000004&z=9&municipalityCd=430005,58ed6847bedc05b98a61272975c21d4b1210c1f64fe373537f4031e3fd88f605,"{""ルート検索"": ""検索"", ""住所"": ""八代市坂本町深水い1542-2"", ""市町村"": ""八代市"", ""混雑状況"": ""平常"", ""避難所名"": ""深水生活改善センター"", ""開設状況"": ""開設""}",unmatched,no_candidate,,0,,,,,,,,,,,[],,[],[],reference/43000_1.csv,dd6686fa000c3e720180ba96d02aacff987aec1bba3c9bc69a5867fc0089d10d,00000703,100,100,kumamoto_portal_map,2026-08-01T00:28:20+09:00,matched,portal_shelter_id,1.000,32.46991313603533,130.6949972381699,32.46990632,130.6949701,matched,manual_shelter_id,マニュアルジオコーディング(1).csv,35f5dae36fe4e9577c53f227bd933e4604ed40e589ee27a700add2b32438424c,32.46990632,130.6949701,manual_geocoding,manual_shelter_id,complete
2026-07-30,2026-07-30T00:22:48+09:00,26/07/30 00:22時点の避難所状況の一覧です。,2026-07-30T00:22+09:00,web:793a5a60deef7966638d,793a5a60deef7966638d,八代市,田上社会教育センター,開設,true,平常,,八代市坂本町田上2006,検索,,,,,https://portal.bousai.pref.kumamoto.jp/sp.html?p=evacuation%2Fshelter&l=15-0&ll=32.63819999999999%2C130.77610000000004&z=9&municipalityCd=430005,a491e489c0b370da48852af8e10d32fe586f27b44fcb58ac2298913b5e23101f,"{""ルート検索"": ""検索"", ""住所"": ""八代市坂本町田上2006"", ""市町村"": ""八代市"", ""混雑状況"": ""平常"", ""避難所名"": ""田上社会教育センター"", ""開設状況"": ""開設""}",unmatched,no_candidate,,0,,,,,,,,,,,[],,[],[],reference/43000_1.csv,dd6686fa000c3e720180ba96d02aacff987aec1bba3c9bc69a5867fc0089d10d,00000674,600,600,kumamoto_portal_map,2026-08-01T00:28:20+09:00,matched,portal_shelter_id,1.000,32.411111,130.62922,32.41162682,130.6294966,matched,manual_shelter_id,マニュアルジオコーディング(1).csv,35f5dae36fe4e9577c53f227bd933e4604ed40e589ee27a700add2b32438424c,32.41162682,130.6294966,manual_geocoding,manual_shelter_id,complete
2026-07-30,2026-07-30T00:22:48+09:00,26/07/30 00:22時点の避難所状況の一覧です。,2026-07-30T00:22+09:00,web:3ff88ff210a8c8e57d64,3ff88ff210a8c8e57d64,八代市,第一中学校,開設,true,---,,八代市北の丸町1-29,検索,,,,,https://portal.bousai.pref.kumamoto.jp/sp.html?p=evacuation%2Fshelter&l=15-0&ll=32.63819999999999%2C130.77610000000004&z=9&municipalityCd=430005,d2be050d62fd02594abbac3b3ec3b21e96588920a37d92983615fcd045d5701d,"{""ルート検索"": ""検索"", ""住所"": ""八代市北の丸町1-29"", ""市町村"": ""八代市"", ""混雑状況"": ""---"", ""避難所名"": ""第一中学校"", ""開設状況"": ""開設""}",unmatched,exact_name_municipality_conflict,,0,,,,,,,,,,,[],,[],"[{""NO"": ""893"", ""その他市町村長が必要と認める事項"": """", ""住所"": ""熊本県人吉市土手町36-3"", ""備考"": """", ""共通ID"": ""E4320300029111"", ""受入対象者"": """", ""指定緊急避難場所との住所同一"": ""1"", ""施設・場所名"": ""第一中学校"", ""経度"": ""130.759332"", ""緯度"": ""32.207752""}]",reference/43000_1.csv,dd6686fa000c3e720180ba96d02aacff987aec1bba3c9bc69a5867fc0089d10d,00000715,1300,1300,kumamoto_portal_map,2026-08-01T00:28:20+09:00,matched,portal_shelter_id,1.000,32.510353,130.599415,32.51035452,130.5993773,matched,manual_shelter_id,マニュアルジオコーディング(1).csv,35f5dae36fe4e9577c53f227bd933e4604ed40e589ee27a700add2b32438424c,32.51035452,130.5993773,manual_geocoding,manual_shelter_id,complete
2026-07-30,2026-07-30T00:22:48+09:00,26/07/30 00:22時点の避難所状況の一覧です。,2026-07-30T00:22+09:00,web:426205013f1c91278659,426205013f1c91278659,八代市,第七中学校,開設,true,---,,八代市郡築七番町41-2,検索,,,,,https://portal.bousai.pref.kumamoto.jp/sp.html?p=evacuation%2Fshelter&l=15-0&ll=32.63819999999999%2C130.77610000000004&z=9&municipalityCd=430005,096df92462b22b061b57f3b71de83ae8fcd4f5cc7130ba3e44fdb3df4984620a,"{""ルート検索"": ""検索"", ""住所"": ""八代市郡築七番町41-2"", ""市町村"": ""八代市"", ""混雑状況"": ""---"", ""避難所名"": ""第七中学校"", ""開設状況"": ""開設""}",unmatched,no_candidate,,0,,,,,,,,,,,[],,[],[],reference/43000_1.csv,dd6686fa000c3e720180ba96d02aacff987aec1bba3c9bc69a5867fc0089d10d,00000726,750,750,kumamoto_portal_map,2026-08-01T00:28:20+09:00,matched,portal_shelter_id,1.000,32.537787,130.576264,32.53778275,130.5764275,matched,manual_shelter_id,マニュアルジオコーディング(1).csv,35f5dae36fe4e9577c53f227bd933e4604ed40e589ee27a700add2b32438424c,32.53778275,130.5764275,manual_geocoding,manual_shelter_id,complete
2026-07-30,2026-07-30T00:22:48+09:00,26/07/30 00:22時点の避難所状況の一覧です。,2026-07-30T00:22+09:00,web:09a3707792378feabf9b,09a3707792378feabf9b,八代市,第三中学校,開設,true,---,,八代市中北町3378-5,検索,,,,,https://portal.bousai.pref.kumamoto.jp/sp.html?p=evacuation%2Fshelter&l=15-0&ll=32.63819999999999%2C130.77610000000004&z=9&municipalityCd=430005,02cf79b28e9c9404a49c59e316c73465bd9505daf834aa4d5fb95df464fd1f81,"{""ルート検索"": ""検索"", ""住所"": ""八代市中北町3378-5"", ""市町村"": ""八代市"", ""混雑状況"": ""---"", ""避難所名"": ""第三中学校"", ""開設状況"": ""開設""}",unmatched,exact_name_municipality_conflict,,0,,,,,,,,,,,[],,[],"[{""NO"": ""883"", ""その他市町村長が必要と認める事項"": """", ""住所"": ""熊本県人吉市上田代町2008"", ""備考"": """", ""共通ID"": ""E4320300018111"", ""受入対象者"": """", ""指定緊急避難場所との住所同一"": ""1"", ""施設・場所名"": ""第三中学校"", ""経度"": ""130.8039627"", ""緯度"": ""32.16780161""}]",reference/43000_1.csv,dd6686fa000c3e720180ba96d02aacff987aec1bba3c9bc69a5867fc0089d10d,00000713,1500,1500,kumamoto_portal_map,2026-08-01T00:28:20+09:00,matched,portal_shelter_id,1.000,32.496659,130.584331,32.49677349,130.5840408,matched,manual_shelter_id,マニュアルジオコーディング(1).csv,35f5dae36fe4e9577c53f227bd933e4604ed40e589ee27a700add2b32438424c,32.49677349,130.5840408,manual_geocoding,manual_shelter_id,complete
2026-07-30,2026-07-30T00:22:48+09:00,26/07/30 00:22時点の避難所状況の一覧です。,2026-07-30T00:22+09:00,web:6ffd1b1e85b2aafface8,6ffd1b1e85b2aafface8,八代市,第二中学校,開設,true,平常,,八代市上日置町2248-1,検索,,,,,https://portal.bousai.pref.kumamoto.jp/sp.html?p=evacuation%2Fshelter&l=15-0&ll=32.63819999999999%2C130.77610000000004&z=9&municipalityCd=430005,4d23ba3bb52f0501becf9624096fdb14ba4c56630ad65256fa605c3be1380700,"{""ルート検索"": ""検索"", ""住所"": ""八代市上日置町2248-1"", ""市町村"": ""八代市"", ""混雑状況"": ""平常"", ""避難所名"": ""第二中学校"", ""開設状況"": ""開設""}",unmatched,exact_name_municipality_conflict,,0,,,,,,,,,,,[],,[],"[{""NO"": ""884"", ""その他市町村長が必要と認める事項"": """", ""住所"": ""熊本県人吉市上林町622"", ""備考"": """", ""共通ID"": ""E4320300019111"", ""受入対象者"": """", ""指定緊急避難場所との住所同一"": ""1"", ""施設・場所名"": ""第二中学校"", ""経度"": ""130.744083"", ""緯度"": ""32.22168798""}]",reference/43000_1.csv,dd6686fa000c3e720180ba96d02aacff987aec1bba3c9bc69a5867fc0089d10d,00000714,1400,1400,kumamoto_portal_map,2026-08-01T00:28:20+09:00,matched,portal_shelter_id,1.000,32.510926,130.62463,32.51095789,130.6245325,matched,manual_shelter_id,マニュアルジオコーディング(1).csv,35f5dae36fe4e9577c53f227bd933e4604ed40e589ee27a700add2b32438424c,32.51095789,130.6245325,manual_geocoding,manual_shelter_id,complete
2026-07-30,2026-07-30T00:22:48+09:00,26/07/30 00:22時点の避難所状況の一覧です。,2026-07-30T00:22+09:00,web:64ecc73c663a49ce26f2,64ecc73c663a49ce26f2,八代市,第五中学校,開設,true,平常,,八代市豊原下町3807,検索,,,,,https://portal.bousai.pref.kumamoto.jp/sp.html?p=evacuation%2Fshelter&l=15-0&ll=32.63819999999999%2C130.77610000000004&z=9&municipalityCd=430005,b0dcf818d8916fcaaf1064eb41ce198908d486b4c1bf0e70f5324d99da14eb28,"{""ルート検索"": ""検索"", ""住所"": ""八代市豊原下町3807"", ""市町村"": ""八代市"", ""混雑状況"": ""平常"", ""避難所名"": ""第五中学校"", ""開設状況"": ""開設""}",unmatched,no_candidate,,0,,,,,,,,,,,[],,[],[],reference/43000_1.csv,dd6686fa000c3e720180ba96d02aacff987aec1bba3c9bc69a5867fc0089d10d,00000735,580,580,kumamoto_portal_map,2026-08-01T00:28:20+09:00,matched,portal_shelter_id,1.000,32.483684,130.615509,32.4838707,130.6149008,matched,manual_shelter_id,マニュアルジオコーディング(1).csv,35f5dae36fe4e9577c53f227bd933e4604ed40e589ee27a700add2b32438424c,32.4838707,130.6149008,manual_geocoding,manual_shelter_id,complete
2026-07-30,2026-07-30T00:22:48+09:00,26/07/30 00:22時点の避難所状況の一覧です。,2026-07-30T00:22+09:00,web:b23fba6e2757aa4d02da,b23fba6e2757aa4d02da,八代市,第八中学校,開設,true,---,,八代市西宮町656,検索,,,,,https://portal.bousai.pref.kumamoto.jp/sp.html?p=evacuation%2Fshelter&l=15-0&ll=32.63819999999999%2C130.77610000000004&z=9&municipalityCd=430005,e0fa990b8ad4782885734ac3e1d7a20f954f444319131a595c5b8a6cfb60c9d6,"{""ルート検索"": ""検索"", ""住所"": ""八代市西宮町656"", ""市町村"": ""八代市"", ""混雑状況"": ""---"", ""避難所名"": ""第八中学校"", ""開設状況"": ""開設""}",unmatched,no_candidate,,0,,,,,,,,,,,[],,[],[],reference/43000_1.csv,dd6686fa000c3e720180ba96d02aacff987aec1bba3c9bc69a5867fc0089d10d,00000740,460,460,kumamoto_portal_map,2026-08-01T00:28:20+09:00,matched,portal_shelter_id,1.000,32.49948,130.634122,32.49861745,130.6353691,matched,manual_shelter_id,マニュアルジオコーディング(1).csv,35f5dae36fe4e9577c53f227bd933e4604ed40e589ee27a700add2b32438424c,32.49861745,130.6353691,manual_geocoding,manual_shelter_id,complete
2026-07-30,2026-07-30T00:22:48+09:00,26/07/30 00:22時点の避難所状況の一覧です。,2026-07-30T00:22+09:00,web:b71403ebb89f13bc5ba9,b71403ebb89f13bc5ba9,八代市,第六中学校,開設,true,---,,八代市水島町2065-4,検索,,,,,https://portal.bousai.pref.kumamoto.jp/sp.html?p=evacuation%2Fshelter&l=15-0&ll=32.63819999999999%2C130.77610000000004&z=9&municipalityCd=430005,b3a3c5e8f289e539d8eb67e693e45f4e3cccc0603c4391cd3b5798381ee290da,"{""ルート検索"": ""検索"", ""住所"": ""八代市水島町2065-4"", ""市町村"": ""八代市"", ""混雑状況"": ""---"", ""避難所名"": ""第六中学校"", ""開設状況"": ""開設""}",unmatched,no_candidate,,0,,,,,,,,,,,[],,[],[],reference/43000_1.csv,dd6686fa000c3e720180ba96d02aacff987aec1bba3c9bc69a5867fc0089d10d,00000728,680,680,kumamoto_portal_map,2026-08-01T00:28:20+09:00,matched,portal_shelter_id,1.000,32.480569,130.579732,32.48056681,130.5795679,matched,manual_shelter_id,マニュアルジオコーディング(1).csv,35f5dae36fe4e9577c53f227bd933e4604ed40e589ee27a700add2b32438424c,32.48056681,130.5795679,manual_geocoding,manual_shelter_id,complete
2026-07-30,2026-07-30T00:22:48+09:00,26/07/30 00:22時点の避難所状況の一覧です。,2026-07-30T00:22+09:00,web:960b3eb957d534cb572f,960b3eb957d534cb572f,八代市,第四中学校,開設,true,---,,八代市古閑上町182-2,検索,,,,,https://portal.bousai.pref.kumamoto.jp/sp.html?p=evacuation%2Fshelter&l=15-0&ll=32.63819999999999%2C130.77610000000004&z=9&municipalityCd=430005,2bc0bafeed38f6cc4c1f55ab5edb428419d563278e61cdc7a15cde4f17c07257,"{""ルート検索"": ""検索"", ""住所"": ""八代市古閑上町182-2"", ""市町村"": ""八代市"", ""混雑状況"": ""---"", ""避難所名"": ""第四中学校"", ""開設状況"": ""開設""}",unmatched,no_candidate,,0,,,,,,,,,,,[],,[],[],reference/43000_1.csv,dd6686fa000c3e720180ba96d02aacff987aec1bba3c9bc69a5867fc0089d10d,00000727,740,740,kumamoto_portal_map,2026-08-01T00:28:20+09:00,matched,portal_shelter_id,1.000,32.519136,130.612309,32.51908497,130.6122824,matched,manual_shelter_id,マニュアルジオコーディング(1).csv,35f5dae36fe4e9577c53f227bd933e4604ed40e589ee27a700add2b32438424c,32.51908497,130.6122824,manual_geocoding,manual_shelter_id,complete
2026-07-30,2026-07-30T00:22:48+09:00,26/07/30 00:22時点の避難所状況の一覧です。,2026-07-30T00:22+09:00,web:9f37c522cfe941422689,9f37c522cfe941422689,八代市,郡築コミュニティセンター,開設,true,---,,八代市郡築六番町61-2,検索,,,,,https://portal.bousai.pref.kumamoto.jp/sp.html?p=evacuation%2Fshelter&l=15-0&ll=32.63819999999999%2C130.77610000000004&z=9&municipalityCd=430005,7c4c9db2d130f43b0463872b020a125f8032de94bc54cfba6f671da8d70bb6ba,"{""ルート検索"": ""検索"", ""住所"": ""八代市郡築六番町61-2"", ""市町村"": ""八代市"", ""混雑状況"": ""---"", ""避難所名"": ""郡築コミュニティセンター"", ""開設状況"": ""開設""}",unmatched,fuzzy_below_threshold,0.785,0,,,,,,,,,,,[],,[],"[{""NO"": ""1237"", ""その他市町村長が必要と認める事項"": """", ""住所"": ""熊本県八代市泉町栗木5866"", ""備考"": """", ""共通ID"": ""E4320200081111"", ""受入対象者"": """", ""指定緊急避難場所との住所同一"": ""1"", ""施設・場所名"": ""泉コミュニティセンター"", ""経度"": ""130.808105877186"", ""緯度"": ""32.5457986916214""}, {""NO"": ""1216"", ""その他市町村長が必要と認める事項"": """", ""住所"": ""熊本県八代市古城町2259"", ""備考"": """", ""共通ID"": ""E4320200033111"", ""受入対象者"": """", ""指定緊急避難場所との住所同一"": ""1"", ""施設・場所名"": ""麦島コミュニティセンター"", ""経度"": ""130.5926186"", ""緯度"": ""32.49742503""}, {""NO"": ""1223"", ""その他市町村長が必要と認める事項"": """", ""住所"": ""熊本県八代市昭和明徴町730-1"", ""備考"": """", ""共通ID"": ""E4320200054111"", ""受入対象者"": """", ""指定緊急避難場所との住所同一"": ""1"", ""施設・場所名"": ""昭和コミュニティセンター"", ""経度"": ""130.6036164"", ""緯度"": ""32.55967579""}]",reference/43000_1.csv,dd6686fa000c3e720180ba96d02aacff987aec1bba3c9bc69a5867fc0089d10d,00000690,200,200,kumamoto_portal_map,2026-08-01T00:28:20+09:00,matched,portal_shelter_id,1.000,32.535476,130.573006,32.53544662,130.5729516,matched,manual_shelter_id,マニュアルジオコーディング(1).csv,35f5dae36fe4e9577c53f227bd933e4604ed40e589ee27a700add2b32438424c,32.53544662,130.5729516,manual_geocoding,manual_shelter_id,complete
2026-07-30,2026-07-30T00:22:48+09:00,26/07/30 00:22時点の避難所状況の一覧です。,2026-07-30T00:22+09:00,web:86ce46626c322703ff7e,86ce46626c322703ff7e,八代市,郡築小学校,開設,true,---,,八代市郡築六番町49-1,検索,,,,,https://portal.bousai.pref.kumamoto.jp/sp.html?p=evacuation%2Fshelter&l=15-0&ll=32.63819999999999%2C130.77610000000004&z=9&municipalityCd=430005,8aafb9d9b6ac028cb839df3f352411f6bb41159015f97d74203e9bfe9af1f08c,"{""ルート検索"": ""検索"", ""住所"": ""八代市郡築六番町49-1"", ""市町村"": ""八代市"", ""混雑状況"": ""---"", ""避難所名"": ""郡築小学校"", ""開設状況"": ""開設""}",unmatched,no_candidate,,0,,,,,,,,,,,[],,[],[],reference/43000_1.csv,dd6686fa000c3e720180ba96d02aacff987aec1bba3c9bc69a5867fc0089d10d,00000723,800,800,kumamoto_portal_map,2026-08-01T00:28:20+09:00,matched,portal_shelter_id,1.000,32.534284,130.574292,32.53429791,130.5742723,matched,manual_shelter_id,マニュアルジオコーディング(1).csv,35f5dae36fe4e9577c53f227bd933e4604ed40e589ee27a700add2b32438424c,32.53429791,130.5742723,manual_geocoding,manual_shelter_id,complete
2026-07-30,2026-07-30T00:22:48+09:00,26/07/30 00:22時点の避難所状況の一覧です。,2026-07-30T00:22+09:00,web:285305d25632a76bc41f,285305d25632a76bc41f,八代市,金剛コミュニティセンター,開設,true,平常,,八代市高植本町800-2,検索,,,,,https://portal.bousai.pref.kumamoto.jp/sp.html?p=evacuation%2Fshelter&l=15-0&ll=32.63819999999999%2C130.77610000000004&z=9&municipalityCd=430005,fb0d295f96b63b58d12d04e54fcffa9549976c999bde95654e903bab6ad3859e,"{""ルート検索"": ""検索"", ""住所"": ""八代市高植本町800-2"", ""市町村"": ""八代市"", ""混雑状況"": ""平常"", ""避難所名"": ""金剛コミュニティセンター"", ""開設状況"": ""開設""}",unmatched,fuzzy_below_threshold,0.781,0,,,,,,,,,,,[],,[],"[{""NO"": ""1237"", ""その他市町村長が必要と認める事項"": """", ""住所"": ""熊本県八代市泉町栗木5866"", ""備考"": """", ""共通ID"": ""E4320200081111"", ""受入対象者"": """", ""指定緊急避難場所との住所同一"": ""1"", ""施設・場所名"": ""泉コミュニティセンター"", ""経度"": ""130.808105877186"", ""緯度"": ""32.5457986916214""}, {""NO"": ""1257"", ""その他市町村長が必要と認める事項"": """", ""住所"": ""熊本県八代市本野町505"", ""備考"": """", ""共通ID"": ""E4320200118111"", ""受入対象者"": """", ""指定緊急避難場所との住所同一"": ""1"", ""施設・場所名"": ""高田コミュニティセンター"", ""経度"": ""130.6167216"", ""緯度"": ""32.48708486""}, {""NO"": ""1223"", ""その他市町村長が必要と認める事項"": """", ""住所"": ""熊本県八代市昭和明徴町730-1"", ""備考"": """", ""共通ID"": ""E4320200054111"", ""受入対象者"": """", ""指定緊急避難場所との住所同一"": ""1"", ""施設・場所名"": ""昭和コミュニティセンター"", ""経度"": ""130.6036164"", ""緯度"": ""32.55967579""}]",reference/43000_1.csv,dd6686fa000c3e720180ba96d02aacff987aec1bba3c9bc69a5867fc0089d10d,00000692,200,200,kumamoto_portal_map,2026-08-01T00:28:20+09:00,matched,portal_shelter_id,1.000,32.471839,130.584529,32.46986241,130.5882392,matched,manual_shelter_id,マニュアルジオコーディング(1).csv,35f5dae36fe4e9577c53f227bd933e4604ed40e589ee27a700add2b32438424c,32.46986241,130.5882392,manual_geocoding,manual_shelter_id,complete
2026-07-30,2026-07-30T00:22:48+09:00,26/07/30 00:22時点の避難所状況の一覧です。,2026-07-30T00:22+09:00,web:c30e0ba13e12f70b502c,c30e0ba13e12f70b502c,八代市,金剛小学校,開設,true,---,,八代市高植本町1207,検索,,,,,https://portal.bousai.pref.kumamoto.jp/sp.html?p=evacuation%2Fshelter&l=15-0&ll=32.63819999999999%2C130.77610000000004&z=9&municipalityCd=430005,2c5065435041cfce23c4173c9599e405d5f125eaadee1b0b183dce508211d7ea,"{""ルート検索"": ""検索"", ""住所"": ""八代市高植本町1207"", ""市町村"": ""八代市"", ""混雑状況"": ""---"", ""避難所名"": ""金剛小学校"", ""開設状況"": ""開設""}",unmatched,no_candidate,,0,,,,,,,,,,,[],,[],[],reference/43000_1.csv,dd6686fa000c3e720180ba96d02aacff987aec1bba3c9bc69a5867fc0089d10d,00000724,800,800,kumamoto_portal_map,2026-08-01T00:28:20+09:00,matched,portal_shelter_id,1.000,32.476136,130.584581,32.47627221,130.5846727,matched,manual_shelter_id,マニュアルジオコーディング(1).csv,35f5dae36fe4e9577c53f227bd933e4604ed40e589ee27a700add2b32438424c,32.47627221,130.5846727,manual_geocoding,manual_shelter_id,complete
2026-07-30,2026-07-30T00:22:48+09:00,26/07/30 00:22時点の避難所状況の一覧です。,2026-07-30T00:22+09:00,web:71f2957e68ed27aa29b3,71f2957e68ed27aa29b3,八代市,鏡コミュニティセンター,開設,true,平常,,八代市鏡町内田1339-1,検索,,,,,https://portal.bousai.pref.kumamoto.jp/sp.html?p=evacuation%2Fshelter&l=15-0&ll=32.63819999999999%2C130.77610000000004&z=9&municipalityCd=430005,7186eae3aeb287e8fab3cb9b9bfb9a57bee41bd309c1a068af73fd1499a23843,"{""ルート検索"": ""検索"", ""住所"": ""八代市鏡町内田1339-1"", ""市町村"": ""八代市"", ""混雑状況"": ""平常"", ""避難所名"": ""鏡コミュニティセンター"", ""開設状況"": ""開設""}",unmatched,fuzzy_below_threshold,0.800,0,,,,,,,,,,,[],,[],"[{""NO"": ""1223"", ""その他市町村長が必要と認める事項"": """", ""住所"": ""熊本県八代市昭和明徴町730-1"", ""備考"": """", ""共通ID"": ""E4320200054111"", ""受入対象者"": """", ""指定緊急避難場所との住所同一"": ""1"", ""施設・場所名"": ""昭和コミュニティセンター"", ""経度"": ""130.6036164"", ""緯度"": ""32.55967579""}, {""NO"": ""1237"", ""その他市町村長が必要と認める事項"": """", ""住所"": ""熊本県八代市泉町栗木5866"", ""備考"": """", ""共通ID"": ""E4320200081111"", ""受入対象者"": """", ""指定緊急避難場所との住所同一"": ""1"", ""施設・場所名"": ""泉コミュニティセンター"", ""経度"": ""130.808105877186"", ""緯度"": ""32.5457986916214""}, {""NO"": ""1228"", ""その他市町村長が必要と認める事項"": """", ""住所"": ""熊本県八代市上野町1193-1"", ""備考"": """", ""共通ID"": ""E4320200059111"", ""受入対象者"": """", ""指定緊急避難場所との住所同一"": ""1"", ""施設・場所名"": ""八千把コミュニティセンター"", ""経度"": ""130.6141942"", ""緯度"": ""32.51841666""}]",reference/43000_1.csv,dd6686fa000c3e720180ba96d02aacff987aec1bba3c9bc69a5867fc0089d10d,00000684,250,250,kumamoto_portal_map,2026-08-01T00:28:20+09:00,matched,portal_shelter_id,1.000,32.562104,130.644848,32.5620777,130.6450169,matched,manual_shelter_id,マニュアルジオコーディング(1).csv,35f5dae36fe4e9577c53f227bd933e4604ed40e589ee27a700add2b32438424c,32.5620777,130.6450169,manual_geocoding,manual_shelter_id,complete
2026-07-30,2026-07-30T00:22:48+09:00,26/07/30 00:22時点の避難所状況の一覧です。,2026-07-30T00:22+09:00,web:fc07d4550a93586b2c73,fc07d4550a93586b2c73,八代市,鏡小学校,開設,true,---,,八代市鏡町鏡村609-1,検索,,,,,https://portal.bousai.pref.kumamoto.jp/sp.html?p=evacuation%2Fshelter&l=15-0&ll=32.63819999999999%2C130.77610000000004&z=9&municipalityCd=430005,521deac16295c6e45c5b06f0521e5cb682a2aaf09739d51bbc6e0aacb085e256,"{""ルート検索"": ""検索"", ""住所"": ""八代市鏡町鏡村609-1"", ""市町村"": ""八代市"", ""混雑状況"": ""---"", ""避難所名"": ""鏡小学校"", ""開設状況"": ""開設""}",unmatched,no_candidate,,0,,,,,,,,,,,[],,[],[],reference/43000_1.csv,dd6686fa000c3e720180ba96d02aacff987aec1bba3c9bc69a5867fc0089d10d,00000767,360,360,kumamoto_portal_map,2026-08-01T00:28:20+09:00,matched,portal_shelter_id,1.000,32.567757,130.662366,32.56788328,130.66214,matched,manual_shelter_id,マニュアルジオコーディング(1).csv,35f5dae36fe4e9577c53f227bd933e4604ed40e589ee27a700add2b32438424c,32.56788328,130.66214,manual_geocoding,manual_shelter_id,complete
2026-07-30,2026-07-30T00:22:48+09:00,26/07/30 00:22時点の避難所状況の一覧です。,2026-07-30T00:22+09:00,web:32d814bdcf924bcc0fc3,32d814bdcf924bcc0fc3,八代市,高田小学校,開設,true,---,,八代市豊原中町317,検索,,,,,https://portal.bousai.pref.kumamoto.jp/sp.html?p=evacuation%2Fshelter&l=15-0&ll=32.63819999999999%2C130.77610000000004&z=9&municipalityCd=430005,826f447ef2d7e619475c8ab4c8c405d108f399da423dd528958dd81d6e50797c,"{""ルート検索"": ""検索"", ""住所"": ""八代市豊原中町317"", ""市町村"": ""八代市"", ""混雑状況"": ""---"", ""避難所名"": ""高田小学校"", ""開設状況"": ""開設""}",unmatched,no_candidate,,0,,,,,,,,,,,[],,[],[],reference/43000_1.csv,dd6686fa000c3e720180ba96d02aacff987aec1bba3c9bc69a5867fc0089d10d,00000721,840,840,kumamoto_portal_map,2026-08-01T00:28:20+09:00,matched,portal_shelter_id,1.000,32.489289,130.616762,32.48932389,130.6169221,matched,manual_shelter_id,マニュアルジオコーディング(1).csv,35f5dae36fe4e9577c53f227bd933e4604ed40e589ee27a700add2b32438424c,32.48932389,130.6169221,manual_geocoding,manual_shelter_id,complete
2026-07-30,2026-07-30T00:22:48+09:00,26/07/30 00:22時点の避難所状況の一覧です。,2026-07-30T00:22+09:00,web:b4c2fb8fe9f5ef20e826,b4c2fb8fe9f5ef20e826,八代市,鮎帰社会教育センター,開設,true,平常,,八代市坂本町鮎帰は867,検索,,,,,https://portal.bousai.pref.kumamoto.jp/sp.html?p=evacuation%2Fshelter&l=15-0&ll=32.63819999999999%2C130.77610000000004&z=9&municipalityCd=430005,19000dcf8c0d5c0f03cea90f3f946df0fdc0ae2700a878bc5320ffdca3f8913a,"{""ルート検索"": ""検索"", ""住所"": ""八代市坂本町鮎帰は867"", ""市町村"": ""八代市"", ""混雑状況"": ""平常"", ""避難所名"": ""鮎帰社会教育センター"", ""開設状況"": ""開設""}",unmatched,no_candidate,,0,,,,,,,,,,,[],,[],[],reference/43000_1.csv,dd6686fa000c3e720180ba96d02aacff987aec1bba3c9bc69a5867fc0089d10d,00000672,600,600,kumamoto_portal_map,2026-08-01T00:28:20+09:00,matched,portal_shelter_id,1.000,32.432278,130.695876,32.43217334,130.6958229,matched,manual_shelter_id,マニュアルジオコーディング(1).csv,35f5dae36fe4e9577c53f227bd933e4604ed40e589ee27a700add2b32438424c,32.43217334,130.6958229,manual_geocoding,manual_shelter_id,complete
2026-07-30,2026-07-30T00:22:48+09:00,26/07/30 00:22時点の避難所状況の一覧です。,2026-07-30T00:22+09:00,web:6f7d29af2670d591080d,6f7d29af2670d591080d,八代市,麦島小学校,開設,true,---,,八代市迎町1丁目16-1-1,検索,,,,,https://portal.bousai.pref.kumamoto.jp/sp.html?p=evacuation%2Fshelter&l=15-0&ll=32.63819999999999%2C130.77610000000004&z=9&municipalityCd=430005,58e5306ed730962c576d12938fb1ecf599ac2c10c4e56a1b563b28a56afdbf3a,"{""ルート検索"": ""検索"", ""住所"": ""八代市迎町1丁目16-1-1"", ""市町村"": ""八代市"", ""混雑状況"": ""---"", ""避難所名"": ""麦島小学校"", ""開設状況"": ""開設""}",unmatched,no_candidate,,0,,,,,,,,,,,[],,[],[],reference/43000_1.csv,dd6686fa000c3e720180ba96d02aacff987aec1bba3c9bc69a5867fc0089d10d,00000712,1500,1500,kumamoto_portal_map,2026-08-01T00:28:20+09:00,matched,portal_shelter_id,1.000,32.498568,130.601357,32.49867148,130.6012836,matched,manual_shelter_id,マニュアルジオコーディング(1).csv,35f5dae36fe4e9577c53f227bd933e4604ed40e589ee27a700add2b32438424c,32.49867148,130.6012836,manual_geocoding,manual_shelter_id,complete
2026-07-30,2026-07-30T00:22:48+09:00,26/07/30 00:22時点の避難所状況の一覧です。,2026-07-30T00:22+09:00,web:22c45e37f06400baa80a,22c45e37f06400baa80a,八代市,龍峯コミュニティセンター,開設,true,---,,八代市興善寺町1952,検索,,,,,https://portal.bousai.pref.kumamoto.jp/sp.html?p=evacuation%2Fshelter&l=15-0&ll=32.63819999999999%2C130.77610000000004&z=9&municipalityCd=430005,88200c9bfbbb0fd233090bebb302e02e9c70f2dccdaa5deae6993ef0d0ac8b01,"{""ルート検索"": ""検索"", ""住所"": ""八代市興善寺町1952"", ""市町村"": ""八代市"", ""混雑状況"": ""---"", ""避難所名"": ""龍峯コミュニティセンター"", ""開設状況"": ""開設""}",unmatched,fuzzy_below_threshold,0.785,0,,,,,,,,,,,[],,[],"[{""NO"": ""1237"", ""その他市町村長が必要と認める事項"": """", ""住所"": ""熊本県八代市泉町栗木5866"", ""備考"": """", ""共通ID"": ""E4320200081111"", ""受入対象者"": """", ""指定緊急避難場所との住所同一"": ""1"", ""施設・場所名"": ""泉コミュニティセンター"", ""経度"": ""130.808105877186"", ""緯度"": ""32.5457986916214""}, {""NO"": ""1257"", ""その他市町村長が必要と認める事項"": """", ""住所"": ""熊本県八代市本野町505"", ""備考"": """", ""共通ID"": ""E4320200118111"", ""受入対象者"": """", ""指定緊急避難場所との住所同一"": ""1"", ""施設・場所名"": ""高田コミュニティセンター"", ""経度"": ""130.6167216"", ""緯度"": ""32.48708486""}, {""NO"": ""1216"", ""その他市町村長が必要と認める事項"": """", ""住所"": ""熊本県八代市古城町2259"", ""備考"": """", ""共通ID"": ""E4320200033111"", ""受入対象者"": """", ""指定緊急避難場所との住所同一"": ""1"", ""施設・場所名"": ""麦島コミュニティセンター"", ""経度"": ""130.5926186"", ""緯度"": ""32.49742503""}]",reference/43000_1.csv,dd6686fa000c3e720180ba96d02aacff987aec1bba3c9bc69a5867fc0089d10d,00000685,230,230,kumamoto_portal_map,2026-08-01T00:28:20+09:00,matched,portal_shelter_id,1.000,32.529238,130.663892,32.52927569,130.6638496,matched,manual_shelter_id,マニュアルジオコーディング(1).csv,35f5dae36fe4e9577c53f227bd933e4604ed40e589ee27a700add2b32438424c,32.52927569,130.6638496,manual_geocoding,manual_shelter_id,complete
2026-07-30,2026-07-30T00:22:48+09:00,26/07/30 00:22時点の避難所状況の一覧です。,2026-07-30T00:22+09:00,web:bcd5356f1806b2905a5f,bcd5356f1806b2905a5f,南阿蘇村,(旧)立野小学校校舎,開設,true,平常,,南阿蘇村大字立野1549-2,検索,,,,,https://portal.bousai.pref.kumamoto.jp/sp.html?p=evacuation%2Fshelter&l=15-0&ll=32.63819999999999%2C130.77610000000004&z=9&municipalityCd=430005,dbe8cbe2315e3f70e91347f26421fa130db73161b62fe9edd53c5546d5b0a89c,"{""ルート検索"": ""検索"", ""住所"": ""南阿蘇村大字立野1549-2"", ""市町村"": ""南阿蘇村"", ""混雑状況"": ""平常"", ""避難所名"": ""(旧)立野小学校校舎"", ""開設状況"": ""開設""}",unmatched,fuzzy_below_threshold,0.876,0,,,,,,,,,,,[],,[],"[{""NO"": ""1174"", ""その他市町村長が必要と認める事項"": """", ""住所"": ""熊本県南阿蘇村大字立野1596"", ""備考"": """", ""共通ID"": ""E4343300051111"", ""受入対象者"": """", ""指定緊急避難場所との住所同一"": """", ""施設・場所名"": ""(旧)立野小学校"", ""経度"": ""130.968176"", ""緯度"": ""32.877786""}]",reference/43000_1.csv,dd6686fa000c3e720180ba96d02aacff987aec1bba3c9bc69a5867fc0089d10d,00001692,100,100,kumamoto_portal_map,2026-08-01T00:28:20+09:00,matched,portal_shelter_id,1.000,32.878461,130.968147,32.52928626,130.6638315,matched,manual_shelter_id,マニュアルジオコーディング(1).csv,35f5dae36fe4e9577c53f227bd933e4604ed40e589ee27a700add2b32438424c,32.52928626,130.6638315,manual_geocoding,manual_shelter_id,complete
2026-07-30,2026-07-30T00:22:48+09:00,26/07/30 00:22時点の避難所状況の一覧です。,2026-07-30T00:22+09:00,web:fa3d8215cbba53b6d971,fa3d8215cbba53b6d971,天草市,サテライト施設おにき,開設,true,平常,,熊本県天草市魚貫町5536-1,検索,,,,,https://portal.bousai.pref.kumamoto.jp/sp.html?p=evacuation%2Fshelter&l=15-0&ll=32.63819999999999%2C130.77610000000004&z=9&municipalityCd=430005,2dd8d9cda210719599178e04d784f198737dac8076fb32905a88f15ebce08b43,"{""ルート検索"": ""検索"", ""住所"": ""熊本県天草市魚貫町5536-1"", ""市町村"": ""天草市"", ""混雑状況"": ""平常"", ""避難所名"": ""サテライト施設おにき"", ""開設状況"": ""開設""}",unmatched,no_candidate,,0,,,,,,,,,,,[],,[],[],reference/43000_1.csv,dd6686fa000c3e720180ba96d02aacff987aec1bba3c9bc69a5867fc0089d10d,00002342,21,21,kumamoto_portal_map,2026-08-01T00:28:20+09:00,matched,portal_shelter_id,1.000,32.2396312711014,130.010888366965,32.23965414,130.0109609,matched,manual_shelter_id,マニュアルジオコーディング(1).csv,35f5dae36fe4e9577c53f227bd933e4604ed40e589ee27a700add2b32438424c,32.23965414,130.0109609,manual_geocoding,manual_shelter_id,complete
2026-07-30,2026-07-30T00:22:48+09:00,26/07/30 00:22時点の避難所状況の一覧です。,2026-07-30T00:22+09:00,web:98683def4025910ef8df,98683def4025910ef8df,天草市,上津浦地区コミュニティセンター,開設,true,平常,,天草市有明町上津浦 3706-4,検索,,,,,https://portal.bousai.pref.kumamoto.jp/sp.html?p=evacuation%2Fshelter&l=15-0&ll=32.63819999999999%2C130.77610000000004&z=9&municipalityCd=430005,cf2b143873681622b53ba5b2986d6d7cd87282f37cc7739b6b3bb0967a73e19a,"{""ルート検索"": ""検索"", ""住所"": ""天草市有明町上津浦 3706-4"", ""市町村"": ""天草市"", ""混雑状況"": ""平常"", ""避難所名"": ""上津浦地区コミュニティセンター"", ""開設状況"": ""開設""}",unmatched,fuzzy_below_threshold,0.767,0,,,,,,,,,,,[],,[],"[{""NO"": ""1126"", ""その他市町村長が必要と認める事項"": """", ""住所"": ""熊本県天草市倉岳町棚底1786-4"", ""備考"": """", ""共通ID"": ""E4321500185111"", ""受入対象者"": """", ""指定緊急避難場所との住所同一"": """", ""施設・場所名"": ""棚底地区コミュニティセンター"", ""経度"": ""130.3438864"", ""緯度"": ""32.41067919""}, {""NO"": ""1054"", ""その他市町村長が必要と認める事項"": """", ""住所"": ""熊本県天草市五和町御領6692-1"", ""備考"": """", ""共通ID"": ""E4321500060121"", ""受入対象者"": ""要配慮者"", ""指定緊急避難場所との住所同一"": ""1"", ""施設・場所名"": ""御領地区コミュニティセンター"", ""経度"": ""130.18888259453"", ""緯度"": ""32.517830538891""}, {""NO"": ""1136"", ""その他市町村長が必要と認める事項"": """", ""住所"": ""熊本県天草市天草町高浜南501-1"", ""備考"": """", ""共通ID"": ""E4321500202121"", ""受入対象者"": ""要配慮者"", ""指定緊急避難場所との住所同一"": ""1"", ""施設・場所名"": ""高浜地区コミュニティセンター"", ""経度"": ""129.9975277"", ""緯度"": ""32.37838933""}]",reference/43000_1.csv,dd6686fa000c3e720180ba96d02aacff987aec1bba3c9bc69a5867fc0089d10d,00001276,80,80,kumamoto_portal_map,2026-08-01T00:28:20+09:00,matched,portal_shelter_id,1.000,32.48957131,130.3041818,32.48938139,130.3041927,matched,manual_shelter_id,マニュアルジオコーディング(1).csv,35f5dae36fe4e9577c53f227bd933e4604ed40e589ee27a700add2b32438424c,32.48938139,130.3041927,manual_geocoding,manual_shelter_id,complete
2026-07-30,2026-07-30T00:22:48+09:00,26/07/30 00:22時点の避難所状況の一覧です。,2026-07-30T00:22+09:00,web:0e9a03b19531909b12ea,0e9a03b19531909b12ea,天草市,下津浦地区コミュニティセンター,開設,true,平常,,天草市有明町下津浦 2505-2,検索,,,,,https://portal.bousai.pref.kumamoto.jp/sp.html?p=evacuation%2Fshelter&l=15-0&ll=32.63819999999999%2C130.77610000000004&z=9&municipalityCd=430005,698491b3cf3fdbbf7dc11dc0bc7f673186ad9193ae696e98b27e91826996b310,"{""ルート検索"": ""検索"", ""住所"": ""天草市有明町下津浦 2505-2"", ""市町村"": ""天草市"", ""混雑状況"": ""平常"", ""避難所名"": ""下津浦地区コミュニティセンター"", ""開設状況"": ""開設""}",unmatched,fuzzy_below_threshold,0.790,0,,,,,,,,,,,[],,[],"[{""NO"": ""1133"", ""その他市町村長が必要と認める事項"": """", ""住所"": ""熊本県天草市天草町下田北534-1"", ""備考"": """", ""共通ID"": ""E4321500199111"", ""受入対象者"": """", ""指定緊急避難場所との住所同一"": ""1"", ""施設・場所名"": ""下田北地区コミュニティセンター"", ""経度"": ""130.0137819"", ""緯度"": ""32.42497725""}, {""NO"": ""1041"", ""その他市町村長が必要と認める事項"": """", ""住所"": ""熊本県天草市牛深町122-2"", ""備考"": """", ""共通ID"": ""E4321500276121"", ""受入対象者"": ""要配慮者"", ""指定緊急避難場所との住所同一"": """", ""施設・場所名"": ""牛深地区コミュニティセンター"", ""経度"": ""130.025668"", ""緯度"": ""32.195712""}, {""NO"": ""1076"", ""その他市町村長が必要と認める事項"": """", ""住所"": ""熊本県天草市御所浦町牧島625-7"", ""備考"": """", ""共通ID"": ""E4321500102111"", ""受入対象者"": """", ""指定緊急避難場所との住所同一"": """", ""施設・場所名"": ""牧島地区コミュニティセンター"", ""経度"": ""130.3279952"", ""緯度"": ""32.3474935""}]",reference/43000_1.csv,dd6686fa000c3e720180ba96d02aacff987aec1bba3c9bc69a5867fc0089d10d,00001279,50,50,kumamoto_portal_map,2026-08-01T00:28:20+09:00,matched,portal_shelter_id,1.000,32.478000561627,130.29918908465,32.47804555,130.2991629,matched,manual_shelter_id,マニュアルジオコーディング(1).csv,35f5dae36fe4e9577c53f227bd933e4604ed40e589ee27a700add2b32438424c,32.47804555,130.2991629,manual_geocoding,manual_shelter_id,complete
2026-07-30,2026-07-30T00:22:48+09:00,26/07/30 00:22時点の避難所状況の一覧です。,2026-07-30T00:22+09:00,web:cff6fd113ee3a7def422,cff6fd113ee3a7def422,天草市,久玉地区コミュニティセンター,開設,true,平常,,天草市久玉町 1412-12,検索,,,,,https://portal.bousai.pref.kumamoto.jp/sp.html?p=evacuation%2Fshelter&l=15-0&ll=32.63819999999999%2C130.77610000000004&z=9&municipalityCd=430005,cf2132613e833970c263806a7dbb0839cc82a3091ad9043fab5c6f4a889d4e38,"{""ルート検索"": ""検索"", ""住所"": ""天草市久玉町 1412-12"", ""市町村"": ""天草市"", ""混雑状況"": ""平常"", ""避難所名"": ""久玉地区コミュニティセンター"", ""開設状況"": ""開設""}",unmatched,fuzzy_below_threshold,0.814,0,,,,,,,,,,,[],,[],"[{""NO"": ""1041"", ""その他市町村長が必要と認める事項"": """", ""住所"": ""熊本県天草市牛深町122-2"", ""備考"": """", ""共通ID"": ""E4321500276121"", ""受入対象者"": ""要配慮者"", ""指定緊急避難場所との住所同一"": """", ""施設・場所名"": ""牛深地区コミュニティセンター"", ""経度"": ""130.025668"", ""緯度"": ""32.195712""}, {""NO"": ""1049"", ""その他市町村長が必要と認める事項"": """", ""住所"": ""熊本県天草市魚貫町2129"", ""備考"": """", ""共通ID"": ""E4321500050111"", ""受入対象者"": """", ""指定緊急避難場所との住所同一"": """", ""施設・場所名"": ""魚貫地区コミュニティセンター"", ""経度"": ""130.0109142"", ""緯度"": ""32.23957339""}, {""NO"": ""1054"", ""その他市町村長が必要と認める事項"": """", ""住所"": ""熊本県天草市五和町御領6692-1"", ""備考"": """", ""共通ID"": ""E4321500060121"", ""受入対象者"": ""要配慮者"", ""指定緊急避難場所との住所同一"": ""1"", ""施設・場所名"": ""御領地区コミュニティセンター"", ""経度"": ""130.18888259453"", ""緯度"": ""32.517830538891""}]",reference/43000_1.csv,dd6686fa000c3e720180ba96d02aacff987aec1bba3c9bc69a5867fc0089d10d,00001251,92,92,kumamoto_portal_map,2026-08-01T00:28:20+09:00,matched,portal_shelter_id,1.000,32.21779917,130.0330921,32.21781928,130.0331705,matched,manual_shelter_id,マニュアルジオコーディング(1).csv,35f5dae36fe4e9577c53f227bd933e4604ed40e589ee27a700add2b32438424c,32.21781928,130.0331705,manual_geocoding,manual_shelter_id,complete
2026-07-30,2026-07-30T00:22:48+09:00,26/07/30 00:22時点の避難所状況の一覧です。,2026-07-30T00:22+09:00,web:21920af5effebd9d82e4,21920af5effebd9d82e4,天草市,二江地区コミュニティセンター,開設,true,平常,,天草市五和町二江 3066,検索,,,,,https://portal.bousai.pref.kumamoto.jp/sp.html?p=evacuation%2Fshelter&l=15-0&ll=32.63819999999999%2C130.77610000000004&z=9&municipalityCd=430005,6f67ea73f7cbbacb6063afe55e310cfb4266d971db3c121f7c6e81b86c6fd965,"{""ルート検索"": ""検索"", ""住所"": ""天草市五和町二江 3066"", ""市町村"": ""天草市"", ""混雑状況"": ""平常"", ""避難所名"": ""二江地区コミュニティセンター"", ""開設状況"": ""開設""}",unmatched,fuzzy_below_threshold,0.805,0,,,,,,,,,,,[],,[],"[{""NO"": ""1054"", ""その他市町村長が必要と認める事項"": """", ""住所"": ""熊本県天草市五和町御領6692-1"", ""備考"": """", ""共通ID"": ""E4321500060121"", ""受入対象者"": ""要配慮者"", ""指定緊急避難場所との住所同一"": ""1"", ""施設・場所名"": ""御領地区コミュニティセンター"", ""経度"": ""130.18888259453"", ""緯度"": ""32.517830538891""}, {""NO"": ""1076"", ""その他市町村長が必要と認める事項"": """", ""住所"": ""熊本県天草市御所浦町牧島625-7"", ""備考"": """", ""共通ID"": ""E4321500102111"", ""受入対象者"": """", ""指定緊急避難場所との住所同一"": """", ""施設・場所名"": ""牧島地区コミュニティセンター"", ""経度"": ""130.3279952"", ""緯度"": ""32.3474935""}, {""NO"": ""1126"", ""その他市町村長が必要と認める事項"": """", ""住所"": ""熊本県天草市倉岳町棚底1786-4"", ""備考"": """", ""共通ID"": ""E4321500185111"", ""受入対象者"": """", ""指定緊急避難場所との住所同一"": """", ""施設・場所名"": ""棚底地区コミュニティセンター"", ""経度"": ""130.3438864"", ""緯度"": ""32.41067919""}]",reference/43000_1.csv,dd6686fa000c3e720180ba96d02aacff987aec1bba3c9bc69a5867fc0089d10d,00001341,70,70,kumamoto_portal_map,2026-08-01T00:28:20+09:00,matched,portal_shelter_id,1.000,32.543706,130.130578,32.54371394,130.1305583,matched,manual_shelter_id,マニュアルジオコーディング(1).csv,35f5dae36fe4e9577c53f227bd933e4604ed40e589ee27a700add2b32438424c,32.54371394,130.1305583,manual_geocoding,manual_shelter_id,complete
2026-07-30,2026-07-30T00:22:48+09:00,26/07/30 00:22時点の避難所状況の一覧です。,2026-07-30T00:22+09:00,web:5371354cde3c4202f341,5371354cde3c4202f341,天草市,二浦地区コミュニティセンター,開設,true,平常,,天草市二浦町亀浦 1035-11,検索,,,,,https://portal.bousai.pref.kumamoto.jp/sp.html?p=evacuation%2Fshelter&l=15-0&ll=32.63819999999999%2C130.77610000000004&z=9&municipalityCd=430005,cbfedae8c1857704a2424e712f032efae5df997c686c9ea496281cc1c411f324,"{""ルート検索"": ""検索"", ""住所"": ""天草市二浦町亀浦 1035-11"", ""市町村"": ""天草市"", ""混雑状況"": ""平常"", ""避難所名"": ""二浦地区コミュニティセンター"", ""開設状況"": ""開設""}",unmatched,fuzzy_below_threshold,0.781,0,,,,,,,,,,,[],,[],"[{""NO"": ""1076"", ""その他市町村長が必要と認める事項"": """", ""住所"": ""熊本県天草市御所浦町牧島625-7"", ""備考"": """", ""共通ID"": ""E4321500102111"", ""受入対象者"": """", ""指定緊急避難場所との住所同一"": """", ""施設・場所名"": ""牧島地区コミュニティセンター"", ""経度"": ""130.3279952"", ""緯度"": ""32.3474935""}, {""NO"": ""1136"", ""その他市町村長が必要と認める事項"": """", ""住所"": ""熊本県天草市天草町高浜南501-1"", ""備考"": """", ""共通ID"": ""E4321500202121"", ""受入対象者"": ""要配慮者"", ""指定緊急避難場所との住所同一"": ""1"", ""施設・場所名"": ""高浜地区コミュニティセンター"", ""経度"": ""129.9975277"", ""緯度"": ""32.37838933""}, {""NO"": ""1041"", ""その他市町村長が必要と認める事項"": """", ""住所"": ""熊本県天草市牛深町122-2"", ""備考"": """", ""共通ID"": ""E4321500276121"", ""受入対象者"": ""要配慮者"", ""指定緊急避難場所との住所同一"": """", ""施設・場所名"": ""牛深地区コミュニティセンター"", ""経度"": ""130.025668"", ""緯度"": ""32.195712""}]",reference/43000_1.csv,dd6686fa000c3e720180ba96d02aacff987aec1bba3c9bc69a5867fc0089d10d,00001261,48,48,kumamoto_portal_map,2026-08-01T00:28:20+09:00,matched,portal_shelter_id,1.000,32.27471497,130.0295409,32.2747717,130.029589,matched,manual_shelter_id,マニュアルジオコーディング(1).csv,35f5dae36fe4e9577c53f227bd933e4604ed40e589ee27a700add2b32438424c,32.2747717,130.029589,manual_geocoding,manual_shelter_id,complete
2026-07-30,2026-07-30T00:22:48+09:00,26/07/30 00:22時点の避難所状況の一覧です。,2026-07-30T00:22+09:00,web:e987cf7183870315496f,e987cf7183870315496f,天草市,佐伊津地区コミュニティセンター,開設,true,平常,,天草市佐伊津町 2258,検索,,,,,https://portal.bousai.pref.kumamoto.jp/sp.html?p=evacuation%2Fshelter&l=15-0&ll=32.63819999999999%2C130.77610000000004&z=9&municipalityCd=430005,f56012df9469fba25883840da62f729e5f2b5f581d6fa9bac921185797c78a58,"{""ルート検索"": ""検索"", ""住所"": ""天草市佐伊津町 2258"", ""市町村"": ""天草市"", ""混雑状況"": ""平常"", ""避難所名"": ""佐伊津地区コミュニティセンター"", ""開設状況"": ""開設""}",unmatched,fuzzy_below_threshold,0.771,0,,,,,,,,,,,[],,[],"[{""NO"": ""1049"", ""その他市町村長が必要と認める事項"": """", ""住所"": ""熊本県天草市魚貫町2129"", ""備考"": """", ""共通ID"": ""E4321500050111"", ""受入対象者"": """", ""指定緊急避難場所との住所同一"": """", ""施設・場所名"": ""魚貫地区コミュニティセンター"", ""経度"": ""130.0109142"", ""緯度"": ""32.23957339""}, {""NO"": ""1041"", ""その他市町村長が必要と認める事項"": """", ""住所"": ""熊本県天草市牛深町122-2"", ""備考"": """", ""共通ID"": ""E4321500276121"", ""受入対象者"": ""要配慮者"", ""指定緊急避難場所との住所同一"": """", ""施設・場所名"": ""牛深地区コミュニティセンター"", ""経度"": ""130.025668"", ""緯度"": ""32.195712""}, {""NO"": ""1076"", ""その他市町村長が必要と認める事項"": """", ""住所"": ""熊本県天草市御所浦町牧島625-7"", ""備考"": """", ""共通ID"": ""E4321500102111"", ""受入対象者"": """", ""指定緊急避難場所との住所同一"": """", ""施設・場所名"": ""牧島地区コミュニティセンター"", ""経度"": ""130.3279952"", ""緯度"": ""32.3474935""}]",reference/43000_1.csv,dd6686fa000c3e720180ba96d02aacff987aec1bba3c9bc69a5867fc0089d10d,00001239,330,330,kumamoto_portal_map,2026-08-01T00:28:20+09:00,matched,portal_shelter_id,1.000,32.49212832,130.1902568,32.49205827,130.1903754,matched,manual_shelter_id,マニュアルジオコーディング(1).csv,35f5dae36fe4e9577c53f227bd933e4604ed40e589ee27a700add2b32438424c,32.49205827,130.1903754,manual_geocoding,manual_shelter_id,complete
2026-07-30,2026-07-30T00:22:48+09:00,26/07/30 00:22時点の避難所状況の一覧です。,2026-07-30T00:22+09:00,web:309aebc14999a8b685a0,309aebc14999a8b685a0,天草市,勇志国際高等学校,開設,true,平常,,天草市御所浦町牧島 1065-3,検索,,,,,https://portal.bousai.pref.kumamoto.jp/sp.html?p=evacuation%2Fshelter&l=15-0&ll=32.63819999999999%2C130.77610000000004&z=9&municipalityCd=430005,94fd5f25f1202f13319c97d72b4c2c3898a8dc55cd74191e1529a45126fb8940,"{""ルート検索"": ""検索"", ""住所"": ""天草市御所浦町牧島 1065-3"", ""市町村"": ""天草市"", ""混雑状況"": ""平常"", ""避難所名"": ""勇志国際高等学校"", ""開設状況"": ""開設""}",unmatched,no_candidate,,0,,,,,,,,,,,[],,[],[],reference/43000_1.csv,dd6686fa000c3e720180ba96d02aacff987aec1bba3c9bc69a5867fc0089d10d,00001291,100,100,kumamoto_portal_map,2026-08-01T00:28:20+09:00,matched,portal_shelter_id,1.000,32.34986023,130.3247493,32.34996186,130.3249625,matched,manual_shelter_id,マニュアルジオコーディング(1).csv,35f5dae36fe4e9577c53f227bd933e4604ed40e589ee27a700add2b32438424c,32.34996186,130.3249625,manual_geocoding,manual_shelter_id,complete
2026-07-30,2026-07-30T00:22:48+09:00,26/07/30 00:22時点の避難所状況の一覧です。,2026-07-30T00:22+09:00,web:f4edaa09a8a82addb372,f4edaa09a8a82addb372,天草市,大多尾地区コミュニティセンター,開設,true,平常,,天草市新和町大多尾 2852-1,検索,,,,,https://portal.bousai.pref.kumamoto.jp/sp.html?p=evacuation%2Fshelter&l=15-0&ll=32.63819999999999%2C130.77610000000004&z=9&municipalityCd=430005,090cae8b5131f7d9a7ff60b6b1e9621b356726f4adfe32ff954aa6747a65b974,"{""ルート検索"": ""検索"", ""住所"": ""天草市新和町大多尾 2852-1"", ""市町村"": ""天草市"", ""混雑状況"": ""平常"", ""避難所名"": ""大多尾地区コミュニティセンター"", ""開設状況"": ""開設""}",unmatched,fuzzy_below_threshold,0.835,0,,,,,,,,,,,[],,[],"[{""NO"": ""1091"", ""その他市町村長が必要と認める事項"": """", ""住所"": ""熊本県天草市新和町大宮地4275-1"", ""備考"": """", ""共通ID"": ""E4321500127111"", ""受入対象者"": """", ""指定緊急避難場所との住所同一"": ""1"", ""施設・場所名"": ""大宮地地区コミュニティセンター"", ""経度"": ""130.17352812433"", ""緯度"": ""32.390500221112""}, {""NO"": ""1054"", ""その他市町村長が必要と認める事項"": """", ""住所"": ""熊本県天草市五和町御領6692-1"", ""備考"": """", ""共通ID"": ""E4321500060121"", ""受入対象者"": ""要配慮者"", ""指定緊急避難場所との住所同一"": ""1"", ""施設・場所名"": ""御領地区コミュニティセンター"", ""経度"": ""130.18888259453"", ""緯度"": ""32.517830538891""}, {""NO"": ""1041"", ""その他市町村長が必要と認める事項"": """", ""住所"": ""熊本県天草市牛深町122-2"", ""備考"": """", ""共通ID"": ""E4321500276121"", ""受入対象者"": ""要配慮者"", ""指定緊急避難場所との住所同一"": """", ""施設・場所名"": ""牛深地区コミュニティセンター"", ""経度"": ""130.025668"", ""緯度"": ""32.195712""}]",reference/43000_1.csv,dd6686fa000c3e720180ba96d02aacff987aec1bba3c9bc69a5867fc0089d10d,00001320,51,51,kumamoto_portal_map,2026-08-01T00:28:20+09:00,matched,portal_shelter_id,1.000,32.3591233,130.2092831,32.34988777,130.3248472,matched,manual_shelter_id,マニュアルジオコーディング(1).csv,35f5dae36fe4e9577c53f227bd933e4604ed40e589ee27a700add2b32438424c,32.34988777,130.3248472,manual_geocoding,manual_shelter_id,complete
2026-07-30,2026-07-30T00:22:48+09:00,26/07/30 00:22時点の避難所状況の一覧です。,2026-07-30T00:22+09:00,web:1f6a8f59058ef7b79849,1f6a8f59058ef7b79849,天草市,大江シルバーコミュニティセンター,開設,true,平常,,天草市天草町大江 2967-1,検索,,,,,https://portal.bousai.pref.kumamoto.jp/sp.html?p=evacuation%2Fshelter&l=15-0&ll=32.63819999999999%2C130.77610000000004&z=9&municipalityCd=430005,376e5b03a879f43683125bc228552b85db84551735b6737cdf63ddc88af5f0df,"{""ルート検索"": ""検索"", ""住所"": ""天草市天草町大江 2967-1"", ""市町村"": ""天草市"", ""混雑状況"": ""平常"", ""避難所名"": ""大江シルバーコミュニティセンター"", ""開設状況"": ""開設""}",unmatched,no_candidate,,0,,,,,,,,,,,[],,[],[],reference/43000_1.csv,dd6686fa000c3e720180ba96d02aacff987aec1bba3c9bc69a5867fc0089d10d,00001355,37,37,kumamoto_portal_map,2026-08-01T00:28:20+09:00,matched,portal_shelter_id,1.000,32.34099239,129.9929527,32.34092615,129.9930077,matched,manual_shelter_id,マニュアルジオコーディング(1).csv,35f5dae36fe4e9577c53f227bd933e4604ed40e589ee27a700add2b32438424c,32.34092615,129.9930077,manual_geocoding,manual_shelter_id,complete
2026-07-30,2026-07-30T00:22:48+09:00,26/07/30 00:22時点の避難所状況の一覧です。,2026-07-30T00:22+09:00,web:f79932a3d0c66960d538,f79932a3d0c66960d538,天草市,大浦地区コミュニティセンター,開設,true,平常,,天草市有明町大浦 1723-1,検索,,,,,https://portal.bousai.pref.kumamoto.jp/sp.html?p=evacuation%2Fshelter&l=15-0&ll=32.63819999999999%2C130.77610000000004&z=9&municipalityCd=430005,4e9c63185e87b96579e65024c184ef4589451d3b793b9c33ba81b5ae1af8db93,"{""ルート検索"": ""検索"", ""住所"": ""天草市有明町大浦 1723-1"", ""市町村"": ""天草市"", ""混雑状況"": ""平常"", ""避難所名"": ""大浦地区コミュニティセンター"", ""開設状況"": ""開設""}",unmatched,fuzzy_below_threshold,0.828,0,,,,,,,,,,,[],,[],"[{""NO"": ""1091"", ""その他市町村長が必要と認める事項"": """", ""住所"": ""熊本県天草市新和町大宮地4275-1"", ""備考"": """", ""共通ID"": ""E4321500127111"", ""受入対象者"": """", ""指定緊急避難場所との住所同一"": ""1"", ""施設・場所名"": ""大宮地地区コミュニティセンター"", ""経度"": ""130.17352812433"", ""緯度"": ""32.390500221112""}, {""NO"": ""1041"", ""その他市町村長が必要と認める事項"": """", ""住所"": ""熊本県天草市牛深町122-2"", ""備考"": """", ""共通ID"": ""E4321500276121"", ""受入対象者"": ""要配慮者"", ""指定緊急避難場所との住所同一"": """", ""施設・場所名"": ""牛深地区コミュニティセンター"", ""経度"": ""130.025668"", ""緯度"": ""32.195712""}, {""NO"": ""1049"", ""その他市町村長が必要と認める事項"": """", ""住所"": ""熊本県天草市魚貫町2129"", ""備考"": """", ""共通ID"": ""E4321500050111"", ""受入対象者"": """", ""指定緊急避難場所との住所同一"": """", ""施設・場所名"": ""魚貫地区コミュニティセンター"", ""経度"": ""130.0109142"", ""緯度"": ""32.23957339""}]",reference/43000_1.csv,dd6686fa000c3e720180ba96d02aacff987aec1bba3c9bc69a5867fc0089d10d,00001267,30,30,kumamoto_portal_map,2026-08-01T00:28:20+09:00,matched,portal_shelter_id,1.000,32.52220415,130.3600772,32.52222012,130.360089,matched,manual_shelter_id,マニュアルジオコーディング(1).csv,35f5dae36fe4e9577c53f227bd933e4604ed40e589ee27a700add2b32438424c,32.52222012,130.360089,manual_geocoding,manual_shelter_id,complete
2026-07-30,2026-07-30T00:22:48+09:00,26/07/30 00:22時点の避難所状況の一覧です。,2026-07-30T00:22+09:00,web:9eec49013ea36417ffe2,9eec49013ea36417ffe2,天草市,天草市民センター,開設,true,平常,,天草市東町 3,検索,,,,,https://portal.bousai.pref.kumamoto.jp/sp.html?p=evacuation%2Fshelter&l=15-0&ll=32.63819999999999%2C130.77610000000004&z=9&municipalityCd=430005,1848249002e5e951125c9fccbbfc4e34b88a37e914d87b8d38bd4b17215d8eac,"{""ルート検索"": ""検索"", ""住所"": ""天草市東町 3"", ""市町村"": ""天草市"", ""混雑状況"": ""平常"", ""避難所名"": ""天草市民センター"", ""開設状況"": ""開設""}",unmatched,no_candidate,,0,,,,,,,,,,,[],,[],[],reference/43000_1.csv,dd6686fa000c3e720180ba96d02aacff987aec1bba3c9bc69a5867fc0089d10d,00001221,2000,2000,kumamoto_portal_map,2026-08-01T00:28:20+09:00,matched,portal_shelter_id,1.000,32.45193107,130.1998116,32.45194872,130.1997219,matched,manual_shelter_id,マニュアルジオコーディング(1).csv,35f5dae36fe4e9577c53f227bd933e4604ed40e589ee27a700add2b32438424c,32.45194872,130.1997219,manual_geocoding,manual_shelter_id,complete
2026-07-30,2026-07-30T00:22:48+09:00,26/07/30 00:22時点の避難所状況の一覧です。,2026-07-30T00:22+09:00,web:9bf092aa4fe4a1ed18c5,9bf092aa4fe4a1ed18c5,天草市,宮南地区コミュニティセンター,開設,true,平常,,天草市新和町小宮地 10821-1,検索,,,,,https://portal.bousai.pref.kumamoto.jp/sp.html?p=evacuation%2Fshelter&l=15-0&ll=32.63819999999999%2C130.77610000000004&z=9&municipalityCd=430005,66fe5b0d54a3f2ecbd5a156d4444ada1ecc2e2f81b05e45deec3d746ecacde69,"{""ルート検索"": ""検索"", ""住所"": ""天草市新和町小宮地 10821-1"", ""市町村"": ""天草市"", ""混雑状況"": ""平常"", ""避難所名"": ""宮南地区コミュニティセンター"", ""開設状況"": ""開設""}",unmatched,fuzzy_below_threshold,0.857,0,,,,,,,,,,,[],,[],"[{""NO"": ""1091"", ""その他市町村長が必要と認める事項"": """", ""住所"": ""熊本県天草市新和町大宮地4275-1"", ""備考"": """", ""共通ID"": ""E4321500127111"", ""受入対象者"": """", ""指定緊急避難場所との住所同一"": ""1"", ""施設・場所名"": ""大宮地地区コミュニティセンター"", ""経度"": ""130.17352812433"", ""緯度"": ""32.390500221112""}, {""NO"": ""1054"", ""その他市町村長が必要と認める事項"": """", ""住所"": ""熊本県天草市五和町御領6692-1"", ""備考"": """", ""共通ID"": ""E4321500060121"", ""受入対象者"": ""要配慮者"", ""指定緊急避難場所との住所同一"": ""1"", ""施設・場所名"": ""御領地区コミュニティセンター"", ""経度"": ""130.18888259453"", ""緯度"": ""32.517830538891""}, {""NO"": ""1136"", ""その他市町村長が必要と認める事項"": """", ""住所"": ""熊本県天草市天草町高浜南501-1"", ""備考"": """", ""共通ID"": ""E4321500202121"", ""受入対象者"": ""要配慮者"", ""指定緊急避難場所との住所同一"": ""1"", ""施設・場所名"": ""高浜地区コミュニティセンター"", ""経度"": ""129.9975277"", ""緯度"": ""32.37838933""}]",reference/43000_1.csv,dd6686fa000c3e720180ba96d02aacff987aec1bba3c9bc69a5867fc0089d10d,00001315,51,51,kumamoto_portal_map,2026-08-01T00:28:20+09:00,matched,portal_shelter_id,1.000,32.314685,130.175993,32.31465704,130.1760871,matched,manual_shelter_id,マニュアルジオコーディング(1).csv,35f5dae36fe4e9577c53f227bd933e4604ed40e589ee27a700add2b32438424c,32.31465704,130.1760871,manual_geocoding,manual_shelter_id,complete
2026-07-30,2026-07-30T00:22:48+09:00,26/07/30 00:22時点の避難所状況の一覧です。,2026-07-30T00:22+09:00,web:2a1c5a3cfe8332492c5b,2a1c5a3cfe8332492c5b,天草市,宮田地区コミュニティセンター,開設,true,平常,,天草市倉岳町宮田 1327-1,検索,,,,,https://portal.bousai.pref.kumamoto.jp/sp.html?p=evacuation%2Fshelter&l=15-0&ll=32.63819999999999%2C130.77610000000004&z=9&municipalityCd=430005,3580bad25f12a9e569481e6bd9e0fa7fd6f56a532de66d3f2e09143f630d4d9d,"{""ルート検索"": ""検索"", ""住所"": ""天草市倉岳町宮田 1327-1"", ""市町村"": ""天草市"", ""混雑状況"": ""平常"", ""避難所名"": ""宮田地区コミュニティセンター"", ""開設状況"": ""開設""}",unmatched,fuzzy_below_threshold,0.841,0,,,,,,,,,,,[],,[],"[{""NO"": ""1091"", ""その他市町村長が必要と認める事項"": """", ""住所"": ""熊本県天草市新和町大宮地4275-1"", ""備考"": """", ""共通ID"": ""E4321500127111"", ""受入対象者"": """", ""指定緊急避難場所との住所同一"": ""1"", ""施設・場所名"": ""大宮地地区コミュニティセンター"", ""経度"": ""130.17352812433"", ""緯度"": ""32.390500221112""}, {""NO"": ""1133"", ""その他市町村長が必要と認める事項"": """", ""住所"": ""熊本県天草市天草町下田北534-1"", ""備考"": """", ""共通ID"": ""E4321500199111"", ""受入対象者"": """", ""指定緊急避難場所との住所同一"": ""1"", ""施設・場所名"": ""下田北地区コミュニティセンター"", ""経度"": ""130.0137819"", ""緯度"": ""32.42497725""}, {""NO"": ""1126"", ""その他市町村長が必要と認める事項"": """", ""住所"": ""熊本県天草市倉岳町棚底1786-4"", ""備考"": """", ""共通ID"": ""E4321500185111"", ""受入対象者"": """", ""指定緊急避難場所との住所同一"": """", ""施設・場所名"": ""棚底地区コミュニティセンター"", ""経度"": ""130.3438864"", ""緯度"": ""32.41067919""}]",reference/43000_1.csv,dd6686fa000c3e720180ba96d02aacff987aec1bba3c9bc69a5867fc0089d10d,00001302,190,190,kumamoto_portal_map,2026-08-01T00:28:20+09:00,matched,portal_shelter_id,1.000,32.39852801,130.3092778,32.39853585,130.3092937,matched,manual_shelter_id,マニュアルジオコーディング(1).csv,35f5dae36fe4e9577c53f227bd933e4604ed40e589ee27a700add2b32438424c,32.39853585,130.3092937,manual_geocoding,manual_shelter_id,complete
2026-07-30,2026-07-30T00:22:48+09:00,26/07/30 00:22時点の避難所状況の一覧です。,2026-07-30T00:22+09:00,web:d232697bd9411d5c5871,d232697bd9411d5c5871,天草市,宮野河内地区コミュニティセンター,開設,true,平常,,天草市河浦町宮野河内337-6,検索,,,,,https://portal.bousai.pref.kumamoto.jp/sp.html?p=evacuation%2Fshelter&l=15-0&ll=32.63819999999999%2C130.77610000000004&z=9&municipalityCd=430005,9bf8cfe486dbbe3559da3e691b117b0031bc94cc6c1948ae957f3a36a56e35f2,"{""ルート検索"": ""検索"", ""住所"": ""天草市河浦町宮野河内337-6"", ""市町村"": ""天草市"", ""混雑状況"": ""平常"", ""避難所名"": ""宮野河内地区コミュニティセンター"", ""開設状況"": ""開設""}",unmatched,fuzzy_below_threshold,0.763,0,,,,,,,,,,,[],,[],"[{""NO"": ""1091"", ""その他市町村長が必要と認める事項"": """", ""住所"": ""熊本県天草市新和町大宮地4275-1"", ""備考"": """", ""共通ID"": ""E4321500127111"", ""受入対象者"": """", ""指定緊急避難場所との住所同一"": ""1"", ""施設・場所名"": ""大宮地地区コミュニティセンター"", ""経度"": ""130.17352812433"", ""緯度"": ""32.390500221112""}]",reference/43000_1.csv,dd6686fa000c3e720180ba96d02aacff987aec1bba3c9bc69a5867fc0089d10d,00001367,215,215,kumamoto_portal_map,2026-08-01T00:28:20+09:00,matched,portal_shelter_id,1.000,32.299253,130.139472,32.29919395,130.1393361,matched,manual_shelter_id,マニュアルジオコーディング(1).csv,35f5dae36fe4e9577c53f227bd933e4604ed40e589ee27a700add2b32438424c,32.29919395,130.1393361,manual_geocoding,manual_shelter_id,complete
2026-07-30,2026-07-30T00:22:48+09:00,26/07/30 00:22時点の避難所状況の一覧です。,2026-07-30T00:22+09:00,web:9ca1949a4012e9530591,9ca1949a4012e9530591,天草市,富津地区コミュニティセンター,開設,true,平常,,天草市河浦町﨑津 1117-2,検索,,,,,https://portal.bousai.pref.kumamoto.jp/sp.html?p=evacuation%2Fshelter&l=15-0&ll=32.63819999999999%2C130.77610000000004&z=9&municipalityCd=430005,7a8be82f43ef29c754904b65080bafc2d7ed3084bd5609876dc1f8c147ab6c8f,"{""ルート検索"": ""検索"", ""住所"": ""天草市河浦町﨑津 1117-2"", ""市町村"": ""天草市"", ""混雑状況"": ""平常"", ""避難所名"": ""富津地区コミュニティセンター"", ""開設状況"": ""開設""}",unmatched,fuzzy_below_threshold,0.795,0,,,,,,,,,,,[],,[],"[{""NO"": ""1041"", ""その他市町村長が必要と認める事項"": """", ""住所"": ""熊本県天草市牛深町122-2"", ""備考"": """", ""共通ID"": ""E4321500276121"", ""受入対象者"": ""要配慮者"", ""指定緊急避難場所との住所同一"": """", ""施設・場所名"": ""牛深地区コミュニティセンター"", ""経度"": ""130.025668"", ""緯度"": ""32.195712""}, {""NO"": ""1049"", ""その他市町村長が必要と認める事項"": """", ""住所"": ""熊本県天草市魚貫町2129"", ""備考"": """", ""共通ID"": ""E4321500050111"", ""受入対象者"": """", ""指定緊急避難場所との住所同一"": """", ""施設・場所名"": ""魚貫地区コミュニティセンター"", ""経度"": ""130.0109142"", ""緯度"": ""32.23957339""}, {""NO"": ""1126"", ""その他市町村長が必要と認める事項"": """", ""住所"": ""熊本県天草市倉岳町棚底1786-4"", ""備考"": """", ""共通ID"": ""E4321500185111"", ""受入対象者"": """", ""指定緊急避難場所との住所同一"": """", ""施設・場所名"": ""棚底地区コミュニティセンター"", ""経度"": ""130.3438864"", ""緯度"": ""32.41067919""}]",reference/43000_1.csv,dd6686fa000c3e720180ba96d02aacff987aec1bba3c9bc69a5867fc0089d10d,00001365,247,247,kumamoto_portal_map,2026-08-01T00:28:20+09:00,matched,portal_shelter_id,1.000,32.31677214,130.0259402,32.31654743,130.0259427,matched,manual_shelter_id,マニュアルジオコーディング(1).csv,35f5dae36fe4e9577c53f227bd933e4604ed40e589ee27a700add2b32438424c,32.31654743,130.0259427,manual_geocoding,manual_shelter_id,complete
2026-07-30,2026-07-30T00:22:48+09:00,26/07/30 00:22時点の避難所状況の一覧です。,2026-07-30T00:22+09:00,web:85f56695653aada74623,85f56695653aada74623,天草市,小宮地地区コミュニティセンター,開設,true,平常,,天草市新和町小宮地 669-1,検索,,,,,https://portal.bousai.pref.kumamoto.jp/sp.html?p=evacuation%2Fshelter&l=15-0&ll=32.63819999999999%2C130.77610000000004&z=9&municipalityCd=430005,e22e849c5c45df8fb7cdaa6ba9a8cd4bb43e80dffd3d23ff9297854b8da77783,"{""ルート検索"": ""検索"", ""住所"": ""天草市新和町小宮地 669-1"", ""市町村"": ""天草市"", ""混雑状況"": ""平常"", ""避難所名"": ""小宮地地区コミュニティセンター"", ""開設状況"": ""開設""}",unmatched,fuzzy_below_threshold,0.886,0,,,,,,,,,,,[],,[],"[{""NO"": ""1091"", ""その他市町村長が必要と認める事項"": """", ""住所"": ""熊本県天草市新和町大宮地4275-1"", ""備考"": """", ""共通ID"": ""E4321500127111"", ""受入対象者"": """", ""指定緊急避難場所との住所同一"": ""1"", ""施設・場所名"": ""大宮地地区コミュニティセンター"", ""経度"": ""130.17352812433"", ""緯度"": ""32.390500221112""}, {""NO"": ""1054"", ""その他市町村長が必要と認める事項"": """", ""住所"": ""熊本県天草市五和町御領6692-1"", ""備考"": """", ""共通ID"": ""E4321500060121"", ""受入対象者"": ""要配慮者"", ""指定緊急避難場所との住所同一"": ""1"", ""施設・場所名"": ""御領地区コミュニティセンター"", ""経度"": ""130.18888259453"", ""緯度"": ""32.517830538891""}, {""NO"": ""1076"", ""その他市町村長が必要と認める事項"": """", ""住所"": ""熊本県天草市御所浦町牧島625-7"", ""備考"": """", ""共通ID"": ""E4321500102111"", ""受入対象者"": """", ""指定緊急避難場所との住所同一"": """", ""施設・場所名"": ""牧島地区コミュニティセンター"", ""経度"": ""130.3279952"", ""緯度"": ""32.3474935""}]",reference/43000_1.csv,dd6686fa000c3e720180ba96d02aacff987aec1bba3c9bc69a5867fc0089d10d,00001312,163,163,kumamoto_portal_map,2026-08-01T00:28:20+09:00,matched,portal_shelter_id,1.000,32.3632767,130.1809777,32.36332355,130.1807998,matched,manual_shelter_id,マニュアルジオコーディング(1).csv,35f5dae36fe4e9577c53f227bd933e4604ed40e589ee27a700add2b32438424c,32.36332355,130.1807998,manual_geocoding,manual_shelter_id,complete
2026-07-30,2026-07-30T00:22:48+09:00,26/07/30 00:22時点の避難所状況の一覧です。,2026-07-30T00:22+09:00,web:7660df5b9bbf9b7a3204,7660df5b9bbf9b7a3204,天草市,島子地区コミュニティセンター,開設,true,平常,,天草市有明町大島子2669,検索,,,,,https://portal.bousai.pref.kumamoto.jp/sp.html?p=evacuation%2Fshelter&l=15-0&ll=32.63819999999999%2C130.77610000000004&z=9&municipalityCd=430005,3ce23b666ec01d11f53b400c74ac2d74ab5d803b66ef3e79f095744f4c4fd565,"{""ルート検索"": ""検索"", ""住所"": ""天草市有明町大島子2669"", ""市町村"": ""天草市"", ""混雑状況"": ""平常"", ""避難所名"": ""島子地区コミュニティセンター"", ""開設状況"": ""開設""}",unmatched,fuzzy_below_threshold,0.837,0,,,,,,,,,,,[],,[],"[{""NO"": ""1076"", ""その他市町村長が必要と認める事項"": """", ""住所"": ""熊本県天草市御所浦町牧島625-7"", ""備考"": """", ""共通ID"": ""E4321500102111"", ""受入対象者"": """", ""指定緊急避難場所との住所同一"": """", ""施設・場所名"": ""牧島地区コミュニティセンター"", ""経度"": ""130.3279952"", ""緯度"": ""32.3474935""}, {""NO"": ""1049"", ""その他市町村長が必要と認める事項"": """", ""住所"": ""熊本県天草市魚貫町2129"", ""備考"": """", ""共通ID"": ""E4321500050111"", ""受入対象者"": """", ""指定緊急避難場所との住所同一"": """", ""施設・場所名"": ""魚貫地区コミュニティセンター"", ""経度"": ""130.0109142"", ""緯度"": ""32.23957339""}, {""NO"": ""1054"", ""その他市町村長が必要と認める事項"": """", ""住所"": ""熊本県天草市五和町御領6692-1"", ""備考"": """", ""共通ID"": ""E4321500060121"", ""受入対象者"": ""要配慮者"", ""指定緊急避難場所との住所同一"": ""1"", ""施設・場所名"": ""御領地区コミュニティセンター"", ""経度"": ""130.18888259453"", ""緯度"": ""32.517830538891""}]",reference/43000_1.csv,dd6686fa000c3e720180ba96d02aacff987aec1bba3c9bc69a5867fc0089d10d,00001283,50,50,kumamoto_portal_map,2026-08-01T00:28:20+09:00,matched,portal_shelter_id,1.000,32.4741658551881,130.257103443146,32.47409527,130.257126,matched,manual_shelter_id,マニュアルジオコーディング(1).csv,35f5dae36fe4e9577c53f227bd933e4604ed40e589ee27a700add2b32438424c,32.47409527,130.257126,manual_geocoding,manual_shelter_id,complete
2026-07-30,2026-07-30T00:22:48+09:00,26/07/30 00:22時点の避難所状況の一覧です。,2026-07-30T00:22+09:00,web:02bdb832691c0fd6cc77,02bdb832691c0fd6cc77,天草市,市天草支所,開設,true,平常,,天草市天草町高浜南 488-1,検索,,,,,https://portal.bousai.pref.kumamoto.jp/sp.html?p=evacuation%2Fshelter&l=15-0&ll=32.63819999999999%2C130.77610000000004&z=9&municipalityCd=430005,9cceeb5461ce66cc835174685c9e8a8c01ad7ac46bcfc69b45eef2cb20683f39,"{""ルート検索"": ""検索"", ""住所"": ""天草市天草町高浜南 488-1"", ""市町村"": ""天草市"", ""混雑状況"": ""平常"", ""避難所名"": ""市天草支所"", ""開設状況"": ""開設""}",unmatched,no_candidate,,0,,,,,,,,,,,[],,[],[],reference/43000_1.csv,dd6686fa000c3e720180ba96d02aacff987aec1bba3c9bc69a5867fc0089d10d,00001351,28,28,kumamoto_portal_map,2026-08-01T00:28:20+09:00,matched,portal_shelter_id,1.000,32.37955948,129.9980477,32.37951374,129.9980263,matched,manual_shelter_id,マニュアルジオコーディング(1).csv,35f5dae36fe4e9577c53f227bd933e4604ed40e589ee27a700add2b32438424c,32.37951374,129.9980263,manual_geocoding,manual_shelter_id,complete
2026-07-30,2026-07-30T00:22:48+09:00,26/07/30 00:22時点の避難所状況の一覧です。,2026-07-30T00:22+09:00,web:1055a7d6968ccd950988,1055a7d6968ccd950988,天草市,市御所浦支所,開設,true,平常,,熊本県天草市御所浦町御所浦3527,検索,,,,,https://portal.bousai.pref.kumamoto.jp/sp.html?p=evacuation%2Fshelter&l=15-0&ll=32.63819999999999%2C130.77610000000004&z=9&municipalityCd=430005,70f4eba4b6ddcc6b5690ab5282ea46f190318bf040d6c130da023462ed3c0933,"{""ルート検索"": ""検索"", ""住所"": ""熊本県天草市御所浦町御所浦3527"", ""市町村"": ""天草市"", ""混雑状況"": ""平常"", ""避難所名"": ""市御所浦支所"", ""開設状況"": ""開設""}",unmatched,no_candidate,,0,,,,,,,,,,,[],,[],[],reference/43000_1.csv,dd6686fa000c3e720180ba96d02aacff987aec1bba3c9bc69a5867fc0089d10d,00002255,30,30,kumamoto_portal_map,2026-08-01T00:28:20+09:00,matched,portal_shelter_id,1.000,32.337820692362,130.33827748822,32.3401721,130.3390531,matched,manual_shelter_id,マニュアルジオコーディング(1).csv,35f5dae36fe4e9577c53f227bd933e4604ed40e589ee27a700add2b32438424c,32.3401721,130.3390531,manual_geocoding,manual_shelter_id,complete
2026-07-30,2026-07-30T00:22:48+09:00,26/07/30 00:22時点の避難所状況の一覧です。,2026-07-30T00:22+09:00,web:b86a38b5f389ddb0270b,b86a38b5f389ddb0270b,天草市,市栖本支所,開設,true,平常,,天草市栖本町馬場 179,検索,,,,,https://portal.bousai.pref.kumamoto.jp/sp.html?p=evacuation%2Fshelter&l=15-0&ll=32.63819999999999%2C130.77610000000004&z=9&municipalityCd=430005,ec3b6335e73ca4ca097db184cb5ebaea6bca188164e0d12e6971981e271a7ec0,"{""ルート検索"": ""検索"", ""住所"": ""天草市栖本町馬場 179"", ""市町村"": ""天草市"", ""混雑状況"": ""平常"", ""避難所名"": ""市栖本支所"", ""開設状況"": ""開設""}",unmatched,no_candidate,,0,,,,,,,,,,,[],,[],[],reference/43000_1.csv,dd6686fa000c3e720180ba96d02aacff987aec1bba3c9bc69a5867fc0089d10d,00001305,690,690,kumamoto_portal_map,2026-08-01T00:28:20+09:00,matched,portal_shelter_id,1.000,32.4220957,130.2727687,32.42207179,130.2728806,matched,manual_shelter_id,マニュアルジオコーディング(1).csv,35f5dae36fe4e9577c53f227bd933e4604ed40e589ee27a700add2b32438424c,32.42207179,130.2728806,manual_geocoding,manual_shelter_id,complete
2026-07-30,2026-07-30T00:22:48+09:00,26/07/30 00:22時点の避難所状況の一覧です。,2026-07-30T00:22+09:00,web:bdaf5fd9ebb26ea73d8b,bdaf5fd9ebb26ea73d8b,天草市,市河浦支所,開設,true,平常,,天草市河浦町河浦 5253,検索,,,,,https://portal.bousai.pref.kumamoto.jp/sp.html?p=evacuation%2Fshelter&l=15-0&ll=32.63819999999999%2C130.77610000000004&z=9&municipalityCd=430005,55820a8e47c6f1a88800c44819f001c9c572a41f785b838c9111448c56bedd36,"{""ルート検索"": ""検索"", ""住所"": ""天草市河浦町河浦 5253"", ""市町村"": ""天草市"", ""混雑状況"": ""平常"", ""避難所名"": ""市河浦支所"", ""開設状況"": ""開設""}",unmatched,no_candidate,,0,,,,,,,,,,,[],,[],[],reference/43000_1.csv,dd6686fa000c3e720180ba96d02aacff987aec1bba3c9bc69a5867fc0089d10d,00001360,264,264,kumamoto_portal_map,2026-08-01T00:28:20+09:00,matched,portal_shelter_id,1.000,32.33287473,130.0792654,32.33285866,130.079452,matched,manual_shelter_id,マニュアルジオコーディング(1).csv,35f5dae36fe4e9577c53f227bd933e4604ed40e589ee27a700add2b32438424c,32.33285866,130.079452,manual_geocoding,manual_shelter_id,complete
2026-07-30,2026-07-30T00:22:48+09:00,26/07/30 00:22時点の避難所状況の一覧です。,2026-07-30T00:22+09:00,web:8700ae4060074dc01491,8700ae4060074dc01491,天草市,御所浦交流センター,開設,true,平常,,天草市御所浦町御所浦 5875-2,検索,,,,,https://portal.bousai.pref.kumamoto.jp/sp.html?p=evacuation%2Fshelter&l=15-0&ll=32.63819999999999%2C130.77610000000004&z=9&municipalityCd=430005,8c2e2b09a90dbc36627102738fc012e1879fb48d98b9be59288d4c46ad2d2d64,"{""ルート検索"": ""検索"", ""住所"": ""天草市御所浦町御所浦 5875-2"", ""市町村"": ""天草市"", ""混雑状況"": ""平常"", ""避難所名"": ""御所浦交流センター"", ""開設状況"": ""開設""}",unmatched,no_candidate,,0,,,,,,,,,,,[],,[],[],reference/43000_1.csv,dd6686fa000c3e720180ba96d02aacff987aec1bba3c9bc69a5867fc0089d10d,00001289,90,90,kumamoto_portal_map,2026-08-01T00:28:20+09:00,matched,portal_shelter_id,1.000,32.31106841,130.3278698,32.31116944,130.3278485,matched,manual_shelter_id,マニュアルジオコーディング(1).csv,35f5dae36fe4e9577c53f227bd933e4604ed40e589ee27a700add2b32438424c,32.31116944,130.3278485,manual_geocoding,manual_shelter_id,complete
2026-07-30,2026-07-30T00:22:48+09:00,26/07/30 00:22時点の避難所状況の一覧です。,2026-07-30T00:22+09:00,web:6ae9986106e91934a5c1,6ae9986106e91934a5c1,天草市,御所浦北地区コミュニティセンター,開設,true,平常,,天草市御所浦町横浦 383-6,検索,,,,,https://portal.bousai.pref.kumamoto.jp/sp.html?p=evacuation%2Fshelter&l=15-0&ll=32.63819999999999%2C130.77610000000004&z=9&municipalityCd=430005,1314b66810bda724a334780f6dddeb932a85dedb6716fddcff3acc08ad4ff0ef,"{""ルート検索"": ""検索"", ""住所"": ""天草市御所浦町横浦 383-6"", ""市町村"": ""天草市"", ""混雑状況"": ""平常"", ""避難所名"": ""御所浦北地区コミュニティセンター"", ""開設状況"": ""開設""}",unmatched,fuzzy_below_threshold,0.767,0,,,,,,,,,,,[],,[],"[{""NO"": ""1054"", ""その他市町村長が必要と認める事項"": """", ""住所"": ""熊本県天草市五和町御領6692-1"", ""備考"": """", ""共通ID"": ""E4321500060121"", ""受入対象者"": ""要配慮者"", ""指定緊急避難場所との住所同一"": ""1"", ""施設・場所名"": ""御領地区コミュニティセンター"", ""経度"": ""130.18888259453"", ""緯度"": ""32.517830538891""}, {""NO"": ""1133"", ""その他市町村長が必要と認める事項"": """", ""住所"": ""熊本県天草市天草町下田北534-1"", ""備考"": """", ""共通ID"": ""E4321500199111"", ""受入対象者"": """", ""指定緊急避難場所との住所同一"": ""1"", ""施設・場所名"": ""下田北地区コミュニティセンター"", ""経度"": ""130.0137819"", ""緯度"": ""32.42497725""}]",reference/43000_1.csv,dd6686fa000c3e720180ba96d02aacff987aec1bba3c9bc69a5867fc0089d10d,00001293,25,25,kumamoto_portal_map,2026-08-01T00:28:20+09:00,matched,portal_shelter_id,1.000,32.36580451,130.344638,32.36581467,130.3447234,matched,manual_shelter_id,マニュアルジオコーディング(1).csv,35f5dae36fe4e9577c53f227bd933e4604ed40e589ee27a700add2b32438424c,32.36581467,130.3447234,manual_geocoding,manual_shelter_id,complete
2026-07-30,2026-07-30T00:22:48+09:00,26/07/30 00:22時点の避難所状況の一覧です。,2026-07-30T00:22+09:00,web:f732297c0534a2a3a814,f732297c0534a2a3a814,天草市,御所浦診療所,開設,true,---,,天草市御所浦町御所浦 2081-13,検索,,,,,https://portal.bousai.pref.kumamoto.jp/sp.html?p=evacuation%2Fshelter&l=15-0&ll=32.63819999999999%2C130.77610000000004&z=9&municipalityCd=430005,a4523f609b193f1dcc00762b70f7f7372d729ca346552620c3d093da63c8daee,"{""ルート検索"": ""検索"", ""住所"": ""天草市御所浦町御所浦 2081-13"", ""市町村"": ""天草市"", ""混雑状況"": ""---"", ""避難所名"": ""御所浦診療所"", ""開設状況"": ""開設""}",unmatched,no_candidate,,0,,,,,,,,,,,[],,[],[],reference/43000_1.csv,dd6686fa000c3e720180ba96d02aacff987aec1bba3c9bc69a5867fc0089d10d,00001295,20,20,kumamoto_portal_map,2026-08-01T00:28:20+09:00,matched,portal_shelter_id,1.000,32.348443161125,130.35789888564,32.34833973,130.3580343,matched,manual_shelter_id,マニュアルジオコーディング(1).csv,35f5dae36fe4e9577c53f227bd933e4604ed40e589ee27a700add2b32438424c,32.34833973,130.3580343,manual_geocoding,manual_shelter_id,complete
2026-07-30,2026-07-30T00:22:48+09:00,26/07/30 00:22時点の避難所状況の一覧です。,2026-07-30T00:22+09:00,web:ec9a3008f7789eeaa8fd,ec9a3008f7789eeaa8fd,天草市,手野地区コミュニティセンター,開設,true,平常,,天草市五和町手野一丁目 3768-3,検索,,,,,https://portal.bousai.pref.kumamoto.jp/sp.html?p=evacuation%2Fshelter&l=15-0&ll=32.63819999999999%2C130.77610000000004&z=9&municipalityCd=430005,1f14571e1eaad64d9cd1c4036c8d3024328e50b6fca9699bfb8b8dc65da20a0b,"{""ルート検索"": ""検索"", ""住所"": ""天草市五和町手野一丁目 3768-3"", ""市町村"": ""天草市"", ""混雑状況"": ""平常"", ""避難所名"": ""手野地区コミュニティセンター"", ""開設状況"": ""開設""}",unmatched,fuzzy_below_threshold,0.787,0,,,,,,,,,,,[],,[],"[{""NO"": ""1054"", ""その他市町村長が必要と認める事項"": """", ""住所"": ""熊本県天草市五和町御領6692-1"", ""備考"": """", ""共通ID"": ""E4321500060121"", ""受入対象者"": ""要配慮者"", ""指定緊急避難場所との住所同一"": ""1"", ""施設・場所名"": ""御領地区コミュニティセンター"", ""経度"": ""130.18888259453"", ""緯度"": ""32.517830538891""}, {""NO"": ""1126"", ""その他市町村長が必要と認める事項"": """", ""住所"": ""熊本県天草市倉岳町棚底1786-4"", ""備考"": """", ""共通ID"": ""E4321500185111"", ""受入対象者"": """", ""指定緊急避難場所との住所同一"": """", ""施設・場所名"": ""棚底地区コミュニティセンター"", ""経度"": ""130.3438864"", ""緯度"": ""32.41067919""}, {""NO"": ""1041"", ""その他市町村長が必要と認める事項"": """", ""住所"": ""熊本県天草市牛深町122-2"", ""備考"": """", ""共通ID"": ""E4321500276121"", ""受入対象者"": ""要配慮者"", ""指定緊急避難場所との住所同一"": """", ""施設・場所名"": ""牛深地区コミュニティセンター"", ""経度"": ""130.025668"", ""緯度"": ""32.195712""}]",reference/43000_1.csv,dd6686fa000c3e720180ba96d02aacff987aec1bba3c9bc69a5867fc0089d10d,00001342,40,40,kumamoto_portal_map,2026-08-01T00:28:20+09:00,matched,portal_shelter_id,1.000,32.51539619,130.1490472,32.51537916,130.1491765,matched,manual_shelter_id,マニュアルジオコーディング(1).csv,35f5dae36fe4e9577c53f227bd933e4604ed40e589ee27a700add2b32438424c,32.51537916,130.1491765,manual_geocoding,manual_shelter_id,complete
2026-07-30,2026-07-30T00:22:48+09:00,26/07/30 00:22時点の避難所状況の一覧です。,2026-07-30T00:22+09:00,web:e21456c52016af4e6f13,e21456c52016af4e6f13,天草市,新合地区コミュニティセンター,開設,true,平常,,天草市河浦町新合 2004-1,検索,,,,,https://portal.bousai.pref.kumamoto.jp/sp.html?p=evacuation%2Fshelter&l=15-0&ll=32.63819999999999%2C130.77610000000004&z=9&municipalityCd=430005,ce1d8f427bb6292bcfe140561f60067621d8374aa25d38eaf101d1a17b0a2871,"{""ルート検索"": ""検索"", ""住所"": ""天草市河浦町新合 2004-1"", ""市町村"": ""天草市"", ""混雑状況"": ""平常"", ""避難所名"": ""新合地区コミュニティセンター"", ""開設状況"": ""開設""}",unmatched,fuzzy_below_threshold,0.784,0,,,,,,,,,,,[],,[],"[{""NO"": ""1049"", ""その他市町村長が必要と認める事項"": """", ""住所"": ""熊本県天草市魚貫町2129"", ""備考"": """", ""共通ID"": ""E4321500050111"", ""受入対象者"": """", ""指定緊急避難場所との住所同一"": """", ""施設・場所名"": ""魚貫地区コミュニティセンター"", ""経度"": ""130.0109142"", ""緯度"": ""32.23957339""}, {""NO"": ""1054"", ""その他市町村長が必要と認める事項"": """", ""住所"": ""熊本県天草市五和町御領6692-1"", ""備考"": """", ""共通ID"": ""E4321500060121"", ""受入対象者"": ""要配慮者"", ""指定緊急避難場所との住所同一"": ""1"", ""施設・場所名"": ""御領地区コミュニティセンター"", ""経度"": ""130.18888259453"", ""緯度"": ""32.517830538891""}, {""NO"": ""1076"", ""その他市町村長が必要と認める事項"": """", ""住所"": ""熊本県天草市御所浦町牧島625-7"", ""備考"": """", ""共通ID"": ""E4321500102111"", ""受入対象者"": """", ""指定緊急避難場所との住所同一"": """", ""施設・場所名"": ""牧島地区コミュニティセンター"", ""経度"": ""130.3279952"", ""緯度"": ""32.3474935""}]",reference/43000_1.csv,dd6686fa000c3e720180ba96d02aacff987aec1bba3c9bc69a5867fc0089d10d,00001357,96,96,kumamoto_portal_map,2026-08-01T00:28:20+09:00,matched,portal_shelter_id,1.000,32.336561149161,130.11593590423,32.33551916,130.1162756,matched,manual_shelter_id,マニュアルジオコーディング(1).csv,35f5dae36fe4e9577c53f227bd933e4604ed40e589ee27a700add2b32438424c,32.33551916,130.1162756,manual_geocoding,manual_shelter_id,complete
2026-07-30,2026-07-30T00:22:48+09:00,26/07/30 00:22時点の避難所状況の一覧です。,2026-07-30T00:22+09:00,web:146e99abec4ebfe4e970,146e99abec4ebfe4e970,天草市,本町地区コミュニティセンター,開設,true,平常,,天草市本町本 832,検索,,,,,https://portal.bousai.pref.kumamoto.jp/sp.html?p=evacuation%2Fshelter&l=15-0&ll=32.63819999999999%2C130.77610000000004&z=9&municipalityCd=430005,d7fd9dcc672469917ce02873f1a408293584be3f1a4ba3d1f14403f641c5dbd2,"{""ルート検索"": ""検索"", ""住所"": ""天草市本町本 832"", ""市町村"": ""天草市"", ""混雑状況"": ""平常"", ""避難所名"": ""本町地区コミュニティセンター"", ""開設状況"": ""開設""}",unmatched,fuzzy_below_threshold,0.789,0,,,,,,,,,,,[],,[],"[{""NO"": ""1049"", ""その他市町村長が必要と認める事項"": """", ""住所"": ""熊本県天草市魚貫町2129"", ""備考"": """", ""共通ID"": ""E4321500050111"", ""受入対象者"": """", ""指定緊急避難場所との住所同一"": """", ""施設・場所名"": ""魚貫地区コミュニティセンター"", ""経度"": ""130.0109142"", ""緯度"": ""32.23957339""}, {""NO"": ""1041"", ""その他市町村長が必要と認める事項"": """", ""住所"": ""熊本県天草市牛深町122-2"", ""備考"": """", ""共通ID"": ""E4321500276121"", ""受入対象者"": ""要配慮者"", ""指定緊急避難場所との住所同一"": """", ""施設・場所名"": ""牛深地区コミュニティセンター"", ""経度"": ""130.025668"", ""緯度"": ""32.195712""}, {""NO"": ""1054"", ""その他市町村長が必要と認める事項"": """", ""住所"": ""熊本県天草市五和町御領6692-1"", ""備考"": """", ""共通ID"": ""E4321500060121"", ""受入対象者"": ""要配慮者"", ""指定緊急避難場所との住所同一"": ""1"", ""施設・場所名"": ""御領地区コミュニティセンター"", ""経度"": ""130.18888259453"", ""緯度"": ""32.517830538891""}]",reference/43000_1.csv,dd6686fa000c3e720180ba96d02aacff987aec1bba3c9bc69a5867fc0089d10d,00001236,320,320,kumamoto_portal_map,2026-08-01T00:28:20+09:00,matched,portal_shelter_id,1.000,32.46673744,130.131714,32.46665983,130.131687,matched,manual_shelter_id,マニュアルジオコーディング(1).csv,35f5dae36fe4e9577c53f227bd933e4604ed40e589ee27a700add2b32438424c,32.46665983,130.131687,manual_geocoding,manual_shelter_id,complete
2026-07-30,2026-07-30T00:22:48+09:00,26/07/30 00:22時点の避難所状況の一覧です。,2026-07-30T00:22+09:00,web:cf493c040a3bbb7fbe8f,cf493c040a3bbb7fbe8f,天草市,栖本地区コミュニティセンター,開設,true,平常,,天草市栖本町河内 4414-1,検索,,,,,https://portal.bousai.pref.kumamoto.jp/sp.html?p=evacuation%2Fshelter&l=15-0&ll=32.63819999999999%2C130.77610000000004&z=9&municipalityCd=430005,45fc208f8163f07e148afb3234b4a43d671711f99c416766167d0ad6c8eeb82b,"{""ルート検索"": ""検索"", ""住所"": ""天草市栖本町河内 4414-1"", ""市町村"": ""天草市"", ""混雑状況"": ""平常"", ""避難所名"": ""栖本地区コミュニティセンター"", ""開設状況"": ""開設""}",unmatched,fuzzy_below_threshold,0.784,0,,,,,,,,,,,[],,[],"[{""NO"": ""1136"", ""その他市町村長が必要と認める事項"": """", ""住所"": ""熊本県天草市天草町高浜南501-1"", ""備考"": """", ""共通ID"": ""E4321500202121"", ""受入対象者"": ""要配慮者"", ""指定緊急避難場所との住所同一"": ""1"", ""施設・場所名"": ""高浜地区コミュニティセンター"", ""経度"": ""129.9975277"", ""緯度"": ""32.37838933""}, {""NO"": ""1041"", ""その他市町村長が必要と認める事項"": """", ""住所"": ""熊本県天草市牛深町122-2"", ""備考"": """", ""共通ID"": ""E4321500276121"", ""受入対象者"": ""要配慮者"", ""指定緊急避難場所との住所同一"": """", ""施設・場所名"": ""牛深地区コミュニティセンター"", ""経度"": ""130.025668"", ""緯度"": ""32.195712""}, {""NO"": ""1054"", ""その他市町村長が必要と認める事項"": """", ""住所"": ""熊本県天草市五和町御領6692-1"", ""備考"": """", ""共通ID"": ""E4321500060121"", ""受入対象者"": ""要配慮者"", ""指定緊急避難場所との住所同一"": ""1"", ""施設・場所名"": ""御領地区コミュニティセンター"", ""経度"": ""130.18888259453"", ""緯度"": ""32.517830538891""}]",reference/43000_1.csv,dd6686fa000c3e720180ba96d02aacff987aec1bba3c9bc69a5867fc0089d10d,00001304,570,570,kumamoto_portal_map,2026-08-01T00:28:20+09:00,matched,portal_shelter_id,1.000,32.44435384,130.3086396,32.44436676,130.3085513,matched,manual_shelter_id,マニュアルジオコーディング(1).csv,35f5dae36fe4e9577c53f227bd933e4604ed40e589ee27a700add2b32438424c,32.44436676,130.3085513,manual_geocoding,manual_shelter_id,complete
2026-07-30,2026-07-30T00:22:48+09:00,26/07/30 00:22時点の避難所状況の一覧です。,2026-07-30T00:22+09:00,web:f674e88b9cc1931a8ab3,f674e88b9cc1931a8ab3,天草市,楠甫地区コミュニティセンター,開設,true,平常,,天草市有明町楠甫 4629-7,検索,,,,,https://portal.bousai.pref.kumamoto.jp/sp.html?p=evacuation%2Fshelter&l=15-0&ll=32.63819999999999%2C130.77610000000004&z=9&municipalityCd=430005,813ef4e48dd43f773ba015674047efd0e52d906cccc5e04e4bb0613048935a1c,"{""ルート検索"": ""検索"", ""住所"": ""天草市有明町楠甫 4629-7"", ""市町村"": ""天草市"", ""混雑状況"": ""平常"", ""避難所名"": ""楠甫地区コミュニティセンター"", ""開設状況"": ""開設""}",unmatched,fuzzy_below_threshold,0.797,0,,,,,,,,,,,[],,[],"[{""NO"": ""1076"", ""その他市町村長が必要と認める事項"": """", ""住所"": ""熊本県天草市御所浦町牧島625-7"", ""備考"": """", ""共通ID"": ""E4321500102111"", ""受入対象者"": """", ""指定緊急避難場所との住所同一"": """", ""施設・場所名"": ""牧島地区コミュニティセンター"", ""経度"": ""130.3279952"", ""緯度"": ""32.3474935""}, {""NO"": ""1049"", ""その他市町村長が必要と認める事項"": """", ""住所"": ""熊本県天草市魚貫町2129"", ""備考"": """", ""共通ID"": ""E4321500050111"", ""受入対象者"": """", ""指定緊急避難場所との住所同一"": """", ""施設・場所名"": ""魚貫地区コミュニティセンター"", ""経度"": ""130.0109142"", ""緯度"": ""32.23957339""}, {""NO"": ""1054"", ""その他市町村長が必要と認める事項"": """", ""住所"": ""熊本県天草市五和町御領6692-1"", ""備考"": """", ""共通ID"": ""E4321500060121"", ""受入対象者"": ""要配慮者"", ""指定緊急避難場所との住所同一"": ""1"", ""施設・場所名"": ""御領地区コミュニティセンター"", ""経度"": ""130.18888259453"", ""緯度"": ""32.517830538891""}]",reference/43000_1.csv,dd6686fa000c3e720180ba96d02aacff987aec1bba3c9bc69a5867fc0089d10d,00001264,70,70,kumamoto_portal_map,2026-08-01T00:28:20+09:00,matched,portal_shelter_id,1.000,32.49874925,130.3749112,32.49874134,130.3747644,matched,manual_shelter_id,マニュアルジオコーディング(1).csv,35f5dae36fe4e9577c53f227bd933e4604ed40e589ee27a700add2b32438424c,32.49874134,130.3747644,manual_geocoding,manual_shelter_id,complete
2026-07-30,2026-07-30T00:22:48+09:00,26/07/30 00:22時点の避難所状況の一覧です。,2026-07-30T00:22+09:00,web:53fa579853f8876d5401,53fa579853f8876d5401,天草市,浦地区コミュニティセンター,開設,true,平常,,天草市倉岳町浦 3089-1,検索,,,,,https://portal.bousai.pref.kumamoto.jp/sp.html?p=evacuation%2Fshelter&l=15-0&ll=32.63819999999999%2C130.77610000000004&z=9&municipalityCd=430005,1ef4ac8423d4b9d7f51ca1648da86b53adb5aa3dd222e1ba8c7db7649426c569,"{""ルート検索"": ""検索"", ""住所"": ""天草市倉岳町浦 3089-1"", ""市町村"": ""天草市"", ""混雑状況"": ""平常"", ""避難所名"": ""浦地区コミュニティセンター"", ""開設状況"": ""開設""}",unmatched,fuzzy_below_threshold,0.828,0,,,,,,,,,,,[],,[],"[{""NO"": ""1126"", ""その他市町村長が必要と認める事項"": """", ""住所"": ""熊本県天草市倉岳町棚底1786-4"", ""備考"": """", ""共通ID"": ""E4321500185111"", ""受入対象者"": """", ""指定緊急避難場所との住所同一"": """", ""施設・場所名"": ""棚底地区コミュニティセンター"", ""経度"": ""130.3438864"", ""緯度"": ""32.41067919""}, {""NO"": ""1054"", ""その他市町村長が必要と認める事項"": """", ""住所"": ""熊本県天草市五和町御領6692-1"", ""備考"": """", ""共通ID"": ""E4321500060121"", ""受入対象者"": ""要配慮者"", ""指定緊急避難場所との住所同一"": ""1"", ""施設・場所名"": ""御領地区コミュニティセンター"", ""経度"": ""130.18888259453"", ""緯度"": ""32.517830538891""}, {""NO"": ""1136"", ""その他市町村長が必要と認める事項"": """", ""住所"": ""熊本県天草市天草町高浜南501-1"", ""備考"": """", ""共通ID"": ""E4321500202121"", ""受入対象者"": ""要配慮者"", ""指定緊急避難場所との住所同一"": ""1"", ""施設・場所名"": ""高浜地区コミュニティセンター"", ""経度"": ""129.9975277"", ""緯度"": ""32.37838933""}]",reference/43000_1.csv,dd6686fa000c3e720180ba96d02aacff987aec1bba3c9bc69a5867fc0089d10d,00001298,142,142,kumamoto_portal_map,2026-08-01T00:28:20+09:00,matched,portal_shelter_id,1.000,32.43330268,130.3544161,32.43006304,130.3567817,matched,manual_shelter_id,マニュアルジオコーディング(1).csv,35f5dae36fe4e9577c53f227bd933e4604ed40e589ee27a700add2b32438424c,32.43006304,130.3567817,manual_geocoding,manual_shelter_id,complete
2026-07-30,2026-07-30T00:22:48+09:00,26/07/30 00:22時点の避難所状況の一覧です。,2026-07-30T00:22+09:00,web:f1bd1b7a251d1624f125,f1bd1b7a251d1624f125,天草市,深海地区コミュニティセンター,開設,true,平常,,天草市深海町 1842-42,検索,,,,,https://portal.bousai.pref.kumamoto.jp/sp.html?p=evacuation%2Fshelter&l=15-0&ll=32.63819999999999%2C130.77610000000004&z=9&municipalityCd=430005,279e7f5c3cbf3f0d271464d69ab15e1431a27efebcfcb3adb61d3ffcde4b0e94,"{""ルート検索"": ""検索"", ""住所"": ""天草市深海町 1842-42"", ""市町村"": ""天草市"", ""混雑状況"": ""平常"", ""避難所名"": ""深海地区コミュニティセンター"", ""開設状況"": ""開設""}",unmatched,fuzzy_below_threshold,0.892,0,,,,,,,,,,,[],,[],"[{""NO"": ""1041"", ""その他市町村長が必要と認める事項"": """", ""住所"": ""熊本県天草市牛深町122-2"", ""備考"": """", ""共通ID"": ""E4321500276121"", ""受入対象者"": ""要配慮者"", ""指定緊急避難場所との住所同一"": """", ""施設・場所名"": ""牛深地区コミュニティセンター"", ""経度"": ""130.025668"", ""緯度"": ""32.195712""}, {""NO"": ""1126"", ""その他市町村長が必要と認める事項"": """", ""住所"": ""熊本県天草市倉岳町棚底1786-4"", ""備考"": """", ""共通ID"": ""E4321500185111"", ""受入対象者"": """", ""指定緊急避難場所との住所同一"": """", ""施設・場所名"": ""棚底地区コミュニティセンター"", ""経度"": ""130.3438864"", ""緯度"": ""32.41067919""}, {""NO"": ""1049"", ""その他市町村長が必要と認める事項"": """", ""住所"": ""熊本県天草市魚貫町2129"", ""備考"": """", ""共通ID"": ""E4321500050111"", ""受入対象者"": """", ""指定緊急避難場所との住所同一"": """", ""施設・場所名"": ""魚貫地区コミュニティセンター"", ""経度"": ""130.0109142"", ""緯度"": ""32.23957339""}]",reference/43000_1.csv,dd6686fa000c3e720180ba96d02aacff987aec1bba3c9bc69a5867fc0089d10d,00001260,68,68,kumamoto_portal_map,2026-08-01T00:28:20+09:00,matched,portal_shelter_id,1.000,32.25460538,130.0947642,32.25454083,130.0947428,matched,manual_shelter_id,マニュアルジオコーディング(1).csv,35f5dae36fe4e9577c53f227bd933e4604ed40e589ee27a700add2b32438424c,32.25454083,130.0947428,manual_geocoding,manual_shelter_id,complete
2026-07-30,2026-07-30T00:22:48+09:00,26/07/30 00:22時点の避難所状況の一覧です。,2026-07-30T00:22+09:00,web:51fab8e86e066c808c1a,51fab8e86e066c808c1a,天草市,碇石地区コミュニティセンター,開設,true,平常,,天草市新和町碇石 959,検索,,,,,https://portal.bousai.pref.kumamoto.jp/sp.html?p=evacuation%2Fshelter&l=15-0&ll=32.63819999999999%2C130.77610000000004&z=9&municipalityCd=430005,0c5eb2301cbd08bdc39fa91694ba548eb3c91fcec67f77124f2c855a76a416ba,"{""ルート検索"": ""検索"", ""住所"": ""天草市新和町碇石 959"", ""市町村"": ""天草市"", ""混雑状況"": ""平常"", ""避難所名"": ""碇石地区コミュニティセンター"", ""開設状況"": ""開設""}",unmatched,fuzzy_below_threshold,0.780,0,,,,,,,,,,,[],,[],"[{""NO"": ""1054"", ""その他市町村長が必要と認める事項"": """", ""住所"": ""熊本県天草市五和町御領6692-1"", ""備考"": """", ""共通ID"": ""E4321500060121"", ""受入対象者"": ""要配慮者"", ""指定緊急避難場所との住所同一"": ""1"", ""施設・場所名"": ""御領地区コミュニティセンター"", ""経度"": ""130.18888259453"", ""緯度"": ""32.517830538891""}, {""NO"": ""1049"", ""その他市町村長が必要と認める事項"": """", ""住所"": ""熊本県天草市魚貫町2129"", ""備考"": """", ""共通ID"": ""E4321500050111"", ""受入対象者"": """", ""指定緊急避難場所との住所同一"": """", ""施設・場所名"": ""魚貫地区コミュニティセンター"", ""経度"": ""130.0109142"", ""緯度"": ""32.23957339""}, {""NO"": ""1076"", ""その他市町村長が必要と認める事項"": """", ""住所"": ""熊本県天草市御所浦町牧島625-7"", ""備考"": """", ""共通ID"": ""E4321500102111"", ""受入対象者"": """", ""指定緊急避難場所との住所同一"": """", ""施設・場所名"": ""牧島地区コミュニティセンター"", ""経度"": ""130.3279952"", ""緯度"": ""32.3474935""}]",reference/43000_1.csv,dd6686fa000c3e720180ba96d02aacff987aec1bba3c9bc69a5867fc0089d10d,00001327,57,57,kumamoto_portal_map,2026-08-01T00:28:20+09:00,matched,portal_shelter_id,1.000,32.36210572,130.1507212,32.36208313,130.1507471,matched,manual_shelter_id,マニュアルジオコーディング(1).csv,35f5dae36fe4e9577c53f227bd933e4604ed40e589ee27a700add2b32438424c,32.36208313,130.1507471,manual_geocoding,manual_shelter_id,complete
2026-07-30,2026-07-30T00:22:48+09:00,26/07/30 00:22時点の避難所状況の一覧です。,2026-07-30T00:22+09:00,web:e5183aee4b4e8011db6b,e5183aee4b4e8011db6b,天草市,福連木地区コミュニティセンター,開設,true,平常,,天草市天草町福連木 3645-2,検索,,,,,https://portal.bousai.pref.kumamoto.jp/sp.html?p=evacuation%2Fshelter&l=15-0&ll=32.63819999999999%2C130.77610000000004&z=9&municipalityCd=430005,60201684f19a0042430942db62f6d23df84aa380bc16e1bd03366e316ef99711,"{""ルート検索"": ""検索"", ""住所"": ""天草市天草町福連木 3645-2"", ""市町村"": ""天草市"", ""混雑状況"": ""平常"", ""避難所名"": ""福連木地区コミュニティセンター"", ""開設状況"": ""開設""}",unmatched,fuzzy_below_threshold,0.767,0,,,,,,,,,,,[],,[],"[{""NO"": ""1136"", ""その他市町村長が必要と認める事項"": """", ""住所"": ""熊本県天草市天草町高浜南501-1"", ""備考"": """", ""共通ID"": ""E4321500202121"", ""受入対象者"": ""要配慮者"", ""指定緊急避難場所との住所同一"": ""1"", ""施設・場所名"": ""高浜地区コミュニティセンター"", ""経度"": ""129.9975277"", ""緯度"": ""32.37838933""}, {""NO"": ""1076"", ""その他市町村長が必要と認める事項"": """", ""住所"": ""熊本県天草市御所浦町牧島625-7"", ""備考"": """", ""共通ID"": ""E4321500102111"", ""受入対象者"": """", ""指定緊急避難場所との住所同一"": """", ""施設・場所名"": ""牧島地区コミュニティセンター"", ""経度"": ""130.3279952"", ""緯度"": ""32.3474935""}, {""NO"": ""1041"", ""その他市町村長が必要と認める事項"": """", ""住所"": ""熊本県天草市牛深町122-2"", ""備考"": """", ""共通ID"": ""E4321500276121"", ""受入対象者"": ""要配慮者"", ""指定緊急避難場所との住所同一"": """", ""施設・場所名"": ""牛深地区コミュニティセンター"", ""経度"": ""130.025668"", ""緯度"": ""32.195712""}]",reference/43000_1.csv,dd6686fa000c3e720180ba96d02aacff987aec1bba3c9bc69a5867fc0089d10d,00001345,45,45,kumamoto_portal_map,2026-08-01T00:28:20+09:00,matched,portal_shelter_id,1.000,32.42061449,130.0719446,32.42060427,130.071913,matched,manual_shelter_id,マニュアルジオコーディング(1).csv,35f5dae36fe4e9577c53f227bd933e4604ed40e589ee27a700add2b32438424c,32.42060427,130.071913,manual_geocoding,manual_shelter_id,complete
2026-07-30,2026-07-30T00:22:48+09:00,26/07/30 00:22時点の避難所状況の一覧です。,2026-07-30T00:22+09:00,web:20f30f4d976c295dd5d1,20f30f4d976c295dd5d1,天草市,複合施設ここらす,開設,true,平常,,天草市浄南町4-15,検索,,,,,https://portal.bousai.pref.kumamoto.jp/sp.html?p=evacuation%2Fshelter&l=15-0&ll=32.63819999999999%2C130.77610000000004&z=9&municipalityCd=430005,0076a41b3464fe7712d7736b459e745ce902e224a232af22d59b7236c7f52885,"{""ルート検索"": ""検索"", ""住所"": ""天草市浄南町4-15"", ""市町村"": ""天草市"", ""混雑状況"": ""平常"", ""避難所名"": ""複合施設ここらす"", ""開設状況"": ""開設""}",unmatched,no_candidate,,0,,,,,,,,,,,[],,[],[],reference/43000_1.csv,dd6686fa000c3e720180ba96d02aacff987aec1bba3c9bc69a5867fc0089d10d,00002199,90,90,kumamoto_portal_map,2026-08-01T00:28:20+09:00,matched,portal_shelter_id,1.000,32.449802639656,130.19594928708,32.44986593,130.1958734,matched,manual_shelter_id,マニュアルジオコーディング(1).csv,35f5dae36fe4e9577c53f227bd933e4604ed40e589ee27a700add2b32438424c,32.44986593,130.1958734,manual_geocoding,manual_shelter_id,complete
2026-07-30,2026-07-30T00:22:48+09:00,26/07/30 00:22時点の避難所状況の一覧です。,2026-07-30T00:22+09:00,web:bb3ddc9c05220a13d6f6,bb3ddc9c05220a13d6f6,天草市,赤崎地区コミュニティセンター,開設,true,平常,,天草市有明町赤崎 1801-1,検索,,,,,https://portal.bousai.pref.kumamoto.jp/sp.html?p=evacuation%2Fshelter&l=15-0&ll=32.63819999999999%2C130.77610000000004&z=9&municipalityCd=430005,80b202dabf8c1fdd054794429cac246a3ef0fd1125117fc901e41f7781221d87,"{""ルート検索"": ""検索"", ""住所"": ""天草市有明町赤崎 1801-1"", ""市町村"": ""天草市"", ""混雑状況"": ""平常"", ""避難所名"": ""赤崎地区コミュニティセンター"", ""開設状況"": ""開設""}",unmatched,fuzzy_below_threshold,0.797,0,,,,,,,,,,,[],,[],"[{""NO"": ""1136"", ""その他市町村長が必要と認める事項"": """", ""住所"": ""熊本県天草市天草町高浜南501-1"", ""備考"": """", ""共通ID"": ""E4321500202121"", ""受入対象者"": ""要配慮者"", ""指定緊急避難場所との住所同一"": ""1"", ""施設・場所名"": ""高浜地区コミュニティセンター"", ""経度"": ""129.9975277"", ""緯度"": ""32.37838933""}, {""NO"": ""1126"", ""その他市町村長が必要と認める事項"": """", ""住所"": ""熊本県天草市倉岳町棚底1786-4"", ""備考"": """", ""共通ID"": ""E4321500185111"", ""受入対象者"": """", ""指定緊急避難場所との住所同一"": """", ""施設・場所名"": ""棚底地区コミュニティセンター"", ""経度"": ""130.3438864"", ""緯度"": ""32.41067919""}, {""NO"": ""1041"", ""その他市町村長が必要と認める事項"": """", ""住所"": ""熊本県天草市牛深町122-2"", ""備考"": """", ""共通ID"": ""E4321500276121"", ""受入対象者"": ""要配慮者"", ""指定緊急避難場所との住所同一"": """", ""施設・場所名"": ""牛深地区コミュニティセンター"", ""経度"": ""130.025668"", ""緯度"": ""32.195712""}]",reference/43000_1.csv,dd6686fa000c3e720180ba96d02aacff987aec1bba3c9bc69a5867fc0089d10d,00001273,50,50,kumamoto_portal_map,2026-08-01T00:28:20+09:00,matched,portal_shelter_id,1.000,32.51738354,130.3203967,32.51738062,130.3204142,matched,manual_shelter_id,マニュアルジオコーディング(1).csv,35f5dae36fe4e9577c53f227bd933e4604ed40e589ee27a700add2b32438424c,32.51738062,130.3204142,manual_geocoding,manual_shelter_id,complete
2026-07-30,2026-07-30T00:22:48+09:00,26/07/30 00:22時点の避難所状況の一覧です。,2026-07-30T00:22+09:00,web:002fb4abee3c5a856833,002fb4abee3c5a856833,天草市,須子地区コミュニティセンター(大会議室),開設,true,やや混雑,,天草市有明町須子 2082-3,検索,,,,,https://portal.bousai.pref.kumamoto.jp/sp.html?p=evacuation%2Fshelter&l=15-0&ll=32.63819999999999%2C130.77610000000004&z=9&municipalityCd=430005,786bfe56fd363afe9c5d048bdddc1adffeca1a0953204add03414e64b8063a4b,"{""ルート検索"": ""検索"", ""住所"": ""天草市有明町須子 2082-3"", ""市町村"": ""天草市"", ""混雑状況"": ""やや混雑"", ""避難所名"": ""須子地区コミュニティセンター(大会議室)"", ""開設状況"": ""開設""}",unmatched,no_candidate,,0,,,,,,,,,,,[],,[],[],reference/43000_1.csv,dd6686fa000c3e720180ba96d02aacff987aec1bba3c9bc69a5867fc0089d10d,00001270,20,20,kumamoto_portal_map,2026-08-01T00:28:20+09:00,matched,portal_shelter_id,1.000,32.51404315,130.3419451,32.51409456,130.3420303,matched,manual_shelter_id,マニュアルジオコーディング(1).csv,35f5dae36fe4e9577c53f227bd933e4604ed40e589ee27a700add2b32438424c,32.51409456,130.3420303,manual_geocoding,manual_shelter_id,complete
2026-07-30,2026-07-30T00:22:48+09:00,26/07/30 00:22時点の避難所状況の一覧です。,2026-07-30T00:22+09:00,web:473ecc0bc49b3f627e2a,473ecc0bc49b3f627e2a,宇土市,椿原公民館,開設,true,不明,,熊本県宇土市椿原町581,検索,,,,,https://portal.bousai.pref.kumamoto.jp/sp.html?p=evacuation%2Fshelter&l=15-0&ll=32.63819999999999%2C130.77610000000004&z=9&municipalityCd=430005,effbcf4bf02c28e2d191215abd2258c100590c36ddf436e34f358abf33a1764f,"{""ルート検索"": ""検索"", ""住所"": ""熊本県宇土市椿原町581"", ""市町村"": ""宇土市"", ""混雑状況"": ""不明"", ""避難所名"": ""椿原公民館"", ""開設状況"": ""開設""}",unmatched,no_candidate,,0,,,,,,,,,,,[],,[],[],reference/43000_1.csv,dd6686fa000c3e720180ba96d02aacff987aec1bba3c9bc69a5867fc0089d10d,00002358,,0,kumamoto_portal_map,2026-08-01T00:28:20+09:00,matched,portal_shelter_id,1.000,32.68277478063608,130.6416091465585,32.68274001,130.6416035,matched,manual_shelter_id,マニュアルジオコーディング(1).csv,35f5dae36fe4e9577c53f227bd933e4604ed40e589ee27a700add2b32438424c,32.68274001,130.6416035,manual_geocoding,manual_shelter_id,complete
2026-07-30,2026-07-30T00:22:48+09:00,26/07/30 00:22時点の避難所状況の一覧です。,2026-07-30T00:22+09:00,web:83719ce40b8ec4c04df0,83719ce40b8ec4c04df0,宇土市,網田コミュニティーセンター,開設,true,平常,,熊本県宇土市下網田町1819番地,検索,,,,,https://portal.bousai.pref.kumamoto.jp/sp.html?p=evacuation%2Fshelter&l=15-0&ll=32.63819999999999%2C130.77610000000004&z=9&municipalityCd=430005,1074a6d2f9cc3366c2394f2aa093db75e3d25809e4bf271a800f77b808db08da,"{""ルート検索"": ""検索"", ""住所"": ""熊本県宇土市下網田町1819番地"", ""市町村"": ""宇土市"", ""混雑状況"": ""平常"", ""避難所名"": ""網田コミュニティーセンター"", ""開設状況"": ""開設""}",unmatched,fuzzy_below_threshold,0.757,0,,,,,,,,,,,[],,[],"[{""NO"": ""146"", ""その他市町村長が必要と認める事項"": """", ""住所"": ""熊本県宇土市古保里町977"", ""備考"": """", ""共通ID"": ""E4321100024111"", ""受入対象者"": """", ""指定緊急避難場所との住所同一"": """", ""施設・場所名"": ""花園コミュニティセンター"", ""経度"": ""130.6833043"", ""緯度"": ""32.67637751""}]",reference/43000_1.csv,dd6686fa000c3e720180ba96d02aacff987aec1bba3c9bc69a5867fc0089d10d,00002332,86,86,kumamoto_portal_map,2026-08-01T00:28:20+09:00,matched,portal_shelter_id,1.000,32.6677750171473,130.55379867553708,32.66763051,130.5530464,matched,manual_shelter_id,マニュアルジオコーディング(1).csv,35f5dae36fe4e9577c53f227bd933e4604ed40e589ee27a700add2b32438424c,32.66763051,130.5530464,manual_geocoding,manual_shelter_id,complete
2026-07-30,2026-07-30T00:22:48+09:00,26/07/30 00:22時点の避難所状況の一覧です。,2026-07-30T00:22+09:00,web:d86e52a30a796c564a94,d86e52a30a796c564a94,宇城市,三角防災拠点センター,開設,true,平常,,熊本県宇城市三角町波多619−1,検索,,,,,https://portal.bousai.pref.kumamoto.jp/sp.html?p=evacuation%2Fshelter&l=15-0&ll=32.63819999999999%2C130.77610000000004&z=9&municipalityCd=430005,1b1a29759368b4428c4e884c120985ff1bdc01f7db088f86c58981811ce2aadb,"{""ルート検索"": ""検索"", ""住所"": ""熊本県宇城市三角町波多619−1"", ""市町村"": ""宇城市"", ""混雑状況"": ""平常"", ""避難所名"": ""三角防災拠点センター"", ""開設状況"": ""開設""}",unmatched,fuzzy_below_threshold,0.883,0,,,,,,,,,,,[],,[],"[{""NO"": ""92"", ""その他市町村長が必要と認める事項"": """", ""住所"": ""熊本県宇城市三角町波多619-1"", ""備考"": """", ""共通ID"": ""E4321300007121"", ""受入対象者"": ""要配慮者"", ""指定緊急避難場所との住所同一"": ""1"", ""施設・場所名"": ""宇城市三角防災拠点センター"", ""経度"": ""130.478615935428"", ""緯度"": ""32.6131670142103""}]",reference/43000_1.csv,dd6686fa000c3e720180ba96d02aacff987aec1bba3c9bc69a5867fc0089d10d,00002150,620,620,kumamoto_portal_map,2026-08-01T00:28:20+09:00,matched,portal_shelter_id,1.000,32.612822882807066,130.48142731189728,32.61303913,130.4792208,matched,manual_shelter_id,マニュアルジオコーディング(1).csv,35f5dae36fe4e9577c53f227bd933e4604ed40e589ee27a700add2b32438424c,32.61303913,130.4792208,manual_geocoding,manual_shelter_id,complete
2026-07-30,2026-07-30T00:22:48+09:00,26/07/30 00:22時点の避難所状況の一覧です。,2026-07-30T00:22+09:00,web:c49d287f125a11c54dcd,c49d287f125a11c54dcd,宇城市,不知火防災拠点センター,開設,true,やや混雑,,熊本県宇城市高良2273ー1,検索,,,,,https://portal.bousai.pref.kumamoto.jp/sp.html?p=evacuation%2Fshelter&l=15-0&ll=32.63819999999999%2C130.77610000000004&z=9&municipalityCd=430005,9eb79be16f012e6edb1681a597eafbaf364acbccd0870d606054ecb758676d93,"{""ルート検索"": ""検索"", ""住所"": ""熊本県宇城市高良2273ー1"", ""市町村"": ""宇城市"", ""混雑状況"": ""やや混雑"", ""避難所名"": ""不知火防災拠点センター"", ""開設状況"": ""開設""}",unmatched,fuzzy_below_threshold,0.865,0,,,,,,,,,,,[],,[],"[{""NO"": ""120"", ""その他市町村長が必要と認める事項"": """", ""住所"": ""熊本県宇城市不知火町高良2273-1"", ""備考"": """", ""共通ID"": ""E4321300039121"", ""受入対象者"": ""要配慮者"", ""指定緊急避難場所との住所同一"": ""1"", ""施設・場所名"": ""宇城市不知火防災拠点センター"", ""経度"": ""130.668192"", ""緯度"": ""32.646306""}]",reference/43000_1.csv,dd6686fa000c3e720180ba96d02aacff987aec1bba3c9bc69a5867fc0089d10d,00002151,480,480,kumamoto_portal_map,2026-08-01T00:28:20+09:00,matched,portal_shelter_id,1.000,32.64628604433004,130.66802859306335,32.64595343,130.6685315,matched,manual_shelter_id,マニュアルジオコーディング(1).csv,35f5dae36fe4e9577c53f227bd933e4604ed40e589ee27a700add2b32438424c,32.64595343,130.6685315,manual_geocoding,manual_shelter_id,complete
2026-07-30,2026-07-30T00:22:48+09:00,26/07/30 00:22時点の避難所状況の一覧です。,2026-07-30T00:22+09:00,web:5c8aee7f9d598d2ba1cb,5c8aee7f9d598d2ba1cb,宇城市,小川防災拠点センター,開設,true,混雑,,熊本県宇城市小川町江頭100番地,検索,,,,,https://portal.bousai.pref.kumamoto.jp/sp.html?p=evacuation%2Fshelter&l=15-0&ll=32.63819999999999%2C130.77610000000004&z=9&municipalityCd=430005,b9fe28e8b5f8422c2b2de9b86565e9aeb61341fa8fb8272b053c09801f25400b,"{""ルート検索"": ""検索"", ""住所"": ""熊本県宇城市小川町江頭100番地"", ""市町村"": ""宇城市"", ""混雑状況"": ""混雑"", ""避難所名"": ""小川防災拠点センター"", ""開設状況"": ""開設""}",unmatched,fuzzy_below_threshold,0.883,0,,,,,,,,,,,[],,[],"[{""NO"": ""93"", ""その他市町村長が必要と認める事項"": """", ""住所"": ""熊本県宇城市小川町江頭100"", ""備考"": """", ""共通ID"": ""E4321300010111"", ""受入対象者"": """", ""指定緊急避難場所との住所同一"": ""1"", ""施設・場所名"": ""宇城市小川防災拠点センター"", ""経度"": ""130.704185991741"", ""緯度"": ""32.5925380992227""}]",reference/43000_1.csv,dd6686fa000c3e720180ba96d02aacff987aec1bba3c9bc69a5867fc0089d10d,00002194,752,752,kumamoto_portal_map,2026-08-01T00:28:20+09:00,matched,portal_shelter_id,1.000,32.59117304361442,130.70501291133146,32.59286338,130.7033051,matched,manual_shelter_id,マニュアルジオコーディング(1).csv,35f5dae36fe4e9577c53f227bd933e4604ed40e589ee27a700add2b32438424c,32.59286338,130.7033051,manual_geocoding,manual_shelter_id,complete
2026-07-30,2026-07-30T00:22:48+09:00,26/07/30 00:22時点の避難所状況の一覧です。,2026-07-30T00:22+09:00,web:ba087cedee03e98df6c9,ba087cedee03e98df6c9,宇城市,小野部田小学校体育館,開設,true,平常,,宇城市小川町南小野1402,検索,,,,,https://portal.bousai.pref.kumamoto.jp/sp.html?p=evacuation%2Fshelter&l=15-0&ll=32.63819999999999%2C130.77610000000004&z=9&municipalityCd=430005,0fe676fa9eb9b3d1da9b097c28315a73f5eb5bc92865f4f579f8e1586dd3899b,"{""ルート検索"": ""検索"", ""住所"": ""宇城市小川町南小野1402"", ""市町村"": ""宇城市"", ""混雑状況"": ""平常"", ""避難所名"": ""小野部田小学校体育館"", ""開設状況"": ""開設""}",unmatched,fuzzy_below_threshold,0.863,0,,,,,,,,,,,[],,[],"[{""NO"": ""99"", ""その他市町村長が必要と認める事項"": """", ""住所"": ""熊本県宇城市小川町南小野1402"", ""備考"": """", ""共通ID"": ""E4321300016111"", ""受入対象者"": """", ""指定緊急避難場所との住所同一"": ""1"", ""施設・場所名"": ""宇城市立小野部田小学校体育館"", ""経度"": ""130.718762612847"", ""緯度"": ""32.6072179634021""}]",reference/43000_1.csv,dd6686fa000c3e720180ba96d02aacff987aec1bba3c9bc69a5867fc0089d10d,00001161,480,480,kumamoto_portal_map,2026-08-01T00:28:20+09:00,matched,portal_shelter_id,1.000,32.606915,130.718937,32.6069935,130.7189544,matched,manual_shelter_id,マニュアルジオコーディング(1).csv,35f5dae36fe4e9577c53f227bd933e4604ed40e589ee27a700add2b32438424c,32.6069935,130.7189544,manual_geocoding,manual_shelter_id,complete
2026-07-30,2026-07-30T00:22:48+09:00,26/07/30 00:22時点の避難所状況の一覧です。,2026-07-30T00:22+09:00,web:87a410b68cfb404f6035,87a410b68cfb404f6035,宇城市,松橋東防災拠点センター,開設,true,混雑,,熊本県宇城市豊福1786番地,検索,,,,,https://portal.bousai.pref.kumamoto.jp/sp.html?p=evacuation%2Fshelter&l=15-0&ll=32.63819999999999%2C130.77610000000004&z=9&municipalityCd=430005,0922c06a1a96c69dd2f8333f8dfe6d4ad2ba9b10c647e7eb030f21f1ac8d530d,"{""ルート検索"": ""検索"", ""住所"": ""熊本県宇城市豊福1786番地"", ""市町村"": ""宇城市"", ""混雑状況"": ""混雑"", ""避難所名"": ""松橋東防災拠点センター"", ""開設状況"": ""開設""}",unmatched,fuzzy_below_threshold,0.867,0,,,,,,,,,,,[],,[],"[{""NO"": ""116"", ""その他市町村長が必要と認める事項"": """", ""住所"": ""熊本県宇城市松橋町豊福1786"", ""備考"": """", ""共通ID"": ""E4321300035121"", ""受入対象者"": ""要配慮者"", ""指定緊急避難場所との住所同一"": ""1"", ""施設・場所名"": ""宇城市松橋東防災拠点センター"", ""経度"": ""130.702563105949"", ""緯度"": ""32.6429174540355""}]",reference/43000_1.csv,dd6686fa000c3e720180ba96d02aacff987aec1bba3c9bc69a5867fc0089d10d,00002192,511,511,kumamoto_portal_map,2026-08-01T00:28:20+09:00,matched,portal_shelter_id,1.000,32.64785704367983,130.68436411272134,32.64293327,130.7028836,matched,manual_shelter_id,マニュアルジオコーディング(1).csv,35f5dae36fe4e9577c53f227bd933e4604ed40e589ee27a700add2b32438424c,32.64293327,130.7028836,manual_geocoding,manual_shelter_id,complete
2026-07-30,2026-07-30T00:22:48+09:00,26/07/30 00:22時点の避難所状況の一覧です。,2026-07-30T00:22+09:00,web:38cdaae343f39d2a3d4e,38cdaae343f39d2a3d4e,宇城市,松橋西防災拠点センター,開設,true,やや混雑,,熊本県宇城市松橋町松橋564番地,検索,,,,,https://portal.bousai.pref.kumamoto.jp/sp.html?p=evacuation%2Fshelter&l=15-0&ll=32.63819999999999%2C130.77610000000004&z=9&municipalityCd=430005,32686a198aedf1dee0999585064471513d63b135c2d3c02a70d5e303dcc93416,"{""ルート検索"": ""検索"", ""住所"": ""熊本県宇城市松橋町松橋564番地"", ""市町村"": ""宇城市"", ""混雑状況"": ""やや混雑"", ""避難所名"": ""松橋西防災拠点センター"", ""開設状況"": ""開設""}",unmatched,fuzzy_below_threshold,0.878,0,,,,,,,,,,,[],,[],"[{""NO"": ""109"", ""その他市町村長が必要と認める事項"": """", ""住所"": ""熊本県宇城市松橋町松橋564-2"", ""備考"": """", ""共通ID"": ""E4321300028121"", ""受入対象者"": ""要配慮者"", ""指定緊急避難場所との住所同一"": ""1"", ""施設・場所名"": ""宇城市松橋西防災拠点センター"", ""経度"": ""130.678948359643"", ""緯度"": ""32.6514957274895""}]",reference/43000_1.csv,dd6686fa000c3e720180ba96d02aacff987aec1bba3c9bc69a5867fc0089d10d,00002193,419,419,kumamoto_portal_map,2026-08-01T00:28:20+09:00,matched,portal_shelter_id,1.000,32.652025512723746,130.67878183007937,32.65165088,130.6784273,matched,manual_shelter_id,マニュアルジオコーディング(1).csv,35f5dae36fe4e9577c53f227bd933e4604ed40e589ee27a700add2b32438424c,32.65165088,130.6784273,manual_geocoding,manual_shelter_id,complete
2026-07-30,2026-07-30T00:22:48+09:00,26/07/30 00:22時点の避難所状況の一覧です。,2026-07-30T00:22+09:00,web:882450c424ff030d6cee,882450c424ff030d6cee,山都町,保健福祉センター千寿苑,開設,true,平常,,山都町千滝232,検索,,,,,https://portal.bousai.pref.kumamoto.jp/sp.html?p=evacuation%2Fshelter&l=15-0&ll=32.63819999999999%2C130.77610000000004&z=9&municipalityCd=430005,37b0357bfb09d3a3f129b1bd8ad3cafed0e74238f7437ba194f1072ad14d1741,"{""ルート検索"": ""検索"", ""住所"": ""山都町千滝232"", ""市町村"": ""山都町"", ""混雑状況"": ""平常"", ""避難所名"": ""保健福祉センター千寿苑"", ""開設状況"": ""開設""}",unmatched,fuzzy_below_threshold,0.925,0,,,,,,,,,,,[],,[],"[{""NO"": ""783"", ""その他市町村長が必要と認める事項"": """", ""住所"": ""熊本県山都町千滝232"", ""備考"": """", ""共通ID"": ""E4344700034121"", ""受入対象者"": ""災害対策基本法第49条の10第1項に規定する者"", ""指定緊急避難場所との住所同一"": ""1"", ""施設・場所名"": ""矢部保健福祉センター千寿苑"", ""経度"": ""130.98571161376"", ""緯度"": ""32.679611963699""}]",reference/43000_1.csv,dd6686fa000c3e720180ba96d02aacff987aec1bba3c9bc69a5867fc0089d10d,00001807,100,100,kumamoto_portal_map,2026-08-01T00:28:20+09:00,matched,portal_shelter_id,1.000,32.679814,130.985308,32.67983366,130.9852486,matched,manual_shelter_id,マニュアルジオコーディング(1).csv,35f5dae36fe4e9577c53f227bd933e4604ed40e589ee27a700add2b32438424c,32.67983366,130.9852486,manual_geocoding,manual_shelter_id,complete
2026-07-30,2026-07-30T00:22:48+09:00,26/07/30 00:22時点の避難所状況の一覧です。,2026-07-30T00:22+09:00,web:694ce11a6f02603504c2,694ce11a6f02603504c2,山都町,山都町役場清和支所,開設,true,平常,,山都町大平385,検索,,,,,https://portal.bousai.pref.kumamoto.jp/sp.html?p=evacuation%2Fshelter&l=15-0&ll=32.63819999999999%2C130.77610000000004&z=9&municipalityCd=430005,b2ed0bd1012fc6102c69537dfdcfd3d2e24d6cee3a6ff9c3ac0adb8a8d1b1bea,"{""ルート検索"": ""検索"", ""住所"": ""山都町大平385"", ""市町村"": ""山都町"", ""混雑状況"": ""平常"", ""避難所名"": ""山都町役場清和支所"", ""開設状況"": ""開設""}",unmatched,no_candidate,,0,,,,,,,,,,,[],,[],[],reference/43000_1.csv,dd6686fa000c3e720180ba96d02aacff987aec1bba3c9bc69a5867fc0089d10d,00001827,75,75,kumamoto_portal_map,2026-08-01T00:28:20+09:00,matched,portal_shelter_id,1.000,32.691454,131.086991,32.69148178,131.0869671,matched,manual_shelter_id,マニュアルジオコーディング(1).csv,35f5dae36fe4e9577c53f227bd933e4604ed40e589ee27a700add2b32438424c,32.69148178,131.0869671,manual_geocoding,manual_shelter_id,complete
2026-07-30,2026-07-30T00:22:48+09:00,26/07/30 00:22時点の避難所状況の一覧です。,2026-07-30T00:22+09:00,web:4d80aaace65ddb98683c,4d80aaace65ddb98683c,山都町,山都町役場蘇陽支所,開設,true,平常,,山都町今500,検索,,,,,https://portal.bousai.pref.kumamoto.jp/sp.html?p=evacuation%2Fshelter&l=15-0&ll=32.63819999999999%2C130.77610000000004&z=9&municipalityCd=430005,8e175a9c4fe0bf8343588f53111fad04dbf1b0cc6824a60ff0a7aaf446ea5794,"{""ルート検索"": ""検索"", ""住所"": ""山都町今500"", ""市町村"": ""山都町"", ""混雑状況"": ""平常"", ""避難所名"": ""山都町役場蘇陽支所"", ""開設状況"": ""開設""}",unmatched,no_candidate,,0,,,,,,,,,,,[],,[],[],reference/43000_1.csv,dd6686fa000c3e720180ba96d02aacff987aec1bba3c9bc69a5867fc0089d10d,00001838,125,125,kumamoto_portal_map,2026-08-01T00:28:20+09:00,matched,portal_shelter_id,1.000,32.724634,131.165513,32.72462501,131.1656138,matched,manual_shelter_id,マニュアルジオコーディング(1).csv,35f5dae36fe4e9577c53f227bd933e4604ed40e589ee27a700add2b32438424c,32.72462501,131.1656138,manual_geocoding,manual_shelter_id,complete
2026-07-30,2026-07-30T00:22:48+09:00,26/07/30 00:22時点の避難所状況の一覧です。,2026-07-30T00:22+09:00,web:619b1451ae0ca764abad,619b1451ae0ca764abad,山都町,総合体育館パスレル,開設,true,平常,,熊本県山都町千滝271,検索,,,,,https://portal.bousai.pref.kumamoto.jp/sp.html?p=evacuation%2Fshelter&l=15-0&ll=32.63819999999999%2C130.77610000000004&z=9&municipalityCd=430005,477319f5fec58854c0b731844dd1b61a121582095bfce5e2e729491e564773b8,"{""ルート検索"": ""検索"", ""住所"": ""熊本県山都町千滝271"", ""市町村"": ""山都町"", ""混雑状況"": ""平常"", ""避難所名"": ""総合体育館パスレル"", ""開設状況"": ""開設""}",unmatched,no_candidate,,0,,,,,,,,,,,[],,[],[],reference/43000_1.csv,dd6686fa000c3e720180ba96d02aacff987aec1bba3c9bc69a5867fc0089d10d,00002306,200,200,kumamoto_portal_map,2026-08-01T00:28:20+09:00,matched,portal_shelter_id,1.000,32.678389020000054,130.98075272000005,32.6772847,130.9868762,matched,manual_shelter_id,マニュアルジオコーディング(1).csv,35f5dae36fe4e9577c53f227bd933e4604ed40e589ee27a700add2b32438424c,32.6772847,130.9868762,manual_geocoding,manual_shelter_id,complete
2026-07-30,2026-07-30T00:22:48+09:00,26/07/30 00:22時点の避難所状況の一覧です。,2026-07-30T00:22+09:00,web:b7ba4e53444d233613b7,b7ba4e53444d233613b7,水俣市,水俣高校体育館,開設,true,平常,,水俣市洗切町11-1,検索,,,,,https://portal.bousai.pref.kumamoto.jp/sp.html?p=evacuation%2Fshelter&l=15-0&ll=32.63819999999999%2C130.77610000000004&z=9&municipalityCd=430005,fe42a9ac72a524b645226124c506e5c9cb91e0ddf344711143e119f90105b87d,"{""ルート検索"": ""検索"", ""住所"": ""水俣市洗切町11-1"", ""市町村"": ""水俣市"", ""混雑状況"": ""平常"", ""避難所名"": ""水俣高校体育館"", ""開設状況"": ""開設""}",unmatched,no_candidate,,0,,,,,,,,,,,[],,[],[],reference/43000_1.csv,dd6686fa000c3e720180ba96d02aacff987aec1bba3c9bc69a5867fc0089d10d,00000830,400,400,kumamoto_portal_map,2026-08-01T00:28:20+09:00,matched,portal_shelter_id,1.000,32.21458021908986,130.4040026664734,32.21410896,130.4024453,matched,manual_shelter_id,マニュアルジオコーディング(1).csv,35f5dae36fe4e9577c53f227bd933e4604ed40e589ee27a700add2b32438424c,32.21410896,130.4024453,manual_geocoding,manual_shelter_id,complete
2026-07-30,2026-07-30T00:22:48+09:00,26/07/30 00:22時点の避難所状況の一覧です。,2026-07-30T00:22+09:00,web:a860a0f5fdcf3155c69b,a860a0f5fdcf3155c69b,水俣市,水東小学校多目的ホール,開設,true,平常,,水俣市初野55,検索,,,,,https://portal.bousai.pref.kumamoto.jp/sp.html?p=evacuation%2Fshelter&l=15-0&ll=32.63819999999999%2C130.77610000000004&z=9&municipalityCd=430005,9137f63cc2ce6d72a72fe496d33cbd25e68c5aec717df841a39ba90ea3705e10,"{""ルート検索"": ""検索"", ""住所"": ""水俣市初野55"", ""市町村"": ""水俣市"", ""混雑状況"": ""平常"", ""避難所名"": ""水東小学校多目的ホール"", ""開設状況"": ""開設""}",unmatched,no_candidate,,0,,,,,,,,,,,[],,[],[],reference/43000_1.csv,dd6686fa000c3e720180ba96d02aacff987aec1bba3c9bc69a5867fc0089d10d,00000836,200,200,kumamoto_portal_map,2026-08-01T00:28:20+09:00,matched,portal_shelter_id,1.000,32.213327555122696,130.4334211349487,32.21335983,130.4334964,matched,manual_shelter_id,マニュアルジオコーディング(1).csv,35f5dae36fe4e9577c53f227bd933e4604ed40e589ee27a700add2b32438424c,32.21335983,130.4334964,manual_geocoding,manual_shelter_id,complete
2026-07-30,2026-07-30T00:22:48+09:00,26/07/30 00:22時点の避難所状況の一覧です。,2026-07-30T00:22+09:00,web:f6e4a028533f3a2450c1,f6e4a028533f3a2450c1,水俣市,第二小学校多目的ホール,開設,true,平常,,水俣市栄町1-2-1,検索,,,,,https://portal.bousai.pref.kumamoto.jp/sp.html?p=evacuation%2Fshelter&l=15-0&ll=32.63819999999999%2C130.77610000000004&z=9&municipalityCd=430005,1d484deb50268bc68933f2daae4678ad99aa01c03b103298a455824086239849,"{""ルート検索"": ""検索"", ""住所"": ""水俣市栄町1-2-1"", ""市町村"": ""水俣市"", ""混雑状況"": ""平常"", ""避難所名"": ""第二小学校多目的ホール"", ""開設状況"": ""開設""}",unmatched,no_candidate,,0,,,,,,,,,,,[],,[],[],reference/43000_1.csv,dd6686fa000c3e720180ba96d02aacff987aec1bba3c9bc69a5867fc0089d10d,00000842,300,300,kumamoto_portal_map,2026-08-01T00:28:20+09:00,matched,portal_shelter_id,1.000,32.209688,130.396521,32.2097529,130.3965126,matched,manual_shelter_id,マニュアルジオコーディング(1).csv,35f5dae36fe4e9577c53f227bd933e4604ed40e589ee27a700add2b32438424c,32.2097529,130.3965126,manual_geocoding,manual_shelter_id,complete
2026-07-30,2026-07-30T00:22:48+09:00,26/07/30 00:22時点の避難所状況の一覧です。,2026-07-30T00:22+09:00,web:92ac15ea64f21af2c9fa,92ac15ea64f21af2c9fa,熊本市,九州動物学院【ペット避難場所】,開設,true,不明,,熊本県熊本市中央区本荘6丁目16-34,検索,,,,,https://portal.bousai.pref.kumamoto.jp/sp.html?p=evacuation%2Fshelter&l=15-0&ll=32.63819999999999%2C130.77610000000004&z=9&municipalityCd=430005,54d30bbe8300f1d7f206dd611b812d3e4db7f13b63640163e98cdbe88e5e0223,"{""ルート検索"": ""検索"", ""住所"": ""熊本県熊本市中央区本荘6丁目16-34"", ""市町村"": ""熊本市"", ""混雑状況"": ""不明"", ""避難所名"": ""九州動物学院【ペット避難場所】"", ""開設状況"": ""開設""}",unmatched,no_candidate,,0,,,,,,,,,,,[],,[],[],reference/43000_1.csv,dd6686fa000c3e720180ba96d02aacff987aec1bba3c9bc69a5867fc0089d10d,00002251,,0,kumamoto_portal_map,2026-08-01T00:28:20+09:00,matched,portal_shelter_id,1.000,32.7922059,130.7046784,32.79210382,130.7047918,matched,manual_shelter_id,マニュアルジオコーディング(1).csv,35f5dae36fe4e9577c53f227bd933e4604ed40e589ee27a700add2b32438424c,32.79210382,130.7047918,manual_geocoding,manual_shelter_id,complete
2026-07-30,2026-07-30T00:22:48+09:00,26/07/30 00:22時点の避難所状況の一覧です。,2026-07-30T00:22+09:00,web:0eec9dba2b46c492c406,0eec9dba2b46c492c406,熊本市,東海大学熊本キャンパス・付属熊本星翔高等学校,開設,true,不明,,熊本県熊本市東区渡鹿9丁目1-1,検索,,,,,https://portal.bousai.pref.kumamoto.jp/sp.html?p=evacuation%2Fshelter&l=15-0&ll=32.63819999999999%2C130.77610000000004&z=9&municipalityCd=430005,64b6f117baa6c0ad221329e98d4f791e1b110c91dec2ba4fc371d6e5c4097523,"{""ルート検索"": ""検索"", ""住所"": ""熊本県熊本市東区渡鹿9丁目1-1"", ""市町村"": ""熊本市"", ""混雑状況"": ""不明"", ""避難所名"": ""東海大学熊本キャンパス・付属熊本星翔高等学校"", ""開設状況"": ""開設""}",unmatched,no_candidate,,0,,,,,,,,,,,[],,[],[],reference/43000_1.csv,dd6686fa000c3e720180ba96d02aacff987aec1bba3c9bc69a5867fc0089d10d,00002295,,0,kumamoto_portal_map,2026-08-01T00:28:20+09:00,matched,portal_shelter_id,1.000,32.8117569,130.7430407,32.80968051,130.7425112,matched,manual_shelter_id,マニュアルジオコーディング(1).csv,35f5dae36fe4e9577c53f227bd933e4604ed40e589ee27a700add2b32438424c,32.80968051,130.7425112,manual_geocoding,manual_shelter_id,complete
2026-07-30,2026-07-30T00:22:48+09:00,26/07/30 00:22時点の避難所状況の一覧です。,2026-07-30T00:22+09:00,web:a8686c9b3a353a1462ae,a8686c9b3a353a1462ae,熊本市,水前寺競技場【ペット避難場所】,開設,true,不明,,熊本市中央区水前寺5-23-3,検索,,,,,https://portal.bousai.pref.kumamoto.jp/sp.html?p=evacuation%2Fshelter&l=15-0&ll=32.63819999999999%2C130.77610000000004&z=9&municipalityCd=430005,663108aacb8611c9db252fd84716b87820c184d567f55e71ed62e2b88a201a0e,"{""ルート検索"": ""検索"", ""住所"": ""熊本市中央区水前寺5-23-3"", ""市町村"": ""熊本市"", ""混雑状況"": ""不明"", ""避難所名"": ""水前寺競技場【ペット避難場所】"", ""開設状況"": ""開設""}",unmatched,no_candidate,,0,,,,,,,,,,,[],,[],[],reference/43000_1.csv,dd6686fa000c3e720180ba96d02aacff987aec1bba3c9bc69a5867fc0089d10d,00002252,,0,kumamoto_portal_map,2026-08-01T00:28:20+09:00,matched,portal_shelter_id,1.000,32.7944344,130.7406853,32.79446798,130.7405985,matched,manual_shelter_id,マニュアルジオコーディング(1).csv,35f5dae36fe4e9577c53f227bd933e4604ed40e589ee27a700add2b32438424c,32.79446798,130.7405985,manual_geocoding,manual_shelter_id,complete
2026-07-30,2026-07-30T00:22:48+09:00,26/07/30 00:22時点の避難所状況の一覧です。,2026-07-30T00:22+09:00,web:68ebba8ceae244e886a8,68ebba8ceae244e886a8,熊本市,済々黌高校,開設,true,不明,,熊本県熊本市中央区黒髪2丁目22-1,検索,,,,,https://portal.bousai.pref.kumamoto.jp/sp.html?p=evacuation%2Fshelter&l=15-0&ll=32.63819999999999%2C130.77610000000004&z=9&municipalityCd=430005,0b0c61a439cabc260c17fc838212353a657182618df28cce355a6731ffe28f07,"{""ルート検索"": ""検索"", ""住所"": ""熊本県熊本市中央区黒髪2丁目22-1"", ""市町村"": ""熊本市"", ""混雑状況"": ""不明"", ""避難所名"": ""済々黌高校"", ""開設状況"": ""開設""}",unmatched,no_candidate,,0,,,,,,,,,,,[],,[],[],reference/43000_1.csv,dd6686fa000c3e720180ba96d02aacff987aec1bba3c9bc69a5867fc0089d10d,00000186,,0,kumamoto_portal_map,2026-08-01T00:28:20+09:00,matched,portal_shelter_id,1.000,32.817399,130.722884,32.81655996,130.7231465,matched,manual_shelter_id,マニュアルジオコーディング(1).csv,35f5dae36fe4e9577c53f227bd933e4604ed40e589ee27a700add2b32438424c,32.81655996,130.7231465,manual_geocoding,manual_shelter_id,complete
2026-07-30,2026-07-30T00:22:48+09:00,26/07/30 00:22時点の避難所状況の一覧です。,2026-07-30T00:22+09:00,web:ea37c810630367993fe2,ea37c810630367993fe2,熊本市,熊本刑務所,開設,true,不明,,熊本県熊本市中央区渡鹿7丁目12ー1,検索,,,,,https://portal.bousai.pref.kumamoto.jp/sp.html?p=evacuation%2Fshelter&l=15-0&ll=32.63819999999999%2C130.77610000000004&z=9&municipalityCd=430005,a1919a25ddd454b387cdea2a090925c5833d4d4a7eec19f75ed2fd76ddd3d451,"{""ルート検索"": ""検索"", ""住所"": ""熊本県熊本市中央区渡鹿7丁目12ー1"", ""市町村"": ""熊本市"", ""混雑状況"": ""不明"", ""避難所名"": ""熊本刑務所"", ""開設状況"": ""開設""}",unmatched,no_candidate,,0,,,,,,,,,,,[],,[],[],reference/43000_1.csv,dd6686fa000c3e720180ba96d02aacff987aec1bba3c9bc69a5867fc0089d10d,00002256,,0,kumamoto_portal_map,2026-08-01T00:28:20+09:00,matched,portal_shelter_id,1.000,32.809403837771136,130.7386300762243,32.80925751,130.7384538,matched,manual_shelter_id,マニュアルジオコーディング(1).csv,35f5dae36fe4e9577c53f227bd933e4604ed40e589ee27a700add2b32438424c,32.80925751,130.7384538,manual_geocoding,manual_shelter_id,complete
2026-07-30,2026-07-30T00:22:48+09:00,26/07/30 00:22時点の避難所状況の一覧です。,2026-07-30T00:22+09:00,web:89e66c21ccc929c79f19,89e66c21ccc929c79f19,熊本市,熊本北高校,開設,true,不明,,熊本市北区兎谷3丁目5-1,検索,,,,,https://portal.bousai.pref.kumamoto.jp/sp.html?p=evacuation%2Fshelter&l=15-0&ll=32.63819999999999%2C130.77610000000004&z=9&municipalityCd=430005,0ea47f685663995b0dab8c2e9c44535f6850e11e04fe272c41cd0d93f1bae8a5,"{""ルート検索"": ""検索"", ""住所"": ""熊本市北区兎谷3丁目5-1"", ""市町村"": ""熊本市"", ""混雑状況"": ""不明"", ""避難所名"": ""熊本北高校"", ""開設状況"": ""開設""}",unmatched,no_candidate,,0,,,,,,,,,,,[],,[],[],reference/43000_1.csv,dd6686fa000c3e720180ba96d02aacff987aec1bba3c9bc69a5867fc0089d10d,00000197,,0,kumamoto_portal_map,2026-08-01T00:28:20+09:00,matched,portal_shelter_id,1.000,32.84165,130.746685,32.84134381,130.7470975,matched,manual_shelter_id,マニュアルジオコーディング(1).csv,35f5dae36fe4e9577c53f227bd933e4604ed40e589ee27a700add2b32438424c,32.84134381,130.7470975,manual_geocoding,manual_shelter_id,complete
2026-07-30,2026-07-30T00:22:48+09:00,26/07/30 00:22時点の避難所状況の一覧です。,2026-07-30T00:22+09:00,web:9db5a91275ae29313c40,9db5a91275ae29313c40,熊本市,熊本商業高校,開設,true,不明,,熊本県熊本市中央区神水1丁目1-2,検索,,,,,https://portal.bousai.pref.kumamoto.jp/sp.html?p=evacuation%2Fshelter&l=15-0&ll=32.63819999999999%2C130.77610000000004&z=9&municipalityCd=430005,214c0154aea6c17cc1640d6b8689f1771f8c5899572e7c7c947122bb8d93b32f,"{""ルート検索"": ""検索"", ""住所"": ""熊本県熊本市中央区神水1丁目1-2"", ""市町村"": ""熊本市"", ""混雑状況"": ""不明"", ""避難所名"": ""熊本商業高校"", ""開設状況"": ""開設""}",unmatched,no_candidate,,0,,,,,,,,,,,[],,[],[],reference/43000_1.csv,dd6686fa000c3e720180ba96d02aacff987aec1bba3c9bc69a5867fc0089d10d,00000188,,0,kumamoto_portal_map,2026-08-01T00:28:20+09:00,matched,portal_shelter_id,1.000,32.786485,130.740412,32.78658688,130.7400923,matched,manual_shelter_id,マニュアルジオコーディング(1).csv,35f5dae36fe4e9577c53f227bd933e4604ed40e589ee27a700add2b32438424c,32.78658688,130.7400923,manual_geocoding,manual_shelter_id,complete
2026-07-30,2026-07-30T00:22:48+09:00,26/07/30 00:22時点の避難所状況の一覧です。,2026-07-30T00:22+09:00,web:e058f968109ebad6cc37,e058f968109ebad6cc37,熊本市,熊本大学大江体育館,開設,true,不明,,熊本県熊本市中央区大江本町5-1,検索,,,,,https://portal.bousai.pref.kumamoto.jp/sp.html?p=evacuation%2Fshelter&l=15-0&ll=32.63819999999999%2C130.77610000000004&z=9&municipalityCd=430005,46f19617f1ee06d0405f89adec46c3f8a457c24ec9a9efb60836acae9f9456e3,"{""ルート検索"": ""検索"", ""住所"": ""熊本県熊本市中央区大江本町5-1"", ""市町村"": ""熊本市"", ""混雑状況"": ""不明"", ""避難所名"": ""熊本大学大江体育館"", ""開設状況"": ""開設""}",unmatched,no_candidate,,0,,,,,,,,,,,[],,[],[],reference/43000_1.csv,dd6686fa000c3e720180ba96d02aacff987aec1bba3c9bc69a5867fc0089d10d,00000183,,0,kumamoto_portal_map,2026-08-01T00:28:20+09:00,matched,portal_shelter_id,1.000,32.794526,130.720868,32.80723567,130.7282172,matched,manual_shelter_id,マニュアルジオコーディング(1).csv,35f5dae36fe4e9577c53f227bd933e4604ed40e589ee27a700add2b32438424c,32.80723567,130.7282172,manual_geocoding,manual_shelter_id,complete
2026-07-30,2026-07-30T00:22:48+09:00,26/07/30 00:22時点の避難所状況の一覧です。,2026-07-30T00:22+09:00,web:e1a7830548efc400ddea,e1a7830548efc400ddea,熊本市,熊本大学本荘体育館,開設,true,不明,,熊本県熊本市中央区九品寺4丁目24番1号,検索,,,,,https://portal.bousai.pref.kumamoto.jp/sp.html?p=evacuation%2Fshelter&l=15-0&ll=32.63819999999999%2C130.77610000000004&z=9&municipalityCd=430005,695f83a3a99a3cd99d97a541b41d9cfd3f88052b7a865026ac1ebac29fc31fb6,"{""ルート検索"": ""検索"", ""住所"": ""熊本県熊本市中央区九品寺4丁目24番1号"", ""市町村"": ""熊本市"", ""混雑状況"": ""不明"", ""避難所名"": ""熊本大学本荘体育館"", ""開設状況"": ""開設""}",unmatched,no_candidate,,0,,,,,,,,,,,[],,[],[],reference/43000_1.csv,dd6686fa000c3e720180ba96d02aacff987aec1bba3c9bc69a5867fc0089d10d,00000187,,0,kumamoto_portal_map,2026-08-01T00:28:20+09:00,matched,portal_shelter_id,1.000,32.792645,130.714441,32.79357186,130.7152586,matched,manual_shelter_id,マニュアルジオコーディング(1).csv,35f5dae36fe4e9577c53f227bd933e4604ed40e589ee27a700add2b32438424c,32.79357186,130.7152586,manual_geocoding,manual_shelter_id,complete
2026-07-30,2026-07-30T00:22:48+09:00,26/07/30 00:22時点の避難所状況の一覧です。,2026-07-30T00:22+09:00,web:94a671499e0adc80a9c5,94a671499e0adc80a9c5,熊本市,熊本学園大学,開設,true,不明,,熊本県熊本市中央区大江2丁目5-1,検索,,,,,https://portal.bousai.pref.kumamoto.jp/sp.html?p=evacuation%2Fshelter&l=15-0&ll=32.63819999999999%2C130.77610000000004&z=9&municipalityCd=430005,0d8d2ee67896a13994b68831f0fd241ad11be6034210ab649b934fdc42c79d31,"{""ルート検索"": ""検索"", ""住所"": ""熊本県熊本市中央区大江2丁目5-1"", ""市町村"": ""熊本市"", ""混雑状況"": ""不明"", ""避難所名"": ""熊本学園大学"", ""開設状況"": ""開設""}",unmatched,no_candidate,,0,,,,,,,,,,,[],,[],[],reference/43000_1.csv,dd6686fa000c3e720180ba96d02aacff987aec1bba3c9bc69a5867fc0089d10d,00000184,,0,kumamoto_portal_map,2026-08-01T00:28:20+09:00,matched,portal_shelter_id,1.000,32.804372,130.72944,32.80470069,130.728834,matched,manual_shelter_id,マニュアルジオコーディング(1).csv,35f5dae36fe4e9577c53f227bd933e4604ed40e589ee27a700add2b32438424c,32.80470069,130.728834,manual_geocoding,manual_shelter_id,complete
2026-07-30,2026-07-30T00:22:48+09:00,26/07/30 00:22時点の避難所状況の一覧です。,2026-07-30T00:22+09:00,web:d54cb7159e4318be2070,d54cb7159e4318be2070,熊本市,熊本工業高校,開設,true,不明,,熊本県熊本市中央区上京塚町5-1,検索,,,,,https://portal.bousai.pref.kumamoto.jp/sp.html?p=evacuation%2Fshelter&l=15-0&ll=32.63819999999999%2C130.77610000000004&z=9&municipalityCd=430005,079667ec1b0ac12a512898861e95be90cbca5c764e571aa96b84745a93e324bc,"{""ルート検索"": ""検索"", ""住所"": ""熊本県熊本市中央区上京塚町5-1"", ""市町村"": ""熊本市"", ""混雑状況"": ""不明"", ""避難所名"": ""熊本工業高校"", ""開設状況"": ""開設""}",unmatched,no_candidate,,0,,,,,,,,,,,[],,[],[],reference/43000_1.csv,dd6686fa000c3e720180ba96d02aacff987aec1bba3c9bc69a5867fc0089d10d,00002264,,0,kumamoto_portal_map,2026-08-01T00:28:20+09:00,matched,portal_shelter_id,1.000,32.792393,130.747075,32.79243559,130.7471977,matched,manual_shelter_id,マニュアルジオコーディング(1).csv,35f5dae36fe4e9577c53f227bd933e4604ed40e589ee27a700add2b32438424c,32.79243559,130.7471977,manual_geocoding,manual_shelter_id,complete
2026-07-30,2026-07-30T00:22:48+09:00,26/07/30 00:22時点の避難所状況の一覧です。,2026-07-30T00:22+09:00,web:d0c8a16c421a63c43297,d0c8a16c421a63c43297,熊本市,熊本武道館,開設,true,不明,,熊本県熊本市中央区水前寺5丁目23ー2,検索,,,,,https://portal.bousai.pref.kumamoto.jp/sp.html?p=evacuation%2Fshelter&l=15-0&ll=32.63819999999999%2C130.77610000000004&z=9&municipalityCd=430005,ff96987c2be24dd8268964f76d1e53cef0699dea3d8fb9303ff829587adee209,"{""ルート検索"": ""検索"", ""住所"": ""熊本県熊本市中央区水前寺5丁目23ー2"", ""市町村"": ""熊本市"", ""混雑状況"": ""不明"", ""避難所名"": ""熊本武道館"", ""開設状況"": ""開設""}",unmatched,no_candidate,,0,,,,,,,,,,,[],,[],[],reference/43000_1.csv,dd6686fa000c3e720180ba96d02aacff987aec1bba3c9bc69a5867fc0089d10d,00002248,,0,kumamoto_portal_map,2026-08-01T00:28:20+09:00,matched,portal_shelter_id,1.000,32.7931149,130.7389898,32.79317672,130.7389561,matched,manual_shelter_id,マニュアルジオコーディング(1).csv,35f5dae36fe4e9577c53f227bd933e4604ed40e589ee27a700add2b32438424c,32.79317672,130.7389561,manual_geocoding,manual_shelter_id,complete
2026-07-30,2026-07-30T00:22:48+09:00,26/07/30 00:22時点の避難所状況の一覧です。,2026-07-30T00:22+09:00,web:271878f9cb57268137a0,271878f9cb57268137a0,熊本市,熊本県立大学,開設,true,不明,,熊本市東区月出3丁目1-100,検索,,,,,https://portal.bousai.pref.kumamoto.jp/sp.html?p=evacuation%2Fshelter&l=15-0&ll=32.63819999999999%2C130.77610000000004&z=9&municipalityCd=430005,cdfb2bd4520a479415ea11491cbd4eb23608f1b8fd706ce996e0337a4e243007,"{""ルート検索"": ""検索"", ""住所"": ""熊本市東区月出3丁目1-100"", ""市町村"": ""熊本市"", ""混雑状況"": ""不明"", ""避難所名"": ""熊本県立大学"", ""開設状況"": ""開設""}",unmatched,no_candidate,,0,,,,,,,,,,,[],,[],[],reference/43000_1.csv,dd6686fa000c3e720180ba96d02aacff987aec1bba3c9bc69a5867fc0089d10d,00000191,,0,kumamoto_portal_map,2026-08-01T00:28:20+09:00,matched,portal_shelter_id,1.000,32.805681,130.764915,32.8058545,130.7644745,matched,manual_shelter_id,マニュアルジオコーディング(1).csv,35f5dae36fe4e9577c53f227bd933e4604ed40e589ee27a700add2b32438424c,32.8058545,130.7644745,manual_geocoding,manual_shelter_id,complete
2026-07-30,2026-07-30T00:22:48+09:00,26/07/30 00:22時点の避難所状況の一覧です。,2026-07-30T00:22+09:00,web:7d8be1d34b09c1571fcf,7d8be1d34b09c1571fcf,熊本市,熊本県立総合体育館,開設,true,不明,,熊本県熊本市西区上熊本1丁目9-28,検索,,,,,https://portal.bousai.pref.kumamoto.jp/sp.html?p=evacuation%2Fshelter&l=15-0&ll=32.63819999999999%2C130.77610000000004&z=9&municipalityCd=430005,c10d5e934619ba92a3b85b047ebd6675ee6a52cf2be2b585d3d9176789902afd,"{""ルート検索"": ""検索"", ""住所"": ""熊本県熊本市西区上熊本1丁目9-28"", ""市町村"": ""熊本市"", ""混雑状況"": ""不明"", ""避難所名"": ""熊本県立総合体育館"", ""開設状況"": ""開設""}",unmatched,no_candidate,,0,,,,,,,,,,,[],,[],[],reference/43000_1.csv,dd6686fa000c3e720180ba96d02aacff987aec1bba3c9bc69a5867fc0089d10d,00002191,,0,kumamoto_portal_map,2026-08-01T00:28:20+09:00,matched,portal_shelter_id,1.000,32.8140808,130.7019483,32.81450868,130.7016478,matched,manual_shelter_id,マニュアルジオコーディング(1).csv,35f5dae36fe4e9577c53f227bd933e4604ed40e589ee27a700add2b32438424c,32.81450868,130.7016478,manual_geocoding,manual_shelter_id,complete
2026-07-30,2026-07-30T00:22:48+09:00,26/07/30 00:22時点の避難所状況の一覧です。,2026-07-30T00:22+09:00,web:0d414b9d9107783208a9,0d414b9d9107783208a9,熊本市,熊本西高校,開設,true,不明,,熊本市西区城山大塘5丁目5-15,検索,,,,,https://portal.bousai.pref.kumamoto.jp/sp.html?p=evacuation%2Fshelter&l=15-0&ll=32.63819999999999%2C130.77610000000004&z=9&municipalityCd=430005,6c97e578e7bfce4e9279390d3d70cff8f3dd04106c0d297f2e9aaab88b4e897d,"{""ルート検索"": ""検索"", ""住所"": ""熊本市西区城山大塘5丁目5-15"", ""市町村"": ""熊本市"", ""混雑状況"": ""不明"", ""避難所名"": ""熊本西高校"", ""開設状況"": ""開設""}",unmatched,no_candidate,,0,,,,,,,,,,,[],,[],[],reference/43000_1.csv,dd6686fa000c3e720180ba96d02aacff987aec1bba3c9bc69a5867fc0089d10d,00000194,,0,kumamoto_portal_map,2026-08-01T00:28:20+09:00,matched,portal_shelter_id,1.000,32.782512,130.649085,32.7826862,130.6490762,matched,manual_shelter_id,マニュアルジオコーディング(1).csv,35f5dae36fe4e9577c53f227bd933e4604ed40e589ee27a700add2b32438424c,32.7826862,130.6490762,manual_geocoding,manual_shelter_id,complete
2026-07-30,2026-07-30T00:22:48+09:00,26/07/30 00:22時点の避難所状況の一覧です。,2026-07-30T00:22+09:00,web:26e35ed650bd8fb7ebc9,26e35ed650bd8fb7ebc9,熊本市,熊本駅周辺帰宅困難者対策本部,開設,true,不明,,熊本市西区春日2丁目10-1,検索,,,,,https://portal.bousai.pref.kumamoto.jp/sp.html?p=evacuation%2Fshelter&l=15-0&ll=32.63819999999999%2C130.77610000000004&z=9&municipalityCd=430005,764e3ad7e5a2d3516685c181ccce15d3688d62c4deb09df33f2f157531ff5da8,"{""ルート検索"": ""検索"", ""住所"": ""熊本市西区春日2丁目10-1"", ""市町村"": ""熊本市"", ""混雑状況"": ""不明"", ""避難所名"": ""熊本駅周辺帰宅困難者対策本部"", ""開設状況"": ""開設""}",unmatched,no_candidate,,0,,,,,,,,,,,[],,[],[],reference/43000_1.csv,dd6686fa000c3e720180ba96d02aacff987aec1bba3c9bc69a5867fc0089d10d,00002294,,0,kumamoto_portal_map,2026-08-01T00:28:20+09:00,matched,portal_shelter_id,1.000,32.7862294,130.6885205,32.7862315,130.6885114,matched,manual_shelter_id,マニュアルジオコーディング(1).csv,35f5dae36fe4e9577c53f227bd933e4604ed40e589ee27a700add2b32438424c,32.7862315,130.6885114,manual_geocoding,manual_shelter_id,complete
2026-07-30,2026-07-30T00:22:48+09:00,26/07/30 00:22時点の避難所状況の一覧です。,2026-07-30T00:22+09:00,web:37ecdf0ff34eabd36f40,37ecdf0ff34eabd36f40,熊本市,第二高校,開設,true,不明,,熊本市東区東町3丁目13-1,検索,,,,,https://portal.bousai.pref.kumamoto.jp/sp.html?p=evacuation%2Fshelter&l=15-0&ll=32.63819999999999%2C130.77610000000004&z=9&municipalityCd=430005,93d41c4720f9a6369241c9b8f6dc1d312da3f083bf1a81b1f543d11ff1b986f3,"{""ルート検索"": ""検索"", ""住所"": ""熊本市東区東町3丁目13-1"", ""市町村"": ""熊本市"", ""混雑状況"": ""不明"", ""避難所名"": ""第二高校"", ""開設状況"": ""開設""}",unmatched,no_candidate,,0,,,,,,,,,,,[],,[],[],reference/43000_1.csv,dd6686fa000c3e720180ba96d02aacff987aec1bba3c9bc69a5867fc0089d10d,00000192,,0,kumamoto_portal_map,2026-08-01T00:28:20+09:00,matched,portal_shelter_id,1.000,32.782208,130.766799,32.78185078,130.766892,matched,manual_shelter_id,マニュアルジオコーディング(1).csv,35f5dae36fe4e9577c53f227bd933e4604ed40e589ee27a700add2b32438424c,32.78185078,130.766892,manual_geocoding,manual_shelter_id,complete
2026-07-30,2026-07-30T00:22:48+09:00,26/07/30 00:22時点の避難所状況の一覧です。,2026-07-30T00:22+09:00,web:358b261636aac271b1ce,358b261636aac271b1ce,熊本市,西部環境工場,開設,true,不明,,熊本県熊本市西区城山薬師2丁目12-1,検索,,,,,https://portal.bousai.pref.kumamoto.jp/sp.html?p=evacuation%2Fshelter&l=15-0&ll=32.63819999999999%2C130.77610000000004&z=9&municipalityCd=430005,f36dce5193683c8b93c7eda99a70efd7ac8c6310f085be51e7b69ff817fcc60c,"{""ルート検索"": ""検索"", ""住所"": ""熊本県熊本市西区城山薬師2丁目12-1"", ""市町村"": ""熊本市"", ""混雑状況"": ""不明"", ""避難所名"": ""西部環境工場"", ""開設状況"": ""開設""}",unmatched,no_candidate,,0,,,,,,,,,,,[],,[],[],reference/43000_1.csv,dd6686fa000c3e720180ba96d02aacff987aec1bba3c9bc69a5867fc0089d10d,00000195,,0,kumamoto_portal_map,2026-08-01T00:28:20+09:00,matched,portal_shelter_id,1.000,32.773744,130.646061,32.77398741,130.6464445,matched,manual_shelter_id,マニュアルジオコーディング(1).csv,35f5dae36fe4e9577c53f227bd933e4604ed40e589ee27a700add2b32438424c,32.77398741,130.6464445,manual_geocoding,manual_shelter_id,complete
2026-07-30,2026-07-30T00:22:48+09:00,26/07/30 00:22時点の避難所状況の一覧です。,2026-07-30T00:22+09:00,web:d5a14b498c66f011dfe0,d5a14b498c66f011dfe0,熊本市,錦ヶ丘中学校,開設,true,不明,,熊本県熊本市東区錦ヶ丘22-1,検索,,,,,https://portal.bousai.pref.kumamoto.jp/sp.html?p=evacuation%2Fshelter&l=15-0&ll=32.63819999999999%2C130.77610000000004&z=9&municipalityCd=430005,bb7911e0a16891696723c2674abb3426d47dcddf4a5257de88999c5b9526bd40,"{""ルート検索"": ""検索"", ""住所"": ""熊本県熊本市東区錦ヶ丘22-1"", ""市町村"": ""熊本市"", ""混雑状況"": ""不明"", ""避難所名"": ""錦ヶ丘中学校"", ""開設状況"": ""開設""}",unmatched,fuzzy_below_threshold,0.848,0,,,,,,,,,,,[],,[],"[{""NO"": ""458"", ""その他市町村長が必要と認める事項"": """", ""住所"": ""熊本県熊本市東区錦ケ丘22-1"", ""備考"": """", ""共通ID"": ""E4310000121111"", ""受入対象者"": """", ""指定緊急避難場所との住所同一"": ""1"", ""施設・場所名"": ""錦ケ丘中学校"", ""経度"": ""130.75707795504"", ""緯度"": ""32.790850283483""}]",reference/43000_1.csv,dd6686fa000c3e720180ba96d02aacff987aec1bba3c9bc69a5867fc0089d10d,00000046,,0,kumamoto_portal_map,2026-08-01T00:28:20+09:00,matched,portal_shelter_id,1.000,32.790846,130.757105,32.790893,130.756954,matched,manual_shelter_id,マニュアルジオコーディング(1).csv,35f5dae36fe4e9577c53f227bd933e4604ed40e589ee27a700add2b32438424c,32.790893,130.756954,manual_geocoding,manual_shelter_id,complete
2026-07-30,2026-07-30T00:22:48+09:00,26/07/30 00:22時点の避難所状況の一覧です。,2026-07-30T00:22+09:00,web:41ab9cc84725ed39e0d6,41ab9cc84725ed39e0d6,玉東町,玉東町役場,開設,true,平常,,熊本県玉名郡玉東町木葉759,検索,,,,,https://portal.bousai.pref.kumamoto.jp/sp.html?p=evacuation%2Fshelter&l=15-0&ll=32.63819999999999%2C130.77610000000004&z=9&municipalityCd=430005,61bf7c7f3153eee448a0997810842133832b6f3014f3fc901a910d8f26b6b212,"{""ルート検索"": ""検索"", ""住所"": ""熊本県玉名郡玉東町木葉759"", ""市町村"": ""玉東町"", ""混雑状況"": ""平常"", ""避難所名"": ""玉東町役場"", ""開設状況"": ""開設""}",unmatched,no_candidate,,0,,,,,,,,,,,[],,[],[],reference/43000_1.csv,dd6686fa000c3e720180ba96d02aacff987aec1bba3c9bc69a5867fc0089d10d,00002316,120,120,kumamoto_portal_map,2026-08-01T00:28:20+09:00,matched,portal_shelter_id,1.000,32.9190165423411,130.62799576233516,32.91891185,130.6281831,matched,manual_shelter_id,マニュアルジオコーディング(1).csv,35f5dae36fe4e9577c53f227bd933e4604ed40e589ee27a700add2b32438424c,32.91891185,130.6281831,manual_geocoding,manual_shelter_id,complete
2026-07-30,2026-07-30T00:22:48+09:00,26/07/30 00:22時点の避難所状況の一覧です。,2026-07-30T00:22+09:00,web:05f304ae849ce5e5df0e,05f304ae849ce5e5df0e,甲佐町,甲佐町総合保健福祉センター(鮎緑),開設,true,平常,,甲佐町豊内619,検索,,,,,https://portal.bousai.pref.kumamoto.jp/sp.html?p=evacuation%2Fshelter&l=15-0&ll=32.63819999999999%2C130.77610000000004&z=9&municipalityCd=430005,72990314b5c73a718e0b2263a3426d317078cfe7745ef70a90e6fc4c171a5fb5,"{""ルート検索"": ""検索"", ""住所"": ""甲佐町豊内619"", ""市町村"": ""甲佐町"", ""混雑状況"": ""平常"", ""避難所名"": ""甲佐町総合保健福祉センター(鮎緑)"", ""開設状況"": ""開設""}",unmatched,no_candidate,,0,,,,,,,,,,,[],,[],[],reference/43000_1.csv,dd6686fa000c3e720180ba96d02aacff987aec1bba3c9bc69a5867fc0089d10d,00001776,200,200,kumamoto_portal_map,2026-08-01T00:28:20+09:00,matched,portal_shelter_id,1.000,32.649321,130.809883,32.64943407,130.809801,matched,manual_shelter_id,マニュアルジオコーディング(1).csv,35f5dae36fe4e9577c53f227bd933e4604ed40e589ee27a700add2b32438424c,32.64943407,130.809801,manual_geocoding,manual_shelter_id,complete
2026-07-30,2026-07-30T00:22:48+09:00,26/07/30 00:22時点の避難所状況の一覧です。,2026-07-30T00:22+09:00,web:fca9bef15fe293a50d8c,fca9bef15fe293a50d8c,甲佐町,甲佐町農業研修センター(ろくじ館),開設,true,平常,,熊本県上益城郡甲佐町豊内719-2,検索,,,,,https://portal.bousai.pref.kumamoto.jp/sp.html?p=evacuation%2Fshelter&l=15-0&ll=32.63819999999999%2C130.77610000000004&z=9&municipalityCd=430005,b906d7733c02fd9ff2aa277e49043436bb1e2d242aada1c1daf96551ff9530aa,"{""ルート検索"": ""検索"", ""住所"": ""熊本県上益城郡甲佐町豊内719-2"", ""市町村"": ""甲佐町"", ""混雑状況"": ""平常"", ""避難所名"": ""甲佐町農業研修センター(ろくじ館)"", ""開設状況"": ""開設""}",unmatched,no_candidate,,0,,,,,,,,,,,[],,[],[],reference/43000_1.csv,dd6686fa000c3e720180ba96d02aacff987aec1bba3c9bc69a5867fc0089d10d,00002335,50,50,kumamoto_portal_map,2026-08-01T00:28:20+09:00,matched,portal_shelter_id,1.000,32.65073059352114,130.8116501569748,32.65062307,130.8113328,matched,manual_shelter_id,マニュアルジオコーディング(1).csv,35f5dae36fe4e9577c53f227bd933e4604ed40e589ee27a700add2b32438424c,32.65062307,130.8113328,manual_geocoding,manual_shelter_id,complete
2026-07-30,2026-07-30T00:22:48+09:00,26/07/30 00:22時点の避難所状況の一覧です。,2026-07-30T00:22+09:00,web:064fdd1deeb7e38c7d57,064fdd1deeb7e38c7d57,甲佐町,船津地区河川防災ステーション,開設,true,不明,,熊本県上益城郡甲佐町有安771-62,検索,,,,,https://portal.bousai.pref.kumamoto.jp/sp.html?p=evacuation%2Fshelter&l=15-0&ll=32.63819999999999%2C130.77610000000004&z=9&municipalityCd=430005,5148f65e8aa0a2a6d04043faddd420560c7973a9f72f9358e6204baae06edc09,"{""ルート検索"": ""検索"", ""住所"": ""熊本県上益城郡甲佐町有安771-62"", ""市町村"": ""甲佐町"", ""混雑状況"": ""不明"", ""避難所名"": ""船津地区河川防災ステーション"", ""開設状況"": ""開設""}",unmatched,no_candidate,,0,,,,,,,,,,,[],,[],[],reference/43000_1.csv,dd6686fa000c3e720180ba96d02aacff987aec1bba3c9bc69a5867fc0089d10d,00002344,,0,kumamoto_portal_map,2026-08-01T00:28:20+09:00,matched,portal_shelter_id,1.000,32.66471322187477,130.80397582067235,32.66347152,130.8046274,matched,manual_shelter_id,マニュアルジオコーディング(1).csv,35f5dae36fe4e9577c53f227bd933e4604ed40e589ee27a700add2b32438424c,32.66347152,130.8046274,manual_geocoding,manual_shelter_id,complete
2026-07-30,2026-07-30T00:22:48+09:00,26/07/30 00:22時点の避難所状況の一覧です。,2026-07-30T00:22+09:00,web:31a1d8bf51dfa60ccbaf,31a1d8bf51dfa60ccbaf,菊池市,旭志公民館,開設,true,平常,,菊池市旭志小原241,検索,,,,,https://portal.bousai.pref.kumamoto.jp/sp.html?p=evacuation%2Fshelter&l=15-0&ll=32.63819999999999%2C130.77610000000004&z=9&municipalityCd=430005,7d864098e565c39f91e9648299004db0db01c1b62087b5e26275882d22400853,"{""ルート検索"": ""検索"", ""住所"": ""菊池市旭志小原241"", ""市町村"": ""菊池市"", ""混雑状況"": ""平常"", ""避難所名"": ""旭志公民館"", ""開設状況"": ""開設""}",unmatched,no_candidate,,0,,,,,,,,,,,[],,[],[],reference/43000_1.csv,dd6686fa000c3e720180ba96d02aacff987aec1bba3c9bc69a5867fc0089d10d,00001003,250,250,kumamoto_portal_map,2026-08-01T00:28:20+09:00,matched,portal_shelter_id,1.000,32.942355,130.861427,32.94549452,130.8548344,matched,manual_shelter_id,マニュアルジオコーディング(1).csv,35f5dae36fe4e9577c53f227bd933e4604ed40e589ee27a700add2b32438424c,32.94549452,130.8548344,manual_geocoding,manual_shelter_id,complete
2026-07-30,2026-07-30T00:22:48+09:00,26/07/30 00:22時点の避難所状況の一覧です。,2026-07-30T00:22+09:00,web:800711b2a96d7aa91b26,800711b2a96d7aa91b26,菊池市,菊池市生涯学習センター,開設,true,平常,,菊池市隈府872,検索,,,,,https://portal.bousai.pref.kumamoto.jp/sp.html?p=evacuation%2Fshelter&l=15-0&ll=32.63819999999999%2C130.77610000000004&z=9&municipalityCd=430005,d7d0a9bfeb6181067112ebfb6ee309a0468720b53c6e254faeccf6ebe163cb20,"{""ルート検索"": ""検索"", ""住所"": ""菊池市隈府872"", ""市町村"": ""菊池市"", ""混雑状況"": ""平常"", ""避難所名"": ""菊池市生涯学習センター"", ""開設状況"": ""開設""}",unmatched,no_candidate,,0,,,,,,,,,,,[],,[],[],reference/43000_1.csv,dd6686fa000c3e720180ba96d02aacff987aec1bba3c9bc69a5867fc0089d10d,00000969,220,220,kumamoto_portal_map,2026-08-01T00:28:20+09:00,matched,portal_shelter_id,1.000,32.978955,130.814469,32.97901737,130.8145388,matched,manual_shelter_id,マニュアルジオコーディング(1).csv,35f5dae36fe4e9577c53f227bd933e4604ed40e589ee27a700add2b32438424c,32.97901737,130.8145388,manual_geocoding,manual_shelter_id,complete
