snapshot_date_jst,retrieved_at_jst,source_updated_at_text,source_updated_at_jst,shelter_id,web_shelter_id,municipality,shelter_name,opening_status,is_open,congestion_status,evacuee_count,address,route_search,change_type,previous_opening_status,previous_congestion_status,previous_evacuee_count,source_url,record_hash,raw_row_json,reference_match_status,reference_match_method,reference_match_score,reference_match_count,reference_no,reference_common_id,reference_common_ids,reference_facility_name,reference_address,reference_same_address_as_emergency_site,reference_other_mayor_matters,reference_accepted_persons,reference_latitude,reference_longitude,reference_all_coordinates_json,reference_notes,reference_rows_json,reference_candidates_json,reference_source_file,reference_source_sha256
2026-07-31,2026-07-31T01:44:34+09:00,26/07/31 01:44時点の避難所状況の一覧です。,2026-07-31T01:44+09:00,web:3a8404b0106119c2a485,3a8404b0106119c2a485,あさぎり町,岡原かえで館,開設,true,平常,,あさぎり町岡原北929,検索,,,,,https://portal.bousai.pref.kumamoto.jp/sp.html?p=evacuation%2Fshelter&l=15-0&ll=32.63819999999999%2C130.77610000000004&z=9&municipalityCd=430005,9e25199d9498fa65919063eb2be49fe0bed57a4c3f919f9ba1893e4ccd4220d5,"{""ルート検索"": ""検索"", ""住所"": ""あさぎり町岡原北929"", ""市町村"": ""あさぎり町"", ""混雑状況"": ""平常"", ""避難所名"": ""岡原かえで館"", ""開設状況"": ""開設""}",unmatched,no_candidate,,0,,,,,,,,,,,[],,[],[],reference/43000_1.csv,dd6686fa000c3e720180ba96d02aacff987aec1bba3c9bc69a5867fc0089d10d
2026-07-31,2026-07-31T01:44:34+09:00,26/07/31 01:44時点の避難所状況の一覧です。,2026-07-31T01:44+09:00,web:279a6521403b63e3b4fb,279a6521403b63e3b4fb,あさぎり町,須恵文化ホール,開設,true,平常,,熊本県あさぎり町須恵,検索,,,,,https://portal.bousai.pref.kumamoto.jp/sp.html?p=evacuation%2Fshelter&l=15-0&ll=32.63819999999999%2C130.77610000000004&z=9&municipalityCd=430005,28178f3a0cda6093ed8f6c765fd93622e8444b25598c970ed83689e0fa406cd5,"{""ルート検索"": ""検索"", ""住所"": ""熊本県あさぎり町須恵"", ""市町村"": ""あさぎり町"", ""混雑状況"": ""平常"", ""避難所名"": ""須恵文化ホール"", ""開設状況"": ""開設""}",unmatched,no_candidate,,0,,,,,,,,,,,[],,[],[],reference/43000_1.csv,dd6686fa000c3e720180ba96d02aacff987aec1bba3c9bc69a5867fc0089d10d
2026-07-31,2026-07-31T01:44:34+09:00,26/07/31 01:44時点の避難所状況の一覧です。,2026-07-31T01:44+09:00,web:e42624d1160f6df2b798,e42624d1160f6df2b798,上天草市,市役所松島庁舎,開設,true,平常,,上天草市松島町合津7915-1,検索,,,,,https://portal.bousai.pref.kumamoto.jp/sp.html?p=evacuation%2Fshelter&l=15-0&ll=32.63819999999999%2C130.77610000000004&z=9&municipalityCd=430005,02937592feed8e0e95eecceb48ad5aeca73981adcc9c5b4fb962db8d0c09f7b0,"{""ルート検索"": ""検索"", ""住所"": ""上天草市松島町合津7915-1"", ""市町村"": ""上天草市"", ""混雑状況"": ""平常"", ""避難所名"": ""市役所松島庁舎"", ""開設状況"": ""開設""}",unmatched,no_candidate,,0,,,,,,,,,,,[],,[],[],reference/43000_1.csv,dd6686fa000c3e720180ba96d02aacff987aec1bba3c9bc69a5867fc0089d10d
2026-07-31,2026-07-31T01:44:34+09:00,26/07/31 01:44時点の避難所状況の一覧です。,2026-07-31T01:44+09:00,web:c9b5d28a0b103a2afed7,c9b5d28a0b103a2afed7,八代市,さかもと青少年センター分館,開設,true,---,,八代市坂本町中谷い1270,検索,,,,,https://portal.bousai.pref.kumamoto.jp/sp.html?p=evacuation%2Fshelter&l=15-0&ll=32.63819999999999%2C130.77610000000004&z=9&municipalityCd=430005,47ac208c3c159ec739a13a1b17986381321db812e6f07100e8f9e43effe8b6d5,"{""ルート検索"": ""検索"", ""住所"": ""八代市坂本町中谷い1270"", ""市町村"": ""八代市"", ""混雑状況"": ""---"", ""避難所名"": ""さかもと青少年センター分館"", ""開設状況"": ""開設""}",unmatched,no_candidate,,0,,,,,,,,,,,[],,[],[],reference/43000_1.csv,dd6686fa000c3e720180ba96d02aacff987aec1bba3c9bc69a5867fc0089d10d
2026-07-31,2026-07-31T01:44:34+09:00,26/07/31 01:44時点の避難所状況の一覧です。,2026-07-31T01:44+09:00,web:8ea216df3abe1685c187,8ea216df3abe1685c187,八代市,みんなの家(中津道),開設,true,---,,熊本県八代市坂本町中津道300,検索,,,,,https://portal.bousai.pref.kumamoto.jp/sp.html?p=evacuation%2Fshelter&l=15-0&ll=32.63819999999999%2C130.77610000000004&z=9&municipalityCd=430005,107d624cd04523d5eeac643d5c8dccedea39aab00ccdbcb6af4d8e425051051a,"{""ルート検索"": ""検索"", ""住所"": ""熊本県八代市坂本町中津道300"", ""市町村"": ""八代市"", ""混雑状況"": ""---"", ""避難所名"": ""みんなの家(中津道)"", ""開設状況"": ""開設""}",unmatched,no_candidate,,0,,,,,,,,,,,[],,[],[],reference/43000_1.csv,dd6686fa000c3e720180ba96d02aacff987aec1bba3c9bc69a5867fc0089d10d
2026-07-31,2026-07-31T01:44:34+09:00,26/07/31 01:44時点の避難所状況の一覧です。,2026-07-31T01:44+09:00,web:843372517cc28fb05bb6,843372517cc28fb05bb6,八代市,久多良木多目的集会施設,開設,true,---,,八代市坂本町百済来下694,検索,,,,,https://portal.bousai.pref.kumamoto.jp/sp.html?p=evacuation%2Fshelter&l=15-0&ll=32.63819999999999%2C130.77610000000004&z=9&municipalityCd=430005,4df309d565c5e7f868831c178f9e423b93d452cc2ca8f47e734a6f73b2e722f7,"{""ルート検索"": ""検索"", ""住所"": ""八代市坂本町百済来下694"", ""市町村"": ""八代市"", ""混雑状況"": ""---"", ""避難所名"": ""久多良木多目的集会施設"", ""開設状況"": ""開設""}",unmatched,no_candidate,,0,,,,,,,,,,,[],,[],[],reference/43000_1.csv,dd6686fa000c3e720180ba96d02aacff987aec1bba3c9bc69a5867fc0089d10d
2026-07-31,2026-07-31T01:44:34+09:00,26/07/31 01:44時点の避難所状況の一覧です。,2026-07-31T01:44+09:00,web:1b6fa2f886fba25b241b,1b6fa2f886fba25b241b,八代市,二見コミュニティセンター,開設,true,平常,,八代市二見下大野町2432-1,検索,,,,,https://portal.bousai.pref.kumamoto.jp/sp.html?p=evacuation%2Fshelter&l=15-0&ll=32.63819999999999%2C130.77610000000004&z=9&municipalityCd=430005,37abc3cf72a74020ecc737089d3342758f455737c850a9a13ff0ec1044fc4b1a,"{""ルート検索"": ""検索"", ""住所"": ""八代市二見下大野町2432-1"", ""市町村"": ""八代市"", ""混雑状況"": ""平常"", ""避難所名"": ""二見コミュニティセンター"", ""開設状況"": ""開設""}",unmatched,fuzzy_below_threshold,0.761,0,,,,,,,,,,,[],,[],"[{""NO"": ""1223"", ""その他市町村長が必要と認める事項"": """", ""住所"": ""熊本県八代市昭和明徴町730-1"", ""備考"": """", ""共通ID"": ""E4320200054111"", ""受入対象者"": """", ""指定緊急避難場所との住所同一"": ""1"", ""施設・場所名"": ""昭和コミュニティセンター"", ""経度"": ""130.6036164"", ""緯度"": ""32.55967579""}, {""NO"": ""1237"", ""その他市町村長が必要と認める事項"": """", ""住所"": ""熊本県八代市泉町栗木5866"", ""備考"": """", ""共通ID"": ""E4320200081111"", ""受入対象者"": """", ""指定緊急避難場所との住所同一"": ""1"", ""施設・場所名"": ""泉コミュニティセンター"", ""経度"": ""130.808105877186"", ""緯度"": ""32.5457986916214""}, {""NO"": ""1216"", ""その他市町村長が必要と認める事項"": """", ""住所"": ""熊本県八代市古城町2259"", ""備考"": """", ""共通ID"": ""E4320200033111"", ""受入対象者"": """", ""指定緊急避難場所との住所同一"": ""1"", ""施設・場所名"": ""麦島コミュニティセンター"", ""経度"": ""130.5926186"", ""緯度"": ""32.49742503""}]",reference/43000_1.csv,dd6686fa000c3e720180ba96d02aacff987aec1bba3c9bc69a5867fc0089d10d
2026-07-31,2026-07-31T01:44:34+09:00,26/07/31 01:44時点の避難所状況の一覧です。,2026-07-31T01:44+09:00,web:d041a260fd1c907e244b,d041a260fd1c907e244b,八代市,二見中学校,開設,true,---,,八代市二見本町852,検索,,,,,https://portal.bousai.pref.kumamoto.jp/sp.html?p=evacuation%2Fshelter&l=15-0&ll=32.63819999999999%2C130.77610000000004&z=9&municipalityCd=430005,82b6fdaea068ef8c9f6eefbb1468f34dec86d64b8d2eb0dc6f0df6dd7cb0a5e1,"{""ルート検索"": ""検索"", ""住所"": ""八代市二見本町852"", ""市町村"": ""八代市"", ""混雑状況"": ""---"", ""避難所名"": ""二見中学校"", ""開設状況"": ""開設""}",unmatched,no_candidate,,0,,,,,,,,,,,[],,[],[],reference/43000_1.csv,dd6686fa000c3e720180ba96d02aacff987aec1bba3c9bc69a5867fc0089d10d
2026-07-31,2026-07-31T01:44:34+09:00,26/07/31 01:44時点の避難所状況の一覧です。,2026-07-31T01:44+09:00,web:72f6dcdf42be5b1c9c60,72f6dcdf42be5b1c9c60,八代市,二見小学校,開設,true,---,,八代市二見下大野町2258-1,検索,,,,,https://portal.bousai.pref.kumamoto.jp/sp.html?p=evacuation%2Fshelter&l=15-0&ll=32.63819999999999%2C130.77610000000004&z=9&municipalityCd=430005,d3114283cf3132a71112050321a410f6fdf24cf0177eefb816b3cb552064dc26,"{""ルート検索"": ""検索"", ""住所"": ""八代市二見下大野町2258-1"", ""市町村"": ""八代市"", ""混雑状況"": ""---"", ""避難所名"": ""二見小学校"", ""開設状況"": ""開設""}",unmatched,no_candidate,,0,,,,,,,,,,,[],,[],[],reference/43000_1.csv,dd6686fa000c3e720180ba96d02aacff987aec1bba3c9bc69a5867fc0089d10d
2026-07-31,2026-07-31T01:44:34+09:00,26/07/31 01:44時点の避難所状況の一覧です。,2026-07-31T01:44+09:00,web:fb3044a2b79afc80e386,fb3044a2b79afc80e386,八代市,今泉地区公民館,開設,true,平常,,熊本県八代市坂本町西部ろ1292番地,検索,,,,,https://portal.bousai.pref.kumamoto.jp/sp.html?p=evacuation%2Fshelter&l=15-0&ll=32.63819999999999%2C130.77610000000004&z=9&municipalityCd=430005,3c1cd08c93a61d23a5fd22b7ac4b69d09e41124b377c9733a2284b553cd5c6f5,"{""ルート検索"": ""検索"", ""住所"": ""熊本県八代市坂本町西部ろ1292番地"", ""市町村"": ""八代市"", ""混雑状況"": ""平常"", ""避難所名"": ""今泉地区公民館"", ""開設状況"": ""開設""}",unmatched,no_candidate,,0,,,,,,,,,,,[],,[],[],reference/43000_1.csv,dd6686fa000c3e720180ba96d02aacff987aec1bba3c9bc69a5867fc0089d10d
2026-07-31,2026-07-31T01:44:34+09:00,26/07/31 01:44時点の避難所状況の一覧です。,2026-07-31T01:44+09:00,web:78670aceb0f1a33db766,78670aceb0f1a33db766,八代市,代陽コミュニティセンター,開設,true,混雑,,八代市西松江城町2-18,検索,,,,,https://portal.bousai.pref.kumamoto.jp/sp.html?p=evacuation%2Fshelter&l=15-0&ll=32.63819999999999%2C130.77610000000004&z=9&municipalityCd=430005,dfa109ea9043c5690cc95f5d71432ec54576703fc7d44ec10f1aafce3aca5f01,"{""ルート検索"": ""検索"", ""住所"": ""八代市西松江城町2-18"", ""市町村"": ""八代市"", ""混雑状況"": ""混雑"", ""避難所名"": ""代陽コミュニティセンター"", ""開設状況"": ""開設""}",unmatched,fuzzy_below_threshold,0.781,0,,,,,,,,,,,[],,[],"[{""NO"": ""1237"", ""その他市町村長が必要と認める事項"": """", ""住所"": ""熊本県八代市泉町栗木5866"", ""備考"": """", ""共通ID"": ""E4320200081111"", ""受入対象者"": """", ""指定緊急避難場所との住所同一"": ""1"", ""施設・場所名"": ""泉コミュニティセンター"", ""経度"": ""130.808105877186"", ""緯度"": ""32.5457986916214""}, {""NO"": ""1216"", ""その他市町村長が必要と認める事項"": """", ""住所"": ""熊本県八代市古城町2259"", ""備考"": """", ""共通ID"": ""E4320200033111"", ""受入対象者"": """", ""指定緊急避難場所との住所同一"": ""1"", ""施設・場所名"": ""麦島コミュニティセンター"", ""経度"": ""130.5926186"", ""緯度"": ""32.49742503""}, {""NO"": ""1223"", ""その他市町村長が必要と認める事項"": """", ""住所"": ""熊本県八代市昭和明徴町730-1"", ""備考"": """", ""共通ID"": ""E4320200054111"", ""受入対象者"": """", ""指定緊急避難場所との住所同一"": ""1"", ""施設・場所名"": ""昭和コミュニティセンター"", ""経度"": ""130.6036164"", ""緯度"": ""32.55967579""}]",reference/43000_1.csv,dd6686fa000c3e720180ba96d02aacff987aec1bba3c9bc69a5867fc0089d10d
2026-07-31,2026-07-31T01:44:34+09:00,26/07/31 01:44時点の避難所状況の一覧です。,2026-07-31T01:44+09:00,web:b276f19a065b0486ded4,b276f19a065b0486ded4,八代市,代陽小学校,開設,true,---,,八代市北の丸町1-7,検索,,,,,https://portal.bousai.pref.kumamoto.jp/sp.html?p=evacuation%2Fshelter&l=15-0&ll=32.63819999999999%2C130.77610000000004&z=9&municipalityCd=430005,9dc0e235c835f422158c8e07db56aa28feafc1be32ae2e2a7b5f652205f63c65,"{""ルート検索"": ""検索"", ""住所"": ""八代市北の丸町1-7"", ""市町村"": ""八代市"", ""混雑状況"": ""---"", ""避難所名"": ""代陽小学校"", ""開設状況"": ""開設""}",unmatched,no_candidate,,0,,,,,,,,,,,[],,[],[],reference/43000_1.csv,dd6686fa000c3e720180ba96d02aacff987aec1bba3c9bc69a5867fc0089d10d
2026-07-31,2026-07-31T01:44:34+09:00,26/07/31 01:44時点の避難所状況の一覧です。,2026-07-31T01:44+09:00,web:bb62aded1e4ed62ec037,bb62aded1e4ed62ec037,八代市,八代コミュニティセンター,開設,true,---,,八代市新地町6-3,検索,,,,,https://portal.bousai.pref.kumamoto.jp/sp.html?p=evacuation%2Fshelter&l=15-0&ll=32.63819999999999%2C130.77610000000004&z=9&municipalityCd=430005,6988c8e7f85619e417b519a63497e30999cc8642769387cfe4027f18d15868dc,"{""ルート検索"": ""検索"", ""住所"": ""八代市新地町6-3"", ""市町村"": ""八代市"", ""混雑状況"": ""---"", ""避難所名"": ""八代コミュニティセンター"", ""開設状況"": ""開設""}",unmatched,fuzzy_below_threshold,0.799,0,,,,,,,,,,,[],,[],"[{""NO"": ""1228"", ""その他市町村長が必要と認める事項"": """", ""住所"": ""熊本県八代市上野町1193-1"", ""備考"": """", ""共通ID"": ""E4320200059111"", ""受入対象者"": """", ""指定緊急避難場所との住所同一"": ""1"", ""施設・場所名"": ""八千把コミュニティセンター"", ""経度"": ""130.6141942"", ""緯度"": ""32.51841666""}, {""NO"": ""1237"", ""その他市町村長が必要と認める事項"": """", ""住所"": ""熊本県八代市泉町栗木5866"", ""備考"": """", ""共通ID"": ""E4320200081111"", ""受入対象者"": """", ""指定緊急避難場所との住所同一"": ""1"", ""施設・場所名"": ""泉コミュニティセンター"", ""経度"": ""130.808105877186"", ""緯度"": ""32.5457986916214""}, {""NO"": ""1223"", ""その他市町村長が必要と認める事項"": """", ""住所"": ""熊本県八代市昭和明徴町730-1"", ""備考"": """", ""共通ID"": ""E4320200054111"", ""受入対象者"": """", ""指定緊急避難場所との住所同一"": ""1"", ""施設・場所名"": ""昭和コミュニティセンター"", ""経度"": ""130.6036164"", ""緯度"": ""32.55967579""}]",reference/43000_1.csv,dd6686fa000c3e720180ba96d02aacff987aec1bba3c9bc69a5867fc0089d10d
2026-07-31,2026-07-31T01:44:34+09:00,26/07/31 01:44時点の避難所状況の一覧です。,2026-07-31T01:44+09:00,web:452a87fd3b7d540aee9a,452a87fd3b7d540aee9a,八代市,八代小学校,開設,true,---,,八代市新地町4-1,検索,,,,,https://portal.bousai.pref.kumamoto.jp/sp.html?p=evacuation%2Fshelter&l=15-0&ll=32.63819999999999%2C130.77610000000004&z=9&municipalityCd=430005,e492038130ba72be7bf57581ebd7bba2c9cd7bf4afbaf0dbd78cb1c73b167f36,"{""ルート検索"": ""検索"", ""住所"": ""八代市新地町4-1"", ""市町村"": ""八代市"", ""混雑状況"": ""---"", ""避難所名"": ""八代小学校"", ""開設状況"": ""開設""}",unmatched,no_candidate,,0,,,,,,,,,,,[],,[],[],reference/43000_1.csv,dd6686fa000c3e720180ba96d02aacff987aec1bba3c9bc69a5867fc0089d10d
2026-07-31,2026-07-31T01:44:34+09:00,26/07/31 01:44時点の避難所状況の一覧です。,2026-07-31T01:44+09:00,web:0b835744d3c0961a7b99,0b835744d3c0961a7b99,八代市,八代支援学校,開設,true,---,,熊本県八代市高島町1-6,検索,,,,,https://portal.bousai.pref.kumamoto.jp/sp.html?p=evacuation%2Fshelter&l=15-0&ll=32.63819999999999%2C130.77610000000004&z=9&municipalityCd=430005,c205a26451ecc6565f5e87795cac2843ba86538cffafe929a7572f20d1bfd59d,"{""ルート検索"": ""検索"", ""住所"": ""熊本県八代市高島町1-6"", ""市町村"": ""八代市"", ""混雑状況"": ""---"", ""避難所名"": ""八代支援学校"", ""開設状況"": ""開設""}",unmatched,no_candidate,,0,,,,,,,,,,,[],,[],[],reference/43000_1.csv,dd6686fa000c3e720180ba96d02aacff987aec1bba3c9bc69a5867fc0089d10d
2026-07-31,2026-07-31T01:44:34+09:00,26/07/31 01:44時点の避難所状況の一覧です。,2026-07-31T01:44+09:00,web:a182018f3c8496894ba0,a182018f3c8496894ba0,八代市,八千把小学校,開設,true,---,,八代市上野町1131,検索,,,,,https://portal.bousai.pref.kumamoto.jp/sp.html?p=evacuation%2Fshelter&l=15-0&ll=32.63819999999999%2C130.77610000000004&z=9&municipalityCd=430005,07b6b47048840ff55d94854ce46c8584fd42f25de847d06f125042788ac68828,"{""ルート検索"": ""検索"", ""住所"": ""八代市上野町1131"", ""市町村"": ""八代市"", ""混雑状況"": ""---"", ""避難所名"": ""八千把小学校"", ""開設状況"": ""開設""}",unmatched,no_candidate,,0,,,,,,,,,,,[],,[],[],reference/43000_1.csv,dd6686fa000c3e720180ba96d02aacff987aec1bba3c9bc69a5867fc0089d10d
2026-07-31,2026-07-31T01:44:34+09:00,26/07/31 01:44時点の避難所状況の一覧です。,2026-07-31T01:44+09:00,web:e764e8f9fcbea6a05c8a,e764e8f9fcbea6a05c8a,八代市,千丁コミュニティセンター,開設,true,---,,八代市千丁町新牟田1434,検索,,,,,https://portal.bousai.pref.kumamoto.jp/sp.html?p=evacuation%2Fshelter&l=15-0&ll=32.63819999999999%2C130.77610000000004&z=9&municipalityCd=430005,849f0940c9258b54148e6a5153b4e14823b6868ca6752f296be612ad7387f6b3,"{""ルート検索"": ""検索"", ""住所"": ""八代市千丁町新牟田1434"", ""市町村"": ""八代市"", ""混雑状況"": ""---"", ""避難所名"": ""千丁コミュニティセンター"", ""開設状況"": ""開設""}",unmatched,fuzzy_below_threshold,0.799,0,,,,,,,,,,,[],,[],"[{""NO"": ""1228"", ""その他市町村長が必要と認める事項"": """", ""住所"": ""熊本県八代市上野町1193-1"", ""備考"": """", ""共通ID"": ""E4320200059111"", ""受入対象者"": """", ""指定緊急避難場所との住所同一"": ""1"", ""施設・場所名"": ""八千把コミュニティセンター"", ""経度"": ""130.6141942"", ""緯度"": ""32.51841666""}, {""NO"": ""1237"", ""その他市町村長が必要と認める事項"": """", ""住所"": ""熊本県八代市泉町栗木5866"", ""備考"": """", ""共通ID"": ""E4320200081111"", ""受入対象者"": """", ""指定緊急避難場所との住所同一"": ""1"", ""施設・場所名"": ""泉コミュニティセンター"", ""経度"": ""130.808105877186"", ""緯度"": ""32.5457986916214""}, {""NO"": ""1223"", ""その他市町村長が必要と認める事項"": """", ""住所"": ""熊本県八代市昭和明徴町730-1"", ""備考"": """", ""共通ID"": ""E4320200054111"", ""受入対象者"": """", ""指定緊急避難場所との住所同一"": ""1"", ""施設・場所名"": ""昭和コミュニティセンター"", ""経度"": ""130.6036164"", ""緯度"": ""32.55967579""}]",reference/43000_1.csv,dd6686fa000c3e720180ba96d02aacff987aec1bba3c9bc69a5867fc0089d10d
2026-07-31,2026-07-31T01:44:34+09:00,26/07/31 01:44時点の避難所状況の一覧です。,2026-07-31T01:44+09:00,web:e79d19687486af4f979e,e79d19687486af4f979e,八代市,坂本コミュニティセンター,開設,true,平常,,八代市坂本町坂本4161-1,検索,,,,,https://portal.bousai.pref.kumamoto.jp/sp.html?p=evacuation%2Fshelter&l=15-0&ll=32.63819999999999%2C130.77610000000004&z=9&municipalityCd=430005,9f0e1e81e4ab1837f21b52428b106125de3032a51a4f07e45d225e1376172649,"{""ルート検索"": ""検索"", ""住所"": ""八代市坂本町坂本4161-1"", ""市町村"": ""八代市"", ""混雑状況"": ""平常"", ""避難所名"": ""坂本コミュニティセンター"", ""開設状況"": ""開設""}",unmatched,fuzzy_below_threshold,0.775,0,,,,,,,,,,,[],,[],"[{""NO"": ""1237"", ""その他市町村長が必要と認める事項"": """", ""住所"": ""熊本県八代市泉町栗木5866"", ""備考"": """", ""共通ID"": ""E4320200081111"", ""受入対象者"": """", ""指定緊急避難場所との住所同一"": ""1"", ""施設・場所名"": ""泉コミュニティセンター"", ""経度"": ""130.808105877186"", ""緯度"": ""32.5457986916214""}, {""NO"": ""1223"", ""その他市町村長が必要と認める事項"": """", ""住所"": ""熊本県八代市昭和明徴町730-1"", ""備考"": """", ""共通ID"": ""E4320200054111"", ""受入対象者"": """", ""指定緊急避難場所との住所同一"": ""1"", ""施設・場所名"": ""昭和コミュニティセンター"", ""経度"": ""130.6036164"", ""緯度"": ""32.55967579""}, {""NO"": ""1257"", ""その他市町村長が必要と認める事項"": """", ""住所"": ""熊本県八代市本野町505"", ""備考"": """", ""共通ID"": ""E4320200118111"", ""受入対象者"": """", ""指定緊急避難場所との住所同一"": ""1"", ""施設・場所名"": ""高田コミュニティセンター"", ""経度"": ""130.6167216"", ""緯度"": ""32.48708486""}]",reference/43000_1.csv,dd6686fa000c3e720180ba96d02aacff987aec1bba3c9bc69a5867fc0089d10d
2026-07-31,2026-07-31T01:44:34+09:00,26/07/31 01:44時点の避難所状況の一覧です。,2026-07-31T01:44+09:00,web:4084009d56265678431f,4084009d56265678431f,八代市,大島公民館(大島分校跡),開設,true,---,,八代市大島町4885,検索,,,,,https://portal.bousai.pref.kumamoto.jp/sp.html?p=evacuation%2Fshelter&l=15-0&ll=32.63819999999999%2C130.77610000000004&z=9&municipalityCd=430005,411954eacc155011b4fd6d56f49548d1a636a373edee121325d19571172c394c,"{""ルート検索"": ""検索"", ""住所"": ""八代市大島町4885"", ""市町村"": ""八代市"", ""混雑状況"": ""---"", ""避難所名"": ""大島公民館(大島分校跡)"", ""開設状況"": ""開設""}",unmatched,no_candidate,,0,,,,,,,,,,,[],,[],[],reference/43000_1.csv,dd6686fa000c3e720180ba96d02aacff987aec1bba3c9bc69a5867fc0089d10d
2026-07-31,2026-07-31T01:44:34+09:00,26/07/31 01:44時点の避難所状況の一覧です。,2026-07-31T01:44+09:00,web:c29df28aaca34a945e9a,c29df28aaca34a945e9a,八代市,太田郷コミュニティセンター,開設,true,---,,八代市井上町601-1,検索,,,,,https://portal.bousai.pref.kumamoto.jp/sp.html?p=evacuation%2Fshelter&l=15-0&ll=32.63819999999999%2C130.77610000000004&z=9&municipalityCd=430005,e96297cb23590b2440d641d1600c1d94328149dbbaf121cf05bf6ba43d1350ec,"{""ルート検索"": ""検索"", ""住所"": ""八代市井上町601-1"", ""市町村"": ""八代市"", ""混雑状況"": ""---"", ""避難所名"": ""太田郷コミュニティセンター"", ""開設状況"": ""開設""}",unmatched,fuzzy_below_threshold,0.803,0,,,,,,,,,,,[],,[],"[{""NO"": ""1257"", ""その他市町村長が必要と認める事項"": """", ""住所"": ""熊本県八代市本野町505"", ""備考"": """", ""共通ID"": ""E4320200118111"", ""受入対象者"": """", ""指定緊急避難場所との住所同一"": ""1"", ""施設・場所名"": ""高田コミュニティセンター"", ""経度"": ""130.6167216"", ""緯度"": ""32.48708486""}, {""NO"": ""1237"", ""その他市町村長が必要と認める事項"": """", ""住所"": ""熊本県八代市泉町栗木5866"", ""備考"": """", ""共通ID"": ""E4320200081111"", ""受入対象者"": """", ""指定緊急避難場所との住所同一"": ""1"", ""施設・場所名"": ""泉コミュニティセンター"", ""経度"": ""130.808105877186"", ""緯度"": ""32.5457986916214""}]",reference/43000_1.csv,dd6686fa000c3e720180ba96d02aacff987aec1bba3c9bc69a5867fc0089d10d
2026-07-31,2026-07-31T01:44:34+09:00,26/07/31 01:44時点の避難所状況の一覧です。,2026-07-31T01:44+09:00,web:04a1d693386241a40f79,04a1d693386241a40f79,八代市,太田郷小学校,開設,true,---,,八代市日置町445,検索,,,,,https://portal.bousai.pref.kumamoto.jp/sp.html?p=evacuation%2Fshelter&l=15-0&ll=32.63819999999999%2C130.77610000000004&z=9&municipalityCd=430005,9e957d6effe78470404b4aa10e340478c6b8f0781ef624ec4d16deedfc025daf,"{""ルート検索"": ""検索"", ""住所"": ""八代市日置町445"", ""市町村"": ""八代市"", ""混雑状況"": ""---"", ""避難所名"": ""太田郷小学校"", ""開設状況"": ""開設""}",unmatched,no_candidate,,0,,,,,,,,,,,[],,[],[],reference/43000_1.csv,dd6686fa000c3e720180ba96d02aacff987aec1bba3c9bc69a5867fc0089d10d
2026-07-31,2026-07-31T01:44:34+09:00,26/07/31 01:44時点の避難所状況の一覧です。,2026-07-31T01:44+09:00,web:710404e2616b9e6490cb,710404e2616b9e6490cb,八代市,宮地コミュニティセンター,開設,true,平常,,八代市宮地町383,検索,,,,,https://portal.bousai.pref.kumamoto.jp/sp.html?p=evacuation%2Fshelter&l=15-0&ll=32.63819999999999%2C130.77610000000004&z=9&municipalityCd=430005,ef88bc29893bb5d74b53142fab01eb39d03f8a8f46e1df1e611737a47cafdadf,"{""ルート検索"": ""検索"", ""住所"": ""八代市宮地町383"", ""市町村"": ""八代市"", ""混雑状況"": ""平常"", ""避難所名"": ""宮地コミュニティセンター"", ""開設状況"": ""開設""}",unmatched,fuzzy_below_threshold,0.793,0,,,,,,,,,,,[],,[],"[{""NO"": ""1237"", ""その他市町村長が必要と認める事項"": """", ""住所"": ""熊本県八代市泉町栗木5866"", ""備考"": """", ""共通ID"": ""E4320200081111"", ""受入対象者"": """", ""指定緊急避難場所との住所同一"": ""1"", ""施設・場所名"": ""泉コミュニティセンター"", ""経度"": ""130.808105877186"", ""緯度"": ""32.5457986916214""}, {""NO"": ""1223"", ""その他市町村長が必要と認める事項"": """", ""住所"": ""熊本県八代市昭和明徴町730-1"", ""備考"": """", ""共通ID"": ""E4320200054111"", ""受入対象者"": """", ""指定緊急避難場所との住所同一"": ""1"", ""施設・場所名"": ""昭和コミュニティセンター"", ""経度"": ""130.6036164"", ""緯度"": ""32.55967579""}, {""NO"": ""1257"", ""その他市町村長が必要と認める事項"": """", ""住所"": ""熊本県八代市本野町505"", ""備考"": """", ""共通ID"": ""E4320200118111"", ""受入対象者"": """", ""指定緊急避難場所との住所同一"": ""1"", ""施設・場所名"": ""高田コミュニティセンター"", ""経度"": ""130.6167216"", ""緯度"": ""32.48708486""}]",reference/43000_1.csv,dd6686fa000c3e720180ba96d02aacff987aec1bba3c9bc69a5867fc0089d10d
2026-07-31,2026-07-31T01:44:34+09:00,26/07/31 01:44時点の避難所状況の一覧です。,2026-07-31T01:44+09:00,web:b7c4caf9ce445c310122,b7c4caf9ce445c310122,八代市,宮地小学校,開設,true,---,,八代市宮地町1826,検索,,,,,https://portal.bousai.pref.kumamoto.jp/sp.html?p=evacuation%2Fshelter&l=15-0&ll=32.63819999999999%2C130.77610000000004&z=9&municipalityCd=430005,c3c2840376603b00be937ccfd6c5346518871e8ad6a921fb1163900bff04f5d6,"{""ルート検索"": ""検索"", ""住所"": ""八代市宮地町1826"", ""市町村"": ""八代市"", ""混雑状況"": ""---"", ""避難所名"": ""宮地小学校"", ""開設状況"": ""開設""}",unmatched,no_candidate,,0,,,,,,,,,,,[],,[],[],reference/43000_1.csv,dd6686fa000c3e720180ba96d02aacff987aec1bba3c9bc69a5867fc0089d10d
2026-07-31,2026-07-31T01:44:34+09:00,26/07/31 01:44時点の避難所状況の一覧です。,2026-07-31T01:44+09:00,web:8513d22811c260b7b14f,8513d22811c260b7b14f,八代市,宮地東コミュニティセンター,開設,true,---,,熊本県八代市東町5497-1,検索,,,,,https://portal.bousai.pref.kumamoto.jp/sp.html?p=evacuation%2Fshelter&l=15-0&ll=32.63819999999999%2C130.77610000000004&z=9&municipalityCd=430005,5ce98afc6dc8cda68285e9e7ca855573044473f253985f6106d5941544c2ea12,"{""ルート検索"": ""検索"", ""住所"": ""熊本県八代市東町5497-1"", ""市町村"": ""八代市"", ""混雑状況"": ""---"", ""避難所名"": ""宮地東コミュニティセンター"", ""開設状況"": ""開設""}",unmatched,fuzzy_below_threshold,0.753,0,,,,,,,,,,,[],,[],"[{""NO"": ""1237"", ""その他市町村長が必要と認める事項"": """", ""住所"": ""熊本県八代市泉町栗木5866"", ""備考"": """", ""共通ID"": ""E4320200081111"", ""受入対象者"": """", ""指定緊急避難場所との住所同一"": ""1"", ""施設・場所名"": ""泉コミュニティセンター"", ""経度"": ""130.808105877186"", ""緯度"": ""32.5457986916214""}]",reference/43000_1.csv,dd6686fa000c3e720180ba96d02aacff987aec1bba3c9bc69a5867fc0089d10d
2026-07-31,2026-07-31T01:44:34+09:00,26/07/31 01:44時点の避難所状況の一覧です。,2026-07-31T01:44+09:00,web:4575005230b2c09ac404,4575005230b2c09ac404,八代市,文政小学校,開設,true,---,,八代市鏡町両出1371-1,検索,,,,,https://portal.bousai.pref.kumamoto.jp/sp.html?p=evacuation%2Fshelter&l=15-0&ll=32.63819999999999%2C130.77610000000004&z=9&municipalityCd=430005,c38a57f13c95a3a55d829eea93396c1e04088dcfb94909ed0b8cb40ebc99faf6,"{""ルート検索"": ""検索"", ""住所"": ""八代市鏡町両出1371-1"", ""市町村"": ""八代市"", ""混雑状況"": ""---"", ""避難所名"": ""文政小学校"", ""開設状況"": ""開設""}",unmatched,no_candidate,,0,,,,,,,,,,,[],,[],[],reference/43000_1.csv,dd6686fa000c3e720180ba96d02aacff987aec1bba3c9bc69a5867fc0089d10d
2026-07-31,2026-07-31T01:44:34+09:00,26/07/31 01:44時点の避難所状況の一覧です。,2026-07-31T01:44+09:00,web:45013d3c698255c52cc1,45013d3c698255c52cc1,八代市,日奈久中学校,開設,true,---,,八代市日奈久竹之内町4332-1,検索,,,,,https://portal.bousai.pref.kumamoto.jp/sp.html?p=evacuation%2Fshelter&l=15-0&ll=32.63819999999999%2C130.77610000000004&z=9&municipalityCd=430005,740cc50f528dfa0de87c7e5b08b672ac4f5eaa38bfc59cab1ef5d7e710e1f1d1,"{""ルート検索"": ""検索"", ""住所"": ""八代市日奈久竹之内町4332-1"", ""市町村"": ""八代市"", ""混雑状況"": ""---"", ""避難所名"": ""日奈久中学校"", ""開設状況"": ""開設""}",unmatched,no_candidate,,0,,,,,,,,,,,[],,[],[],reference/43000_1.csv,dd6686fa000c3e720180ba96d02aacff987aec1bba3c9bc69a5867fc0089d10d
2026-07-31,2026-07-31T01:44:34+09:00,26/07/31 01:44時点の避難所状況の一覧です。,2026-07-31T01:44+09:00,web:815d88420b847e32a5a4,815d88420b847e32a5a4,八代市,日奈久小学校,開設,true,---,,八代市日奈久竹之内町4277-1,検索,,,,,https://portal.bousai.pref.kumamoto.jp/sp.html?p=evacuation%2Fshelter&l=15-0&ll=32.63819999999999%2C130.77610000000004&z=9&municipalityCd=430005,910e6d98868b95413228015bb9b658a2ae7372f5869e42139758e7455fae2a97,"{""ルート検索"": ""検索"", ""住所"": ""八代市日奈久竹之内町4277-1"", ""市町村"": ""八代市"", ""混雑状況"": ""---"", ""避難所名"": ""日奈久小学校"", ""開設状況"": ""開設""}",unmatched,no_candidate,,0,,,,,,,,,,,[],,[],[],reference/43000_1.csv,dd6686fa000c3e720180ba96d02aacff987aec1bba3c9bc69a5867fc0089d10d
2026-07-31,2026-07-31T01:44:34+09:00,26/07/31 01:44時点の避難所状況の一覧です。,2026-07-31T01:44+09:00,web:67fe04dd73a0111b2220,67fe04dd73a0111b2220,八代市,旧泉第一小学校,開設,true,---,,八代市泉町1960,検索,,,,,https://portal.bousai.pref.kumamoto.jp/sp.html?p=evacuation%2Fshelter&l=15-0&ll=32.63819999999999%2C130.77610000000004&z=9&municipalityCd=430005,88d4309e591a429568b94bffb616d683052ac5844d31a8169f8c45012ecd57d2,"{""ルート検索"": ""検索"", ""住所"": ""八代市泉町1960"", ""市町村"": ""八代市"", ""混雑状況"": ""---"", ""避難所名"": ""旧泉第一小学校"", ""開設状況"": ""開設""}",unmatched,no_candidate,,0,,,,,,,,,,,[],,[],[],reference/43000_1.csv,dd6686fa000c3e720180ba96d02aacff987aec1bba3c9bc69a5867fc0089d10d
2026-07-31,2026-07-31T01:44:34+09:00,26/07/31 01:44時点の避難所状況の一覧です。,2026-07-31T01:44+09:00,web:73509186972ba62f3f09,73509186972ba62f3f09,八代市,昭和小学校,開設,true,---,,八代市昭和明徴町731-2,検索,,,,,https://portal.bousai.pref.kumamoto.jp/sp.html?p=evacuation%2Fshelter&l=15-0&ll=32.63819999999999%2C130.77610000000004&z=9&municipalityCd=430005,5e7b2a6992253a352377c32e6759d63fa174e88a8366d7580020fc67a2cd15dc,"{""ルート検索"": ""検索"", ""住所"": ""八代市昭和明徴町731-2"", ""市町村"": ""八代市"", ""混雑状況"": ""---"", ""避難所名"": ""昭和小学校"", ""開設状況"": ""開設""}",unmatched,no_candidate,,0,,,,,,,,,,,[],,[],[],reference/43000_1.csv,dd6686fa000c3e720180ba96d02aacff987aec1bba3c9bc69a5867fc0089d10d
2026-07-31,2026-07-31T01:44:34+09:00,26/07/31 01:44時点の避難所状況の一覧です。,2026-07-31T01:44+09:00,web:08270fcb0947b18bb99d,08270fcb0947b18bb99d,八代市,有佐小学校,開設,true,---,,八代市鏡町中島1360-1,検索,,,,,https://portal.bousai.pref.kumamoto.jp/sp.html?p=evacuation%2Fshelter&l=15-0&ll=32.63819999999999%2C130.77610000000004&z=9&municipalityCd=430005,0c4c9e8047073d5c40ab960a5ca57157ba5d1c982ba510a0f5cb6ea4652ab9cb,"{""ルート検索"": ""検索"", ""住所"": ""八代市鏡町中島1360-1"", ""市町村"": ""八代市"", ""混雑状況"": ""---"", ""避難所名"": ""有佐小学校"", ""開設状況"": ""開設""}",unmatched,no_candidate,,0,,,,,,,,,,,[],,[],[],reference/43000_1.csv,dd6686fa000c3e720180ba96d02aacff987aec1bba3c9bc69a5867fc0089d10d
2026-07-31,2026-07-31T01:44:34+09:00,26/07/31 01:44時点の避難所状況の一覧です。,2026-07-31T01:44+09:00,web:6cc18ab45ac920b097a5,6cc18ab45ac920b097a5,八代市,松橋支援学校氷川分教室,開設,true,---,,八代市鏡町鏡村937,検索,,,,,https://portal.bousai.pref.kumamoto.jp/sp.html?p=evacuation%2Fshelter&l=15-0&ll=32.63819999999999%2C130.77610000000004&z=9&municipalityCd=430005,dd2f90b30b0ffbf9eddb557edfaa334d8463bb83f9115bb41bac7ab5526d970a,"{""ルート検索"": ""検索"", ""住所"": ""八代市鏡町鏡村937"", ""市町村"": ""八代市"", ""混雑状況"": ""---"", ""避難所名"": ""松橋支援学校氷川分教室"", ""開設状況"": ""開設""}",unmatched,no_candidate,,0,,,,,,,,,,,[],,[],[],reference/43000_1.csv,dd6686fa000c3e720180ba96d02aacff987aec1bba3c9bc69a5867fc0089d10d
2026-07-31,2026-07-31T01:44:34+09:00,26/07/31 01:44時点の避難所状況の一覧です。,2026-07-31T01:44+09:00,web:b84833b5c2083bfd9c43,b84833b5c2083bfd9c43,八代市,松高コミュニティセンター,開設,true,平常,,八代市永碇町754-2,検索,,,,,https://portal.bousai.pref.kumamoto.jp/sp.html?p=evacuation%2Fshelter&l=15-0&ll=32.63819999999999%2C130.77610000000004&z=9&municipalityCd=430005,2f5dfb54a4b98ce34c47c1687a1f3e8a1f9d145e1c38bf2c5f4529568e560bc2,"{""ルート検索"": ""検索"", ""住所"": ""八代市永碇町754-2"", ""市町村"": ""八代市"", ""混雑状況"": ""平常"", ""避難所名"": ""松高コミュニティセンター"", ""開設状況"": ""開設""}",unmatched,fuzzy_below_threshold,0.835,0,,,,,,,,,,,[],,[],"[{""NO"": ""1257"", ""その他市町村長が必要と認める事項"": """", ""住所"": ""熊本県八代市本野町505"", ""備考"": """", ""共通ID"": ""E4320200118111"", ""受入対象者"": """", ""指定緊急避難場所との住所同一"": ""1"", ""施設・場所名"": ""高田コミュニティセンター"", ""経度"": ""130.6167216"", ""緯度"": ""32.48708486""}, {""NO"": ""1237"", ""その他市町村長が必要と認める事項"": """", ""住所"": ""熊本県八代市泉町栗木5866"", ""備考"": """", ""共通ID"": ""E4320200081111"", ""受入対象者"": """", ""指定緊急避難場所との住所同一"": ""1"", ""施設・場所名"": ""泉コミュニティセンター"", ""経度"": ""130.808105877186"", ""緯度"": ""32.5457986916214""}, {""NO"": ""1223"", ""その他市町村長が必要と認める事項"": """", ""住所"": ""熊本県八代市昭和明徴町730-1"", ""備考"": """", ""共通ID"": ""E4320200054111"", ""受入対象者"": """", ""指定緊急避難場所との住所同一"": ""1"", ""施設・場所名"": ""昭和コミュニティセンター"", ""経度"": ""130.6036164"", ""緯度"": ""32.55967579""}]",reference/43000_1.csv,dd6686fa000c3e720180ba96d02aacff987aec1bba3c9bc69a5867fc0089d10d
2026-07-31,2026-07-31T01:44:34+09:00,26/07/31 01:44時点の避難所状況の一覧です。,2026-07-31T01:44+09:00,web:b0bf2502c50ff9181c58,b0bf2502c50ff9181c58,八代市,松高小学校,開設,true,---,,八代市永碇町828-1,検索,,,,,https://portal.bousai.pref.kumamoto.jp/sp.html?p=evacuation%2Fshelter&l=15-0&ll=32.63819999999999%2C130.77610000000004&z=9&municipalityCd=430005,8624d6f89757fa7b9cf55cd55ec5842abf13c5515dcbad1e4b0455af258e91bc,"{""ルート検索"": ""検索"", ""住所"": ""八代市永碇町828-1"", ""市町村"": ""八代市"", ""混雑状況"": ""---"", ""避難所名"": ""松高小学校"", ""開設状況"": ""開設""}",unmatched,no_candidate,,0,,,,,,,,,,,[],,[],[],reference/43000_1.csv,dd6686fa000c3e720180ba96d02aacff987aec1bba3c9bc69a5867fc0089d10d
2026-07-31,2026-07-31T01:44:34+09:00,26/07/31 01:44時点の避難所状況の一覧です。,2026-07-31T01:44+09:00,web:0c70f9a6030e3856cae7,0c70f9a6030e3856cae7,八代市,植柳コミュニティセンター,開設,true,---,,八代市植柳下町4251-2,検索,,,,,https://portal.bousai.pref.kumamoto.jp/sp.html?p=evacuation%2Fshelter&l=15-0&ll=32.63819999999999%2C130.77610000000004&z=9&municipalityCd=430005,951e8d4aef0308239f39f1bac200f5813b136c6c98d2ca106996d6cbc18ec814,"{""ルート検索"": ""検索"", ""住所"": ""八代市植柳下町4251-2"", ""市町村"": ""八代市"", ""混雑状況"": ""---"", ""避難所名"": ""植柳コミュニティセンター"", ""開設状況"": ""開設""}",unmatched,fuzzy_below_threshold,0.778,0,,,,,,,,,,,[],,[],"[{""NO"": ""1237"", ""その他市町村長が必要と認める事項"": """", ""住所"": ""熊本県八代市泉町栗木5866"", ""備考"": """", ""共通ID"": ""E4320200081111"", ""受入対象者"": """", ""指定緊急避難場所との住所同一"": ""1"", ""施設・場所名"": ""泉コミュニティセンター"", ""経度"": ""130.808105877186"", ""緯度"": ""32.5457986916214""}, {""NO"": ""1216"", ""その他市町村長が必要と認める事項"": """", ""住所"": ""熊本県八代市古城町2259"", ""備考"": """", ""共通ID"": ""E4320200033111"", ""受入対象者"": """", ""指定緊急避難場所との住所同一"": ""1"", ""施設・場所名"": ""麦島コミュニティセンター"", ""経度"": ""130.5926186"", ""緯度"": ""32.49742503""}, {""NO"": ""1257"", ""その他市町村長が必要と認める事項"": """", ""住所"": ""熊本県八代市本野町505"", ""備考"": """", ""共通ID"": ""E4320200118111"", ""受入対象者"": """", ""指定緊急避難場所との住所同一"": ""1"", ""施設・場所名"": ""高田コミュニティセンター"", ""経度"": ""130.6167216"", ""緯度"": ""32.48708486""}]",reference/43000_1.csv,dd6686fa000c3e720180ba96d02aacff987aec1bba3c9bc69a5867fc0089d10d
2026-07-31,2026-07-31T01:44:34+09:00,26/07/31 01:44時点の避難所状況の一覧です。,2026-07-31T01:44+09:00,web:8798ad523c24fcd66dc7,8798ad523c24fcd66dc7,八代市,植柳小学校,開設,true,---,,八代市植柳上町449,検索,,,,,https://portal.bousai.pref.kumamoto.jp/sp.html?p=evacuation%2Fshelter&l=15-0&ll=32.63819999999999%2C130.77610000000004&z=9&municipalityCd=430005,7d9bd73822fb299efb1ed2a5807dcb8d459b6e0f218abf41169668e9edcdf295,"{""ルート検索"": ""検索"", ""住所"": ""八代市植柳上町449"", ""市町村"": ""八代市"", ""混雑状況"": ""---"", ""避難所名"": ""植柳小学校"", ""開設状況"": ""開設""}",unmatched,no_candidate,,0,,,,,,,,,,,[],,[],[],reference/43000_1.csv,dd6686fa000c3e720180ba96d02aacff987aec1bba3c9bc69a5867fc0089d10d
2026-07-31,2026-07-31T01:44:34+09:00,26/07/31 01:44時点の避難所状況の一覧です。,2026-07-31T01:44+09:00,web:6bd12ccc3559d81dad0d,6bd12ccc3559d81dad0d,八代市,泉第八小学校,開設,true,平常,,八代市泉町樅木137-4,検索,,,,,https://portal.bousai.pref.kumamoto.jp/sp.html?p=evacuation%2Fshelter&l=15-0&ll=32.63819999999999%2C130.77610000000004&z=9&municipalityCd=430005,f9a0405d3bce8458c97babe09565dc0bf2c8e602235064e5895602d59fcc2dfa,"{""ルート検索"": ""検索"", ""住所"": ""八代市泉町樅木137-4"", ""市町村"": ""八代市"", ""混雑状況"": ""平常"", ""避難所名"": ""泉第八小学校"", ""開設状況"": ""開設""}",unmatched,no_candidate,,0,,,,,,,,,,,[],,[],[],reference/43000_1.csv,dd6686fa000c3e720180ba96d02aacff987aec1bba3c9bc69a5867fc0089d10d
2026-07-31,2026-07-31T01:44:34+09:00,26/07/31 01:44時点の避難所状況の一覧です。,2026-07-31T01:44+09:00,web:3f81517dc28b19758f5c,3f81517dc28b19758f5c,八代市,深水生活改善センター,開設,true,平常,,八代市坂本町深水い1542-2,検索,,,,,https://portal.bousai.pref.kumamoto.jp/sp.html?p=evacuation%2Fshelter&l=15-0&ll=32.63819999999999%2C130.77610000000004&z=9&municipalityCd=430005,58ed6847bedc05b98a61272975c21d4b1210c1f64fe373537f4031e3fd88f605,"{""ルート検索"": ""検索"", ""住所"": ""八代市坂本町深水い1542-2"", ""市町村"": ""八代市"", ""混雑状況"": ""平常"", ""避難所名"": ""深水生活改善センター"", ""開設状況"": ""開設""}",unmatched,no_candidate,,0,,,,,,,,,,,[],,[],[],reference/43000_1.csv,dd6686fa000c3e720180ba96d02aacff987aec1bba3c9bc69a5867fc0089d10d
2026-07-31,2026-07-31T01:44:34+09:00,26/07/31 01:44時点の避難所状況の一覧です。,2026-07-31T01:44+09:00,web:793a5a60deef7966638d,793a5a60deef7966638d,八代市,田上社会教育センター,開設,true,---,,八代市坂本町田上2006,検索,,,,,https://portal.bousai.pref.kumamoto.jp/sp.html?p=evacuation%2Fshelter&l=15-0&ll=32.63819999999999%2C130.77610000000004&z=9&municipalityCd=430005,8afb2aa7824f6ed2ae5dfea5d3d36dc1fcff04ba03055714f81b8709cc6d8f64,"{""ルート検索"": ""検索"", ""住所"": ""八代市坂本町田上2006"", ""市町村"": ""八代市"", ""混雑状況"": ""---"", ""避難所名"": ""田上社会教育センター"", ""開設状況"": ""開設""}",unmatched,no_candidate,,0,,,,,,,,,,,[],,[],[],reference/43000_1.csv,dd6686fa000c3e720180ba96d02aacff987aec1bba3c9bc69a5867fc0089d10d
2026-07-31,2026-07-31T01:44:34+09:00,26/07/31 01:44時点の避難所状況の一覧です。,2026-07-31T01:44+09:00,web:3ff88ff210a8c8e57d64,3ff88ff210a8c8e57d64,八代市,第一中学校,開設,true,---,,八代市北の丸町1-29,検索,,,,,https://portal.bousai.pref.kumamoto.jp/sp.html?p=evacuation%2Fshelter&l=15-0&ll=32.63819999999999%2C130.77610000000004&z=9&municipalityCd=430005,d2be050d62fd02594abbac3b3ec3b21e96588920a37d92983615fcd045d5701d,"{""ルート検索"": ""検索"", ""住所"": ""八代市北の丸町1-29"", ""市町村"": ""八代市"", ""混雑状況"": ""---"", ""避難所名"": ""第一中学校"", ""開設状況"": ""開設""}",unmatched,exact_name_municipality_conflict,,0,,,,,,,,,,,[],,[],"[{""NO"": ""893"", ""その他市町村長が必要と認める事項"": """", ""住所"": ""熊本県人吉市土手町36-3"", ""備考"": """", ""共通ID"": ""E4320300029111"", ""受入対象者"": """", ""指定緊急避難場所との住所同一"": ""1"", ""施設・場所名"": ""第一中学校"", ""経度"": ""130.759332"", ""緯度"": ""32.207752""}]",reference/43000_1.csv,dd6686fa000c3e720180ba96d02aacff987aec1bba3c9bc69a5867fc0089d10d
2026-07-31,2026-07-31T01:44:34+09:00,26/07/31 01:44時点の避難所状況の一覧です。,2026-07-31T01:44+09:00,web:426205013f1c91278659,426205013f1c91278659,八代市,第七中学校,開設,true,---,,八代市郡築七番町41-2,検索,,,,,https://portal.bousai.pref.kumamoto.jp/sp.html?p=evacuation%2Fshelter&l=15-0&ll=32.63819999999999%2C130.77610000000004&z=9&municipalityCd=430005,096df92462b22b061b57f3b71de83ae8fcd4f5cc7130ba3e44fdb3df4984620a,"{""ルート検索"": ""検索"", ""住所"": ""八代市郡築七番町41-2"", ""市町村"": ""八代市"", ""混雑状況"": ""---"", ""避難所名"": ""第七中学校"", ""開設状況"": ""開設""}",unmatched,no_candidate,,0,,,,,,,,,,,[],,[],[],reference/43000_1.csv,dd6686fa000c3e720180ba96d02aacff987aec1bba3c9bc69a5867fc0089d10d
2026-07-31,2026-07-31T01:44:34+09:00,26/07/31 01:44時点の避難所状況の一覧です。,2026-07-31T01:44+09:00,web:09a3707792378feabf9b,09a3707792378feabf9b,八代市,第三中学校,開設,true,---,,八代市中北町3378-5,検索,,,,,https://portal.bousai.pref.kumamoto.jp/sp.html?p=evacuation%2Fshelter&l=15-0&ll=32.63819999999999%2C130.77610000000004&z=9&municipalityCd=430005,02cf79b28e9c9404a49c59e316c73465bd9505daf834aa4d5fb95df464fd1f81,"{""ルート検索"": ""検索"", ""住所"": ""八代市中北町3378-5"", ""市町村"": ""八代市"", ""混雑状況"": ""---"", ""避難所名"": ""第三中学校"", ""開設状況"": ""開設""}",unmatched,exact_name_municipality_conflict,,0,,,,,,,,,,,[],,[],"[{""NO"": ""883"", ""その他市町村長が必要と認める事項"": """", ""住所"": ""熊本県人吉市上田代町2008"", ""備考"": """", ""共通ID"": ""E4320300018111"", ""受入対象者"": """", ""指定緊急避難場所との住所同一"": ""1"", ""施設・場所名"": ""第三中学校"", ""経度"": ""130.8039627"", ""緯度"": ""32.16780161""}]",reference/43000_1.csv,dd6686fa000c3e720180ba96d02aacff987aec1bba3c9bc69a5867fc0089d10d
2026-07-31,2026-07-31T01:44:34+09:00,26/07/31 01:44時点の避難所状況の一覧です。,2026-07-31T01:44+09:00,web:6ffd1b1e85b2aafface8,6ffd1b1e85b2aafface8,八代市,第二中学校,開設,true,平常,,八代市上日置町2248-1,検索,,,,,https://portal.bousai.pref.kumamoto.jp/sp.html?p=evacuation%2Fshelter&l=15-0&ll=32.63819999999999%2C130.77610000000004&z=9&municipalityCd=430005,4d23ba3bb52f0501becf9624096fdb14ba4c56630ad65256fa605c3be1380700,"{""ルート検索"": ""検索"", ""住所"": ""八代市上日置町2248-1"", ""市町村"": ""八代市"", ""混雑状況"": ""平常"", ""避難所名"": ""第二中学校"", ""開設状況"": ""開設""}",unmatched,exact_name_municipality_conflict,,0,,,,,,,,,,,[],,[],"[{""NO"": ""884"", ""その他市町村長が必要と認める事項"": """", ""住所"": ""熊本県人吉市上林町622"", ""備考"": """", ""共通ID"": ""E4320300019111"", ""受入対象者"": """", ""指定緊急避難場所との住所同一"": ""1"", ""施設・場所名"": ""第二中学校"", ""経度"": ""130.744083"", ""緯度"": ""32.22168798""}]",reference/43000_1.csv,dd6686fa000c3e720180ba96d02aacff987aec1bba3c9bc69a5867fc0089d10d
2026-07-31,2026-07-31T01:44:34+09:00,26/07/31 01:44時点の避難所状況の一覧です。,2026-07-31T01:44+09:00,web:64ecc73c663a49ce26f2,64ecc73c663a49ce26f2,八代市,第五中学校,開設,true,平常,,八代市豊原下町3807,検索,,,,,https://portal.bousai.pref.kumamoto.jp/sp.html?p=evacuation%2Fshelter&l=15-0&ll=32.63819999999999%2C130.77610000000004&z=9&municipalityCd=430005,b0dcf818d8916fcaaf1064eb41ce198908d486b4c1bf0e70f5324d99da14eb28,"{""ルート検索"": ""検索"", ""住所"": ""八代市豊原下町3807"", ""市町村"": ""八代市"", ""混雑状況"": ""平常"", ""避難所名"": ""第五中学校"", ""開設状況"": ""開設""}",unmatched,no_candidate,,0,,,,,,,,,,,[],,[],[],reference/43000_1.csv,dd6686fa000c3e720180ba96d02aacff987aec1bba3c9bc69a5867fc0089d10d
2026-07-31,2026-07-31T01:44:34+09:00,26/07/31 01:44時点の避難所状況の一覧です。,2026-07-31T01:44+09:00,web:b23fba6e2757aa4d02da,b23fba6e2757aa4d02da,八代市,第八中学校,開設,true,---,,八代市西宮町656,検索,,,,,https://portal.bousai.pref.kumamoto.jp/sp.html?p=evacuation%2Fshelter&l=15-0&ll=32.63819999999999%2C130.77610000000004&z=9&municipalityCd=430005,e0fa990b8ad4782885734ac3e1d7a20f954f444319131a595c5b8a6cfb60c9d6,"{""ルート検索"": ""検索"", ""住所"": ""八代市西宮町656"", ""市町村"": ""八代市"", ""混雑状況"": ""---"", ""避難所名"": ""第八中学校"", ""開設状況"": ""開設""}",unmatched,no_candidate,,0,,,,,,,,,,,[],,[],[],reference/43000_1.csv,dd6686fa000c3e720180ba96d02aacff987aec1bba3c9bc69a5867fc0089d10d
2026-07-31,2026-07-31T01:44:34+09:00,26/07/31 01:44時点の避難所状況の一覧です。,2026-07-31T01:44+09:00,web:b71403ebb89f13bc5ba9,b71403ebb89f13bc5ba9,八代市,第六中学校,開設,true,---,,八代市水島町2065-4,検索,,,,,https://portal.bousai.pref.kumamoto.jp/sp.html?p=evacuation%2Fshelter&l=15-0&ll=32.63819999999999%2C130.77610000000004&z=9&municipalityCd=430005,b3a3c5e8f289e539d8eb67e693e45f4e3cccc0603c4391cd3b5798381ee290da,"{""ルート検索"": ""検索"", ""住所"": ""八代市水島町2065-4"", ""市町村"": ""八代市"", ""混雑状況"": ""---"", ""避難所名"": ""第六中学校"", ""開設状況"": ""開設""}",unmatched,no_candidate,,0,,,,,,,,,,,[],,[],[],reference/43000_1.csv,dd6686fa000c3e720180ba96d02aacff987aec1bba3c9bc69a5867fc0089d10d
2026-07-31,2026-07-31T01:44:34+09:00,26/07/31 01:44時点の避難所状況の一覧です。,2026-07-31T01:44+09:00,web:960b3eb957d534cb572f,960b3eb957d534cb572f,八代市,第四中学校,開設,true,---,,八代市古閑上町182-2,検索,,,,,https://portal.bousai.pref.kumamoto.jp/sp.html?p=evacuation%2Fshelter&l=15-0&ll=32.63819999999999%2C130.77610000000004&z=9&municipalityCd=430005,2bc0bafeed38f6cc4c1f55ab5edb428419d563278e61cdc7a15cde4f17c07257,"{""ルート検索"": ""検索"", ""住所"": ""八代市古閑上町182-2"", ""市町村"": ""八代市"", ""混雑状況"": ""---"", ""避難所名"": ""第四中学校"", ""開設状況"": ""開設""}",unmatched,no_candidate,,0,,,,,,,,,,,[],,[],[],reference/43000_1.csv,dd6686fa000c3e720180ba96d02aacff987aec1bba3c9bc69a5867fc0089d10d
2026-07-31,2026-07-31T01:44:34+09:00,26/07/31 01:44時点の避難所状況の一覧です。,2026-07-31T01:44+09:00,web:9f37c522cfe941422689,9f37c522cfe941422689,八代市,郡築コミュニティセンター,開設,true,---,,八代市郡築六番町61-2,検索,,,,,https://portal.bousai.pref.kumamoto.jp/sp.html?p=evacuation%2Fshelter&l=15-0&ll=32.63819999999999%2C130.77610000000004&z=9&municipalityCd=430005,7c4c9db2d130f43b0463872b020a125f8032de94bc54cfba6f671da8d70bb6ba,"{""ルート検索"": ""検索"", ""住所"": ""八代市郡築六番町61-2"", ""市町村"": ""八代市"", ""混雑状況"": ""---"", ""避難所名"": ""郡築コミュニティセンター"", ""開設状況"": ""開設""}",unmatched,fuzzy_below_threshold,0.785,0,,,,,,,,,,,[],,[],"[{""NO"": ""1237"", ""その他市町村長が必要と認める事項"": """", ""住所"": ""熊本県八代市泉町栗木5866"", ""備考"": """", ""共通ID"": ""E4320200081111"", ""受入対象者"": """", ""指定緊急避難場所との住所同一"": ""1"", ""施設・場所名"": ""泉コミュニティセンター"", ""経度"": ""130.808105877186"", ""緯度"": ""32.5457986916214""}, {""NO"": ""1216"", ""その他市町村長が必要と認める事項"": """", ""住所"": ""熊本県八代市古城町2259"", ""備考"": """", ""共通ID"": ""E4320200033111"", ""受入対象者"": """", ""指定緊急避難場所との住所同一"": ""1"", ""施設・場所名"": ""麦島コミュニティセンター"", ""経度"": ""130.5926186"", ""緯度"": ""32.49742503""}, {""NO"": ""1223"", ""その他市町村長が必要と認める事項"": """", ""住所"": ""熊本県八代市昭和明徴町730-1"", ""備考"": """", ""共通ID"": ""E4320200054111"", ""受入対象者"": """", ""指定緊急避難場所との住所同一"": ""1"", ""施設・場所名"": ""昭和コミュニティセンター"", ""経度"": ""130.6036164"", ""緯度"": ""32.55967579""}]",reference/43000_1.csv,dd6686fa000c3e720180ba96d02aacff987aec1bba3c9bc69a5867fc0089d10d
2026-07-31,2026-07-31T01:44:34+09:00,26/07/31 01:44時点の避難所状況の一覧です。,2026-07-31T01:44+09:00,web:86ce46626c322703ff7e,86ce46626c322703ff7e,八代市,郡築小学校,開設,true,---,,八代市郡築六番町49-1,検索,,,,,https://portal.bousai.pref.kumamoto.jp/sp.html?p=evacuation%2Fshelter&l=15-0&ll=32.63819999999999%2C130.77610000000004&z=9&municipalityCd=430005,8aafb9d9b6ac028cb839df3f352411f6bb41159015f97d74203e9bfe9af1f08c,"{""ルート検索"": ""検索"", ""住所"": ""八代市郡築六番町49-1"", ""市町村"": ""八代市"", ""混雑状況"": ""---"", ""避難所名"": ""郡築小学校"", ""開設状況"": ""開設""}",unmatched,no_candidate,,0,,,,,,,,,,,[],,[],[],reference/43000_1.csv,dd6686fa000c3e720180ba96d02aacff987aec1bba3c9bc69a5867fc0089d10d
2026-07-31,2026-07-31T01:44:34+09:00,26/07/31 01:44時点の避難所状況の一覧です。,2026-07-31T01:44+09:00,web:285305d25632a76bc41f,285305d25632a76bc41f,八代市,金剛コミュニティセンター,開設,true,平常,,八代市高植本町800-2,検索,,,,,https://portal.bousai.pref.kumamoto.jp/sp.html?p=evacuation%2Fshelter&l=15-0&ll=32.63819999999999%2C130.77610000000004&z=9&municipalityCd=430005,fb0d295f96b63b58d12d04e54fcffa9549976c999bde95654e903bab6ad3859e,"{""ルート検索"": ""検索"", ""住所"": ""八代市高植本町800-2"", ""市町村"": ""八代市"", ""混雑状況"": ""平常"", ""避難所名"": ""金剛コミュニティセンター"", ""開設状況"": ""開設""}",unmatched,fuzzy_below_threshold,0.781,0,,,,,,,,,,,[],,[],"[{""NO"": ""1237"", ""その他市町村長が必要と認める事項"": """", ""住所"": ""熊本県八代市泉町栗木5866"", ""備考"": """", ""共通ID"": ""E4320200081111"", ""受入対象者"": """", ""指定緊急避難場所との住所同一"": ""1"", ""施設・場所名"": ""泉コミュニティセンター"", ""経度"": ""130.808105877186"", ""緯度"": ""32.5457986916214""}, {""NO"": ""1257"", ""その他市町村長が必要と認める事項"": """", ""住所"": ""熊本県八代市本野町505"", ""備考"": """", ""共通ID"": ""E4320200118111"", ""受入対象者"": """", ""指定緊急避難場所との住所同一"": ""1"", ""施設・場所名"": ""高田コミュニティセンター"", ""経度"": ""130.6167216"", ""緯度"": ""32.48708486""}, {""NO"": ""1223"", ""その他市町村長が必要と認める事項"": """", ""住所"": ""熊本県八代市昭和明徴町730-1"", ""備考"": """", ""共通ID"": ""E4320200054111"", ""受入対象者"": """", ""指定緊急避難場所との住所同一"": ""1"", ""施設・場所名"": ""昭和コミュニティセンター"", ""経度"": ""130.6036164"", ""緯度"": ""32.55967579""}]",reference/43000_1.csv,dd6686fa000c3e720180ba96d02aacff987aec1bba3c9bc69a5867fc0089d10d
2026-07-31,2026-07-31T01:44:34+09:00,26/07/31 01:44時点の避難所状況の一覧です。,2026-07-31T01:44+09:00,web:c30e0ba13e12f70b502c,c30e0ba13e12f70b502c,八代市,金剛小学校,開設,true,---,,八代市高植本町1207,検索,,,,,https://portal.bousai.pref.kumamoto.jp/sp.html?p=evacuation%2Fshelter&l=15-0&ll=32.63819999999999%2C130.77610000000004&z=9&municipalityCd=430005,2c5065435041cfce23c4173c9599e405d5f125eaadee1b0b183dce508211d7ea,"{""ルート検索"": ""検索"", ""住所"": ""八代市高植本町1207"", ""市町村"": ""八代市"", ""混雑状況"": ""---"", ""避難所名"": ""金剛小学校"", ""開設状況"": ""開設""}",unmatched,no_candidate,,0,,,,,,,,,,,[],,[],[],reference/43000_1.csv,dd6686fa000c3e720180ba96d02aacff987aec1bba3c9bc69a5867fc0089d10d
2026-07-31,2026-07-31T01:44:34+09:00,26/07/31 01:44時点の避難所状況の一覧です。,2026-07-31T01:44+09:00,web:71f2957e68ed27aa29b3,71f2957e68ed27aa29b3,八代市,鏡コミュニティセンター,開設,true,やや混雑,,八代市鏡町内田1339-1,検索,,,,,https://portal.bousai.pref.kumamoto.jp/sp.html?p=evacuation%2Fshelter&l=15-0&ll=32.63819999999999%2C130.77610000000004&z=9&municipalityCd=430005,ee854b3f452406d6a0d7a820062e0445dc535e7e44a239d227ccda654328cb45,"{""ルート検索"": ""検索"", ""住所"": ""八代市鏡町内田1339-1"", ""市町村"": ""八代市"", ""混雑状況"": ""やや混雑"", ""避難所名"": ""鏡コミュニティセンター"", ""開設状況"": ""開設""}",unmatched,fuzzy_below_threshold,0.800,0,,,,,,,,,,,[],,[],"[{""NO"": ""1223"", ""その他市町村長が必要と認める事項"": """", ""住所"": ""熊本県八代市昭和明徴町730-1"", ""備考"": """", ""共通ID"": ""E4320200054111"", ""受入対象者"": """", ""指定緊急避難場所との住所同一"": ""1"", ""施設・場所名"": ""昭和コミュニティセンター"", ""経度"": ""130.6036164"", ""緯度"": ""32.55967579""}, {""NO"": ""1237"", ""その他市町村長が必要と認める事項"": """", ""住所"": ""熊本県八代市泉町栗木5866"", ""備考"": """", ""共通ID"": ""E4320200081111"", ""受入対象者"": """", ""指定緊急避難場所との住所同一"": ""1"", ""施設・場所名"": ""泉コミュニティセンター"", ""経度"": ""130.808105877186"", ""緯度"": ""32.5457986916214""}, {""NO"": ""1228"", ""その他市町村長が必要と認める事項"": """", ""住所"": ""熊本県八代市上野町1193-1"", ""備考"": """", ""共通ID"": ""E4320200059111"", ""受入対象者"": """", ""指定緊急避難場所との住所同一"": ""1"", ""施設・場所名"": ""八千把コミュニティセンター"", ""経度"": ""130.6141942"", ""緯度"": ""32.51841666""}]",reference/43000_1.csv,dd6686fa000c3e720180ba96d02aacff987aec1bba3c9bc69a5867fc0089d10d
2026-07-31,2026-07-31T01:44:34+09:00,26/07/31 01:44時点の避難所状況の一覧です。,2026-07-31T01:44+09:00,web:fc07d4550a93586b2c73,fc07d4550a93586b2c73,八代市,鏡小学校,開設,true,---,,八代市鏡町鏡村609-1,検索,,,,,https://portal.bousai.pref.kumamoto.jp/sp.html?p=evacuation%2Fshelter&l=15-0&ll=32.63819999999999%2C130.77610000000004&z=9&municipalityCd=430005,521deac16295c6e45c5b06f0521e5cb682a2aaf09739d51bbc6e0aacb085e256,"{""ルート検索"": ""検索"", ""住所"": ""八代市鏡町鏡村609-1"", ""市町村"": ""八代市"", ""混雑状況"": ""---"", ""避難所名"": ""鏡小学校"", ""開設状況"": ""開設""}",unmatched,no_candidate,,0,,,,,,,,,,,[],,[],[],reference/43000_1.csv,dd6686fa000c3e720180ba96d02aacff987aec1bba3c9bc69a5867fc0089d10d
2026-07-31,2026-07-31T01:44:34+09:00,26/07/31 01:44時点の避難所状況の一覧です。,2026-07-31T01:44+09:00,web:32d814bdcf924bcc0fc3,32d814bdcf924bcc0fc3,八代市,高田小学校,開設,true,---,,八代市豊原中町317,検索,,,,,https://portal.bousai.pref.kumamoto.jp/sp.html?p=evacuation%2Fshelter&l=15-0&ll=32.63819999999999%2C130.77610000000004&z=9&municipalityCd=430005,826f447ef2d7e619475c8ab4c8c405d108f399da423dd528958dd81d6e50797c,"{""ルート検索"": ""検索"", ""住所"": ""八代市豊原中町317"", ""市町村"": ""八代市"", ""混雑状況"": ""---"", ""避難所名"": ""高田小学校"", ""開設状況"": ""開設""}",unmatched,no_candidate,,0,,,,,,,,,,,[],,[],[],reference/43000_1.csv,dd6686fa000c3e720180ba96d02aacff987aec1bba3c9bc69a5867fc0089d10d
2026-07-31,2026-07-31T01:44:34+09:00,26/07/31 01:44時点の避難所状況の一覧です。,2026-07-31T01:44+09:00,web:b4c2fb8fe9f5ef20e826,b4c2fb8fe9f5ef20e826,八代市,鮎帰社会教育センター,開設,true,平常,,八代市坂本町鮎帰は867,検索,,,,,https://portal.bousai.pref.kumamoto.jp/sp.html?p=evacuation%2Fshelter&l=15-0&ll=32.63819999999999%2C130.77610000000004&z=9&municipalityCd=430005,19000dcf8c0d5c0f03cea90f3f946df0fdc0ae2700a878bc5320ffdca3f8913a,"{""ルート検索"": ""検索"", ""住所"": ""八代市坂本町鮎帰は867"", ""市町村"": ""八代市"", ""混雑状況"": ""平常"", ""避難所名"": ""鮎帰社会教育センター"", ""開設状況"": ""開設""}",unmatched,no_candidate,,0,,,,,,,,,,,[],,[],[],reference/43000_1.csv,dd6686fa000c3e720180ba96d02aacff987aec1bba3c9bc69a5867fc0089d10d
2026-07-31,2026-07-31T01:44:34+09:00,26/07/31 01:44時点の避難所状況の一覧です。,2026-07-31T01:44+09:00,web:6f7d29af2670d591080d,6f7d29af2670d591080d,八代市,麦島小学校,開設,true,---,,八代市迎町1丁目16-1-1,検索,,,,,https://portal.bousai.pref.kumamoto.jp/sp.html?p=evacuation%2Fshelter&l=15-0&ll=32.63819999999999%2C130.77610000000004&z=9&municipalityCd=430005,58e5306ed730962c576d12938fb1ecf599ac2c10c4e56a1b563b28a56afdbf3a,"{""ルート検索"": ""検索"", ""住所"": ""八代市迎町1丁目16-1-1"", ""市町村"": ""八代市"", ""混雑状況"": ""---"", ""避難所名"": ""麦島小学校"", ""開設状況"": ""開設""}",unmatched,no_candidate,,0,,,,,,,,,,,[],,[],[],reference/43000_1.csv,dd6686fa000c3e720180ba96d02aacff987aec1bba3c9bc69a5867fc0089d10d
2026-07-31,2026-07-31T01:44:34+09:00,26/07/31 01:44時点の避難所状況の一覧です。,2026-07-31T01:44+09:00,web:22c45e37f06400baa80a,22c45e37f06400baa80a,八代市,龍峯コミュニティセンター,開設,true,---,,八代市興善寺町1952,検索,,,,,https://portal.bousai.pref.kumamoto.jp/sp.html?p=evacuation%2Fshelter&l=15-0&ll=32.63819999999999%2C130.77610000000004&z=9&municipalityCd=430005,88200c9bfbbb0fd233090bebb302e02e9c70f2dccdaa5deae6993ef0d0ac8b01,"{""ルート検索"": ""検索"", ""住所"": ""八代市興善寺町1952"", ""市町村"": ""八代市"", ""混雑状況"": ""---"", ""避難所名"": ""龍峯コミュニティセンター"", ""開設状況"": ""開設""}",unmatched,fuzzy_below_threshold,0.785,0,,,,,,,,,,,[],,[],"[{""NO"": ""1237"", ""その他市町村長が必要と認める事項"": """", ""住所"": ""熊本県八代市泉町栗木5866"", ""備考"": """", ""共通ID"": ""E4320200081111"", ""受入対象者"": """", ""指定緊急避難場所との住所同一"": ""1"", ""施設・場所名"": ""泉コミュニティセンター"", ""経度"": ""130.808105877186"", ""緯度"": ""32.5457986916214""}, {""NO"": ""1257"", ""その他市町村長が必要と認める事項"": """", ""住所"": ""熊本県八代市本野町505"", ""備考"": """", ""共通ID"": ""E4320200118111"", ""受入対象者"": """", ""指定緊急避難場所との住所同一"": ""1"", ""施設・場所名"": ""高田コミュニティセンター"", ""経度"": ""130.6167216"", ""緯度"": ""32.48708486""}, {""NO"": ""1216"", ""その他市町村長が必要と認める事項"": """", ""住所"": ""熊本県八代市古城町2259"", ""備考"": """", ""共通ID"": ""E4320200033111"", ""受入対象者"": """", ""指定緊急避難場所との住所同一"": ""1"", ""施設・場所名"": ""麦島コミュニティセンター"", ""経度"": ""130.5926186"", ""緯度"": ""32.49742503""}]",reference/43000_1.csv,dd6686fa000c3e720180ba96d02aacff987aec1bba3c9bc69a5867fc0089d10d
2026-07-31,2026-07-31T01:44:34+09:00,26/07/31 01:44時点の避難所状況の一覧です。,2026-07-31T01:44+09:00,web:bcd5356f1806b2905a5f,bcd5356f1806b2905a5f,南阿蘇村,(旧)立野小学校校舎,開設,true,平常,,南阿蘇村大字立野1549-2,検索,,,,,https://portal.bousai.pref.kumamoto.jp/sp.html?p=evacuation%2Fshelter&l=15-0&ll=32.63819999999999%2C130.77610000000004&z=9&municipalityCd=430005,dbe8cbe2315e3f70e91347f26421fa130db73161b62fe9edd53c5546d5b0a89c,"{""ルート検索"": ""検索"", ""住所"": ""南阿蘇村大字立野1549-2"", ""市町村"": ""南阿蘇村"", ""混雑状況"": ""平常"", ""避難所名"": ""(旧)立野小学校校舎"", ""開設状況"": ""開設""}",unmatched,fuzzy_below_threshold,0.876,0,,,,,,,,,,,[],,[],"[{""NO"": ""1174"", ""その他市町村長が必要と認める事項"": """", ""住所"": ""熊本県南阿蘇村大字立野1596"", ""備考"": """", ""共通ID"": ""E4343300051111"", ""受入対象者"": """", ""指定緊急避難場所との住所同一"": """", ""施設・場所名"": ""(旧)立野小学校"", ""経度"": ""130.968176"", ""緯度"": ""32.877786""}]",reference/43000_1.csv,dd6686fa000c3e720180ba96d02aacff987aec1bba3c9bc69a5867fc0089d10d
2026-07-31,2026-07-31T01:44:34+09:00,26/07/31 01:44時点の避難所状況の一覧です。,2026-07-31T01:44+09:00,web:fa3d8215cbba53b6d971,fa3d8215cbba53b6d971,天草市,サテライト施設おにき,開設,true,平常,,熊本県天草市魚貫町5536-1,検索,,,,,https://portal.bousai.pref.kumamoto.jp/sp.html?p=evacuation%2Fshelter&l=15-0&ll=32.63819999999999%2C130.77610000000004&z=9&municipalityCd=430005,2dd8d9cda210719599178e04d784f198737dac8076fb32905a88f15ebce08b43,"{""ルート検索"": ""検索"", ""住所"": ""熊本県天草市魚貫町5536-1"", ""市町村"": ""天草市"", ""混雑状況"": ""平常"", ""避難所名"": ""サテライト施設おにき"", ""開設状況"": ""開設""}",unmatched,no_candidate,,0,,,,,,,,,,,[],,[],[],reference/43000_1.csv,dd6686fa000c3e720180ba96d02aacff987aec1bba3c9bc69a5867fc0089d10d
2026-07-31,2026-07-31T01:44:34+09:00,26/07/31 01:44時点の避難所状況の一覧です。,2026-07-31T01:44+09:00,web:98683def4025910ef8df,98683def4025910ef8df,天草市,上津浦地区コミュニティセンター,開設,true,平常,,天草市有明町上津浦 3706-4,検索,,,,,https://portal.bousai.pref.kumamoto.jp/sp.html?p=evacuation%2Fshelter&l=15-0&ll=32.63819999999999%2C130.77610000000004&z=9&municipalityCd=430005,cf2b143873681622b53ba5b2986d6d7cd87282f37cc7739b6b3bb0967a73e19a,"{""ルート検索"": ""検索"", ""住所"": ""天草市有明町上津浦 3706-4"", ""市町村"": ""天草市"", ""混雑状況"": ""平常"", ""避難所名"": ""上津浦地区コミュニティセンター"", ""開設状況"": ""開設""}",unmatched,fuzzy_below_threshold,0.767,0,,,,,,,,,,,[],,[],"[{""NO"": ""1126"", ""その他市町村長が必要と認める事項"": """", ""住所"": ""熊本県天草市倉岳町棚底1786-4"", ""備考"": """", ""共通ID"": ""E4321500185111"", ""受入対象者"": """", ""指定緊急避難場所との住所同一"": """", ""施設・場所名"": ""棚底地区コミュニティセンター"", ""経度"": ""130.3438864"", ""緯度"": ""32.41067919""}, {""NO"": ""1054"", ""その他市町村長が必要と認める事項"": """", ""住所"": ""熊本県天草市五和町御領6692-1"", ""備考"": """", ""共通ID"": ""E4321500060121"", ""受入対象者"": ""要配慮者"", ""指定緊急避難場所との住所同一"": ""1"", ""施設・場所名"": ""御領地区コミュニティセンター"", ""経度"": ""130.18888259453"", ""緯度"": ""32.517830538891""}, {""NO"": ""1136"", ""その他市町村長が必要と認める事項"": """", ""住所"": ""熊本県天草市天草町高浜南501-1"", ""備考"": """", ""共通ID"": ""E4321500202121"", ""受入対象者"": ""要配慮者"", ""指定緊急避難場所との住所同一"": ""1"", ""施設・場所名"": ""高浜地区コミュニティセンター"", ""経度"": ""129.9975277"", ""緯度"": ""32.37838933""}]",reference/43000_1.csv,dd6686fa000c3e720180ba96d02aacff987aec1bba3c9bc69a5867fc0089d10d
2026-07-31,2026-07-31T01:44:34+09:00,26/07/31 01:44時点の避難所状況の一覧です。,2026-07-31T01:44+09:00,web:0e9a03b19531909b12ea,0e9a03b19531909b12ea,天草市,下津浦地区コミュニティセンター,開設,true,平常,,天草市有明町下津浦 2505-2,検索,,,,,https://portal.bousai.pref.kumamoto.jp/sp.html?p=evacuation%2Fshelter&l=15-0&ll=32.63819999999999%2C130.77610000000004&z=9&municipalityCd=430005,698491b3cf3fdbbf7dc11dc0bc7f673186ad9193ae696e98b27e91826996b310,"{""ルート検索"": ""検索"", ""住所"": ""天草市有明町下津浦 2505-2"", ""市町村"": ""天草市"", ""混雑状況"": ""平常"", ""避難所名"": ""下津浦地区コミュニティセンター"", ""開設状況"": ""開設""}",unmatched,fuzzy_below_threshold,0.790,0,,,,,,,,,,,[],,[],"[{""NO"": ""1133"", ""その他市町村長が必要と認める事項"": """", ""住所"": ""熊本県天草市天草町下田北534-1"", ""備考"": """", ""共通ID"": ""E4321500199111"", ""受入対象者"": """", ""指定緊急避難場所との住所同一"": ""1"", ""施設・場所名"": ""下田北地区コミュニティセンター"", ""経度"": ""130.0137819"", ""緯度"": ""32.42497725""}, {""NO"": ""1041"", ""その他市町村長が必要と認める事項"": """", ""住所"": ""熊本県天草市牛深町122-2"", ""備考"": """", ""共通ID"": ""E4321500276121"", ""受入対象者"": ""要配慮者"", ""指定緊急避難場所との住所同一"": """", ""施設・場所名"": ""牛深地区コミュニティセンター"", ""経度"": ""130.025668"", ""緯度"": ""32.195712""}, {""NO"": ""1076"", ""その他市町村長が必要と認める事項"": """", ""住所"": ""熊本県天草市御所浦町牧島625-7"", ""備考"": """", ""共通ID"": ""E4321500102111"", ""受入対象者"": """", ""指定緊急避難場所との住所同一"": """", ""施設・場所名"": ""牧島地区コミュニティセンター"", ""経度"": ""130.3279952"", ""緯度"": ""32.3474935""}]",reference/43000_1.csv,dd6686fa000c3e720180ba96d02aacff987aec1bba3c9bc69a5867fc0089d10d
2026-07-31,2026-07-31T01:44:34+09:00,26/07/31 01:44時点の避難所状況の一覧です。,2026-07-31T01:44+09:00,web:cff6fd113ee3a7def422,cff6fd113ee3a7def422,天草市,久玉地区コミュニティセンター,開設,true,平常,,天草市久玉町 1412-12,検索,,,,,https://portal.bousai.pref.kumamoto.jp/sp.html?p=evacuation%2Fshelter&l=15-0&ll=32.63819999999999%2C130.77610000000004&z=9&municipalityCd=430005,cf2132613e833970c263806a7dbb0839cc82a3091ad9043fab5c6f4a889d4e38,"{""ルート検索"": ""検索"", ""住所"": ""天草市久玉町 1412-12"", ""市町村"": ""天草市"", ""混雑状況"": ""平常"", ""避難所名"": ""久玉地区コミュニティセンター"", ""開設状況"": ""開設""}",unmatched,fuzzy_below_threshold,0.814,0,,,,,,,,,,,[],,[],"[{""NO"": ""1041"", ""その他市町村長が必要と認める事項"": """", ""住所"": ""熊本県天草市牛深町122-2"", ""備考"": """", ""共通ID"": ""E4321500276121"", ""受入対象者"": ""要配慮者"", ""指定緊急避難場所との住所同一"": """", ""施設・場所名"": ""牛深地区コミュニティセンター"", ""経度"": ""130.025668"", ""緯度"": ""32.195712""}, {""NO"": ""1049"", ""その他市町村長が必要と認める事項"": """", ""住所"": ""熊本県天草市魚貫町2129"", ""備考"": """", ""共通ID"": ""E4321500050111"", ""受入対象者"": """", ""指定緊急避難場所との住所同一"": """", ""施設・場所名"": ""魚貫地区コミュニティセンター"", ""経度"": ""130.0109142"", ""緯度"": ""32.23957339""}, {""NO"": ""1054"", ""その他市町村長が必要と認める事項"": """", ""住所"": ""熊本県天草市五和町御領6692-1"", ""備考"": """", ""共通ID"": ""E4321500060121"", ""受入対象者"": ""要配慮者"", ""指定緊急避難場所との住所同一"": ""1"", ""施設・場所名"": ""御領地区コミュニティセンター"", ""経度"": ""130.18888259453"", ""緯度"": ""32.517830538891""}]",reference/43000_1.csv,dd6686fa000c3e720180ba96d02aacff987aec1bba3c9bc69a5867fc0089d10d
2026-07-31,2026-07-31T01:44:34+09:00,26/07/31 01:44時点の避難所状況の一覧です。,2026-07-31T01:44+09:00,web:21920af5effebd9d82e4,21920af5effebd9d82e4,天草市,二江地区コミュニティセンター,開設,true,平常,,天草市五和町二江 3066,検索,,,,,https://portal.bousai.pref.kumamoto.jp/sp.html?p=evacuation%2Fshelter&l=15-0&ll=32.63819999999999%2C130.77610000000004&z=9&municipalityCd=430005,6f67ea73f7cbbacb6063afe55e310cfb4266d971db3c121f7c6e81b86c6fd965,"{""ルート検索"": ""検索"", ""住所"": ""天草市五和町二江 3066"", ""市町村"": ""天草市"", ""混雑状況"": ""平常"", ""避難所名"": ""二江地区コミュニティセンター"", ""開設状況"": ""開設""}",unmatched,fuzzy_below_threshold,0.805,0,,,,,,,,,,,[],,[],"[{""NO"": ""1054"", ""その他市町村長が必要と認める事項"": """", ""住所"": ""熊本県天草市五和町御領6692-1"", ""備考"": """", ""共通ID"": ""E4321500060121"", ""受入対象者"": ""要配慮者"", ""指定緊急避難場所との住所同一"": ""1"", ""施設・場所名"": ""御領地区コミュニティセンター"", ""経度"": ""130.18888259453"", ""緯度"": ""32.517830538891""}, {""NO"": ""1076"", ""その他市町村長が必要と認める事項"": """", ""住所"": ""熊本県天草市御所浦町牧島625-7"", ""備考"": """", ""共通ID"": ""E4321500102111"", ""受入対象者"": """", ""指定緊急避難場所との住所同一"": """", ""施設・場所名"": ""牧島地区コミュニティセンター"", ""経度"": ""130.3279952"", ""緯度"": ""32.3474935""}, {""NO"": ""1126"", ""その他市町村長が必要と認める事項"": """", ""住所"": ""熊本県天草市倉岳町棚底1786-4"", ""備考"": """", ""共通ID"": ""E4321500185111"", ""受入対象者"": """", ""指定緊急避難場所との住所同一"": """", ""施設・場所名"": ""棚底地区コミュニティセンター"", ""経度"": ""130.3438864"", ""緯度"": ""32.41067919""}]",reference/43000_1.csv,dd6686fa000c3e720180ba96d02aacff987aec1bba3c9bc69a5867fc0089d10d
2026-07-31,2026-07-31T01:44:34+09:00,26/07/31 01:44時点の避難所状況の一覧です。,2026-07-31T01:44+09:00,web:5371354cde3c4202f341,5371354cde3c4202f341,天草市,二浦地区コミュニティセンター,開設,true,平常,,天草市二浦町亀浦 1035-11,検索,,,,,https://portal.bousai.pref.kumamoto.jp/sp.html?p=evacuation%2Fshelter&l=15-0&ll=32.63819999999999%2C130.77610000000004&z=9&municipalityCd=430005,cbfedae8c1857704a2424e712f032efae5df997c686c9ea496281cc1c411f324,"{""ルート検索"": ""検索"", ""住所"": ""天草市二浦町亀浦 1035-11"", ""市町村"": ""天草市"", ""混雑状況"": ""平常"", ""避難所名"": ""二浦地区コミュニティセンター"", ""開設状況"": ""開設""}",unmatched,fuzzy_below_threshold,0.781,0,,,,,,,,,,,[],,[],"[{""NO"": ""1076"", ""その他市町村長が必要と認める事項"": """", ""住所"": ""熊本県天草市御所浦町牧島625-7"", ""備考"": """", ""共通ID"": ""E4321500102111"", ""受入対象者"": """", ""指定緊急避難場所との住所同一"": """", ""施設・場所名"": ""牧島地区コミュニティセンター"", ""経度"": ""130.3279952"", ""緯度"": ""32.3474935""}, {""NO"": ""1136"", ""その他市町村長が必要と認める事項"": """", ""住所"": ""熊本県天草市天草町高浜南501-1"", ""備考"": """", ""共通ID"": ""E4321500202121"", ""受入対象者"": ""要配慮者"", ""指定緊急避難場所との住所同一"": ""1"", ""施設・場所名"": ""高浜地区コミュニティセンター"", ""経度"": ""129.9975277"", ""緯度"": ""32.37838933""}, {""NO"": ""1041"", ""その他市町村長が必要と認める事項"": """", ""住所"": ""熊本県天草市牛深町122-2"", ""備考"": """", ""共通ID"": ""E4321500276121"", ""受入対象者"": ""要配慮者"", ""指定緊急避難場所との住所同一"": """", ""施設・場所名"": ""牛深地区コミュニティセンター"", ""経度"": ""130.025668"", ""緯度"": ""32.195712""}]",reference/43000_1.csv,dd6686fa000c3e720180ba96d02aacff987aec1bba3c9bc69a5867fc0089d10d
2026-07-31,2026-07-31T01:44:34+09:00,26/07/31 01:44時点の避難所状況の一覧です。,2026-07-31T01:44+09:00,web:e987cf7183870315496f,e987cf7183870315496f,天草市,佐伊津地区コミュニティセンター,開設,true,平常,,天草市佐伊津町 2258,検索,,,,,https://portal.bousai.pref.kumamoto.jp/sp.html?p=evacuation%2Fshelter&l=15-0&ll=32.63819999999999%2C130.77610000000004&z=9&municipalityCd=430005,f56012df9469fba25883840da62f729e5f2b5f581d6fa9bac921185797c78a58,"{""ルート検索"": ""検索"", ""住所"": ""天草市佐伊津町 2258"", ""市町村"": ""天草市"", ""混雑状況"": ""平常"", ""避難所名"": ""佐伊津地区コミュニティセンター"", ""開設状況"": ""開設""}",unmatched,fuzzy_below_threshold,0.771,0,,,,,,,,,,,[],,[],"[{""NO"": ""1049"", ""その他市町村長が必要と認める事項"": """", ""住所"": ""熊本県天草市魚貫町2129"", ""備考"": """", ""共通ID"": ""E4321500050111"", ""受入対象者"": """", ""指定緊急避難場所との住所同一"": """", ""施設・場所名"": ""魚貫地区コミュニティセンター"", ""経度"": ""130.0109142"", ""緯度"": ""32.23957339""}, {""NO"": ""1041"", ""その他市町村長が必要と認める事項"": """", ""住所"": ""熊本県天草市牛深町122-2"", ""備考"": """", ""共通ID"": ""E4321500276121"", ""受入対象者"": ""要配慮者"", ""指定緊急避難場所との住所同一"": """", ""施設・場所名"": ""牛深地区コミュニティセンター"", ""経度"": ""130.025668"", ""緯度"": ""32.195712""}, {""NO"": ""1076"", ""その他市町村長が必要と認める事項"": """", ""住所"": ""熊本県天草市御所浦町牧島625-7"", ""備考"": """", ""共通ID"": ""E4321500102111"", ""受入対象者"": """", ""指定緊急避難場所との住所同一"": """", ""施設・場所名"": ""牧島地区コミュニティセンター"", ""経度"": ""130.3279952"", ""緯度"": ""32.3474935""}]",reference/43000_1.csv,dd6686fa000c3e720180ba96d02aacff987aec1bba3c9bc69a5867fc0089d10d
2026-07-31,2026-07-31T01:44:34+09:00,26/07/31 01:44時点の避難所状況の一覧です。,2026-07-31T01:44+09:00,web:309aebc14999a8b685a0,309aebc14999a8b685a0,天草市,勇志国際高等学校,開設,true,平常,,天草市御所浦町牧島 1065-3,検索,,,,,https://portal.bousai.pref.kumamoto.jp/sp.html?p=evacuation%2Fshelter&l=15-0&ll=32.63819999999999%2C130.77610000000004&z=9&municipalityCd=430005,94fd5f25f1202f13319c97d72b4c2c3898a8dc55cd74191e1529a45126fb8940,"{""ルート検索"": ""検索"", ""住所"": ""天草市御所浦町牧島 1065-3"", ""市町村"": ""天草市"", ""混雑状況"": ""平常"", ""避難所名"": ""勇志国際高等学校"", ""開設状況"": ""開設""}",unmatched,no_candidate,,0,,,,,,,,,,,[],,[],[],reference/43000_1.csv,dd6686fa000c3e720180ba96d02aacff987aec1bba3c9bc69a5867fc0089d10d
2026-07-31,2026-07-31T01:44:34+09:00,26/07/31 01:44時点の避難所状況の一覧です。,2026-07-31T01:44+09:00,web:f4edaa09a8a82addb372,f4edaa09a8a82addb372,天草市,大多尾地区コミュニティセンター,開設,true,平常,,天草市新和町大多尾 2852-1,検索,,,,,https://portal.bousai.pref.kumamoto.jp/sp.html?p=evacuation%2Fshelter&l=15-0&ll=32.63819999999999%2C130.77610000000004&z=9&municipalityCd=430005,090cae8b5131f7d9a7ff60b6b1e9621b356726f4adfe32ff954aa6747a65b974,"{""ルート検索"": ""検索"", ""住所"": ""天草市新和町大多尾 2852-1"", ""市町村"": ""天草市"", ""混雑状況"": ""平常"", ""避難所名"": ""大多尾地区コミュニティセンター"", ""開設状況"": ""開設""}",unmatched,fuzzy_below_threshold,0.835,0,,,,,,,,,,,[],,[],"[{""NO"": ""1091"", ""その他市町村長が必要と認める事項"": """", ""住所"": ""熊本県天草市新和町大宮地4275-1"", ""備考"": """", ""共通ID"": ""E4321500127111"", ""受入対象者"": """", ""指定緊急避難場所との住所同一"": ""1"", ""施設・場所名"": ""大宮地地区コミュニティセンター"", ""経度"": ""130.17352812433"", ""緯度"": ""32.390500221112""}, {""NO"": ""1054"", ""その他市町村長が必要と認める事項"": """", ""住所"": ""熊本県天草市五和町御領6692-1"", ""備考"": """", ""共通ID"": ""E4321500060121"", ""受入対象者"": ""要配慮者"", ""指定緊急避難場所との住所同一"": ""1"", ""施設・場所名"": ""御領地区コミュニティセンター"", ""経度"": ""130.18888259453"", ""緯度"": ""32.517830538891""}, {""NO"": ""1041"", ""その他市町村長が必要と認める事項"": """", ""住所"": ""熊本県天草市牛深町122-2"", ""備考"": """", ""共通ID"": ""E4321500276121"", ""受入対象者"": ""要配慮者"", ""指定緊急避難場所との住所同一"": """", ""施設・場所名"": ""牛深地区コミュニティセンター"", ""経度"": ""130.025668"", ""緯度"": ""32.195712""}]",reference/43000_1.csv,dd6686fa000c3e720180ba96d02aacff987aec1bba3c9bc69a5867fc0089d10d
2026-07-31,2026-07-31T01:44:34+09:00,26/07/31 01:44時点の避難所状況の一覧です。,2026-07-31T01:44+09:00,web:1f6a8f59058ef7b79849,1f6a8f59058ef7b79849,天草市,大江シルバーコミュニティセンター,開設,true,平常,,天草市天草町大江 2967-1,検索,,,,,https://portal.bousai.pref.kumamoto.jp/sp.html?p=evacuation%2Fshelter&l=15-0&ll=32.63819999999999%2C130.77610000000004&z=9&municipalityCd=430005,376e5b03a879f43683125bc228552b85db84551735b6737cdf63ddc88af5f0df,"{""ルート検索"": ""検索"", ""住所"": ""天草市天草町大江 2967-1"", ""市町村"": ""天草市"", ""混雑状況"": ""平常"", ""避難所名"": ""大江シルバーコミュニティセンター"", ""開設状況"": ""開設""}",unmatched,no_candidate,,0,,,,,,,,,,,[],,[],[],reference/43000_1.csv,dd6686fa000c3e720180ba96d02aacff987aec1bba3c9bc69a5867fc0089d10d
2026-07-31,2026-07-31T01:44:34+09:00,26/07/31 01:44時点の避難所状況の一覧です。,2026-07-31T01:44+09:00,web:f79932a3d0c66960d538,f79932a3d0c66960d538,天草市,大浦地区コミュニティセンター,開設,true,平常,,天草市有明町大浦 1723-1,検索,,,,,https://portal.bousai.pref.kumamoto.jp/sp.html?p=evacuation%2Fshelter&l=15-0&ll=32.63819999999999%2C130.77610000000004&z=9&municipalityCd=430005,4e9c63185e87b96579e65024c184ef4589451d3b793b9c33ba81b5ae1af8db93,"{""ルート検索"": ""検索"", ""住所"": ""天草市有明町大浦 1723-1"", ""市町村"": ""天草市"", ""混雑状況"": ""平常"", ""避難所名"": ""大浦地区コミュニティセンター"", ""開設状況"": ""開設""}",unmatched,fuzzy_below_threshold,0.828,0,,,,,,,,,,,[],,[],"[{""NO"": ""1091"", ""その他市町村長が必要と認める事項"": """", ""住所"": ""熊本県天草市新和町大宮地4275-1"", ""備考"": """", ""共通ID"": ""E4321500127111"", ""受入対象者"": """", ""指定緊急避難場所との住所同一"": ""1"", ""施設・場所名"": ""大宮地地区コミュニティセンター"", ""経度"": ""130.17352812433"", ""緯度"": ""32.390500221112""}, {""NO"": ""1041"", ""その他市町村長が必要と認める事項"": """", ""住所"": ""熊本県天草市牛深町122-2"", ""備考"": """", ""共通ID"": ""E4321500276121"", ""受入対象者"": ""要配慮者"", ""指定緊急避難場所との住所同一"": """", ""施設・場所名"": ""牛深地区コミュニティセンター"", ""経度"": ""130.025668"", ""緯度"": ""32.195712""}, {""NO"": ""1049"", ""その他市町村長が必要と認める事項"": """", ""住所"": ""熊本県天草市魚貫町2129"", ""備考"": """", ""共通ID"": ""E4321500050111"", ""受入対象者"": """", ""指定緊急避難場所との住所同一"": """", ""施設・場所名"": ""魚貫地区コミュニティセンター"", ""経度"": ""130.0109142"", ""緯度"": ""32.23957339""}]",reference/43000_1.csv,dd6686fa000c3e720180ba96d02aacff987aec1bba3c9bc69a5867fc0089d10d
2026-07-31,2026-07-31T01:44:34+09:00,26/07/31 01:44時点の避難所状況の一覧です。,2026-07-31T01:44+09:00,web:9eec49013ea36417ffe2,9eec49013ea36417ffe2,天草市,天草市民センター,開設,true,平常,,天草市東町 3,検索,,,,,https://portal.bousai.pref.kumamoto.jp/sp.html?p=evacuation%2Fshelter&l=15-0&ll=32.63819999999999%2C130.77610000000004&z=9&municipalityCd=430005,1848249002e5e951125c9fccbbfc4e34b88a37e914d87b8d38bd4b17215d8eac,"{""ルート検索"": ""検索"", ""住所"": ""天草市東町 3"", ""市町村"": ""天草市"", ""混雑状況"": ""平常"", ""避難所名"": ""天草市民センター"", ""開設状況"": ""開設""}",unmatched,no_candidate,,0,,,,,,,,,,,[],,[],[],reference/43000_1.csv,dd6686fa000c3e720180ba96d02aacff987aec1bba3c9bc69a5867fc0089d10d
2026-07-31,2026-07-31T01:44:34+09:00,26/07/31 01:44時点の避難所状況の一覧です。,2026-07-31T01:44+09:00,web:9bf092aa4fe4a1ed18c5,9bf092aa4fe4a1ed18c5,天草市,宮南地区コミュニティセンター,開設,true,平常,,天草市新和町小宮地 10821-1,検索,,,,,https://portal.bousai.pref.kumamoto.jp/sp.html?p=evacuation%2Fshelter&l=15-0&ll=32.63819999999999%2C130.77610000000004&z=9&municipalityCd=430005,66fe5b0d54a3f2ecbd5a156d4444ada1ecc2e2f81b05e45deec3d746ecacde69,"{""ルート検索"": ""検索"", ""住所"": ""天草市新和町小宮地 10821-1"", ""市町村"": ""天草市"", ""混雑状況"": ""平常"", ""避難所名"": ""宮南地区コミュニティセンター"", ""開設状況"": ""開設""}",unmatched,fuzzy_below_threshold,0.857,0,,,,,,,,,,,[],,[],"[{""NO"": ""1091"", ""その他市町村長が必要と認める事項"": """", ""住所"": ""熊本県天草市新和町大宮地4275-1"", ""備考"": """", ""共通ID"": ""E4321500127111"", ""受入対象者"": """", ""指定緊急避難場所との住所同一"": ""1"", ""施設・場所名"": ""大宮地地区コミュニティセンター"", ""経度"": ""130.17352812433"", ""緯度"": ""32.390500221112""}, {""NO"": ""1054"", ""その他市町村長が必要と認める事項"": """", ""住所"": ""熊本県天草市五和町御領6692-1"", ""備考"": """", ""共通ID"": ""E4321500060121"", ""受入対象者"": ""要配慮者"", ""指定緊急避難場所との住所同一"": ""1"", ""施設・場所名"": ""御領地区コミュニティセンター"", ""経度"": ""130.18888259453"", ""緯度"": ""32.517830538891""}, {""NO"": ""1136"", ""その他市町村長が必要と認める事項"": """", ""住所"": ""熊本県天草市天草町高浜南501-1"", ""備考"": """", ""共通ID"": ""E4321500202121"", ""受入対象者"": ""要配慮者"", ""指定緊急避難場所との住所同一"": ""1"", ""施設・場所名"": ""高浜地区コミュニティセンター"", ""経度"": ""129.9975277"", ""緯度"": ""32.37838933""}]",reference/43000_1.csv,dd6686fa000c3e720180ba96d02aacff987aec1bba3c9bc69a5867fc0089d10d
2026-07-31,2026-07-31T01:44:34+09:00,26/07/31 01:44時点の避難所状況の一覧です。,2026-07-31T01:44+09:00,web:2a1c5a3cfe8332492c5b,2a1c5a3cfe8332492c5b,天草市,宮田地区コミュニティセンター,開設,true,平常,,天草市倉岳町宮田 1327-1,検索,,,,,https://portal.bousai.pref.kumamoto.jp/sp.html?p=evacuation%2Fshelter&l=15-0&ll=32.63819999999999%2C130.77610000000004&z=9&municipalityCd=430005,3580bad25f12a9e569481e6bd9e0fa7fd6f56a532de66d3f2e09143f630d4d9d,"{""ルート検索"": ""検索"", ""住所"": ""天草市倉岳町宮田 1327-1"", ""市町村"": ""天草市"", ""混雑状況"": ""平常"", ""避難所名"": ""宮田地区コミュニティセンター"", ""開設状況"": ""開設""}",unmatched,fuzzy_below_threshold,0.841,0,,,,,,,,,,,[],,[],"[{""NO"": ""1091"", ""その他市町村長が必要と認める事項"": """", ""住所"": ""熊本県天草市新和町大宮地4275-1"", ""備考"": """", ""共通ID"": ""E4321500127111"", ""受入対象者"": """", ""指定緊急避難場所との住所同一"": ""1"", ""施設・場所名"": ""大宮地地区コミュニティセンター"", ""経度"": ""130.17352812433"", ""緯度"": ""32.390500221112""}, {""NO"": ""1133"", ""その他市町村長が必要と認める事項"": """", ""住所"": ""熊本県天草市天草町下田北534-1"", ""備考"": """", ""共通ID"": ""E4321500199111"", ""受入対象者"": """", ""指定緊急避難場所との住所同一"": ""1"", ""施設・場所名"": ""下田北地区コミュニティセンター"", ""経度"": ""130.0137819"", ""緯度"": ""32.42497725""}, {""NO"": ""1126"", ""その他市町村長が必要と認める事項"": """", ""住所"": ""熊本県天草市倉岳町棚底1786-4"", ""備考"": """", ""共通ID"": ""E4321500185111"", ""受入対象者"": """", ""指定緊急避難場所との住所同一"": """", ""施設・場所名"": ""棚底地区コミュニティセンター"", ""経度"": ""130.3438864"", ""緯度"": ""32.41067919""}]",reference/43000_1.csv,dd6686fa000c3e720180ba96d02aacff987aec1bba3c9bc69a5867fc0089d10d
2026-07-31,2026-07-31T01:44:34+09:00,26/07/31 01:44時点の避難所状況の一覧です。,2026-07-31T01:44+09:00,web:d232697bd9411d5c5871,d232697bd9411d5c5871,天草市,宮野河内地区コミュニティセンター,開設,true,平常,,天草市河浦町宮野河内337-6,検索,,,,,https://portal.bousai.pref.kumamoto.jp/sp.html?p=evacuation%2Fshelter&l=15-0&ll=32.63819999999999%2C130.77610000000004&z=9&municipalityCd=430005,9bf8cfe486dbbe3559da3e691b117b0031bc94cc6c1948ae957f3a36a56e35f2,"{""ルート検索"": ""検索"", ""住所"": ""天草市河浦町宮野河内337-6"", ""市町村"": ""天草市"", ""混雑状況"": ""平常"", ""避難所名"": ""宮野河内地区コミュニティセンター"", ""開設状況"": ""開設""}",unmatched,fuzzy_below_threshold,0.763,0,,,,,,,,,,,[],,[],"[{""NO"": ""1091"", ""その他市町村長が必要と認める事項"": """", ""住所"": ""熊本県天草市新和町大宮地4275-1"", ""備考"": """", ""共通ID"": ""E4321500127111"", ""受入対象者"": """", ""指定緊急避難場所との住所同一"": ""1"", ""施設・場所名"": ""大宮地地区コミュニティセンター"", ""経度"": ""130.17352812433"", ""緯度"": ""32.390500221112""}]",reference/43000_1.csv,dd6686fa000c3e720180ba96d02aacff987aec1bba3c9bc69a5867fc0089d10d
2026-07-31,2026-07-31T01:44:34+09:00,26/07/31 01:44時点の避難所状況の一覧です。,2026-07-31T01:44+09:00,web:9ca1949a4012e9530591,9ca1949a4012e9530591,天草市,富津地区コミュニティセンター,開設,true,平常,,天草市河浦町﨑津 1117-2,検索,,,,,https://portal.bousai.pref.kumamoto.jp/sp.html?p=evacuation%2Fshelter&l=15-0&ll=32.63819999999999%2C130.77610000000004&z=9&municipalityCd=430005,7a8be82f43ef29c754904b65080bafc2d7ed3084bd5609876dc1f8c147ab6c8f,"{""ルート検索"": ""検索"", ""住所"": ""天草市河浦町﨑津 1117-2"", ""市町村"": ""天草市"", ""混雑状況"": ""平常"", ""避難所名"": ""富津地区コミュニティセンター"", ""開設状況"": ""開設""}",unmatched,fuzzy_below_threshold,0.795,0,,,,,,,,,,,[],,[],"[{""NO"": ""1041"", ""その他市町村長が必要と認める事項"": """", ""住所"": ""熊本県天草市牛深町122-2"", ""備考"": """", ""共通ID"": ""E4321500276121"", ""受入対象者"": ""要配慮者"", ""指定緊急避難場所との住所同一"": """", ""施設・場所名"": ""牛深地区コミュニティセンター"", ""経度"": ""130.025668"", ""緯度"": ""32.195712""}, {""NO"": ""1049"", ""その他市町村長が必要と認める事項"": """", ""住所"": ""熊本県天草市魚貫町2129"", ""備考"": """", ""共通ID"": ""E4321500050111"", ""受入対象者"": """", ""指定緊急避難場所との住所同一"": """", ""施設・場所名"": ""魚貫地区コミュニティセンター"", ""経度"": ""130.0109142"", ""緯度"": ""32.23957339""}, {""NO"": ""1126"", ""その他市町村長が必要と認める事項"": """", ""住所"": ""熊本県天草市倉岳町棚底1786-4"", ""備考"": """", ""共通ID"": ""E4321500185111"", ""受入対象者"": """", ""指定緊急避難場所との住所同一"": """", ""施設・場所名"": ""棚底地区コミュニティセンター"", ""経度"": ""130.3438864"", ""緯度"": ""32.41067919""}]",reference/43000_1.csv,dd6686fa000c3e720180ba96d02aacff987aec1bba3c9bc69a5867fc0089d10d
2026-07-31,2026-07-31T01:44:34+09:00,26/07/31 01:44時点の避難所状況の一覧です。,2026-07-31T01:44+09:00,web:85f56695653aada74623,85f56695653aada74623,天草市,小宮地地区コミュニティセンター,開設,true,平常,,天草市新和町小宮地 669-1,検索,,,,,https://portal.bousai.pref.kumamoto.jp/sp.html?p=evacuation%2Fshelter&l=15-0&ll=32.63819999999999%2C130.77610000000004&z=9&municipalityCd=430005,e22e849c5c45df8fb7cdaa6ba9a8cd4bb43e80dffd3d23ff9297854b8da77783,"{""ルート検索"": ""検索"", ""住所"": ""天草市新和町小宮地 669-1"", ""市町村"": ""天草市"", ""混雑状況"": ""平常"", ""避難所名"": ""小宮地地区コミュニティセンター"", ""開設状況"": ""開設""}",unmatched,fuzzy_below_threshold,0.886,0,,,,,,,,,,,[],,[],"[{""NO"": ""1091"", ""その他市町村長が必要と認める事項"": """", ""住所"": ""熊本県天草市新和町大宮地4275-1"", ""備考"": """", ""共通ID"": ""E4321500127111"", ""受入対象者"": """", ""指定緊急避難場所との住所同一"": ""1"", ""施設・場所名"": ""大宮地地区コミュニティセンター"", ""経度"": ""130.17352812433"", ""緯度"": ""32.390500221112""}, {""NO"": ""1054"", ""その他市町村長が必要と認める事項"": """", ""住所"": ""熊本県天草市五和町御領6692-1"", ""備考"": """", ""共通ID"": ""E4321500060121"", ""受入対象者"": ""要配慮者"", ""指定緊急避難場所との住所同一"": ""1"", ""施設・場所名"": ""御領地区コミュニティセンター"", ""経度"": ""130.18888259453"", ""緯度"": ""32.517830538891""}, {""NO"": ""1076"", ""その他市町村長が必要と認める事項"": """", ""住所"": ""熊本県天草市御所浦町牧島625-7"", ""備考"": """", ""共通ID"": ""E4321500102111"", ""受入対象者"": """", ""指定緊急避難場所との住所同一"": """", ""施設・場所名"": ""牧島地区コミュニティセンター"", ""経度"": ""130.3279952"", ""緯度"": ""32.3474935""}]",reference/43000_1.csv,dd6686fa000c3e720180ba96d02aacff987aec1bba3c9bc69a5867fc0089d10d
2026-07-31,2026-07-31T01:44:34+09:00,26/07/31 01:44時点の避難所状況の一覧です。,2026-07-31T01:44+09:00,web:7660df5b9bbf9b7a3204,7660df5b9bbf9b7a3204,天草市,島子地区コミュニティセンター,開設,true,平常,,天草市有明町大島子2669,検索,,,,,https://portal.bousai.pref.kumamoto.jp/sp.html?p=evacuation%2Fshelter&l=15-0&ll=32.63819999999999%2C130.77610000000004&z=9&municipalityCd=430005,3ce23b666ec01d11f53b400c74ac2d74ab5d803b66ef3e79f095744f4c4fd565,"{""ルート検索"": ""検索"", ""住所"": ""天草市有明町大島子2669"", ""市町村"": ""天草市"", ""混雑状況"": ""平常"", ""避難所名"": ""島子地区コミュニティセンター"", ""開設状況"": ""開設""}",unmatched,fuzzy_below_threshold,0.837,0,,,,,,,,,,,[],,[],"[{""NO"": ""1076"", ""その他市町村長が必要と認める事項"": """", ""住所"": ""熊本県天草市御所浦町牧島625-7"", ""備考"": """", ""共通ID"": ""E4321500102111"", ""受入対象者"": """", ""指定緊急避難場所との住所同一"": """", ""施設・場所名"": ""牧島地区コミュニティセンター"", ""経度"": ""130.3279952"", ""緯度"": ""32.3474935""}, {""NO"": ""1049"", ""その他市町村長が必要と認める事項"": """", ""住所"": ""熊本県天草市魚貫町2129"", ""備考"": """", ""共通ID"": ""E4321500050111"", ""受入対象者"": """", ""指定緊急避難場所との住所同一"": """", ""施設・場所名"": ""魚貫地区コミュニティセンター"", ""経度"": ""130.0109142"", ""緯度"": ""32.23957339""}, {""NO"": ""1054"", ""その他市町村長が必要と認める事項"": """", ""住所"": ""熊本県天草市五和町御領6692-1"", ""備考"": """", ""共通ID"": ""E4321500060121"", ""受入対象者"": ""要配慮者"", ""指定緊急避難場所との住所同一"": ""1"", ""施設・場所名"": ""御領地区コミュニティセンター"", ""経度"": ""130.18888259453"", ""緯度"": ""32.517830538891""}]",reference/43000_1.csv,dd6686fa000c3e720180ba96d02aacff987aec1bba3c9bc69a5867fc0089d10d
2026-07-31,2026-07-31T01:44:34+09:00,26/07/31 01:44時点の避難所状況の一覧です。,2026-07-31T01:44+09:00,web:02bdb832691c0fd6cc77,02bdb832691c0fd6cc77,天草市,市天草支所,開設,true,平常,,天草市天草町高浜南 488-1,検索,,,,,https://portal.bousai.pref.kumamoto.jp/sp.html?p=evacuation%2Fshelter&l=15-0&ll=32.63819999999999%2C130.77610000000004&z=9&municipalityCd=430005,9cceeb5461ce66cc835174685c9e8a8c01ad7ac46bcfc69b45eef2cb20683f39,"{""ルート検索"": ""検索"", ""住所"": ""天草市天草町高浜南 488-1"", ""市町村"": ""天草市"", ""混雑状況"": ""平常"", ""避難所名"": ""市天草支所"", ""開設状況"": ""開設""}",unmatched,no_candidate,,0,,,,,,,,,,,[],,[],[],reference/43000_1.csv,dd6686fa000c3e720180ba96d02aacff987aec1bba3c9bc69a5867fc0089d10d
2026-07-31,2026-07-31T01:44:34+09:00,26/07/31 01:44時点の避難所状況の一覧です。,2026-07-31T01:44+09:00,web:1055a7d6968ccd950988,1055a7d6968ccd950988,天草市,市御所浦支所,開設,true,平常,,熊本県天草市御所浦町御所浦3527,検索,,,,,https://portal.bousai.pref.kumamoto.jp/sp.html?p=evacuation%2Fshelter&l=15-0&ll=32.63819999999999%2C130.77610000000004&z=9&municipalityCd=430005,70f4eba4b6ddcc6b5690ab5282ea46f190318bf040d6c130da023462ed3c0933,"{""ルート検索"": ""検索"", ""住所"": ""熊本県天草市御所浦町御所浦3527"", ""市町村"": ""天草市"", ""混雑状況"": ""平常"", ""避難所名"": ""市御所浦支所"", ""開設状況"": ""開設""}",unmatched,no_candidate,,0,,,,,,,,,,,[],,[],[],reference/43000_1.csv,dd6686fa000c3e720180ba96d02aacff987aec1bba3c9bc69a5867fc0089d10d
2026-07-31,2026-07-31T01:44:34+09:00,26/07/31 01:44時点の避難所状況の一覧です。,2026-07-31T01:44+09:00,web:b86a38b5f389ddb0270b,b86a38b5f389ddb0270b,天草市,市栖本支所,開設,true,平常,,天草市栖本町馬場 179,検索,,,,,https://portal.bousai.pref.kumamoto.jp/sp.html?p=evacuation%2Fshelter&l=15-0&ll=32.63819999999999%2C130.77610000000004&z=9&municipalityCd=430005,ec3b6335e73ca4ca097db184cb5ebaea6bca188164e0d12e6971981e271a7ec0,"{""ルート検索"": ""検索"", ""住所"": ""天草市栖本町馬場 179"", ""市町村"": ""天草市"", ""混雑状況"": ""平常"", ""避難所名"": ""市栖本支所"", ""開設状況"": ""開設""}",unmatched,no_candidate,,0,,,,,,,,,,,[],,[],[],reference/43000_1.csv,dd6686fa000c3e720180ba96d02aacff987aec1bba3c9bc69a5867fc0089d10d
2026-07-31,2026-07-31T01:44:34+09:00,26/07/31 01:44時点の避難所状況の一覧です。,2026-07-31T01:44+09:00,web:bdaf5fd9ebb26ea73d8b,bdaf5fd9ebb26ea73d8b,天草市,市河浦支所,開設,true,平常,,天草市河浦町河浦 5253,検索,,,,,https://portal.bousai.pref.kumamoto.jp/sp.html?p=evacuation%2Fshelter&l=15-0&ll=32.63819999999999%2C130.77610000000004&z=9&municipalityCd=430005,55820a8e47c6f1a88800c44819f001c9c572a41f785b838c9111448c56bedd36,"{""ルート検索"": ""検索"", ""住所"": ""天草市河浦町河浦 5253"", ""市町村"": ""天草市"", ""混雑状況"": ""平常"", ""避難所名"": ""市河浦支所"", ""開設状況"": ""開設""}",unmatched,no_candidate,,0,,,,,,,,,,,[],,[],[],reference/43000_1.csv,dd6686fa000c3e720180ba96d02aacff987aec1bba3c9bc69a5867fc0089d10d
2026-07-31,2026-07-31T01:44:34+09:00,26/07/31 01:44時点の避難所状況の一覧です。,2026-07-31T01:44+09:00,web:8700ae4060074dc01491,8700ae4060074dc01491,天草市,御所浦交流センター,開設,true,平常,,天草市御所浦町御所浦 5875-2,検索,,,,,https://portal.bousai.pref.kumamoto.jp/sp.html?p=evacuation%2Fshelter&l=15-0&ll=32.63819999999999%2C130.77610000000004&z=9&municipalityCd=430005,8c2e2b09a90dbc36627102738fc012e1879fb48d98b9be59288d4c46ad2d2d64,"{""ルート検索"": ""検索"", ""住所"": ""天草市御所浦町御所浦 5875-2"", ""市町村"": ""天草市"", ""混雑状況"": ""平常"", ""避難所名"": ""御所浦交流センター"", ""開設状況"": ""開設""}",unmatched,no_candidate,,0,,,,,,,,,,,[],,[],[],reference/43000_1.csv,dd6686fa000c3e720180ba96d02aacff987aec1bba3c9bc69a5867fc0089d10d
2026-07-31,2026-07-31T01:44:34+09:00,26/07/31 01:44時点の避難所状況の一覧です。,2026-07-31T01:44+09:00,web:6ae9986106e91934a5c1,6ae9986106e91934a5c1,天草市,御所浦北地区コミュニティセンター,開設,true,平常,,天草市御所浦町横浦 383-6,検索,,,,,https://portal.bousai.pref.kumamoto.jp/sp.html?p=evacuation%2Fshelter&l=15-0&ll=32.63819999999999%2C130.77610000000004&z=9&municipalityCd=430005,1314b66810bda724a334780f6dddeb932a85dedb6716fddcff3acc08ad4ff0ef,"{""ルート検索"": ""検索"", ""住所"": ""天草市御所浦町横浦 383-6"", ""市町村"": ""天草市"", ""混雑状況"": ""平常"", ""避難所名"": ""御所浦北地区コミュニティセンター"", ""開設状況"": ""開設""}",unmatched,fuzzy_below_threshold,0.767,0,,,,,,,,,,,[],,[],"[{""NO"": ""1054"", ""その他市町村長が必要と認める事項"": """", ""住所"": ""熊本県天草市五和町御領6692-1"", ""備考"": """", ""共通ID"": ""E4321500060121"", ""受入対象者"": ""要配慮者"", ""指定緊急避難場所との住所同一"": ""1"", ""施設・場所名"": ""御領地区コミュニティセンター"", ""経度"": ""130.18888259453"", ""緯度"": ""32.517830538891""}, {""NO"": ""1133"", ""その他市町村長が必要と認める事項"": """", ""住所"": ""熊本県天草市天草町下田北534-1"", ""備考"": """", ""共通ID"": ""E4321500199111"", ""受入対象者"": """", ""指定緊急避難場所との住所同一"": ""1"", ""施設・場所名"": ""下田北地区コミュニティセンター"", ""経度"": ""130.0137819"", ""緯度"": ""32.42497725""}]",reference/43000_1.csv,dd6686fa000c3e720180ba96d02aacff987aec1bba3c9bc69a5867fc0089d10d
2026-07-31,2026-07-31T01:44:34+09:00,26/07/31 01:44時点の避難所状況の一覧です。,2026-07-31T01:44+09:00,web:f732297c0534a2a3a814,f732297c0534a2a3a814,天草市,御所浦診療所,開設,true,平常,,天草市御所浦町御所浦 2081-13,検索,,,,,https://portal.bousai.pref.kumamoto.jp/sp.html?p=evacuation%2Fshelter&l=15-0&ll=32.63819999999999%2C130.77610000000004&z=9&municipalityCd=430005,97e48982af439e463342a4edaf408a54540c48e98ea1d5e6a4a98e341439a39a,"{""ルート検索"": ""検索"", ""住所"": ""天草市御所浦町御所浦 2081-13"", ""市町村"": ""天草市"", ""混雑状況"": ""平常"", ""避難所名"": ""御所浦診療所"", ""開設状況"": ""開設""}",unmatched,no_candidate,,0,,,,,,,,,,,[],,[],[],reference/43000_1.csv,dd6686fa000c3e720180ba96d02aacff987aec1bba3c9bc69a5867fc0089d10d
2026-07-31,2026-07-31T01:44:34+09:00,26/07/31 01:44時点の避難所状況の一覧です。,2026-07-31T01:44+09:00,web:ec9a3008f7789eeaa8fd,ec9a3008f7789eeaa8fd,天草市,手野地区コミュニティセンター,開設,true,平常,,天草市五和町手野一丁目 3768-3,検索,,,,,https://portal.bousai.pref.kumamoto.jp/sp.html?p=evacuation%2Fshelter&l=15-0&ll=32.63819999999999%2C130.77610000000004&z=9&municipalityCd=430005,1f14571e1eaad64d9cd1c4036c8d3024328e50b6fca9699bfb8b8dc65da20a0b,"{""ルート検索"": ""検索"", ""住所"": ""天草市五和町手野一丁目 3768-3"", ""市町村"": ""天草市"", ""混雑状況"": ""平常"", ""避難所名"": ""手野地区コミュニティセンター"", ""開設状況"": ""開設""}",unmatched,fuzzy_below_threshold,0.787,0,,,,,,,,,,,[],,[],"[{""NO"": ""1054"", ""その他市町村長が必要と認める事項"": """", ""住所"": ""熊本県天草市五和町御領6692-1"", ""備考"": """", ""共通ID"": ""E4321500060121"", ""受入対象者"": ""要配慮者"", ""指定緊急避難場所との住所同一"": ""1"", ""施設・場所名"": ""御領地区コミュニティセンター"", ""経度"": ""130.18888259453"", ""緯度"": ""32.517830538891""}, {""NO"": ""1126"", ""その他市町村長が必要と認める事項"": """", ""住所"": ""熊本県天草市倉岳町棚底1786-4"", ""備考"": """", ""共通ID"": ""E4321500185111"", ""受入対象者"": """", ""指定緊急避難場所との住所同一"": """", ""施設・場所名"": ""棚底地区コミュニティセンター"", ""経度"": ""130.3438864"", ""緯度"": ""32.41067919""}, {""NO"": ""1041"", ""その他市町村長が必要と認める事項"": """", ""住所"": ""熊本県天草市牛深町122-2"", ""備考"": """", ""共通ID"": ""E4321500276121"", ""受入対象者"": ""要配慮者"", ""指定緊急避難場所との住所同一"": """", ""施設・場所名"": ""牛深地区コミュニティセンター"", ""経度"": ""130.025668"", ""緯度"": ""32.195712""}]",reference/43000_1.csv,dd6686fa000c3e720180ba96d02aacff987aec1bba3c9bc69a5867fc0089d10d
2026-07-31,2026-07-31T01:44:34+09:00,26/07/31 01:44時点の避難所状況の一覧です。,2026-07-31T01:44+09:00,web:e21456c52016af4e6f13,e21456c52016af4e6f13,天草市,新合地区コミュニティセンター,開設,true,平常,,天草市河浦町新合 2004-1,検索,,,,,https://portal.bousai.pref.kumamoto.jp/sp.html?p=evacuation%2Fshelter&l=15-0&ll=32.63819999999999%2C130.77610000000004&z=9&municipalityCd=430005,ce1d8f427bb6292bcfe140561f60067621d8374aa25d38eaf101d1a17b0a2871,"{""ルート検索"": ""検索"", ""住所"": ""天草市河浦町新合 2004-1"", ""市町村"": ""天草市"", ""混雑状況"": ""平常"", ""避難所名"": ""新合地区コミュニティセンター"", ""開設状況"": ""開設""}",unmatched,fuzzy_below_threshold,0.784,0,,,,,,,,,,,[],,[],"[{""NO"": ""1049"", ""その他市町村長が必要と認める事項"": """", ""住所"": ""熊本県天草市魚貫町2129"", ""備考"": """", ""共通ID"": ""E4321500050111"", ""受入対象者"": """", ""指定緊急避難場所との住所同一"": """", ""施設・場所名"": ""魚貫地区コミュニティセンター"", ""経度"": ""130.0109142"", ""緯度"": ""32.23957339""}, {""NO"": ""1054"", ""その他市町村長が必要と認める事項"": """", ""住所"": ""熊本県天草市五和町御領6692-1"", ""備考"": """", ""共通ID"": ""E4321500060121"", ""受入対象者"": ""要配慮者"", ""指定緊急避難場所との住所同一"": ""1"", ""施設・場所名"": ""御領地区コミュニティセンター"", ""経度"": ""130.18888259453"", ""緯度"": ""32.517830538891""}, {""NO"": ""1076"", ""その他市町村長が必要と認める事項"": """", ""住所"": ""熊本県天草市御所浦町牧島625-7"", ""備考"": """", ""共通ID"": ""E4321500102111"", ""受入対象者"": """", ""指定緊急避難場所との住所同一"": """", ""施設・場所名"": ""牧島地区コミュニティセンター"", ""経度"": ""130.3279952"", ""緯度"": ""32.3474935""}]",reference/43000_1.csv,dd6686fa000c3e720180ba96d02aacff987aec1bba3c9bc69a5867fc0089d10d
2026-07-31,2026-07-31T01:44:34+09:00,26/07/31 01:44時点の避難所状況の一覧です。,2026-07-31T01:44+09:00,web:146e99abec4ebfe4e970,146e99abec4ebfe4e970,天草市,本町地区コミュニティセンター,開設,true,平常,,天草市本町本 832,検索,,,,,https://portal.bousai.pref.kumamoto.jp/sp.html?p=evacuation%2Fshelter&l=15-0&ll=32.63819999999999%2C130.77610000000004&z=9&municipalityCd=430005,d7fd9dcc672469917ce02873f1a408293584be3f1a4ba3d1f14403f641c5dbd2,"{""ルート検索"": ""検索"", ""住所"": ""天草市本町本 832"", ""市町村"": ""天草市"", ""混雑状況"": ""平常"", ""避難所名"": ""本町地区コミュニティセンター"", ""開設状況"": ""開設""}",unmatched,fuzzy_below_threshold,0.789,0,,,,,,,,,,,[],,[],"[{""NO"": ""1049"", ""その他市町村長が必要と認める事項"": """", ""住所"": ""熊本県天草市魚貫町2129"", ""備考"": """", ""共通ID"": ""E4321500050111"", ""受入対象者"": """", ""指定緊急避難場所との住所同一"": """", ""施設・場所名"": ""魚貫地区コミュニティセンター"", ""経度"": ""130.0109142"", ""緯度"": ""32.23957339""}, {""NO"": ""1041"", ""その他市町村長が必要と認める事項"": """", ""住所"": ""熊本県天草市牛深町122-2"", ""備考"": """", ""共通ID"": ""E4321500276121"", ""受入対象者"": ""要配慮者"", ""指定緊急避難場所との住所同一"": """", ""施設・場所名"": ""牛深地区コミュニティセンター"", ""経度"": ""130.025668"", ""緯度"": ""32.195712""}, {""NO"": ""1054"", ""その他市町村長が必要と認める事項"": """", ""住所"": ""熊本県天草市五和町御領6692-1"", ""備考"": """", ""共通ID"": ""E4321500060121"", ""受入対象者"": ""要配慮者"", ""指定緊急避難場所との住所同一"": ""1"", ""施設・場所名"": ""御領地区コミュニティセンター"", ""経度"": ""130.18888259453"", ""緯度"": ""32.517830538891""}]",reference/43000_1.csv,dd6686fa000c3e720180ba96d02aacff987aec1bba3c9bc69a5867fc0089d10d
2026-07-31,2026-07-31T01:44:34+09:00,26/07/31 01:44時点の避難所状況の一覧です。,2026-07-31T01:44+09:00,web:cf493c040a3bbb7fbe8f,cf493c040a3bbb7fbe8f,天草市,栖本地区コミュニティセンター,開設,true,平常,,天草市栖本町河内 4414-1,検索,,,,,https://portal.bousai.pref.kumamoto.jp/sp.html?p=evacuation%2Fshelter&l=15-0&ll=32.63819999999999%2C130.77610000000004&z=9&municipalityCd=430005,45fc208f8163f07e148afb3234b4a43d671711f99c416766167d0ad6c8eeb82b,"{""ルート検索"": ""検索"", ""住所"": ""天草市栖本町河内 4414-1"", ""市町村"": ""天草市"", ""混雑状況"": ""平常"", ""避難所名"": ""栖本地区コミュニティセンター"", ""開設状況"": ""開設""}",unmatched,fuzzy_below_threshold,0.784,0,,,,,,,,,,,[],,[],"[{""NO"": ""1136"", ""その他市町村長が必要と認める事項"": """", ""住所"": ""熊本県天草市天草町高浜南501-1"", ""備考"": """", ""共通ID"": ""E4321500202121"", ""受入対象者"": ""要配慮者"", ""指定緊急避難場所との住所同一"": ""1"", ""施設・場所名"": ""高浜地区コミュニティセンター"", ""経度"": ""129.9975277"", ""緯度"": ""32.37838933""}, {""NO"": ""1041"", ""その他市町村長が必要と認める事項"": """", ""住所"": ""熊本県天草市牛深町122-2"", ""備考"": """", ""共通ID"": ""E4321500276121"", ""受入対象者"": ""要配慮者"", ""指定緊急避難場所との住所同一"": """", ""施設・場所名"": ""牛深地区コミュニティセンター"", ""経度"": ""130.025668"", ""緯度"": ""32.195712""}, {""NO"": ""1054"", ""その他市町村長が必要と認める事項"": """", ""住所"": ""熊本県天草市五和町御領6692-1"", ""備考"": """", ""共通ID"": ""E4321500060121"", ""受入対象者"": ""要配慮者"", ""指定緊急避難場所との住所同一"": ""1"", ""施設・場所名"": ""御領地区コミュニティセンター"", ""経度"": ""130.18888259453"", ""緯度"": ""32.517830538891""}]",reference/43000_1.csv,dd6686fa000c3e720180ba96d02aacff987aec1bba3c9bc69a5867fc0089d10d
2026-07-31,2026-07-31T01:44:34+09:00,26/07/31 01:44時点の避難所状況の一覧です。,2026-07-31T01:44+09:00,web:f674e88b9cc1931a8ab3,f674e88b9cc1931a8ab3,天草市,楠甫地区コミュニティセンター,開設,true,平常,,天草市有明町楠甫 4629-7,検索,,,,,https://portal.bousai.pref.kumamoto.jp/sp.html?p=evacuation%2Fshelter&l=15-0&ll=32.63819999999999%2C130.77610000000004&z=9&municipalityCd=430005,813ef4e48dd43f773ba015674047efd0e52d906cccc5e04e4bb0613048935a1c,"{""ルート検索"": ""検索"", ""住所"": ""天草市有明町楠甫 4629-7"", ""市町村"": ""天草市"", ""混雑状況"": ""平常"", ""避難所名"": ""楠甫地区コミュニティセンター"", ""開設状況"": ""開設""}",unmatched,fuzzy_below_threshold,0.797,0,,,,,,,,,,,[],,[],"[{""NO"": ""1076"", ""その他市町村長が必要と認める事項"": """", ""住所"": ""熊本県天草市御所浦町牧島625-7"", ""備考"": """", ""共通ID"": ""E4321500102111"", ""受入対象者"": """", ""指定緊急避難場所との住所同一"": """", ""施設・場所名"": ""牧島地区コミュニティセンター"", ""経度"": ""130.3279952"", ""緯度"": ""32.3474935""}, {""NO"": ""1049"", ""その他市町村長が必要と認める事項"": """", ""住所"": ""熊本県天草市魚貫町2129"", ""備考"": """", ""共通ID"": ""E4321500050111"", ""受入対象者"": """", ""指定緊急避難場所との住所同一"": """", ""施設・場所名"": ""魚貫地区コミュニティセンター"", ""経度"": ""130.0109142"", ""緯度"": ""32.23957339""}, {""NO"": ""1054"", ""その他市町村長が必要と認める事項"": """", ""住所"": ""熊本県天草市五和町御領6692-1"", ""備考"": """", ""共通ID"": ""E4321500060121"", ""受入対象者"": ""要配慮者"", ""指定緊急避難場所との住所同一"": ""1"", ""施設・場所名"": ""御領地区コミュニティセンター"", ""経度"": ""130.18888259453"", ""緯度"": ""32.517830538891""}]",reference/43000_1.csv,dd6686fa000c3e720180ba96d02aacff987aec1bba3c9bc69a5867fc0089d10d
2026-07-31,2026-07-31T01:44:34+09:00,26/07/31 01:44時点の避難所状況の一覧です。,2026-07-31T01:44+09:00,web:53fa579853f8876d5401,53fa579853f8876d5401,天草市,浦地区コミュニティセンター,開設,true,平常,,天草市倉岳町浦 3089-1,検索,,,,,https://portal.bousai.pref.kumamoto.jp/sp.html?p=evacuation%2Fshelter&l=15-0&ll=32.63819999999999%2C130.77610000000004&z=9&municipalityCd=430005,1ef4ac8423d4b9d7f51ca1648da86b53adb5aa3dd222e1ba8c7db7649426c569,"{""ルート検索"": ""検索"", ""住所"": ""天草市倉岳町浦 3089-1"", ""市町村"": ""天草市"", ""混雑状況"": ""平常"", ""避難所名"": ""浦地区コミュニティセンター"", ""開設状況"": ""開設""}",unmatched,fuzzy_below_threshold,0.828,0,,,,,,,,,,,[],,[],"[{""NO"": ""1126"", ""その他市町村長が必要と認める事項"": """", ""住所"": ""熊本県天草市倉岳町棚底1786-4"", ""備考"": """", ""共通ID"": ""E4321500185111"", ""受入対象者"": """", ""指定緊急避難場所との住所同一"": """", ""施設・場所名"": ""棚底地区コミュニティセンター"", ""経度"": ""130.3438864"", ""緯度"": ""32.41067919""}, {""NO"": ""1054"", ""その他市町村長が必要と認める事項"": """", ""住所"": ""熊本県天草市五和町御領6692-1"", ""備考"": """", ""共通ID"": ""E4321500060121"", ""受入対象者"": ""要配慮者"", ""指定緊急避難場所との住所同一"": ""1"", ""施設・場所名"": ""御領地区コミュニティセンター"", ""経度"": ""130.18888259453"", ""緯度"": ""32.517830538891""}, {""NO"": ""1136"", ""その他市町村長が必要と認める事項"": """", ""住所"": ""熊本県天草市天草町高浜南501-1"", ""備考"": """", ""共通ID"": ""E4321500202121"", ""受入対象者"": ""要配慮者"", ""指定緊急避難場所との住所同一"": ""1"", ""施設・場所名"": ""高浜地区コミュニティセンター"", ""経度"": ""129.9975277"", ""緯度"": ""32.37838933""}]",reference/43000_1.csv,dd6686fa000c3e720180ba96d02aacff987aec1bba3c9bc69a5867fc0089d10d
2026-07-31,2026-07-31T01:44:34+09:00,26/07/31 01:44時点の避難所状況の一覧です。,2026-07-31T01:44+09:00,web:f1bd1b7a251d1624f125,f1bd1b7a251d1624f125,天草市,深海地区コミュニティセンター,開設,true,平常,,天草市深海町 1842-42,検索,,,,,https://portal.bousai.pref.kumamoto.jp/sp.html?p=evacuation%2Fshelter&l=15-0&ll=32.63819999999999%2C130.77610000000004&z=9&municipalityCd=430005,279e7f5c3cbf3f0d271464d69ab15e1431a27efebcfcb3adb61d3ffcde4b0e94,"{""ルート検索"": ""検索"", ""住所"": ""天草市深海町 1842-42"", ""市町村"": ""天草市"", ""混雑状況"": ""平常"", ""避難所名"": ""深海地区コミュニティセンター"", ""開設状況"": ""開設""}",unmatched,fuzzy_below_threshold,0.892,0,,,,,,,,,,,[],,[],"[{""NO"": ""1041"", ""その他市町村長が必要と認める事項"": """", ""住所"": ""熊本県天草市牛深町122-2"", ""備考"": """", ""共通ID"": ""E4321500276121"", ""受入対象者"": ""要配慮者"", ""指定緊急避難場所との住所同一"": """", ""施設・場所名"": ""牛深地区コミュニティセンター"", ""経度"": ""130.025668"", ""緯度"": ""32.195712""}, {""NO"": ""1126"", ""その他市町村長が必要と認める事項"": """", ""住所"": ""熊本県天草市倉岳町棚底1786-4"", ""備考"": """", ""共通ID"": ""E4321500185111"", ""受入対象者"": """", ""指定緊急避難場所との住所同一"": """", ""施設・場所名"": ""棚底地区コミュニティセンター"", ""経度"": ""130.3438864"", ""緯度"": ""32.41067919""}, {""NO"": ""1049"", ""その他市町村長が必要と認める事項"": """", ""住所"": ""熊本県天草市魚貫町2129"", ""備考"": """", ""共通ID"": ""E4321500050111"", ""受入対象者"": """", ""指定緊急避難場所との住所同一"": """", ""施設・場所名"": ""魚貫地区コミュニティセンター"", ""経度"": ""130.0109142"", ""緯度"": ""32.23957339""}]",reference/43000_1.csv,dd6686fa000c3e720180ba96d02aacff987aec1bba3c9bc69a5867fc0089d10d
2026-07-31,2026-07-31T01:44:34+09:00,26/07/31 01:44時点の避難所状況の一覧です。,2026-07-31T01:44+09:00,web:51fab8e86e066c808c1a,51fab8e86e066c808c1a,天草市,碇石地区コミュニティセンター,開設,true,平常,,天草市新和町碇石 959,検索,,,,,https://portal.bousai.pref.kumamoto.jp/sp.html?p=evacuation%2Fshelter&l=15-0&ll=32.63819999999999%2C130.77610000000004&z=9&municipalityCd=430005,0c5eb2301cbd08bdc39fa91694ba548eb3c91fcec67f77124f2c855a76a416ba,"{""ルート検索"": ""検索"", ""住所"": ""天草市新和町碇石 959"", ""市町村"": ""天草市"", ""混雑状況"": ""平常"", ""避難所名"": ""碇石地区コミュニティセンター"", ""開設状況"": ""開設""}",unmatched,fuzzy_below_threshold,0.780,0,,,,,,,,,,,[],,[],"[{""NO"": ""1054"", ""その他市町村長が必要と認める事項"": """", ""住所"": ""熊本県天草市五和町御領6692-1"", ""備考"": """", ""共通ID"": ""E4321500060121"", ""受入対象者"": ""要配慮者"", ""指定緊急避難場所との住所同一"": ""1"", ""施設・場所名"": ""御領地区コミュニティセンター"", ""経度"": ""130.18888259453"", ""緯度"": ""32.517830538891""}, {""NO"": ""1049"", ""その他市町村長が必要と認める事項"": """", ""住所"": ""熊本県天草市魚貫町2129"", ""備考"": """", ""共通ID"": ""E4321500050111"", ""受入対象者"": """", ""指定緊急避難場所との住所同一"": """", ""施設・場所名"": ""魚貫地区コミュニティセンター"", ""経度"": ""130.0109142"", ""緯度"": ""32.23957339""}, {""NO"": ""1076"", ""その他市町村長が必要と認める事項"": """", ""住所"": ""熊本県天草市御所浦町牧島625-7"", ""備考"": """", ""共通ID"": ""E4321500102111"", ""受入対象者"": """", ""指定緊急避難場所との住所同一"": """", ""施設・場所名"": ""牧島地区コミュニティセンター"", ""経度"": ""130.3279952"", ""緯度"": ""32.3474935""}]",reference/43000_1.csv,dd6686fa000c3e720180ba96d02aacff987aec1bba3c9bc69a5867fc0089d10d
2026-07-31,2026-07-31T01:44:34+09:00,26/07/31 01:44時点の避難所状況の一覧です。,2026-07-31T01:44+09:00,web:e5183aee4b4e8011db6b,e5183aee4b4e8011db6b,天草市,福連木地区コミュニティセンター,開設,true,平常,,天草市天草町福連木 3645-2,検索,,,,,https://portal.bousai.pref.kumamoto.jp/sp.html?p=evacuation%2Fshelter&l=15-0&ll=32.63819999999999%2C130.77610000000004&z=9&municipalityCd=430005,60201684f19a0042430942db62f6d23df84aa380bc16e1bd03366e316ef99711,"{""ルート検索"": ""検索"", ""住所"": ""天草市天草町福連木 3645-2"", ""市町村"": ""天草市"", ""混雑状況"": ""平常"", ""避難所名"": ""福連木地区コミュニティセンター"", ""開設状況"": ""開設""}",unmatched,fuzzy_below_threshold,0.767,0,,,,,,,,,,,[],,[],"[{""NO"": ""1136"", ""その他市町村長が必要と認める事項"": """", ""住所"": ""熊本県天草市天草町高浜南501-1"", ""備考"": """", ""共通ID"": ""E4321500202121"", ""受入対象者"": ""要配慮者"", ""指定緊急避難場所との住所同一"": ""1"", ""施設・場所名"": ""高浜地区コミュニティセンター"", ""経度"": ""129.9975277"", ""緯度"": ""32.37838933""}, {""NO"": ""1076"", ""その他市町村長が必要と認める事項"": """", ""住所"": ""熊本県天草市御所浦町牧島625-7"", ""備考"": """", ""共通ID"": ""E4321500102111"", ""受入対象者"": """", ""指定緊急避難場所との住所同一"": """", ""施設・場所名"": ""牧島地区コミュニティセンター"", ""経度"": ""130.3279952"", ""緯度"": ""32.3474935""}, {""NO"": ""1041"", ""その他市町村長が必要と認める事項"": """", ""住所"": ""熊本県天草市牛深町122-2"", ""備考"": """", ""共通ID"": ""E4321500276121"", ""受入対象者"": ""要配慮者"", ""指定緊急避難場所との住所同一"": """", ""施設・場所名"": ""牛深地区コミュニティセンター"", ""経度"": ""130.025668"", ""緯度"": ""32.195712""}]",reference/43000_1.csv,dd6686fa000c3e720180ba96d02aacff987aec1bba3c9bc69a5867fc0089d10d
2026-07-31,2026-07-31T01:44:34+09:00,26/07/31 01:44時点の避難所状況の一覧です。,2026-07-31T01:44+09:00,web:20f30f4d976c295dd5d1,20f30f4d976c295dd5d1,天草市,複合施設ここらす,開設,true,平常,,天草市浄南町4-15,検索,,,,,https://portal.bousai.pref.kumamoto.jp/sp.html?p=evacuation%2Fshelter&l=15-0&ll=32.63819999999999%2C130.77610000000004&z=9&municipalityCd=430005,0076a41b3464fe7712d7736b459e745ce902e224a232af22d59b7236c7f52885,"{""ルート検索"": ""検索"", ""住所"": ""天草市浄南町4-15"", ""市町村"": ""天草市"", ""混雑状況"": ""平常"", ""避難所名"": ""複合施設ここらす"", ""開設状況"": ""開設""}",unmatched,no_candidate,,0,,,,,,,,,,,[],,[],[],reference/43000_1.csv,dd6686fa000c3e720180ba96d02aacff987aec1bba3c9bc69a5867fc0089d10d
2026-07-31,2026-07-31T01:44:34+09:00,26/07/31 01:44時点の避難所状況の一覧です。,2026-07-31T01:44+09:00,web:bb3ddc9c05220a13d6f6,bb3ddc9c05220a13d6f6,天草市,赤崎地区コミュニティセンター,開設,true,平常,,天草市有明町赤崎 1801-1,検索,,,,,https://portal.bousai.pref.kumamoto.jp/sp.html?p=evacuation%2Fshelter&l=15-0&ll=32.63819999999999%2C130.77610000000004&z=9&municipalityCd=430005,80b202dabf8c1fdd054794429cac246a3ef0fd1125117fc901e41f7781221d87,"{""ルート検索"": ""検索"", ""住所"": ""天草市有明町赤崎 1801-1"", ""市町村"": ""天草市"", ""混雑状況"": ""平常"", ""避難所名"": ""赤崎地区コミュニティセンター"", ""開設状況"": ""開設""}",unmatched,fuzzy_below_threshold,0.797,0,,,,,,,,,,,[],,[],"[{""NO"": ""1136"", ""その他市町村長が必要と認める事項"": """", ""住所"": ""熊本県天草市天草町高浜南501-1"", ""備考"": """", ""共通ID"": ""E4321500202121"", ""受入対象者"": ""要配慮者"", ""指定緊急避難場所との住所同一"": ""1"", ""施設・場所名"": ""高浜地区コミュニティセンター"", ""経度"": ""129.9975277"", ""緯度"": ""32.37838933""}, {""NO"": ""1126"", ""その他市町村長が必要と認める事項"": """", ""住所"": ""熊本県天草市倉岳町棚底1786-4"", ""備考"": """", ""共通ID"": ""E4321500185111"", ""受入対象者"": """", ""指定緊急避難場所との住所同一"": """", ""施設・場所名"": ""棚底地区コミュニティセンター"", ""経度"": ""130.3438864"", ""緯度"": ""32.41067919""}, {""NO"": ""1041"", ""その他市町村長が必要と認める事項"": """", ""住所"": ""熊本県天草市牛深町122-2"", ""備考"": """", ""共通ID"": ""E4321500276121"", ""受入対象者"": ""要配慮者"", ""指定緊急避難場所との住所同一"": """", ""施設・場所名"": ""牛深地区コミュニティセンター"", ""経度"": ""130.025668"", ""緯度"": ""32.195712""}]",reference/43000_1.csv,dd6686fa000c3e720180ba96d02aacff987aec1bba3c9bc69a5867fc0089d10d
2026-07-31,2026-07-31T01:44:34+09:00,26/07/31 01:44時点の避難所状況の一覧です。,2026-07-31T01:44+09:00,web:002fb4abee3c5a856833,002fb4abee3c5a856833,天草市,須子地区コミュニティセンター(大会議室),開設,true,平常,,天草市有明町須子 2082-3,検索,,,,,https://portal.bousai.pref.kumamoto.jp/sp.html?p=evacuation%2Fshelter&l=15-0&ll=32.63819999999999%2C130.77610000000004&z=9&municipalityCd=430005,7427e979cccff727cb495c694c6f741a56b8979e3460c5d1399ed6a1794817a6,"{""ルート検索"": ""検索"", ""住所"": ""天草市有明町須子 2082-3"", ""市町村"": ""天草市"", ""混雑状況"": ""平常"", ""避難所名"": ""須子地区コミュニティセンター(大会議室)"", ""開設状況"": ""開設""}",unmatched,no_candidate,,0,,,,,,,,,,,[],,[],[],reference/43000_1.csv,dd6686fa000c3e720180ba96d02aacff987aec1bba3c9bc69a5867fc0089d10d
2026-07-31,2026-07-31T01:44:34+09:00,26/07/31 01:44時点の避難所状況の一覧です。,2026-07-31T01:44+09:00,web:473ecc0bc49b3f627e2a,473ecc0bc49b3f627e2a,宇土市,椿原公民館,開設,true,不明,,熊本県宇土市椿原町581,検索,,,,,https://portal.bousai.pref.kumamoto.jp/sp.html?p=evacuation%2Fshelter&l=15-0&ll=32.63819999999999%2C130.77610000000004&z=9&municipalityCd=430005,effbcf4bf02c28e2d191215abd2258c100590c36ddf436e34f358abf33a1764f,"{""ルート検索"": ""検索"", ""住所"": ""熊本県宇土市椿原町581"", ""市町村"": ""宇土市"", ""混雑状況"": ""不明"", ""避難所名"": ""椿原公民館"", ""開設状況"": ""開設""}",unmatched,no_candidate,,0,,,,,,,,,,,[],,[],[],reference/43000_1.csv,dd6686fa000c3e720180ba96d02aacff987aec1bba3c9bc69a5867fc0089d10d
2026-07-31,2026-07-31T01:44:34+09:00,26/07/31 01:44時点の避難所状況の一覧です。,2026-07-31T01:44+09:00,web:83719ce40b8ec4c04df0,83719ce40b8ec4c04df0,宇土市,網田コミュニティーセンター,開設,true,平常,,熊本県宇土市下網田町1819番地,検索,,,,,https://portal.bousai.pref.kumamoto.jp/sp.html?p=evacuation%2Fshelter&l=15-0&ll=32.63819999999999%2C130.77610000000004&z=9&municipalityCd=430005,1074a6d2f9cc3366c2394f2aa093db75e3d25809e4bf271a800f77b808db08da,"{""ルート検索"": ""検索"", ""住所"": ""熊本県宇土市下網田町1819番地"", ""市町村"": ""宇土市"", ""混雑状況"": ""平常"", ""避難所名"": ""網田コミュニティーセンター"", ""開設状況"": ""開設""}",unmatched,fuzzy_below_threshold,0.757,0,,,,,,,,,,,[],,[],"[{""NO"": ""146"", ""その他市町村長が必要と認める事項"": """", ""住所"": ""熊本県宇土市古保里町977"", ""備考"": """", ""共通ID"": ""E4321100024111"", ""受入対象者"": """", ""指定緊急避難場所との住所同一"": """", ""施設・場所名"": ""花園コミュニティセンター"", ""経度"": ""130.6833043"", ""緯度"": ""32.67637751""}]",reference/43000_1.csv,dd6686fa000c3e720180ba96d02aacff987aec1bba3c9bc69a5867fc0089d10d
2026-07-31,2026-07-31T01:44:34+09:00,26/07/31 01:44時点の避難所状況の一覧です。,2026-07-31T01:44+09:00,web:d86e52a30a796c564a94,d86e52a30a796c564a94,宇城市,三角防災拠点センター,開設,true,平常,,熊本県宇城市三角町波多619−1,検索,,,,,https://portal.bousai.pref.kumamoto.jp/sp.html?p=evacuation%2Fshelter&l=15-0&ll=32.63819999999999%2C130.77610000000004&z=9&municipalityCd=430005,1b1a29759368b4428c4e884c120985ff1bdc01f7db088f86c58981811ce2aadb,"{""ルート検索"": ""検索"", ""住所"": ""熊本県宇城市三角町波多619−1"", ""市町村"": ""宇城市"", ""混雑状況"": ""平常"", ""避難所名"": ""三角防災拠点センター"", ""開設状況"": ""開設""}",unmatched,fuzzy_below_threshold,0.883,0,,,,,,,,,,,[],,[],"[{""NO"": ""92"", ""その他市町村長が必要と認める事項"": """", ""住所"": ""熊本県宇城市三角町波多619-1"", ""備考"": """", ""共通ID"": ""E4321300007121"", ""受入対象者"": ""要配慮者"", ""指定緊急避難場所との住所同一"": ""1"", ""施設・場所名"": ""宇城市三角防災拠点センター"", ""経度"": ""130.478615935428"", ""緯度"": ""32.6131670142103""}]",reference/43000_1.csv,dd6686fa000c3e720180ba96d02aacff987aec1bba3c9bc69a5867fc0089d10d
2026-07-31,2026-07-31T01:44:34+09:00,26/07/31 01:44時点の避難所状況の一覧です。,2026-07-31T01:44+09:00,web:c49d287f125a11c54dcd,c49d287f125a11c54dcd,宇城市,不知火防災拠点センター,開設,true,やや混雑,,熊本県宇城市高良2273ー1,検索,,,,,https://portal.bousai.pref.kumamoto.jp/sp.html?p=evacuation%2Fshelter&l=15-0&ll=32.63819999999999%2C130.77610000000004&z=9&municipalityCd=430005,9eb79be16f012e6edb1681a597eafbaf364acbccd0870d606054ecb758676d93,"{""ルート検索"": ""検索"", ""住所"": ""熊本県宇城市高良2273ー1"", ""市町村"": ""宇城市"", ""混雑状況"": ""やや混雑"", ""避難所名"": ""不知火防災拠点センター"", ""開設状況"": ""開設""}",unmatched,fuzzy_below_threshold,0.865,0,,,,,,,,,,,[],,[],"[{""NO"": ""120"", ""その他市町村長が必要と認める事項"": """", ""住所"": ""熊本県宇城市不知火町高良2273-1"", ""備考"": """", ""共通ID"": ""E4321300039121"", ""受入対象者"": ""要配慮者"", ""指定緊急避難場所との住所同一"": ""1"", ""施設・場所名"": ""宇城市不知火防災拠点センター"", ""経度"": ""130.668192"", ""緯度"": ""32.646306""}]",reference/43000_1.csv,dd6686fa000c3e720180ba96d02aacff987aec1bba3c9bc69a5867fc0089d10d
2026-07-31,2026-07-31T01:44:34+09:00,26/07/31 01:44時点の避難所状況の一覧です。,2026-07-31T01:44+09:00,web:5c8aee7f9d598d2ba1cb,5c8aee7f9d598d2ba1cb,宇城市,小川防災拠点センター,開設,true,混雑,,熊本県宇城市小川町江頭100番地,検索,,,,,https://portal.bousai.pref.kumamoto.jp/sp.html?p=evacuation%2Fshelter&l=15-0&ll=32.63819999999999%2C130.77610000000004&z=9&municipalityCd=430005,b9fe28e8b5f8422c2b2de9b86565e9aeb61341fa8fb8272b053c09801f25400b,"{""ルート検索"": ""検索"", ""住所"": ""熊本県宇城市小川町江頭100番地"", ""市町村"": ""宇城市"", ""混雑状況"": ""混雑"", ""避難所名"": ""小川防災拠点センター"", ""開設状況"": ""開設""}",unmatched,fuzzy_below_threshold,0.883,0,,,,,,,,,,,[],,[],"[{""NO"": ""93"", ""その他市町村長が必要と認める事項"": """", ""住所"": ""熊本県宇城市小川町江頭100"", ""備考"": """", ""共通ID"": ""E4321300010111"", ""受入対象者"": """", ""指定緊急避難場所との住所同一"": ""1"", ""施設・場所名"": ""宇城市小川防災拠点センター"", ""経度"": ""130.704185991741"", ""緯度"": ""32.5925380992227""}]",reference/43000_1.csv,dd6686fa000c3e720180ba96d02aacff987aec1bba3c9bc69a5867fc0089d10d
2026-07-31,2026-07-31T01:44:34+09:00,26/07/31 01:44時点の避難所状況の一覧です。,2026-07-31T01:44+09:00,web:ba087cedee03e98df6c9,ba087cedee03e98df6c9,宇城市,小野部田小学校体育館,開設,true,平常,,宇城市小川町南小野1402,検索,,,,,https://portal.bousai.pref.kumamoto.jp/sp.html?p=evacuation%2Fshelter&l=15-0&ll=32.63819999999999%2C130.77610000000004&z=9&municipalityCd=430005,0fe676fa9eb9b3d1da9b097c28315a73f5eb5bc92865f4f579f8e1586dd3899b,"{""ルート検索"": ""検索"", ""住所"": ""宇城市小川町南小野1402"", ""市町村"": ""宇城市"", ""混雑状況"": ""平常"", ""避難所名"": ""小野部田小学校体育館"", ""開設状況"": ""開設""}",unmatched,fuzzy_below_threshold,0.863,0,,,,,,,,,,,[],,[],"[{""NO"": ""99"", ""その他市町村長が必要と認める事項"": """", ""住所"": ""熊本県宇城市小川町南小野1402"", ""備考"": """", ""共通ID"": ""E4321300016111"", ""受入対象者"": """", ""指定緊急避難場所との住所同一"": ""1"", ""施設・場所名"": ""宇城市立小野部田小学校体育館"", ""経度"": ""130.718762612847"", ""緯度"": ""32.6072179634021""}]",reference/43000_1.csv,dd6686fa000c3e720180ba96d02aacff987aec1bba3c9bc69a5867fc0089d10d
2026-07-31,2026-07-31T01:44:34+09:00,26/07/31 01:44時点の避難所状況の一覧です。,2026-07-31T01:44+09:00,web:87a410b68cfb404f6035,87a410b68cfb404f6035,宇城市,松橋東防災拠点センター,開設,true,混雑,,熊本県宇城市豊福1786番地,検索,,,,,https://portal.bousai.pref.kumamoto.jp/sp.html?p=evacuation%2Fshelter&l=15-0&ll=32.63819999999999%2C130.77610000000004&z=9&municipalityCd=430005,0922c06a1a96c69dd2f8333f8dfe6d4ad2ba9b10c647e7eb030f21f1ac8d530d,"{""ルート検索"": ""検索"", ""住所"": ""熊本県宇城市豊福1786番地"", ""市町村"": ""宇城市"", ""混雑状況"": ""混雑"", ""避難所名"": ""松橋東防災拠点センター"", ""開設状況"": ""開設""}",unmatched,fuzzy_below_threshold,0.867,0,,,,,,,,,,,[],,[],"[{""NO"": ""116"", ""その他市町村長が必要と認める事項"": """", ""住所"": ""熊本県宇城市松橋町豊福1786"", ""備考"": """", ""共通ID"": ""E4321300035121"", ""受入対象者"": ""要配慮者"", ""指定緊急避難場所との住所同一"": ""1"", ""施設・場所名"": ""宇城市松橋東防災拠点センター"", ""経度"": ""130.702563105949"", ""緯度"": ""32.6429174540355""}]",reference/43000_1.csv,dd6686fa000c3e720180ba96d02aacff987aec1bba3c9bc69a5867fc0089d10d
2026-07-31,2026-07-31T01:44:34+09:00,26/07/31 01:44時点の避難所状況の一覧です。,2026-07-31T01:44+09:00,web:38cdaae343f39d2a3d4e,38cdaae343f39d2a3d4e,宇城市,松橋西防災拠点センター,開設,true,やや混雑,,熊本県宇城市松橋町松橋564番地,検索,,,,,https://portal.bousai.pref.kumamoto.jp/sp.html?p=evacuation%2Fshelter&l=15-0&ll=32.63819999999999%2C130.77610000000004&z=9&municipalityCd=430005,32686a198aedf1dee0999585064471513d63b135c2d3c02a70d5e303dcc93416,"{""ルート検索"": ""検索"", ""住所"": ""熊本県宇城市松橋町松橋564番地"", ""市町村"": ""宇城市"", ""混雑状況"": ""やや混雑"", ""避難所名"": ""松橋西防災拠点センター"", ""開設状況"": ""開設""}",unmatched,fuzzy_below_threshold,0.878,0,,,,,,,,,,,[],,[],"[{""NO"": ""109"", ""その他市町村長が必要と認める事項"": """", ""住所"": ""熊本県宇城市松橋町松橋564-2"", ""備考"": """", ""共通ID"": ""E4321300028121"", ""受入対象者"": ""要配慮者"", ""指定緊急避難場所との住所同一"": ""1"", ""施設・場所名"": ""宇城市松橋西防災拠点センター"", ""経度"": ""130.678948359643"", ""緯度"": ""32.6514957274895""}]",reference/43000_1.csv,dd6686fa000c3e720180ba96d02aacff987aec1bba3c9bc69a5867fc0089d10d
2026-07-31,2026-07-31T01:44:34+09:00,26/07/31 01:44時点の避難所状況の一覧です。,2026-07-31T01:44+09:00,web:882450c424ff030d6cee,882450c424ff030d6cee,山都町,保健福祉センター千寿苑,開設,true,平常,,山都町千滝232,検索,,,,,https://portal.bousai.pref.kumamoto.jp/sp.html?p=evacuation%2Fshelter&l=15-0&ll=32.63819999999999%2C130.77610000000004&z=9&municipalityCd=430005,37b0357bfb09d3a3f129b1bd8ad3cafed0e74238f7437ba194f1072ad14d1741,"{""ルート検索"": ""検索"", ""住所"": ""山都町千滝232"", ""市町村"": ""山都町"", ""混雑状況"": ""平常"", ""避難所名"": ""保健福祉センター千寿苑"", ""開設状況"": ""開設""}",unmatched,fuzzy_below_threshold,0.925,0,,,,,,,,,,,[],,[],"[{""NO"": ""783"", ""その他市町村長が必要と認める事項"": """", ""住所"": ""熊本県山都町千滝232"", ""備考"": """", ""共通ID"": ""E4344700034121"", ""受入対象者"": ""災害対策基本法第49条の10第1項に規定する者"", ""指定緊急避難場所との住所同一"": ""1"", ""施設・場所名"": ""矢部保健福祉センター千寿苑"", ""経度"": ""130.98571161376"", ""緯度"": ""32.679611963699""}]",reference/43000_1.csv,dd6686fa000c3e720180ba96d02aacff987aec1bba3c9bc69a5867fc0089d10d
2026-07-31,2026-07-31T01:44:34+09:00,26/07/31 01:44時点の避難所状況の一覧です。,2026-07-31T01:44+09:00,web:b7ba4e53444d233613b7,b7ba4e53444d233613b7,水俣市,水俣高校体育館,開設,true,平常,,水俣市洗切町11-1,検索,,,,,https://portal.bousai.pref.kumamoto.jp/sp.html?p=evacuation%2Fshelter&l=15-0&ll=32.63819999999999%2C130.77610000000004&z=9&municipalityCd=430005,fe42a9ac72a524b645226124c506e5c9cb91e0ddf344711143e119f90105b87d,"{""ルート検索"": ""検索"", ""住所"": ""水俣市洗切町11-1"", ""市町村"": ""水俣市"", ""混雑状況"": ""平常"", ""避難所名"": ""水俣高校体育館"", ""開設状況"": ""開設""}",unmatched,no_candidate,,0,,,,,,,,,,,[],,[],[],reference/43000_1.csv,dd6686fa000c3e720180ba96d02aacff987aec1bba3c9bc69a5867fc0089d10d
2026-07-31,2026-07-31T01:44:34+09:00,26/07/31 01:44時点の避難所状況の一覧です。,2026-07-31T01:44+09:00,web:a860a0f5fdcf3155c69b,a860a0f5fdcf3155c69b,水俣市,水東小学校多目的ホール,開設,true,平常,,水俣市初野55,検索,,,,,https://portal.bousai.pref.kumamoto.jp/sp.html?p=evacuation%2Fshelter&l=15-0&ll=32.63819999999999%2C130.77610000000004&z=9&municipalityCd=430005,9137f63cc2ce6d72a72fe496d33cbd25e68c5aec717df841a39ba90ea3705e10,"{""ルート検索"": ""検索"", ""住所"": ""水俣市初野55"", ""市町村"": ""水俣市"", ""混雑状況"": ""平常"", ""避難所名"": ""水東小学校多目的ホール"", ""開設状況"": ""開設""}",unmatched,no_candidate,,0,,,,,,,,,,,[],,[],[],reference/43000_1.csv,dd6686fa000c3e720180ba96d02aacff987aec1bba3c9bc69a5867fc0089d10d
2026-07-31,2026-07-31T01:44:34+09:00,26/07/31 01:44時点の避難所状況の一覧です。,2026-07-31T01:44+09:00,web:f6e4a028533f3a2450c1,f6e4a028533f3a2450c1,水俣市,第二小学校多目的ホール,開設,true,平常,,水俣市栄町1-2-1,検索,,,,,https://portal.bousai.pref.kumamoto.jp/sp.html?p=evacuation%2Fshelter&l=15-0&ll=32.63819999999999%2C130.77610000000004&z=9&municipalityCd=430005,1d484deb50268bc68933f2daae4678ad99aa01c03b103298a455824086239849,"{""ルート検索"": ""検索"", ""住所"": ""水俣市栄町1-2-1"", ""市町村"": ""水俣市"", ""混雑状況"": ""平常"", ""避難所名"": ""第二小学校多目的ホール"", ""開設状況"": ""開設""}",unmatched,no_candidate,,0,,,,,,,,,,,[],,[],[],reference/43000_1.csv,dd6686fa000c3e720180ba96d02aacff987aec1bba3c9bc69a5867fc0089d10d
2026-07-31,2026-07-31T01:44:34+09:00,26/07/31 01:44時点の避難所状況の一覧です。,2026-07-31T01:44+09:00,web:1a33df0f5bb6c7324ed0,1a33df0f5bb6c7324ed0,氷川町,氷川町公民館・宮原公民館,開設,true,平常,,氷川町宮原690-2,検索,,,,,https://portal.bousai.pref.kumamoto.jp/sp.html?p=evacuation%2Fshelter&l=15-0&ll=32.63819999999999%2C130.77610000000004&z=9&municipalityCd=430005,ef2f85eb444d45ed2e7855ef3c248ba2605a3e8e8c1551ceb22b4136867b19e0,"{""ルート検索"": ""検索"", ""住所"": ""氷川町宮原690-2"", ""市町村"": ""氷川町"", ""混雑状況"": ""平常"", ""避難所名"": ""氷川町公民館・宮原公民館"", ""開設状況"": ""開設""}",unmatched,fuzzy_below_threshold,0.851,0,,,,,,,,,,,[],,[],"[{""NO"": ""1270"", ""その他市町村長が必要と認める事項"": """", ""住所"": ""熊本県氷川町宮原690-2"", ""備考"": """", ""共通ID"": ""E4346800001111"", ""受入対象者"": """", ""指定緊急避難場所との住所同一"": ""1"", ""施設・場所名"": ""氷川町公民館・宮原体育館"", ""経度"": ""130.67945191464"", ""緯度"": ""32.553973666736""}]",reference/43000_1.csv,dd6686fa000c3e720180ba96d02aacff987aec1bba3c9bc69a5867fc0089d10d
2026-07-31,2026-07-31T01:44:34+09:00,26/07/31 01:44時点の避難所状況の一覧です。,2026-07-31T01:44+09:00,web:92ac15ea64f21af2c9fa,92ac15ea64f21af2c9fa,熊本市,九州動物学院【ペット避難場所】,開設,true,不明,,熊本県熊本市中央区本荘6丁目16-34,検索,,,,,https://portal.bousai.pref.kumamoto.jp/sp.html?p=evacuation%2Fshelter&l=15-0&ll=32.63819999999999%2C130.77610000000004&z=9&municipalityCd=430005,54d30bbe8300f1d7f206dd611b812d3e4db7f13b63640163e98cdbe88e5e0223,"{""ルート検索"": ""検索"", ""住所"": ""熊本県熊本市中央区本荘6丁目16-34"", ""市町村"": ""熊本市"", ""混雑状況"": ""不明"", ""避難所名"": ""九州動物学院【ペット避難場所】"", ""開設状況"": ""開設""}",unmatched,no_candidate,,0,,,,,,,,,,,[],,[],[],reference/43000_1.csv,dd6686fa000c3e720180ba96d02aacff987aec1bba3c9bc69a5867fc0089d10d
2026-07-31,2026-07-31T01:44:34+09:00,26/07/31 01:44時点の避難所状況の一覧です。,2026-07-31T01:44+09:00,web:0eec9dba2b46c492c406,0eec9dba2b46c492c406,熊本市,東海大学熊本キャンパス・付属熊本星翔高等学校,開設,true,不明,,熊本県熊本市東区渡鹿9丁目1-1,検索,,,,,https://portal.bousai.pref.kumamoto.jp/sp.html?p=evacuation%2Fshelter&l=15-0&ll=32.63819999999999%2C130.77610000000004&z=9&municipalityCd=430005,64b6f117baa6c0ad221329e98d4f791e1b110c91dec2ba4fc371d6e5c4097523,"{""ルート検索"": ""検索"", ""住所"": ""熊本県熊本市東区渡鹿9丁目1-1"", ""市町村"": ""熊本市"", ""混雑状況"": ""不明"", ""避難所名"": ""東海大学熊本キャンパス・付属熊本星翔高等学校"", ""開設状況"": ""開設""}",unmatched,no_candidate,,0,,,,,,,,,,,[],,[],[],reference/43000_1.csv,dd6686fa000c3e720180ba96d02aacff987aec1bba3c9bc69a5867fc0089d10d
2026-07-31,2026-07-31T01:44:34+09:00,26/07/31 01:44時点の避難所状況の一覧です。,2026-07-31T01:44+09:00,web:a8686c9b3a353a1462ae,a8686c9b3a353a1462ae,熊本市,水前寺競技場【ペット避難場所】,開設,true,不明,,熊本市中央区水前寺5-23-3,検索,,,,,https://portal.bousai.pref.kumamoto.jp/sp.html?p=evacuation%2Fshelter&l=15-0&ll=32.63819999999999%2C130.77610000000004&z=9&municipalityCd=430005,663108aacb8611c9db252fd84716b87820c184d567f55e71ed62e2b88a201a0e,"{""ルート検索"": ""検索"", ""住所"": ""熊本市中央区水前寺5-23-3"", ""市町村"": ""熊本市"", ""混雑状況"": ""不明"", ""避難所名"": ""水前寺競技場【ペット避難場所】"", ""開設状況"": ""開設""}",unmatched,no_candidate,,0,,,,,,,,,,,[],,[],[],reference/43000_1.csv,dd6686fa000c3e720180ba96d02aacff987aec1bba3c9bc69a5867fc0089d10d
2026-07-31,2026-07-31T01:44:34+09:00,26/07/31 01:44時点の避難所状況の一覧です。,2026-07-31T01:44+09:00,web:68ebba8ceae244e886a8,68ebba8ceae244e886a8,熊本市,済々黌高校,開設,true,不明,,熊本県熊本市中央区黒髪2丁目22-1,検索,,,,,https://portal.bousai.pref.kumamoto.jp/sp.html?p=evacuation%2Fshelter&l=15-0&ll=32.63819999999999%2C130.77610000000004&z=9&municipalityCd=430005,0b0c61a439cabc260c17fc838212353a657182618df28cce355a6731ffe28f07,"{""ルート検索"": ""検索"", ""住所"": ""熊本県熊本市中央区黒髪2丁目22-1"", ""市町村"": ""熊本市"", ""混雑状況"": ""不明"", ""避難所名"": ""済々黌高校"", ""開設状況"": ""開設""}",unmatched,no_candidate,,0,,,,,,,,,,,[],,[],[],reference/43000_1.csv,dd6686fa000c3e720180ba96d02aacff987aec1bba3c9bc69a5867fc0089d10d
2026-07-31,2026-07-31T01:44:34+09:00,26/07/31 01:44時点の避難所状況の一覧です。,2026-07-31T01:44+09:00,web:ea37c810630367993fe2,ea37c810630367993fe2,熊本市,熊本刑務所,開設,true,不明,,熊本県熊本市中央区渡鹿7丁目12ー1,検索,,,,,https://portal.bousai.pref.kumamoto.jp/sp.html?p=evacuation%2Fshelter&l=15-0&ll=32.63819999999999%2C130.77610000000004&z=9&municipalityCd=430005,a1919a25ddd454b387cdea2a090925c5833d4d4a7eec19f75ed2fd76ddd3d451,"{""ルート検索"": ""検索"", ""住所"": ""熊本県熊本市中央区渡鹿7丁目12ー1"", ""市町村"": ""熊本市"", ""混雑状況"": ""不明"", ""避難所名"": ""熊本刑務所"", ""開設状況"": ""開設""}",unmatched,no_candidate,,0,,,,,,,,,,,[],,[],[],reference/43000_1.csv,dd6686fa000c3e720180ba96d02aacff987aec1bba3c9bc69a5867fc0089d10d
2026-07-31,2026-07-31T01:44:34+09:00,26/07/31 01:44時点の避難所状況の一覧です。,2026-07-31T01:44+09:00,web:89e66c21ccc929c79f19,89e66c21ccc929c79f19,熊本市,熊本北高校,開設,true,不明,,熊本市北区兎谷3丁目5-1,検索,,,,,https://portal.bousai.pref.kumamoto.jp/sp.html?p=evacuation%2Fshelter&l=15-0&ll=32.63819999999999%2C130.77610000000004&z=9&municipalityCd=430005,0ea47f685663995b0dab8c2e9c44535f6850e11e04fe272c41cd0d93f1bae8a5,"{""ルート検索"": ""検索"", ""住所"": ""熊本市北区兎谷3丁目5-1"", ""市町村"": ""熊本市"", ""混雑状況"": ""不明"", ""避難所名"": ""熊本北高校"", ""開設状況"": ""開設""}",unmatched,no_candidate,,0,,,,,,,,,,,[],,[],[],reference/43000_1.csv,dd6686fa000c3e720180ba96d02aacff987aec1bba3c9bc69a5867fc0089d10d
2026-07-31,2026-07-31T01:44:34+09:00,26/07/31 01:44時点の避難所状況の一覧です。,2026-07-31T01:44+09:00,web:9db5a91275ae29313c40,9db5a91275ae29313c40,熊本市,熊本商業高校,開設,true,不明,,熊本県熊本市中央区神水1丁目1-2,検索,,,,,https://portal.bousai.pref.kumamoto.jp/sp.html?p=evacuation%2Fshelter&l=15-0&ll=32.63819999999999%2C130.77610000000004&z=9&municipalityCd=430005,214c0154aea6c17cc1640d6b8689f1771f8c5899572e7c7c947122bb8d93b32f,"{""ルート検索"": ""検索"", ""住所"": ""熊本県熊本市中央区神水1丁目1-2"", ""市町村"": ""熊本市"", ""混雑状況"": ""不明"", ""避難所名"": ""熊本商業高校"", ""開設状況"": ""開設""}",unmatched,no_candidate,,0,,,,,,,,,,,[],,[],[],reference/43000_1.csv,dd6686fa000c3e720180ba96d02aacff987aec1bba3c9bc69a5867fc0089d10d
2026-07-31,2026-07-31T01:44:34+09:00,26/07/31 01:44時点の避難所状況の一覧です。,2026-07-31T01:44+09:00,web:e058f968109ebad6cc37,e058f968109ebad6cc37,熊本市,熊本大学大江体育館,開設,true,不明,,熊本県熊本市中央区大江本町5-1,検索,,,,,https://portal.bousai.pref.kumamoto.jp/sp.html?p=evacuation%2Fshelter&l=15-0&ll=32.63819999999999%2C130.77610000000004&z=9&municipalityCd=430005,46f19617f1ee06d0405f89adec46c3f8a457c24ec9a9efb60836acae9f9456e3,"{""ルート検索"": ""検索"", ""住所"": ""熊本県熊本市中央区大江本町5-1"", ""市町村"": ""熊本市"", ""混雑状況"": ""不明"", ""避難所名"": ""熊本大学大江体育館"", ""開設状況"": ""開設""}",unmatched,no_candidate,,0,,,,,,,,,,,[],,[],[],reference/43000_1.csv,dd6686fa000c3e720180ba96d02aacff987aec1bba3c9bc69a5867fc0089d10d
2026-07-31,2026-07-31T01:44:34+09:00,26/07/31 01:44時点の避難所状況の一覧です。,2026-07-31T01:44+09:00,web:e1a7830548efc400ddea,e1a7830548efc400ddea,熊本市,熊本大学本荘体育館,開設,true,不明,,熊本県熊本市中央区九品寺4丁目24番1号,検索,,,,,https://portal.bousai.pref.kumamoto.jp/sp.html?p=evacuation%2Fshelter&l=15-0&ll=32.63819999999999%2C130.77610000000004&z=9&municipalityCd=430005,695f83a3a99a3cd99d97a541b41d9cfd3f88052b7a865026ac1ebac29fc31fb6,"{""ルート検索"": ""検索"", ""住所"": ""熊本県熊本市中央区九品寺4丁目24番1号"", ""市町村"": ""熊本市"", ""混雑状況"": ""不明"", ""避難所名"": ""熊本大学本荘体育館"", ""開設状況"": ""開設""}",unmatched,no_candidate,,0,,,,,,,,,,,[],,[],[],reference/43000_1.csv,dd6686fa000c3e720180ba96d02aacff987aec1bba3c9bc69a5867fc0089d10d
2026-07-31,2026-07-31T01:44:34+09:00,26/07/31 01:44時点の避難所状況の一覧です。,2026-07-31T01:44+09:00,web:94a671499e0adc80a9c5,94a671499e0adc80a9c5,熊本市,熊本学園大学,開設,true,不明,,熊本県熊本市中央区大江2丁目5-1,検索,,,,,https://portal.bousai.pref.kumamoto.jp/sp.html?p=evacuation%2Fshelter&l=15-0&ll=32.63819999999999%2C130.77610000000004&z=9&municipalityCd=430005,0d8d2ee67896a13994b68831f0fd241ad11be6034210ab649b934fdc42c79d31,"{""ルート検索"": ""検索"", ""住所"": ""熊本県熊本市中央区大江2丁目5-1"", ""市町村"": ""熊本市"", ""混雑状況"": ""不明"", ""避難所名"": ""熊本学園大学"", ""開設状況"": ""開設""}",unmatched,no_candidate,,0,,,,,,,,,,,[],,[],[],reference/43000_1.csv,dd6686fa000c3e720180ba96d02aacff987aec1bba3c9bc69a5867fc0089d10d
2026-07-31,2026-07-31T01:44:34+09:00,26/07/31 01:44時点の避難所状況の一覧です。,2026-07-31T01:44+09:00,web:d54cb7159e4318be2070,d54cb7159e4318be2070,熊本市,熊本工業高校,開設,true,不明,,熊本県熊本市中央区上京塚町5-1,検索,,,,,https://portal.bousai.pref.kumamoto.jp/sp.html?p=evacuation%2Fshelter&l=15-0&ll=32.63819999999999%2C130.77610000000004&z=9&municipalityCd=430005,079667ec1b0ac12a512898861e95be90cbca5c764e571aa96b84745a93e324bc,"{""ルート検索"": ""検索"", ""住所"": ""熊本県熊本市中央区上京塚町5-1"", ""市町村"": ""熊本市"", ""混雑状況"": ""不明"", ""避難所名"": ""熊本工業高校"", ""開設状況"": ""開設""}",unmatched,no_candidate,,0,,,,,,,,,,,[],,[],[],reference/43000_1.csv,dd6686fa000c3e720180ba96d02aacff987aec1bba3c9bc69a5867fc0089d10d
2026-07-31,2026-07-31T01:44:34+09:00,26/07/31 01:44時点の避難所状況の一覧です。,2026-07-31T01:44+09:00,web:d0c8a16c421a63c43297,d0c8a16c421a63c43297,熊本市,熊本武道館,開設,true,不明,,熊本県熊本市中央区水前寺5丁目23ー2,検索,,,,,https://portal.bousai.pref.kumamoto.jp/sp.html?p=evacuation%2Fshelter&l=15-0&ll=32.63819999999999%2C130.77610000000004&z=9&municipalityCd=430005,ff96987c2be24dd8268964f76d1e53cef0699dea3d8fb9303ff829587adee209,"{""ルート検索"": ""検索"", ""住所"": ""熊本県熊本市中央区水前寺5丁目23ー2"", ""市町村"": ""熊本市"", ""混雑状況"": ""不明"", ""避難所名"": ""熊本武道館"", ""開設状況"": ""開設""}",unmatched,no_candidate,,0,,,,,,,,,,,[],,[],[],reference/43000_1.csv,dd6686fa000c3e720180ba96d02aacff987aec1bba3c9bc69a5867fc0089d10d
2026-07-31,2026-07-31T01:44:34+09:00,26/07/31 01:44時点の避難所状況の一覧です。,2026-07-31T01:44+09:00,web:271878f9cb57268137a0,271878f9cb57268137a0,熊本市,熊本県立大学,開設,true,不明,,熊本市東区月出3丁目1-100,検索,,,,,https://portal.bousai.pref.kumamoto.jp/sp.html?p=evacuation%2Fshelter&l=15-0&ll=32.63819999999999%2C130.77610000000004&z=9&municipalityCd=430005,cdfb2bd4520a479415ea11491cbd4eb23608f1b8fd706ce996e0337a4e243007,"{""ルート検索"": ""検索"", ""住所"": ""熊本市東区月出3丁目1-100"", ""市町村"": ""熊本市"", ""混雑状況"": ""不明"", ""避難所名"": ""熊本県立大学"", ""開設状況"": ""開設""}",unmatched,no_candidate,,0,,,,,,,,,,,[],,[],[],reference/43000_1.csv,dd6686fa000c3e720180ba96d02aacff987aec1bba3c9bc69a5867fc0089d10d
2026-07-31,2026-07-31T01:44:34+09:00,26/07/31 01:44時点の避難所状況の一覧です。,2026-07-31T01:44+09:00,web:7d8be1d34b09c1571fcf,7d8be1d34b09c1571fcf,熊本市,熊本県立総合体育館,開設,true,不明,,熊本県熊本市西区上熊本1丁目9-28,検索,,,,,https://portal.bousai.pref.kumamoto.jp/sp.html?p=evacuation%2Fshelter&l=15-0&ll=32.63819999999999%2C130.77610000000004&z=9&municipalityCd=430005,c10d5e934619ba92a3b85b047ebd6675ee6a52cf2be2b585d3d9176789902afd,"{""ルート検索"": ""検索"", ""住所"": ""熊本県熊本市西区上熊本1丁目9-28"", ""市町村"": ""熊本市"", ""混雑状況"": ""不明"", ""避難所名"": ""熊本県立総合体育館"", ""開設状況"": ""開設""}",unmatched,no_candidate,,0,,,,,,,,,,,[],,[],[],reference/43000_1.csv,dd6686fa000c3e720180ba96d02aacff987aec1bba3c9bc69a5867fc0089d10d
2026-07-31,2026-07-31T01:44:34+09:00,26/07/31 01:44時点の避難所状況の一覧です。,2026-07-31T01:44+09:00,web:0d414b9d9107783208a9,0d414b9d9107783208a9,熊本市,熊本西高校,開設,true,不明,,熊本市西区城山大塘5丁目5-15,検索,,,,,https://portal.bousai.pref.kumamoto.jp/sp.html?p=evacuation%2Fshelter&l=15-0&ll=32.63819999999999%2C130.77610000000004&z=9&municipalityCd=430005,6c97e578e7bfce4e9279390d3d70cff8f3dd04106c0d297f2e9aaab88b4e897d,"{""ルート検索"": ""検索"", ""住所"": ""熊本市西区城山大塘5丁目5-15"", ""市町村"": ""熊本市"", ""混雑状況"": ""不明"", ""避難所名"": ""熊本西高校"", ""開設状況"": ""開設""}",unmatched,no_candidate,,0,,,,,,,,,,,[],,[],[],reference/43000_1.csv,dd6686fa000c3e720180ba96d02aacff987aec1bba3c9bc69a5867fc0089d10d
2026-07-31,2026-07-31T01:44:34+09:00,26/07/31 01:44時点の避難所状況の一覧です。,2026-07-31T01:44+09:00,web:37ecdf0ff34eabd36f40,37ecdf0ff34eabd36f40,熊本市,第二高校,開設,true,不明,,熊本市東区東町3丁目13-1,検索,,,,,https://portal.bousai.pref.kumamoto.jp/sp.html?p=evacuation%2Fshelter&l=15-0&ll=32.63819999999999%2C130.77610000000004&z=9&municipalityCd=430005,93d41c4720f9a6369241c9b8f6dc1d312da3f083bf1a81b1f543d11ff1b986f3,"{""ルート検索"": ""検索"", ""住所"": ""熊本市東区東町3丁目13-1"", ""市町村"": ""熊本市"", ""混雑状況"": ""不明"", ""避難所名"": ""第二高校"", ""開設状況"": ""開設""}",unmatched,no_candidate,,0,,,,,,,,,,,[],,[],[],reference/43000_1.csv,dd6686fa000c3e720180ba96d02aacff987aec1bba3c9bc69a5867fc0089d10d
2026-07-31,2026-07-31T01:44:34+09:00,26/07/31 01:44時点の避難所状況の一覧です。,2026-07-31T01:44+09:00,web:358b261636aac271b1ce,358b261636aac271b1ce,熊本市,西部環境工場,開設,true,不明,,熊本県熊本市西区城山薬師2丁目12-1,検索,,,,,https://portal.bousai.pref.kumamoto.jp/sp.html?p=evacuation%2Fshelter&l=15-0&ll=32.63819999999999%2C130.77610000000004&z=9&municipalityCd=430005,f36dce5193683c8b93c7eda99a70efd7ac8c6310f085be51e7b69ff817fcc60c,"{""ルート検索"": ""検索"", ""住所"": ""熊本県熊本市西区城山薬師2丁目12-1"", ""市町村"": ""熊本市"", ""混雑状況"": ""不明"", ""避難所名"": ""西部環境工場"", ""開設状況"": ""開設""}",unmatched,no_candidate,,0,,,,,,,,,,,[],,[],[],reference/43000_1.csv,dd6686fa000c3e720180ba96d02aacff987aec1bba3c9bc69a5867fc0089d10d
2026-07-31,2026-07-31T01:44:34+09:00,26/07/31 01:44時点の避難所状況の一覧です。,2026-07-31T01:44+09:00,web:d5a14b498c66f011dfe0,d5a14b498c66f011dfe0,熊本市,錦ヶ丘中学校,開設,true,不明,,熊本県熊本市東区錦ヶ丘22-1,検索,,,,,https://portal.bousai.pref.kumamoto.jp/sp.html?p=evacuation%2Fshelter&l=15-0&ll=32.63819999999999%2C130.77610000000004&z=9&municipalityCd=430005,bb7911e0a16891696723c2674abb3426d47dcddf4a5257de88999c5b9526bd40,"{""ルート検索"": ""検索"", ""住所"": ""熊本県熊本市東区錦ヶ丘22-1"", ""市町村"": ""熊本市"", ""混雑状況"": ""不明"", ""避難所名"": ""錦ヶ丘中学校"", ""開設状況"": ""開設""}",unmatched,fuzzy_below_threshold,0.848,0,,,,,,,,,,,[],,[],"[{""NO"": ""458"", ""その他市町村長が必要と認める事項"": """", ""住所"": ""熊本県熊本市東区錦ケ丘22-1"", ""備考"": """", ""共通ID"": ""E4310000121111"", ""受入対象者"": """", ""指定緊急避難場所との住所同一"": ""1"", ""施設・場所名"": ""錦ケ丘中学校"", ""経度"": ""130.75707795504"", ""緯度"": ""32.790850283483""}]",reference/43000_1.csv,dd6686fa000c3e720180ba96d02aacff987aec1bba3c9bc69a5867fc0089d10d
2026-07-31,2026-07-31T01:44:34+09:00,26/07/31 01:44時点の避難所状況の一覧です。,2026-07-31T01:44+09:00,web:05f304ae849ce5e5df0e,05f304ae849ce5e5df0e,甲佐町,甲佐町総合保健福祉センター(鮎緑),開設,true,平常,,甲佐町豊内619,検索,,,,,https://portal.bousai.pref.kumamoto.jp/sp.html?p=evacuation%2Fshelter&l=15-0&ll=32.63819999999999%2C130.77610000000004&z=9&municipalityCd=430005,72990314b5c73a718e0b2263a3426d317078cfe7745ef70a90e6fc4c171a5fb5,"{""ルート検索"": ""検索"", ""住所"": ""甲佐町豊内619"", ""市町村"": ""甲佐町"", ""混雑状況"": ""平常"", ""避難所名"": ""甲佐町総合保健福祉センター(鮎緑)"", ""開設状況"": ""開設""}",unmatched,no_candidate,,0,,,,,,,,,,,[],,[],[],reference/43000_1.csv,dd6686fa000c3e720180ba96d02aacff987aec1bba3c9bc69a5867fc0089d10d
2026-07-31,2026-07-31T01:44:34+09:00,26/07/31 01:44時点の避難所状況の一覧です。,2026-07-31T01:44+09:00,web:fca9bef15fe293a50d8c,fca9bef15fe293a50d8c,甲佐町,甲佐町農業研修センター(ろくじ館),開設,true,平常,,熊本県上益城郡甲佐町豊内719-2,検索,,,,,https://portal.bousai.pref.kumamoto.jp/sp.html?p=evacuation%2Fshelter&l=15-0&ll=32.63819999999999%2C130.77610000000004&z=9&municipalityCd=430005,b906d7733c02fd9ff2aa277e49043436bb1e2d242aada1c1daf96551ff9530aa,"{""ルート検索"": ""検索"", ""住所"": ""熊本県上益城郡甲佐町豊内719-2"", ""市町村"": ""甲佐町"", ""混雑状況"": ""平常"", ""避難所名"": ""甲佐町農業研修センター(ろくじ館)"", ""開設状況"": ""開設""}",unmatched,no_candidate,,0,,,,,,,,,,,[],,[],[],reference/43000_1.csv,dd6686fa000c3e720180ba96d02aacff987aec1bba3c9bc69a5867fc0089d10d
2026-07-31,2026-07-31T01:44:34+09:00,26/07/31 01:44時点の避難所状況の一覧です。,2026-07-31T01:44+09:00,web:064fdd1deeb7e38c7d57,064fdd1deeb7e38c7d57,甲佐町,船津地区河川防災ステーション,開設,true,不明,,熊本県上益城郡甲佐町有安771-62,検索,,,,,https://portal.bousai.pref.kumamoto.jp/sp.html?p=evacuation%2Fshelter&l=15-0&ll=32.63819999999999%2C130.77610000000004&z=9&municipalityCd=430005,5148f65e8aa0a2a6d04043faddd420560c7973a9f72f9358e6204baae06edc09,"{""ルート検索"": ""検索"", ""住所"": ""熊本県上益城郡甲佐町有安771-62"", ""市町村"": ""甲佐町"", ""混雑状況"": ""不明"", ""避難所名"": ""船津地区河川防災ステーション"", ""開設状況"": ""開設""}",unmatched,no_candidate,,0,,,,,,,,,,,[],,[],[],reference/43000_1.csv,dd6686fa000c3e720180ba96d02aacff987aec1bba3c9bc69a5867fc0089d10d
2026-07-31,2026-07-31T01:44:34+09:00,26/07/31 01:44時点の避難所状況の一覧です。,2026-07-31T01:44+09:00,web:31a1d8bf51dfa60ccbaf,31a1d8bf51dfa60ccbaf,菊池市,旭志公民館,開設,true,平常,,菊池市旭志小原241,検索,,,,,https://portal.bousai.pref.kumamoto.jp/sp.html?p=evacuation%2Fshelter&l=15-0&ll=32.63819999999999%2C130.77610000000004&z=9&municipalityCd=430005,7d864098e565c39f91e9648299004db0db01c1b62087b5e26275882d22400853,"{""ルート検索"": ""検索"", ""住所"": ""菊池市旭志小原241"", ""市町村"": ""菊池市"", ""混雑状況"": ""平常"", ""避難所名"": ""旭志公民館"", ""開設状況"": ""開設""}",unmatched,no_candidate,,0,,,,,,,,,,,[],,[],[],reference/43000_1.csv,dd6686fa000c3e720180ba96d02aacff987aec1bba3c9bc69a5867fc0089d10d
2026-07-31,2026-07-31T01:44:34+09:00,26/07/31 01:44時点の避難所状況の一覧です。,2026-07-31T01:44+09:00,web:800711b2a96d7aa91b26,800711b2a96d7aa91b26,菊池市,菊池市生涯学習センター,開設,true,平常,,菊池市隈府872,検索,,,,,https://portal.bousai.pref.kumamoto.jp/sp.html?p=evacuation%2Fshelter&l=15-0&ll=32.63819999999999%2C130.77610000000004&z=9&municipalityCd=430005,d7d0a9bfeb6181067112ebfb6ee309a0468720b53c6e254faeccf6ebe163cb20,"{""ルート検索"": ""検索"", ""住所"": ""菊池市隈府872"", ""市町村"": ""菊池市"", ""混雑状況"": ""平常"", ""避難所名"": ""菊池市生涯学習センター"", ""開設状況"": ""開設""}",unmatched,no_candidate,,0,,,,,,,,,,,[],,[],[],reference/43000_1.csv,dd6686fa000c3e720180ba96d02aacff987aec1bba3c9bc69a5867fc0089d10d
